dateTime,CAPE
2024-01-01 00:00:00,0
2024-01-01 01:00:00,0
2024-01-01 02:00:00,0
2024-01-01 03:00:00,0
2024-01-01 04:00:00,0
2024-01-01 05:00:00,0
2024-01-01 06:00:00,0
2024-01-01 07:00:00,0
2024-01-01 08:00:00,0
2024-01-01 09:00:00,0
2024-01-01 10:00:00,0
2024-01-01 11:00:00,0
2024-01-01 12:00:00,0
2024-01-01 13:00:00,0
2024-01-01 14:00:00,0
2024-01-01 15:00:00,0
2024-01-01 16:00:00,0
2024-01-01 17:00:00,0
2024-01-01 18:00:00,0
2024-01-01 19:00:00,0
2024-01-01 20:00:00,0
2024-01-01 21:00:00,0
2024-01-01 22:00:00,0
2024-01-01 23:00:00,0
2024-01-02 00:00:00,0
2024-01-02 01:00:00,0
2024-01-02 02:00:00,0
2024-01-02 03:00:00,0
2024-01-02 04:00:00,0
2024-01-02 05:00:00,0
2024-01-02 06:00:00,0
2024-01-02 07:00:00,0
2024-01-02 08:00:00,0
2024-01-02 09:00:00,0
2024-01-02 10:00:00,0
2024-01-02 11:00:00,0
2024-01-02 12:00:00,0
2024-01-02 13:00:00,0
2024-01-02 14:00:00,0
2024-01-02 15:00:00,0
2024-01-02 16:00:00,0
2024-01-02 17:00:00,0
2024-01-02 18:00:00,0
2024-01-02 19:00:00,0
2024-01-02 20:00:00,0
2024-01-02 21:00:00,0
2024-01-02 22:00:00,0
2024-01-02 23:00:00,0
2024-01-03 00:00:00,0
2024-01-03 01:00:00,0
2024-01-03 02:00:00,0
2024-01-03 03:00:00,0
2024-01-03 04:00:00,0
2024-01-03 05:00:00,0
2024-01-03 06:00:00,0
2024-01-03 07:00:00,0
2024-01-03 08:00:00,0
2024-01-03 09:00:00,0
2024-01-03 10:00:00,0
2024-01-03 11:00:00,0
2024-01-03 12:00:00,0
2024-01-03 13:00:00,0
2024-01-03 14:00:00,0
2024-01-03 15:00:00,0
2024-01-03 16:00:00,0
2024-01-03 17:00:00,0
2024-01-03 18:00:00,0
2024-01-03 19:00:00,0
2024-01-03 20:00:00,0
2024-01-03 21:00:00,0
2024-01-03 22:00:00,0
2024-01-03 23:00:00,0
2024-01-04 00:00:00,0
2024-01-04 01:00:00,0
2024-01-04 02:00:00,0
2024-01-04 03:00:00,0
2024-01-04 04:00:00,0
2024-01-04 05:00:00,0
2024-01-04 06:00:00,0
2024-01-04 07:00:00,0
2024-01-04 08:00:00,0
2024-01-04 09:00:00,0
2024-01-04 10:00:00,0
2024-01-04 11:00:00,0
2024-01-04 12:00:00,0
2024-01-04 13:00:00,0
2024-01-04 14:00:00,0
2024-01-04 15:00:00,0
2024-01-04 16:00:00,0
2024-01-04 17:00:00,0
2024-01-04 18:00:00,0
2024-01-04 19:00:00,0
2024-01-04 20:00:00,0
2024-01-04 21:00:00,0
2024-01-04 22:00:00,0
2024-01-04 23:00:00,0
2024-01-05 00:00:00,0
2024-01-05 01:00:00,0
2024-01-05 02:00:00,0
2024-01-05 03:00:00,0
2024-01-05 04:00:00,0
2024-01-05 05:00:00,0
2024-01-05 06:00:00,0
2024-01-05 07:00:00,0
2024-01-05 08:00:00,0
2024-01-05 09:00:00,0
2024-01-05 10:00:00,0
2024-01-05 11:00:00,0
2024-01-05 12:00:00,0
2024-01-05 13:00:00,0
2024-01-05 14:00:00,0
2024-01-05 15:00:00,0
2024-01-05 16:00:00,0
2024-01-05 17:00:00,0
2024-01-05 18:00:00,0
2024-01-05 19:00:00,2.059999942779541
2024-01-05 20:00:00,4.110000133514404
2024-01-05 21:00:00,6.170000076293945
2024-01-05 22:00:00,17.18000030517578
2024-01-05 23:00:00,28.190000534057617
2024-01-06 00:00:00,39.20000076293945
2024-01-06 01:00:00,31.850000381469727
2024-01-06 02:00:00,24.489999771118164
2024-01-06 03:00:00,17.1299991607666
2024-01-06 04:00:00,12.4399995803833
2024-01-06 05:00:00,7.739999771118164
2024-01-06 06:00:00,3.0399999618530273
2024-01-06 07:00:00,3.130000114440918
2024-01-06 08:00:00,3.2200000286102295
2024-01-06 09:00:00,3.309999942779541
2024-01-06 10:00:00,2.200000047683716
2024-01-06 11:00:00,1.100000023841858
2024-01-06 12:00:00,0
2024-01-06 13:00:00,0
2024-01-06 14:00:00,0
2024-01-06 15:00:00,0
2024-01-06 16:00:00,0
2024-01-06 17:00:00,0
2024-01-06 18:00:00,0
2024-01-06 19:00:00,0
2024-01-06 20:00:00,0
2024-01-06 21:00:00,0
2024-01-06 22:00:00,0
2024-01-06 23:00:00,0
2024-01-07 00:00:00,0
2024-01-07 01:00:00,0
2024-01-07 02:00:00,0
2024-01-07 03:00:00,0
2024-01-07 04:00:00,0
2024-01-07 05:00:00,0
2024-01-07 06:00:00,0
2024-01-07 07:00:00,0
2024-01-07 08:00:00,0
2024-01-07 09:00:00,0
2024-01-07 10:00:00,0
2024-01-07 11:00:00,0
2024-01-07 12:00:00,0
2024-01-07 13:00:00,0
2024-01-07 14:00:00,0
2024-01-07 15:00:00,0
2024-01-07 16:00:00,5.480000019073486
2024-01-07 17:00:00,10.960000038146973
2024-01-07 18:00:00,16.43000030517578
2024-01-07 19:00:00,27.18000030517578
2024-01-07 20:00:00,37.939998626708984
2024-01-07 21:00:00,48.689998626708984
2024-01-07 22:00:00,40.04999923706055
2024-01-07 23:00:00,31.420000076293945
2024-01-08 00:00:00,22.780000686645508
2024-01-08 01:00:00,15.1899995803833
2024-01-08 02:00:00,7.590000152587891
2024-01-08 03:00:00,0
2024-01-08 04:00:00,0
2024-01-08 05:00:00,0
2024-01-08 06:00:00,0
2024-01-08 07:00:00,0
2024-01-08 08:00:00,0
2024-01-08 09:00:00,0
2024-01-08 10:00:00,0
2024-01-08 11:00:00,0
2024-01-08 12:00:00,0
2024-01-08 13:00:00,0
2024-01-08 14:00:00,0
2024-01-08 15:00:00,0
2024-01-08 16:00:00,0
2024-01-08 17:00:00,0
2024-01-08 18:00:00,0
2024-01-08 19:00:00,0
2024-01-08 20:00:00,0
2024-01-08 21:00:00,0
2024-01-08 22:00:00,0
2024-01-08 23:00:00,0
2024-01-09 00:00:00,0
2024-01-09 01:00:00,0
2024-01-09 02:00:00,0
2024-01-09 03:00:00,0
2024-01-09 04:00:00,0
2024-01-09 05:00:00,0
2024-01-09 06:00:00,0
2024-01-09 07:00:00,0
2024-01-09 08:00:00,0
2024-01-09 09:00:00,0
2024-01-09 10:00:00,0
2024-01-09 11:00:00,0
2024-01-09 12:00:00,0
2024-01-09 13:00:00,0
2024-01-09 14:00:00,0
2024-01-09 15:00:00,0
2024-01-09 16:00:00,0
2024-01-09 17:00:00,0
2024-01-09 18:00:00,0
2024-01-09 19:00:00,0
2024-01-09 20:00:00,0
2024-01-09 21:00:00,0
2024-01-09 22:00:00,0
2024-01-09 23:00:00,0
2024-01-10 00:00:00,0
2024-01-10 01:00:00,0
2024-01-10 02:00:00,0
2024-01-10 03:00:00,0
2024-01-10 04:00:00,0
2024-01-10 05:00:00,0
2024-01-10 06:00:00,0
2024-01-10 07:00:00,2.059999942779541
2024-01-10 08:00:00,4.110000133514404
2024-01-10 09:00:00,6.170000076293945
2024-01-10 10:00:00,16.049999237060547
2024-01-10 11:00:00,25.940000534057617
2024-01-10 12:00:00,35.83000183105469
2024-01-10 13:00:00,30
2024-01-10 14:00:00,24.170000076293945
2024-01-10 15:00:00,18.34000015258789
2024-01-10 16:00:00,14.460000038146973
2024-01-10 17:00:00,10.579999923706056
2024-01-10 18:00:00,6.690000057220459
2024-01-10 19:00:00,8.569999694824219
2024-01-10 20:00:00,10.449999809265137
2024-01-10 21:00:00,12.329999923706056
2024-01-10 22:00:00,8.220000267028809
2024-01-10 23:00:00,4.110000133514404
2024-01-11 00:00:00,0
2024-01-11 01:00:00,1.0099999904632568
2024-01-11 02:00:00,2.0299999713897705
2024-01-11 03:00:00,3.0399999618530273
2024-01-11 04:00:00,2.0299999713897705
2024-01-11 05:00:00,1.0099999904632568
2024-01-11 06:00:00,0
2024-01-11 07:00:00,4.110000133514404
2024-01-11 08:00:00,8.220000267028809
2024-01-11 09:00:00,12.329999923706056
2024-01-11 10:00:00,8.220000267028809
2024-01-11 11:00:00,4.110000133514404
2024-01-11 12:00:00,0
2024-01-11 13:00:00,0
2024-01-11 14:00:00,0
2024-01-11 15:00:00,0
2024-01-11 16:00:00,1.0099999904632568
2024-01-11 17:00:00,2.0299999713897705
2024-01-11 18:00:00,3.0399999618530273
2024-01-11 19:00:00,11.859999656677246
2024-01-11 20:00:00,20.670000076293945
2024-01-11 21:00:00,29.479999542236328
2024-01-11 22:00:00,47.66999816894531
2024-01-11 23:00:00,65.87000274658203
2024-01-12 00:00:00,84.05999755859375
2024-01-12 01:00:00,56.040000915527344
2024-01-12 02:00:00,28.020000457763672
2024-01-12 03:00:00,0
2024-01-12 04:00:00,0
2024-01-12 05:00:00,0
2024-01-12 06:00:00,0
2024-01-12 07:00:00,0
2024-01-12 08:00:00,0
2024-01-12 09:00:00,0
2024-01-12 10:00:00,1.0099999904632568
2024-01-12 11:00:00,2.0299999713897705
2024-01-12 12:00:00,3.0399999618530273
2024-01-12 13:00:00,6.179999828338623
2024-01-12 14:00:00,9.3100004196167
2024-01-12 15:00:00,12.4399995803833
2024-01-12 16:00:00,10.31999969482422
2024-01-12 17:00:00,8.199999809265137
2024-01-12 18:00:00,6.090000152587891
2024-01-12 19:00:00,14.630000114440918
2024-01-12 20:00:00,23.18000030517578
2024-01-12 21:00:00,31.719999313354492
2024-01-12 22:00:00,25.31999969482422
2024-01-12 23:00:00,18.920000076293945
2024-01-13 00:00:00,12.510000228881836
2024-01-13 01:00:00,17.610000610351563
2024-01-13 02:00:00,22.709999084472656
2024-01-13 03:00:00,27.809999465942383
2024-01-13 04:00:00,35.43000030517578
2024-01-13 05:00:00,43.04999923706055
2024-01-13 06:00:00,50.66999816894531
2024-01-13 07:00:00,46.68000030517578
2024-01-13 08:00:00,42.68000030517578
2024-01-13 09:00:00,38.689998626708984
2024-01-13 10:00:00,25.790000915527344
2024-01-13 11:00:00,12.899999618530272
2024-01-13 12:00:00,0
2024-01-13 13:00:00,0
2024-01-13 14:00:00,0
2024-01-13 15:00:00,0
2024-01-13 16:00:00,0
2024-01-13 17:00:00,0
2024-01-13 18:00:00,0
2024-01-13 19:00:00,0
2024-01-13 20:00:00,0
2024-01-13 21:00:00,0
2024-01-13 22:00:00,0
2024-01-13 23:00:00,0
2024-01-14 00:00:00,0
2024-01-14 01:00:00,0
2024-01-14 02:00:00,0
2024-01-14 03:00:00,0
2024-01-14 04:00:00,0
2024-01-14 05:00:00,0
2024-01-14 06:00:00,0
2024-01-14 07:00:00,0
2024-01-14 08:00:00,0
2024-01-14 09:00:00,0
2024-01-14 10:00:00,2.059999942779541
2024-01-14 11:00:00,4.110000133514404
2024-01-14 12:00:00,6.170000076293945
2024-01-14 13:00:00,5.119999885559082
2024-01-14 14:00:00,4.079999923706055
2024-01-14 15:00:00,3.0399999618530273
2024-01-14 16:00:00,5.099999904632568
2024-01-14 17:00:00,7.150000095367432
2024-01-14 18:00:00,9.210000038146973
2024-01-14 19:00:00,6.139999866485596
2024-01-14 20:00:00,3.069999933242798
2024-01-14 21:00:00,0
2024-01-14 22:00:00,0
2024-01-14 23:00:00,0
2024-01-15 00:00:00,0
2024-01-15 01:00:00,0
2024-01-15 02:00:00,0
2024-01-15 03:00:00,0
2024-01-15 04:00:00,2.059999942779541
2024-01-15 05:00:00,4.110000133514404
2024-01-15 06:00:00,6.170000076293945
2024-01-15 07:00:00,10.25
2024-01-15 08:00:00,14.329999923706056
2024-01-15 09:00:00,18.420000076293945
2024-01-15 10:00:00,13.289999961853027
2024-01-15 11:00:00,8.170000076293945
2024-01-15 12:00:00,3.0399999618530273
2024-01-15 13:00:00,2.0299999713897705
2024-01-15 14:00:00,1.0099999904632568
2024-01-15 15:00:00,0
2024-01-15 16:00:00,0
2024-01-15 17:00:00,0
2024-01-15 18:00:00,0
2024-01-15 19:00:00,0
2024-01-15 20:00:00,0
2024-01-15 21:00:00,0
2024-01-15 22:00:00,0
2024-01-15 23:00:00,0
2024-01-16 00:00:00,0
2024-01-16 01:00:00,0
2024-01-16 02:00:00,0
2024-01-16 03:00:00,0
2024-01-16 04:00:00,0
2024-01-16 05:00:00,0
2024-01-16 06:00:00,0
2024-01-16 07:00:00,0
2024-01-16 08:00:00,0
2024-01-16 09:00:00,0
2024-01-16 10:00:00,0
2024-01-16 11:00:00,0
2024-01-16 12:00:00,0
2024-01-16 13:00:00,0
2024-01-16 14:00:00,0
2024-01-16 15:00:00,0
2024-01-16 16:00:00,0
2024-01-16 17:00:00,0
2024-01-16 18:00:00,0
2024-01-16 19:00:00,0
2024-01-16 20:00:00,0
2024-01-16 21:00:00,0
2024-01-16 22:00:00,0
2024-01-16 23:00:00,0
2024-01-17 00:00:00,0
2024-01-17 01:00:00,0
2024-01-17 02:00:00,0
2024-01-17 03:00:00,0
2024-01-17 04:00:00,0
2024-01-17 05:00:00,0
2024-01-17 06:00:00,0
2024-01-17 07:00:00,0
2024-01-17 08:00:00,0
2024-01-17 09:00:00,0
2024-01-17 10:00:00,0
2024-01-17 11:00:00,0
2024-01-17 12:00:00,0
2024-01-17 13:00:00,0
2024-01-17 14:00:00,0
2024-01-17 15:00:00,0
2024-01-17 16:00:00,0
2024-01-17 17:00:00,0
2024-01-17 18:00:00,0
2024-01-17 19:00:00,0
2024-01-17 20:00:00,0
2024-01-17 21:00:00,0
2024-01-17 22:00:00,0
2024-01-17 23:00:00,0
2024-01-18 00:00:00,0
2024-01-18 01:00:00,0
2024-01-18 02:00:00,0
2024-01-18 03:00:00,0
2024-01-18 04:00:00,0
2024-01-18 05:00:00,0
2024-01-18 06:00:00,0
2024-01-18 07:00:00,0
2024-01-18 08:00:00,0
2024-01-18 09:00:00,0
2024-01-18 10:00:00,0
2024-01-18 11:00:00,0
2024-01-18 12:00:00,0
2024-01-18 13:00:00,0
2024-01-18 14:00:00,0
2024-01-18 15:00:00,0
2024-01-18 16:00:00,0
2024-01-18 17:00:00,0
2024-01-18 18:00:00,0
2024-01-18 19:00:00,0
2024-01-18 20:00:00,0
2024-01-18 21:00:00,0
2024-01-18 22:00:00,0
2024-01-18 23:00:00,0
2024-01-19 00:00:00,0
2024-01-19 01:00:00,0
2024-01-19 02:00:00,0
2024-01-19 03:00:00,0
2024-01-19 04:00:00,0
2024-01-19 05:00:00,0
2024-01-19 06:00:00,0
2024-01-19 07:00:00,0
2024-01-19 08:00:00,0
2024-01-19 09:00:00,0
2024-01-19 10:00:00,0
2024-01-19 11:00:00,0
2024-01-19 12:00:00,0
2024-01-19 13:00:00,0
2024-01-19 14:00:00,0
2024-01-19 15:00:00,0
2024-01-19 16:00:00,0
2024-01-19 17:00:00,0
2024-01-19 18:00:00,0
2024-01-19 19:00:00,0
2024-01-19 20:00:00,0
2024-01-19 21:00:00,0
2024-01-19 22:00:00,0
2024-01-19 23:00:00,0
2024-01-20 00:00:00,0
2024-01-20 01:00:00,0
2024-01-20 02:00:00,0
2024-01-20 03:00:00,0
2024-01-20 04:00:00,0
2024-01-20 05:00:00,0
2024-01-20 06:00:00,0
2024-01-20 07:00:00,0
2024-01-20 08:00:00,0
2024-01-20 09:00:00,0
2024-01-20 10:00:00,0
2024-01-20 11:00:00,0
2024-01-20 12:00:00,0
2024-01-20 13:00:00,0
2024-01-20 14:00:00,0
2024-01-20 15:00:00,0
2024-01-20 16:00:00,0
2024-01-20 17:00:00,0
2024-01-20 18:00:00,0
2024-01-20 19:00:00,0
2024-01-20 20:00:00,0
2024-01-20 21:00:00,0
2024-01-20 22:00:00,0
2024-01-20 23:00:00,0
2024-01-21 00:00:00,0
2024-01-21 01:00:00,0
2024-01-21 02:00:00,0
2024-01-21 03:00:00,0
2024-01-21 04:00:00,0
2024-01-21 05:00:00,0
2024-01-21 06:00:00,0
2024-01-21 07:00:00,0
2024-01-21 08:00:00,0
2024-01-21 09:00:00,0
2024-01-21 10:00:00,0
2024-01-21 11:00:00,0
2024-01-21 12:00:00,0
2024-01-21 13:00:00,0
2024-01-21 14:00:00,0
2024-01-21 15:00:00,0
2024-01-21 16:00:00,2.059999942779541
2024-01-21 17:00:00,4.110000133514404
2024-01-21 18:00:00,6.170000076293945
2024-01-21 19:00:00,8.569999694824219
2024-01-21 20:00:00,10.979999542236328
2024-01-21 21:00:00,13.390000343322754
2024-01-21 22:00:00,8.930000305175781
2024-01-21 23:00:00,4.460000038146973
2024-01-22 00:00:00,0
2024-01-22 01:00:00,0
2024-01-22 02:00:00,0
2024-01-22 03:00:00,0
2024-01-22 04:00:00,0
2024-01-22 05:00:00,0
2024-01-22 06:00:00,0
2024-01-22 07:00:00,0
2024-01-22 08:00:00,0
2024-01-22 09:00:00,0
2024-01-22 10:00:00,0
2024-01-22 11:00:00,0
2024-01-22 12:00:00,0
2024-01-22 13:00:00,0
2024-01-22 14:00:00,0
2024-01-22 15:00:00,0
2024-01-22 16:00:00,0
2024-01-22 17:00:00,0
2024-01-22 18:00:00,0
2024-01-22 19:00:00,0.18000000715255737
2024-01-22 20:00:00,0.3499999940395355
2024-01-22 21:00:00,0.5299999713897705
2024-01-22 22:00:00,0.3499999940395355
2024-01-22 23:00:00,0.18000000715255737
2024-01-23 00:00:00,0
2024-01-23 01:00:00,0
2024-01-23 02:00:00,0
2024-01-23 03:00:00,0
2024-01-23 04:00:00,0
2024-01-23 05:00:00,0
2024-01-23 06:00:00,0
2024-01-23 07:00:00,0
2024-01-23 08:00:00,0
2024-01-23 09:00:00,0
2024-01-23 10:00:00,0
2024-01-23 11:00:00,0
2024-01-23 12:00:00,0
2024-01-23 13:00:00,0
2024-01-23 14:00:00,0
2024-01-23 15:00:00,0
2024-01-23 16:00:00,0
2024-01-23 17:00:00,0
2024-01-23 18:00:00,0
2024-01-23 19:00:00,1.100000023841858
2024-01-23 20:00:00,2.200000047683716
2024-01-23 21:00:00,3.309999942779541
2024-01-23 22:00:00,4.320000171661377
2024-01-23 23:00:00,5.329999923706055
2024-01-24 00:00:00,6.349999904632568
2024-01-24 01:00:00,5.25
2024-01-24 02:00:00,4.150000095367432
2024-01-24 03:00:00,3.0399999618530273
2024-01-24 04:00:00,2.0299999713897705
2024-01-24 05:00:00,1.0099999904632568
2024-01-24 06:00:00,0
2024-01-24 07:00:00,0
2024-01-24 08:00:00,0
2024-01-24 09:00:00,0
2024-01-24 10:00:00,0
2024-01-24 11:00:00,0
2024-01-24 12:00:00,0
2024-01-24 13:00:00,0
2024-01-24 14:00:00,0
2024-01-24 15:00:00,0
2024-01-24 16:00:00,0
2024-01-24 17:00:00,0
2024-01-24 18:00:00,0
2024-01-24 19:00:00,8.899999618530273
2024-01-24 20:00:00,17.799999237060547
2024-01-24 21:00:00,26.690000534057617
2024-01-24 22:00:00,20.09000015258789
2024-01-24 23:00:00,13.479999542236328
2024-01-25 00:00:00,6.880000114440918
2024-01-25 01:00:00,5.599999904632568
2024-01-25 02:00:00,4.320000171661377
2024-01-25 03:00:00,3.0399999618530273
2024-01-25 04:00:00,2.0299999713897705
2024-01-25 05:00:00,1.0099999904632568
2024-01-25 06:00:00,0
2024-01-25 07:00:00,0
2024-01-25 08:00:00,0
2024-01-25 09:00:00,0
2024-01-25 10:00:00,0
2024-01-25 11:00:00,0
2024-01-25 12:00:00,0
2024-01-25 13:00:00,0
2024-01-25 14:00:00,0
2024-01-25 15:00:00,0
2024-01-25 16:00:00,0
2024-01-25 17:00:00,0
2024-01-25 18:00:00,0
2024-01-25 19:00:00,0
2024-01-25 20:00:00,0
2024-01-25 21:00:00,0
2024-01-25 22:00:00,0
2024-01-25 23:00:00,0
2024-01-26 00:00:00,0
2024-01-26 01:00:00,1.100000023841858
2024-01-26 02:00:00,2.200000047683716
2024-01-26 03:00:00,3.309999942779541
2024-01-26 04:00:00,2.200000047683716
2024-01-26 05:00:00,1.100000023841858
2024-01-26 06:00:00,0
2024-01-26 07:00:00,0
2024-01-26 08:00:00,0
2024-01-26 09:00:00,0
2024-01-26 10:00:00,0
2024-01-26 11:00:00,0
2024-01-26 12:00:00,0
2024-01-26 13:00:00,0
2024-01-26 14:00:00,0
2024-01-26 15:00:00,0
2024-01-26 16:00:00,7.880000114440918
2024-01-26 17:00:00,15.770000457763672
2024-01-26 18:00:00,23.649999618530273
2024-01-26 19:00:00,21.239999771118164
2024-01-26 20:00:00,18.829999923706055
2024-01-26 21:00:00,16.43000030517578
2024-01-26 22:00:00,20.600000381469727
2024-01-26 23:00:00,24.770000457763672
2024-01-27 00:00:00,28.940000534057617
2024-01-27 01:00:00,20.309999465942383
2024-01-27 02:00:00,11.68000030517578
2024-01-27 03:00:00,3.0399999618530273
2024-01-27 04:00:00,2.0299999713897705
2024-01-27 05:00:00,1.0099999904632568
2024-01-27 06:00:00,0
2024-01-27 07:00:00,0
2024-01-27 08:00:00,0
2024-01-27 09:00:00,0
2024-01-27 10:00:00,0
2024-01-27 11:00:00,0
2024-01-27 12:00:00,0
2024-01-27 13:00:00,0
2024-01-27 14:00:00,0
2024-01-27 15:00:00,0
2024-01-27 16:00:00,0
2024-01-27 17:00:00,0
2024-01-27 18:00:00,0
2024-01-27 19:00:00,0
2024-01-27 20:00:00,0
2024-01-27 21:00:00,0
2024-01-27 22:00:00,0
2024-01-27 23:00:00,0
2024-01-28 00:00:00,0
2024-01-28 01:00:00,0
2024-01-28 02:00:00,0
2024-01-28 03:00:00,0
2024-01-28 04:00:00,0
2024-01-28 05:00:00,0
2024-01-28 06:00:00,0
2024-01-28 07:00:00,0
2024-01-28 08:00:00,0
2024-01-28 09:00:00,0
2024-01-28 10:00:00,0
2024-01-28 11:00:00,0
2024-01-28 12:00:00,0
2024-01-28 13:00:00,0
2024-01-28 14:00:00,0
2024-01-28 15:00:00,0
2024-01-28 16:00:00,0
2024-01-28 17:00:00,0
2024-01-28 18:00:00,0
2024-01-28 19:00:00,0
2024-01-28 20:00:00,0
2024-01-28 21:00:00,0
2024-01-28 22:00:00,0
2024-01-28 23:00:00,0
2024-01-29 00:00:00,0
2024-01-29 01:00:00,0
2024-01-29 02:00:00,0
2024-01-29 03:00:00,0
2024-01-29 04:00:00,0
2024-01-29 05:00:00,0
2024-01-29 06:00:00,0
2024-01-29 07:00:00,0
2024-01-29 08:00:00,0
2024-01-29 09:00:00,0
2024-01-29 10:00:00,0
2024-01-29 11:00:00,0
2024-01-29 12:00:00,0
2024-01-29 13:00:00,0
2024-01-29 14:00:00,0
2024-01-29 15:00:00,0
2024-01-29 16:00:00,0
2024-01-29 17:00:00,0
2024-01-29 18:00:00,0
2024-01-29 19:00:00,0
2024-01-29 20:00:00,0
2024-01-29 21:00:00,0
2024-01-29 22:00:00,0
2024-01-29 23:00:00,0
2024-01-30 00:00:00,0
2024-01-30 01:00:00,0
2024-01-30 02:00:00,0
2024-01-30 03:00:00,0
2024-01-30 04:00:00,0
2024-01-30 05:00:00,0
2024-01-30 06:00:00,0
2024-01-30 07:00:00,0
2024-01-30 08:00:00,0
2024-01-30 09:00:00,0
2024-01-30 10:00:00,0
2024-01-30 11:00:00,0
2024-01-30 12:00:00,0
2024-01-30 13:00:00,0
2024-01-30 14:00:00,0
2024-01-30 15:00:00,0
2024-01-30 16:00:00,0
2024-01-30 17:00:00,0
2024-01-30 18:00:00,0
2024-01-30 19:00:00,0
2024-01-30 20:00:00,0
2024-01-30 21:00:00,0
2024-01-30 22:00:00,0
2024-01-30 23:00:00,0
2024-01-31 00:00:00,0
2024-01-31 01:00:00,0
2024-01-31 02:00:00,0
2024-01-31 03:00:00,0
2024-01-31 04:00:00,0
2024-01-31 05:00:00,0
2024-01-31 06:00:00,0
2024-01-31 07:00:00,0
2024-01-31 08:00:00,0
2024-01-31 09:00:00,0
2024-01-31 10:00:00,0
2024-01-31 11:00:00,0
2024-01-31 12:00:00,0
2024-01-31 13:00:00,0
2024-01-31 14:00:00,0
2024-01-31 15:00:00,0
2024-01-31 16:00:00,0
2024-01-31 17:00:00,0
2024-01-31 18:00:00,0
2024-01-31 19:00:00,0
2024-01-31 20:00:00,0
2024-01-31 21:00:00,0
2024-01-31 22:00:00,0
2024-01-31 23:00:00,0
2024-02-01 00:00:00,0
2024-02-01 01:00:00,0
2024-02-01 02:00:00,0
2024-02-01 03:00:00,0
2024-02-01 04:00:00,0
2024-02-01 05:00:00,0
2024-02-01 06:00:00,0
2024-02-01 07:00:00,0
2024-02-01 08:00:00,0
2024-02-01 09:00:00,0
2024-02-01 10:00:00,0
2024-02-01 11:00:00,0
2024-02-01 12:00:00,0
2024-02-01 13:00:00,0
2024-02-01 14:00:00,0
2024-02-01 15:00:00,0
2024-02-01 16:00:00,0
2024-02-01 17:00:00,0
2024-02-01 18:00:00,0
2024-02-01 19:00:00,0
2024-02-01 20:00:00,0
2024-02-01 21:00:00,0
2024-02-01 22:00:00,0
2024-02-01 23:00:00,0
2024-02-02 00:00:00,0
2024-02-02 01:00:00,0
2024-02-02 02:00:00,0
2024-02-02 03:00:00,0
2024-02-02 04:00:00,0
2024-02-02 05:00:00,0
2024-02-02 06:00:00,0
2024-02-02 07:00:00,0
2024-02-02 08:00:00,0
2024-02-02 09:00:00,0
2024-02-02 10:00:00,0
2024-02-02 11:00:00,0
2024-02-02 12:00:00,0
2024-02-02 13:00:00,0
2024-02-02 14:00:00,0
2024-02-02 15:00:00,0
2024-02-02 16:00:00,0.18000000715255737
2024-02-02 17:00:00,0.3499999940395355
2024-02-02 18:00:00,0.5299999713897705
2024-02-02 19:00:00,1.6299999952316284
2024-02-02 20:00:00,2.7300000190734863
2024-02-02 21:00:00,3.8299999237060542
2024-02-02 22:00:00,11.079999923706056
2024-02-02 23:00:00,18.31999969482422
2024-02-03 00:00:00,25.559999465942383
2024-02-03 01:00:00,29.329999923706055
2024-02-03 02:00:00,33.11000061035156
2024-02-03 03:00:00,36.88999938964844
2024-02-03 04:00:00,29.780000686645508
2024-02-03 05:00:00,22.670000076293945
2024-02-03 06:00:00,15.5600004196167
2024-02-03 07:00:00,11.390000343322754
2024-02-03 08:00:00,7.21999979019165
2024-02-03 09:00:00,3.0399999618530273
2024-02-03 10:00:00,2.0299999713897705
2024-02-03 11:00:00,1.0099999904632568
2024-02-03 12:00:00,0
2024-02-03 13:00:00,0
2024-02-03 14:00:00,0
2024-02-03 15:00:00,0
2024-02-03 16:00:00,0
2024-02-03 17:00:00,0
2024-02-03 18:00:00,0
2024-02-03 19:00:00,0
2024-02-03 20:00:00,0
2024-02-03 21:00:00,0
2024-02-03 22:00:00,12.140000343322754
2024-02-03 23:00:00,24.280000686645508
2024-02-04 00:00:00,36.43000030517578
2024-02-04 01:00:00,27.5
2024-02-04 02:00:00,18.579999923706055
2024-02-04 03:00:00,9.65999984741211
2024-02-04 04:00:00,6.519999980926514
2024-02-04 05:00:00,3.390000104904175
2024-02-04 06:00:00,0.25999999046325684
2024-02-04 07:00:00,0.17000000178813934
2024-02-04 08:00:00,0.09000000357627869
2024-02-04 09:00:00,0
2024-02-04 10:00:00,0
2024-02-04 11:00:00,0
2024-02-04 12:00:00,0
2024-02-04 13:00:00,0
2024-02-04 14:00:00,0
2024-02-04 15:00:00,0
2024-02-04 16:00:00,0
2024-02-04 17:00:00,0
2024-02-04 18:00:00,0
2024-02-04 19:00:00,0
2024-02-04 20:00:00,0
2024-02-04 21:00:00,0
2024-02-04 22:00:00,0
2024-02-04 23:00:00,0
2024-02-05 00:00:00,0
2024-02-05 01:00:00,0
2024-02-05 02:00:00,0
2024-02-05 03:00:00,0
2024-02-05 04:00:00,0
2024-02-05 05:00:00,0
2024-02-05 06:00:00,0
2024-02-05 07:00:00,0
2024-02-05 08:00:00,0
2024-02-05 09:00:00,0
2024-02-05 10:00:00,0
2024-02-05 11:00:00,0
2024-02-05 12:00:00,0
2024-02-05 13:00:00,0
2024-02-05 14:00:00,0
2024-02-05 15:00:00,0
2024-02-05 16:00:00,0
2024-02-05 17:00:00,0
2024-02-05 18:00:00,0
2024-02-05 19:00:00,0
2024-02-05 20:00:00,0
2024-02-05 21:00:00,0
2024-02-05 22:00:00,0
2024-02-05 23:00:00,0
2024-02-06 00:00:00,0
2024-02-06 01:00:00,0
2024-02-06 02:00:00,0
2024-02-06 03:00:00,0
2024-02-06 04:00:00,0
2024-02-06 05:00:00,0
2024-02-06 06:00:00,0
2024-02-06 07:00:00,0
2024-02-06 08:00:00,0
2024-02-06 09:00:00,0
2024-02-06 10:00:00,0
2024-02-06 11:00:00,0
2024-02-06 12:00:00,0
2024-02-06 13:00:00,0
2024-02-06 14:00:00,0
2024-02-06 15:00:00,0
2024-02-06 16:00:00,0
2024-02-06 17:00:00,0
2024-02-06 18:00:00,0
2024-02-06 19:00:00,0
2024-02-06 20:00:00,0
2024-02-06 21:00:00,0
2024-02-06 22:00:00,0
2024-02-06 23:00:00,0
2024-02-07 00:00:00,0
2024-02-07 01:00:00,0
2024-02-07 02:00:00,0
2024-02-07 03:00:00,0
2024-02-07 04:00:00,0
2024-02-07 05:00:00,0
2024-02-07 06:00:00,0
2024-02-07 07:00:00,0
2024-02-07 08:00:00,0
2024-02-07 09:00:00,0
2024-02-07 10:00:00,26.030000686645508
2024-02-07 11:00:00,52.04999923706055
2024-02-07 12:00:00,78.08000183105469
2024-02-07 13:00:00,53.15999984741211
2024-02-07 14:00:00,28.229999542236328
2024-02-07 15:00:00,3.309999942779541
2024-02-07 16:00:00,15.420000076293944
2024-02-07 17:00:00,27.540000915527344
2024-02-07 18:00:00,39.65999984741211
2024-02-07 19:00:00,36.060001373291016
2024-02-07 20:00:00,32.459999084472656
2024-02-07 21:00:00,28.860000610351563
2024-02-07 22:00:00,28.75
2024-02-07 23:00:00,28.6299991607666
2024-02-08 00:00:00,28.520000457763672
2024-02-08 01:00:00,19.010000228881836
2024-02-08 02:00:00,9.510000228881836
2024-02-08 03:00:00,0
2024-02-08 04:00:00,0
2024-02-08 05:00:00,0
2024-02-08 06:00:00,0
2024-02-08 07:00:00,0
2024-02-08 08:00:00,0
2024-02-08 09:00:00,0
2024-02-08 10:00:00,0
2024-02-08 11:00:00,0
2024-02-08 12:00:00,0
2024-02-08 13:00:00,0
2024-02-08 14:00:00,0
2024-02-08 15:00:00,0
2024-02-08 16:00:00,4.730000019073486
2024-02-08 17:00:00,9.449999809265137
2024-02-08 18:00:00,14.18000030517578
2024-02-08 19:00:00,21.860000610351563
2024-02-08 20:00:00,29.540000915527344
2024-02-08 21:00:00,37.220001220703125
2024-02-08 22:00:00,32.290000915527344
2024-02-08 23:00:00,27.360000610351563
2024-02-09 00:00:00,22.440000534057617
2024-02-09 01:00:00,15.970000267028809
2024-02-09 02:00:00,9.510000228881836
2024-02-09 03:00:00,3.0399999618530273
2024-02-09 04:00:00,2.0299999713897705
2024-02-09 05:00:00,1.0099999904632568
2024-02-09 06:00:00,0
2024-02-09 07:00:00,0
2024-02-09 08:00:00,0
2024-02-09 09:00:00,0
2024-02-09 10:00:00,0
2024-02-09 11:00:00,0
2024-02-09 12:00:00,0
2024-02-09 13:00:00,0
2024-02-09 14:00:00,0
2024-02-09 15:00:00,0
2024-02-09 16:00:00,0.18000000715255737
2024-02-09 17:00:00,0.3499999940395355
2024-02-09 18:00:00,0.5299999713897705
2024-02-09 19:00:00,10.359999656677246
2024-02-09 20:00:00,20.18000030517578
2024-02-09 21:00:00,30.010000228881836
2024-02-09 22:00:00,26.40999984741211
2024-02-09 23:00:00,22.809999465942383
2024-02-10 00:00:00,19.209999084472656
2024-02-10 01:00:00,13.81999969482422
2024-02-10 02:00:00,8.430000305175781
2024-02-10 03:00:00,3.0399999618530273
2024-02-10 04:00:00,2.0299999713897705
2024-02-10 05:00:00,1.0099999904632568
2024-02-10 06:00:00,0
2024-02-10 07:00:00,0
2024-02-10 08:00:00,0
2024-02-10 09:00:00,0
2024-02-10 10:00:00,0
2024-02-10 11:00:00,0
2024-02-10 12:00:00,0
2024-02-10 13:00:00,0
2024-02-10 14:00:00,0
2024-02-10 15:00:00,0
2024-02-10 16:00:00,1.100000023841858
2024-02-10 17:00:00,2.200000047683716
2024-02-10 18:00:00,3.309999942779541
2024-02-10 19:00:00,2.380000114440918
2024-02-10 20:00:00,1.4500000476837158
2024-02-10 21:00:00,0.5299999713897705
2024-02-10 22:00:00,0.3499999940395355
2024-02-10 23:00:00,0.18000000715255737
2024-02-11 00:00:00,0
2024-02-11 01:00:00,0
2024-02-11 02:00:00,0
2024-02-11 03:00:00,0
2024-02-11 04:00:00,0
2024-02-11 05:00:00,0
2024-02-11 06:00:00,0
2024-02-11 07:00:00,0
2024-02-11 08:00:00,0
2024-02-11 09:00:00,0
2024-02-11 10:00:00,0
2024-02-11 11:00:00,0
2024-02-11 12:00:00,0
2024-02-11 13:00:00,0
2024-02-11 14:00:00,0
2024-02-11 15:00:00,0
2024-02-11 16:00:00,0
2024-02-11 17:00:00,0
2024-02-11 18:00:00,0
2024-02-11 19:00:00,0
2024-02-11 20:00:00,0
2024-02-11 21:00:00,0
2024-02-11 22:00:00,0
2024-02-11 23:00:00,0
2024-02-12 00:00:00,0
2024-02-12 01:00:00,0
2024-02-12 02:00:00,0
2024-02-12 03:00:00,0
2024-02-12 04:00:00,0
2024-02-12 05:00:00,0
2024-02-12 06:00:00,0
2024-02-12 07:00:00,0
2024-02-12 08:00:00,0
2024-02-12 09:00:00,0
2024-02-12 10:00:00,0
2024-02-12 11:00:00,0
2024-02-12 12:00:00,0
2024-02-12 13:00:00,0
2024-02-12 14:00:00,0
2024-02-12 15:00:00,0
2024-02-12 16:00:00,0
2024-02-12 17:00:00,0
2024-02-12 18:00:00,0
2024-02-12 19:00:00,0
2024-02-12 20:00:00,0
2024-02-12 21:00:00,0
2024-02-12 22:00:00,0
2024-02-12 23:00:00,0
2024-02-13 00:00:00,0
2024-02-13 01:00:00,0
2024-02-13 02:00:00,0
2024-02-13 03:00:00,0
2024-02-13 04:00:00,0
2024-02-13 05:00:00,0
2024-02-13 06:00:00,0
2024-02-13 07:00:00,0
2024-02-13 08:00:00,0
2024-02-13 09:00:00,0
2024-02-13 10:00:00,0
2024-02-13 11:00:00,0
2024-02-13 12:00:00,0
2024-02-13 13:00:00,0
2024-02-13 14:00:00,0
2024-02-13 15:00:00,0
2024-02-13 16:00:00,0
2024-02-13 17:00:00,0
2024-02-13 18:00:00,0
2024-02-13 19:00:00,0
2024-02-13 20:00:00,0
2024-02-13 21:00:00,0
2024-02-13 22:00:00,1.0099999904632568
2024-02-13 23:00:00,2.0299999713897705
2024-02-14 00:00:00,3.0399999618530273
2024-02-14 01:00:00,2.0299999713897705
2024-02-14 02:00:00,1.0099999904632568
2024-02-14 03:00:00,0
2024-02-14 04:00:00,0
2024-02-14 05:00:00,0
2024-02-14 06:00:00,0
2024-02-14 07:00:00,0
2024-02-14 08:00:00,0
2024-02-14 09:00:00,0
2024-02-14 10:00:00,0
2024-02-14 11:00:00,0
2024-02-14 12:00:00,0
2024-02-14 13:00:00,0
2024-02-14 14:00:00,0
2024-02-14 15:00:00,0
2024-02-14 16:00:00,10.869999885559082
2024-02-14 17:00:00,21.729999542236328
2024-02-14 18:00:00,32.599998474121094
2024-02-14 19:00:00,42.38999938964844
2024-02-14 20:00:00,52.189998626708984
2024-02-14 21:00:00,61.9900016784668
2024-02-14 22:00:00,41.31999969482422
2024-02-14 23:00:00,20.65999984741211
2024-02-15 00:00:00,0
2024-02-15 01:00:00,0
2024-02-15 02:00:00,0
2024-02-15 03:00:00,0
2024-02-15 04:00:00,0
2024-02-15 05:00:00,0
2024-02-15 06:00:00,0
2024-02-15 07:00:00,0
2024-02-15 08:00:00,0
2024-02-15 09:00:00,0
2024-02-15 10:00:00,0
2024-02-15 11:00:00,0
2024-02-15 12:00:00,0
2024-02-15 13:00:00,0
2024-02-15 14:00:00,0
2024-02-15 15:00:00,0
2024-02-15 16:00:00,0
2024-02-15 17:00:00,0
2024-02-15 18:00:00,0
2024-02-15 19:00:00,0.18000000715255737
2024-02-15 20:00:00,0.3499999940395355
2024-02-15 21:00:00,0.5299999713897705
2024-02-15 22:00:00,2.380000114440918
2024-02-15 23:00:00,4.239999771118164
2024-02-16 00:00:00,6.090000152587891
2024-02-16 01:00:00,4.059999942779541
2024-02-16 02:00:00,2.0299999713897705
2024-02-16 03:00:00,0
2024-02-16 04:00:00,0
2024-02-16 05:00:00,0
2024-02-16 06:00:00,0
2024-02-16 07:00:00,0
2024-02-16 08:00:00,0
2024-02-16 09:00:00,0
2024-02-16 10:00:00,0
2024-02-16 11:00:00,0
2024-02-16 12:00:00,0
2024-02-16 13:00:00,0
2024-02-16 14:00:00,0
2024-02-16 15:00:00,0
2024-02-16 16:00:00,2.059999942779541
2024-02-16 17:00:00,4.110000133514404
2024-02-16 18:00:00,6.170000076293945
2024-02-16 19:00:00,9.40999984741211
2024-02-16 20:00:00,12.65999984741211
2024-02-16 21:00:00,15.899999618530272
2024-02-16 22:00:00,10.600000381469728
2024-02-16 23:00:00,5.300000190734863
2024-02-17 00:00:00,0
2024-02-17 01:00:00,2.059999942779541
2024-02-17 02:00:00,4.110000133514404
2024-02-17 03:00:00,6.170000076293945
2024-02-17 04:00:00,4.110000133514404
2024-02-17 05:00:00,2.059999942779541
2024-02-17 06:00:00,0
2024-02-17 07:00:00,0
2024-02-17 08:00:00,0
2024-02-17 09:00:00,0
2024-02-17 10:00:00,0
2024-02-17 11:00:00,0
2024-02-17 12:00:00,0
2024-02-17 13:00:00,0
2024-02-17 14:00:00,0
2024-02-17 15:00:00,0
2024-02-17 16:00:00,0
2024-02-17 17:00:00,0
2024-02-17 18:00:00,0
2024-02-17 19:00:00,0
2024-02-17 20:00:00,0
2024-02-17 21:00:00,0
2024-02-17 22:00:00,0
2024-02-17 23:00:00,0
2024-02-18 00:00:00,0
2024-02-18 01:00:00,0
2024-02-18 02:00:00,0
2024-02-18 03:00:00,0
2024-02-18 04:00:00,0
2024-02-18 05:00:00,0
2024-02-18 06:00:00,0
2024-02-18 07:00:00,0
2024-02-18 08:00:00,0
2024-02-18 09:00:00,0
2024-02-18 10:00:00,0
2024-02-18 11:00:00,0
2024-02-18 12:00:00,0
2024-02-18 13:00:00,0
2024-02-18 14:00:00,0
2024-02-18 15:00:00,0
2024-02-18 16:00:00,0
2024-02-18 17:00:00,0
2024-02-18 18:00:00,0
2024-02-18 19:00:00,0
2024-02-18 20:00:00,0
2024-02-18 21:00:00,0
2024-02-18 22:00:00,0
2024-02-18 23:00:00,0
2024-02-19 00:00:00,0
2024-02-19 01:00:00,1.0099999904632568
2024-02-19 02:00:00,2.0299999713897705
2024-02-19 03:00:00,3.0399999618530273
2024-02-19 04:00:00,2.0299999713897705
2024-02-19 05:00:00,1.0099999904632568
2024-02-19 06:00:00,0
2024-02-19 07:00:00,0
2024-02-19 08:00:00,0
2024-02-19 09:00:00,0
2024-02-19 10:00:00,0
2024-02-19 11:00:00,0
2024-02-19 12:00:00,0
2024-02-19 13:00:00,0
2024-02-19 14:00:00,0
2024-02-19 15:00:00,0
2024-02-19 16:00:00,0
2024-02-19 17:00:00,0
2024-02-19 18:00:00,0
2024-02-19 19:00:00,0
2024-02-19 20:00:00,0
2024-02-19 21:00:00,0
2024-02-19 22:00:00,0
2024-02-19 23:00:00,0
2024-02-20 00:00:00,0
2024-02-20 01:00:00,0
2024-02-20 02:00:00,0
2024-02-20 03:00:00,0
2024-02-20 04:00:00,0
2024-02-20 05:00:00,0
2024-02-20 06:00:00,0
2024-02-20 07:00:00,0
2024-02-20 08:00:00,0
2024-02-20 09:00:00,0
2024-02-20 10:00:00,0
2024-02-20 11:00:00,0
2024-02-20 12:00:00,0
2024-02-20 13:00:00,0
2024-02-20 14:00:00,0
2024-02-20 15:00:00,0
2024-02-20 16:00:00,0
2024-02-20 17:00:00,0
2024-02-20 18:00:00,0
2024-02-20 19:00:00,2.2300000190734863
2024-02-20 20:00:00,4.460000038146973
2024-02-20 21:00:00,6.690000057220459
2024-02-20 22:00:00,4.460000038146973
2024-02-20 23:00:00,2.2300000190734863
2024-02-21 00:00:00,0
2024-02-21 01:00:00,0
2024-02-21 02:00:00,0
2024-02-21 03:00:00,0
2024-02-21 04:00:00,0
2024-02-21 05:00:00,0
2024-02-21 06:00:00,0
2024-02-21 07:00:00,0
2024-02-21 08:00:00,0
2024-02-21 09:00:00,0
2024-02-21 10:00:00,0
2024-02-21 11:00:00,0
2024-02-21 12:00:00,0
2024-02-21 13:00:00,0
2024-02-21 14:00:00,0
2024-02-21 15:00:00,0
2024-02-21 16:00:00,0
2024-02-21 17:00:00,0
2024-02-21 18:00:00,0
2024-02-21 19:00:00,14.729999542236328
2024-02-21 20:00:00,29.450000762939453
2024-02-21 21:00:00,44.18000030517578
2024-02-21 22:00:00,31.56999969482422
2024-02-21 23:00:00,18.959999084472656
2024-02-22 00:00:00,6.349999904632568
2024-02-22 01:00:00,5.25
2024-02-22 02:00:00,4.150000095367432
2024-02-22 03:00:00,3.0399999618530273
2024-02-22 04:00:00,2.0299999713897705
2024-02-22 05:00:00,1.0099999904632568
2024-02-22 06:00:00,0
2024-02-22 07:00:00,0
2024-02-22 08:00:00,0
2024-02-22 09:00:00,0
2024-02-22 10:00:00,0
2024-02-22 11:00:00,0
2024-02-22 12:00:00,0
2024-02-22 13:00:00,1.0099999904632568
2024-02-22 14:00:00,2.0299999713897705
2024-02-22 15:00:00,3.0399999618530273
2024-02-22 16:00:00,7.590000152587891
2024-02-22 17:00:00,12.140000343322754
2024-02-22 18:00:00,16.690000534057617
2024-02-22 19:00:00,13.18000030517578
2024-02-22 20:00:00,9.670000076293944
2024-02-22 21:00:00,6.170000076293945
2024-02-22 22:00:00,19.63999938964844
2024-02-22 23:00:00,33.119998931884766
2024-02-23 00:00:00,46.599998474121094
2024-02-23 01:00:00,31.06999969482422
2024-02-23 02:00:00,15.529999732971191
2024-02-23 03:00:00,0
2024-02-23 04:00:00,0
2024-02-23 05:00:00,0
2024-02-23 06:00:00,0
2024-02-23 07:00:00,0
2024-02-23 08:00:00,0
2024-02-23 09:00:00,0
2024-02-23 10:00:00,0
2024-02-23 11:00:00,0
2024-02-23 12:00:00,0
2024-02-23 13:00:00,0
2024-02-23 14:00:00,0
2024-02-23 15:00:00,0
2024-02-23 16:00:00,0
2024-02-23 17:00:00,0
2024-02-23 18:00:00,0
2024-02-23 19:00:00,0
2024-02-23 20:00:00,0
2024-02-23 21:00:00,0
2024-02-23 22:00:00,0
2024-02-23 23:00:00,0
2024-02-24 00:00:00,0
2024-02-24 01:00:00,0
2024-02-24 02:00:00,0
2024-02-24 03:00:00,0
2024-02-24 04:00:00,0
2024-02-24 05:00:00,0
2024-02-24 06:00:00,0
2024-02-24 07:00:00,0
2024-02-24 08:00:00,0
2024-02-24 09:00:00,0
2024-02-24 10:00:00,0
2024-02-24 11:00:00,0
2024-02-24 12:00:00,0
2024-02-24 13:00:00,0
2024-02-24 14:00:00,0
2024-02-24 15:00:00,0
2024-02-24 16:00:00,0
2024-02-24 17:00:00,0
2024-02-24 18:00:00,0
2024-02-24 19:00:00,0
2024-02-24 20:00:00,0
2024-02-24 21:00:00,0
2024-02-24 22:00:00,0
2024-02-24 23:00:00,0
2024-02-25 00:00:00,0
2024-02-25 01:00:00,0
2024-02-25 02:00:00,0
2024-02-25 03:00:00,0
2024-02-25 04:00:00,0
2024-02-25 05:00:00,0
2024-02-25 06:00:00,0
2024-02-25 07:00:00,0
2024-02-25 08:00:00,0
2024-02-25 09:00:00,0
2024-02-25 10:00:00,0
2024-02-25 11:00:00,0
2024-02-25 12:00:00,0
2024-02-25 13:00:00,0
2024-02-25 14:00:00,0
2024-02-25 15:00:00,0
2024-02-25 16:00:00,0
2024-02-25 17:00:00,0
2024-02-25 18:00:00,0
2024-02-25 19:00:00,0
2024-02-25 20:00:00,0
2024-02-25 21:00:00,0
2024-02-25 22:00:00,0
2024-02-25 23:00:00,0
2024-02-26 00:00:00,0
2024-02-26 01:00:00,0
2024-02-26 02:00:00,0
2024-02-26 03:00:00,0
2024-02-26 04:00:00,0
2024-02-26 05:00:00,0
2024-02-26 06:00:00,0
2024-02-26 07:00:00,0
2024-02-26 08:00:00,0
2024-02-26 09:00:00,0
2024-02-26 10:00:00,0
2024-02-26 11:00:00,0
2024-02-26 12:00:00,0
2024-02-26 13:00:00,0
2024-02-26 14:00:00,0
2024-02-26 15:00:00,0
2024-02-26 16:00:00,4.460000038146973
2024-02-26 17:00:00,8.930000305175781
2024-02-26 18:00:00,13.390000343322754
2024-02-26 19:00:00,26.84000015258789
2024-02-26 20:00:00,40.290000915527344
2024-02-26 21:00:00,53.72999954223633
2024-02-26 22:00:00,40.290000915527344
2024-02-26 23:00:00,26.84000015258789
2024-02-27 00:00:00,13.390000343322754
2024-02-27 01:00:00,16.549999237060547
2024-02-27 02:00:00,19.700000762939453
2024-02-27 03:00:00,22.860000610351563
2024-02-27 04:00:00,16.25
2024-02-27 05:00:00,9.649999618530272
2024-02-27 06:00:00,3.0399999618530273
2024-02-27 07:00:00,11.5
2024-02-27 08:00:00,19.959999084472656
2024-02-27 09:00:00,28.420000076293945
2024-02-27 10:00:00,26.100000381469727
2024-02-27 11:00:00,23.780000686645508
2024-02-27 12:00:00,21.459999084472656
2024-02-27 13:00:00,14.3100004196167
2024-02-27 14:00:00,7.150000095367432
2024-02-27 15:00:00,0
2024-02-27 16:00:00,11.220000267028809
2024-02-27 17:00:00,22.440000534057617
2024-02-27 18:00:00,33.65999984741211
2024-02-27 19:00:00,22.440000534057617
2024-02-27 20:00:00,11.220000267028809
2024-02-27 21:00:00,0
2024-02-27 22:00:00,5.539999961853027
2024-02-27 23:00:00,11.06999969482422
2024-02-28 00:00:00,16.610000610351563
2024-02-28 01:00:00,11.06999969482422
2024-02-28 02:00:00,5.539999961853027
2024-02-28 03:00:00,0
2024-02-28 04:00:00,0
2024-02-28 05:00:00,0
2024-02-28 06:00:00,0
2024-02-28 07:00:00,0
2024-02-28 08:00:00,0
2024-02-28 09:00:00,0
2024-02-28 10:00:00,0
2024-02-28 11:00:00,0
2024-02-28 12:00:00,0
2024-02-28 13:00:00,0
2024-02-28 14:00:00,0
2024-02-28 15:00:00,0
2024-02-28 16:00:00,0
2024-02-28 17:00:00,0
2024-02-28 18:00:00,0
2024-02-28 19:00:00,0
2024-02-28 20:00:00,0
2024-02-28 21:00:00,0
2024-02-28 22:00:00,0
2024-02-28 23:00:00,0
2024-02-29 00:00:00,0
2024-02-29 01:00:00,0
2024-02-29 02:00:00,0
2024-02-29 03:00:00,0
2024-02-29 04:00:00,0
2024-02-29 05:00:00,0
2024-02-29 06:00:00,0
2024-02-29 07:00:00,0
2024-02-29 08:00:00,0
2024-02-29 09:00:00,0
2024-02-29 10:00:00,0
2024-02-29 11:00:00,0
2024-02-29 12:00:00,0
2024-02-29 13:00:00,0
2024-02-29 14:00:00,0
2024-02-29 15:00:00,0
2024-02-29 16:00:00,0
2024-02-29 17:00:00,0
2024-02-29 18:00:00,0
2024-02-29 19:00:00,0
2024-02-29 20:00:00,0
2024-02-29 21:00:00,0
2024-02-29 22:00:00,0
2024-02-29 23:00:00,0
2024-03-01 00:00:00,0
2024-03-01 01:00:00,0
2024-03-01 02:00:00,0
2024-03-01 03:00:00,0
2024-03-01 04:00:00,0
2024-03-01 05:00:00,0
2024-03-01 06:00:00,0
2024-03-01 07:00:00,0
2024-03-01 08:00:00,0
2024-03-01 09:00:00,0
2024-03-01 10:00:00,0
2024-03-01 11:00:00,0
2024-03-01 12:00:00,0
2024-03-01 13:00:00,0
2024-03-01 14:00:00,0
2024-03-01 15:00:00,0
2024-03-01 16:00:00,0
2024-03-01 17:00:00,0
2024-03-01 18:00:00,0
2024-03-01 19:00:00,0
2024-03-01 20:00:00,0
2024-03-01 21:00:00,0
2024-03-01 22:00:00,0
2024-03-01 23:00:00,0
2024-03-02 00:00:00,0
2024-03-02 01:00:00,0
2024-03-02 02:00:00,0
2024-03-02 03:00:00,0
2024-03-02 04:00:00,0
2024-03-02 05:00:00,0
2024-03-02 06:00:00,0
2024-03-02 07:00:00,0
2024-03-02 08:00:00,0
2024-03-02 09:00:00,0
2024-03-02 10:00:00,0
2024-03-02 11:00:00,0
2024-03-02 12:00:00,0
2024-03-02 13:00:00,0
2024-03-02 14:00:00,0
2024-03-02 15:00:00,0
2024-03-02 16:00:00,0
2024-03-02 17:00:00,0
2024-03-02 18:00:00,0
2024-03-02 19:00:00,2.2300000190734863
2024-03-02 20:00:00,4.460000038146973
2024-03-02 21:00:00,6.690000057220459
2024-03-02 22:00:00,13.9399995803833
2024-03-02 23:00:00,21.18000030517578
2024-03-03 00:00:00,28.420000076293945
2024-03-03 01:00:00,45.20000076293945
2024-03-03 02:00:00,61.97999954223633
2024-03-03 03:00:00,78.75
2024-03-03 04:00:00,66.20999908447266
2024-03-03 05:00:00,53.65999984741211
2024-03-03 06:00:00,41.119998931884766
2024-03-03 07:00:00,31.729999542236328
2024-03-03 08:00:00,22.350000381469727
2024-03-03 09:00:00,12.970000267028809
2024-03-03 10:00:00,8.640000343322754
2024-03-03 11:00:00,4.320000171661377
2024-03-03 12:00:00,0
2024-03-03 13:00:00,0
2024-03-03 14:00:00,0
2024-03-03 15:00:00,0
2024-03-03 16:00:00,17.31999969482422
2024-03-03 17:00:00,34.630001068115234
2024-03-03 18:00:00,51.95000076293945
2024-03-03 19:00:00,73.33000183105469
2024-03-03 20:00:00,94.70999908447266
2024-03-03 21:00:00,116.08999633789064
2024-03-03 22:00:00,78.410003662109375
2024-03-03 23:00:00,40.72999954223633
2024-03-04 00:00:00,3.0399999618530273
2024-03-04 01:00:00,3.2200000286102295
2024-03-04 02:00:00,3.4000000953674316
2024-03-04 03:00:00,3.569999933242798
2024-03-04 04:00:00,2.380000114440918
2024-03-04 05:00:00,1.190000057220459
2024-03-04 06:00:00,0
2024-03-04 07:00:00,0
2024-03-04 08:00:00,0
2024-03-04 09:00:00,0
2024-03-04 10:00:00,0
2024-03-04 11:00:00,0
2024-03-04 12:00:00,0
2024-03-04 13:00:00,0
2024-03-04 14:00:00,0
2024-03-04 15:00:00,0
2024-03-04 16:00:00,0.18000000715255737
2024-03-04 17:00:00,0.3499999940395355
2024-03-04 18:00:00,0.5299999713897705
2024-03-04 19:00:00,2.4100000858306885
2024-03-04 20:00:00,4.289999961853027
2024-03-04 21:00:00,6.170000076293945
2024-03-04 22:00:00,7.179999828338623
2024-03-04 23:00:00,8.1899995803833
2024-03-05 00:00:00,9.210000038146973
2024-03-05 01:00:00,6.139999866485596
2024-03-05 02:00:00,3.069999933242798
2024-03-05 03:00:00,0
2024-03-05 04:00:00,0
2024-03-05 05:00:00,0
2024-03-05 06:00:00,0
2024-03-05 07:00:00,0
2024-03-05 08:00:00,0
2024-03-05 09:00:00,0
2024-03-05 10:00:00,0
2024-03-05 11:00:00,0
2024-03-05 12:00:00,0
2024-03-05 13:00:00,0
2024-03-05 14:00:00,0
2024-03-05 15:00:00,0
2024-03-05 16:00:00,0.18000000715255737
2024-03-05 17:00:00,0.3499999940395355
2024-03-05 18:00:00,0.5299999713897705
2024-03-05 19:00:00,4.880000114440918
2024-03-05 20:00:00,9.229999542236328
2024-03-05 21:00:00,13.56999969482422
2024-03-05 22:00:00,10.149999618530272
2024-03-05 23:00:00,6.730000019073486
2024-03-06 00:00:00,3.309999942779541
2024-03-06 01:00:00,2.200000047683716
2024-03-06 02:00:00,1.100000023841858
2024-03-06 03:00:00,0
2024-03-06 04:00:00,0
2024-03-06 05:00:00,0
2024-03-06 06:00:00,0
2024-03-06 07:00:00,0
2024-03-06 08:00:00,0
2024-03-06 09:00:00,0
2024-03-06 10:00:00,0
2024-03-06 11:00:00,0
2024-03-06 12:00:00,0
2024-03-06 13:00:00,0
2024-03-06 14:00:00,0
2024-03-06 15:00:00,0
2024-03-06 16:00:00,2.2300000190734863
2024-03-06 17:00:00,4.460000038146973
2024-03-06 18:00:00,6.690000057220459
2024-03-06 19:00:00,11.449999809265137
2024-03-06 20:00:00,16.209999084472656
2024-03-06 21:00:00,20.979999542236328
2024-03-06 22:00:00,28.3700008392334
2024-03-06 23:00:00,35.7599983215332
2024-03-07 00:00:00,43.150001525878906
2024-03-07 01:00:00,31.88999938964844
2024-03-07 02:00:00,20.63999938964844
2024-03-07 03:00:00,9.390000343322754
2024-03-07 04:00:00,7.28000020980835
2024-03-07 05:00:00,5.159999847412109
2024-03-07 06:00:00,3.0399999618530273
2024-03-07 07:00:00,2.0299999713897705
2024-03-07 08:00:00,1.0099999904632568
2024-03-07 09:00:00,0
2024-03-07 10:00:00,0
2024-03-07 11:00:00,0
2024-03-07 12:00:00,0
2024-03-07 13:00:00,0
2024-03-07 14:00:00,0
2024-03-07 15:00:00,0
2024-03-07 16:00:00,0.18000000715255737
2024-03-07 17:00:00,0.3499999940395355
2024-03-07 18:00:00,0.5299999713897705
2024-03-07 19:00:00,2.759999990463257
2024-03-07 20:00:00,4.989999771118164
2024-03-07 21:00:00,7.21999979019165
2024-03-07 22:00:00,4.989999771118164
2024-03-07 23:00:00,2.759999990463257
2024-03-08 00:00:00,0.5299999713897705
2024-03-08 01:00:00,1.8700000047683716
2024-03-08 02:00:00,3.2200000286102295
2024-03-08 03:00:00,4.570000171661377
2024-03-08 04:00:00,4.150000095367432
2024-03-08 05:00:00,3.7300000190734863
2024-03-08 06:00:00,3.309999942779541
2024-03-08 07:00:00,3.2200000286102295
2024-03-08 08:00:00,3.130000114440918
2024-03-08 09:00:00,3.0399999618530273
2024-03-08 10:00:00,3.0399999618530273
2024-03-08 11:00:00,3.0399999618530273
2024-03-08 12:00:00,3.0399999618530273
2024-03-08 13:00:00,2.0299999713897705
2024-03-08 14:00:00,1.0099999904632568
2024-03-08 15:00:00,0
2024-03-08 16:00:00,2.2300000190734863
2024-03-08 17:00:00,4.460000038146973
2024-03-08 18:00:00,6.690000057220459
2024-03-08 19:00:00,10.720000267028809
2024-03-08 20:00:00,14.739999771118164
2024-03-08 21:00:00,18.760000228881836
2024-03-08 22:00:00,12.510000228881836
2024-03-08 23:00:00,6.25
2024-03-09 00:00:00,0
2024-03-09 01:00:00,0
2024-03-09 02:00:00,0
2024-03-09 03:00:00,0
2024-03-09 04:00:00,0
2024-03-09 05:00:00,0
2024-03-09 06:00:00,0
2024-03-09 07:00:00,0
2024-03-09 08:00:00,0
2024-03-09 09:00:00,0
2024-03-09 10:00:00,0
2024-03-09 11:00:00,0
2024-03-09 12:00:00,0
2024-03-09 13:00:00,0
2024-03-09 14:00:00,0
2024-03-09 15:00:00,0
2024-03-09 16:00:00,0
2024-03-09 17:00:00,0
2024-03-09 18:00:00,0
2024-03-09 19:00:00,0
2024-03-09 20:00:00,0
2024-03-09 21:00:00,0
2024-03-09 22:00:00,0
2024-03-09 23:00:00,0
2024-03-10 00:00:00,0
2024-03-10 01:00:00,0
2024-03-10 02:00:00,0
2024-03-10 03:00:00,0
2024-03-10 04:00:00,0
2024-03-10 05:00:00,0
2024-03-10 06:00:00,0
2024-03-10 07:00:00,0
2024-03-10 08:00:00,0
2024-03-10 09:00:00,0
2024-03-10 10:00:00,0
2024-03-10 11:00:00,0
2024-03-10 12:00:00,0
2024-03-10 13:00:00,0
2024-03-10 14:00:00,0
2024-03-10 15:00:00,0
2024-03-10 16:00:00,0
2024-03-10 17:00:00,0
2024-03-10 18:00:00,0
2024-03-10 19:00:00,0
2024-03-10 20:00:00,0
2024-03-10 21:00:00,0
2024-03-10 22:00:00,0
2024-03-10 23:00:00,0
2024-03-11 00:00:00,0
2024-03-11 01:00:00,0
2024-03-11 02:00:00,0
2024-03-11 03:00:00,0
2024-03-11 04:00:00,0
2024-03-11 05:00:00,0
2024-03-11 06:00:00,0
2024-03-11 07:00:00,0
2024-03-11 08:00:00,0
2024-03-11 09:00:00,0
2024-03-11 10:00:00,0
2024-03-11 11:00:00,0
2024-03-11 12:00:00,0
2024-03-11 13:00:00,0
2024-03-11 14:00:00,0
2024-03-11 15:00:00,0
2024-03-11 16:00:00,0
2024-03-11 17:00:00,0
2024-03-11 18:00:00,0
2024-03-11 19:00:00,0
2024-03-11 20:00:00,0
2024-03-11 21:00:00,0
2024-03-11 22:00:00,0
2024-03-11 23:00:00,0
2024-03-12 00:00:00,0
2024-03-12 01:00:00,1.0099999904632568
2024-03-12 02:00:00,2.0299999713897705
2024-03-12 03:00:00,3.0399999618530273
2024-03-12 04:00:00,6.110000133514404
2024-03-12 05:00:00,9.18000030517578
2024-03-12 06:00:00,12.25
2024-03-12 07:00:00,8.170000076293945
2024-03-12 08:00:00,4.079999923706055
2024-03-12 09:00:00,0
2024-03-12 10:00:00,0
2024-03-12 11:00:00,0
2024-03-12 12:00:00,0
2024-03-12 13:00:00,0
2024-03-12 14:00:00,0
2024-03-12 15:00:00,0
2024-03-12 16:00:00,0
2024-03-12 17:00:00,0
2024-03-12 18:00:00,0
2024-03-12 19:00:00,0
2024-03-12 20:00:00,0
2024-03-12 21:00:00,0
2024-03-12 22:00:00,1.0099999904632568
2024-03-12 23:00:00,2.0299999713897705
2024-03-13 00:00:00,3.0399999618530273
2024-03-13 01:00:00,3.0399999618530273
2024-03-13 02:00:00,3.0399999618530273
2024-03-13 03:00:00,3.0399999618530273
2024-03-13 04:00:00,3.0399999618530273
2024-03-13 05:00:00,3.0399999618530273
2024-03-13 06:00:00,3.0399999618530273
2024-03-13 07:00:00,2.0299999713897705
2024-03-13 08:00:00,1.0099999904632568
2024-03-13 09:00:00,0
2024-03-13 10:00:00,0
2024-03-13 11:00:00,0
2024-03-13 12:00:00,0
2024-03-13 13:00:00,0
2024-03-13 14:00:00,0
2024-03-13 15:00:00,0
2024-03-13 16:00:00,14.109999656677246
2024-03-13 17:00:00,28.219999313354492
2024-03-13 18:00:00,42.34000015258789
2024-03-13 19:00:00,34.540000915527344
2024-03-13 20:00:00,26.739999771118164
2024-03-13 21:00:00,18.950000762939453
2024-03-13 22:00:00,22.190000534057617
2024-03-13 23:00:00,25.440000534057617
2024-03-14 00:00:00,28.68000030517578
2024-03-14 01:00:00,28.68000030517578
2024-03-14 02:00:00,28.68000030517578
2024-03-14 03:00:00,28.68000030517578
2024-03-14 04:00:00,19.1200008392334
2024-03-14 05:00:00,9.5600004196167
2024-03-14 06:00:00,0
2024-03-14 07:00:00,1.0099999904632568
2024-03-14 08:00:00,2.0299999713897705
2024-03-14 09:00:00,3.0399999618530273
2024-03-14 10:00:00,2.0299999713897705
2024-03-14 11:00:00,1.0099999904632568
2024-03-14 12:00:00,0
2024-03-14 13:00:00,0
2024-03-14 14:00:00,0
2024-03-14 15:00:00,0
2024-03-14 16:00:00,0
2024-03-14 17:00:00,0
2024-03-14 18:00:00,0
2024-03-14 19:00:00,0.09000000357627869
2024-03-14 20:00:00,0.17000000178813934
2024-03-14 21:00:00,0.25999999046325684
2024-03-14 22:00:00,4.409999847412109
2024-03-14 23:00:00,8.550000190734863
2024-03-15 00:00:00,12.699999809265137
2024-03-15 01:00:00,8.550000190734863
2024-03-15 02:00:00,4.409999847412109
2024-03-15 03:00:00,0.25999999046325684
2024-03-15 04:00:00,0.25999999046325684
2024-03-15 05:00:00,0.25999999046325684
2024-03-15 06:00:00,0.25999999046325684
2024-03-15 07:00:00,0.17000000178813934
2024-03-15 08:00:00,0.09000000357627869
2024-03-15 09:00:00,0
2024-03-15 10:00:00,0
2024-03-15 11:00:00,0
2024-03-15 12:00:00,0
2024-03-15 13:00:00,0
2024-03-15 14:00:00,0
2024-03-15 15:00:00,0
2024-03-15 16:00:00,0
2024-03-15 17:00:00,0
2024-03-15 18:00:00,0
2024-03-15 19:00:00,0
2024-03-15 20:00:00,0
2024-03-15 21:00:00,0
2024-03-15 22:00:00,0
2024-03-15 23:00:00,0
2024-03-16 00:00:00,0
2024-03-16 01:00:00,0
2024-03-16 02:00:00,0
2024-03-16 03:00:00,0
2024-03-16 04:00:00,0
2024-03-16 05:00:00,0
2024-03-16 06:00:00,0
2024-03-16 07:00:00,0
2024-03-16 08:00:00,0
2024-03-16 09:00:00,0
2024-03-16 10:00:00,0
2024-03-16 11:00:00,0
2024-03-16 12:00:00,0
2024-03-16 13:00:00,0
2024-03-16 14:00:00,0
2024-03-16 15:00:00,0
2024-03-16 16:00:00,0
2024-03-16 17:00:00,0
2024-03-16 18:00:00,0
2024-03-16 19:00:00,0
2024-03-16 20:00:00,0
2024-03-16 21:00:00,0
2024-03-16 22:00:00,0
2024-03-16 23:00:00,0
2024-03-17 00:00:00,0
2024-03-17 01:00:00,1.0099999904632568
2024-03-17 02:00:00,2.0299999713897705
2024-03-17 03:00:00,3.0399999618530273
2024-03-17 04:00:00,2.0299999713897705
2024-03-17 05:00:00,1.0099999904632568
2024-03-17 06:00:00,0
2024-03-17 07:00:00,0
2024-03-17 08:00:00,0
2024-03-17 09:00:00,0
2024-03-17 10:00:00,0
2024-03-17 11:00:00,0
2024-03-17 12:00:00,0
2024-03-17 13:00:00,0
2024-03-17 14:00:00,0
2024-03-17 15:00:00,0
2024-03-17 16:00:00,1.0099999904632568
2024-03-17 17:00:00,2.0299999713897705
2024-03-17 18:00:00,3.0399999618530273
2024-03-17 19:00:00,3.0399999618530273
2024-03-17 20:00:00,3.0399999618530273
2024-03-17 21:00:00,3.0399999618530273
2024-03-17 22:00:00,2.0299999713897705
2024-03-17 23:00:00,1.0099999904632568
2024-03-18 00:00:00,0
2024-03-18 01:00:00,0
2024-03-18 02:00:00,0
2024-03-18 03:00:00,0
2024-03-18 04:00:00,0
2024-03-18 05:00:00,0
2024-03-18 06:00:00,0
2024-03-18 07:00:00,0
2024-03-18 08:00:00,0
2024-03-18 09:00:00,0
2024-03-18 10:00:00,0
2024-03-18 11:00:00,0
2024-03-18 12:00:00,0
2024-03-18 13:00:00,0
2024-03-18 14:00:00,0
2024-03-18 15:00:00,0
2024-03-18 16:00:00,0
2024-03-18 17:00:00,0
2024-03-18 18:00:00,0
2024-03-18 19:00:00,0
2024-03-18 20:00:00,0
2024-03-18 21:00:00,0
2024-03-18 22:00:00,0
2024-03-18 23:00:00,0
2024-03-19 00:00:00,0
2024-03-19 01:00:00,0
2024-03-19 02:00:00,0
2024-03-19 03:00:00,0
2024-03-19 04:00:00,0
2024-03-19 05:00:00,0
2024-03-19 06:00:00,0
2024-03-19 07:00:00,0
2024-03-19 08:00:00,0
2024-03-19 09:00:00,0
2024-03-19 10:00:00,0
2024-03-19 11:00:00,0
2024-03-19 12:00:00,0
2024-03-19 13:00:00,0
2024-03-19 14:00:00,0
2024-03-19 15:00:00,0
2024-03-19 16:00:00,0
2024-03-19 17:00:00,0
2024-03-19 18:00:00,0
2024-03-19 19:00:00,0
2024-03-19 20:00:00,0
2024-03-19 21:00:00,0
2024-03-19 22:00:00,0
2024-03-19 23:00:00,0
2024-03-20 00:00:00,0
2024-03-20 01:00:00,0
2024-03-20 02:00:00,0
2024-03-20 03:00:00,0
2024-03-20 04:00:00,0
2024-03-20 05:00:00,0
2024-03-20 06:00:00,0
2024-03-20 07:00:00,0
2024-03-20 08:00:00,0
2024-03-20 09:00:00,0
2024-03-20 10:00:00,0
2024-03-20 11:00:00,0
2024-03-20 12:00:00,0
2024-03-20 13:00:00,0
2024-03-20 14:00:00,0
2024-03-20 15:00:00,0
2024-03-20 16:00:00,0
2024-03-20 17:00:00,0
2024-03-20 18:00:00,0
2024-03-20 19:00:00,0
2024-03-20 20:00:00,0
2024-03-20 21:00:00,0
2024-03-20 22:00:00,0
2024-03-20 23:00:00,0
2024-03-21 00:00:00,0
2024-03-21 01:00:00,0
2024-03-21 02:00:00,0
2024-03-21 03:00:00,0
2024-03-21 04:00:00,0
2024-03-21 05:00:00,0
2024-03-21 06:00:00,0
2024-03-21 07:00:00,0
2024-03-21 08:00:00,0
2024-03-21 09:00:00,0
2024-03-21 10:00:00,0
2024-03-21 11:00:00,0
2024-03-21 12:00:00,0
2024-03-21 13:00:00,0
2024-03-21 14:00:00,0
2024-03-21 15:00:00,0
2024-03-21 16:00:00,0
2024-03-21 17:00:00,0
2024-03-21 18:00:00,0
2024-03-21 19:00:00,0
2024-03-21 20:00:00,0
2024-03-21 21:00:00,0
2024-03-21 22:00:00,2.059999942779541
2024-03-21 23:00:00,4.110000133514404
2024-03-22 00:00:00,6.170000076293945
2024-03-22 01:00:00,6.170000076293945
2024-03-22 02:00:00,6.170000076293945
2024-03-22 03:00:00,6.170000076293945
2024-03-22 04:00:00,4.110000133514404
2024-03-22 05:00:00,2.059999942779541
2024-03-22 06:00:00,0
2024-03-22 07:00:00,0
2024-03-22 08:00:00,0
2024-03-22 09:00:00,0
2024-03-22 10:00:00,0
2024-03-22 11:00:00,0
2024-03-22 12:00:00,0
2024-03-22 13:00:00,0
2024-03-22 14:00:00,0
2024-03-22 15:00:00,0
2024-03-22 16:00:00,0
2024-03-22 17:00:00,0
2024-03-22 18:00:00,0
2024-03-22 19:00:00,0
2024-03-22 20:00:00,0
2024-03-22 21:00:00,0
2024-03-22 22:00:00,0.09000000357627869
2024-03-22 23:00:00,0.17000000178813934
2024-03-23 00:00:00,0.25999999046325684
2024-03-23 01:00:00,0.17000000178813934
2024-03-23 02:00:00,0.09000000357627869
2024-03-23 03:00:00,0
2024-03-23 04:00:00,0
2024-03-23 05:00:00,0
2024-03-23 06:00:00,0
2024-03-23 07:00:00,0
2024-03-23 08:00:00,0
2024-03-23 09:00:00,0
2024-03-23 10:00:00,0
2024-03-23 11:00:00,0
2024-03-23 12:00:00,0
2024-03-23 13:00:00,0
2024-03-23 14:00:00,0
2024-03-23 15:00:00,0
2024-03-23 16:00:00,0
2024-03-23 17:00:00,0
2024-03-23 18:00:00,0
2024-03-23 19:00:00,10.720000267028809
2024-03-23 20:00:00,21.450000762939453
2024-03-23 21:00:00,32.16999816894531
2024-03-23 22:00:00,23.559999465942383
2024-03-23 23:00:00,14.960000038146973
2024-03-24 00:00:00,6.349999904632568
2024-03-24 01:00:00,14.579999923706056
2024-03-24 02:00:00,22.809999465942383
2024-03-24 03:00:00,31.040000915527344
2024-03-24 04:00:00,22.809999465942383
2024-03-24 05:00:00,14.579999923706056
2024-03-24 06:00:00,6.349999904632568
2024-03-24 07:00:00,4.230000019073486
2024-03-24 08:00:00,2.119999885559082
2024-03-24 09:00:00,0
2024-03-24 10:00:00,0
2024-03-24 11:00:00,0
2024-03-24 12:00:00,0
2024-03-24 13:00:00,0
2024-03-24 14:00:00,0
2024-03-24 15:00:00,0
2024-03-24 16:00:00,1.0099999904632568
2024-03-24 17:00:00,2.0299999713897705
2024-03-24 18:00:00,3.0399999618530273
2024-03-24 19:00:00,16.440000534057617
2024-03-24 20:00:00,29.829999923706055
2024-03-24 21:00:00,43.22999954223633
2024-03-24 22:00:00,28.81999969482422
2024-03-24 23:00:00,14.40999984741211
2024-03-25 00:00:00,0
2024-03-25 01:00:00,0
2024-03-25 02:00:00,0
2024-03-25 03:00:00,0
2024-03-25 04:00:00,0
2024-03-25 05:00:00,0
2024-03-25 06:00:00,0
2024-03-25 07:00:00,0
2024-03-25 08:00:00,0
2024-03-25 09:00:00,0
2024-03-25 10:00:00,0
2024-03-25 11:00:00,0
2024-03-25 12:00:00,0
2024-03-25 13:00:00,0
2024-03-25 14:00:00,0
2024-03-25 15:00:00,0
2024-03-25 16:00:00,0
2024-03-25 17:00:00,0
2024-03-25 18:00:00,0
2024-03-25 19:00:00,0
2024-03-25 20:00:00,0
2024-03-25 21:00:00,0
2024-03-25 22:00:00,2.059999942779541
2024-03-25 23:00:00,4.110000133514404
2024-03-26 00:00:00,6.170000076293945
2024-03-26 01:00:00,4.110000133514404
2024-03-26 02:00:00,2.059999942779541
2024-03-26 03:00:00,0
2024-03-26 04:00:00,0
2024-03-26 05:00:00,0
2024-03-26 06:00:00,0
2024-03-26 07:00:00,0
2024-03-26 08:00:00,0
2024-03-26 09:00:00,0
2024-03-26 10:00:00,0
2024-03-26 11:00:00,0
2024-03-26 12:00:00,0
2024-03-26 13:00:00,0
2024-03-26 14:00:00,0
2024-03-26 15:00:00,0
2024-03-26 16:00:00,13.06999969482422
2024-03-26 17:00:00,26.13999938964844
2024-03-26 18:00:00,39.220001220703125
2024-03-26 19:00:00,45.880001068115234
2024-03-26 20:00:00,52.54999923706055
2024-03-26 21:00:00,59.220001220703125
2024-03-26 22:00:00,41.86000061035156
2024-03-26 23:00:00,24.5
2024-03-27 00:00:00,7.139999866485596
2024-03-27 01:00:00,5.769999980926514
2024-03-27 02:00:00,4.409999847412109
2024-03-27 03:00:00,3.0399999618530273
2024-03-27 04:00:00,2.0299999713897705
2024-03-27 05:00:00,1.0099999904632568
2024-03-27 06:00:00,0
2024-03-27 07:00:00,0
2024-03-27 08:00:00,0
2024-03-27 09:00:00,0
2024-03-27 10:00:00,0
2024-03-27 11:00:00,0
2024-03-27 12:00:00,0
2024-03-27 13:00:00,2.2300000190734863
2024-03-27 14:00:00,4.460000038146973
2024-03-27 15:00:00,6.690000057220459
2024-03-27 16:00:00,24.489999771118164
2024-03-27 17:00:00,42.279998779296875
2024-03-27 18:00:00,60.08000183105469
2024-03-27 19:00:00,56.540000915527344
2024-03-27 20:00:00,53.0099983215332
2024-03-27 21:00:00,49.470001220703125
2024-03-27 22:00:00,34
2024-03-27 23:00:00,18.520000457763672
2024-03-28 00:00:00,3.0399999618530273
2024-03-28 01:00:00,2.0299999713897705
2024-03-28 02:00:00,1.0099999904632568
2024-03-28 03:00:00,0
2024-03-28 04:00:00,0
2024-03-28 05:00:00,0
2024-03-28 06:00:00,0
2024-03-28 07:00:00,0
2024-03-28 08:00:00,0
2024-03-28 09:00:00,0
2024-03-28 10:00:00,0
2024-03-28 11:00:00,0
2024-03-28 12:00:00,0
2024-03-28 13:00:00,0
2024-03-28 14:00:00,0
2024-03-28 15:00:00,0
2024-03-28 16:00:00,0
2024-03-28 17:00:00,0
2024-03-28 18:00:00,0
2024-03-28 19:00:00,0
2024-03-28 20:00:00,0
2024-03-28 21:00:00,0
2024-03-28 22:00:00,0
2024-03-28 23:00:00,0
2024-03-29 00:00:00,0
2024-03-29 01:00:00,0
2024-03-29 02:00:00,0
2024-03-29 03:00:00,0
2024-03-29 04:00:00,0
2024-03-29 05:00:00,0
2024-03-29 06:00:00,0
2024-03-29 07:00:00,0
2024-03-29 08:00:00,0
2024-03-29 09:00:00,0
2024-03-29 10:00:00,0
2024-03-29 11:00:00,0
2024-03-29 12:00:00,0
2024-03-29 13:00:00,0
2024-03-29 14:00:00,0
2024-03-29 15:00:00,0
2024-03-29 16:00:00,0
2024-03-29 17:00:00,0
2024-03-29 18:00:00,0
2024-03-29 19:00:00,0
2024-03-29 20:00:00,0
2024-03-29 21:00:00,0
2024-03-29 22:00:00,7.659999847412109
2024-03-29 23:00:00,15.3100004196167
2024-03-30 00:00:00,22.969999313354492
2024-03-30 01:00:00,15.3100004196167
2024-03-30 02:00:00,7.659999847412109
2024-03-30 03:00:00,0
2024-03-30 04:00:00,0
2024-03-30 05:00:00,0
2024-03-30 06:00:00,0
2024-03-30 07:00:00,0
2024-03-30 08:00:00,0
2024-03-30 09:00:00,0
2024-03-30 10:00:00,0
2024-03-30 11:00:00,0
2024-03-30 12:00:00,0
2024-03-30 13:00:00,0
2024-03-30 14:00:00,0
2024-03-30 15:00:00,0
2024-03-30 16:00:00,0
2024-03-30 17:00:00,0
2024-03-30 18:00:00,0
2024-03-30 19:00:00,0
2024-03-30 20:00:00,0
2024-03-30 21:00:00,0
2024-03-30 22:00:00,19.88999938964844
2024-03-30 23:00:00,39.77000045776367
2024-03-31 00:00:00,59.65999984741211
2024-03-31 01:00:00,46.9900016784668
2024-03-31 02:00:00,34.31999969482422
2024-03-31 03:00:00,21.649999618530273
2024-03-31 04:00:00,33.40999984741211
2024-03-31 05:00:00,45.18000030517578
2024-03-31 06:00:00,56.95000076293945
2024-03-31 07:00:00,38.97999954223633
2024-03-31 08:00:00,21.010000228881836
2024-03-31 09:00:00,3.0399999618530273
2024-03-31 10:00:00,2.0299999713897705
2024-03-31 11:00:00,1.0099999904632568
2024-03-31 12:00:00,0
2024-03-31 13:00:00,0
2024-03-31 14:00:00,0
2024-03-31 15:00:00,0
2024-03-31 16:00:00,10.029999732971191
2024-03-31 17:00:00,20.059999465942383
2024-03-31 18:00:00,30.079999923706055
2024-03-31 19:00:00,35.5099983215332
2024-03-31 20:00:00,40.93000030517578
2024-03-31 21:00:00,46.36000061035156
2024-03-31 22:00:00,68.01000213623047
2024-03-31 23:00:00,89.660003662109375
2024-04-01 00:00:00,111.30999755859376
2024-04-01 01:00:00,83.44999694824219
2024-04-01 02:00:00,55.59000015258789
2024-04-01 03:00:00,27.739999771118164
2024-04-01 04:00:00,18.489999771118164
2024-04-01 05:00:00,9.25
2024-04-01 06:00:00,0
2024-04-01 07:00:00,1.0099999904632568
2024-04-01 08:00:00,2.0299999713897705
2024-04-01 09:00:00,3.0399999618530273
2024-04-01 10:00:00,3.0399999618530273
2024-04-01 11:00:00,3.0399999618530273
2024-04-01 12:00:00,3.0399999618530273
2024-04-01 13:00:00,12.720000267028809
2024-04-01 14:00:00,22.38999938964844
2024-04-01 15:00:00,32.060001373291016
2024-04-01 16:00:00,27.88999938964844
2024-04-01 17:00:00,23.719999313354492
2024-04-01 18:00:00,19.549999237060547
2024-04-01 19:00:00,34.13999938964844
2024-04-01 20:00:00,48.72999954223633
2024-04-01 21:00:00,63.310001373291016
2024-04-01 22:00:00,42.209999084472656
2024-04-01 23:00:00,21.100000381469727
2024-04-02 00:00:00,0
2024-04-02 01:00:00,0
2024-04-02 02:00:00,0
2024-04-02 03:00:00,0
2024-04-02 04:00:00,0
2024-04-02 05:00:00,0
2024-04-02 06:00:00,0
2024-04-02 07:00:00,0
2024-04-02 08:00:00,0
2024-04-02 09:00:00,0
2024-04-02 10:00:00,0
2024-04-02 11:00:00,0
2024-04-02 12:00:00,0
2024-04-02 13:00:00,0
2024-04-02 14:00:00,0
2024-04-02 15:00:00,0
2024-04-02 16:00:00,0
2024-04-02 17:00:00,0
2024-04-02 18:00:00,0
2024-04-02 19:00:00,0
2024-04-02 20:00:00,0
2024-04-02 21:00:00,0
2024-04-02 22:00:00,0
2024-04-02 23:00:00,0
2024-04-03 00:00:00,0
2024-04-03 01:00:00,0
2024-04-03 02:00:00,0
2024-04-03 03:00:00,0
2024-04-03 04:00:00,0
2024-04-03 05:00:00,0
2024-04-03 06:00:00,0
2024-04-03 07:00:00,0
2024-04-03 08:00:00,0
2024-04-03 09:00:00,0
2024-04-03 10:00:00,0
2024-04-03 11:00:00,0
2024-04-03 12:00:00,0
2024-04-03 13:00:00,0
2024-04-03 14:00:00,0
2024-04-03 15:00:00,0
2024-04-03 16:00:00,0
2024-04-03 17:00:00,0
2024-04-03 18:00:00,0
2024-04-03 19:00:00,0
2024-04-03 20:00:00,0
2024-04-03 21:00:00,0
2024-04-03 22:00:00,0
2024-04-03 23:00:00,0
2024-04-04 00:00:00,0
2024-04-04 01:00:00,0
2024-04-04 02:00:00,0
2024-04-04 03:00:00,0
2024-04-04 04:00:00,0
2024-04-04 05:00:00,0
2024-04-04 06:00:00,0
2024-04-04 07:00:00,0
2024-04-04 08:00:00,0
2024-04-04 09:00:00,0
2024-04-04 10:00:00,0
2024-04-04 11:00:00,0
2024-04-04 12:00:00,0
2024-04-04 13:00:00,0
2024-04-04 14:00:00,0
2024-04-04 15:00:00,0
2024-04-04 16:00:00,0
2024-04-04 17:00:00,0
2024-04-04 18:00:00,0
2024-04-04 19:00:00,0
2024-04-04 20:00:00,0
2024-04-04 21:00:00,0
2024-04-04 22:00:00,0
2024-04-04 23:00:00,0
2024-04-05 00:00:00,0
2024-04-05 01:00:00,0
2024-04-05 02:00:00,0
2024-04-05 03:00:00,0
2024-04-05 04:00:00,0
2024-04-05 05:00:00,0
2024-04-05 06:00:00,0
2024-04-05 07:00:00,0
2024-04-05 08:00:00,0
2024-04-05 09:00:00,0
2024-04-05 10:00:00,0
2024-04-05 11:00:00,0
2024-04-05 12:00:00,0
2024-04-05 13:00:00,0
2024-04-05 14:00:00,0
2024-04-05 15:00:00,0
2024-04-05 16:00:00,0
2024-04-05 17:00:00,0
2024-04-05 18:00:00,0
2024-04-05 19:00:00,0
2024-04-05 20:00:00,0
2024-04-05 21:00:00,0
2024-04-05 22:00:00,0.3499999940395355
2024-04-05 23:00:00,0.7099999785423279
2024-04-06 00:00:00,1.059999942779541
2024-04-06 01:00:00,4.300000190734863
2024-04-06 02:00:00,7.550000190734863
2024-04-06 03:00:00,10.800000190734863
2024-04-06 04:00:00,18.219999313354492
2024-04-06 05:00:00,25.6299991607666
2024-04-06 06:00:00,33.04999923706055
2024-04-06 07:00:00,24.149999618530273
2024-04-06 08:00:00,15.25
2024-04-06 09:00:00,6.349999904632568
2024-04-06 10:00:00,4.230000019073486
2024-04-06 11:00:00,2.119999885559082
2024-04-06 12:00:00,0
2024-04-06 13:00:00,0
2024-04-06 14:00:00,0
2024-04-06 15:00:00,0
2024-04-06 16:00:00,0
2024-04-06 17:00:00,0
2024-04-06 18:00:00,0
2024-04-06 19:00:00,0.18000000715255737
2024-04-06 20:00:00,0.3499999940395355
2024-04-06 21:00:00,0.5299999713897705
2024-04-06 22:00:00,0.5299999713897705
2024-04-06 23:00:00,0.5299999713897705
2024-04-07 00:00:00,0.5299999713897705
2024-04-07 01:00:00,6.869999885559082
2024-04-07 02:00:00,13.210000038146973
2024-04-07 03:00:00,19.549999237060547
2024-04-07 04:00:00,13.039999961853027
2024-04-07 05:00:00,6.519999980926514
2024-04-07 06:00:00,0
2024-04-07 07:00:00,0
2024-04-07 08:00:00,0
2024-04-07 09:00:00,0
2024-04-07 10:00:00,0
2024-04-07 11:00:00,0
2024-04-07 12:00:00,0
2024-04-07 13:00:00,0
2024-04-07 14:00:00,0
2024-04-07 15:00:00,0
2024-04-07 16:00:00,0
2024-04-07 17:00:00,0
2024-04-07 18:00:00,0
2024-04-07 19:00:00,0
2024-04-07 20:00:00,0
2024-04-07 21:00:00,0
2024-04-07 22:00:00,0
2024-04-07 23:00:00,0
2024-04-08 00:00:00,0
2024-04-08 01:00:00,0
2024-04-08 02:00:00,0
2024-04-08 03:00:00,0
2024-04-08 04:00:00,0
2024-04-08 05:00:00,0
2024-04-08 06:00:00,0
2024-04-08 07:00:00,0
2024-04-08 08:00:00,0
2024-04-08 09:00:00,0
2024-04-08 10:00:00,0
2024-04-08 11:00:00,0
2024-04-08 12:00:00,0
2024-04-08 13:00:00,0
2024-04-08 14:00:00,0
2024-04-08 15:00:00,0
2024-04-08 16:00:00,0
2024-04-08 17:00:00,0
2024-04-08 18:00:00,0
2024-04-08 19:00:00,0
2024-04-08 20:00:00,0
2024-04-08 21:00:00,0
2024-04-08 22:00:00,1.190000057220459
2024-04-08 23:00:00,2.380000114440918
2024-04-09 00:00:00,3.569999933242798
2024-04-09 01:00:00,2.380000114440918
2024-04-09 02:00:00,1.190000057220459
2024-04-09 03:00:00,0
2024-04-09 04:00:00,0
2024-04-09 05:00:00,0
2024-04-09 06:00:00,0
2024-04-09 07:00:00,0
2024-04-09 08:00:00,0
2024-04-09 09:00:00,0
2024-04-09 10:00:00,0
2024-04-09 11:00:00,0
2024-04-09 12:00:00,0
2024-04-09 13:00:00,0
2024-04-09 14:00:00,0
2024-04-09 15:00:00,0
2024-04-09 16:00:00,0
2024-04-09 17:00:00,0
2024-04-09 18:00:00,0
2024-04-09 19:00:00,0
2024-04-09 20:00:00,0
2024-04-09 21:00:00,0
2024-04-09 22:00:00,0
2024-04-09 23:00:00,0
2024-04-10 00:00:00,0
2024-04-10 01:00:00,0
2024-04-10 02:00:00,0
2024-04-10 03:00:00,0
2024-04-10 04:00:00,0
2024-04-10 05:00:00,0
2024-04-10 06:00:00,0
2024-04-10 07:00:00,0
2024-04-10 08:00:00,0
2024-04-10 09:00:00,0
2024-04-10 10:00:00,0
2024-04-10 11:00:00,0
2024-04-10 12:00:00,0
2024-04-10 13:00:00,0
2024-04-10 14:00:00,0
2024-04-10 15:00:00,0
2024-04-10 16:00:00,2.059999942779541
2024-04-10 17:00:00,4.110000133514404
2024-04-10 18:00:00,6.170000076293945
2024-04-10 19:00:00,7.179999828338623
2024-04-10 20:00:00,8.1899995803833
2024-04-10 21:00:00,9.210000038146973
2024-04-10 22:00:00,6.139999866485596
2024-04-10 23:00:00,3.069999933242798
2024-04-11 00:00:00,0
2024-04-11 01:00:00,0
2024-04-11 02:00:00,0
2024-04-11 03:00:00,0
2024-04-11 04:00:00,0
2024-04-11 05:00:00,0
2024-04-11 06:00:00,0
2024-04-11 07:00:00,0
2024-04-11 08:00:00,0
2024-04-11 09:00:00,0
2024-04-11 10:00:00,0
2024-04-11 11:00:00,0
2024-04-11 12:00:00,0
2024-04-11 13:00:00,0
2024-04-11 14:00:00,0
2024-04-11 15:00:00,0
2024-04-11 16:00:00,0
2024-04-11 17:00:00,0
2024-04-11 18:00:00,0
2024-04-11 19:00:00,0
2024-04-11 20:00:00,0
2024-04-11 21:00:00,0
2024-04-11 22:00:00,0
2024-04-11 23:00:00,0
2024-04-12 00:00:00,0
2024-04-12 01:00:00,0
2024-04-12 02:00:00,0
2024-04-12 03:00:00,0
2024-04-12 04:00:00,0
2024-04-12 05:00:00,0
2024-04-12 06:00:00,0
2024-04-12 07:00:00,0
2024-04-12 08:00:00,0
2024-04-12 09:00:00,0
2024-04-12 10:00:00,0
2024-04-12 11:00:00,0
2024-04-12 12:00:00,0
2024-04-12 13:00:00,0
2024-04-12 14:00:00,0
2024-04-12 15:00:00,0
2024-04-12 16:00:00,0
2024-04-12 17:00:00,0
2024-04-12 18:00:00,0
2024-04-12 19:00:00,0
2024-04-12 20:00:00,0
2024-04-12 21:00:00,0
2024-04-12 22:00:00,0
2024-04-12 23:00:00,0
2024-04-13 00:00:00,0
2024-04-13 01:00:00,2.119999885559082
2024-04-13 02:00:00,4.230000019073486
2024-04-13 03:00:00,6.349999904632568
2024-04-13 04:00:00,4.230000019073486
2024-04-13 05:00:00,2.119999885559082
2024-04-13 06:00:00,0
2024-04-13 07:00:00,1.0099999904632568
2024-04-13 08:00:00,2.0299999713897705
2024-04-13 09:00:00,3.0399999618530273
2024-04-13 10:00:00,2.0299999713897705
2024-04-13 11:00:00,1.0099999904632568
2024-04-13 12:00:00,0
2024-04-13 13:00:00,1.0099999904632568
2024-04-13 14:00:00,2.0299999713897705
2024-04-13 15:00:00,3.0399999618530273
2024-04-13 16:00:00,3.130000114440918
2024-04-13 17:00:00,3.2200000286102295
2024-04-13 18:00:00,3.309999942779541
2024-04-13 19:00:00,4.409999847412109
2024-04-13 20:00:00,5.510000228881836
2024-04-13 21:00:00,6.610000133514404
2024-04-13 22:00:00,5.420000076293945
2024-04-13 23:00:00,4.230000019073486
2024-04-14 00:00:00,3.0399999618530273
2024-04-14 01:00:00,2.0299999713897705
2024-04-14 02:00:00,1.0099999904632568
2024-04-14 03:00:00,0
2024-04-14 04:00:00,0
2024-04-14 05:00:00,0
2024-04-14 06:00:00,0
2024-04-14 07:00:00,0
2024-04-14 08:00:00,0
2024-04-14 09:00:00,0
2024-04-14 10:00:00,0
2024-04-14 11:00:00,0
2024-04-14 12:00:00,0
2024-04-14 13:00:00,0
2024-04-14 14:00:00,0
2024-04-14 15:00:00,0
2024-04-14 16:00:00,0
2024-04-14 17:00:00,0
2024-04-14 18:00:00,0
2024-04-14 19:00:00,0
2024-04-14 20:00:00,0
2024-04-14 21:00:00,0
2024-04-14 22:00:00,0
2024-04-14 23:00:00,0
2024-04-15 00:00:00,0
2024-04-15 01:00:00,0
2024-04-15 02:00:00,0
2024-04-15 03:00:00,0
2024-04-15 04:00:00,0
2024-04-15 05:00:00,0
2024-04-15 06:00:00,0
2024-04-15 07:00:00,0
2024-04-15 08:00:00,0
2024-04-15 09:00:00,0
2024-04-15 10:00:00,0
2024-04-15 11:00:00,0
2024-04-15 12:00:00,0
2024-04-15 13:00:00,0
2024-04-15 14:00:00,0
2024-04-15 15:00:00,0
2024-04-15 16:00:00,0
2024-04-15 17:00:00,0
2024-04-15 18:00:00,0
2024-04-15 19:00:00,31.329999923706055
2024-04-15 20:00:00,62.650001525878906
2024-04-15 21:00:00,93.9800033569336
2024-04-15 22:00:00,62.650001525878906
2024-04-15 23:00:00,31.329999923706055
2024-04-16 00:00:00,0
2024-04-16 01:00:00,0
2024-04-16 02:00:00,0
2024-04-16 03:00:00,0
2024-04-16 04:00:00,0
2024-04-16 05:00:00,0
2024-04-16 06:00:00,0
2024-04-16 07:00:00,0
2024-04-16 08:00:00,0
2024-04-16 09:00:00,0
2024-04-16 10:00:00,0
2024-04-16 11:00:00,0
2024-04-16 12:00:00,0
2024-04-16 13:00:00,0
2024-04-16 14:00:00,0
2024-04-16 15:00:00,0
2024-04-16 16:00:00,0.3499999940395355
2024-04-16 17:00:00,0.699999988079071
2024-04-16 18:00:00,1.0499999523162842
2024-04-16 19:00:00,7.309999942779541
2024-04-16 20:00:00,13.5600004196167
2024-04-16 21:00:00,19.81999969482422
2024-04-16 22:00:00,13.210000038146973
2024-04-16 23:00:00,6.610000133514404
2024-04-17 00:00:00,0
2024-04-17 01:00:00,0
2024-04-17 02:00:00,0
2024-04-17 03:00:00,0
2024-04-17 04:00:00,0
2024-04-17 05:00:00,0
2024-04-17 06:00:00,0
2024-04-17 07:00:00,0
2024-04-17 08:00:00,0
2024-04-17 09:00:00,0
2024-04-17 10:00:00,0
2024-04-17 11:00:00,0
2024-04-17 12:00:00,0
2024-04-17 13:00:00,2.059999942779541
2024-04-17 14:00:00,4.110000133514404
2024-04-17 15:00:00,6.170000076293945
2024-04-17 16:00:00,6.519999980926514
2024-04-17 17:00:00,6.869999885559082
2024-04-17 18:00:00,7.21999979019165
2024-04-17 19:00:00,4.820000171661377
2024-04-17 20:00:00,2.4100000858306885
2024-04-17 21:00:00,0
2024-04-17 22:00:00,6.579999923706055
2024-04-17 23:00:00,13.15999984741211
2024-04-18 00:00:00,19.739999771118164
2024-04-18 01:00:00,31.420000076293945
2024-04-18 02:00:00,43.09000015258789
2024-04-18 03:00:00,54.77000045776367
2024-04-18 04:00:00,41.63999938964844
2024-04-18 05:00:00,28.510000228881836
2024-04-18 06:00:00,15.369999885559082
2024-04-18 07:00:00,10.34000015258789
2024-04-18 08:00:00,5.300000190734863
2024-04-18 09:00:00,0.25999999046325684
2024-04-18 10:00:00,0.17000000178813934
2024-04-18 11:00:00,0.09000000357627869
2024-04-18 12:00:00,0
2024-04-18 13:00:00,0
2024-04-18 14:00:00,0
2024-04-18 15:00:00,0
2024-04-18 16:00:00,0
2024-04-18 17:00:00,0
2024-04-18 18:00:00,0
2024-04-18 19:00:00,0
2024-04-18 20:00:00,0
2024-04-18 21:00:00,0
2024-04-18 22:00:00,0
2024-04-18 23:00:00,0
2024-04-19 00:00:00,0
2024-04-19 01:00:00,0
2024-04-19 02:00:00,0
2024-04-19 03:00:00,0
2024-04-19 04:00:00,0
2024-04-19 05:00:00,0
2024-04-19 06:00:00,0
2024-04-19 07:00:00,0
2024-04-19 08:00:00,0
2024-04-19 09:00:00,0
2024-04-19 10:00:00,0
2024-04-19 11:00:00,0
2024-04-19 12:00:00,0
2024-04-19 13:00:00,0
2024-04-19 14:00:00,0
2024-04-19 15:00:00,0
2024-04-19 16:00:00,0
2024-04-19 17:00:00,0
2024-04-19 18:00:00,0
2024-04-19 19:00:00,0
2024-04-19 20:00:00,0
2024-04-19 21:00:00,0
2024-04-19 22:00:00,1.0099999904632568
2024-04-19 23:00:00,2.0299999713897705
2024-04-20 00:00:00,3.0399999618530273
2024-04-20 01:00:00,3.0399999618530273
2024-04-20 02:00:00,3.0399999618530273
2024-04-20 03:00:00,3.0399999618530273
2024-04-20 04:00:00,2.119999885559082
2024-04-20 05:00:00,1.190000057220459
2024-04-20 06:00:00,0.25999999046325684
2024-04-20 07:00:00,0.17000000178813934
2024-04-20 08:00:00,0.09000000357627869
2024-04-20 09:00:00,0
2024-04-20 10:00:00,0
2024-04-20 11:00:00,0
2024-04-20 12:00:00,0
2024-04-20 13:00:00,0
2024-04-20 14:00:00,0
2024-04-20 15:00:00,0
2024-04-20 16:00:00,2.319999933242798
2024-04-20 17:00:00,4.639999866485596
2024-04-20 18:00:00,6.960000038146973
2024-04-20 19:00:00,4.809999942779541
2024-04-20 20:00:00,2.6700000762939453
2024-04-20 21:00:00,0.5299999713897705
2024-04-20 22:00:00,0.3499999940395355
2024-04-20 23:00:00,0.18000000715255737
2024-04-21 00:00:00,0
2024-04-21 01:00:00,0
2024-04-21 02:00:00,0
2024-04-21 03:00:00,0
2024-04-21 04:00:00,0.17000000178813934
2024-04-21 05:00:00,0.3499999940395355
2024-04-21 06:00:00,0.5199999809265137
2024-04-21 07:00:00,0.4399999976158142
2024-04-21 08:00:00,0.3499999940395355
2024-04-21 09:00:00,0.25999999046325684
2024-04-21 10:00:00,0.17000000178813934
2024-04-21 11:00:00,0.09000000357627869
2024-04-21 12:00:00,0
2024-04-21 13:00:00,0
2024-04-21 14:00:00,0
2024-04-21 15:00:00,0
2024-04-21 16:00:00,0
2024-04-21 17:00:00,0
2024-04-21 18:00:00,0
2024-04-21 19:00:00,0
2024-04-21 20:00:00,0
2024-04-21 21:00:00,0
2024-04-21 22:00:00,0
2024-04-21 23:00:00,0
2024-04-22 00:00:00,0
2024-04-22 01:00:00,0
2024-04-22 02:00:00,0
2024-04-22 03:00:00,0
2024-04-22 04:00:00,0
2024-04-22 05:00:00,0
2024-04-22 06:00:00,0
2024-04-22 07:00:00,0
2024-04-22 08:00:00,0
2024-04-22 09:00:00,0
2024-04-22 10:00:00,0
2024-04-22 11:00:00,0
2024-04-22 12:00:00,0
2024-04-22 13:00:00,0
2024-04-22 14:00:00,0
2024-04-22 15:00:00,0
2024-04-22 16:00:00,5.300000190734863
2024-04-22 17:00:00,10.600000381469728
2024-04-22 18:00:00,15.899999618530272
2024-04-22 19:00:00,19.760000228881836
2024-04-22 20:00:00,23.6200008392334
2024-04-22 21:00:00,27.489999771118164
2024-04-22 22:00:00,28
2024-04-22 23:00:00,28.510000228881836
2024-04-23 00:00:00,29.020000457763672
2024-04-23 01:00:00,19.350000381469727
2024-04-23 02:00:00,9.670000076293944
2024-04-23 03:00:00,0
2024-04-23 04:00:00,0
2024-04-23 05:00:00,0
2024-04-23 06:00:00,0
2024-04-23 07:00:00,0
2024-04-23 08:00:00,0
2024-04-23 09:00:00,0
2024-04-23 10:00:00,0
2024-04-23 11:00:00,0
2024-04-23 12:00:00,0
2024-04-23 13:00:00,0
2024-04-23 14:00:00,0
2024-04-23 15:00:00,0
2024-04-23 16:00:00,0
2024-04-23 17:00:00,0
2024-04-23 18:00:00,0
2024-04-23 19:00:00,0.18000000715255737
2024-04-23 20:00:00,0.3499999940395355
2024-04-23 21:00:00,0.5299999713897705
2024-04-23 22:00:00,0.7900000214576721
2024-04-23 23:00:00,1.0499999523162842
2024-04-24 00:00:00,1.309999942779541
2024-04-24 01:00:00,0.8799999952316284
2024-04-24 02:00:00,0.4399999976158142
2024-04-24 03:00:00,0
2024-04-24 04:00:00,0.18000000715255737
2024-04-24 05:00:00,0.3499999940395355
2024-04-24 06:00:00,0.5299999713897705
2024-04-24 07:00:00,0.3499999940395355
2024-04-24 08:00:00,0.18000000715255737
2024-04-24 09:00:00,0
2024-04-24 10:00:00,0
2024-04-24 11:00:00,0
2024-04-24 12:00:00,0
2024-04-24 13:00:00,0
2024-04-24 14:00:00,0
2024-04-24 15:00:00,0
2024-04-24 16:00:00,6.059999942779541
2024-04-24 17:00:00,12.119999885559082
2024-04-24 18:00:00,18.18000030517578
2024-04-24 19:00:00,34.560001373291016
2024-04-24 20:00:00,50.95000076293945
2024-04-24 21:00:00,67.33000183105469
2024-04-24 22:00:00,124.5199966430664
2024-04-24 23:00:00,181.7100067138672
2024-04-25 00:00:00,238.8999938964844
2024-04-25 01:00:00,234.80999755859375
2024-04-25 02:00:00,230.72000122070313
2024-04-25 03:00:00,226.6300048828125
2024-04-25 04:00:00,185.61000061035156
2024-04-25 05:00:00,144.58999633789065
2024-04-25 06:00:00,103.56999969482422
2024-04-25 07:00:00,77.339996337890625
2024-04-25 08:00:00,51.11000061035156
2024-04-25 09:00:00,24.8799991607666
2024-04-25 10:00:00,16.579999923706055
2024-04-25 11:00:00,8.289999961853027
2024-04-25 12:00:00,0
2024-04-25 13:00:00,0
2024-04-25 14:00:00,0
2024-04-25 15:00:00,0
2024-04-25 16:00:00,23.68000030517578
2024-04-25 17:00:00,47.36000061035156
2024-04-25 18:00:00,71.04000091552734
2024-04-25 19:00:00,94.69000244140624
2024-04-25 20:00:00,118.3499984741211
2024-04-25 21:00:00,142
2024-04-25 22:00:00,111.0999984741211
2024-04-25 23:00:00,80.19999694824219
2024-04-26 00:00:00,49.310001373291016
2024-04-26 01:00:00,32.869998931884766
2024-04-26 02:00:00,16.440000534057617
2024-04-26 03:00:00,0
2024-04-26 04:00:00,0
2024-04-26 05:00:00,0
2024-04-26 06:00:00,0
2024-04-26 07:00:00,0
2024-04-26 08:00:00,0
2024-04-26 09:00:00,0
2024-04-26 10:00:00,1.0099999904632568
2024-04-26 11:00:00,2.0299999713897705
2024-04-26 12:00:00,3.0399999618530273
2024-04-26 13:00:00,4.260000228881836
2024-04-26 14:00:00,5.480000019073486
2024-04-26 15:00:00,6.690000057220459
2024-04-26 16:00:00,13.359999656677246
2024-04-26 17:00:00,20.020000457763672
2024-04-26 18:00:00,26.690000534057617
2024-04-26 19:00:00,25.530000686645508
2024-04-26 20:00:00,24.3799991607666
2024-04-26 21:00:00,23.219999313354492
2024-04-26 22:00:00,17.860000610351563
2024-04-26 23:00:00,12.5
2024-04-27 00:00:00,7.139999866485596
2024-04-27 01:00:00,11.260000228881836
2024-04-27 02:00:00,15.369999885559082
2024-04-27 03:00:00,19.489999771118164
2024-04-27 04:00:00,13.15999984741211
2024-04-27 05:00:00,6.840000152587891
2024-04-27 06:00:00,0.5199999809265137
2024-04-27 07:00:00,0.3499999940395355
2024-04-27 08:00:00,0.17000000178813934
2024-04-27 09:00:00,0
2024-04-27 10:00:00,1.100000023841858
2024-04-27 11:00:00,2.200000047683716
2024-04-27 12:00:00,3.309999942779541
2024-04-27 13:00:00,3.309999942779541
2024-04-27 14:00:00,3.309999942779541
2024-04-27 15:00:00,3.309999942779541
2024-04-27 16:00:00,2.380000114440918
2024-04-27 17:00:00,1.4500000476837158
2024-04-27 18:00:00,0.5199999809265137
2024-04-27 19:00:00,0.4399999976158142
2024-04-27 20:00:00,0.3499999940395355
2024-04-27 21:00:00,0.25999999046325684
2024-04-27 22:00:00,0.25999999046325684
2024-04-27 23:00:00,0.25999999046325684
2024-04-28 00:00:00,0.25999999046325684
2024-04-28 01:00:00,1.3600000143051147
2024-04-28 02:00:00,2.4600000381469727
2024-04-28 03:00:00,3.569999933242798
2024-04-28 04:00:00,2.380000114440918
2024-04-28 05:00:00,1.190000057220459
2024-04-28 06:00:00,0
2024-04-28 07:00:00,0
2024-04-28 08:00:00,0
2024-04-28 09:00:00,0
2024-04-28 10:00:00,0
2024-04-28 11:00:00,0
2024-04-28 12:00:00,0
2024-04-28 13:00:00,0
2024-04-28 14:00:00,0
2024-04-28 15:00:00,0
2024-04-28 16:00:00,2.2300000190734863
2024-04-28 17:00:00,4.460000038146973
2024-04-28 18:00:00,6.690000057220459
2024-04-28 19:00:00,12.170000076293944
2024-04-28 20:00:00,17.649999618530273
2024-04-28 21:00:00,23.1200008392334
2024-04-28 22:00:00,49.369998931884766
2024-04-28 23:00:00,75.62999725341797
2024-04-29 00:00:00,101.87999725341795
2024-04-29 01:00:00,67.91999816894531
2024-04-29 02:00:00,33.959999084472656
2024-04-29 03:00:00,0
2024-04-29 04:00:00,0
2024-04-29 05:00:00,0
2024-04-29 06:00:00,0
2024-04-29 07:00:00,0
2024-04-29 08:00:00,0
2024-04-29 09:00:00,0
2024-04-29 10:00:00,0
2024-04-29 11:00:00,0
2024-04-29 12:00:00,0
2024-04-29 13:00:00,2.059999942779541
2024-04-29 14:00:00,4.110000133514404
2024-04-29 15:00:00,6.170000076293945
2024-04-29 16:00:00,8.220000267028809
2024-04-29 17:00:00,10.279999732971191
2024-04-29 18:00:00,12.329999923706056
2024-04-29 19:00:00,8.220000267028809
2024-04-29 20:00:00,4.110000133514404
2024-04-29 21:00:00,0
2024-04-29 22:00:00,12.229999542236328
2024-04-29 23:00:00,24.459999084472656
2024-04-30 00:00:00,36.689998626708984
2024-04-30 01:00:00,26.690000534057617
2024-04-30 02:00:00,16.690000534057617
2024-04-30 03:00:00,6.690000057220459
2024-04-30 04:00:00,4.460000038146973
2024-04-30 05:00:00,2.2300000190734863
2024-04-30 06:00:00,0
2024-04-30 07:00:00,0
2024-04-30 08:00:00,0
2024-04-30 09:00:00,0
2024-04-30 10:00:00,0
2024-04-30 11:00:00,0
2024-04-30 12:00:00,0
2024-04-30 13:00:00,0
2024-04-30 14:00:00,0
2024-04-30 15:00:00,0
2024-04-30 16:00:00,0
2024-04-30 17:00:00,0
2024-04-30 18:00:00,0
2024-04-30 19:00:00,0
2024-04-30 20:00:00,0
2024-04-30 21:00:00,0
2024-04-30 22:00:00,0
2024-04-30 23:00:00,0
2024-05-01 00:00:00,0
2024-05-01 01:00:00,0
2024-05-01 02:00:00,0
2024-05-01 03:00:00,0
2024-05-01 04:00:00,0
2024-05-01 05:00:00,0
2024-05-01 06:00:00,0
2024-05-01 07:00:00,0
2024-05-01 08:00:00,0
2024-05-01 09:00:00,0
2024-05-01 10:00:00,0
2024-05-01 11:00:00,0
2024-05-01 12:00:00,0
2024-05-01 13:00:00,0
2024-05-01 14:00:00,0
2024-05-01 15:00:00,0
2024-05-01 16:00:00,0.09000000357627869
2024-05-01 17:00:00,0.17000000178813934
2024-05-01 18:00:00,0.25999999046325684
2024-05-01 19:00:00,17.15999984741211
2024-05-01 20:00:00,34.060001373291016
2024-05-01 21:00:00,50.959999084472656
2024-05-01 22:00:00,33.970001220703125
2024-05-01 23:00:00,16.989999771118164
2024-05-02 00:00:00,0
2024-05-02 01:00:00,1.100000023841858
2024-05-02 02:00:00,2.200000047683716
2024-05-02 03:00:00,3.309999942779541
2024-05-02 04:00:00,2.200000047683716
2024-05-02 05:00:00,1.100000023841858
2024-05-02 06:00:00,0
2024-05-02 07:00:00,0
2024-05-02 08:00:00,0
2024-05-02 09:00:00,0
2024-05-02 10:00:00,0
2024-05-02 11:00:00,0
2024-05-02 12:00:00,0
2024-05-02 13:00:00,0
2024-05-02 14:00:00,0
2024-05-02 15:00:00,0
2024-05-02 16:00:00,0
2024-05-02 17:00:00,0
2024-05-02 18:00:00,0
2024-05-02 19:00:00,1.0099999904632568
2024-05-02 20:00:00,2.0299999713897705
2024-05-02 21:00:00,3.0399999618530273
2024-05-02 22:00:00,8.319999694824219
2024-05-02 23:00:00,13.59000015258789
2024-05-03 00:00:00,18.860000610351563
2024-05-03 01:00:00,13.68000030517578
2024-05-03 02:00:00,8.489999771118164
2024-05-03 03:00:00,3.309999942779541
2024-05-03 04:00:00,3.309999942779541
2024-05-03 05:00:00,3.309999942779541
2024-05-03 06:00:00,3.309999942779541
2024-05-03 07:00:00,2.200000047683716
2024-05-03 08:00:00,1.100000023841858
2024-05-03 09:00:00,0
2024-05-03 10:00:00,0
2024-05-03 11:00:00,0
2024-05-03 12:00:00,0
2024-05-03 13:00:00,0
2024-05-03 14:00:00,0
2024-05-03 15:00:00,0
2024-05-03 16:00:00,3.25
2024-05-03 17:00:00,6.489999771118164
2024-05-03 18:00:00,9.739999771118164
2024-05-03 19:00:00,28.280000686645508
2024-05-03 20:00:00,46.83000183105469
2024-05-03 21:00:00,65.37000274658203
2024-05-03 22:00:00,46.16999816894531
2024-05-03 23:00:00,26.959999084472656
2024-05-04 00:00:00,7.75
2024-05-04 01:00:00,5.170000076293945
2024-05-04 02:00:00,2.5799999237060547
2024-05-04 03:00:00,0
2024-05-04 04:00:00,0
2024-05-04 05:00:00,0
2024-05-04 06:00:00,0
2024-05-04 07:00:00,0
2024-05-04 08:00:00,0
2024-05-04 09:00:00,0
2024-05-04 10:00:00,0
2024-05-04 11:00:00,0
2024-05-04 12:00:00,0
2024-05-04 13:00:00,0
2024-05-04 14:00:00,0
2024-05-04 15:00:00,0
2024-05-04 16:00:00,0
2024-05-04 17:00:00,0
2024-05-04 18:00:00,0
2024-05-04 19:00:00,0
2024-05-04 20:00:00,0
2024-05-04 21:00:00,0
2024-05-04 22:00:00,13.960000038146973
2024-05-04 23:00:00,27.90999984741211
2024-05-05 00:00:00,41.869998931884766
2024-05-05 01:00:00,28.93000030517578
2024-05-05 02:00:00,15.989999771118164
2024-05-05 03:00:00,3.0399999618530273
2024-05-05 04:00:00,2.0299999713897705
2024-05-05 05:00:00,1.0099999904632568
2024-05-05 06:00:00,0
2024-05-05 07:00:00,0
2024-05-05 08:00:00,0
2024-05-05 09:00:00,0
2024-05-05 10:00:00,0
2024-05-05 11:00:00,0
2024-05-05 12:00:00,0
2024-05-05 13:00:00,0
2024-05-05 14:00:00,0
2024-05-05 15:00:00,0
2024-05-05 16:00:00,0
2024-05-05 17:00:00,0
2024-05-05 18:00:00,0
2024-05-05 19:00:00,0
2024-05-05 20:00:00,0
2024-05-05 21:00:00,0
2024-05-05 22:00:00,0
2024-05-05 23:00:00,0
2024-05-06 00:00:00,0
2024-05-06 01:00:00,0
2024-05-06 02:00:00,0
2024-05-06 03:00:00,0
2024-05-06 04:00:00,0
2024-05-06 05:00:00,0
2024-05-06 06:00:00,0
2024-05-06 07:00:00,0
2024-05-06 08:00:00,0
2024-05-06 09:00:00,0
2024-05-06 10:00:00,0
2024-05-06 11:00:00,0
2024-05-06 12:00:00,0
2024-05-06 13:00:00,0.18000000715255737
2024-05-06 14:00:00,0.3499999940395355
2024-05-06 15:00:00,0.5299999713897705
2024-05-06 16:00:00,8.40999984741211
2024-05-06 17:00:00,16.299999237060547
2024-05-06 18:00:00,24.18000030517578
2024-05-06 19:00:00,26.149999618530273
2024-05-06 20:00:00,28.1200008392334
2024-05-06 21:00:00,30.079999923706055
2024-05-06 22:00:00,26.56999969482422
2024-05-06 23:00:00,23.059999465942383
2024-05-07 00:00:00,19.549999237060547
2024-05-07 01:00:00,20.38999938964844
2024-05-07 02:00:00,21.229999542236328
2024-05-07 03:00:00,22.06999969482422
2024-05-07 04:00:00,24.38999938964844
2024-05-07 05:00:00,26.709999084472656
2024-05-07 06:00:00,29.020000457763672
2024-05-07 07:00:00,26.709999084472656
2024-05-07 08:00:00,24.38999938964844
2024-05-07 09:00:00,22.06999969482422
2024-05-07 10:00:00,14.710000038146973
2024-05-07 11:00:00,7.360000133514404
2024-05-07 12:00:00,0
2024-05-07 13:00:00,2.2300000190734863
2024-05-07 14:00:00,4.460000038146973
2024-05-07 15:00:00,6.690000057220459
2024-05-07 16:00:00,12.4399995803833
2024-05-07 17:00:00,18.18000030517578
2024-05-07 18:00:00,23.920000076293945
2024-05-07 19:00:00,16.1200008392334
2024-05-07 20:00:00,8.329999923706055
2024-05-07 21:00:00,0.5299999713897705
2024-05-07 22:00:00,0.3499999940395355
2024-05-07 23:00:00,0.18000000715255737
2024-05-08 00:00:00,0
2024-05-08 01:00:00,0
2024-05-08 02:00:00,0
2024-05-08 03:00:00,0
2024-05-08 04:00:00,0
2024-05-08 05:00:00,0
2024-05-08 06:00:00,0
2024-05-08 07:00:00,0
2024-05-08 08:00:00,0
2024-05-08 09:00:00,0
2024-05-08 10:00:00,0
2024-05-08 11:00:00,0
2024-05-08 12:00:00,0
2024-05-08 13:00:00,0
2024-05-08 14:00:00,0
2024-05-08 15:00:00,0
2024-05-08 16:00:00,0.09000000357627869
2024-05-08 17:00:00,0.17000000178813934
2024-05-08 18:00:00,0.25999999046325684
2024-05-08 19:00:00,4.610000133514404
2024-05-08 20:00:00,8.960000038146973
2024-05-08 21:00:00,13.3100004196167
2024-05-08 22:00:00,9.970000267028809
2024-05-08 23:00:00,6.639999866485596
2024-05-09 00:00:00,3.309999942779541
2024-05-09 01:00:00,2.200000047683716
2024-05-09 02:00:00,1.100000023841858
2024-05-09 03:00:00,0
2024-05-09 04:00:00,0
2024-05-09 05:00:00,0
2024-05-09 06:00:00,0
2024-05-09 07:00:00,0
2024-05-09 08:00:00,0
2024-05-09 09:00:00,0
2024-05-09 10:00:00,0
2024-05-09 11:00:00,0
2024-05-09 12:00:00,0
2024-05-09 13:00:00,2.059999942779541
2024-05-09 14:00:00,4.110000133514404
2024-05-09 15:00:00,6.170000076293945
2024-05-09 16:00:00,6.309999942779541
2024-05-09 17:00:00,6.460000038146973
2024-05-09 18:00:00,6.610000133514404
2024-05-09 19:00:00,9.9399995803833
2024-05-09 20:00:00,13.279999732971191
2024-05-09 21:00:00,16.610000610351563
2024-05-09 22:00:00,16.610000610351563
2024-05-09 23:00:00,16.610000610351563
2024-05-10 00:00:00,16.610000610351563
2024-05-10 01:00:00,15.600000381469728
2024-05-10 02:00:00,14.579999923706056
2024-05-10 03:00:00,13.56999969482422
2024-05-10 04:00:00,10.0600004196167
2024-05-10 05:00:00,6.550000190734863
2024-05-10 06:00:00,3.0399999618530273
2024-05-10 07:00:00,2.0299999713897705
2024-05-10 08:00:00,1.0099999904632568
2024-05-10 09:00:00,0
2024-05-10 10:00:00,1.5399999618530271
2024-05-10 11:00:00,3.0899999141693115
2024-05-10 12:00:00,4.630000114440918
2024-05-10 13:00:00,4.099999904632568
2024-05-10 14:00:00,3.569999933242798
2024-05-10 15:00:00,3.0399999618530273
2024-05-10 16:00:00,6.550000190734863
2024-05-10 17:00:00,10.0600004196167
2024-05-10 18:00:00,13.56999969482422
2024-05-10 19:00:00,17.90999984741211
2024-05-10 20:00:00,22.260000228881836
2024-05-10 21:00:00,26.610000610351563
2024-05-10 22:00:00,29.68000030517578
2024-05-10 23:00:00,32.75
2024-05-11 00:00:00,35.81999969482422
2024-05-11 01:00:00,23.8799991607666
2024-05-11 02:00:00,11.9399995803833
2024-05-11 03:00:00,0
2024-05-11 04:00:00,0
2024-05-11 05:00:00,0
2024-05-11 06:00:00,0
2024-05-11 07:00:00,0
2024-05-11 08:00:00,0
2024-05-11 09:00:00,0
2024-05-11 10:00:00,0
2024-05-11 11:00:00,0
2024-05-11 12:00:00,0
2024-05-11 13:00:00,0
2024-05-11 14:00:00,0
2024-05-11 15:00:00,0
2024-05-11 16:00:00,1.4500000476837158
2024-05-11 17:00:00,2.9100000858306885
2024-05-11 18:00:00,4.360000133514404
2024-05-11 19:00:00,55.790000915527344
2024-05-11 20:00:00,107.20999908447266
2024-05-11 21:00:00,158.63999938964844
2024-05-11 22:00:00,177.4199981689453
2024-05-11 23:00:00,196.1999969482422
2024-05-12 00:00:00,214.97999572753903
2024-05-12 01:00:00,151.72999572753906
2024-05-12 02:00:00,88.470001220703125
2024-05-12 03:00:00,25.209999084472656
2024-05-12 04:00:00,17.81999969482422
2024-05-12 05:00:00,10.43000030517578
2024-05-12 06:00:00,3.0399999618530273
2024-05-12 07:00:00,4.230000019073486
2024-05-12 08:00:00,5.420000076293945
2024-05-12 09:00:00,6.610000133514404
2024-05-12 10:00:00,5.420000076293945
2024-05-12 11:00:00,4.230000019073486
2024-05-12 12:00:00,3.0399999618530273
2024-05-12 13:00:00,2.119999885559082
2024-05-12 14:00:00,1.190000057220459
2024-05-12 15:00:00,0.25999999046325684
2024-05-12 16:00:00,1.190000057220459
2024-05-12 17:00:00,2.119999885559082
2024-05-12 18:00:00,3.0399999618530273
2024-05-12 19:00:00,17.479999542236328
2024-05-12 20:00:00,31.90999984741211
2024-05-12 21:00:00,46.349998474121094
2024-05-12 22:00:00,60.43000030517578
2024-05-12 23:00:00,74.5199966430664
2024-05-13 00:00:00,88.5999984741211
2024-05-13 01:00:00,70.56999969482422
2024-05-13 02:00:00,52.540000915527344
2024-05-13 03:00:00,34.5099983215332
2024-05-13 04:00:00,23
2024-05-13 05:00:00,11.5
2024-05-13 06:00:00,0
2024-05-13 07:00:00,1.0099999904632568
2024-05-13 08:00:00,2.0299999713897705
2024-05-13 09:00:00,3.0399999618530273
2024-05-13 10:00:00,2.0299999713897705
2024-05-13 11:00:00,1.0099999904632568
2024-05-13 12:00:00,0
2024-05-13 13:00:00,1.0099999904632568
2024-05-13 14:00:00,2.0299999713897705
2024-05-13 15:00:00,3.0399999618530273
2024-05-13 16:00:00,19.190000534057617
2024-05-13 17:00:00,35.34000015258789
2024-05-13 18:00:00,51.47999954223633
2024-05-13 19:00:00,77.12999725341797
2024-05-13 20:00:00,102.77999877929688
2024-05-13 21:00:00,128.42999267578125
2024-05-13 22:00:00,132.58999633789065
2024-05-13 23:00:00,136.74000549316406
2024-05-14 00:00:00,140.89999389648438
2024-05-14 01:00:00,104.62999725341795
2024-05-14 02:00:00,68.36000061035156
2024-05-14 03:00:00,32.09000015258789
2024-05-14 04:00:00,21.38999938964844
2024-05-14 05:00:00,10.699999809265137
2024-05-14 06:00:00,0
2024-05-14 07:00:00,0
2024-05-14 08:00:00,0
2024-05-14 09:00:00,0
2024-05-14 10:00:00,0
2024-05-14 11:00:00,0
2024-05-14 12:00:00,0
2024-05-14 13:00:00,0
2024-05-14 14:00:00,0
2024-05-14 15:00:00,0
2024-05-14 16:00:00,18
2024-05-14 17:00:00,36
2024-05-14 18:00:00,54.0099983215332
2024-05-14 19:00:00,90.2300033569336
2024-05-14 20:00:00,126.45999908447266
2024-05-14 21:00:00,162.69000244140625
2024-05-14 22:00:00,109.55999755859376
2024-05-14 23:00:00,56.43000030517578
2024-05-15 00:00:00,3.309999942779541
2024-05-15 01:00:00,2.200000047683716
2024-05-15 02:00:00,1.100000023841858
2024-05-15 03:00:00,0
2024-05-15 04:00:00,0
2024-05-15 05:00:00,0
2024-05-15 06:00:00,0
2024-05-15 07:00:00,0
2024-05-15 08:00:00,0
2024-05-15 09:00:00,0
2024-05-15 10:00:00,0
2024-05-15 11:00:00,0
2024-05-15 12:00:00,0
2024-05-15 13:00:00,0
2024-05-15 14:00:00,0
2024-05-15 15:00:00,0
2024-05-15 16:00:00,12.729999542236328
2024-05-15 17:00:00,25.459999084472656
2024-05-15 18:00:00,38.189998626708984
2024-05-15 19:00:00,61.060001373291016
2024-05-15 20:00:00,83.94000244140625
2024-05-15 21:00:00,106.80999755859376
2024-05-15 22:00:00,85.36000061035156
2024-05-15 23:00:00,63.90999984741211
2024-05-16 00:00:00,42.459999084472656
2024-05-16 01:00:00,30.360000610351563
2024-05-16 02:00:00,18.260000228881836
2024-05-16 03:00:00,6.170000076293945
2024-05-16 04:00:00,4.110000133514404
2024-05-16 05:00:00,2.059999942779541
2024-05-16 06:00:00,0
2024-05-16 07:00:00,0
2024-05-16 08:00:00,0
2024-05-16 09:00:00,0
2024-05-16 10:00:00,0
2024-05-16 11:00:00,0
2024-05-16 12:00:00,0
2024-05-16 13:00:00,0
2024-05-16 14:00:00,0
2024-05-16 15:00:00,0
2024-05-16 16:00:00,0
2024-05-16 17:00:00,0
2024-05-16 18:00:00,0
2024-05-16 19:00:00,0
2024-05-16 20:00:00,0
2024-05-16 21:00:00,0
2024-05-16 22:00:00,34.13999938964844
2024-05-16 23:00:00,68.29000091552734
2024-05-17 00:00:00,102.43000030517578
2024-05-17 01:00:00,74.55000305175781
2024-05-17 02:00:00,46.66999816894531
2024-05-17 03:00:00,18.790000915527344
2024-05-17 04:00:00,12.529999732971191
2024-05-17 05:00:00,6.260000228881836
2024-05-17 06:00:00,0
2024-05-17 07:00:00,0
2024-05-17 08:00:00,0
2024-05-17 09:00:00,0
2024-05-17 10:00:00,0
2024-05-17 11:00:00,0
2024-05-17 12:00:00,0
2024-05-17 13:00:00,0
2024-05-17 14:00:00,0
2024-05-17 15:00:00,0
2024-05-17 16:00:00,0
2024-05-17 17:00:00,0
2024-05-17 18:00:00,0
2024-05-17 19:00:00,11.90999984741211
2024-05-17 20:00:00,23.809999465942383
2024-05-17 21:00:00,35.720001220703125
2024-05-17 22:00:00,43.400001525878906
2024-05-17 23:00:00,51.08000183105469
2024-05-18 00:00:00,58.7599983215332
2024-05-18 01:00:00,45.7599983215332
2024-05-18 02:00:00,32.75
2024-05-18 03:00:00,19.739999771118164
2024-05-18 04:00:00,13.15999984741211
2024-05-18 05:00:00,6.579999923706055
2024-05-18 06:00:00,0
2024-05-18 07:00:00,0
2024-05-18 08:00:00,0
2024-05-18 09:00:00,0
2024-05-18 10:00:00,0
2024-05-18 11:00:00,0
2024-05-18 12:00:00,0
2024-05-18 13:00:00,0
2024-05-18 14:00:00,0
2024-05-18 15:00:00,0
2024-05-18 16:00:00,24.059999465942383
2024-05-18 17:00:00,48.119998931884766
2024-05-18 18:00:00,72.16999816894531
2024-05-18 19:00:00,60.63999938964844
2024-05-18 20:00:00,49.11000061035156
2024-05-18 21:00:00,37.56999969482422
2024-05-18 22:00:00,84.910003662109375
2024-05-18 23:00:00,132.24000549316406
2024-05-19 00:00:00,179.57000732421875
2024-05-19 01:00:00,119.70999908447266
2024-05-19 02:00:00,59.86000061035156
2024-05-19 03:00:00,0
2024-05-19 04:00:00,0
2024-05-19 05:00:00,0
2024-05-19 06:00:00,0
2024-05-19 07:00:00,1.2799999713897705
2024-05-19 08:00:00,2.559999942779541
2024-05-19 09:00:00,3.8299999237060542
2024-05-19 10:00:00,2.559999942779541
2024-05-19 11:00:00,1.2799999713897705
2024-05-19 12:00:00,0
2024-05-19 13:00:00,1.9700000286102295
2024-05-19 14:00:00,3.950000047683716
2024-05-19 15:00:00,5.920000076293945
2024-05-19 16:00:00,12.93000030517578
2024-05-19 17:00:00,19.940000534057617
2024-05-19 18:00:00,26.959999084472656
2024-05-19 19:00:00,40.11000061035156
2024-05-19 20:00:00,53.27000045776367
2024-05-19 21:00:00,66.43000030517578
2024-05-19 22:00:00,45.47999954223633
2024-05-19 23:00:00,24.520000457763672
2024-05-20 00:00:00,3.569999933242798
2024-05-20 01:00:00,2.380000114440918
2024-05-20 02:00:00,1.190000057220459
2024-05-20 03:00:00,0
2024-05-20 04:00:00,2.0299999713897705
2024-05-20 05:00:00,4.059999942779541
2024-05-20 06:00:00,6.090000152587891
2024-05-20 07:00:00,7.190000057220459
2024-05-20 08:00:00,8.289999961853027
2024-05-20 09:00:00,9.390000343322754
2024-05-20 10:00:00,6.260000228881836
2024-05-20 11:00:00,3.130000114440918
2024-05-20 12:00:00,0
2024-05-20 13:00:00,0
2024-05-20 14:00:00,0
2024-05-20 15:00:00,0
2024-05-20 16:00:00,58.439998626708984
2024-05-20 17:00:00,116.87999725341795
2024-05-20 18:00:00,175.32000732421875
2024-05-20 19:00:00,234.7100067138672
2024-05-20 20:00:00,294.0899963378906
2024-05-20 21:00:00,353.4700012207031
2024-05-20 22:00:00,501.6499938964844
2024-05-20 23:00:00,649.83001708984375
2024-05-21 00:00:00,798
2024-05-21 01:00:00,570.25
2024-05-21 02:00:00,342.489990234375
2024-05-21 03:00:00,114.73999786376952
2024-05-21 04:00:00,76.48999786376953
2024-05-21 05:00:00,38.25
2024-05-21 06:00:00,0
2024-05-21 07:00:00,0
2024-05-21 08:00:00,0
2024-05-21 09:00:00,0
2024-05-21 10:00:00,4.349999904632568
2024-05-21 11:00:00,8.699999809265137
2024-05-21 12:00:00,13.039999961853027
2024-05-21 13:00:00,14.170000076293944
2024-05-21 14:00:00,15.300000190734863
2024-05-21 15:00:00,16.43000030517578
2024-05-21 16:00:00,25.450000762939453
2024-05-21 17:00:00,34.459999084472656
2024-05-21 18:00:00,43.47999954223633
2024-05-21 19:00:00,30.18000030517578
2024-05-21 20:00:00,16.8700008392334
2024-05-21 21:00:00,3.569999933242798
2024-05-21 22:00:00,16.93000030517578
2024-05-21 23:00:00,30.299999237060547
2024-05-22 00:00:00,43.65999984741211
2024-05-22 01:00:00,31.399999618530273
2024-05-22 02:00:00,19.13999938964844
2024-05-22 03:00:00,6.869999885559082
2024-05-22 04:00:00,4.579999923706055
2024-05-22 05:00:00,2.2899999618530273
2024-05-22 06:00:00,0
2024-05-22 07:00:00,0
2024-05-22 08:00:00,0
2024-05-22 09:00:00,0
2024-05-22 10:00:00,0
2024-05-22 11:00:00,0
2024-05-22 12:00:00,0
2024-05-22 13:00:00,0
2024-05-22 14:00:00,0
2024-05-22 15:00:00,0
2024-05-22 16:00:00,0
2024-05-22 17:00:00,0
2024-05-22 18:00:00,0
2024-05-22 19:00:00,0
2024-05-22 20:00:00,0
2024-05-22 21:00:00,0
2024-05-22 22:00:00,9.81999969482422
2024-05-22 23:00:00,19.649999618530273
2024-05-23 00:00:00,29.469999313354492
2024-05-23 01:00:00,25.100000381469727
2024-05-23 02:00:00,20.719999313354492
2024-05-23 03:00:00,16.350000381469727
2024-05-23 04:00:00,11.90999984741211
2024-05-23 05:00:00,7.480000019073486
2024-05-23 06:00:00,3.0399999618530273
2024-05-23 07:00:00,2.0299999713897705
2024-05-23 08:00:00,1.0099999904632568
2024-05-23 09:00:00,0
2024-05-23 10:00:00,0
2024-05-23 11:00:00,0
2024-05-23 12:00:00,0
2024-05-23 13:00:00,0
2024-05-23 14:00:00,0
2024-05-23 15:00:00,0
2024-05-23 16:00:00,0
2024-05-23 17:00:00,0
2024-05-23 18:00:00,0
2024-05-23 19:00:00,6.340000152587891
2024-05-23 20:00:00,12.68000030517578
2024-05-23 21:00:00,19.020000457763672
2024-05-23 22:00:00,24.739999771118164
2024-05-23 23:00:00,30.459999084472656
2024-05-24 00:00:00,36.16999816894531
2024-05-24 01:00:00,24.110000610351563
2024-05-24 02:00:00,12.0600004196167
2024-05-24 03:00:00,0
2024-05-24 04:00:00,0
2024-05-24 05:00:00,0
2024-05-24 06:00:00,0
2024-05-24 07:00:00,0
2024-05-24 08:00:00,0
2024-05-24 09:00:00,0
2024-05-24 10:00:00,0
2024-05-24 11:00:00,0
2024-05-24 12:00:00,0
2024-05-24 13:00:00,0
2024-05-24 14:00:00,0
2024-05-24 15:00:00,0
2024-05-24 16:00:00,0
2024-05-24 17:00:00,0
2024-05-24 18:00:00,0
2024-05-24 19:00:00,0
2024-05-24 20:00:00,0
2024-05-24 21:00:00,0
2024-05-24 22:00:00,0
2024-05-24 23:00:00,0
2024-05-25 00:00:00,0
2024-05-25 01:00:00,0
2024-05-25 02:00:00,0
2024-05-25 03:00:00,0
2024-05-25 04:00:00,0
2024-05-25 05:00:00,0
2024-05-25 06:00:00,0
2024-05-25 07:00:00,6.139999866485596
2024-05-25 08:00:00,12.279999732971191
2024-05-25 09:00:00,18.420000076293945
2024-05-25 10:00:00,12.279999732971191
2024-05-25 11:00:00,6.139999866485596
2024-05-25 12:00:00,0
2024-05-25 13:00:00,0
2024-05-25 14:00:00,0
2024-05-25 15:00:00,0
2024-05-25 16:00:00,18.43000030517578
2024-05-25 17:00:00,36.869998931884766
2024-05-25 18:00:00,55.29999923706055
2024-05-25 19:00:00,63.33000183105469
2024-05-25 20:00:00,71.36000061035156
2024-05-25 21:00:00,79.37999725341797
2024-05-25 22:00:00,54.02000045776367
2024-05-25 23:00:00,28.65999984741211
2024-05-26 00:00:00,3.309999942779541
2024-05-26 01:00:00,2.200000047683716
2024-05-26 02:00:00,1.100000023841858
2024-05-26 03:00:00,0
2024-05-26 04:00:00,0
2024-05-26 05:00:00,0
2024-05-26 06:00:00,0
2024-05-26 07:00:00,0
2024-05-26 08:00:00,0
2024-05-26 09:00:00,0
2024-05-26 10:00:00,2.059999942779541
2024-05-26 11:00:00,4.110000133514404
2024-05-26 12:00:00,6.170000076293945
2024-05-26 13:00:00,6.170000076293945
2024-05-26 14:00:00,6.170000076293945
2024-05-26 15:00:00,6.170000076293945
2024-05-26 16:00:00,6.170000076293945
2024-05-26 17:00:00,6.170000076293945
2024-05-26 18:00:00,6.170000076293945
2024-05-26 19:00:00,8.399999618530273
2024-05-26 20:00:00,10.630000114440918
2024-05-26 21:00:00,12.859999656677246
2024-05-26 22:00:00,23.809999465942383
2024-05-26 23:00:00,34.77000045776367
2024-05-27 00:00:00,45.720001220703125
2024-05-27 01:00:00,32.529998779296875
2024-05-27 02:00:00,19.350000381469727
2024-05-27 03:00:00,6.170000076293945
2024-05-27 04:00:00,4.110000133514404
2024-05-27 05:00:00,2.059999942779541
2024-05-27 06:00:00,0
2024-05-27 07:00:00,0
2024-05-27 08:00:00,0
2024-05-27 09:00:00,0
2024-05-27 10:00:00,0
2024-05-27 11:00:00,0
2024-05-27 12:00:00,0
2024-05-27 13:00:00,0
2024-05-27 14:00:00,0
2024-05-27 15:00:00,0
2024-05-27 16:00:00,0
2024-05-27 17:00:00,0
2024-05-27 18:00:00,0
2024-05-27 19:00:00,7.96999979019165
2024-05-27 20:00:00,15.93000030517578
2024-05-27 21:00:00,23.899999618530273
2024-05-27 22:00:00,112.02999877929688
2024-05-27 23:00:00,200.1499938964844
2024-05-28 00:00:00,288.2799987792969
2024-05-28 01:00:00,271.7799987792969
2024-05-28 02:00:00,255.27999877929688
2024-05-28 03:00:00,238.7899932861328
2024-05-28 04:00:00,189.72000122070313
2024-05-28 05:00:00,140.64999389648438
2024-05-28 06:00:00,91.58000183105467
2024-05-28 07:00:00,72.76000213623047
2024-05-28 08:00:00,53.95000076293945
2024-05-28 09:00:00,35.130001068115234
2024-05-28 10:00:00,25.540000915527344
2024-05-28 11:00:00,15.9399995803833
2024-05-28 12:00:00,6.349999904632568
2024-05-28 13:00:00,23.739999771118164
2024-05-28 14:00:00,41.130001068115234
2024-05-28 15:00:00,58.52000045776367
2024-05-28 16:00:00,99.51000213623048
2024-05-28 17:00:00,140.50999450683594
2024-05-28 18:00:00,181.5
2024-05-28 19:00:00,242.3800048828125
2024-05-28 20:00:00,303.25
2024-05-28 21:00:00,364.1199951171875
2024-05-28 22:00:00,352.6600036621094
2024-05-28 23:00:00,341.20001220703125
2024-05-29 00:00:00,329.75
2024-05-29 01:00:00,321.67999267578125
2024-05-29 02:00:00,313.6199951171875
2024-05-29 03:00:00,305.54998779296875
2024-05-29 04:00:00,280.2799987792969
2024-05-29 05:00:00,255.0099945068359
2024-05-29 06:00:00,229.7400054931641
2024-05-29 07:00:00,241.47999572753903
2024-05-29 08:00:00,253.22000122070313
2024-05-29 09:00:00,264.9599914550781
2024-05-29 10:00:00,202.25
2024-05-29 11:00:00,139.52999877929688
2024-05-29 12:00:00,76.80999755859375
2024-05-29 13:00:00,136.7899932861328
2024-05-29 14:00:00,196.77000427246097
2024-05-29 15:00:00,256.760009765625
2024-05-29 16:00:00,346.7200012207031
2024-05-29 17:00:00,436.6799926757813
2024-05-29 18:00:00,526.6400146484375
2024-05-29 19:00:00,379
2024-05-29 20:00:00,231.3699951171875
2024-05-29 21:00:00,83.7300033569336
2024-05-29 22:00:00,80.69999694824219
2024-05-29 23:00:00,77.660003662109375
2024-05-30 00:00:00,74.62000274658203
2024-05-30 01:00:00,73.87000274658203
2024-05-30 02:00:00,73.11000061035156
2024-05-30 03:00:00,72.36000061035156
2024-05-30 04:00:00,75.58000183105469
2024-05-30 05:00:00,78.80000305175781
2024-05-30 06:00:00,82.01000213623047
2024-05-30 07:00:00,64.44999694824219
2024-05-30 08:00:00,46.880001068115234
2024-05-30 09:00:00,29.31999969482422
2024-05-30 10:00:00,19.719999313354492
2024-05-30 11:00:00,10.119999885559082
2024-05-30 12:00:00,0.5199999809265137
2024-05-30 13:00:00,0.4399999976158142
2024-05-30 14:00:00,0.3499999940395355
2024-05-30 15:00:00,0.25999999046325684
2024-05-30 16:00:00,54.279998779296875
2024-05-30 17:00:00,108.29000091552734
2024-05-30 18:00:00,162.3000030517578
2024-05-30 19:00:00,239.08999633789065
2024-05-30 20:00:00,315.8900146484375
2024-05-30 21:00:00,392.6799926757813
2024-05-30 22:00:00,361.1799926757813
2024-05-30 23:00:00,329.69000244140625
2024-05-31 00:00:00,298.20001220703125
2024-05-31 01:00:00,275.32000732421875
2024-05-31 02:00:00,252.44000244140625
2024-05-31 03:00:00,229.55999755859375
2024-05-31 04:00:00,208.83999633789065
2024-05-31 05:00:00,188.1199951171875
2024-05-31 06:00:00,167.39999389648438
2024-05-31 07:00:00,112.6999969482422
2024-05-31 08:00:00,58
2024-05-31 09:00:00,3.309999942779541
2024-05-31 10:00:00,2.200000047683716
2024-05-31 11:00:00,1.100000023841858
2024-05-31 12:00:00,0
2024-05-31 13:00:00,0
2024-05-31 14:00:00,0
2024-05-31 15:00:00,0
2024-05-31 16:00:00,33.59000015258789
2024-05-31 17:00:00,67.16999816894531
2024-05-31 18:00:00,100.76000213623048
2024-05-31 19:00:00,157.67999267578125
2024-05-31 20:00:00,214.60000610351565
2024-05-31 21:00:00,271.5199890136719
2024-05-31 22:00:00,326.82000732421875
2024-05-31 23:00:00,382.1099853515625
2024-06-01 00:00:00,437.3999938964844
2024-06-01 01:00:00,451.7200012207031
2024-06-01 02:00:00,466.0400085449219
2024-06-01 03:00:00,480.3599853515625
2024-06-01 04:00:00,396.1499938964844
2024-06-01 05:00:00,311.92999267578125
2024-06-01 06:00:00,227.7100067138672
2024-06-01 07:00:00,189.63999938964844
2024-06-01 08:00:00,151.57000732421875
2024-06-01 09:00:00,113.5
2024-06-01 10:00:00,77.779998779296875
2024-06-01 11:00:00,42.06999969482422
2024-06-01 12:00:00,6.349999904632568
2024-06-01 13:00:00,17.329999923706055
2024-06-01 14:00:00,28.31999969482422
2024-06-01 15:00:00,39.29999923706055
2024-06-01 16:00:00,100.08999633789064
2024-06-01 17:00:00,160.8699951171875
2024-06-01 18:00:00,221.66000366210935
2024-06-01 19:00:00,173.19000244140625
2024-06-01 20:00:00,124.7300033569336
2024-06-01 21:00:00,76.26000213623047
2024-06-01 22:00:00,51.54999923706055
2024-06-01 23:00:00,26.829999923706055
2024-06-02 00:00:00,2.119999885559082
2024-06-02 01:00:00,6.539999961853027
2024-06-02 02:00:00,10.960000038146973
2024-06-02 03:00:00,15.369999885559082
2024-06-02 04:00:00,22.770000457763672
2024-06-02 05:00:00,30.15999984741211
2024-06-02 06:00:00,37.54999923706055
2024-06-02 07:00:00,30.399999618530273
2024-06-02 08:00:00,23.239999771118164
2024-06-02 09:00:00,16.09000015258789
2024-06-02 10:00:00,10.729999542236328
2024-06-02 11:00:00,5.360000133514404
2024-06-02 12:00:00,0
2024-06-02 13:00:00,0
2024-06-02 14:00:00,0
2024-06-02 15:00:00,0
2024-06-02 16:00:00,17.90999984741211
2024-06-02 17:00:00,35.810001373291016
2024-06-02 18:00:00,53.720001220703125
2024-06-02 19:00:00,91.30999755859376
2024-06-02 20:00:00,128.89999389648438
2024-06-02 21:00:00,166.49000549316406
2024-06-02 22:00:00,111.16999816894533
2024-06-02 23:00:00,55.849998474121094
2024-06-03 00:00:00,0.5299999713897705
2024-06-03 01:00:00,1.4500000476837158
2024-06-03 02:00:00,2.380000114440918
2024-06-03 03:00:00,3.309999942779541
2024-06-03 04:00:00,2.200000047683716
2024-06-03 05:00:00,1.100000023841858
2024-06-03 06:00:00,0
2024-06-03 07:00:00,0
2024-06-03 08:00:00,0
2024-06-03 09:00:00,0
2024-06-03 10:00:00,0
2024-06-03 11:00:00,0
2024-06-03 12:00:00,0
2024-06-03 13:00:00,0
2024-06-03 14:00:00,0
2024-06-03 15:00:00,0
2024-06-03 16:00:00,3.3299999237060547
2024-06-03 17:00:00,6.670000076293945
2024-06-03 18:00:00,10
2024-06-03 19:00:00,8.989999771118164
2024-06-03 20:00:00,7.96999979019165
2024-06-03 21:00:00,6.960000038146973
2024-06-03 22:00:00,12.229999542236328
2024-06-03 23:00:00,17.510000228881836
2024-06-04 00:00:00,22.780000686645508
2024-06-04 01:00:00,28.059999465942383
2024-06-04 02:00:00,33.33000183105469
2024-06-04 03:00:00,38.599998474121094
2024-06-04 04:00:00,31.100000381469727
2024-06-04 05:00:00,23.59000015258789
2024-06-04 06:00:00,16.09000015258789
2024-06-04 07:00:00,10.729999542236328
2024-06-04 08:00:00,5.360000133514404
2024-06-04 09:00:00,0
2024-06-04 10:00:00,0
2024-06-04 11:00:00,0
2024-06-04 12:00:00,0
2024-06-04 13:00:00,6.170000076293945
2024-06-04 14:00:00,12.329999923706056
2024-06-04 15:00:00,18.5
2024-06-04 16:00:00,12.329999923706056
2024-06-04 17:00:00,6.170000076293945
2024-06-04 18:00:00,0
2024-06-04 19:00:00,2.059999942779541
2024-06-04 20:00:00,4.110000133514404
2024-06-04 21:00:00,6.170000076293945
2024-06-04 22:00:00,4.110000133514404
2024-06-04 23:00:00,2.059999942779541
2024-06-05 00:00:00,0
2024-06-05 01:00:00,0
2024-06-05 02:00:00,0
2024-06-05 03:00:00,0
2024-06-05 04:00:00,0
2024-06-05 05:00:00,0
2024-06-05 06:00:00,0
2024-06-05 07:00:00,0
2024-06-05 08:00:00,0
2024-06-05 09:00:00,0
2024-06-05 10:00:00,0
2024-06-05 11:00:00,0
2024-06-05 12:00:00,0
2024-06-05 13:00:00,0
2024-06-05 14:00:00,0
2024-06-05 15:00:00,0
2024-06-05 16:00:00,0
2024-06-05 17:00:00,0
2024-06-05 18:00:00,0
2024-06-05 19:00:00,0
2024-06-05 20:00:00,0
2024-06-05 21:00:00,0
2024-06-05 22:00:00,0
2024-06-05 23:00:00,0
2024-06-06 00:00:00,0
2024-06-06 01:00:00,0
2024-06-06 02:00:00,0
2024-06-06 03:00:00,0
2024-06-06 04:00:00,0
2024-06-06 05:00:00,0
2024-06-06 06:00:00,0
2024-06-06 07:00:00,0
2024-06-06 08:00:00,0
2024-06-06 09:00:00,0
2024-06-06 10:00:00,0
2024-06-06 11:00:00,0
2024-06-06 12:00:00,0
2024-06-06 13:00:00,0
2024-06-06 14:00:00,0
2024-06-06 15:00:00,0
2024-06-06 16:00:00,0
2024-06-06 17:00:00,0
2024-06-06 18:00:00,0
2024-06-06 19:00:00,36.849998474121094
2024-06-06 20:00:00,73.70999908447266
2024-06-06 21:00:00,110.55999755859376
2024-06-06 22:00:00,131.8000030517578
2024-06-06 23:00:00,153.0399932861328
2024-06-07 00:00:00,174.27000427246094
2024-06-07 01:00:00,140.91000366210938
2024-06-07 02:00:00,107.5500030517578
2024-06-07 03:00:00,74.19000244140625
2024-06-07 04:00:00,50.560001373291016
2024-06-07 05:00:00,26.93000030517578
2024-06-07 06:00:00,3.309999942779541
2024-06-07 07:00:00,2.200000047683716
2024-06-07 08:00:00,1.100000023841858
2024-06-07 09:00:00,0
2024-06-07 10:00:00,0
2024-06-07 11:00:00,0
2024-06-07 12:00:00,0
2024-06-07 13:00:00,0
2024-06-07 14:00:00,0
2024-06-07 15:00:00,0
2024-06-07 16:00:00,16.399999618530273
2024-06-07 17:00:00,32.810001373291016
2024-06-07 18:00:00,49.209999084472656
2024-06-07 19:00:00,56.47999954223633
2024-06-07 20:00:00,63.7400016784668
2024-06-07 21:00:00,71.01000213623047
2024-06-07 22:00:00,48.36000061035156
2024-06-07 23:00:00,25.700000762939453
2024-06-08 00:00:00,3.0399999618530273
2024-06-08 01:00:00,8.260000228881836
2024-06-08 02:00:00,13.470000267028809
2024-06-08 03:00:00,18.68000030517578
2024-06-08 04:00:00,12.449999809265137
2024-06-08 05:00:00,6.230000019073486
2024-06-08 06:00:00,0
2024-06-08 07:00:00,0
2024-06-08 08:00:00,0
2024-06-08 09:00:00,0
2024-06-08 10:00:00,1.0099999904632568
2024-06-08 11:00:00,2.0299999713897705
2024-06-08 12:00:00,3.0399999618530273
2024-06-08 13:00:00,32.150001525878906
2024-06-08 14:00:00,61.25
2024-06-08 15:00:00,90.3499984741211
2024-06-08 16:00:00,250.75
2024-06-08 17:00:00,411.1499938964844
2024-06-08 18:00:00,571.53997802734375
2024-06-08 19:00:00,544.91998291015625
2024-06-08 20:00:00,518.29998779296875
2024-06-08 21:00:00,491.6700134277344
2024-06-08 22:00:00,370.75
2024-06-08 23:00:00,249.82000732421875
2024-06-09 00:00:00,128.89999389648438
2024-06-09 01:00:00,101.20999908447266
2024-06-09 02:00:00,73.529998779296875
2024-06-09 03:00:00,45.84000015258789
2024-06-09 04:00:00,37.43000030517578
2024-06-09 05:00:00,29.020000457763672
2024-06-09 06:00:00,20.6200008392334
2024-06-09 07:00:00,19.43000030517578
2024-06-09 08:00:00,18.239999771118164
2024-06-09 09:00:00,17.049999237060547
2024-06-09 10:00:00,13.479999542236328
2024-06-09 11:00:00,9.920000076293944
2024-06-09 12:00:00,6.349999904632568
2024-06-09 13:00:00,27.489999771118164
2024-06-09 14:00:00,48.63999938964844
2024-06-09 15:00:00,69.779998779296875
2024-06-09 16:00:00,280.1199951171875
2024-06-09 17:00:00,490.4500122070313
2024-06-09 18:00:00,700.780029296875
2024-06-09 19:00:00,920.67999267578125
2024-06-09 20:00:00,1140.5799560546875
2024-06-09 21:00:00,1360.469970703125
2024-06-09 22:00:00,1190.6700439453125
2024-06-09 23:00:00,1020.8699951171876
2024-06-10 00:00:00,851.07000732421875
2024-06-10 01:00:00,772.1500244140625
2024-06-10 02:00:00,693.219970703125
2024-06-10 03:00:00,614.28997802734375
2024-06-10 04:00:00,482.5
2024-06-10 05:00:00,350.7099914550781
2024-06-10 06:00:00,218.91000366210935
2024-06-10 07:00:00,190.2100067138672
2024-06-10 08:00:00,161.50999450683594
2024-06-10 09:00:00,132.80999755859375
2024-06-10 10:00:00,113.02999877929688
2024-06-10 11:00:00,93.25
2024-06-10 12:00:00,73.470001220703125
2024-06-10 13:00:00,135.16000366210938
2024-06-10 14:00:00,196.85000610351565
2024-06-10 15:00:00,258.54998779296875
2024-06-10 16:00:00,324.82000732421875
2024-06-10 17:00:00,391.0899963378906
2024-06-10 18:00:00,457.3599853515625
2024-06-10 19:00:00,396.3900146484375
2024-06-10 20:00:00,335.42999267578125
2024-06-10 21:00:00,274.4599914550781
2024-06-10 22:00:00,216.52000427246097
2024-06-10 23:00:00,158.5800018310547
2024-06-11 00:00:00,100.63999938964844
2024-06-11 01:00:00,75.01000213623047
2024-06-11 02:00:00,49.380001068115234
2024-06-11 03:00:00,23.75
2024-06-11 04:00:00,21.950000762939453
2024-06-11 05:00:00,20.15999984741211
2024-06-11 06:00:00,18.360000610351563
2024-06-11 07:00:00,12.239999771118164
2024-06-11 08:00:00,6.119999885559082
2024-06-11 09:00:00,0
2024-06-11 10:00:00,0
2024-06-11 11:00:00,0
2024-06-11 12:00:00,0
2024-06-11 13:00:00,0
2024-06-11 14:00:00,0
2024-06-11 15:00:00,0
2024-06-11 16:00:00,18.959999084472656
2024-06-11 17:00:00,37.91999816894531
2024-06-11 18:00:00,56.880001068115234
2024-06-11 19:00:00,158.08999633789065
2024-06-11 20:00:00,259.29998779296875
2024-06-11 21:00:00,360.510009765625
2024-06-11 22:00:00,496.6799926757813
2024-06-11 23:00:00,632.8499755859375
2024-06-12 00:00:00,769.030029296875
2024-06-12 01:00:00,640.42999267578125
2024-06-12 02:00:00,511.8299865722656
2024-06-12 03:00:00,383.239990234375
2024-06-12 04:00:00,282.67999267578125
2024-06-12 05:00:00,182.1300048828125
2024-06-12 06:00:00,81.58000183105469
2024-06-12 07:00:00,55.4900016784668
2024-06-12 08:00:00,29.399999618530273
2024-06-12 09:00:00,3.309999942779541
2024-06-12 10:00:00,2.200000047683716
2024-06-12 11:00:00,1.100000023841858
2024-06-12 12:00:00,0
2024-06-12 13:00:00,0.25999999046325684
2024-06-12 14:00:00,0.5199999809265137
2024-06-12 15:00:00,0.7799999713897705
2024-06-12 16:00:00,15.600000381469728
2024-06-12 17:00:00,30.40999984741211
2024-06-12 18:00:00,45.220001220703125
2024-06-12 19:00:00,86.089996337890625
2024-06-12 20:00:00,126.95999908447266
2024-06-12 21:00:00,167.82000732421875
2024-06-12 22:00:00,157.08999633789065
2024-06-12 23:00:00,146.36000061035156
2024-06-13 00:00:00,135.6199951171875
2024-06-13 01:00:00,127.54000091552734
2024-06-13 02:00:00,119.4499969482422
2024-06-13 03:00:00,111.37000274658205
2024-06-13 04:00:00,113.12000274658205
2024-06-13 05:00:00,114.87000274658205
2024-06-13 06:00:00,116.62000274658205
2024-06-13 07:00:00,83.25
2024-06-13 08:00:00,49.88999938964844
2024-06-13 09:00:00,16.530000686645508
2024-06-13 10:00:00,17.459999084472656
2024-06-13 11:00:00,18.3799991607666
2024-06-13 12:00:00,19.309999465942383
2024-06-13 13:00:00,51.470001220703125
2024-06-13 14:00:00,83.62999725341797
2024-06-13 15:00:00,115.79000091552734
2024-06-13 16:00:00,116.23999786376952
2024-06-13 17:00:00,116.68000030517578
2024-06-13 18:00:00,117.12999725341795
2024-06-13 19:00:00,141.5
2024-06-13 20:00:00,165.8699951171875
2024-06-13 21:00:00,190.25
2024-06-13 22:00:00,267.4100036621094
2024-06-13 23:00:00,344.55999755859375
2024-06-14 00:00:00,421.7200012207031
2024-06-14 01:00:00,458.9800109863281
2024-06-14 02:00:00,496.2300109863281
2024-06-14 03:00:00,533.47998046875
2024-06-14 04:00:00,552.510009765625
2024-06-14 05:00:00,571.54998779296875
2024-06-14 06:00:00,590.58001708984375
2024-06-14 07:00:00,566.1500244140625
2024-06-14 08:00:00,541.72998046875
2024-06-14 09:00:00,517.30999755859375
2024-06-14 10:00:00,527.219970703125
2024-06-14 11:00:00,537.1300048828125
2024-06-14 12:00:00,547.03997802734375
2024-06-14 13:00:00,544.09002685546875
2024-06-14 14:00:00,541.1400146484375
2024-06-14 15:00:00,538.19000244140625
2024-06-14 16:00:00,704.22998046875
2024-06-14 17:00:00,870.280029296875
2024-06-14 18:00:00,1036.3199462890625
2024-06-14 19:00:00,908.75
2024-06-14 20:00:00,781.17999267578125
2024-06-14 21:00:00,653.6099853515625
2024-06-14 22:00:00,645.3900146484375
2024-06-14 23:00:00,637.15997314453125
2024-06-15 00:00:00,628.94000244140625
2024-06-15 01:00:00,553.239990234375
2024-06-15 02:00:00,477.5400085449219
2024-06-15 03:00:00,401.8399963378906
2024-06-15 04:00:00,316.2200012207031
2024-06-15 05:00:00,230.61000061035156
2024-06-15 06:00:00,144.99000549316406
2024-06-15 07:00:00,105.04000091552734
2024-06-15 08:00:00,65.089996337890625
2024-06-15 09:00:00,25.13999938964844
2024-06-15 10:00:00,16.760000228881836
2024-06-15 11:00:00,8.380000114440918
2024-06-15 12:00:00,0
2024-06-15 13:00:00,6.489999771118164
2024-06-15 14:00:00,12.979999542236328
2024-06-15 15:00:00,19.469999313354492
2024-06-15 16:00:00,117.88999938964844
2024-06-15 17:00:00,216.30999755859375
2024-06-15 18:00:00,314.7300109863281
2024-06-15 19:00:00,279.20001220703125
2024-06-15 20:00:00,243.6699981689453
2024-06-15 21:00:00,208.13999938964844
2024-06-15 22:00:00,268.3999938964844
2024-06-15 23:00:00,328.6600036621094
2024-06-16 00:00:00,388.9200134277344
2024-06-16 01:00:00,298.989990234375
2024-06-16 02:00:00,209.05999755859375
2024-06-16 03:00:00,119.12999725341795
2024-06-16 04:00:00,88.94999694824219
2024-06-16 05:00:00,58.779998779296875
2024-06-16 06:00:00,28.600000381469727
2024-06-16 07:00:00,34.88999938964844
2024-06-16 08:00:00,41.18000030517578
2024-06-16 09:00:00,47.470001220703125
2024-06-16 10:00:00,36.810001373291016
2024-06-16 11:00:00,26.13999938964844
2024-06-16 12:00:00,15.479999542236328
2024-06-16 13:00:00,10.31999969482422
2024-06-16 14:00:00,5.159999847412109
2024-06-16 15:00:00,0
2024-06-16 16:00:00,0
2024-06-16 17:00:00,0
2024-06-16 18:00:00,0
2024-06-16 19:00:00,1.0099999904632568
2024-06-16 20:00:00,2.0299999713897705
2024-06-16 21:00:00,3.0399999618530273
2024-06-16 22:00:00,62.08000183105469
2024-06-16 23:00:00,121.12000274658205
2024-06-17 00:00:00,180.16000366210935
2024-06-17 01:00:00,198.0099945068359
2024-06-17 02:00:00,215.8699951171875
2024-06-17 03:00:00,233.72000122070313
2024-06-17 04:00:00,197.1199951171875
2024-06-17 05:00:00,160.52000427246094
2024-06-17 06:00:00,123.91000366210938
2024-06-17 07:00:00,83.62000274658203
2024-06-17 08:00:00,43.33000183105469
2024-06-17 09:00:00,3.0399999618530273
2024-06-17 10:00:00,2.0299999713897705
2024-06-17 11:00:00,1.0099999904632568
2024-06-17 12:00:00,0
2024-06-17 13:00:00,0
2024-06-17 14:00:00,0
2024-06-17 15:00:00,0
2024-06-17 16:00:00,8.380000114440918
2024-06-17 17:00:00,16.760000228881836
2024-06-17 18:00:00,25.13999938964844
2024-06-17 19:00:00,17.770000457763672
2024-06-17 20:00:00,10.40999984741211
2024-06-17 21:00:00,3.0399999618530273
2024-06-17 22:00:00,9.270000457763672
2024-06-17 23:00:00,15.5
2024-06-18 00:00:00,21.719999313354492
2024-06-18 01:00:00,16.540000915527344
2024-06-18 02:00:00,11.350000381469728
2024-06-18 03:00:00,6.170000076293945
2024-06-18 04:00:00,4.110000133514404
2024-06-18 05:00:00,2.059999942779541
2024-06-18 06:00:00,0
2024-06-18 07:00:00,0
2024-06-18 08:00:00,0
2024-06-18 09:00:00,0
2024-06-18 10:00:00,0
2024-06-18 11:00:00,0
2024-06-18 12:00:00,0
2024-06-18 13:00:00,0
2024-06-18 14:00:00,0
2024-06-18 15:00:00,0
2024-06-18 16:00:00,6.340000152587891
2024-06-18 17:00:00,12.68000030517578
2024-06-18 18:00:00,19.020000457763672
2024-06-18 19:00:00,27.479999542236328
2024-06-18 20:00:00,35.939998626708984
2024-06-18 21:00:00,44.400001525878906
2024-06-18 22:00:00,66.69999694824219
2024-06-18 23:00:00,89
2024-06-19 00:00:00,111.3000030517578
2024-06-19 01:00:00,74.55000305175781
2024-06-19 02:00:00,37.79999923706055
2024-06-19 03:00:00,1.059999942779541
2024-06-19 04:00:00,1.809999942779541
2024-06-19 05:00:00,2.559999942779541
2024-06-19 06:00:00,3.309999942779541
2024-06-19 07:00:00,3.2200000286102295
2024-06-19 08:00:00,3.130000114440918
2024-06-19 09:00:00,3.0399999618530273
2024-06-19 10:00:00,3.0399999618530273
2024-06-19 11:00:00,3.0399999618530273
2024-06-19 12:00:00,3.0399999618530273
2024-06-19 13:00:00,3.2200000286102295
2024-06-19 14:00:00,3.4000000953674316
2024-06-19 15:00:00,3.569999933242798
2024-06-19 16:00:00,2.380000114440918
2024-06-19 17:00:00,1.190000057220459
2024-06-19 18:00:00,0
2024-06-19 19:00:00,86.48999786376953
2024-06-19 20:00:00,172.97999572753906
2024-06-19 21:00:00,259.4599914550781
2024-06-19 22:00:00,302.5299987792969
2024-06-19 23:00:00,345.5899963378906
2024-06-20 00:00:00,388.6499938964844
2024-06-20 01:00:00,342.0400085449219
2024-06-20 02:00:00,295.42999267578125
2024-06-20 03:00:00,248.82000732421875
2024-06-20 04:00:00,181.5500030517578
2024-06-20 05:00:00,114.29000091552734
2024-06-20 06:00:00,47.02000045776367
2024-06-20 07:00:00,32.36000061035156
2024-06-20 08:00:00,17.700000762939453
2024-06-20 09:00:00,3.0399999618530273
2024-06-20 10:00:00,8.319999694824219
2024-06-20 11:00:00,13.59000015258789
2024-06-20 12:00:00,18.860000610351563
2024-06-20 13:00:00,27.959999084472656
2024-06-20 14:00:00,37.060001373291016
2024-06-20 15:00:00,46.15999984741211
2024-06-20 16:00:00,111.18000030517578
2024-06-20 17:00:00,176.1999969482422
2024-06-20 18:00:00,241.22999572753903
2024-06-20 19:00:00,248.72999572753903
2024-06-20 20:00:00,256.2300109863281
2024-06-20 21:00:00,263.739990234375
2024-06-20 22:00:00,245.47000122070313
2024-06-20 23:00:00,227.1999969482422
2024-06-21 00:00:00,208.92999267578125
2024-06-21 01:00:00,168.0399932861328
2024-06-21 02:00:00,127.16000366210938
2024-06-21 03:00:00,86.279998779296875
2024-06-21 04:00:00,67.29000091552734
2024-06-21 05:00:00,48.29999923706055
2024-06-21 06:00:00,29.309999465942383
2024-06-21 07:00:00,23.950000762939453
2024-06-21 08:00:00,18.579999923706055
2024-06-21 09:00:00,13.220000267028809
2024-06-21 10:00:00,19.65999984741211
2024-06-21 11:00:00,26.100000381469727
2024-06-21 12:00:00,32.529998779296875
2024-06-21 13:00:00,48.09000015258789
2024-06-21 14:00:00,63.63999938964844
2024-06-21 15:00:00,79.19999694824219
2024-06-21 16:00:00,154.16000366210938
2024-06-21 17:00:00,229.1300048828125
2024-06-21 18:00:00,304.1000061035156
2024-06-21 19:00:00,256.0400085449219
2024-06-21 20:00:00,207.97999572753903
2024-06-21 21:00:00,159.92999267578125
2024-06-21 22:00:00,117.83999633789064
2024-06-21 23:00:00,75.75
2024-06-22 00:00:00,33.65999984741211
2024-06-22 01:00:00,48.33000183105469
2024-06-22 02:00:00,63
2024-06-22 03:00:00,77.66999816894531
2024-06-22 04:00:00,51.779998779296875
2024-06-22 05:00:00,25.88999938964844
2024-06-22 06:00:00,0
2024-06-22 07:00:00,0
2024-06-22 08:00:00,0
2024-06-22 09:00:00,0
2024-06-22 10:00:00,0
2024-06-22 11:00:00,0
2024-06-22 12:00:00,0
2024-06-22 13:00:00,0
2024-06-22 14:00:00,0
2024-06-22 15:00:00,0
2024-06-22 16:00:00,3.5999999046325684
2024-06-22 17:00:00,7.190000057220459
2024-06-22 18:00:00,10.789999961853027
2024-06-22 19:00:00,43.470001220703125
2024-06-22 20:00:00,76.160003662109375
2024-06-22 21:00:00,108.83999633789064
2024-06-22 22:00:00,74.8499984741211
2024-06-22 23:00:00,40.86000061035156
2024-06-23 00:00:00,6.869999885559082
2024-06-23 01:00:00,4.579999923706055
2024-06-23 02:00:00,2.2899999618530273
2024-06-23 03:00:00,0
2024-06-23 04:00:00,0
2024-06-23 05:00:00,0
2024-06-23 06:00:00,0
2024-06-23 07:00:00,0
2024-06-23 08:00:00,0
2024-06-23 09:00:00,0
2024-06-23 10:00:00,0
2024-06-23 11:00:00,0
2024-06-23 12:00:00,0
2024-06-23 13:00:00,0
2024-06-23 14:00:00,0
2024-06-23 15:00:00,0
2024-06-23 16:00:00,10.449999809265137
2024-06-23 17:00:00,20.899999618530273
2024-06-23 18:00:00,31.360000610351563
2024-06-23 19:00:00,54.97999954223633
2024-06-23 20:00:00,78.5999984741211
2024-06-23 21:00:00,102.2300033569336
2024-06-23 22:00:00,111.70999908447266
2024-06-23 23:00:00,121.18000030517578
2024-06-24 00:00:00,130.66000366210938
2024-06-24 01:00:00,105.4499969482422
2024-06-24 02:00:00,80.23999786376953
2024-06-24 03:00:00,55.02000045776367
2024-06-24 04:00:00,44.34000015258789
2024-06-24 05:00:00,33.650001525878906
2024-06-24 06:00:00,22.959999084472656
2024-06-24 07:00:00,16.40999984741211
2024-06-24 08:00:00,9.859999656677246
2024-06-24 09:00:00,3.309999942779541
2024-06-24 10:00:00,2.200000047683716
2024-06-24 11:00:00,1.100000023841858
2024-06-24 12:00:00,0
2024-06-24 13:00:00,22.110000610351563
2024-06-24 14:00:00,44.220001220703125
2024-06-24 15:00:00,66.33000183105469
2024-06-24 16:00:00,110.05999755859376
2024-06-24 17:00:00,153.7899932861328
2024-06-24 18:00:00,197.52000427246097
2024-06-24 19:00:00,181.3300018310547
2024-06-24 20:00:00,165.1300048828125
2024-06-24 21:00:00,148.94000244140625
2024-06-24 22:00:00,137.7100067138672
2024-06-24 23:00:00,126.4800033569336
2024-06-25 00:00:00,115.25
2024-06-25 01:00:00,120.16000366210938
2024-06-25 02:00:00,125.06999969482422
2024-06-25 03:00:00,129.97999572753906
2024-06-25 04:00:00,102.8499984741211
2024-06-25 05:00:00,75.7300033569336
2024-06-25 06:00:00,48.599998474121094
2024-06-25 07:00:00,59.810001373291016
2024-06-25 08:00:00,71.029998779296875
2024-06-25 09:00:00,82.25
2024-06-25 10:00:00,54.83000183105469
2024-06-25 11:00:00,27.420000076293945
2024-06-25 12:00:00,0
2024-06-25 13:00:00,0
2024-06-25 14:00:00,0
2024-06-25 15:00:00,0
2024-06-25 16:00:00,17.219999313354492
2024-06-25 17:00:00,34.439998626708984
2024-06-25 18:00:00,51.65999984741211
2024-06-25 19:00:00,48.68000030517578
2024-06-25 20:00:00,45.689998626708984
2024-06-25 21:00:00,42.709999084472656
2024-06-25 22:00:00,29
2024-06-25 23:00:00,15.289999961853027
2024-06-26 00:00:00,1.5700000524520874
2024-06-26 01:00:00,2.7699999809265137
2024-06-26 02:00:00,3.9600000381469727
2024-06-26 03:00:00,5.150000095367432
2024-06-26 04:00:00,5.809999942779541
2024-06-26 05:00:00,6.46999979019165
2024-06-26 06:00:00,7.130000114440918
2024-06-26 07:00:00,4.760000228881836
2024-06-26 08:00:00,2.380000114440918
2024-06-26 09:00:00,0
2024-06-26 10:00:00,0
2024-06-26 11:00:00,0
2024-06-26 12:00:00,0
2024-06-26 13:00:00,0
2024-06-26 14:00:00,0
2024-06-26 15:00:00,0
2024-06-26 16:00:00,12.609999656677246
2024-06-26 17:00:00,25.219999313354492
2024-06-26 18:00:00,37.83000183105469
2024-06-26 19:00:00,63.83000183105469
2024-06-26 20:00:00,89.81999969482422
2024-06-26 21:00:00,115.81999969482422
2024-06-26 22:00:00,108.73999786376952
2024-06-26 23:00:00,101.66000366210938
2024-06-27 00:00:00,94.58000183105467
2024-06-27 01:00:00,63.04999923706055
2024-06-27 02:00:00,31.530000686645508
2024-06-27 03:00:00,0
2024-06-27 04:00:00,0
2024-06-27 05:00:00,0
2024-06-27 06:00:00,0
2024-06-27 07:00:00,0
2024-06-27 08:00:00,0
2024-06-27 09:00:00,0
2024-06-27 10:00:00,0
2024-06-27 11:00:00,0
2024-06-27 12:00:00,0
2024-06-27 13:00:00,0
2024-06-27 14:00:00,0
2024-06-27 15:00:00,0
2024-06-27 16:00:00,1.100000023841858
2024-06-27 17:00:00,2.200000047683716
2024-06-27 18:00:00,3.309999942779541
2024-06-27 19:00:00,14.979999542236328
2024-06-27 20:00:00,26.65999984741211
2024-06-27 21:00:00,38.34000015258789
2024-06-27 22:00:00,38.25
2024-06-27 23:00:00,38.15999984741211
2024-06-28 00:00:00,38.06999969482422
2024-06-28 01:00:00,57.150001525878906
2024-06-28 02:00:00,76.220001220703125
2024-06-28 03:00:00,95.3000030517578
2024-06-28 04:00:00,63.529998779296875
2024-06-28 05:00:00,31.770000457763672
2024-06-28 06:00:00,0
2024-06-28 07:00:00,0
2024-06-28 08:00:00,0
2024-06-28 09:00:00,0
2024-06-28 10:00:00,0
2024-06-28 11:00:00,0
2024-06-28 12:00:00,0
2024-06-28 13:00:00,0
2024-06-28 14:00:00,0
2024-06-28 15:00:00,0
2024-06-28 16:00:00,20.739999771118164
2024-06-28 17:00:00,41.4900016784668
2024-06-28 18:00:00,62.22999954223633
2024-06-28 19:00:00,119.8499984741211
2024-06-28 20:00:00,177.47000122070313
2024-06-28 21:00:00,235.08999633789065
2024-06-28 22:00:00,181.1999969482422
2024-06-28 23:00:00,127.3000030517578
2024-06-29 00:00:00,73.410003662109375
2024-06-29 01:00:00,57.810001373291016
2024-06-29 02:00:00,42.209999084472656
2024-06-29 03:00:00,26.600000381469727
2024-06-29 04:00:00,17.81999969482422
2024-06-29 05:00:00,9.039999961853027
2024-06-29 06:00:00,0.25999999046325684
2024-06-29 07:00:00,0.25999999046325684
2024-06-29 08:00:00,0.25999999046325684
2024-06-29 09:00:00,0.25999999046325684
2024-06-29 10:00:00,0.17000000178813934
2024-06-29 11:00:00,0.09000000357627869
2024-06-29 12:00:00,0
2024-06-29 13:00:00,0.18000000715255737
2024-06-29 14:00:00,0.3499999940395355
2024-06-29 15:00:00,0.5299999713897705
2024-06-29 16:00:00,58.630001068115234
2024-06-29 17:00:00,116.73999786376952
2024-06-29 18:00:00,174.83999633789065
2024-06-29 19:00:00,226.5099945068359
2024-06-29 20:00:00,278.17999267578125
2024-06-29 21:00:00,329.8599853515625
2024-06-29 22:00:00,356.010009765625
2024-06-29 23:00:00,382.1600036621094
2024-06-30 00:00:00,408.30999755859375
2024-06-30 01:00:00,290.44000244140625
2024-06-30 02:00:00,172.55999755859375
2024-06-30 03:00:00,54.689998626708984
2024-06-30 04:00:00,37.470001220703125
2024-06-30 05:00:00,20.260000228881836
2024-06-30 06:00:00,3.0399999618530273
2024-06-30 07:00:00,3.0399999618530273
2024-06-30 08:00:00,3.0399999618530273
2024-06-30 09:00:00,3.0399999618530273
2024-06-30 10:00:00,3.0399999618530273
2024-06-30 11:00:00,3.0399999618530273
2024-06-30 12:00:00,3.0399999618530273
2024-06-30 13:00:00,17.360000610351563
2024-06-30 14:00:00,31.670000076293945
2024-06-30 15:00:00,45.97999954223633
2024-06-30 16:00:00,99.08000183105467
2024-06-30 17:00:00,152.1699981689453
2024-06-30 18:00:00,205.27000427246097
2024-06-30 19:00:00,220.1300048828125
2024-06-30 20:00:00,234.9900054931641
2024-06-30 21:00:00,249.85000610351565
2024-06-30 22:00:00,244.17999267578125
2024-06-30 23:00:00,238.5099945068359
2024-07-01 00:00:00,232.83999633789065
2024-07-01 01:00:00,251.11000061035156
2024-07-01 02:00:00,269.3800048828125
2024-07-01 03:00:00,287.6499938964844
2024-07-01 04:00:00,273.19000244140625
2024-07-01 05:00:00,258.7300109863281
2024-07-01 06:00:00,244.27000427246097
2024-07-01 07:00:00,180.72999572753903
2024-07-01 08:00:00,117.1999969482422
2024-07-01 09:00:00,53.65999984741211
2024-07-01 10:00:00,36.790000915527344
2024-07-01 11:00:00,19.920000076293945
2024-07-01 12:00:00,3.0399999618530273
2024-07-01 13:00:00,7.420000076293945
2024-07-01 14:00:00,11.789999961853027
2024-07-01 15:00:00,16.170000076293945
2024-07-01 16:00:00,11.039999961853027
2024-07-01 17:00:00,5.920000076293945
2024-07-01 18:00:00,0.7900000214576721
2024-07-01 19:00:00,8.739999771118164
2024-07-01 20:00:00,16.68000030517578
2024-07-01 21:00:00,24.6299991607666
2024-07-01 22:00:00,20.3700008392334
2024-07-01 23:00:00,16.110000610351563
2024-07-02 00:00:00,11.850000381469728
2024-07-02 01:00:00,15.579999923706056
2024-07-02 02:00:00,19.309999465942383
2024-07-02 03:00:00,23.040000915527344
2024-07-02 04:00:00,16.3799991607666
2024-07-02 05:00:00,9.710000038146973
2024-07-02 06:00:00,3.0399999618530273
2024-07-02 07:00:00,2.119999885559082
2024-07-02 08:00:00,1.190000057220459
2024-07-02 09:00:00,0.25999999046325684
2024-07-02 10:00:00,0.3499999940395355
2024-07-02 11:00:00,0.4399999976158142
2024-07-02 12:00:00,0.5299999713897705
2024-07-02 13:00:00,6.070000171661377
2024-07-02 14:00:00,11.609999656677246
2024-07-02 15:00:00,17.149999618530273
2024-07-02 16:00:00,44.40999984741211
2024-07-02 17:00:00,71.66999816894531
2024-07-02 18:00:00,98.93000030517578
2024-07-02 19:00:00,69.19999694824219
2024-07-02 20:00:00,39.470001220703125
2024-07-02 21:00:00,9.729999542236328
2024-07-02 22:00:00,6.489999771118164
2024-07-02 23:00:00,3.240000009536743
2024-07-03 00:00:00,0
2024-07-03 01:00:00,0
2024-07-03 02:00:00,0
2024-07-03 03:00:00,0
2024-07-03 04:00:00,0.09000000357627869
2024-07-03 05:00:00,0.17000000178813934
2024-07-03 06:00:00,0.25999999046325684
2024-07-03 07:00:00,0.25999999046325684
2024-07-03 08:00:00,0.25999999046325684
2024-07-03 09:00:00,0.25999999046325684
2024-07-03 10:00:00,13.6899995803833
2024-07-03 11:00:00,27.110000610351563
2024-07-03 12:00:00,40.529998779296875
2024-07-03 13:00:00,71.88999938964844
2024-07-03 14:00:00,103.25
2024-07-03 15:00:00,134.61000061035156
2024-07-03 16:00:00,102.1500015258789
2024-07-03 17:00:00,69.69000244140625
2024-07-03 18:00:00,37.22999954223633
2024-07-03 19:00:00,27.200000762939453
2024-07-03 20:00:00,17.170000076293945
2024-07-03 21:00:00,7.130000114440918
2024-07-03 22:00:00,5.860000133514404
2024-07-03 23:00:00,4.579999923706055
2024-07-04 00:00:00,3.309999942779541
2024-07-04 01:00:00,8.34000015258789
2024-07-04 02:00:00,13.380000114440918
2024-07-04 03:00:00,18.420000076293945
2024-07-04 04:00:00,12.279999732971191
2024-07-04 05:00:00,6.139999866485596
2024-07-04 06:00:00,0
2024-07-04 07:00:00,0
2024-07-04 08:00:00,0
2024-07-04 09:00:00,0
2024-07-04 10:00:00,0
2024-07-04 11:00:00,0
2024-07-04 12:00:00,0
2024-07-04 13:00:00,0
2024-07-04 14:00:00,0
2024-07-04 15:00:00,0
2024-07-04 16:00:00,0
2024-07-04 17:00:00,0
2024-07-04 18:00:00,0
2024-07-04 19:00:00,4.489999771118164
2024-07-04 20:00:00,8.989999771118164
2024-07-04 21:00:00,13.479999542236328
2024-07-04 22:00:00,58.439998626708984
2024-07-04 23:00:00,103.38999938964844
2024-07-05 00:00:00,148.33999633789065
2024-07-05 01:00:00,147.1199951171875
2024-07-05 02:00:00,145.91000366210938
2024-07-05 03:00:00,144.69000244140625
2024-07-05 04:00:00,116.93000030517578
2024-07-05 05:00:00,89.160003662109375
2024-07-05 06:00:00,61.400001525878906
2024-07-05 07:00:00,55.77000045776367
2024-07-05 08:00:00,50.150001525878906
2024-07-05 09:00:00,44.52000045776367
2024-07-05 10:00:00,29.68000030517578
2024-07-05 11:00:00,14.84000015258789
2024-07-05 12:00:00,0
2024-07-05 13:00:00,0
2024-07-05 14:00:00,0
2024-07-05 15:00:00,0
2024-07-05 16:00:00,2.2899999618530273
2024-07-05 17:00:00,4.579999923706055
2024-07-05 18:00:00,6.869999885559082
2024-07-05 19:00:00,8.579999923706055
2024-07-05 20:00:00,10.300000190734863
2024-07-05 21:00:00,12.010000228881836
2024-07-05 22:00:00,22.239999771118164
2024-07-05 23:00:00,32.47999954223633
2024-07-06 00:00:00,42.720001220703125
2024-07-06 01:00:00,68.9800033569336
2024-07-06 02:00:00,95.23999786376952
2024-07-06 03:00:00,121.5
2024-07-06 04:00:00,87.87000274658203
2024-07-06 05:00:00,54.2400016784668
2024-07-06 06:00:00,20.6200008392334
2024-07-06 07:00:00,13.739999771118164
2024-07-06 08:00:00,6.869999885559082
2024-07-06 09:00:00,0
2024-07-06 10:00:00,0
2024-07-06 11:00:00,0
2024-07-06 12:00:00,0
2024-07-06 13:00:00,0
2024-07-06 14:00:00,0
2024-07-06 15:00:00,0
2024-07-06 16:00:00,0
2024-07-06 17:00:00,0
2024-07-06 18:00:00,0
2024-07-06 19:00:00,0
2024-07-06 20:00:00,0
2024-07-06 21:00:00,0
2024-07-06 22:00:00,0
2024-07-06 23:00:00,0
2024-07-07 00:00:00,0
2024-07-07 01:00:00,1.0099999904632568
2024-07-07 02:00:00,2.0299999713897705
2024-07-07 03:00:00,3.0399999618530273
2024-07-07 04:00:00,3.0399999618530273
2024-07-07 05:00:00,3.0399999618530273
2024-07-07 06:00:00,3.0399999618530273
2024-07-07 07:00:00,2.0299999713897705
2024-07-07 08:00:00,1.0099999904632568
2024-07-07 09:00:00,0
2024-07-07 10:00:00,0
2024-07-07 11:00:00,0
2024-07-07 12:00:00,0
2024-07-07 13:00:00,0
2024-07-07 14:00:00,0
2024-07-07 15:00:00,0
2024-07-07 16:00:00,0
2024-07-07 17:00:00,0
2024-07-07 18:00:00,0
2024-07-07 19:00:00,60.380001068115234
2024-07-07 20:00:00,120.76000213623048
2024-07-07 21:00:00,181.1300048828125
2024-07-07 22:00:00,160.35000610351565
2024-07-07 23:00:00,139.57000732421875
2024-07-08 00:00:00,118.79000091552734
2024-07-08 01:00:00,115.9499969482422
2024-07-08 02:00:00,113.11000061035156
2024-07-08 03:00:00,110.2699966430664
2024-07-08 04:00:00,76.7300033569336
2024-07-08 05:00:00,43.189998626708984
2024-07-08 06:00:00,9.65999984741211
2024-07-08 07:00:00,9.65999984741211
2024-07-08 08:00:00,9.65999984741211
2024-07-08 09:00:00,9.65999984741211
2024-07-08 10:00:00,6.440000057220459
2024-07-08 11:00:00,3.2200000286102295
2024-07-08 12:00:00,0
2024-07-08 13:00:00,0
2024-07-08 14:00:00,0
2024-07-08 15:00:00,0
2024-07-08 16:00:00,0.09000000357627869
2024-07-08 17:00:00,0.17000000178813934
2024-07-08 18:00:00,0.25999999046325684
2024-07-08 19:00:00,0.3499999940395355
2024-07-08 20:00:00,0.4399999976158142
2024-07-08 21:00:00,0.5199999809265137
2024-07-08 22:00:00,14.479999542236328
2024-07-08 23:00:00,28.440000534057617
2024-07-09 00:00:00,42.38999938964844
2024-07-09 01:00:00,71.5999984741211
2024-07-09 02:00:00,100.80999755859376
2024-07-09 03:00:00,130.00999450683594
2024-07-09 04:00:00,107.80999755859376
2024-07-09 05:00:00,85.5999984741211
2024-07-09 06:00:00,63.400001525878906
2024-07-09 07:00:00,45.75
2024-07-09 08:00:00,28.09000015258789
2024-07-09 09:00:00,10.4399995803833
2024-07-09 10:00:00,7.050000190734863
2024-07-09 11:00:00,3.650000095367432
2024-07-09 12:00:00,0.25999999046325684
2024-07-09 13:00:00,3.849999904632568
2024-07-09 14:00:00,7.449999809265137
2024-07-09 15:00:00,11.039999961853027
2024-07-09 16:00:00,20.600000381469727
2024-07-09 17:00:00,30.170000076293945
2024-07-09 18:00:00,39.72999954223633
2024-07-09 19:00:00,47.59000015258789
2024-07-09 20:00:00,55.439998626708984
2024-07-09 21:00:00,63.29999923706055
2024-07-09 22:00:00,50.290000915527344
2024-07-09 23:00:00,37.279998779296875
2024-07-10 00:00:00,24.270000457763672
2024-07-10 01:00:00,19.56999969482422
2024-07-10 02:00:00,14.869999885559082
2024-07-10 03:00:00,10.18000030517578
2024-07-10 04:00:00,9.920000076293944
2024-07-10 05:00:00,9.65999984741211
2024-07-10 06:00:00,9.390000343322754
2024-07-10 07:00:00,9.390000343322754
2024-07-10 08:00:00,9.390000343322754
2024-07-10 09:00:00,9.390000343322754
2024-07-10 10:00:00,12.609999656677246
2024-07-10 11:00:00,15.829999923706056
2024-07-10 12:00:00,19.049999237060547
2024-07-10 13:00:00,39.56999969482422
2024-07-10 14:00:00,60.09000015258789
2024-07-10 15:00:00,80.61000061035156
2024-07-10 16:00:00,57.130001068115234
2024-07-10 17:00:00,33.65999984741211
2024-07-10 18:00:00,10.18000030517578
2024-07-10 19:00:00,61.59000015258789
2024-07-10 20:00:00,113.01000213623048
2024-07-10 21:00:00,164.42999267578125
2024-07-10 22:00:00,188.83999633789065
2024-07-10 23:00:00,213.25
2024-07-11 00:00:00,237.66000366210935
2024-07-11 01:00:00,230.69000244140625
2024-07-11 02:00:00,223.72000122070313
2024-07-11 03:00:00,216.75
2024-07-11 04:00:00,165.52000427246094
2024-07-11 05:00:00,114.27999877929688
2024-07-11 06:00:00,63.04999923706055
2024-07-11 07:00:00,43.13999938964844
2024-07-11 08:00:00,23.219999313354492
2024-07-11 09:00:00,3.309999942779541
2024-07-11 10:00:00,2.200000047683716
2024-07-11 11:00:00,1.100000023841858
2024-07-11 12:00:00,0
2024-07-11 13:00:00,0
2024-07-11 14:00:00,0
2024-07-11 15:00:00,0
2024-07-11 16:00:00,36.4900016784668
2024-07-11 17:00:00,72.9800033569336
2024-07-11 18:00:00,109.45999908447266
2024-07-11 19:00:00,151.8699951171875
2024-07-11 20:00:00,194.27999877929688
2024-07-11 21:00:00,236.67999267578125
2024-07-11 22:00:00,287.4200134277344
2024-07-11 23:00:00,338.1499938964844
2024-07-12 00:00:00,388.8900146484375
2024-07-12 01:00:00,360.55999755859375
2024-07-12 02:00:00,332.239990234375
2024-07-12 03:00:00,303.9200134277344
2024-07-12 04:00:00,249.75
2024-07-12 05:00:00,195.5800018310547
2024-07-12 06:00:00,141.4199981689453
2024-07-12 07:00:00,117.31999969482422
2024-07-12 08:00:00,93.2300033569336
2024-07-12 09:00:00,69.13999938964844
2024-07-12 10:00:00,61.369998931884766
2024-07-12 11:00:00,53.61000061035156
2024-07-12 12:00:00,45.84000015258789
2024-07-12 13:00:00,73.6500015258789
2024-07-12 14:00:00,101.45999908447266
2024-07-12 15:00:00,129.27000427246094
2024-07-12 16:00:00,140.80999755859375
2024-07-12 17:00:00,152.33999633789065
2024-07-12 18:00:00,163.8800048828125
2024-07-12 19:00:00,162.99000549316406
2024-07-12 20:00:00,162.10000610351565
2024-07-12 21:00:00,161.1999969482422
2024-07-12 22:00:00,169.42999267578125
2024-07-12 23:00:00,177.66000366210938
2024-07-13 00:00:00,185.8800048828125
2024-07-13 01:00:00,161.6699981689453
2024-07-13 02:00:00,137.4600067138672
2024-07-13 03:00:00,113.25
2024-07-13 04:00:00,94.029998779296875
2024-07-13 05:00:00,74.80999755859375
2024-07-13 06:00:00,55.59000015258789
2024-07-13 07:00:00,38.25
2024-07-13 08:00:00,20.90999984741211
2024-07-13 09:00:00,3.569999933242798
2024-07-13 10:00:00,11.15999984741211
2024-07-13 11:00:00,18.75
2024-07-13 12:00:00,26.34000015258789
2024-07-13 13:00:00,28.780000686645508
2024-07-13 14:00:00,31.209999084472656
2024-07-13 15:00:00,33.63999938964844
2024-07-13 16:00:00,72.660003662109375
2024-07-13 17:00:00,111.66999816894533
2024-07-13 18:00:00,150.67999267578125
2024-07-13 19:00:00,148.52000427246094
2024-07-13 20:00:00,146.3699951171875
2024-07-13 21:00:00,144.2100067138672
2024-07-13 22:00:00,155.55999755859375
2024-07-13 23:00:00,166.91000366210938
2024-07-14 00:00:00,178.25999450683594
2024-07-14 01:00:00,158.02999877929688
2024-07-14 02:00:00,137.8000030517578
2024-07-14 03:00:00,117.56999969482422
2024-07-14 04:00:00,86.470001220703125
2024-07-14 05:00:00,55.369998931884766
2024-07-14 06:00:00,24.270000457763672
2024-07-14 07:00:00,16.350000381469727
2024-07-14 08:00:00,8.4399995803833
2024-07-14 09:00:00,0.5199999809265137
2024-07-14 10:00:00,4.760000228881836
2024-07-14 11:00:00,8.989999771118164
2024-07-14 12:00:00,13.220000267028809
2024-07-14 13:00:00,33.349998474121094
2024-07-14 14:00:00,53.470001220703125
2024-07-14 15:00:00,73.589996337890625
2024-07-14 16:00:00,105.66000366210938
2024-07-14 17:00:00,137.72999572753906
2024-07-14 18:00:00,169.8000030517578
2024-07-14 19:00:00,126.94000244140624
2024-07-14 20:00:00,84.08000183105469
2024-07-14 21:00:00,41.220001220703125
2024-07-14 22:00:00,27.920000076293945
2024-07-14 23:00:00,14.619999885559082
2024-07-15 00:00:00,1.309999942779541
2024-07-15 01:00:00,9.399999618530272
2024-07-15 02:00:00,17.5
2024-07-15 03:00:00,25.59000015258789
2024-07-15 04:00:00,17.229999542236328
2024-07-15 05:00:00,8.880000114440918
2024-07-15 06:00:00,0.5199999809265137
2024-07-15 07:00:00,12.460000038146973
2024-07-15 08:00:00,24.399999618530273
2024-07-15 09:00:00,36.34000015258789
2024-07-15 10:00:00,24.229999542236328
2024-07-15 11:00:00,12.109999656677246
2024-07-15 12:00:00,0
2024-07-15 13:00:00,23.940000534057617
2024-07-15 14:00:00,47.869998931884766
2024-07-15 15:00:00,71.80999755859375
2024-07-15 16:00:00,170.47999572753906
2024-07-15 17:00:00,269.1499938964844
2024-07-15 18:00:00,367.8200073242187
2024-07-15 19:00:00,325.1000061035156
2024-07-15 20:00:00,282.3900146484375
2024-07-15 21:00:00,239.67999267578125
2024-07-15 22:00:00,159.77999877929688
2024-07-15 23:00:00,79.88999938964844
2024-07-16 00:00:00,0
2024-07-16 01:00:00,0
2024-07-16 02:00:00,0
2024-07-16 03:00:00,0
2024-07-16 04:00:00,0
2024-07-16 05:00:00,0
2024-07-16 06:00:00,0
2024-07-16 07:00:00,0
2024-07-16 08:00:00,0
2024-07-16 09:00:00,0
2024-07-16 10:00:00,0
2024-07-16 11:00:00,0
2024-07-16 12:00:00,0
2024-07-16 13:00:00,0.18000000715255737
2024-07-16 14:00:00,0.3499999940395355
2024-07-16 15:00:00,0.5299999713897705
2024-07-16 16:00:00,21.979999542236328
2024-07-16 17:00:00,43.43000030517578
2024-07-16 18:00:00,64.87999725341797
2024-07-16 19:00:00,53.5099983215332
2024-07-16 20:00:00,42.150001525878906
2024-07-16 21:00:00,30.780000686645508
2024-07-16 22:00:00,21.709999084472656
2024-07-16 23:00:00,12.640000343322754
2024-07-17 00:00:00,3.569999933242798
2024-07-17 01:00:00,17.389999389648438
2024-07-17 02:00:00,31.209999084472656
2024-07-17 03:00:00,45.029998779296875
2024-07-17 04:00:00,34.16999816894531
2024-07-17 05:00:00,23.299999237060547
2024-07-17 06:00:00,12.4399995803833
2024-07-17 07:00:00,11.420000076293944
2024-07-17 08:00:00,10.40999984741211
2024-07-17 09:00:00,9.390000343322754
2024-07-17 10:00:00,17.049999237060547
2024-07-17 11:00:00,24.700000762939453
2024-07-17 12:00:00,32.349998474121094
2024-07-17 13:00:00,42.849998474121094
2024-07-17 14:00:00,53.34000015258789
2024-07-17 15:00:00,63.83000183105469
2024-07-17 16:00:00,123.66999816894533
2024-07-17 17:00:00,183.5099945068359
2024-07-17 18:00:00,243.35000610351565
2024-07-17 19:00:00,253.41000366210935
2024-07-17 20:00:00,263.4700012207031
2024-07-17 21:00:00,273.5400085449219
2024-07-17 22:00:00,240.8699951171875
2024-07-17 23:00:00,208.2100067138672
2024-07-18 00:00:00,175.5399932861328
2024-07-18 01:00:00,131.58999633789065
2024-07-18 02:00:00,87.63999938964844
2024-07-18 03:00:00,43.68000030517578
2024-07-18 04:00:00,64.5
2024-07-18 05:00:00,85.30999755859375
2024-07-18 06:00:00,106.12000274658205
2024-07-18 07:00:00,87.18000030517578
2024-07-18 08:00:00,68.25
2024-07-18 09:00:00,49.310001373291016
2024-07-18 10:00:00,48.22999954223633
2024-07-18 11:00:00,47.15999984741211
2024-07-18 12:00:00,46.08000183105469
2024-07-18 13:00:00,51.540000915527344
2024-07-18 14:00:00,56.9900016784668
2024-07-18 15:00:00,62.45000076293945
2024-07-18 16:00:00,251.2100067138672
2024-07-18 17:00:00,439.9700012207031
2024-07-18 18:00:00,628.72998046875
2024-07-18 19:00:00,576.54998779296875
2024-07-18 20:00:00,524.3800048828125
2024-07-18 21:00:00,472.2000122070313
2024-07-18 22:00:00,331.760009765625
2024-07-18 23:00:00,191.32000732421875
2024-07-19 00:00:00,50.869998931884766
2024-07-19 01:00:00,61.91999816894531
2024-07-19 02:00:00,72.970001220703125
2024-07-19 03:00:00,84.01000213623047
2024-07-19 04:00:00,76.62000274658203
2024-07-19 05:00:00,69.2300033569336
2024-07-19 06:00:00,61.84000015258789
2024-07-19 07:00:00,45.540000915527344
2024-07-19 08:00:00,29.25
2024-07-19 09:00:00,12.960000038146973
2024-07-19 10:00:00,9.829999923706056
2024-07-19 11:00:00,6.699999809265137
2024-07-19 12:00:00,3.569999933242798
2024-07-19 13:00:00,23.950000762939453
2024-07-19 14:00:00,44.31999969482422
2024-07-19 15:00:00,64.69999694824219
2024-07-19 16:00:00,99.8000030517578
2024-07-19 17:00:00,134.89999389648438
2024-07-19 18:00:00,169.99000549316406
2024-07-19 19:00:00,113.5
2024-07-19 20:00:00,57.0099983215332
2024-07-19 21:00:00,0.5199999809265137
2024-07-19 22:00:00,9.56999969482422
2024-07-19 23:00:00,18.610000610351563
2024-07-20 00:00:00,27.65999984741211
2024-07-20 01:00:00,19.540000915527344
2024-07-20 02:00:00,11.420000076293944
2024-07-20 03:00:00,3.309999942779541
2024-07-20 04:00:00,2.200000047683716
2024-07-20 05:00:00,1.100000023841858
2024-07-20 06:00:00,0
2024-07-20 07:00:00,1.0099999904632568
2024-07-20 08:00:00,2.0299999713897705
2024-07-20 09:00:00,3.0399999618530273
2024-07-20 10:00:00,3.130000114440918
2024-07-20 11:00:00,3.2200000286102295
2024-07-20 12:00:00,3.309999942779541
2024-07-20 13:00:00,10.93000030517578
2024-07-20 14:00:00,18.549999237060547
2024-07-20 15:00:00,26.170000076293945
2024-07-20 16:00:00,110.25
2024-07-20 17:00:00,194.3300018310547
2024-07-20 18:00:00,278.4100036621094
2024-07-20 19:00:00,391.8599853515625
2024-07-20 20:00:00,505.2999877929687
2024-07-20 21:00:00,618.75
2024-07-20 22:00:00,662.70001220703125
2024-07-20 23:00:00,706.6400146484375
2024-07-21 00:00:00,750.59002685546875
2024-07-21 01:00:00,672.08001708984375
2024-07-21 02:00:00,593.57000732421875
2024-07-21 03:00:00,515.05999755859375
2024-07-21 04:00:00,384.2999877929687
2024-07-21 05:00:00,253.5500030517578
2024-07-21 06:00:00,122.79000091552734
2024-07-21 07:00:00,87.19000244140625
2024-07-21 08:00:00,51.599998474121094
2024-07-21 09:00:00,16
2024-07-21 10:00:00,31.079999923706055
2024-07-21 11:00:00,46.150001525878906
2024-07-21 12:00:00,61.220001220703125
2024-07-21 13:00:00,98.220001220703125
2024-07-21 14:00:00,135.22000122070313
2024-07-21 15:00:00,172.22999572753906
2024-07-21 16:00:00,227.7400054931641
2024-07-21 17:00:00,283.260009765625
2024-07-21 18:00:00,338.7799987792969
2024-07-21 19:00:00,270.94000244140625
2024-07-21 20:00:00,203.10000610351565
2024-07-21 21:00:00,135.27000427246094
2024-07-21 22:00:00,111.25
2024-07-21 23:00:00,87.23999786376953
2024-07-22 00:00:00,63.220001220703125
2024-07-22 01:00:00,53.130001068115234
2024-07-22 02:00:00,43.04999923706055
2024-07-22 03:00:00,32.959999084472656
2024-07-22 04:00:00,27.309999465942383
2024-07-22 05:00:00,21.65999984741211
2024-07-22 06:00:00,16
2024-07-22 07:00:00,13.890000343322754
2024-07-22 08:00:00,11.770000457763672
2024-07-22 09:00:00,9.65999984741211
2024-07-22 10:00:00,9.65999984741211
2024-07-22 11:00:00,9.65999984741211
2024-07-22 12:00:00,9.65999984741211
2024-07-22 13:00:00,16.90999984741211
2024-07-22 14:00:00,24.15999984741211
2024-07-22 15:00:00,31.40999984741211
2024-07-22 16:00:00,78.2699966430664
2024-07-22 17:00:00,125.12999725341795
2024-07-22 18:00:00,171.99000549316406
2024-07-22 19:00:00,248.9199981689453
2024-07-22 20:00:00,325.8500061035156
2024-07-22 21:00:00,402.7900085449219
2024-07-22 22:00:00,418.989990234375
2024-07-22 23:00:00,435.19000244140625
2024-07-23 00:00:00,451.3900146484375
2024-07-23 01:00:00,403.8299865722656
2024-07-23 02:00:00,356.2699890136719
2024-07-23 03:00:00,308.7099914550781
2024-07-23 04:00:00,255.02000427246097
2024-07-23 05:00:00,201.33999633789065
2024-07-23 06:00:00,147.66000366210938
2024-07-23 07:00:00,115.4000015258789
2024-07-23 08:00:00,83.13999938964844
2024-07-23 09:00:00,50.869998931884766
2024-07-23 10:00:00,36.029998779296875
2024-07-23 11:00:00,21.190000534057617
2024-07-23 12:00:00,6.349999904632568
2024-07-23 13:00:00,19.25
2024-07-23 14:00:00,32.150001525878906
2024-07-23 15:00:00,45.04999923706055
2024-07-23 16:00:00,66.55999755859375
2024-07-23 17:00:00,88.06999969482422
2024-07-23 18:00:00,109.58000183105467
2024-07-23 19:00:00,173.2899932861328
2024-07-23 20:00:00,237.0099945068359
2024-07-23 21:00:00,300.7200012207031
2024-07-23 22:00:00,317.2699890136719
2024-07-23 23:00:00,333.82000732421875
2024-07-24 00:00:00,350.3699951171875
2024-07-24 01:00:00,328.3299865722656
2024-07-24 02:00:00,306.29998779296875
2024-07-24 03:00:00,284.2699890136719
2024-07-24 04:00:00,224.27000427246097
2024-07-24 05:00:00,164.27999877929688
2024-07-24 06:00:00,104.27999877929688
2024-07-24 07:00:00,76.970001220703125
2024-07-24 08:00:00,49.65999984741211
2024-07-24 09:00:00,22.350000381469727
2024-07-24 10:00:00,16
2024-07-24 11:00:00,9.65999984741211
2024-07-24 12:00:00,3.309999942779541
2024-07-24 13:00:00,6.789999961853027
2024-07-24 14:00:00,10.260000228881836
2024-07-24 15:00:00,13.739999771118164
2024-07-24 16:00:00,25.920000076293945
2024-07-24 17:00:00,38.099998474121094
2024-07-24 18:00:00,50.279998779296875
2024-07-24 19:00:00,70.5999984741211
2024-07-24 20:00:00,90.91999816894533
2024-07-24 21:00:00,111.25
2024-07-24 22:00:00,141.0399932861328
2024-07-24 23:00:00,170.83999633789065
2024-07-25 00:00:00,200.6300048828125
2024-07-25 01:00:00,156.9499969482422
2024-07-25 02:00:00,113.2699966430664
2024-07-25 03:00:00,69.589996337890625
2024-07-25 04:00:00,55.9900016784668
2024-07-25 05:00:00,42.380001068115234
2024-07-25 06:00:00,28.780000686645508
2024-07-25 07:00:00,20.200000762939453
2024-07-25 08:00:00,11.619999885559082
2024-07-25 09:00:00,3.0399999618530273
2024-07-25 10:00:00,3.130000114440918
2024-07-25 11:00:00,3.2200000286102295
2024-07-25 12:00:00,3.309999942779541
2024-07-25 13:00:00,2.200000047683716
2024-07-25 14:00:00,1.100000023841858
2024-07-25 15:00:00,0
2024-07-25 16:00:00,6.659999847412109
2024-07-25 17:00:00,13.329999923706056
2024-07-25 18:00:00,19.989999771118164
2024-07-25 19:00:00,25.799999237060547
2024-07-25 20:00:00,31.600000381469727
2024-07-25 21:00:00,37.400001525878906
2024-07-25 22:00:00,69.660003662109375
2024-07-25 23:00:00,101.91999816894533
2024-07-26 00:00:00,134.1699981689453
2024-07-26 01:00:00,120.41999816894533
2024-07-26 02:00:00,106.66000366210938
2024-07-26 03:00:00,92.910003662109375
2024-07-26 04:00:00,77.41999816894531
2024-07-26 05:00:00,61.93000030517578
2024-07-26 06:00:00,46.439998626708984
2024-07-26 07:00:00,31.979999542236328
2024-07-26 08:00:00,17.510000228881836
2024-07-26 09:00:00,3.0399999618530273
2024-07-26 10:00:00,8.470000267028809
2024-07-26 11:00:00,13.890000343322754
2024-07-26 12:00:00,19.309999465942383
2024-07-26 13:00:00,14.40999984741211
2024-07-26 14:00:00,9.510000228881836
2024-07-26 15:00:00,4.610000133514404
2024-07-26 16:00:00,38.9900016784668
2024-07-26 17:00:00,73.37000274658203
2024-07-26 18:00:00,107.73999786376952
2024-07-26 19:00:00,98.41999816894533
2024-07-26 20:00:00,89.0999984741211
2024-07-26 21:00:00,79.7699966430664
2024-07-26 22:00:00,57.0099983215332
2024-07-26 23:00:00,34.25
2024-07-27 00:00:00,11.489999771118164
2024-07-27 01:00:00,16.440000534057617
2024-07-27 02:00:00,21.38999938964844
2024-07-27 03:00:00,26.34000015258789
2024-07-27 04:00:00,28.719999313354492
2024-07-27 05:00:00,31.100000381469727
2024-07-27 06:00:00,33.47999954223633
2024-07-27 07:00:00,35.91999816894531
2024-07-27 08:00:00,38.36000061035156
2024-07-27 09:00:00,40.79999923706055
2024-07-27 10:00:00,40.45000076293945
2024-07-27 11:00:00,40.099998474121094
2024-07-27 12:00:00,39.7400016784668
2024-07-27 13:00:00,87.86000061035156
2024-07-27 14:00:00,135.97000122070313
2024-07-27 15:00:00,184.0800018310547
2024-07-27 16:00:00,279.5199890136719
2024-07-27 17:00:00,374.9700012207031
2024-07-27 18:00:00,470.4100036621094
2024-07-27 19:00:00,368.239990234375
2024-07-27 20:00:00,266.07000732421875
2024-07-27 21:00:00,163.91000366210938
2024-07-27 22:00:00,179.52999877929688
2024-07-27 23:00:00,195.16000366210935
2024-07-28 00:00:00,210.77999877929688
2024-07-28 01:00:00,158.9499969482422
2024-07-28 02:00:00,107.12000274658205
2024-07-28 03:00:00,55.279998779296875
2024-07-28 04:00:00,36.86000061035156
2024-07-28 05:00:00,18.43000030517578
2024-07-28 06:00:00,0
2024-07-28 07:00:00,20.399999618530273
2024-07-28 08:00:00,40.79999923706055
2024-07-28 09:00:00,61.20000076293945
2024-07-28 10:00:00,40.79999923706055
2024-07-28 11:00:00,20.399999618530273
2024-07-28 12:00:00,0
2024-07-28 13:00:00,3.069999933242798
2024-07-28 14:00:00,6.139999866485596
2024-07-28 15:00:00,9.210000038146973
2024-07-28 16:00:00,7.150000095367432
2024-07-28 17:00:00,5.099999904632568
2024-07-28 18:00:00,3.0399999618530273
2024-07-28 19:00:00,5.099999904632568
2024-07-28 20:00:00,7.150000095367432
2024-07-28 21:00:00,9.210000038146973
2024-07-28 22:00:00,10.220000267028809
2024-07-28 23:00:00,11.239999771118164
2024-07-29 00:00:00,12.25
2024-07-29 01:00:00,11.300000190734863
2024-07-29 02:00:00,10.350000381469728
2024-07-29 03:00:00,9.390000343322754
2024-07-29 04:00:00,8.380000114440918
2024-07-29 05:00:00,7.360000133514404
2024-07-29 06:00:00,6.349999904632568
2024-07-29 07:00:00,4.230000019073486
2024-07-29 08:00:00,2.119999885559082
2024-07-29 09:00:00,0
2024-07-29 10:00:00,0
2024-07-29 11:00:00,0
2024-07-29 12:00:00,0
2024-07-29 13:00:00,0
2024-07-29 14:00:00,0
2024-07-29 15:00:00,0
2024-07-29 16:00:00,0
2024-07-29 17:00:00,0
2024-07-29 18:00:00,0
2024-07-29 19:00:00,0
2024-07-29 20:00:00,0
2024-07-29 21:00:00,0
2024-07-29 22:00:00,1.2799999713897705
2024-07-29 23:00:00,2.559999942779541
2024-07-30 00:00:00,3.8299999237060542
2024-07-30 01:00:00,8.010000228881836
2024-07-30 02:00:00,12.18000030517578
2024-07-30 03:00:00,16.350000381469727
2024-07-30 04:00:00,10.899999618530272
2024-07-30 05:00:00,5.449999809265137
2024-07-30 06:00:00,0
2024-07-30 07:00:00,0
2024-07-30 08:00:00,0
2024-07-30 09:00:00,0
2024-07-30 10:00:00,0
2024-07-30 11:00:00,0
2024-07-30 12:00:00,0
2024-07-30 13:00:00,0
2024-07-30 14:00:00,0
2024-07-30 15:00:00,0
2024-07-30 16:00:00,0
2024-07-30 17:00:00,0
2024-07-30 18:00:00,0
2024-07-30 19:00:00,0
2024-07-30 20:00:00,0
2024-07-30 21:00:00,0
2024-07-30 22:00:00,16.420000076293945
2024-07-30 23:00:00,32.83000183105469
2024-07-31 00:00:00,49.25
2024-07-31 01:00:00,71.73999786376953
2024-07-31 02:00:00,94.2300033569336
2024-07-31 03:00:00,116.72000122070313
2024-07-31 04:00:00,107.5199966430664
2024-07-31 05:00:00,98.31999969482422
2024-07-31 06:00:00,89.12000274658203
2024-07-31 07:00:00,63.560001373291016
2024-07-31 08:00:00,38
2024-07-31 09:00:00,12.4399995803833
2024-07-31 10:00:00,8.289999961853027
2024-07-31 11:00:00,4.150000095367432
2024-07-31 12:00:00,0
2024-07-31 13:00:00,0
2024-07-31 14:00:00,0
2024-07-31 15:00:00,0
2024-07-31 16:00:00,0
2024-07-31 17:00:00,0
2024-07-31 18:00:00,0
2024-07-31 19:00:00,0
2024-07-31 20:00:00,0
2024-07-31 21:00:00,0
2024-07-31 22:00:00,0
2024-07-31 23:00:00,0
2024-08-01 00:00:00,0
2024-08-01 01:00:00,0
2024-08-01 02:00:00,0
2024-08-01 03:00:00,0
2024-08-01 04:00:00,0
2024-08-01 05:00:00,0
2024-08-01 06:00:00,0
2024-08-01 07:00:00,0
2024-08-01 08:00:00,0
2024-08-01 09:00:00,0
2024-08-01 10:00:00,0
2024-08-01 11:00:00,0
2024-08-01 12:00:00,0
2024-08-01 13:00:00,0
2024-08-01 14:00:00,0
2024-08-01 15:00:00,0
2024-08-01 16:00:00,2.7300000190734863
2024-08-01 17:00:00,5.449999809265137
2024-08-01 18:00:00,8.180000305175781
2024-08-01 19:00:00,5.539999961853027
2024-08-01 20:00:00,2.9000000953674316
2024-08-01 21:00:00,0.25999999046325684
2024-08-01 22:00:00,1.5399999618530271
2024-08-01 23:00:00,2.809999942779541
2024-08-02 00:00:00,4.090000152587891
2024-08-02 01:00:00,3.8299999237060542
2024-08-02 02:00:00,3.569999933242798
2024-08-02 03:00:00,3.309999942779541
2024-08-02 04:00:00,2.200000047683716
2024-08-02 05:00:00,1.100000023841858
2024-08-02 06:00:00,0
2024-08-02 07:00:00,0.09000000357627869
2024-08-02 08:00:00,0.17000000178813934
2024-08-02 09:00:00,0.25999999046325684
2024-08-02 10:00:00,1.2799999713897705
2024-08-02 11:00:00,2.2899999618530273
2024-08-02 12:00:00,3.309999942779541
2024-08-02 13:00:00,9.829999923706056
2024-08-02 14:00:00,16.350000381469727
2024-08-02 15:00:00,22.8799991607666
2024-08-02 16:00:00,92.61000061035156
2024-08-02 17:00:00,162.35000610351565
2024-08-02 18:00:00,232.0800018310547
2024-08-02 19:00:00,186.0500030517578
2024-08-02 20:00:00,140.02000427246094
2024-08-02 21:00:00,93.98999786376952
2024-08-02 22:00:00,95.18000030517578
2024-08-02 23:00:00,96.37000274658205
2024-08-03 00:00:00,97.55999755859376
2024-08-03 01:00:00,76.75
2024-08-03 02:00:00,55.939998626708984
2024-08-03 03:00:00,35.130001068115234
2024-08-03 04:00:00,48.790000915527344
2024-08-03 05:00:00,62.439998626708984
2024-08-03 06:00:00,76.0999984741211
2024-08-03 07:00:00,83.58000183105469
2024-08-03 08:00:00,91.05999755859376
2024-08-03 09:00:00,98.54000091552734
2024-08-03 10:00:00,89.94999694824219
2024-08-03 11:00:00,81.37000274658203
2024-08-03 12:00:00,72.79000091552734
2024-08-03 13:00:00,98.79000091552734
2024-08-03 14:00:00,124.77999877929688
2024-08-03 15:00:00,150.77999877929688
2024-08-03 16:00:00,170.2100067138672
2024-08-03 17:00:00,189.6300048828125
2024-08-03 18:00:00,209.05999755859375
2024-08-03 19:00:00,235.1499938964844
2024-08-03 20:00:00,261.239990234375
2024-08-03 21:00:00,287.3299865722656
2024-08-03 22:00:00,264.2900085449219
2024-08-03 23:00:00,241.25
2024-08-04 00:00:00,218.2100067138672
2024-08-04 01:00:00,199.47999572753903
2024-08-04 02:00:00,180.75
2024-08-04 03:00:00,162.02000427246094
2024-08-04 04:00:00,155.05999755859375
2024-08-04 05:00:00,148.11000061035156
2024-08-04 06:00:00,141.14999389648438
2024-08-04 07:00:00,113.7300033569336
2024-08-04 08:00:00,86.30999755859375
2024-08-04 09:00:00,58.880001068115234
2024-08-04 10:00:00,54.36000061035156
2024-08-04 11:00:00,49.84000015258789
2024-08-04 12:00:00,45.31999969482422
2024-08-04 13:00:00,57.22999954223633
2024-08-04 14:00:00,69.13999938964844
2024-08-04 15:00:00,81.05999755859375
2024-08-04 16:00:00,164.1699981689453
2024-08-04 17:00:00,247.27999877929688
2024-08-04 18:00:00,330.3999938964844
2024-08-04 19:00:00,357.80999755859375
2024-08-04 20:00:00,385.2200012207031
2024-08-04 21:00:00,412.6400146484375
2024-08-04 22:00:00,277.4700012207031
2024-08-04 23:00:00,142.3000030517578
2024-08-05 00:00:00,7.130000114440918
2024-08-05 01:00:00,4.760000228881836
2024-08-05 02:00:00,2.380000114440918
2024-08-05 03:00:00,0
2024-08-05 04:00:00,8.09000015258789
2024-08-05 05:00:00,16.18000030517578
2024-08-05 06:00:00,24.270000457763672
2024-08-05 07:00:00,16.18000030517578
2024-08-05 08:00:00,8.09000015258789
2024-08-05 09:00:00,0
2024-08-05 10:00:00,0
2024-08-05 11:00:00,0
2024-08-05 12:00:00,0
2024-08-05 13:00:00,0
2024-08-05 14:00:00,0
2024-08-05 15:00:00,0
2024-08-05 16:00:00,13.6899995803833
2024-08-05 17:00:00,27.3700008392334
2024-08-05 18:00:00,41.060001373291016
2024-08-05 19:00:00,42.7599983215332
2024-08-05 20:00:00,44.459999084472656
2024-08-05 21:00:00,46.15999984741211
2024-08-05 22:00:00,56.83000183105469
2024-08-05 23:00:00,67.51000213623047
2024-08-06 00:00:00,78.18000030517578
2024-08-06 01:00:00,91.87000274658205
2024-08-06 02:00:00,105.55999755859376
2024-08-06 03:00:00,119.26000213623048
2024-08-06 04:00:00,79.5
2024-08-06 05:00:00,39.75
2024-08-06 06:00:00,0
2024-08-06 07:00:00,1.100000023841858
2024-08-06 08:00:00,2.200000047683716
2024-08-06 09:00:00,3.309999942779541
2024-08-06 10:00:00,17.219999313354492
2024-08-06 11:00:00,31.1299991607666
2024-08-06 12:00:00,45.04999923706055
2024-08-06 13:00:00,127.4000015258789
2024-08-06 14:00:00,209.75
2024-08-06 15:00:00,292.1000061035156
2024-08-06 16:00:00,516.96002197265625
2024-08-06 17:00:00,741.82000732421875
2024-08-06 18:00:00,966.67999267578125
2024-08-06 19:00:00,775.09002685546875
2024-08-06 20:00:00,583.5
2024-08-06 21:00:00,391.9100036621094
2024-08-06 22:00:00,412.0499877929687
2024-08-06 23:00:00,432.19000244140625
2024-08-07 00:00:00,452.3399963378906
2024-08-07 01:00:00,440.1199951171875
2024-08-07 02:00:00,427.8999938964844
2024-08-07 03:00:00,415.69000244140625
2024-08-07 04:00:00,313.510009765625
2024-08-07 05:00:00,211.32000732421875
2024-08-07 06:00:00,109.13999938964844
2024-08-07 07:00:00,85.29000091552734
2024-08-07 08:00:00,61.43000030517578
2024-08-07 09:00:00,37.58000183105469
2024-08-07 10:00:00,25.049999237060547
2024-08-07 11:00:00,12.529999732971191
2024-08-07 12:00:00,0
2024-08-07 13:00:00,55.81999969482422
2024-08-07 14:00:00,111.6500015258789
2024-08-07 15:00:00,167.47000122070313
2024-08-07 16:00:00,263.6499938964844
2024-08-07 17:00:00,359.8299865722656
2024-08-07 18:00:00,456.0199890136719
2024-08-07 19:00:00,364.8800048828125
2024-08-07 20:00:00,273.75
2024-08-07 21:00:00,182.6199951171875
2024-08-07 22:00:00,143.60000610351565
2024-08-07 23:00:00,104.58999633789064
2024-08-08 00:00:00,65.56999969482422
2024-08-08 01:00:00,65.7699966430664
2024-08-08 02:00:00,65.9800033569336
2024-08-08 03:00:00,66.18000030517578
2024-08-08 04:00:00,45.13999938964844
2024-08-08 05:00:00,24.09000015258789
2024-08-08 06:00:00,3.0399999618530273
2024-08-08 07:00:00,2.0299999713897705
2024-08-08 08:00:00,1.0099999904632568
2024-08-08 09:00:00,0
2024-08-08 10:00:00,1.100000023841858
2024-08-08 11:00:00,2.200000047683716
2024-08-08 12:00:00,3.309999942779541
2024-08-08 13:00:00,4.760000228881836
2024-08-08 14:00:00,6.210000038146973
2024-08-08 15:00:00,7.659999847412109
2024-08-08 16:00:00,113.55999755859376
2024-08-08 17:00:00,219.47000122070313
2024-08-08 18:00:00,325.3699951171875
2024-08-08 19:00:00,404.8800048828125
2024-08-08 20:00:00,484.3999938964844
2024-08-08 21:00:00,563.91998291015625
2024-08-08 22:00:00,588.41998291015625
2024-08-08 23:00:00,612.91998291015625
2024-08-09 00:00:00,637.41998291015625
2024-08-09 01:00:00,574.510009765625
2024-08-09 02:00:00,511.6000061035156
2024-08-09 03:00:00,448.69000244140625
2024-08-09 04:00:00,413.0799865722656
2024-08-09 05:00:00,377.4700012207031
2024-08-09 06:00:00,341.8699951171875
2024-08-09 07:00:00,272.3500061035156
2024-08-09 08:00:00,202.8300018310547
2024-08-09 09:00:00,133.30999755859375
2024-08-09 10:00:00,131.58999633789065
2024-08-09 11:00:00,129.8699951171875
2024-08-09 12:00:00,128.14999389648438
2024-08-09 13:00:00,119.95999908447266
2024-08-09 14:00:00,111.7699966430664
2024-08-09 15:00:00,103.58000183105467
2024-08-09 16:00:00,153.77000427246094
2024-08-09 17:00:00,203.9600067138672
2024-08-09 18:00:00,254.13999938964844
2024-08-09 19:00:00,224.7100067138672
2024-08-09 20:00:00,195.27000427246097
2024-08-09 21:00:00,165.8300018310547
2024-08-09 22:00:00,255.9600067138672
2024-08-09 23:00:00,346.1000061035156
2024-08-10 00:00:00,436.2300109863281
2024-08-10 01:00:00,333.7200012207031
2024-08-10 02:00:00,231.1999969482422
2024-08-10 03:00:00,128.69000244140625
2024-08-10 04:00:00,86.9800033569336
2024-08-10 05:00:00,45.279998779296875
2024-08-10 06:00:00,3.569999933242798
2024-08-10 07:00:00,4.5
2024-08-10 08:00:00,5.420000076293945
2024-08-10 09:00:00,6.349999904632568
2024-08-10 10:00:00,12.579999923706056
2024-08-10 11:00:00,18.799999237060547
2024-08-10 12:00:00,25.030000686645508
2024-08-10 13:00:00,51.65999984741211
2024-08-10 14:00:00,78.29000091552734
2024-08-10 15:00:00,104.91999816894533
2024-08-10 16:00:00,193.83999633789065
2024-08-10 17:00:00,282.7699890136719
2024-08-10 18:00:00,371.7000122070313
2024-08-10 19:00:00,412.5499877929687
2024-08-10 20:00:00,453.4100036621094
2024-08-10 21:00:00,494.260009765625
2024-08-10 22:00:00,521.21002197265625
2024-08-10 23:00:00,548.1500244140625
2024-08-11 00:00:00,575.0999755859375
2024-08-11 01:00:00,484.4200134277344
2024-08-11 02:00:00,393.739990234375
2024-08-11 03:00:00,303.07000732421875
2024-08-11 04:00:00,255.10000610351565
2024-08-11 05:00:00,207.13999938964844
2024-08-11 06:00:00,159.17999267578125
2024-08-11 07:00:00,117.13999938964844
2024-08-11 08:00:00,75.0999984741211
2024-08-11 09:00:00,33.060001373291016
2024-08-11 10:00:00,24.09000015258789
2024-08-11 11:00:00,15.130000114440918
2024-08-11 12:00:00,6.170000076293945
2024-08-11 13:00:00,42.59000015258789
2024-08-11 14:00:00,79.0199966430664
2024-08-11 15:00:00,115.44000244140624
2024-08-11 16:00:00,122.70999908447266
2024-08-11 17:00:00,129.97999572753906
2024-08-11 18:00:00,137.25
2024-08-11 19:00:00,124.73999786376952
2024-08-11 20:00:00,112.2300033569336
2024-08-11 21:00:00,99.7300033569336
2024-08-11 22:00:00,69.7300033569336
2024-08-11 23:00:00,39.72999954223633
2024-08-12 00:00:00,9.729999542236328
2024-08-12 01:00:00,6.579999923706055
2024-08-12 02:00:00,3.4200000762939453
2024-08-12 03:00:00,0.25999999046325684
2024-08-12 04:00:00,0.17000000178813934
2024-08-12 05:00:00,0.09000000357627869
2024-08-12 06:00:00,0
2024-08-12 07:00:00,0
2024-08-12 08:00:00,0
2024-08-12 09:00:00,0
2024-08-12 10:00:00,0
2024-08-12 11:00:00,0
2024-08-12 12:00:00,0
2024-08-12 13:00:00,0
2024-08-12 14:00:00,0
2024-08-12 15:00:00,0
2024-08-12 16:00:00,28.809999465942383
2024-08-12 17:00:00,57.61000061035156
2024-08-12 18:00:00,86.41999816894531
2024-08-12 19:00:00,77.98999786376953
2024-08-12 20:00:00,69.56999969482422
2024-08-12 21:00:00,61.13999938964844
2024-08-12 22:00:00,57.79999923706055
2024-08-12 23:00:00,54.459999084472656
2024-08-13 00:00:00,51.119998931884766
2024-08-13 01:00:00,53.22999954223633
2024-08-13 02:00:00,55.349998474121094
2024-08-13 03:00:00,57.470001220703125
2024-08-13 04:00:00,40.52000045776367
2024-08-13 05:00:00,23.559999465942383
2024-08-13 06:00:00,6.610000133514404
2024-08-13 07:00:00,4.409999847412109
2024-08-13 08:00:00,2.200000047683716
2024-08-13 09:00:00,0
2024-08-13 10:00:00,0
2024-08-13 11:00:00,0
2024-08-13 12:00:00,0
2024-08-13 13:00:00,3.2200000286102295
2024-08-13 14:00:00,6.440000057220459
2024-08-13 15:00:00,9.65999984741211
2024-08-13 16:00:00,24.670000076293945
2024-08-13 17:00:00,39.689998626708984
2024-08-13 18:00:00,54.70000076293945
2024-08-13 19:00:00,63.25
2024-08-13 20:00:00,71.80000305175781
2024-08-13 21:00:00,80.3499984741211
2024-08-13 22:00:00,77.80000305175781
2024-08-13 23:00:00,75.25
2024-08-14 00:00:00,72.70999908447266
2024-08-14 01:00:00,51.86000061035156
2024-08-14 02:00:00,31.020000457763672
2024-08-14 03:00:00,10.18000030517578
2024-08-14 04:00:00,6.869999885559082
2024-08-14 05:00:00,3.569999933242798
2024-08-14 06:00:00,0.25999999046325684
2024-08-14 07:00:00,0.17000000178813934
2024-08-14 08:00:00,0.09000000357627869
2024-08-14 09:00:00,0
2024-08-14 10:00:00,0
2024-08-14 11:00:00,0
2024-08-14 12:00:00,0
2024-08-14 13:00:00,0
2024-08-14 14:00:00,0
2024-08-14 15:00:00,0
2024-08-14 16:00:00,44.709999084472656
2024-08-14 17:00:00,89.43000030517578
2024-08-14 18:00:00,134.13999938964844
2024-08-14 19:00:00,165.9600067138672
2024-08-14 20:00:00,197.7899932861328
2024-08-14 21:00:00,229.61000061035156
2024-08-14 22:00:00,154.35000610351565
2024-08-14 23:00:00,79.089996337890625
2024-08-15 00:00:00,3.8299999237060542
2024-08-15 01:00:00,2.640000104904175
2024-08-15 02:00:00,1.4500000476837158
2024-08-15 03:00:00,0.25999999046325684
2024-08-15 04:00:00,0.3499999940395355
2024-08-15 05:00:00,0.4399999976158142
2024-08-15 06:00:00,0.5199999809265137
2024-08-15 07:00:00,0.3499999940395355
2024-08-15 08:00:00,0.17000000178813934
2024-08-15 09:00:00,0
2024-08-15 10:00:00,0
2024-08-15 11:00:00,0
2024-08-15 12:00:00,0
2024-08-15 13:00:00,0
2024-08-15 14:00:00,0
2024-08-15 15:00:00,0
2024-08-15 16:00:00,32.27000045776367
2024-08-15 17:00:00,64.54000091552734
2024-08-15 18:00:00,96.80999755859376
2024-08-15 19:00:00,118.9000015258789
2024-08-15 20:00:00,140.99000549316406
2024-08-15 21:00:00,163.07000732421875
2024-08-15 22:00:00,232.2899932861328
2024-08-15 23:00:00,301.5
2024-08-16 00:00:00,370.7200012207031
2024-08-16 01:00:00,337.19000244140625
2024-08-16 02:00:00,303.6499938964844
2024-08-16 03:00:00,270.1199951171875
2024-08-16 04:00:00,243.2899932861328
2024-08-16 05:00:00,216.4600067138672
2024-08-16 06:00:00,189.6300048828125
2024-08-16 07:00:00,175.8800048828125
2024-08-16 08:00:00,162.1199951171875
2024-08-16 09:00:00,148.3699951171875
2024-08-16 10:00:00,156.05999755859375
2024-08-16 11:00:00,163.75
2024-08-16 12:00:00,171.42999267578125
2024-08-16 13:00:00,165.07000732421875
2024-08-16 14:00:00,158.7100067138672
2024-08-16 15:00:00,152.36000061035156
2024-08-16 16:00:00,150.72999572753906
2024-08-16 17:00:00,149.10000610351565
2024-08-16 18:00:00,147.47000122070313
2024-08-16 19:00:00,123.58999633789064
2024-08-16 20:00:00,99.720001220703125
2024-08-16 21:00:00,75.839996337890625
2024-08-16 22:00:00,87.87999725341797
2024-08-16 23:00:00,99.910003662109375
2024-08-17 00:00:00,111.94000244140624
2024-08-17 01:00:00,95.93000030517578
2024-08-17 02:00:00,79.93000030517578
2024-08-17 03:00:00,63.93000030517578
2024-08-17 04:00:00,48.130001068115234
2024-08-17 05:00:00,32.33000183105469
2024-08-17 06:00:00,16.530000686645508
2024-08-17 07:00:00,12.029999732971191
2024-08-17 08:00:00,7.539999961853027
2024-08-17 09:00:00,3.0399999618530273
2024-08-17 10:00:00,2.0299999713897705
2024-08-17 11:00:00,1.0099999904632568
2024-08-17 12:00:00,0
2024-08-17 13:00:00,0
2024-08-17 14:00:00,0
2024-08-17 15:00:00,0
2024-08-17 16:00:00,0
2024-08-17 17:00:00,0
2024-08-17 18:00:00,0
2024-08-17 19:00:00,21.969999313354492
2024-08-17 20:00:00,43.939998626708984
2024-08-17 21:00:00,65.9000015258789
2024-08-17 22:00:00,78.839996337890625
2024-08-17 23:00:00,91.7699966430664
2024-08-18 00:00:00,104.6999969482422
2024-08-18 01:00:00,73.0199966430664
2024-08-18 02:00:00,41.34000015258789
2024-08-18 03:00:00,9.65999984741211
2024-08-18 04:00:00,9.65999984741211
2024-08-18 05:00:00,9.65999984741211
2024-08-18 06:00:00,9.65999984741211
2024-08-18 07:00:00,6.440000057220459
2024-08-18 08:00:00,3.2200000286102295
2024-08-18 09:00:00,0
2024-08-18 10:00:00,0
2024-08-18 11:00:00,0
2024-08-18 12:00:00,0
2024-08-18 13:00:00,0
2024-08-18 14:00:00,0
2024-08-18 15:00:00,0
2024-08-18 16:00:00,18.690000534057617
2024-08-18 17:00:00,37.380001068115234
2024-08-18 18:00:00,56.060001373291016
2024-08-18 19:00:00,105.62000274658205
2024-08-18 20:00:00,155.17999267578125
2024-08-18 21:00:00,204.72999572753903
2024-08-18 22:00:00,203.57000732421875
2024-08-18 23:00:00,202.41000366210935
2024-08-19 00:00:00,201.25
2024-08-19 01:00:00,146.97999572753906
2024-08-19 02:00:00,92.70999908447266
2024-08-19 03:00:00,38.439998626708984
2024-08-19 04:00:00,26.63999938964844
2024-08-19 05:00:00,14.84000015258789
2024-08-19 06:00:00,3.0399999618530273
2024-08-19 07:00:00,2.0299999713897705
2024-08-19 08:00:00,1.0099999904632568
2024-08-19 09:00:00,0
2024-08-19 10:00:00,0
2024-08-19 11:00:00,0
2024-08-19 12:00:00,0
2024-08-19 13:00:00,0
2024-08-19 14:00:00,0
2024-08-19 15:00:00,0
2024-08-19 16:00:00,41.189998626708984
2024-08-19 17:00:00,82.37999725341797
2024-08-19 18:00:00,123.56999969482422
2024-08-19 19:00:00,108.68000030517578
2024-08-19 20:00:00,93.79000091552734
2024-08-19 21:00:00,78.9000015258789
2024-08-19 22:00:00,54.97999954223633
2024-08-19 23:00:00,31.059999465942383
2024-08-20 00:00:00,7.130000114440918
2024-08-20 01:00:00,25.860000610351563
2024-08-20 02:00:00,44.58000183105469
2024-08-20 03:00:00,63.310001373291016
2024-08-20 04:00:00,66.11000061035156
2024-08-20 05:00:00,68.91999816894531
2024-08-20 06:00:00,71.720001220703125
2024-08-20 07:00:00,66.910003662109375
2024-08-20 08:00:00,62.099998474121094
2024-08-20 09:00:00,57.279998779296875
2024-08-20 10:00:00,38.189998626708984
2024-08-20 11:00:00,19.09000015258789
2024-08-20 12:00:00,0
2024-08-20 13:00:00,2.140000104904175
2024-08-20 14:00:00,4.28000020980835
2024-08-20 15:00:00,6.429999828338623
2024-08-20 16:00:00,83.339996337890625
2024-08-20 17:00:00,160.25999450683594
2024-08-20 18:00:00,237.17999267578125
2024-08-20 19:00:00,267.82000732421875
2024-08-20 20:00:00,298.4599914550781
2024-08-20 21:00:00,329.1000061035156
2024-08-20 22:00:00,331.760009765625
2024-08-20 23:00:00,334.4200134277344
2024-08-21 00:00:00,337.0799865722656
2024-08-21 01:00:00,267.7099914550781
2024-08-21 02:00:00,198.33999633789065
2024-08-21 03:00:00,128.97000122070313
2024-08-21 04:00:00,136.5399932861328
2024-08-21 05:00:00,144.10000610351565
2024-08-21 06:00:00,151.6699981689453
2024-08-21 07:00:00,132.0800018310547
2024-08-21 08:00:00,112.4800033569336
2024-08-21 09:00:00,92.88999938964844
2024-08-21 10:00:00,72.5999984741211
2024-08-21 11:00:00,52.29999923706055
2024-08-21 12:00:00,32.0099983215332
2024-08-21 13:00:00,22.530000686645508
2024-08-21 14:00:00,13.050000190734863
2024-08-21 15:00:00,3.569999933242798
2024-08-21 16:00:00,46.880001068115234
2024-08-21 17:00:00,90.19000244140624
2024-08-21 18:00:00,133.50999450683594
2024-08-21 19:00:00,230.0500030517578
2024-08-21 20:00:00,326.5899963378906
2024-08-21 21:00:00,423.1300048828125
2024-08-21 22:00:00,442.9200134277344
2024-08-21 23:00:00,462.7099914550781
2024-08-22 00:00:00,482.5
2024-08-22 01:00:00,327.42999267578125
2024-08-22 02:00:00,172.3699951171875
2024-08-22 03:00:00,17.309999465942383
2024-08-22 04:00:00,16.989999771118164
2024-08-22 05:00:00,16.670000076293945
2024-08-22 06:00:00,16.350000381469727
2024-08-22 07:00:00,11.90999984741211
2024-08-22 08:00:00,7.480000019073486
2024-08-22 09:00:00,3.0399999618530273
2024-08-22 10:00:00,6.289999961853027
2024-08-22 11:00:00,9.529999732971191
2024-08-22 12:00:00,12.779999732971191
2024-08-22 13:00:00,15.449999809265137
2024-08-22 14:00:00,18.1200008392334
2024-08-22 15:00:00,20.790000915527344
2024-08-22 16:00:00,21.450000762939453
2024-08-22 17:00:00,22.110000610351563
2024-08-22 18:00:00,22.780000686645508
2024-08-22 19:00:00,16.459999084472656
2024-08-22 20:00:00,10.140000343322754
2024-08-22 21:00:00,3.8299999237060542
2024-08-22 22:00:00,22.010000228881836
2024-08-22 23:00:00,40.189998626708984
2024-08-23 00:00:00,58.369998931884766
2024-08-23 01:00:00,41.119998931884766
2024-08-23 02:00:00,23.860000610351563
2024-08-23 03:00:00,6.610000133514404
2024-08-23 04:00:00,14.289999961853027
2024-08-23 05:00:00,21.969999313354492
2024-08-23 06:00:00,29.65999984741211
2024-08-23 07:00:00,20.8700008392334
2024-08-23 08:00:00,12.09000015258789
2024-08-23 09:00:00,3.309999942779541
2024-08-23 10:00:00,2.200000047683716
2024-08-23 11:00:00,1.100000023841858
2024-08-23 12:00:00,0
2024-08-23 13:00:00,0.09000000357627869
2024-08-23 14:00:00,0.17000000178813934
2024-08-23 15:00:00,0.25999999046325684
2024-08-23 16:00:00,14.529999732971191
2024-08-23 17:00:00,28.790000915527344
2024-08-23 18:00:00,43.060001373291016
2024-08-23 19:00:00,37.15999984741211
2024-08-23 20:00:00,31.270000457763672
2024-08-23 21:00:00,25.3700008392334
2024-08-23 22:00:00,18.100000381469727
2024-08-23 23:00:00,10.829999923706056
2024-08-24 00:00:00,3.569999933242798
2024-08-24 01:00:00,13.329999923706056
2024-08-24 02:00:00,23.100000381469727
2024-08-24 03:00:00,32.869998931884766
2024-08-24 04:00:00,40.63999938964844
2024-08-24 05:00:00,48.40999984741211
2024-08-24 06:00:00,56.18000030517578
2024-08-24 07:00:00,41.599998474121094
2024-08-24 08:00:00,27.020000457763672
2024-08-24 09:00:00,12.4399995803833
2024-08-24 10:00:00,8.289999961853027
2024-08-24 11:00:00,4.150000095367432
2024-08-24 12:00:00,0
2024-08-24 13:00:00,0
2024-08-24 14:00:00,0
2024-08-24 15:00:00,0
2024-08-24 16:00:00,0
2024-08-24 17:00:00,0
2024-08-24 18:00:00,0
2024-08-24 19:00:00,0
2024-08-24 20:00:00,0
2024-08-24 21:00:00,0
2024-08-24 22:00:00,6.639999866485596
2024-08-24 23:00:00,13.279999732971191
2024-08-25 00:00:00,19.920000076293945
2024-08-25 01:00:00,16.40999984741211
2024-08-25 02:00:00,12.899999618530272
2024-08-25 03:00:00,9.390000343322754
2024-08-25 04:00:00,7.28000020980835
2024-08-25 05:00:00,5.159999847412109
2024-08-25 06:00:00,3.0399999618530273
2024-08-25 07:00:00,2.0299999713897705
2024-08-25 08:00:00,1.0099999904632568
2024-08-25 09:00:00,0
2024-08-25 10:00:00,0
2024-08-25 11:00:00,0
2024-08-25 12:00:00,0
2024-08-25 13:00:00,0
2024-08-25 14:00:00,0
2024-08-25 15:00:00,0
2024-08-25 16:00:00,0
2024-08-25 17:00:00,0
2024-08-25 18:00:00,0
2024-08-25 19:00:00,9.5600004196167
2024-08-25 20:00:00,19.1200008392334
2024-08-25 21:00:00,28.68000030517578
2024-08-25 22:00:00,35.06999969482422
2024-08-25 23:00:00,41.459999084472656
2024-08-26 00:00:00,47.849998474121094
2024-08-26 01:00:00,51.27000045776367
2024-08-26 02:00:00,54.68000030517578
2024-08-26 03:00:00,58.099998474121094
2024-08-26 04:00:00,38.81999969482422
2024-08-26 05:00:00,19.540000915527344
2024-08-26 06:00:00,0.25999999046325684
2024-08-26 07:00:00,8.520000457763672
2024-08-26 08:00:00,16.770000457763672
2024-08-26 09:00:00,25.030000686645508
2024-08-26 10:00:00,17.700000762939453
2024-08-26 11:00:00,10.369999885559082
2024-08-26 12:00:00,3.0399999618530273
2024-08-26 13:00:00,2.0299999713897705
2024-08-26 14:00:00,1.0099999904632568
2024-08-26 15:00:00,0
2024-08-26 16:00:00,0
2024-08-26 17:00:00,0
2024-08-26 18:00:00,0
2024-08-26 19:00:00,29.850000381469727
2024-08-26 20:00:00,59.70000076293945
2024-08-26 21:00:00,89.55000305175781
2024-08-26 22:00:00,116.0199966430664
2024-08-26 23:00:00,142.47999572753906
2024-08-27 00:00:00,168.9499969482422
2024-08-27 01:00:00,160.11000061035156
2024-08-27 02:00:00,151.27000427246094
2024-08-27 03:00:00,142.42999267578125
2024-08-27 04:00:00,103.87999725341795
2024-08-27 05:00:00,65.339996337890625
2024-08-27 06:00:00,26.790000915527344
2024-08-27 07:00:00,17.950000762939453
2024-08-27 08:00:00,9.100000381469728
2024-08-27 09:00:00,0.25999999046325684
2024-08-27 10:00:00,0.17000000178813934
2024-08-27 11:00:00,0.09000000357627869
2024-08-27 12:00:00,0
2024-08-27 13:00:00,0
2024-08-27 14:00:00,0
2024-08-27 15:00:00,0
2024-08-27 16:00:00,0
2024-08-27 17:00:00,0
2024-08-27 18:00:00,0
2024-08-27 19:00:00,1.7100000381469729
2024-08-27 20:00:00,3.430000066757202
2024-08-27 21:00:00,5.139999866485596
2024-08-27 22:00:00,26.459999084472656
2024-08-27 23:00:00,47.790000915527344
2024-08-28 00:00:00,69.11000061035156
2024-08-28 01:00:00,72.089996337890625
2024-08-28 02:00:00,75.05999755859375
2024-08-28 03:00:00,78.04000091552734
2024-08-28 04:00:00,77.41999816894531
2024-08-28 05:00:00,76.80999755859375
2024-08-28 06:00:00,76.19000244140625
2024-08-28 07:00:00,54.45000076293945
2024-08-28 08:00:00,32.709999084472656
2024-08-28 09:00:00,10.960000038146973
2024-08-28 10:00:00,7.309999942779541
2024-08-28 11:00:00,3.650000095367432
2024-08-28 12:00:00,0
2024-08-28 13:00:00,0
2024-08-28 14:00:00,0
2024-08-28 15:00:00,0
2024-08-28 16:00:00,0
2024-08-28 17:00:00,0
2024-08-28 18:00:00,0
2024-08-28 19:00:00,0
2024-08-28 20:00:00,0
2024-08-28 21:00:00,0
2024-08-28 22:00:00,0.09000000357627869
2024-08-28 23:00:00,0.17000000178813934
2024-08-29 00:00:00,0.25999999046325684
2024-08-29 01:00:00,0.17000000178813934
2024-08-29 02:00:00,0.09000000357627869
2024-08-29 03:00:00,0
2024-08-29 04:00:00,0
2024-08-29 05:00:00,0
2024-08-29 06:00:00,0
2024-08-29 07:00:00,0
2024-08-29 08:00:00,0
2024-08-29 09:00:00,0
2024-08-29 10:00:00,0
2024-08-29 11:00:00,0
2024-08-29 12:00:00,0
2024-08-29 13:00:00,0
2024-08-29 14:00:00,0
2024-08-29 15:00:00,0
2024-08-29 16:00:00,16.489999771118164
2024-08-29 17:00:00,32.97999954223633
2024-08-29 18:00:00,49.470001220703125
2024-08-29 19:00:00,77.910003662109375
2024-08-29 20:00:00,106.36000061035156
2024-08-29 21:00:00,134.8000030517578
2024-08-29 22:00:00,92.160003662109375
2024-08-29 23:00:00,49.52000045776367
2024-08-30 00:00:00,6.869999885559082
2024-08-30 01:00:00,4.579999923706055
2024-08-30 02:00:00,2.2899999618530273
2024-08-30 03:00:00,0
2024-08-30 04:00:00,0
2024-08-30 05:00:00,0
2024-08-30 06:00:00,0
2024-08-30 07:00:00,0
2024-08-30 08:00:00,0
2024-08-30 09:00:00,0
2024-08-30 10:00:00,0
2024-08-30 11:00:00,0
2024-08-30 12:00:00,0
2024-08-30 13:00:00,0
2024-08-30 14:00:00,0
2024-08-30 15:00:00,0
2024-08-30 16:00:00,0
2024-08-30 17:00:00,0
2024-08-30 18:00:00,0
2024-08-30 19:00:00,0
2024-08-30 20:00:00,0
2024-08-30 21:00:00,0
2024-08-30 22:00:00,1.100000023841858
2024-08-30 23:00:00,2.200000047683716
2024-08-31 00:00:00,3.309999942779541
2024-08-31 01:00:00,2.200000047683716
2024-08-31 02:00:00,1.100000023841858
2024-08-31 03:00:00,0
2024-08-31 04:00:00,0
2024-08-31 05:00:00,0
2024-08-31 06:00:00,0
2024-08-31 07:00:00,0
2024-08-31 08:00:00,0
2024-08-31 09:00:00,0
2024-08-31 10:00:00,0
2024-08-31 11:00:00,0
2024-08-31 12:00:00,0
2024-08-31 13:00:00,0
2024-08-31 14:00:00,0
2024-08-31 15:00:00,0
2024-08-31 16:00:00,0
2024-08-31 17:00:00,0
2024-08-31 18:00:00,0
2024-08-31 19:00:00,0
2024-08-31 20:00:00,0
2024-08-31 21:00:00,0
2024-08-31 22:00:00,1.190000057220459
2024-08-31 23:00:00,2.380000114440918
2024-09-01 00:00:00,3.569999933242798
2024-09-01 01:00:00,5.599999904632568
2024-09-01 02:00:00,7.630000114440918
2024-09-01 03:00:00,9.65999984741211
2024-09-01 04:00:00,7.539999961853027
2024-09-01 05:00:00,5.420000076293945
2024-09-01 06:00:00,3.309999942779541
2024-09-01 07:00:00,2.200000047683716
2024-09-01 08:00:00,1.100000023841858
2024-09-01 09:00:00,0
2024-09-01 10:00:00,0
2024-09-01 11:00:00,0
2024-09-01 12:00:00,0
2024-09-01 13:00:00,0
2024-09-01 14:00:00,0
2024-09-01 15:00:00,0
2024-09-01 16:00:00,2.059999942779541
2024-09-01 17:00:00,4.110000133514404
2024-09-01 18:00:00,6.170000076293945
2024-09-01 19:00:00,6.170000076293945
2024-09-01 20:00:00,6.170000076293945
2024-09-01 21:00:00,6.170000076293945
2024-09-01 22:00:00,4.110000133514404
2024-09-01 23:00:00,2.059999942779541
2024-09-02 00:00:00,0
2024-09-02 01:00:00,0
2024-09-02 02:00:00,0
2024-09-02 03:00:00,0
2024-09-02 04:00:00,0
2024-09-02 05:00:00,0
2024-09-02 06:00:00,0
2024-09-02 07:00:00,0
2024-09-02 08:00:00,0
2024-09-02 09:00:00,0
2024-09-02 10:00:00,0
2024-09-02 11:00:00,0
2024-09-02 12:00:00,0
2024-09-02 13:00:00,1.100000023841858
2024-09-02 14:00:00,2.200000047683716
2024-09-02 15:00:00,3.309999942779541
2024-09-02 16:00:00,45.9900016784668
2024-09-02 17:00:00,88.66999816894531
2024-09-02 18:00:00,131.36000061035156
2024-09-02 19:00:00,145.80999755859375
2024-09-02 20:00:00,160.25999450683594
2024-09-02 21:00:00,174.72000122070313
2024-09-02 22:00:00,131.92999267578125
2024-09-02 23:00:00,89.1500015258789
2024-09-03 00:00:00,46.36000061035156
2024-09-03 01:00:00,32.099998474121094
2024-09-03 02:00:00,17.829999923706055
2024-09-03 03:00:00,3.569999933242798
2024-09-03 04:00:00,2.380000114440918
2024-09-03 05:00:00,1.190000057220459
2024-09-03 06:00:00,0
2024-09-03 07:00:00,0
2024-09-03 08:00:00,0
2024-09-03 09:00:00,0
2024-09-03 10:00:00,0
2024-09-03 11:00:00,0
2024-09-03 12:00:00,0
2024-09-03 13:00:00,0
2024-09-03 14:00:00,0
2024-09-03 15:00:00,0
2024-09-03 16:00:00,4.289999961853027
2024-09-03 17:00:00,8.569999694824219
2024-09-03 18:00:00,12.859999656677246
2024-09-03 19:00:00,27.790000915527344
2024-09-03 20:00:00,42.72999954223633
2024-09-03 21:00:00,57.65999984741211
2024-09-03 22:00:00,50.27000045776367
2024-09-03 23:00:00,42.869998931884766
2024-09-04 00:00:00,35.47999954223633
2024-09-04 01:00:00,26.780000686645508
2024-09-04 02:00:00,18.09000015258789
2024-09-04 03:00:00,9.390000343322754
2024-09-04 04:00:00,9.390000343322754
2024-09-04 05:00:00,9.390000343322754
2024-09-04 06:00:00,9.390000343322754
2024-09-04 07:00:00,7.28000020980835
2024-09-04 08:00:00,5.159999847412109
2024-09-04 09:00:00,3.0399999618530273
2024-09-04 10:00:00,2.119999885559082
2024-09-04 11:00:00,1.190000057220459
2024-09-04 12:00:00,0.25999999046325684
2024-09-04 13:00:00,7.28000020980835
2024-09-04 14:00:00,14.289999961853027
2024-09-04 15:00:00,21.309999465942383
2024-09-04 16:00:00,27.079999923706055
2024-09-04 17:00:00,32.849998474121094
2024-09-04 18:00:00,38.619998931884766
2024-09-04 19:00:00,134.57000732421875
2024-09-04 20:00:00,230.52000427246097
2024-09-04 21:00:00,326.4700012207031
2024-09-04 22:00:00,290.8900146484375
2024-09-04 23:00:00,255.3000030517578
2024-09-05 00:00:00,219.72000122070313
2024-09-05 01:00:00,157.5500030517578
2024-09-05 02:00:00,95.38999938964844
2024-09-05 03:00:00,33.220001220703125
2024-09-05 04:00:00,23.43000030517578
2024-09-05 05:00:00,13.630000114440918
2024-09-05 06:00:00,3.8299999237060542
2024-09-05 07:00:00,17.389999389648438
2024-09-05 08:00:00,30.950000762939453
2024-09-05 09:00:00,44.5099983215332
2024-09-05 10:00:00,31.790000915527344
2024-09-05 11:00:00,19.06999969482422
2024-09-05 12:00:00,6.349999904632568
2024-09-05 13:00:00,5.420000076293945
2024-09-05 14:00:00,4.489999771118164
2024-09-05 15:00:00,3.569999933242798
2024-09-05 16:00:00,15.9399995803833
2024-09-05 17:00:00,28.31999969482422
2024-09-05 18:00:00,40.689998626708984
2024-09-05 19:00:00,29.15999984741211
2024-09-05 20:00:00,17.6200008392334
2024-09-05 21:00:00,6.090000152587891
2024-09-05 22:00:00,5.070000171661377
2024-09-05 23:00:00,4.059999942779541
2024-09-06 00:00:00,3.0399999618530273
2024-09-06 01:00:00,2.0299999713897705
2024-09-06 02:00:00,1.0099999904632568
2024-09-06 03:00:00,0
2024-09-06 04:00:00,0
2024-09-06 05:00:00,0
2024-09-06 06:00:00,0
2024-09-06 07:00:00,0
2024-09-06 08:00:00,0
2024-09-06 09:00:00,0
2024-09-06 10:00:00,0
2024-09-06 11:00:00,0
2024-09-06 12:00:00,0
2024-09-06 13:00:00,0
2024-09-06 14:00:00,0
2024-09-06 15:00:00,0
2024-09-06 16:00:00,0
2024-09-06 17:00:00,0
2024-09-06 18:00:00,0
2024-09-06 19:00:00,0.4399999976158142
2024-09-06 20:00:00,0.8799999952316284
2024-09-06 21:00:00,1.3200000524520874
2024-09-06 22:00:00,15.489999771118164
2024-09-06 23:00:00,29.65999984741211
2024-09-07 00:00:00,43.83000183105469
2024-09-07 01:00:00,36.869998931884766
2024-09-07 02:00:00,29.920000076293945
2024-09-07 03:00:00,22.959999084472656
2024-09-07 04:00:00,20.63999938964844
2024-09-07 05:00:00,18.31999969482422
2024-09-07 06:00:00,16
2024-09-07 07:00:00,11.770000457763672
2024-09-07 08:00:00,7.539999961853027
2024-09-07 09:00:00,3.309999942779541
2024-09-07 10:00:00,3.309999942779541
2024-09-07 11:00:00,3.309999942779541
2024-09-07 12:00:00,3.309999942779541
2024-09-07 13:00:00,2.2899999618530273
2024-09-07 14:00:00,1.2799999713897705
2024-09-07 15:00:00,0.25999999046325684
2024-09-07 16:00:00,5.599999904632568
2024-09-07 17:00:00,10.93000030517578
2024-09-07 18:00:00,16.270000457763672
2024-09-07 19:00:00,15.8100004196167
2024-09-07 20:00:00,15.350000381469728
2024-09-07 21:00:00,14.890000343322754
2024-09-07 22:00:00,33.63999938964844
2024-09-07 23:00:00,52.38999938964844
2024-09-08 00:00:00,71.1500015258789
2024-09-08 01:00:00,65.29000091552734
2024-09-08 02:00:00,59.439998626708984
2024-09-08 03:00:00,53.58000183105469
2024-09-08 04:00:00,49.2400016784668
2024-09-08 05:00:00,44.88999938964844
2024-09-08 06:00:00,40.540000915527344
2024-09-08 07:00:00,37.9900016784668
2024-09-08 08:00:00,35.43000030517578
2024-09-08 09:00:00,32.880001068115234
2024-09-08 10:00:00,28.6200008392334
2024-09-08 11:00:00,24.360000610351563
2024-09-08 12:00:00,20.09000015258789
2024-09-08 13:00:00,22.40999984741211
2024-09-08 14:00:00,24.729999542236328
2024-09-08 15:00:00,27.049999237060547
2024-09-08 16:00:00,45.88999938964844
2024-09-08 17:00:00,64.7300033569336
2024-09-08 18:00:00,83.56999969482422
2024-09-08 19:00:00,68.70999908447266
2024-09-08 20:00:00,53.84000015258789
2024-09-08 21:00:00,38.97999954223633
2024-09-08 22:00:00,29.290000915527344
2024-09-08 23:00:00,19.600000381469727
2024-09-09 00:00:00,9.920000076293944
2024-09-09 01:00:00,8.729999542236328
2024-09-09 02:00:00,7.539999961853027
2024-09-09 03:00:00,6.349999904632568
2024-09-09 04:00:00,4.230000019073486
2024-09-09 05:00:00,2.119999885559082
2024-09-09 06:00:00,0
2024-09-09 07:00:00,0
2024-09-09 08:00:00,0
2024-09-09 09:00:00,0
2024-09-09 10:00:00,0
2024-09-09 11:00:00,0
2024-09-09 12:00:00,0
2024-09-09 13:00:00,0
2024-09-09 14:00:00,0
2024-09-09 15:00:00,0
2024-09-09 16:00:00,16.75
2024-09-09 17:00:00,33.5099983215332
2024-09-09 18:00:00,50.2599983215332
2024-09-09 19:00:00,53.59000015258789
2024-09-09 20:00:00,56.93000030517578
2024-09-09 21:00:00,60.2599983215332
2024-09-09 22:00:00,60.84000015258789
2024-09-09 23:00:00,61.43000030517578
2024-09-10 00:00:00,62.0099983215332
2024-09-10 01:00:00,43.459999084472656
2024-09-10 02:00:00,24.899999618530273
2024-09-10 03:00:00,6.349999904632568
2024-09-10 04:00:00,4.230000019073486
2024-09-10 05:00:00,2.119999885559082
2024-09-10 06:00:00,0
2024-09-10 07:00:00,0
2024-09-10 08:00:00,0
2024-09-10 09:00:00,0
2024-09-10 10:00:00,0
2024-09-10 11:00:00,0
2024-09-10 12:00:00,0
2024-09-10 13:00:00,0
2024-09-10 14:00:00,0
2024-09-10 15:00:00,0
2024-09-10 16:00:00,13.510000228881836
2024-09-10 17:00:00,27.020000457763672
2024-09-10 18:00:00,40.52000045776367
2024-09-10 19:00:00,31.510000228881836
2024-09-10 20:00:00,22.5
2024-09-10 21:00:00,13.479999542236328
2024-09-10 22:00:00,20.149999618530273
2024-09-10 23:00:00,26.81999969482422
2024-09-11 00:00:00,33.47999954223633
2024-09-11 01:00:00,24.440000534057617
2024-09-11 02:00:00,15.390000343322754
2024-09-11 03:00:00,6.349999904632568
2024-09-11 04:00:00,6.440000057220459
2024-09-11 05:00:00,6.519999980926514
2024-09-11 06:00:00,6.610000133514404
2024-09-11 07:00:00,4.409999847412109
2024-09-11 08:00:00,2.200000047683716
2024-09-11 09:00:00,0
2024-09-11 10:00:00,0
2024-09-11 11:00:00,0
2024-09-11 12:00:00,0
2024-09-11 13:00:00,0
2024-09-11 14:00:00,0
2024-09-11 15:00:00,0
2024-09-11 16:00:00,76.13999938964844
2024-09-11 17:00:00,152.27000427246094
2024-09-11 18:00:00,228.41000366210935
2024-09-11 19:00:00,177.63999938964844
2024-09-11 20:00:00,126.87000274658205
2024-09-11 21:00:00,76.089996337890625
2024-09-11 22:00:00,58.119998931884766
2024-09-11 23:00:00,40.150001525878906
2024-09-12 00:00:00,22.18000030517578
2024-09-12 01:00:00,19.8799991607666
2024-09-12 02:00:00,17.59000015258789
2024-09-12 03:00:00,15.300000190734863
2024-09-12 04:00:00,16.579999923706055
2024-09-12 05:00:00,17.850000381469727
2024-09-12 06:00:00,19.1299991607666
2024-09-12 07:00:00,12.760000228881836
2024-09-12 08:00:00,6.380000114440918
2024-09-12 09:00:00,0
2024-09-12 10:00:00,0
2024-09-12 11:00:00,0
2024-09-12 12:00:00,0
2024-09-12 13:00:00,0
2024-09-12 14:00:00,0
2024-09-12 15:00:00,0
2024-09-12 16:00:00,0
2024-09-12 17:00:00,0
2024-09-12 18:00:00,0
2024-09-12 19:00:00,0
2024-09-12 20:00:00,0
2024-09-12 21:00:00,0
2024-09-12 22:00:00,27.010000228881836
2024-09-12 23:00:00,54.0099983215332
2024-09-13 00:00:00,81.0199966430664
2024-09-13 01:00:00,66.79000091552734
2024-09-13 02:00:00,52.56999969482422
2024-09-13 03:00:00,38.34000015258789
2024-09-13 04:00:00,26.65999984741211
2024-09-13 05:00:00,14.979999542236328
2024-09-13 06:00:00,3.309999942779541
2024-09-13 07:00:00,2.200000047683716
2024-09-13 08:00:00,1.100000023841858
2024-09-13 09:00:00,0
2024-09-13 10:00:00,0
2024-09-13 11:00:00,0
2024-09-13 12:00:00,0
2024-09-13 13:00:00,0
2024-09-13 14:00:00,0
2024-09-13 15:00:00,0
2024-09-13 16:00:00,0
2024-09-13 17:00:00,0
2024-09-13 18:00:00,0
2024-09-13 19:00:00,0
2024-09-13 20:00:00,0
2024-09-13 21:00:00,0
2024-09-13 22:00:00,32.16999816894531
2024-09-13 23:00:00,64.3499984741211
2024-09-14 00:00:00,96.5199966430664
2024-09-14 01:00:00,102.61000061035156
2024-09-14 02:00:00,108.6999969482422
2024-09-14 03:00:00,114.79000091552734
2024-09-14 04:00:00,114.93000030517578
2024-09-14 05:00:00,115.08000183105467
2024-09-14 06:00:00,115.2300033569336
2024-09-14 07:00:00,87.48999786376953
2024-09-14 08:00:00,59.75
2024-09-14 09:00:00,32.0099983215332
2024-09-14 10:00:00,21.34000015258789
2024-09-14 11:00:00,10.670000076293944
2024-09-14 12:00:00,0
2024-09-14 13:00:00,0
2024-09-14 14:00:00,0
2024-09-14 15:00:00,0
2024-09-14 16:00:00,0
2024-09-14 17:00:00,0
2024-09-14 18:00:00,0
2024-09-14 19:00:00,0
2024-09-14 20:00:00,0
2024-09-14 21:00:00,0
2024-09-14 22:00:00,0
2024-09-14 23:00:00,0
2024-09-15 00:00:00,0
2024-09-15 01:00:00,1.0099999904632568
2024-09-15 02:00:00,2.0299999713897705
2024-09-15 03:00:00,3.0399999618530273
2024-09-15 04:00:00,3.0399999618530273
2024-09-15 05:00:00,3.0399999618530273
2024-09-15 06:00:00,3.0399999618530273
2024-09-15 07:00:00,2.0299999713897705
2024-09-15 08:00:00,1.0099999904632568
2024-09-15 09:00:00,0
2024-09-15 10:00:00,0
2024-09-15 11:00:00,0
2024-09-15 12:00:00,0
2024-09-15 13:00:00,0
2024-09-15 14:00:00,0
2024-09-15 15:00:00,0
2024-09-15 16:00:00,13.920000076293944
2024-09-15 17:00:00,27.829999923706055
2024-09-15 18:00:00,41.75
2024-09-15 19:00:00,27.829999923706055
2024-09-15 20:00:00,13.920000076293944
2024-09-15 21:00:00,0
2024-09-15 22:00:00,0
2024-09-15 23:00:00,0
2024-09-16 00:00:00,0
2024-09-16 01:00:00,1.0099999904632568
2024-09-16 02:00:00,2.0299999713897705
2024-09-16 03:00:00,3.0399999618530273
2024-09-16 04:00:00,2.0299999713897705
2024-09-16 05:00:00,1.0099999904632568
2024-09-16 06:00:00,0
2024-09-16 07:00:00,0
2024-09-16 08:00:00,0
2024-09-16 09:00:00,0
2024-09-16 10:00:00,0
2024-09-16 11:00:00,0
2024-09-16 12:00:00,0
2024-09-16 13:00:00,0
2024-09-16 14:00:00,0
2024-09-16 15:00:00,0
2024-09-16 16:00:00,0
2024-09-16 17:00:00,0
2024-09-16 18:00:00,0
2024-09-16 19:00:00,18.469999313354492
2024-09-16 20:00:00,36.939998626708984
2024-09-16 21:00:00,55.40999984741211
2024-09-16 22:00:00,41.54999923706055
2024-09-16 23:00:00,27.690000534057617
2024-09-17 00:00:00,13.829999923706056
2024-09-17 01:00:00,9.220000267028809
2024-09-17 02:00:00,4.610000133514404
2024-09-17 03:00:00,0
2024-09-17 04:00:00,0
2024-09-17 05:00:00,0
2024-09-17 06:00:00,0
2024-09-17 07:00:00,0
2024-09-17 08:00:00,0
2024-09-17 09:00:00,0
2024-09-17 10:00:00,0
2024-09-17 11:00:00,0
2024-09-17 12:00:00,0
2024-09-17 13:00:00,0
2024-09-17 14:00:00,0
2024-09-17 15:00:00,0
2024-09-17 16:00:00,1.100000023841858
2024-09-17 17:00:00,2.200000047683716
2024-09-17 18:00:00,3.309999942779541
2024-09-17 19:00:00,22.75
2024-09-17 20:00:00,42.20000076293945
2024-09-17 21:00:00,61.650001525878906
2024-09-17 22:00:00,41.099998474121094
2024-09-17 23:00:00,20.549999237060547
2024-09-18 00:00:00,0
2024-09-18 01:00:00,0
2024-09-18 02:00:00,0
2024-09-18 03:00:00,0
2024-09-18 04:00:00,0
2024-09-18 05:00:00,0
2024-09-18 06:00:00,0
2024-09-18 07:00:00,0
2024-09-18 08:00:00,0
2024-09-18 09:00:00,0
2024-09-18 10:00:00,0
2024-09-18 11:00:00,0
2024-09-18 12:00:00,0
2024-09-18 13:00:00,0
2024-09-18 14:00:00,0
2024-09-18 15:00:00,0
2024-09-18 16:00:00,0
2024-09-18 17:00:00,0
2024-09-18 18:00:00,0
2024-09-18 19:00:00,0
2024-09-18 20:00:00,0
2024-09-18 21:00:00,0
2024-09-18 22:00:00,0
2024-09-18 23:00:00,0
2024-09-19 00:00:00,0
2024-09-19 01:00:00,0
2024-09-19 02:00:00,0
2024-09-19 03:00:00,0
2024-09-19 04:00:00,0
2024-09-19 05:00:00,0
2024-09-19 06:00:00,0
2024-09-19 07:00:00,0
2024-09-19 08:00:00,0
2024-09-19 09:00:00,0
2024-09-19 10:00:00,0
2024-09-19 11:00:00,0
2024-09-19 12:00:00,0
2024-09-19 13:00:00,0
2024-09-19 14:00:00,0
2024-09-19 15:00:00,0
2024-09-19 16:00:00,0
2024-09-19 17:00:00,0
2024-09-19 18:00:00,0
2024-09-19 19:00:00,0
2024-09-19 20:00:00,0
2024-09-19 21:00:00,0
2024-09-19 22:00:00,0
2024-09-19 23:00:00,0
2024-09-20 00:00:00,0
2024-09-20 01:00:00,0
2024-09-20 02:00:00,0
2024-09-20 03:00:00,0
2024-09-20 04:00:00,0
2024-09-20 05:00:00,0
2024-09-20 06:00:00,0
2024-09-20 07:00:00,0
2024-09-20 08:00:00,0
2024-09-20 09:00:00,0
2024-09-20 10:00:00,0
2024-09-20 11:00:00,0
2024-09-20 12:00:00,0
2024-09-20 13:00:00,0
2024-09-20 14:00:00,0
2024-09-20 15:00:00,0
2024-09-20 16:00:00,0
2024-09-20 17:00:00,0
2024-09-20 18:00:00,0
2024-09-20 19:00:00,0
2024-09-20 20:00:00,0
2024-09-20 21:00:00,0
2024-09-20 22:00:00,3.1600000858306885
2024-09-20 23:00:00,6.309999942779541
2024-09-21 00:00:00,9.470000267028809
2024-09-21 01:00:00,6.309999942779541
2024-09-21 02:00:00,3.1600000858306885
2024-09-21 03:00:00,0
2024-09-21 04:00:00,1.0099999904632568
2024-09-21 05:00:00,2.0299999713897705
2024-09-21 06:00:00,3.0399999618530273
2024-09-21 07:00:00,3.0399999618530273
2024-09-21 08:00:00,3.0399999618530273
2024-09-21 09:00:00,3.0399999618530273
2024-09-21 10:00:00,2.0299999713897705
2024-09-21 11:00:00,1.0099999904632568
2024-09-21 12:00:00,0
2024-09-21 13:00:00,0
2024-09-21 14:00:00,0
2024-09-21 15:00:00,0
2024-09-21 16:00:00,0.18000000715255737
2024-09-21 17:00:00,0.3499999940395355
2024-09-21 18:00:00,0.5299999713897705
2024-09-21 19:00:00,2.759999990463257
2024-09-21 20:00:00,4.989999771118164
2024-09-21 21:00:00,7.21999979019165
2024-09-21 22:00:00,4.820000171661377
2024-09-21 23:00:00,2.4100000858306885
2024-09-22 00:00:00,0
2024-09-22 01:00:00,0.4399999976158142
2024-09-22 02:00:00,0.8799999952316284
2024-09-22 03:00:00,1.3200000524520874
2024-09-22 04:00:00,1.9800000190734863
2024-09-22 05:00:00,2.640000104904175
2024-09-22 06:00:00,3.309999942779541
2024-09-22 07:00:00,2.2899999618530273
2024-09-22 08:00:00,1.2799999713897705
2024-09-22 09:00:00,0.25999999046325684
2024-09-22 10:00:00,1.2799999713897705
2024-09-22 11:00:00,2.2899999618530273
2024-09-22 12:00:00,3.309999942779541
2024-09-22 13:00:00,3.309999942779541
2024-09-22 14:00:00,3.309999942779541
2024-09-22 15:00:00,3.309999942779541
2024-09-22 16:00:00,2.200000047683716
2024-09-22 17:00:00,1.100000023841858
2024-09-22 18:00:00,0
2024-09-22 19:00:00,0
2024-09-22 20:00:00,0
2024-09-22 21:00:00,0
2024-09-22 22:00:00,0
2024-09-22 23:00:00,0
2024-09-23 00:00:00,0
2024-09-23 01:00:00,0
2024-09-23 02:00:00,0
2024-09-23 03:00:00,0
2024-09-23 04:00:00,0
2024-09-23 05:00:00,0
2024-09-23 06:00:00,0
2024-09-23 07:00:00,0
2024-09-23 08:00:00,0
2024-09-23 09:00:00,0
2024-09-23 10:00:00,0
2024-09-23 11:00:00,0
2024-09-23 12:00:00,0
2024-09-23 13:00:00,0
2024-09-23 14:00:00,0
2024-09-23 15:00:00,0
2024-09-23 16:00:00,0
2024-09-23 17:00:00,0
2024-09-23 18:00:00,0
2024-09-23 19:00:00,4.739999771118164
2024-09-23 20:00:00,9.479999542236328
2024-09-23 21:00:00,14.229999542236328
2024-09-23 22:00:00,23.100000381469727
2024-09-23 23:00:00,31.969999313354492
2024-09-24 00:00:00,40.84000015258789
2024-09-24 01:00:00,27.229999542236328
2024-09-24 02:00:00,13.609999656677246
2024-09-24 03:00:00,0
2024-09-24 04:00:00,0
2024-09-24 05:00:00,0
2024-09-24 06:00:00,0
2024-09-24 07:00:00,0
2024-09-24 08:00:00,0
2024-09-24 09:00:00,0
2024-09-24 10:00:00,0
2024-09-24 11:00:00,0
2024-09-24 12:00:00,0
2024-09-24 13:00:00,0
2024-09-24 14:00:00,0
2024-09-24 15:00:00,0
2024-09-24 16:00:00,0
2024-09-24 17:00:00,0
2024-09-24 18:00:00,0
2024-09-24 19:00:00,0
2024-09-24 20:00:00,0
2024-09-24 21:00:00,0
2024-09-24 22:00:00,0
2024-09-24 23:00:00,0
2024-09-25 00:00:00,0
2024-09-25 01:00:00,0
2024-09-25 02:00:00,0
2024-09-25 03:00:00,0
2024-09-25 04:00:00,0
2024-09-25 05:00:00,0
2024-09-25 06:00:00,0
2024-09-25 07:00:00,0
2024-09-25 08:00:00,0
2024-09-25 09:00:00,0
2024-09-25 10:00:00,0
2024-09-25 11:00:00,0
2024-09-25 12:00:00,0
2024-09-25 13:00:00,0
2024-09-25 14:00:00,0
2024-09-25 15:00:00,0
2024-09-25 16:00:00,0
2024-09-25 17:00:00,0
2024-09-25 18:00:00,0
2024-09-25 19:00:00,0
2024-09-25 20:00:00,0
2024-09-25 21:00:00,0
2024-09-25 22:00:00,0
2024-09-25 23:00:00,0
2024-09-26 00:00:00,0
2024-09-26 01:00:00,0
2024-09-26 02:00:00,0
2024-09-26 03:00:00,0
2024-09-26 04:00:00,0
2024-09-26 05:00:00,0
2024-09-26 06:00:00,0
2024-09-26 07:00:00,0
2024-09-26 08:00:00,0
2024-09-26 09:00:00,0
2024-09-26 10:00:00,0
2024-09-26 11:00:00,0
2024-09-26 12:00:00,0
2024-09-26 13:00:00,0
2024-09-26 14:00:00,0
2024-09-26 15:00:00,0
2024-09-26 16:00:00,0
2024-09-26 17:00:00,0
2024-09-26 18:00:00,0
2024-09-26 19:00:00,2.2300000190734863
2024-09-26 20:00:00,4.460000038146973
2024-09-26 21:00:00,6.690000057220459
2024-09-26 22:00:00,15.039999961853027
2024-09-26 23:00:00,23.3799991607666
2024-09-27 00:00:00,31.719999313354492
2024-09-27 01:00:00,27.700000762939453
2024-09-27 02:00:00,23.68000030517578
2024-09-27 03:00:00,19.65999984741211
2024-09-27 04:00:00,15.3100004196167
2024-09-27 05:00:00,10.960000038146973
2024-09-27 06:00:00,6.610000133514404
2024-09-27 07:00:00,5.510000228881836
2024-09-27 08:00:00,4.409999847412109
2024-09-27 09:00:00,3.309999942779541
2024-09-27 10:00:00,4.579999923706055
2024-09-27 11:00:00,5.860000133514404
2024-09-27 12:00:00,7.130000114440918
2024-09-27 13:00:00,7.309999942779541
2024-09-27 14:00:00,7.480000019073486
2024-09-27 15:00:00,7.659999847412109
2024-09-27 16:00:00,14.68000030517578
2024-09-27 17:00:00,21.700000762939453
2024-09-27 18:00:00,28.709999084472656
2024-09-27 19:00:00,38.15999984741211
2024-09-27 20:00:00,47.61000061035156
2024-09-27 21:00:00,57.060001373291016
2024-09-27 22:00:00,43.54999923706055
2024-09-27 23:00:00,30.040000915527344
2024-09-28 00:00:00,16.530000686645508
2024-09-28 01:00:00,12.119999885559082
2024-09-28 02:00:00,7.710000038146973
2024-09-28 03:00:00,3.309999942779541
2024-09-28 04:00:00,3.2200000286102295
2024-09-28 05:00:00,3.130000114440918
2024-09-28 06:00:00,3.0399999618530273
2024-09-28 07:00:00,2.0299999713897705
2024-09-28 08:00:00,1.0099999904632568
2024-09-28 09:00:00,0
2024-09-28 10:00:00,0
2024-09-28 11:00:00,0
2024-09-28 12:00:00,0
2024-09-28 13:00:00,0
2024-09-28 14:00:00,0
2024-09-28 15:00:00,0
2024-09-28 16:00:00,0
2024-09-28 17:00:00,0
2024-09-28 18:00:00,0
2024-09-28 19:00:00,1.100000023841858
2024-09-28 20:00:00,2.200000047683716
2024-09-28 21:00:00,3.309999942779541
2024-09-28 22:00:00,2.200000047683716
2024-09-28 23:00:00,1.100000023841858
2024-09-29 00:00:00,0
2024-09-29 01:00:00,0
2024-09-29 02:00:00,0
2024-09-29 03:00:00,0
2024-09-29 04:00:00,0
2024-09-29 05:00:00,0
2024-09-29 06:00:00,0
2024-09-29 07:00:00,0
2024-09-29 08:00:00,0
2024-09-29 09:00:00,0
2024-09-29 10:00:00,0
2024-09-29 11:00:00,0
2024-09-29 12:00:00,0
2024-09-29 13:00:00,0
2024-09-29 14:00:00,0
2024-09-29 15:00:00,0
2024-09-29 16:00:00,0.09000000357627869
2024-09-29 17:00:00,0.17000000178813934
2024-09-29 18:00:00,0.25999999046325684
2024-09-29 19:00:00,4.260000228881836
2024-09-29 20:00:00,8.260000228881836
2024-09-29 21:00:00,12.25
2024-09-29 22:00:00,17.06999969482422
2024-09-29 23:00:00,21.8799991607666
2024-09-30 00:00:00,26.690000534057617
2024-09-30 01:00:00,22.13999938964844
2024-09-30 02:00:00,17.59000015258789
2024-09-30 03:00:00,13.039999961853027
2024-09-30 04:00:00,8.6899995803833
2024-09-30 05:00:00,4.349999904632568
2024-09-30 06:00:00,0
2024-09-30 07:00:00,3.1600000858306885
2024-09-30 08:00:00,6.309999942779541
2024-09-30 09:00:00,9.470000267028809
2024-09-30 10:00:00,8.520000457763672
2024-09-30 11:00:00,7.559999942779541
2024-09-30 12:00:00,6.610000133514404
2024-09-30 13:00:00,4.409999847412109
2024-09-30 14:00:00,2.200000047683716
2024-09-30 15:00:00,0
2024-09-30 16:00:00,0
2024-09-30 17:00:00,0
2024-09-30 18:00:00,0
2024-09-30 19:00:00,0
2024-09-30 20:00:00,0
2024-09-30 21:00:00,0
2024-09-30 22:00:00,0.17000000178813934
2024-09-30 23:00:00,0.3499999940395355
2024-10-01 00:00:00,0.5199999809265137
2024-10-01 01:00:00,0.3499999940395355
2024-10-01 02:00:00,0.17000000178813934
2024-10-01 03:00:00,0
2024-10-01 04:00:00,0
2024-10-01 05:00:00,0
2024-10-01 06:00:00,0
2024-10-01 07:00:00,0
2024-10-01 08:00:00,0
2024-10-01 09:00:00,0
2024-10-01 10:00:00,0
2024-10-01 11:00:00,0
2024-10-01 12:00:00,0
2024-10-01 13:00:00,0
2024-10-01 14:00:00,0
2024-10-01 15:00:00,0
2024-10-01 16:00:00,0
2024-10-01 17:00:00,0
2024-10-01 18:00:00,0
2024-10-01 19:00:00,0
2024-10-01 20:00:00,0
2024-10-01 21:00:00,0
2024-10-01 22:00:00,0
2024-10-01 23:00:00,0
2024-10-02 00:00:00,0
2024-10-02 01:00:00,0
2024-10-02 02:00:00,0
2024-10-02 03:00:00,0
2024-10-02 04:00:00,0
2024-10-02 05:00:00,0
2024-10-02 06:00:00,0
2024-10-02 07:00:00,0
2024-10-02 08:00:00,0
2024-10-02 09:00:00,0
2024-10-02 10:00:00,0
2024-10-02 11:00:00,0
2024-10-02 12:00:00,0
2024-10-02 13:00:00,0
2024-10-02 14:00:00,0
2024-10-02 15:00:00,0
2024-10-02 16:00:00,0
2024-10-02 17:00:00,0
2024-10-02 18:00:00,0
2024-10-02 19:00:00,0
2024-10-02 20:00:00,0
2024-10-02 21:00:00,0
2024-10-02 22:00:00,0
2024-10-02 23:00:00,0
2024-10-03 00:00:00,0
2024-10-03 01:00:00,0
2024-10-03 02:00:00,0
2024-10-03 03:00:00,0
2024-10-03 04:00:00,0
2024-10-03 05:00:00,0
2024-10-03 06:00:00,0
2024-10-03 07:00:00,0
2024-10-03 08:00:00,0
2024-10-03 09:00:00,0
2024-10-03 10:00:00,0
2024-10-03 11:00:00,0
2024-10-03 12:00:00,0
2024-10-03 13:00:00,0
2024-10-03 14:00:00,0
2024-10-03 15:00:00,0
2024-10-03 16:00:00,0
2024-10-03 17:00:00,0
2024-10-03 18:00:00,0
2024-10-03 19:00:00,0
2024-10-03 20:00:00,0
2024-10-03 21:00:00,0
2024-10-03 22:00:00,0
2024-10-03 23:00:00,0
2024-10-04 00:00:00,0
2024-10-04 01:00:00,0
2024-10-04 02:00:00,0
2024-10-04 03:00:00,0
2024-10-04 04:00:00,0
2024-10-04 05:00:00,0
2024-10-04 06:00:00,0
2024-10-04 07:00:00,0
2024-10-04 08:00:00,0
2024-10-04 09:00:00,0
2024-10-04 10:00:00,0
2024-10-04 11:00:00,0
2024-10-04 12:00:00,0
2024-10-04 13:00:00,0
2024-10-04 14:00:00,0
2024-10-04 15:00:00,0
2024-10-04 16:00:00,0
2024-10-04 17:00:00,0
2024-10-04 18:00:00,0
2024-10-04 19:00:00,0
2024-10-04 20:00:00,0
2024-10-04 21:00:00,0
2024-10-04 22:00:00,0
2024-10-04 23:00:00,0
2024-10-05 00:00:00,0
2024-10-05 01:00:00,0
2024-10-05 02:00:00,0
2024-10-05 03:00:00,0
2024-10-05 04:00:00,0
2024-10-05 05:00:00,0
2024-10-05 06:00:00,0
2024-10-05 07:00:00,0
2024-10-05 08:00:00,0
2024-10-05 09:00:00,0
2024-10-05 10:00:00,0
2024-10-05 11:00:00,0
2024-10-05 12:00:00,0
2024-10-05 13:00:00,0
2024-10-05 14:00:00,0
2024-10-05 15:00:00,0
2024-10-05 16:00:00,0
2024-10-05 17:00:00,0
2024-10-05 18:00:00,0
2024-10-05 19:00:00,0
2024-10-05 20:00:00,0
2024-10-05 21:00:00,0
2024-10-05 22:00:00,0
2024-10-05 23:00:00,0
2024-10-06 00:00:00,0
2024-10-06 01:00:00,0
2024-10-06 02:00:00,0
2024-10-06 03:00:00,0
2024-10-06 04:00:00,0
2024-10-06 05:00:00,0
2024-10-06 06:00:00,0
2024-10-06 07:00:00,0
2024-10-06 08:00:00,0
2024-10-06 09:00:00,0
2024-10-06 10:00:00,0
2024-10-06 11:00:00,0
2024-10-06 12:00:00,0
2024-10-06 13:00:00,0
2024-10-06 14:00:00,0
2024-10-06 15:00:00,0
2024-10-06 16:00:00,0
2024-10-06 17:00:00,0
2024-10-06 18:00:00,0
2024-10-06 19:00:00,0
2024-10-06 20:00:00,0
2024-10-06 21:00:00,0
2024-10-06 22:00:00,0
2024-10-06 23:00:00,0
2024-10-07 00:00:00,0
2024-10-07 01:00:00,0
2024-10-07 02:00:00,0
2024-10-07 03:00:00,0
2024-10-07 04:00:00,0
2024-10-07 05:00:00,0
2024-10-07 06:00:00,0
2024-10-07 07:00:00,0
2024-10-07 08:00:00,0
2024-10-07 09:00:00,0
2024-10-07 10:00:00,0
2024-10-07 11:00:00,0
2024-10-07 12:00:00,0
2024-10-07 13:00:00,0
2024-10-07 14:00:00,0
2024-10-07 15:00:00,0
2024-10-07 16:00:00,0
2024-10-07 17:00:00,0
2024-10-07 18:00:00,0
2024-10-07 19:00:00,0
2024-10-07 20:00:00,0
2024-10-07 21:00:00,0
2024-10-07 22:00:00,0
2024-10-07 23:00:00,0
2024-10-08 00:00:00,0
2024-10-08 01:00:00,0
2024-10-08 02:00:00,0
2024-10-08 03:00:00,0
2024-10-08 04:00:00,0
2024-10-08 05:00:00,0
2024-10-08 06:00:00,0
2024-10-08 07:00:00,0
2024-10-08 08:00:00,0
2024-10-08 09:00:00,0
2024-10-08 10:00:00,0
2024-10-08 11:00:00,0
2024-10-08 12:00:00,0
2024-10-08 13:00:00,0
2024-10-08 14:00:00,0
2024-10-08 15:00:00,0
2024-10-08 16:00:00,5.829999923706055
2024-10-08 17:00:00,11.65999984741211
2024-10-08 18:00:00,17.489999771118164
2024-10-08 19:00:00,20.219999313354492
2024-10-08 20:00:00,22.950000762939453
2024-10-08 21:00:00,25.68000030517578
2024-10-08 22:00:00,21.729999542236328
2024-10-08 23:00:00,17.780000686645508
2024-10-09 00:00:00,13.829999923706056
2024-10-09 01:00:00,15.109999656677246
2024-10-09 02:00:00,16.3799991607666
2024-10-09 03:00:00,17.65999984741211
2024-10-09 04:00:00,11.779999732971191
2024-10-09 05:00:00,5.889999866485596
2024-10-09 06:00:00,0
2024-10-09 07:00:00,0
2024-10-09 08:00:00,0
2024-10-09 09:00:00,0
2024-10-09 10:00:00,0
2024-10-09 11:00:00,0
2024-10-09 12:00:00,0
2024-10-09 13:00:00,0
2024-10-09 14:00:00,0
2024-10-09 15:00:00,0
2024-10-09 16:00:00,12.31999969482422
2024-10-09 17:00:00,24.63999938964844
2024-10-09 18:00:00,36.959999084472656
2024-10-09 19:00:00,48.13999938964844
2024-10-09 20:00:00,59.33000183105469
2024-10-09 21:00:00,70.5199966430664
2024-10-09 22:00:00,64.51000213623047
2024-10-09 23:00:00,58.5099983215332
2024-10-10 00:00:00,52.5099983215332
2024-10-10 01:00:00,35.09000015258789
2024-10-10 02:00:00,17.68000030517578
2024-10-10 03:00:00,0.25999999046325684
2024-10-10 04:00:00,0.17000000178813934
2024-10-10 05:00:00,0.09000000357627869
2024-10-10 06:00:00,0
2024-10-10 07:00:00,0
2024-10-10 08:00:00,0
2024-10-10 09:00:00,0
2024-10-10 10:00:00,0
2024-10-10 11:00:00,0
2024-10-10 12:00:00,0
2024-10-10 13:00:00,0
2024-10-10 14:00:00,0
2024-10-10 15:00:00,0
2024-10-10 16:00:00,0
2024-10-10 17:00:00,0
2024-10-10 18:00:00,0
2024-10-10 19:00:00,0
2024-10-10 20:00:00,0
2024-10-10 21:00:00,0
2024-10-10 22:00:00,0
2024-10-10 23:00:00,0
2024-10-11 00:00:00,0
2024-10-11 01:00:00,0
2024-10-11 02:00:00,0
2024-10-11 03:00:00,0
2024-10-11 04:00:00,0
2024-10-11 05:00:00,0
2024-10-11 06:00:00,0
2024-10-11 07:00:00,0
2024-10-11 08:00:00,0
2024-10-11 09:00:00,0
2024-10-11 10:00:00,0
2024-10-11 11:00:00,0
2024-10-11 12:00:00,0
2024-10-11 13:00:00,0
2024-10-11 14:00:00,0
2024-10-11 15:00:00,0
2024-10-11 16:00:00,2.059999942779541
2024-10-11 17:00:00,4.110000133514404
2024-10-11 18:00:00,6.170000076293945
2024-10-11 19:00:00,4.110000133514404
2024-10-11 20:00:00,2.059999942779541
2024-10-11 21:00:00,0
2024-10-11 22:00:00,1.3700000047683716
2024-10-11 23:00:00,2.7300000190734863
2024-10-12 00:00:00,4.099999904632568
2024-10-12 01:00:00,2.819999933242798
2024-10-12 02:00:00,1.5399999618530271
2024-10-12 03:00:00,0.25999999046325684
2024-10-12 04:00:00,0.17000000178813934
2024-10-12 05:00:00,0.09000000357627869
2024-10-12 06:00:00,0
2024-10-12 07:00:00,0
2024-10-12 08:00:00,0
2024-10-12 09:00:00,0
2024-10-12 10:00:00,0
2024-10-12 11:00:00,0
2024-10-12 12:00:00,0
2024-10-12 13:00:00,0
2024-10-12 14:00:00,0
2024-10-12 15:00:00,0
2024-10-12 16:00:00,0
2024-10-12 17:00:00,0
2024-10-12 18:00:00,0
2024-10-12 19:00:00,0.09000000357627869
2024-10-12 20:00:00,0.17000000178813934
2024-10-12 21:00:00,0.25999999046325684
2024-10-12 22:00:00,14.779999732971191
2024-10-12 23:00:00,29.309999465942383
2024-10-13 00:00:00,43.83000183105469
2024-10-13 01:00:00,34.93000030517578
2024-10-13 02:00:00,26.030000686645508
2024-10-13 03:00:00,17.1299991607666
2024-10-13 04:00:00,11.420000076293944
2024-10-13 05:00:00,5.710000038146973
2024-10-13 06:00:00,0
2024-10-13 07:00:00,0
2024-10-13 08:00:00,0
2024-10-13 09:00:00,0
2024-10-13 10:00:00,0
2024-10-13 11:00:00,0
2024-10-13 12:00:00,0
2024-10-13 13:00:00,0
2024-10-13 14:00:00,0
2024-10-13 15:00:00,0
2024-10-13 16:00:00,0
2024-10-13 17:00:00,0
2024-10-13 18:00:00,0
2024-10-13 19:00:00,0
2024-10-13 20:00:00,0
2024-10-13 21:00:00,0
2024-10-13 22:00:00,7.320000171661377
2024-10-13 23:00:00,14.630000114440918
2024-10-14 00:00:00,21.950000762939453
2024-10-14 01:00:00,18.65999984741211
2024-10-14 02:00:00,15.380000114440918
2024-10-14 03:00:00,12.09000015258789
2024-10-14 04:00:00,8.930000305175781
2024-10-14 05:00:00,5.78000020980835
2024-10-14 06:00:00,2.619999885559082
2024-10-14 07:00:00,1.830000042915344
2024-10-14 08:00:00,1.0499999523162842
2024-10-14 09:00:00,0.25999999046325684
2024-10-14 10:00:00,0.17000000178813934
2024-10-14 11:00:00,0.09000000357627869
2024-10-14 12:00:00,0
2024-10-14 13:00:00,0
2024-10-14 14:00:00,0
2024-10-14 15:00:00,0
2024-10-14 16:00:00,0
2024-10-14 17:00:00,0
2024-10-14 18:00:00,0
2024-10-14 19:00:00,2.140000104904175
2024-10-14 20:00:00,4.28000020980835
2024-10-14 21:00:00,6.429999828338623
2024-10-14 22:00:00,5.46999979019165
2024-10-14 23:00:00,4.519999980926514
2024-10-15 00:00:00,3.569999933242798
2024-10-15 01:00:00,2.380000114440918
2024-10-15 02:00:00,1.190000057220459
2024-10-15 03:00:00,0
2024-10-15 04:00:00,0
2024-10-15 05:00:00,0
2024-10-15 06:00:00,0
2024-10-15 07:00:00,0
2024-10-15 08:00:00,0
2024-10-15 09:00:00,0
2024-10-15 10:00:00,0
2024-10-15 11:00:00,0
2024-10-15 12:00:00,0
2024-10-15 13:00:00,0
2024-10-15 14:00:00,0
2024-10-15 15:00:00,0
2024-10-15 16:00:00,0
2024-10-15 17:00:00,0
2024-10-15 18:00:00,0
2024-10-15 19:00:00,0.18000000715255737
2024-10-15 20:00:00,0.3499999940395355
2024-10-15 21:00:00,0.5299999713897705
2024-10-15 22:00:00,0.3499999940395355
2024-10-15 23:00:00,0.18000000715255737
2024-10-16 00:00:00,0
2024-10-16 01:00:00,0
2024-10-16 02:00:00,0
2024-10-16 03:00:00,0
2024-10-16 04:00:00,0
2024-10-16 05:00:00,0
2024-10-16 06:00:00,0
2024-10-16 07:00:00,0
2024-10-16 08:00:00,0
2024-10-16 09:00:00,0
2024-10-16 10:00:00,0
2024-10-16 11:00:00,0
2024-10-16 12:00:00,0
2024-10-16 13:00:00,0
2024-10-16 14:00:00,0
2024-10-16 15:00:00,0
2024-10-16 16:00:00,4.550000190734863
2024-10-16 17:00:00,9.100000381469728
2024-10-16 18:00:00,13.649999618530272
2024-10-16 19:00:00,20.200000762939453
2024-10-16 20:00:00,26.75
2024-10-16 21:00:00,33.310001373291016
2024-10-16 22:00:00,34.779998779296875
2024-10-16 23:00:00,36.2599983215332
2024-10-17 00:00:00,37.7400016784668
2024-10-17 01:00:00,26.170000076293945
2024-10-17 02:00:00,14.609999656677246
2024-10-17 03:00:00,3.0399999618530273
2024-10-17 04:00:00,2.0299999713897705
2024-10-17 05:00:00,1.0099999904632568
2024-10-17 06:00:00,0
2024-10-17 07:00:00,0
2024-10-17 08:00:00,0
2024-10-17 09:00:00,0
2024-10-17 10:00:00,0
2024-10-17 11:00:00,0
2024-10-17 12:00:00,0
2024-10-17 13:00:00,0
2024-10-17 14:00:00,0
2024-10-17 15:00:00,0
2024-10-17 16:00:00,2.2300000190734863
2024-10-17 17:00:00,4.460000038146973
2024-10-17 18:00:00,6.690000057220459
2024-10-17 19:00:00,7.53000020980835
2024-10-17 20:00:00,8.369999885559082
2024-10-17 21:00:00,9.210000038146973
2024-10-17 22:00:00,12.600000381469728
2024-10-17 23:00:00,16
2024-10-18 00:00:00,19.38999938964844
2024-10-18 01:00:00,12.93000030517578
2024-10-18 02:00:00,6.460000038146973
2024-10-18 03:00:00,0
2024-10-18 04:00:00,0
2024-10-18 05:00:00,0
2024-10-18 06:00:00,0
2024-10-18 07:00:00,0
2024-10-18 08:00:00,0
2024-10-18 09:00:00,0
2024-10-18 10:00:00,0
2024-10-18 11:00:00,0
2024-10-18 12:00:00,0
2024-10-18 13:00:00,0
2024-10-18 14:00:00,0
2024-10-18 15:00:00,0
2024-10-18 16:00:00,0
2024-10-18 17:00:00,0
2024-10-18 18:00:00,0
2024-10-18 19:00:00,0.18000000715255737
2024-10-18 20:00:00,0.3499999940395355
2024-10-18 21:00:00,0.5299999713897705
2024-10-18 22:00:00,1.8899999856948853
2024-10-18 23:00:00,3.259999990463257
2024-10-19 00:00:00,4.619999885559082
2024-10-19 01:00:00,3.0799999237060547
2024-10-19 02:00:00,1.5399999618530271
2024-10-19 03:00:00,0
2024-10-19 04:00:00,0
2024-10-19 05:00:00,0
2024-10-19 06:00:00,0
2024-10-19 07:00:00,0
2024-10-19 08:00:00,0
2024-10-19 09:00:00,0
2024-10-19 10:00:00,0
2024-10-19 11:00:00,0
2024-10-19 12:00:00,0
2024-10-19 13:00:00,0
2024-10-19 14:00:00,0
2024-10-19 15:00:00,0
2024-10-19 16:00:00,0.699999988079071
2024-10-19 17:00:00,1.409999966621399
2024-10-19 18:00:00,2.109999895095825
2024-10-19 19:00:00,1.7599999904632568
2024-10-19 20:00:00,1.409999966621399
2024-10-19 21:00:00,1.059999942779541
2024-10-19 22:00:00,27.709999084472656
2024-10-19 23:00:00,54.36000061035156
2024-10-20 00:00:00,81.01000213623047
2024-10-20 01:00:00,55.02000045776367
2024-10-20 02:00:00,29.030000686645508
2024-10-20 03:00:00,3.0399999618530273
2024-10-20 04:00:00,2.0299999713897705
2024-10-20 05:00:00,1.0099999904632568
2024-10-20 06:00:00,0
2024-10-20 07:00:00,0
2024-10-20 08:00:00,0
2024-10-20 09:00:00,0
2024-10-20 10:00:00,0
2024-10-20 11:00:00,0
2024-10-20 12:00:00,0
2024-10-20 13:00:00,0
2024-10-20 14:00:00,0
2024-10-20 15:00:00,0
2024-10-20 16:00:00,0
2024-10-20 17:00:00,0
2024-10-20 18:00:00,0
2024-10-20 19:00:00,2.0299999713897705
2024-10-20 20:00:00,4.059999942779541
2024-10-20 21:00:00,6.090000152587891
2024-10-20 22:00:00,86.76000213623047
2024-10-20 23:00:00,167.4199981689453
2024-10-21 00:00:00,248.08999633789065
2024-10-21 01:00:00,238.9199981689453
2024-10-21 02:00:00,229.75
2024-10-21 03:00:00,220.5800018310547
2024-10-21 04:00:00,147.05999755859375
2024-10-21 05:00:00,73.529998779296875
2024-10-21 06:00:00,0
2024-10-21 07:00:00,0
2024-10-21 08:00:00,0
2024-10-21 09:00:00,0
2024-10-21 10:00:00,0.18000000715255737
2024-10-21 11:00:00,0.3499999940395355
2024-10-21 12:00:00,0.5299999713897705
2024-10-21 13:00:00,1.3700000047683716
2024-10-21 14:00:00,2.2100000381469727
2024-10-21 15:00:00,3.0399999618530273
2024-10-21 16:00:00,4.440000057220459
2024-10-21 17:00:00,5.829999923706055
2024-10-21 18:00:00,7.21999979019165
2024-10-21 19:00:00,6.869999885559082
2024-10-21 20:00:00,6.519999980926514
2024-10-21 21:00:00,6.170000076293945
2024-10-21 22:00:00,4.110000133514404
2024-10-21 23:00:00,2.059999942779541
2024-10-22 00:00:00,0
2024-10-22 01:00:00,0
2024-10-22 02:00:00,0
2024-10-22 03:00:00,0
2024-10-22 04:00:00,0
2024-10-22 05:00:00,0
2024-10-22 06:00:00,0
2024-10-22 07:00:00,0
2024-10-22 08:00:00,0
2024-10-22 09:00:00,0
2024-10-22 10:00:00,0
2024-10-22 11:00:00,0
2024-10-22 12:00:00,0
2024-10-22 13:00:00,0
2024-10-22 14:00:00,0
2024-10-22 15:00:00,0
2024-10-22 16:00:00,0
2024-10-22 17:00:00,0
2024-10-22 18:00:00,0
2024-10-22 19:00:00,0
2024-10-22 20:00:00,0
2024-10-22 21:00:00,0
2024-10-22 22:00:00,0
2024-10-22 23:00:00,0
2024-10-23 00:00:00,0
2024-10-23 01:00:00,0
2024-10-23 02:00:00,0
2024-10-23 03:00:00,0
2024-10-23 04:00:00,0
2024-10-23 05:00:00,0
2024-10-23 06:00:00,0
2024-10-23 07:00:00,0
2024-10-23 08:00:00,0
2024-10-23 09:00:00,0
2024-10-23 10:00:00,0
2024-10-23 11:00:00,0
2024-10-23 12:00:00,0
2024-10-23 13:00:00,0
2024-10-23 14:00:00,0
2024-10-23 15:00:00,0
2024-10-23 16:00:00,0
2024-10-23 17:00:00,0
2024-10-23 18:00:00,0
2024-10-23 19:00:00,0
2024-10-23 20:00:00,0
2024-10-23 21:00:00,0
2024-10-23 22:00:00,0
2024-10-23 23:00:00,0
2024-10-24 00:00:00,0
2024-10-24 01:00:00,0
2024-10-24 02:00:00,0
2024-10-24 03:00:00,0
2024-10-24 04:00:00,0
2024-10-24 05:00:00,0
2024-10-24 06:00:00,0
2024-10-24 07:00:00,0
2024-10-24 08:00:00,0
2024-10-24 09:00:00,0
2024-10-24 10:00:00,0
2024-10-24 11:00:00,0
2024-10-24 12:00:00,0
2024-10-24 13:00:00,4.079999923706055
2024-10-24 14:00:00,8.170000076293945
2024-10-24 15:00:00,12.25
2024-10-24 16:00:00,11.239999771118164
2024-10-24 17:00:00,10.220000267028809
2024-10-24 18:00:00,9.210000038146973
2024-10-24 19:00:00,6.139999866485596
2024-10-24 20:00:00,3.069999933242798
2024-10-24 21:00:00,0
2024-10-24 22:00:00,0
2024-10-24 23:00:00,0
2024-10-25 00:00:00,0
2024-10-25 01:00:00,0
2024-10-25 02:00:00,0
2024-10-25 03:00:00,0
2024-10-25 04:00:00,0
2024-10-25 05:00:00,0
2024-10-25 06:00:00,0
2024-10-25 07:00:00,0
2024-10-25 08:00:00,0
2024-10-25 09:00:00,0
2024-10-25 10:00:00,0
2024-10-25 11:00:00,0
2024-10-25 12:00:00,0
2024-10-25 13:00:00,0
2024-10-25 14:00:00,0
2024-10-25 15:00:00,0
2024-10-25 16:00:00,0
2024-10-25 17:00:00,0
2024-10-25 18:00:00,0
2024-10-25 19:00:00,0
2024-10-25 20:00:00,0
2024-10-25 21:00:00,0
2024-10-25 22:00:00,0
2024-10-25 23:00:00,0
2024-10-26 00:00:00,0
2024-10-26 01:00:00,0
2024-10-26 02:00:00,0
2024-10-26 03:00:00,0
2024-10-26 04:00:00,0
2024-10-26 05:00:00,0
2024-10-26 06:00:00,0
2024-10-26 07:00:00,0
2024-10-26 08:00:00,0
2024-10-26 09:00:00,0
2024-10-26 10:00:00,0
2024-10-26 11:00:00,0
2024-10-26 12:00:00,0
2024-10-26 13:00:00,0
2024-10-26 14:00:00,0
2024-10-26 15:00:00,0
2024-10-26 16:00:00,0
2024-10-26 17:00:00,0
2024-10-26 18:00:00,0
2024-10-26 19:00:00,0
2024-10-26 20:00:00,0
2024-10-26 21:00:00,0
2024-10-26 22:00:00,0
2024-10-26 23:00:00,0
2024-10-27 00:00:00,0
2024-10-27 01:00:00,0
2024-10-27 02:00:00,0
2024-10-27 03:00:00,0
2024-10-27 04:00:00,0
2024-10-27 05:00:00,0
2024-10-27 06:00:00,0
2024-10-27 07:00:00,0
2024-10-27 08:00:00,0
2024-10-27 09:00:00,0
2024-10-27 10:00:00,0
2024-10-27 11:00:00,0
2024-10-27 12:00:00,0
2024-10-27 13:00:00,0
2024-10-27 14:00:00,0
2024-10-27 15:00:00,0
2024-10-27 16:00:00,0
2024-10-27 17:00:00,0
2024-10-27 18:00:00,0
2024-10-27 19:00:00,0
2024-10-27 20:00:00,0
2024-10-27 21:00:00,0
2024-10-27 22:00:00,0
2024-10-27 23:00:00,0
2024-10-28 00:00:00,0
2024-10-28 01:00:00,0
2024-10-28 02:00:00,0
2024-10-28 03:00:00,0
2024-10-28 04:00:00,0
2024-10-28 05:00:00,0
2024-10-28 06:00:00,0
2024-10-28 07:00:00,0
2024-10-28 08:00:00,0
2024-10-28 09:00:00,0
2024-10-28 10:00:00,0
2024-10-28 11:00:00,0
2024-10-28 12:00:00,0
2024-10-28 13:00:00,0
2024-10-28 14:00:00,0
2024-10-28 15:00:00,0
2024-10-28 16:00:00,0
2024-10-28 17:00:00,0
2024-10-28 18:00:00,0
2024-10-28 19:00:00,0
2024-10-28 20:00:00,0
2024-10-28 21:00:00,0
2024-10-28 22:00:00,0
2024-10-28 23:00:00,0
2024-10-29 00:00:00,0
2024-10-29 01:00:00,0
2024-10-29 02:00:00,0
2024-10-29 03:00:00,0
2024-10-29 04:00:00,0
2024-10-29 05:00:00,0
2024-10-29 06:00:00,0
2024-10-29 07:00:00,0
2024-10-29 08:00:00,0
2024-10-29 09:00:00,0
2024-10-29 10:00:00,0
2024-10-29 11:00:00,0
2024-10-29 12:00:00,0
2024-10-29 13:00:00,0
2024-10-29 14:00:00,0
2024-10-29 15:00:00,0
2024-10-29 16:00:00,3.5999999046325684
2024-10-29 17:00:00,7.199999809265137
2024-10-29 18:00:00,10.800000190734863
2024-10-29 19:00:00,7.369999885559082
2024-10-29 20:00:00,3.950000047683716
2024-10-29 21:00:00,0.5299999713897705
2024-10-29 22:00:00,2.380000114440918
2024-10-29 23:00:00,4.239999771118164
2024-10-30 00:00:00,6.090000152587891
2024-10-30 01:00:00,5.070000171661377
2024-10-30 02:00:00,4.059999942779541
2024-10-30 03:00:00,3.0399999618530273
2024-10-30 04:00:00,2.0299999713897705
2024-10-30 05:00:00,1.0099999904632568
2024-10-30 06:00:00,0
2024-10-30 07:00:00,0
2024-10-30 08:00:00,0
2024-10-30 09:00:00,0
2024-10-30 10:00:00,4.079999923706055
2024-10-30 11:00:00,8.170000076293945
2024-10-30 12:00:00,12.25
2024-10-30 13:00:00,9.18000030517578
2024-10-30 14:00:00,6.110000133514404
2024-10-30 15:00:00,3.0399999618530273
2024-10-30 16:00:00,2.0299999713897705
2024-10-30 17:00:00,1.0099999904632568
2024-10-30 18:00:00,0
2024-10-30 19:00:00,0
2024-10-30 20:00:00,0
2024-10-30 21:00:00,0
2024-10-30 22:00:00,0
2024-10-30 23:00:00,0
2024-10-31 00:00:00,0
2024-10-31 01:00:00,0
2024-10-31 02:00:00,0
2024-10-31 03:00:00,0
2024-10-31 04:00:00,0
2024-10-31 05:00:00,0
2024-10-31 06:00:00,0
2024-10-31 07:00:00,0
2024-10-31 08:00:00,0
2024-10-31 09:00:00,0
2024-10-31 10:00:00,0
2024-10-31 11:00:00,0
2024-10-31 12:00:00,0
2024-10-31 13:00:00,0
2024-10-31 14:00:00,0
2024-10-31 15:00:00,0
2024-10-31 16:00:00,0
2024-10-31 17:00:00,0
2024-10-31 18:00:00,0
2024-10-31 19:00:00,0
2024-10-31 20:00:00,0
2024-10-31 21:00:00,0
2024-10-31 22:00:00,0
2024-10-31 23:00:00,0
2024-11-01 00:00:00,0
2024-11-01 01:00:00,0
2024-11-01 02:00:00,0
2024-11-01 03:00:00,0
2024-11-01 04:00:00,0
2024-11-01 05:00:00,0
2024-11-01 06:00:00,0
2024-11-01 07:00:00,0
2024-11-01 08:00:00,0
2024-11-01 09:00:00,0
2024-11-01 10:00:00,0
2024-11-01 11:00:00,0
2024-11-01 12:00:00,0
2024-11-01 13:00:00,0
2024-11-01 14:00:00,0
2024-11-01 15:00:00,0
2024-11-01 16:00:00,0
2024-11-01 17:00:00,0
2024-11-01 18:00:00,0
2024-11-01 19:00:00,0
2024-11-01 20:00:00,0
2024-11-01 21:00:00,0
2024-11-01 22:00:00,0
2024-11-01 23:00:00,0
2024-11-02 00:00:00,0
2024-11-02 01:00:00,0
2024-11-02 02:00:00,0
2024-11-02 03:00:00,0
2024-11-02 04:00:00,0
2024-11-02 05:00:00,0
2024-11-02 06:00:00,0
2024-11-02 07:00:00,0
2024-11-02 08:00:00,0
2024-11-02 09:00:00,0
2024-11-02 10:00:00,0
2024-11-02 11:00:00,0
2024-11-02 12:00:00,0
2024-11-02 13:00:00,0
2024-11-02 14:00:00,0
2024-11-02 15:00:00,0
2024-11-02 16:00:00,0
2024-11-02 17:00:00,0
2024-11-02 18:00:00,0
2024-11-02 19:00:00,0
2024-11-02 20:00:00,0
2024-11-02 21:00:00,0
2024-11-02 22:00:00,0
2024-11-02 23:00:00,0
2024-11-03 00:00:00,0
2024-11-03 01:00:00,0
2024-11-03 02:00:00,0
2024-11-03 03:00:00,0
2024-11-03 04:00:00,0
2024-11-03 05:00:00,0
2024-11-03 06:00:00,0
2024-11-03 07:00:00,0
2024-11-03 08:00:00,0
2024-11-03 09:00:00,0
2024-11-03 10:00:00,0
2024-11-03 11:00:00,0
2024-11-03 12:00:00,0
2024-11-03 13:00:00,0
2024-11-03 14:00:00,0
2024-11-03 15:00:00,0
2024-11-03 16:00:00,0
2024-11-03 17:00:00,0
2024-11-03 18:00:00,0
2024-11-03 19:00:00,1.0099999904632568
2024-11-03 20:00:00,2.0299999713897705
2024-11-03 21:00:00,3.0399999618530273
2024-11-03 22:00:00,3.0399999618530273
2024-11-03 23:00:00,3.0399999618530273
2024-11-04 00:00:00,3.0399999618530273
2024-11-04 01:00:00,3.0399999618530273
2024-11-04 02:00:00,3.0399999618530273
2024-11-04 03:00:00,3.0399999618530273
2024-11-04 04:00:00,2.0299999713897705
2024-11-04 05:00:00,1.0099999904632568
2024-11-04 06:00:00,0
2024-11-04 07:00:00,0
2024-11-04 08:00:00,0
2024-11-04 09:00:00,0
2024-11-04 10:00:00,0
2024-11-04 11:00:00,0
2024-11-04 12:00:00,0
2024-11-04 13:00:00,0.09000000357627869
2024-11-04 14:00:00,0.17000000178813934
2024-11-04 15:00:00,0.25999999046325684
2024-11-04 16:00:00,0.17000000178813934
2024-11-04 17:00:00,0.09000000357627869
2024-11-04 18:00:00,0
2024-11-04 19:00:00,2.059999942779541
2024-11-04 20:00:00,4.110000133514404
2024-11-04 21:00:00,6.170000076293945
2024-11-04 22:00:00,4.110000133514404
2024-11-04 23:00:00,2.059999942779541
2024-11-05 00:00:00,0
2024-11-05 01:00:00,0
2024-11-05 02:00:00,0
2024-11-05 03:00:00,0
2024-11-05 04:00:00,0
2024-11-05 05:00:00,0
2024-11-05 06:00:00,0
2024-11-05 07:00:00,0
2024-11-05 08:00:00,0
2024-11-05 09:00:00,0
2024-11-05 10:00:00,0
2024-11-05 11:00:00,0
2024-11-05 12:00:00,0
2024-11-05 13:00:00,0
2024-11-05 14:00:00,0
2024-11-05 15:00:00,0
2024-11-05 16:00:00,1.0099999904632568
2024-11-05 17:00:00,2.0299999713897705
2024-11-05 18:00:00,3.0399999618530273
2024-11-05 19:00:00,9.890000343322754
2024-11-05 20:00:00,16.729999542236328
2024-11-05 21:00:00,23.56999969482422
2024-11-05 22:00:00,20.8799991607666
2024-11-05 23:00:00,18.18000030517578
2024-11-06 00:00:00,15.479999542236328
2024-11-06 01:00:00,10.31999969482422
2024-11-06 02:00:00,5.159999847412109
2024-11-06 03:00:00,0
2024-11-06 04:00:00,0
2024-11-06 05:00:00,0
2024-11-06 06:00:00,0
2024-11-06 07:00:00,0
2024-11-06 08:00:00,0
2024-11-06 09:00:00,0
2024-11-06 10:00:00,0
2024-11-06 11:00:00,0
2024-11-06 12:00:00,0
2024-11-06 13:00:00,0
2024-11-06 14:00:00,0
2024-11-06 15:00:00,0
2024-11-06 16:00:00,0
2024-11-06 17:00:00,0
2024-11-06 18:00:00,0
2024-11-06 19:00:00,0
2024-11-06 20:00:00,0
2024-11-06 21:00:00,0
2024-11-06 22:00:00,0
2024-11-06 23:00:00,0
2024-11-07 00:00:00,0
2024-11-07 01:00:00,0
2024-11-07 02:00:00,0
2024-11-07 03:00:00,0
2024-11-07 04:00:00,0
2024-11-07 05:00:00,0
2024-11-07 06:00:00,0
2024-11-07 07:00:00,0
2024-11-07 08:00:00,0
2024-11-07 09:00:00,0
2024-11-07 10:00:00,0
2024-11-07 11:00:00,0
2024-11-07 12:00:00,0
2024-11-07 13:00:00,0
2024-11-07 14:00:00,0
2024-11-07 15:00:00,0
2024-11-07 16:00:00,0.09000000357627869
2024-11-07 17:00:00,0.17000000178813934
2024-11-07 18:00:00,0.25999999046325684
2024-11-07 19:00:00,0.17000000178813934
2024-11-07 20:00:00,0.09000000357627869
2024-11-07 21:00:00,0
2024-11-07 22:00:00,0
2024-11-07 23:00:00,0
2024-11-08 00:00:00,0
2024-11-08 01:00:00,0
2024-11-08 02:00:00,0
2024-11-08 03:00:00,0
2024-11-08 04:00:00,0
2024-11-08 05:00:00,0
2024-11-08 06:00:00,0
2024-11-08 07:00:00,0
2024-11-08 08:00:00,0
2024-11-08 09:00:00,0
2024-11-08 10:00:00,0
2024-11-08 11:00:00,0
2024-11-08 12:00:00,0
2024-11-08 13:00:00,0
2024-11-08 14:00:00,0
2024-11-08 15:00:00,0
2024-11-08 16:00:00,0
2024-11-08 17:00:00,0
2024-11-08 18:00:00,0
2024-11-08 19:00:00,0
2024-11-08 20:00:00,0
2024-11-08 21:00:00,0
2024-11-08 22:00:00,0.09000000357627869
2024-11-08 23:00:00,0.17000000178813934
2024-11-09 00:00:00,0.25999999046325684
2024-11-09 01:00:00,0.17000000178813934
2024-11-09 02:00:00,0.09000000357627869
2024-11-09 03:00:00,0
2024-11-09 04:00:00,0.09000000357627869
2024-11-09 05:00:00,0.17000000178813934
2024-11-09 06:00:00,0.25999999046325684
2024-11-09 07:00:00,0.25999999046325684
2024-11-09 08:00:00,0.25999999046325684
2024-11-09 09:00:00,0.25999999046325684
2024-11-09 10:00:00,0.17000000178813934
2024-11-09 11:00:00,0.09000000357627869
2024-11-09 12:00:00,0
2024-11-09 13:00:00,0
2024-11-09 14:00:00,0
2024-11-09 15:00:00,0
2024-11-09 16:00:00,0
2024-11-09 17:00:00,0
2024-11-09 18:00:00,0
2024-11-09 19:00:00,0
2024-11-09 20:00:00,0
2024-11-09 21:00:00,0
2024-11-09 22:00:00,0
2024-11-09 23:00:00,0
2024-11-10 00:00:00,0
2024-11-10 01:00:00,0
2024-11-10 02:00:00,0
2024-11-10 03:00:00,0
2024-11-10 04:00:00,0
2024-11-10 05:00:00,0
2024-11-10 06:00:00,0
2024-11-10 07:00:00,0
2024-11-10 08:00:00,0
2024-11-10 09:00:00,0
2024-11-10 10:00:00,0
2024-11-10 11:00:00,0
2024-11-10 12:00:00,0
2024-11-10 13:00:00,0
2024-11-10 14:00:00,0
2024-11-10 15:00:00,0
2024-11-10 16:00:00,0
2024-11-10 17:00:00,0
2024-11-10 18:00:00,0
2024-11-10 19:00:00,0
2024-11-10 20:00:00,0
2024-11-10 21:00:00,0
2024-11-10 22:00:00,0
2024-11-10 23:00:00,0
2024-11-11 00:00:00,0
2024-11-11 01:00:00,0
2024-11-11 02:00:00,0
2024-11-11 03:00:00,0
2024-11-11 04:00:00,0
2024-11-11 05:00:00,0
2024-11-11 06:00:00,0
2024-11-11 07:00:00,0
2024-11-11 08:00:00,0
2024-11-11 09:00:00,0
2024-11-11 10:00:00,0
2024-11-11 11:00:00,0
2024-11-11 12:00:00,0
2024-11-11 13:00:00,0
2024-11-11 14:00:00,0
2024-11-11 15:00:00,0
2024-11-11 16:00:00,0
2024-11-11 17:00:00,0
2024-11-11 18:00:00,0
2024-11-11 19:00:00,0
2024-11-11 20:00:00,0
2024-11-11 21:00:00,0
2024-11-11 22:00:00,0
2024-11-11 23:00:00,0
2024-11-12 00:00:00,0
2024-11-12 01:00:00,0
2024-11-12 02:00:00,0
2024-11-12 03:00:00,0
2024-11-12 04:00:00,0
2024-11-12 05:00:00,0
2024-11-12 06:00:00,0
2024-11-12 07:00:00,0
2024-11-12 08:00:00,0
2024-11-12 09:00:00,0
2024-11-12 10:00:00,0
2024-11-12 11:00:00,0
2024-11-12 12:00:00,0
2024-11-12 13:00:00,0
2024-11-12 14:00:00,0
2024-11-12 15:00:00,0
2024-11-12 16:00:00,0
2024-11-12 17:00:00,0
2024-11-12 18:00:00,0
2024-11-12 19:00:00,0
2024-11-12 20:00:00,0
2024-11-12 21:00:00,0
2024-11-12 22:00:00,1.0099999904632568
2024-11-12 23:00:00,2.0299999713897705
2024-11-13 00:00:00,3.0399999618530273
2024-11-13 01:00:00,2.0299999713897705
2024-11-13 02:00:00,1.0099999904632568
2024-11-13 03:00:00,0
2024-11-13 04:00:00,0
2024-11-13 05:00:00,0
2024-11-13 06:00:00,0
2024-11-13 07:00:00,0
2024-11-13 08:00:00,0
2024-11-13 09:00:00,0
2024-11-13 10:00:00,0
2024-11-13 11:00:00,0
2024-11-13 12:00:00,0
2024-11-13 13:00:00,0
2024-11-13 14:00:00,0
2024-11-13 15:00:00,0
2024-11-13 16:00:00,0
2024-11-13 17:00:00,0
2024-11-13 18:00:00,0
2024-11-13 19:00:00,0
2024-11-13 20:00:00,0
2024-11-13 21:00:00,0
2024-11-13 22:00:00,0
2024-11-13 23:00:00,0
2024-11-14 00:00:00,0
2024-11-14 01:00:00,0
2024-11-14 02:00:00,0
2024-11-14 03:00:00,0
2024-11-14 04:00:00,0
2024-11-14 05:00:00,0
2024-11-14 06:00:00,0
2024-11-14 07:00:00,0
2024-11-14 08:00:00,0
2024-11-14 09:00:00,0
2024-11-14 10:00:00,0
2024-11-14 11:00:00,0
2024-11-14 12:00:00,0
2024-11-14 13:00:00,0
2024-11-14 14:00:00,0
2024-11-14 15:00:00,0
2024-11-14 16:00:00,0
2024-11-14 17:00:00,0
2024-11-14 18:00:00,0
2024-11-14 19:00:00,0
2024-11-14 20:00:00,0
2024-11-14 21:00:00,0
2024-11-14 22:00:00,0
2024-11-14 23:00:00,0
2024-11-15 00:00:00,0
2024-11-15 01:00:00,0
2024-11-15 02:00:00,0
2024-11-15 03:00:00,0
2024-11-15 04:00:00,0
2024-11-15 05:00:00,0
2024-11-15 06:00:00,0
2024-11-15 07:00:00,0
2024-11-15 08:00:00,0
2024-11-15 09:00:00,0
2024-11-15 10:00:00,0
2024-11-15 11:00:00,0
2024-11-15 12:00:00,0
2024-11-15 13:00:00,0
2024-11-15 14:00:00,0
2024-11-15 15:00:00,0
2024-11-15 16:00:00,0
2024-11-15 17:00:00,0
2024-11-15 18:00:00,0
2024-11-15 19:00:00,0
2024-11-15 20:00:00,0
2024-11-15 21:00:00,0
2024-11-15 22:00:00,0
2024-11-15 23:00:00,0
2024-11-16 00:00:00,0
2024-11-16 01:00:00,0
2024-11-16 02:00:00,0
2024-11-16 03:00:00,0
2024-11-16 04:00:00,0
2024-11-16 05:00:00,0
2024-11-16 06:00:00,0
2024-11-16 07:00:00,0
2024-11-16 08:00:00,0
2024-11-16 09:00:00,0
2024-11-16 10:00:00,0
2024-11-16 11:00:00,0
2024-11-16 12:00:00,0
2024-11-16 13:00:00,0
2024-11-16 14:00:00,0
2024-11-16 15:00:00,0
2024-11-16 16:00:00,0
2024-11-16 17:00:00,0
2024-11-16 18:00:00,0
2024-11-16 19:00:00,3.069999933242798
2024-11-16 20:00:00,6.139999866485596
2024-11-16 21:00:00,9.210000038146973
2024-11-16 22:00:00,19.8700008392334
2024-11-16 23:00:00,30.540000915527344
2024-11-17 00:00:00,41.20000076293945
2024-11-17 01:00:00,31.549999237060547
2024-11-17 02:00:00,21.899999618530273
2024-11-17 03:00:00,12.25
2024-11-17 04:00:00,8.170000076293945
2024-11-17 05:00:00,4.079999923706055
2024-11-17 06:00:00,0
2024-11-17 07:00:00,0
2024-11-17 08:00:00,0
2024-11-17 09:00:00,0
2024-11-17 10:00:00,0
2024-11-17 11:00:00,0
2024-11-17 12:00:00,0
2024-11-17 13:00:00,0
2024-11-17 14:00:00,0
2024-11-17 15:00:00,0
2024-11-17 16:00:00,0
2024-11-17 17:00:00,0
2024-11-17 18:00:00,0
2024-11-17 19:00:00,0
2024-11-17 20:00:00,0
2024-11-17 21:00:00,0
2024-11-17 22:00:00,0
2024-11-17 23:00:00,0
2024-11-18 00:00:00,0
2024-11-18 01:00:00,0
2024-11-18 02:00:00,0
2024-11-18 03:00:00,0
2024-11-18 04:00:00,0
2024-11-18 05:00:00,0
2024-11-18 06:00:00,0
2024-11-18 07:00:00,0
2024-11-18 08:00:00,0
2024-11-18 09:00:00,0
2024-11-18 10:00:00,0
2024-11-18 11:00:00,0
2024-11-18 12:00:00,0
2024-11-18 13:00:00,0
2024-11-18 14:00:00,0
2024-11-18 15:00:00,0
2024-11-18 16:00:00,0
2024-11-18 17:00:00,0
2024-11-18 18:00:00,0
2024-11-18 19:00:00,0
2024-11-18 20:00:00,0
2024-11-18 21:00:00,0
2024-11-18 22:00:00,0
2024-11-18 23:00:00,0
2024-11-19 00:00:00,0
2024-11-19 01:00:00,0
2024-11-19 02:00:00,0
2024-11-19 03:00:00,0
2024-11-19 04:00:00,9.40999984741211
2024-11-19 05:00:00,18.81999969482422
2024-11-19 06:00:00,28.229999542236328
2024-11-19 07:00:00,18.81999969482422
2024-11-19 08:00:00,9.40999984741211
2024-11-19 09:00:00,0
2024-11-19 10:00:00,0
2024-11-19 11:00:00,0
2024-11-19 12:00:00,0
2024-11-19 13:00:00,0
2024-11-19 14:00:00,0
2024-11-19 15:00:00,0
2024-11-19 16:00:00,5.650000095367432
2024-11-19 17:00:00,11.300000190734863
2024-11-19 18:00:00,16.959999084472656
2024-11-19 19:00:00,35.59000015258789
2024-11-19 20:00:00,54.22999954223633
2024-11-19 21:00:00,72.86000061035156
2024-11-19 22:00:00,49.59000015258789
2024-11-19 23:00:00,26.31999969482422
2024-11-20 00:00:00,3.0399999618530273
2024-11-20 01:00:00,2.0299999713897705
2024-11-20 02:00:00,1.0099999904632568
2024-11-20 03:00:00,0
2024-11-20 04:00:00,0
2024-11-20 05:00:00,0
2024-11-20 06:00:00,0
2024-11-20 07:00:00,0
2024-11-20 08:00:00,0
2024-11-20 09:00:00,0
2024-11-20 10:00:00,0
2024-11-20 11:00:00,0
2024-11-20 12:00:00,0
2024-11-20 13:00:00,0
2024-11-20 14:00:00,0
2024-11-20 15:00:00,0
2024-11-20 16:00:00,0
2024-11-20 17:00:00,0
2024-11-20 18:00:00,0
2024-11-20 19:00:00,0
2024-11-20 20:00:00,0
2024-11-20 21:00:00,0
2024-11-20 22:00:00,0
2024-11-20 23:00:00,0
2024-11-21 00:00:00,0
2024-11-21 01:00:00,0
2024-11-21 02:00:00,0
2024-11-21 03:00:00,0
2024-11-21 04:00:00,0
2024-11-21 05:00:00,0
2024-11-21 06:00:00,0
2024-11-21 07:00:00,0
2024-11-21 08:00:00,0
2024-11-21 09:00:00,0
2024-11-21 10:00:00,0
2024-11-21 11:00:00,0
2024-11-21 12:00:00,0
2024-11-21 13:00:00,0
2024-11-21 14:00:00,0
2024-11-21 15:00:00,0
2024-11-21 16:00:00,0
2024-11-21 17:00:00,0
2024-11-21 18:00:00,0
2024-11-21 19:00:00,0
2024-11-21 20:00:00,0
2024-11-21 21:00:00,0
2024-11-21 22:00:00,0
2024-11-21 23:00:00,0
2024-11-22 00:00:00,0
2024-11-22 01:00:00,0
2024-11-22 02:00:00,0
2024-11-22 03:00:00,0
2024-11-22 04:00:00,0
2024-11-22 05:00:00,0
2024-11-22 06:00:00,0
2024-11-22 07:00:00,0
2024-11-22 08:00:00,0
2024-11-22 09:00:00,0
2024-11-22 10:00:00,0
2024-11-22 11:00:00,0
2024-11-22 12:00:00,0
2024-11-22 13:00:00,0
2024-11-22 14:00:00,0
2024-11-22 15:00:00,0
2024-11-22 16:00:00,0
2024-11-22 17:00:00,0
2024-11-22 18:00:00,0
2024-11-22 19:00:00,0
2024-11-22 20:00:00,0
2024-11-22 21:00:00,0
2024-11-22 22:00:00,0
2024-11-22 23:00:00,0
2024-11-23 00:00:00,0
2024-11-23 01:00:00,0
2024-11-23 02:00:00,0
2024-11-23 03:00:00,0
2024-11-23 04:00:00,0
2024-11-23 05:00:00,0
2024-11-23 06:00:00,0
2024-11-23 07:00:00,0
2024-11-23 08:00:00,0
2024-11-23 09:00:00,0
2024-11-23 10:00:00,0
2024-11-23 11:00:00,0
2024-11-23 12:00:00,0
2024-11-23 13:00:00,0
2024-11-23 14:00:00,0
2024-11-23 15:00:00,0
2024-11-23 16:00:00,0
2024-11-23 17:00:00,0
2024-11-23 18:00:00,0
2024-11-23 19:00:00,0
2024-11-23 20:00:00,0
2024-11-23 21:00:00,0
2024-11-23 22:00:00,0
2024-11-23 23:00:00,0
2024-11-24 00:00:00,0
2024-11-24 01:00:00,0
2024-11-24 02:00:00,0
2024-11-24 03:00:00,0
2024-11-24 04:00:00,0
2024-11-24 05:00:00,0
2024-11-24 06:00:00,0
2024-11-24 07:00:00,0
2024-11-24 08:00:00,0
2024-11-24 09:00:00,0
2024-11-24 10:00:00,0
2024-11-24 11:00:00,0
2024-11-24 12:00:00,0
2024-11-24 13:00:00,0
2024-11-24 14:00:00,0
2024-11-24 15:00:00,0
2024-11-24 16:00:00,0
2024-11-24 17:00:00,0
2024-11-24 18:00:00,0
2024-11-24 19:00:00,13.06999969482422
2024-11-24 20:00:00,26.13999938964844
2024-11-24 21:00:00,39.209999084472656
2024-11-24 22:00:00,26.13999938964844
2024-11-24 23:00:00,13.06999969482422
2024-11-25 00:00:00,0
2024-11-25 01:00:00,0
2024-11-25 02:00:00,0
2024-11-25 03:00:00,0
2024-11-25 04:00:00,0
2024-11-25 05:00:00,0
2024-11-25 06:00:00,0
2024-11-25 07:00:00,0
2024-11-25 08:00:00,0
2024-11-25 09:00:00,0
2024-11-25 10:00:00,0
2024-11-25 11:00:00,0
2024-11-25 12:00:00,0
2024-11-25 13:00:00,0
2024-11-25 14:00:00,0
2024-11-25 15:00:00,0
2024-11-25 16:00:00,0
2024-11-25 17:00:00,0
2024-11-25 18:00:00,0
2024-11-25 19:00:00,0
2024-11-25 20:00:00,0
2024-11-25 21:00:00,0
2024-11-25 22:00:00,0
2024-11-25 23:00:00,0
2024-11-26 00:00:00,0
2024-11-26 01:00:00,0
2024-11-26 02:00:00,0
2024-11-26 03:00:00,0
2024-11-26 04:00:00,0
2024-11-26 05:00:00,0
2024-11-26 06:00:00,0
2024-11-26 07:00:00,0
2024-11-26 08:00:00,0
2024-11-26 09:00:00,0
2024-11-26 10:00:00,0
2024-11-26 11:00:00,0
2024-11-26 12:00:00,0
2024-11-26 13:00:00,0
2024-11-26 14:00:00,0
2024-11-26 15:00:00,0
2024-11-26 16:00:00,1.0099999904632568
2024-11-26 17:00:00,2.0299999713897705
2024-11-26 18:00:00,3.0399999618530273
2024-11-26 19:00:00,6.110000133514404
2024-11-26 20:00:00,9.18000030517578
2024-11-26 21:00:00,12.25
2024-11-26 22:00:00,9.18000030517578
2024-11-26 23:00:00,6.110000133514404
2024-11-27 00:00:00,3.0399999618530273
2024-11-27 01:00:00,2.0299999713897705
2024-11-27 02:00:00,1.0099999904632568
2024-11-27 03:00:00,0
2024-11-27 04:00:00,0
2024-11-27 05:00:00,0
2024-11-27 06:00:00,0
2024-11-27 07:00:00,1.0099999904632568
2024-11-27 08:00:00,2.0299999713897705
2024-11-27 09:00:00,3.0399999618530273
2024-11-27 10:00:00,9.270000457763672
2024-11-27 11:00:00,15.5
2024-11-27 12:00:00,21.719999313354492
2024-11-27 13:00:00,14.479999542236328
2024-11-27 14:00:00,7.239999771118164
2024-11-27 15:00:00,0
2024-11-27 16:00:00,0.09000000357627869
2024-11-27 17:00:00,0.17000000178813934
2024-11-27 18:00:00,0.25999999046325684
2024-11-27 19:00:00,0.25999999046325684
2024-11-27 20:00:00,0.25999999046325684
2024-11-27 21:00:00,0.25999999046325684
2024-11-27 22:00:00,0.17000000178813934
2024-11-27 23:00:00,0.09000000357627869
2024-11-28 00:00:00,0
2024-11-28 01:00:00,0
2024-11-28 02:00:00,0
2024-11-28 03:00:00,0
2024-11-28 04:00:00,0
2024-11-28 05:00:00,0
2024-11-28 06:00:00,0
2024-11-28 07:00:00,0
2024-11-28 08:00:00,0
2024-11-28 09:00:00,0
2024-11-28 10:00:00,0
2024-11-28 11:00:00,0
2024-11-28 12:00:00,0
2024-11-28 13:00:00,0
2024-11-28 14:00:00,0
2024-11-28 15:00:00,0
2024-11-28 16:00:00,0
2024-11-28 17:00:00,0
2024-11-28 18:00:00,0
2024-11-28 19:00:00,0
2024-11-28 20:00:00,0
2024-11-28 21:00:00,0
2024-11-28 22:00:00,0
2024-11-28 23:00:00,0
2024-11-29 00:00:00,0
2024-11-29 01:00:00,0
2024-11-29 02:00:00,0
2024-11-29 03:00:00,0
2024-11-29 04:00:00,0
2024-11-29 05:00:00,0
2024-11-29 06:00:00,0
2024-11-29 07:00:00,0
2024-11-29 08:00:00,0
2024-11-29 09:00:00,0
2024-11-29 10:00:00,0
2024-11-29 11:00:00,0
2024-11-29 12:00:00,0
2024-11-29 13:00:00,0
2024-11-29 14:00:00,0
2024-11-29 15:00:00,0
2024-11-29 16:00:00,0
2024-11-29 17:00:00,0
2024-11-29 18:00:00,0
2024-11-29 19:00:00,0
2024-11-29 20:00:00,0
2024-11-29 21:00:00,0
2024-11-29 22:00:00,0
2024-11-29 23:00:00,0
2024-11-30 00:00:00,0
2024-11-30 01:00:00,0
2024-11-30 02:00:00,0
2024-11-30 03:00:00,0
2024-11-30 04:00:00,0
2024-11-30 05:00:00,0
2024-11-30 06:00:00,0
2024-11-30 07:00:00,0
2024-11-30 08:00:00,0
2024-11-30 09:00:00,0
2024-11-30 10:00:00,0
2024-11-30 11:00:00,0
2024-11-30 12:00:00,0
2024-11-30 13:00:00,0
2024-11-30 14:00:00,0
2024-11-30 15:00:00,0
2024-11-30 16:00:00,0
2024-11-30 17:00:00,0
2024-11-30 18:00:00,0
2024-11-30 19:00:00,0
2024-11-30 20:00:00,0
2024-11-30 21:00:00,0
2024-11-30 22:00:00,0
2024-11-30 23:00:00,0
2024-12-01 00:00:00,0
2024-12-01 01:00:00,0
2024-12-01 02:00:00,0
2024-12-01 03:00:00,0
2024-12-01 04:00:00,0
2024-12-01 05:00:00,0
2024-12-01 06:00:00,0
2024-12-01 07:00:00,0
2024-12-01 08:00:00,0
2024-12-01 09:00:00,0
2024-12-01 10:00:00,0
2024-12-01 11:00:00,0
2024-12-01 12:00:00,0
2024-12-01 13:00:00,0
2024-12-01 14:00:00,0
2024-12-01 15:00:00,0
2024-12-01 16:00:00,0
2024-12-01 17:00:00,0
2024-12-01 18:00:00,0
2024-12-01 19:00:00,0
2024-12-01 20:00:00,0
2024-12-01 21:00:00,0
2024-12-01 22:00:00,0
2024-12-01 23:00:00,0
2024-12-02 00:00:00,0
2024-12-02 01:00:00,0
2024-12-02 02:00:00,0
2024-12-02 03:00:00,0
2024-12-02 04:00:00,0
2024-12-02 05:00:00,0
2024-12-02 06:00:00,0
2024-12-02 07:00:00,0
2024-12-02 08:00:00,0
2024-12-02 09:00:00,0
2024-12-02 10:00:00,0
2024-12-02 11:00:00,0
2024-12-02 12:00:00,0
2024-12-02 13:00:00,0
2024-12-02 14:00:00,0
2024-12-02 15:00:00,0
2024-12-02 16:00:00,0
2024-12-02 17:00:00,0
2024-12-02 18:00:00,0
2024-12-02 19:00:00,0
2024-12-02 20:00:00,0
2024-12-02 21:00:00,0
2024-12-02 22:00:00,0
2024-12-02 23:00:00,0
2024-12-03 00:00:00,0
2024-12-03 01:00:00,0
2024-12-03 02:00:00,0
2024-12-03 03:00:00,0
2024-12-03 04:00:00,0
2024-12-03 05:00:00,0
2024-12-03 06:00:00,0
2024-12-03 07:00:00,0
2024-12-03 08:00:00,0
2024-12-03 09:00:00,0
2024-12-03 10:00:00,0
2024-12-03 11:00:00,0
2024-12-03 12:00:00,0
2024-12-03 13:00:00,0
2024-12-03 14:00:00,0
2024-12-03 15:00:00,0
2024-12-03 16:00:00,0
2024-12-03 17:00:00,0
2024-12-03 18:00:00,0
2024-12-03 19:00:00,0
2024-12-03 20:00:00,0
2024-12-03 21:00:00,0
2024-12-03 22:00:00,0
2024-12-03 23:00:00,0
2024-12-04 00:00:00,0
2024-12-04 01:00:00,0
2024-12-04 02:00:00,0
2024-12-04 03:00:00,0
2024-12-04 04:00:00,0
2024-12-04 05:00:00,0
2024-12-04 06:00:00,0
2024-12-04 07:00:00,0
2024-12-04 08:00:00,0
2024-12-04 09:00:00,0
2024-12-04 10:00:00,0
2024-12-04 11:00:00,0
2024-12-04 12:00:00,0
2024-12-04 13:00:00,0
2024-12-04 14:00:00,0
2024-12-04 15:00:00,0
2024-12-04 16:00:00,0
2024-12-04 17:00:00,0
2024-12-04 18:00:00,0
2024-12-04 19:00:00,0
2024-12-04 20:00:00,0
2024-12-04 21:00:00,0
2024-12-04 22:00:00,0
2024-12-04 23:00:00,0
2024-12-05 00:00:00,0
2024-12-05 01:00:00,0
2024-12-05 02:00:00,0
2024-12-05 03:00:00,0
2024-12-05 04:00:00,0
2024-12-05 05:00:00,0
2024-12-05 06:00:00,0
2024-12-05 07:00:00,0
2024-12-05 08:00:00,0
2024-12-05 09:00:00,0
2024-12-05 10:00:00,0
2024-12-05 11:00:00,0
2024-12-05 12:00:00,0
2024-12-05 13:00:00,0
2024-12-05 14:00:00,0
2024-12-05 15:00:00,0
2024-12-05 16:00:00,0
2024-12-05 17:00:00,0
2024-12-05 18:00:00,0
2024-12-05 19:00:00,0
2024-12-05 20:00:00,0
2024-12-05 21:00:00,0
2024-12-05 22:00:00,0
2024-12-05 23:00:00,0
2024-12-06 00:00:00,0
2024-12-06 01:00:00,0
2024-12-06 02:00:00,0
2024-12-06 03:00:00,0
2024-12-06 04:00:00,0
2024-12-06 05:00:00,0
2024-12-06 06:00:00,0
2024-12-06 07:00:00,0
2024-12-06 08:00:00,0
2024-12-06 09:00:00,0
2024-12-06 10:00:00,0
2024-12-06 11:00:00,0
2024-12-06 12:00:00,0
2024-12-06 13:00:00,0
2024-12-06 14:00:00,0
2024-12-06 15:00:00,0
2024-12-06 16:00:00,0
2024-12-06 17:00:00,0
2024-12-06 18:00:00,0
2024-12-06 19:00:00,0
2024-12-06 20:00:00,0
2024-12-06 21:00:00,0
2024-12-06 22:00:00,0
2024-12-06 23:00:00,0
2024-12-07 00:00:00,0
2024-12-07 01:00:00,0
2024-12-07 02:00:00,0
2024-12-07 03:00:00,0
2024-12-07 04:00:00,0
2024-12-07 05:00:00,0
2024-12-07 06:00:00,0
2024-12-07 07:00:00,0
2024-12-07 08:00:00,0
2024-12-07 09:00:00,0
2024-12-07 10:00:00,0
2024-12-07 11:00:00,0
2024-12-07 12:00:00,0
2024-12-07 13:00:00,0
2024-12-07 14:00:00,0
2024-12-07 15:00:00,0
2024-12-07 16:00:00,0
2024-12-07 17:00:00,0
2024-12-07 18:00:00,0
2024-12-07 19:00:00,0
2024-12-07 20:00:00,0
2024-12-07 21:00:00,0
2024-12-07 22:00:00,0
2024-12-07 23:00:00,0
2024-12-08 00:00:00,0
2024-12-08 01:00:00,0
2024-12-08 02:00:00,0
2024-12-08 03:00:00,0
2024-12-08 04:00:00,0
2024-12-08 05:00:00,0
2024-12-08 06:00:00,0
2024-12-08 07:00:00,0
2024-12-08 08:00:00,0
2024-12-08 09:00:00,0
2024-12-08 10:00:00,0
2024-12-08 11:00:00,0
2024-12-08 12:00:00,0
2024-12-08 13:00:00,0
2024-12-08 14:00:00,0
2024-12-08 15:00:00,0
2024-12-08 16:00:00,0
2024-12-08 17:00:00,0
2024-12-08 18:00:00,0
2024-12-08 19:00:00,0
2024-12-08 20:00:00,0
2024-12-08 21:00:00,0
2024-12-08 22:00:00,0
2024-12-08 23:00:00,0
2024-12-09 00:00:00,0
2024-12-09 01:00:00,0
2024-12-09 02:00:00,0
2024-12-09 03:00:00,0
2024-12-09 04:00:00,0
2024-12-09 05:00:00,0
2024-12-09 06:00:00,0
2024-12-09 07:00:00,0
2024-12-09 08:00:00,0
2024-12-09 09:00:00,0
2024-12-09 10:00:00,0
2024-12-09 11:00:00,0
2024-12-09 12:00:00,0
2024-12-09 13:00:00,0
2024-12-09 14:00:00,0
2024-12-09 15:00:00,0
2024-12-09 16:00:00,8.630000114440918
2024-12-09 17:00:00,17.270000457763672
2024-12-09 18:00:00,25.899999618530273
2024-12-09 19:00:00,20.399999618530273
2024-12-09 20:00:00,14.899999618530272
2024-12-09 21:00:00,9.390000343322754
2024-12-09 22:00:00,11.619999885559082
2024-12-09 23:00:00,13.850000381469728
2024-12-10 00:00:00,16.079999923706055
2024-12-10 01:00:00,17.100000381469727
2024-12-10 02:00:00,18.1200008392334
2024-12-10 03:00:00,19.1299991607666
2024-12-10 04:00:00,12.760000228881836
2024-12-10 05:00:00,6.380000114440918
2024-12-10 06:00:00,0
2024-12-10 07:00:00,0
2024-12-10 08:00:00,0
2024-12-10 09:00:00,0
2024-12-10 10:00:00,0
2024-12-10 11:00:00,0
2024-12-10 12:00:00,0
2024-12-10 13:00:00,1.100000023841858
2024-12-10 14:00:00,2.200000047683716
2024-12-10 15:00:00,3.309999942779541
2024-12-10 16:00:00,2.200000047683716
2024-12-10 17:00:00,1.100000023841858
2024-12-10 18:00:00,0
2024-12-10 19:00:00,0.09000000357627869
2024-12-10 20:00:00,0.17000000178813934
2024-12-10 21:00:00,0.25999999046325684
2024-12-10 22:00:00,0.17000000178813934
2024-12-10 23:00:00,0.09000000357627869
2024-12-11 00:00:00,0
2024-12-11 01:00:00,0
2024-12-11 02:00:00,0
2024-12-11 03:00:00,0
2024-12-11 04:00:00,0
2024-12-11 05:00:00,0
2024-12-11 06:00:00,0
2024-12-11 07:00:00,0
2024-12-11 08:00:00,0
2024-12-11 09:00:00,0
2024-12-11 10:00:00,0
2024-12-11 11:00:00,0
2024-12-11 12:00:00,0
2024-12-11 13:00:00,0
2024-12-11 14:00:00,0
2024-12-11 15:00:00,0
2024-12-11 16:00:00,0
2024-12-11 17:00:00,0
2024-12-11 18:00:00,0
2024-12-11 19:00:00,0
2024-12-11 20:00:00,0
2024-12-11 21:00:00,0
2024-12-11 22:00:00,0
2024-12-11 23:00:00,0
2024-12-12 00:00:00,0
2024-12-12 01:00:00,0
2024-12-12 02:00:00,0
2024-12-12 03:00:00,0
2024-12-12 04:00:00,0
2024-12-12 05:00:00,0
2024-12-12 06:00:00,0
2024-12-12 07:00:00,0
2024-12-12 08:00:00,0
2024-12-12 09:00:00,0
2024-12-12 10:00:00,0
2024-12-12 11:00:00,0
2024-12-12 12:00:00,0
2024-12-12 13:00:00,0
2024-12-12 14:00:00,0
2024-12-12 15:00:00,0
2024-12-12 16:00:00,0
2024-12-12 17:00:00,0
2024-12-12 18:00:00,0
2024-12-12 19:00:00,0
2024-12-12 20:00:00,0
2024-12-12 21:00:00,0
2024-12-12 22:00:00,0
2024-12-12 23:00:00,0
2024-12-13 00:00:00,0
2024-12-13 01:00:00,0
2024-12-13 02:00:00,0
2024-12-13 03:00:00,0
2024-12-13 04:00:00,0
2024-12-13 05:00:00,0
2024-12-13 06:00:00,0
2024-12-13 07:00:00,0
2024-12-13 08:00:00,0
2024-12-13 09:00:00,0
2024-12-13 10:00:00,0
2024-12-13 11:00:00,0
2024-12-13 12:00:00,0
2024-12-13 13:00:00,0
2024-12-13 14:00:00,0
2024-12-13 15:00:00,0
2024-12-13 16:00:00,0
2024-12-13 17:00:00,0
2024-12-13 18:00:00,0
2024-12-13 19:00:00,21.1299991607666
2024-12-13 20:00:00,42.2599983215332
2024-12-13 21:00:00,63.38999938964844
2024-12-13 22:00:00,42.2599983215332
2024-12-13 23:00:00,21.1299991607666
2024-12-14 00:00:00,0
2024-12-14 01:00:00,0
2024-12-14 02:00:00,0
2024-12-14 03:00:00,0
2024-12-14 04:00:00,0
2024-12-14 05:00:00,0
2024-12-14 06:00:00,0
2024-12-14 07:00:00,0
2024-12-14 08:00:00,0
2024-12-14 09:00:00,0
2024-12-14 10:00:00,0
2024-12-14 11:00:00,0
2024-12-14 12:00:00,0
2024-12-14 13:00:00,0
2024-12-14 14:00:00,0
2024-12-14 15:00:00,0
2024-12-14 16:00:00,0
2024-12-14 17:00:00,0
2024-12-14 18:00:00,0
2024-12-14 19:00:00,0
2024-12-14 20:00:00,0
2024-12-14 21:00:00,0
2024-12-14 22:00:00,0
2024-12-14 23:00:00,0
2024-12-15 00:00:00,0
2024-12-15 01:00:00,0
2024-12-15 02:00:00,0
2024-12-15 03:00:00,0
2024-12-15 04:00:00,0
2024-12-15 05:00:00,0
2024-12-15 06:00:00,0
2024-12-15 07:00:00,0
2024-12-15 08:00:00,0
2024-12-15 09:00:00,0
2024-12-15 10:00:00,0
2024-12-15 11:00:00,0
2024-12-15 12:00:00,0
2024-12-15 13:00:00,0
2024-12-15 14:00:00,0
2024-12-15 15:00:00,0
2024-12-15 16:00:00,2.059999942779541
2024-12-15 17:00:00,4.110000133514404
2024-12-15 18:00:00,6.170000076293945
2024-12-15 19:00:00,8.220000267028809
2024-12-15 20:00:00,10.279999732971191
2024-12-15 21:00:00,12.329999923706056
2024-12-15 22:00:00,8.220000267028809
2024-12-15 23:00:00,4.110000133514404
2024-12-16 00:00:00,0
2024-12-16 01:00:00,0
2024-12-16 02:00:00,0
2024-12-16 03:00:00,0
2024-12-16 04:00:00,0
2024-12-16 05:00:00,0
2024-12-16 06:00:00,0
2024-12-16 07:00:00,0
2024-12-16 08:00:00,0
2024-12-16 09:00:00,0
2024-12-16 10:00:00,0
2024-12-16 11:00:00,0
2024-12-16 12:00:00,0
2024-12-16 13:00:00,0
2024-12-16 14:00:00,0
2024-12-16 15:00:00,0
2024-12-16 16:00:00,0
2024-12-16 17:00:00,0
2024-12-16 18:00:00,0
2024-12-16 19:00:00,0
2024-12-16 20:00:00,0
2024-12-16 21:00:00,0
2024-12-16 22:00:00,0
2024-12-16 23:00:00,0
2024-12-17 00:00:00,0
2024-12-17 01:00:00,0
2024-12-17 02:00:00,0
2024-12-17 03:00:00,0
2024-12-17 04:00:00,0
2024-12-17 05:00:00,0
2024-12-17 06:00:00,0
2024-12-17 07:00:00,0
2024-12-17 08:00:00,0
2024-12-17 09:00:00,0
2024-12-17 10:00:00,0
2024-12-17 11:00:00,0
2024-12-17 12:00:00,0
2024-12-17 13:00:00,0
2024-12-17 14:00:00,0
2024-12-17 15:00:00,0
2024-12-17 16:00:00,0
2024-12-17 17:00:00,0
2024-12-17 18:00:00,0
2024-12-17 19:00:00,0.18000000715255737
2024-12-17 20:00:00,0.3499999940395355
2024-12-17 21:00:00,0.5299999713897705
2024-12-17 22:00:00,1.6299999952316284
2024-12-17 23:00:00,2.7300000190734863
2024-12-18 00:00:00,3.8299999237060542
2024-12-18 01:00:00,2.7300000190734863
2024-12-18 02:00:00,1.6299999952316284
2024-12-18 03:00:00,0.5299999713897705
2024-12-18 04:00:00,0.3499999940395355
2024-12-18 05:00:00,0.18000000715255737
2024-12-18 06:00:00,0
2024-12-18 07:00:00,0
2024-12-18 08:00:00,0
2024-12-18 09:00:00,0
2024-12-18 10:00:00,0
2024-12-18 11:00:00,0
2024-12-18 12:00:00,0
2024-12-18 13:00:00,0
2024-12-18 14:00:00,0
2024-12-18 15:00:00,0
2024-12-18 16:00:00,0
2024-12-18 17:00:00,0
2024-12-18 18:00:00,0
2024-12-18 19:00:00,0
2024-12-18 20:00:00,0
2024-12-18 21:00:00,0
2024-12-18 22:00:00,0
2024-12-18 23:00:00,0
2024-12-19 00:00:00,0
2024-12-19 01:00:00,0
2024-12-19 02:00:00,0
2024-12-19 03:00:00,0
2024-12-19 04:00:00,0
2024-12-19 05:00:00,0
2024-12-19 06:00:00,0
2024-12-19 07:00:00,0
2024-12-19 08:00:00,0
2024-12-19 09:00:00,0
2024-12-19 10:00:00,0
2024-12-19 11:00:00,0
2024-12-19 12:00:00,0
2024-12-19 13:00:00,0
2024-12-19 14:00:00,0
2024-12-19 15:00:00,0
2024-12-19 16:00:00,0
2024-12-19 17:00:00,0
2024-12-19 18:00:00,0
2024-12-19 19:00:00,0
2024-12-19 20:00:00,0
2024-12-19 21:00:00,0
2024-12-19 22:00:00,0
2024-12-19 23:00:00,0
2024-12-20 00:00:00,0
2024-12-20 01:00:00,0
2024-12-20 02:00:00,0
2024-12-20 03:00:00,0
2024-12-20 04:00:00,0
2024-12-20 05:00:00,0
2024-12-20 06:00:00,0
2024-12-20 07:00:00,0
2024-12-20 08:00:00,0
2024-12-20 09:00:00,0
2024-12-20 10:00:00,0
2024-12-20 11:00:00,0
2024-12-20 12:00:00,0
2024-12-20 13:00:00,0
2024-12-20 14:00:00,0
2024-12-20 15:00:00,0
2024-12-20 16:00:00,0
2024-12-20 17:00:00,0
2024-12-20 18:00:00,0
2024-12-20 19:00:00,0
2024-12-20 20:00:00,0
2024-12-20 21:00:00,0
2024-12-20 22:00:00,0
2024-12-20 23:00:00,0
2024-12-21 00:00:00,0
2024-12-21 01:00:00,0
2024-12-21 02:00:00,0
2024-12-21 03:00:00,0
2024-12-21 04:00:00,0
2024-12-21 05:00:00,0
2024-12-21 06:00:00,0
2024-12-21 07:00:00,0
2024-12-21 08:00:00,0
2024-12-21 09:00:00,0
2024-12-21 10:00:00,0
2024-12-21 11:00:00,0
2024-12-21 12:00:00,0
2024-12-21 13:00:00,0
2024-12-21 14:00:00,0
2024-12-21 15:00:00,0
2024-12-21 16:00:00,0
2024-12-21 17:00:00,0
2024-12-21 18:00:00,0
2024-12-21 19:00:00,0
2024-12-21 20:00:00,0
2024-12-21 21:00:00,0
2024-12-21 22:00:00,0
2024-12-21 23:00:00,0
2024-12-22 00:00:00,0
2024-12-22 01:00:00,0
2024-12-22 02:00:00,0
2024-12-22 03:00:00,0
2024-12-22 04:00:00,0
2024-12-22 05:00:00,0
2024-12-22 06:00:00,0
2024-12-22 07:00:00,0
2024-12-22 08:00:00,0
2024-12-22 09:00:00,0
2024-12-22 10:00:00,0
2024-12-22 11:00:00,0
2024-12-22 12:00:00,0
2024-12-22 13:00:00,0
2024-12-22 14:00:00,0
2024-12-22 15:00:00,0
2024-12-22 16:00:00,0
2024-12-22 17:00:00,0
2024-12-22 18:00:00,0
2024-12-22 19:00:00,0
2024-12-22 20:00:00,0
2024-12-22 21:00:00,0
2024-12-22 22:00:00,0
2024-12-22 23:00:00,0
2024-12-23 00:00:00,0
2024-12-23 01:00:00,0
2024-12-23 02:00:00,0
2024-12-23 03:00:00,0
2024-12-23 04:00:00,0
2024-12-23 05:00:00,0
2024-12-23 06:00:00,0
2024-12-23 07:00:00,0
2024-12-23 08:00:00,0
2024-12-23 09:00:00,0
2024-12-23 10:00:00,0
2024-12-23 11:00:00,0
2024-12-23 12:00:00,0
2024-12-23 13:00:00,0
2024-12-23 14:00:00,0
2024-12-23 15:00:00,0
2024-12-23 16:00:00,0
2024-12-23 17:00:00,0
2024-12-23 18:00:00,0
2024-12-23 19:00:00,0
2024-12-23 20:00:00,0
2024-12-23 21:00:00,0
2024-12-23 22:00:00,0
2024-12-23 23:00:00,0
2024-12-24 00:00:00,0
2024-12-24 01:00:00,0
2024-12-24 02:00:00,0
2024-12-24 03:00:00,0
2024-12-24 04:00:00,0
2024-12-24 05:00:00,0
2024-12-24 06:00:00,0
2024-12-24 07:00:00,0
2024-12-24 08:00:00,0
2024-12-24 09:00:00,0
2024-12-24 10:00:00,0
2024-12-24 11:00:00,0
2024-12-24 12:00:00,0
2024-12-24 13:00:00,0
2024-12-24 14:00:00,0
2024-12-24 15:00:00,0
2024-12-24 16:00:00,0
2024-12-24 17:00:00,0
2024-12-24 18:00:00,0
2024-12-24 19:00:00,0
2024-12-24 20:00:00,0
2024-12-24 21:00:00,0
2024-12-24 22:00:00,0
2024-12-24 23:00:00,0
2024-12-25 00:00:00,0
2024-12-25 01:00:00,0
2024-12-25 02:00:00,0
2024-12-25 03:00:00,0
2024-12-25 04:00:00,0
2024-12-25 05:00:00,0
2024-12-25 06:00:00,0
2024-12-25 07:00:00,0
2024-12-25 08:00:00,0
2024-12-25 09:00:00,0
2024-12-25 10:00:00,0
2024-12-25 11:00:00,0
2024-12-25 12:00:00,0
2024-12-25 13:00:00,0
2024-12-25 14:00:00,0
2024-12-25 15:00:00,0
2024-12-25 16:00:00,0
2024-12-25 17:00:00,0
2024-12-25 18:00:00,0
2024-12-25 19:00:00,0
2024-12-25 20:00:00,0
2024-12-25 21:00:00,0
2024-12-25 22:00:00,0
2024-12-25 23:00:00,0
2024-12-26 00:00:00,0
2024-12-26 01:00:00,0
2024-12-26 02:00:00,0
2024-12-26 03:00:00,0
2024-12-26 04:00:00,0
2024-12-26 05:00:00,0
2024-12-26 06:00:00,0
2024-12-26 07:00:00,0
2024-12-26 08:00:00,0
2024-12-26 09:00:00,0
2024-12-26 10:00:00,0
2024-12-26 11:00:00,0
2024-12-26 12:00:00,0
2024-12-26 13:00:00,0
2024-12-26 14:00:00,0
2024-12-26 15:00:00,0
2024-12-26 16:00:00,0
2024-12-26 17:00:00,0
2024-12-26 18:00:00,0
2024-12-26 19:00:00,0
2024-12-26 20:00:00,0
2024-12-26 21:00:00,0
2024-12-26 22:00:00,0
2024-12-26 23:00:00,0
2024-12-27 00:00:00,0
2024-12-27 01:00:00,5.119999885559082
2024-12-27 02:00:00,10.25
2024-12-27 03:00:00,15.369999885559082
2024-12-27 04:00:00,10.25
2024-12-27 05:00:00,5.119999885559082
2024-12-27 06:00:00,0
2024-12-27 07:00:00,1.0099999904632568
2024-12-27 08:00:00,2.0299999713897705
2024-12-27 09:00:00,3.0399999618530273
2024-12-27 10:00:00,7.590000152587891
2024-12-27 11:00:00,12.140000343322754
2024-12-27 12:00:00,16.690000534057617
2024-12-27 13:00:00,11.130000114440918
2024-12-27 14:00:00,5.559999942779541
2024-12-27 15:00:00,0
2024-12-27 16:00:00,0
2024-12-27 17:00:00,0
2024-12-27 18:00:00,0
2024-12-27 19:00:00,0
2024-12-27 20:00:00,0
2024-12-27 21:00:00,0
2024-12-27 22:00:00,0
2024-12-27 23:00:00,0
2024-12-28 00:00:00,0
2024-12-28 01:00:00,0
2024-12-28 02:00:00,0
2024-12-28 03:00:00,0
2024-12-28 04:00:00,0
2024-12-28 05:00:00,0
2024-12-28 06:00:00,0
2024-12-28 07:00:00,0
2024-12-28 08:00:00,0
2024-12-28 09:00:00,0
2024-12-28 10:00:00,0
2024-12-28 11:00:00,0
2024-12-28 12:00:00,0
2024-12-28 13:00:00,0
2024-12-28 14:00:00,0
2024-12-28 15:00:00,0
2024-12-28 16:00:00,0
2024-12-28 17:00:00,0
2024-12-28 18:00:00,0
2024-12-28 19:00:00,0
2024-12-28 20:00:00,0
2024-12-28 21:00:00,0
2024-12-28 22:00:00,0
2024-12-28 23:00:00,0
2024-12-29 00:00:00,0
2024-12-29 01:00:00,0
2024-12-29 02:00:00,0
2024-12-29 03:00:00,0
2024-12-29 04:00:00,0
2024-12-29 05:00:00,0
2024-12-29 06:00:00,0
2024-12-29 07:00:00,0
2024-12-29 08:00:00,0
2024-12-29 09:00:00,0
2024-12-29 10:00:00,0
2024-12-29 11:00:00,0
2024-12-29 12:00:00,0
2024-12-29 13:00:00,0
2024-12-29 14:00:00,0
2024-12-29 15:00:00,0
2024-12-29 16:00:00,0
2024-12-29 17:00:00,0
2024-12-29 18:00:00,0
2024-12-29 19:00:00,0
2024-12-29 20:00:00,0
2024-12-29 21:00:00,0
2024-12-29 22:00:00,0
2024-12-29 23:00:00,0
2024-12-30 00:00:00,0
2024-12-30 01:00:00,0
2024-12-30 02:00:00,0
2024-12-30 03:00:00,0
2024-12-30 04:00:00,0
2024-12-30 05:00:00,0
2024-12-30 06:00:00,0
2024-12-30 07:00:00,5.119999885559082
2024-12-30 08:00:00,10.25
2024-12-30 09:00:00,15.369999885559082
2024-12-30 10:00:00,15.550000190734863
2024-12-30 11:00:00,15.729999542236328
2024-12-30 12:00:00,15.899999618530272
2024-12-30 13:00:00,12.880000114440918
2024-12-30 14:00:00,9.850000381469728
2024-12-30 15:00:00,6.829999923706055
2024-12-30 16:00:00,8.75
2024-12-30 17:00:00,10.670000076293944
2024-12-30 18:00:00,12.59000015258789
2024-12-30 19:00:00,16.010000228881836
2024-12-30 20:00:00,19.440000534057617
2024-12-30 21:00:00,22.860000610351563
2024-12-30 22:00:00,19.530000686645508
2024-12-30 23:00:00,16.190000534057617
2024-12-31 00:00:00,12.859999656677246
2024-12-31 01:00:00,8.569999694824219
2024-12-31 02:00:00,4.289999961853027
2024-12-31 03:00:00,0
2024-12-31 04:00:00,0
2024-12-31 05:00:00,0
2024-12-31 06:00:00,0
2024-12-31 07:00:00,0
2024-12-31 08:00:00,0
2024-12-31 09:00:00,0
2024-12-31 10:00:00,0
2024-12-31 11:00:00,0
2024-12-31 12:00:00,0
2024-12-31 13:00:00,0
2024-12-31 14:00:00,0
2024-12-31 15:00:00,0
2024-12-31 16:00:00,0
2024-12-31 17:00:00,0
2024-12-31 18:00:00,0
2024-12-31 19:00:00,0
2024-12-31 20:00:00,0
2024-12-31 21:00:00,0
2024-12-31 22:00:00,2.119999885559082
2024-12-31 23:00:00,4.230000019073486
