dateTime,SWdown
2017-01-01T00:00:00Z,0
2017-01-01T01:00:00Z,0
2017-01-01T02:00:00Z,0
2017-01-01T03:00:00Z,0
2017-01-01T04:00:00Z,0
2017-01-01T05:00:00Z,0
2017-01-01T06:00:00Z,0
2017-01-01T07:00:00Z,0
2017-01-01T08:00:00Z,0
2017-01-01T09:00:00Z,0
2017-01-01T10:00:00Z,0
2017-01-01T11:00:00Z,0
2017-01-01T12:00:00Z,0
2017-01-01T13:00:00Z,0
2017-01-01T14:00:00Z,0
2017-01-01T15:00:00Z,79.63200378417969
2017-01-01T16:00:00Z,172.92800903320312
2017-01-01T17:00:00Z,236.12600708007812
2017-01-01T18:00:00Z,293.4800109863281
2017-01-01T19:00:00Z,283.26800537109375
2017-01-01T20:00:00Z,235.5690155029297
2017-01-01T21:00:00Z,120.08000946044922
2017-01-01T22:00:00Z,29.560001373291016
2017-01-01T23:00:00Z,0
2017-01-02T00:00:00Z,0
2017-01-02T01:00:00Z,0
2017-01-02T02:00:00Z,0
2017-01-02T03:00:00Z,0
2017-01-02T04:00:00Z,0
2017-01-02T05:00:00Z,0
2017-01-02T06:00:00Z,0
2017-01-02T07:00:00Z,0
2017-01-02T08:00:00Z,0
2017-01-02T09:00:00Z,0
2017-01-02T10:00:00Z,0
2017-01-02T11:00:00Z,0
2017-01-02T12:00:00Z,0
2017-01-02T13:00:00Z,0
2017-01-02T14:00:00Z,0
2017-01-02T15:00:00Z,68.22400665283203
2017-01-02T16:00:00Z,148.0800018310547
2017-01-02T17:00:00Z,202.27801513671875
2017-01-02T18:00:00Z,183.14801025390625
2017-01-02T19:00:00Z,176.97900390625
2017-01-02T20:00:00Z,147.489013671875
2017-01-02T21:00:00Z,99.64800262451172
2017-01-02T22:00:00Z,25.584001541137695
2017-01-02T23:00:00Z,0
2017-01-03T00:00:00Z,0
2017-01-03T01:00:00Z,0
2017-01-03T02:00:00Z,0
2017-01-03T03:00:00Z,0
2017-01-03T04:00:00Z,0
2017-01-03T05:00:00Z,0
2017-01-03T06:00:00Z,0
2017-01-03T07:00:00Z,0
2017-01-03T08:00:00Z,0
2017-01-03T09:00:00Z,0
2017-01-03T10:00:00Z,0
2017-01-03T11:00:00Z,0
2017-01-03T12:00:00Z,0
2017-01-03T13:00:00Z,0
2017-01-03T14:00:00Z,0
2017-01-03T15:00:00Z,54.448001861572266
2017-01-03T16:00:00Z,118.04800415039062
2017-01-03T17:00:00Z,161.2740020751953
2017-01-03T18:00:00Z,73.1050033569336
2017-01-03T19:00:00Z,70.73200225830078
2017-01-03T20:00:00Z,59.06900405883789
2017-01-03T21:00:00Z,42.320003509521484
2017-01-03T22:00:00Z,11.312000274658203
2017-01-03T23:00:00Z,0
2017-01-04T00:00:00Z,0
2017-01-04T01:00:00Z,0
2017-01-04T02:00:00Z,0
2017-01-04T03:00:00Z,0
2017-01-04T04:00:00Z,0
2017-01-04T05:00:00Z,0
2017-01-04T06:00:00Z,0
2017-01-04T07:00:00Z,0
2017-01-04T08:00:00Z,0
2017-01-04T09:00:00Z,0
2017-01-04T10:00:00Z,0
2017-01-04T11:00:00Z,0
2017-01-04T12:00:00Z,0
2017-01-04T13:00:00Z,0
2017-01-04T14:00:00Z,0
2017-01-04T15:00:00Z,59.256004333496094
2017-01-04T16:00:00Z,128.2239990234375
2017-01-04T17:00:00Z,175.19300842285156
2017-01-04T18:00:00Z,211.5900115966797
2017-01-04T19:00:00Z,204.9350128173828
2017-01-04T20:00:00Z,171.552001953125
2017-01-04T21:00:00Z,103.8080062866211
2017-01-04T22:00:00Z,28.8960018157959
2017-01-04T23:00:00Z,0
2017-01-05T00:00:00Z,0
2017-01-05T01:00:00Z,0
2017-01-05T02:00:00Z,0
2017-01-05T03:00:00Z,0
2017-01-05T04:00:00Z,0
2017-01-05T05:00:00Z,0
2017-01-05T06:00:00Z,0
2017-01-05T07:00:00Z,0
2017-01-05T08:00:00Z,0
2017-01-05T09:00:00Z,0
2017-01-05T10:00:00Z,0
2017-01-05T11:00:00Z,0
2017-01-05T12:00:00Z,0
2017-01-05T13:00:00Z,0
2017-01-05T14:00:00Z,0
2017-01-05T15:00:00Z,59.16800308227539
2017-01-05T16:00:00Z,127.69600677490234
2017-01-05T17:00:00Z,174.4440155029297
2017-01-05T18:00:00Z,206.510009765625
2017-01-05T19:00:00Z,200.23501586914062
2017-01-05T20:00:00Z,167.9860076904297
2017-01-05T21:00:00Z,93.07200622558594
2017-01-05T22:00:00Z,26.928001403808594
2017-01-05T23:00:00Z,0
2017-01-06T00:00:00Z,0
2017-01-06T01:00:00Z,0
2017-01-06T02:00:00Z,0
2017-01-06T03:00:00Z,0
2017-01-06T04:00:00Z,0
2017-01-06T05:00:00Z,0
2017-01-06T06:00:00Z,0
2017-01-06T07:00:00Z,0
2017-01-06T08:00:00Z,0
2017-01-06T09:00:00Z,0
2017-01-06T10:00:00Z,0
2017-01-06T11:00:00Z,0
2017-01-06T12:00:00Z,0
2017-01-06T13:00:00Z,0
2017-01-06T14:00:00Z,0
2017-01-06T15:00:00Z,49.53600311279297
2017-01-06T16:00:00Z,106.57600402832031
2017-01-06T17:00:00Z,145.54200744628906
2017-01-06T18:00:00Z,227.48301696777344
2017-01-06T19:00:00Z,220.8090057373047
2017-01-06T20:00:00Z,185.68101501464844
2017-01-06T21:00:00Z,104.60800170898438
2017-01-06T22:00:00Z,31.44000244140625
2017-01-06T23:00:00Z,0
2017-01-07T00:00:00Z,0
2017-01-07T01:00:00Z,0
2017-01-07T02:00:00Z,0
2017-01-07T03:00:00Z,0
2017-01-07T04:00:00Z,0
2017-01-07T05:00:00Z,0
2017-01-07T06:00:00Z,0
2017-01-07T07:00:00Z,0
2017-01-07T08:00:00Z,0
2017-01-07T09:00:00Z,0
2017-01-07T10:00:00Z,0
2017-01-07T11:00:00Z,0
2017-01-07T12:00:00Z,0
2017-01-07T13:00:00Z,0
2017-01-07T14:00:00Z,0
2017-01-07T15:00:00Z,64.86400604248047
2017-01-07T16:00:00Z,139.04000854492188
2017-01-07T17:00:00Z,189.7840118408203
2017-01-07T18:00:00Z,216.5760040283203
2017-01-07T19:00:00Z,210.45501708984375
2017-01-07T20:00:00Z,177.3730010986328
2017-01-07T21:00:00Z,99.376007080078125
2017-01-07T22:00:00Z,30.976001739501953
2017-01-07T23:00:00Z,0
2017-01-08T00:00:00Z,0
2017-01-08T01:00:00Z,0
2017-01-08T02:00:00Z,0
2017-01-08T03:00:00Z,0
2017-01-08T04:00:00Z,0
2017-01-08T05:00:00Z,0
2017-01-08T06:00:00Z,0
2017-01-08T07:00:00Z,0
2017-01-08T08:00:00Z,0
2017-01-08T09:00:00Z,0
2017-01-08T10:00:00Z,0
2017-01-08T11:00:00Z,0
2017-01-08T12:00:00Z,0
2017-01-08T13:00:00Z,0
2017-01-08T14:00:00Z,0
2017-01-08T15:00:00Z,82.00000762939453
2017-01-08T16:00:00Z,174.97601318359375
2017-01-08T17:00:00Z,238.67800903320312
2017-01-08T18:00:00Z,268.4410095214844
2017-01-08T19:00:00Z,261.135009765625
2017-01-08T20:00:00Z,220.59100341796875
2017-01-08T21:00:00Z,142.0800018310547
2017-01-08T22:00:00Z,45.87200164794922
2017-01-08T23:00:00Z,0
2017-01-09T00:00:00Z,0
2017-01-09T01:00:00Z,0
2017-01-09T02:00:00Z,0
2017-01-09T03:00:00Z,0
2017-01-09T04:00:00Z,0
2017-01-09T05:00:00Z,0
2017-01-09T06:00:00Z,0
2017-01-09T07:00:00Z,0
2017-01-09T08:00:00Z,0
2017-01-09T09:00:00Z,0
2017-01-09T10:00:00Z,0
2017-01-09T11:00:00Z,0
2017-01-09T12:00:00Z,0
2017-01-09T13:00:00Z,0
2017-01-09T14:00:00Z,0
2017-01-09T15:00:00Z,92.384002685546875
2017-01-09T16:00:00Z,196.14401245117188
2017-01-09T17:00:00Z,267.34600830078125
2017-01-09T18:00:00Z,298.9980163574219
2017-01-09T19:00:00Z,291.1780090332031
2017-01-09T20:00:00Z,246.5340118408203
2017-01-09T21:00:00Z,140.5760040283203
2017-01-09T22:00:00Z,46.97600173950195
2017-01-09T23:00:00Z,0
2017-01-10T00:00:00Z,0
2017-01-10T01:00:00Z,0
2017-01-10T02:00:00Z,0
2017-01-10T03:00:00Z,0
2017-01-10T04:00:00Z,0
2017-01-10T05:00:00Z,0
2017-01-10T06:00:00Z,0
2017-01-10T07:00:00Z,0
2017-01-10T08:00:00Z,0
2017-01-10T09:00:00Z,0
2017-01-10T10:00:00Z,0
2017-01-10T11:00:00Z,0
2017-01-10T12:00:00Z,0
2017-01-10T13:00:00Z,0
2017-01-10T14:00:00Z,0
2017-01-10T15:00:00Z,43.592002868652344
2017-01-10T16:00:00Z,92.0320053100586
2017-01-10T17:00:00Z,125.32400512695312
2017-01-10T18:00:00Z,171.57101440429688
2017-01-10T19:00:00Z,167.25201416015625
2017-01-10T20:00:00Z,141.9340057373047
2017-01-10T21:00:00Z,109.12000274658203
2017-01-10T22:00:00Z,37.68000030517578
2017-01-10T23:00:00Z,0
2017-01-11T00:00:00Z,0
2017-01-11T01:00:00Z,0
2017-01-11T02:00:00Z,0
2017-01-11T03:00:00Z,0
2017-01-11T04:00:00Z,0
2017-01-11T05:00:00Z,0
2017-01-11T06:00:00Z,0
2017-01-11T07:00:00Z,0
2017-01-11T08:00:00Z,0
2017-01-11T09:00:00Z,0
2017-01-11T10:00:00Z,0
2017-01-11T11:00:00Z,0
2017-01-11T12:00:00Z,0
2017-01-11T13:00:00Z,0
2017-01-11T14:00:00Z,0
2017-01-11T15:00:00Z,67.7280044555664
2017-01-11T16:00:00Z,142.14401245117188
2017-01-11T17:00:00Z,193.32901000976562
2017-01-11T18:00:00Z,256.89501953125
2017-01-11T19:00:00Z,250.67001342773438
2017-01-11T20:00:00Z,213.22201538085938
2017-01-11T21:00:00Z,144.41600036621094
2017-01-11T22:00:00Z,51.48800277709961
2017-01-11T23:00:00Z,0
2017-01-12T00:00:00Z,0
2017-01-12T01:00:00Z,0
2017-01-12T02:00:00Z,0
2017-01-12T03:00:00Z,0
2017-01-12T04:00:00Z,0
2017-01-12T05:00:00Z,0
2017-01-12T06:00:00Z,0
2017-01-12T07:00:00Z,0
2017-01-12T08:00:00Z,0
2017-01-12T09:00:00Z,0
2017-01-12T10:00:00Z,0
2017-01-12T11:00:00Z,0
2017-01-12T12:00:00Z,0
2017-01-12T13:00:00Z,0
2017-01-12T14:00:00Z,0
2017-01-12T15:00:00Z,77.36000061035156
2017-01-12T16:00:00Z,161.26400756835938
2017-01-12T17:00:00Z,219.07200622558594
2017-01-12T18:00:00Z,220.8100128173828
2017-01-12T19:00:00Z,215.6580047607422
2017-01-12T20:00:00Z,183.8620147705078
2017-01-12T21:00:00Z,93.53600311279297
2017-01-12T22:00:00Z,34.384002685546875
2017-01-12T23:00:00Z,0
2017-01-13T00:00:00Z,0
2017-01-13T01:00:00Z,0
2017-01-13T02:00:00Z,0
2017-01-13T03:00:00Z,0
2017-01-13T04:00:00Z,0
2017-01-13T05:00:00Z,0
2017-01-13T06:00:00Z,0
2017-01-13T07:00:00Z,0
2017-01-13T08:00:00Z,0
2017-01-13T09:00:00Z,0
2017-01-13T10:00:00Z,0
2017-01-13T11:00:00Z,0
2017-01-13T12:00:00Z,0
2017-01-13T13:00:00Z,0
2017-01-13T14:00:00Z,0
2017-01-13T15:00:00Z,102.94400787353516
2017-01-13T16:00:00Z,213.0880126953125
2017-01-13T17:00:00Z,289.08599853515625
2017-01-13T18:00:00Z,331.8440246582031
2017-01-13T19:00:00Z,324.4310302734375
2017-01-13T20:00:00Z,277.22802734375
2017-01-13T21:00:00Z,157.07200622558594
2017-01-13T22:00:00Z,59.47200393676758
2017-01-13T23:00:00Z,0
2017-01-14T00:00:00Z,0
2017-01-14T01:00:00Z,0
2017-01-14T02:00:00Z,0
2017-01-14T03:00:00Z,0
2017-01-14T04:00:00Z,0
2017-01-14T05:00:00Z,0
2017-01-14T06:00:00Z,0
2017-01-14T07:00:00Z,0
2017-01-14T08:00:00Z,0
2017-01-14T09:00:00Z,0
2017-01-14T10:00:00Z,0
2017-01-14T11:00:00Z,0
2017-01-14T12:00:00Z,0
2017-01-14T13:00:00Z,0
2017-01-14T14:00:00Z,0
2017-01-14T15:00:00Z,101.28800201416016
2017-01-14T16:00:00Z,208.1120147705078
2017-01-14T17:00:00Z,281.9200134277344
2017-01-14T18:00:00Z,327.91802978515625
2017-01-14T19:00:00Z,320.8940124511719
2017-01-14T20:00:00Z,274.83502197265625
2017-01-14T21:00:00Z,159.44000244140625
2017-01-14T22:00:00Z,62.112003326416016
2017-01-14T23:00:00Z,0
2017-01-15T00:00:00Z,0
2017-01-15T01:00:00Z,0
2017-01-15T02:00:00Z,0
2017-01-15T03:00:00Z,0
2017-01-15T04:00:00Z,0
2017-01-15T05:00:00Z,0
2017-01-15T06:00:00Z,0
2017-01-15T07:00:00Z,0
2017-01-15T08:00:00Z,0
2017-01-15T09:00:00Z,0
2017-01-15T10:00:00Z,0
2017-01-15T11:00:00Z,0
2017-01-15T12:00:00Z,0
2017-01-15T13:00:00Z,0
2017-01-15T14:00:00Z,0
2017-01-15T15:00:00Z,101.34400177001953
2017-01-15T16:00:00Z,206.60801696777344
2017-01-15T17:00:00Z,279.427001953125
2017-01-15T18:00:00Z,326.64801025390625
2017-01-15T19:00:00Z,319.93701171875
2017-01-15T20:00:00Z,274.6400146484375
2017-01-15T21:00:00Z,162.4320068359375
2017-01-15T22:00:00Z,65.02400207519531
2017-01-15T23:00:00Z,0
2017-01-16T00:00:00Z,0
2017-01-16T01:00:00Z,0
2017-01-16T02:00:00Z,0
2017-01-16T03:00:00Z,0
2017-01-16T04:00:00Z,0
2017-01-16T05:00:00Z,0
2017-01-16T06:00:00Z,0
2017-01-16T07:00:00Z,0
2017-01-16T08:00:00Z,0
2017-01-16T09:00:00Z,0
2017-01-16T10:00:00Z,0
2017-01-16T11:00:00Z,0
2017-01-16T12:00:00Z,0
2017-01-16T13:00:00Z,0
2017-01-16T14:00:00Z,0
2017-01-16T15:00:00Z,101.29600524902344
2017-01-16T16:00:00Z,204.8000030517578
2017-01-16T17:00:00Z,276.4880065917969
2017-01-16T18:00:00Z,323.0940246582031
2017-01-16T19:00:00Z,316.7190246582031
2017-01-16T20:00:00Z,272.48602294921875
2017-01-16T21:00:00Z,160.83200073242188
2017-01-16T22:00:00Z,66.09600067138672
2017-01-16T23:00:00Z,0
2017-01-17T00:00:00Z,0
2017-01-17T01:00:00Z,0
2017-01-17T02:00:00Z,0
2017-01-17T03:00:00Z,0
2017-01-17T04:00:00Z,0
2017-01-17T05:00:00Z,0
2017-01-17T06:00:00Z,0
2017-01-17T07:00:00Z,0
2017-01-17T08:00:00Z,0
2017-01-17T09:00:00Z,0
2017-01-17T10:00:00Z,0
2017-01-17T11:00:00Z,0
2017-01-17T12:00:00Z,0
2017-01-17T13:00:00Z,0
2017-01-17T14:00:00Z,0
2017-01-17T15:00:00Z,105.552001953125
2017-01-17T16:00:00Z,211.6160125732422
2017-01-17T17:00:00Z,285.1540222167969
2017-01-17T18:00:00Z,329.4940185546875
2017-01-17T19:00:00Z,323.260009765625
2017-01-17T20:00:00Z,278.7250061035156
2017-01-17T21:00:00Z,164.36801147460938
2017-01-17T22:00:00Z,69.2800064086914
2017-01-17T23:00:00Z,0
2017-01-18T00:00:00Z,0
2017-01-18T01:00:00Z,0
2017-01-18T02:00:00Z,0
2017-01-18T03:00:00Z,0
2017-01-18T04:00:00Z,0
2017-01-18T05:00:00Z,0
2017-01-18T06:00:00Z,0
2017-01-18T07:00:00Z,0
2017-01-18T08:00:00Z,0
2017-01-18T09:00:00Z,0
2017-01-18T10:00:00Z,0
2017-01-18T11:00:00Z,0
2017-01-18T12:00:00Z,0
2017-01-18T13:00:00Z,0
2017-01-18T14:00:00Z,0
2017-01-18T15:00:00Z,104.14400482177734
2017-01-18T16:00:00Z,206.9600067138672
2017-01-18T17:00:00Z,278.3420104980469
2017-01-18T18:00:00Z,321.1020202636719
2017-01-18T19:00:00Z,315.2760009765625
2017-01-18T20:00:00Z,272.43902587890625
2017-01-18T21:00:00Z,155.58401489257812
2017-01-18T22:00:00Z,67.18400573730469
2017-01-18T23:00:00Z,0
2017-01-19T00:00:00Z,0
2017-01-19T01:00:00Z,0
2017-01-19T02:00:00Z,0
2017-01-19T03:00:00Z,0
2017-01-19T04:00:00Z,0
2017-01-19T05:00:00Z,0
2017-01-19T06:00:00Z,0
2017-01-19T07:00:00Z,0
2017-01-19T08:00:00Z,0
2017-01-19T09:00:00Z,0
2017-01-19T10:00:00Z,0
2017-01-19T11:00:00Z,0
2017-01-19T12:00:00Z,0
2017-01-19T13:00:00Z,0
2017-01-19T14:00:00Z,0
2017-01-19T15:00:00Z,107.04000854492188
2017-01-19T16:00:00Z,210.81600952148438
2017-01-19T17:00:00Z,282.9410095214844
2017-01-19T18:00:00Z,331.60302734375
2017-01-19T19:00:00Z,325.8480224609375
2017-01-19T20:00:00Z,282.18402099609375
2017-01-19T21:00:00Z,165.6160125732422
2017-01-19T22:00:00Z,73.20000457763672
2017-01-19T23:00:00Z,0
2017-01-20T00:00:00Z,0
2017-01-20T01:00:00Z,0
2017-01-20T02:00:00Z,0
2017-01-20T03:00:00Z,0
2017-01-20T04:00:00Z,0
2017-01-20T05:00:00Z,0
2017-01-20T06:00:00Z,0
2017-01-20T07:00:00Z,0
2017-01-20T08:00:00Z,0
2017-01-20T09:00:00Z,0
2017-01-20T10:00:00Z,0
2017-01-20T11:00:00Z,0
2017-01-20T12:00:00Z,0
2017-01-20T13:00:00Z,0
2017-01-20T14:00:00Z,0
2017-01-20T15:00:00Z,71.07200622558594
2017-01-20T16:00:00Z,138.68800354003906
2017-01-20T17:00:00Z,185.74200439453125
2017-01-20T18:00:00Z,241.29200744628906
2017-01-20T19:00:00Z,237.2860107421875
2017-01-20T20:00:00Z,205.92001342773438
2017-01-20T21:00:00Z,142.41600036621094
2017-01-20T22:00:00Z,64.36800384521484
2017-01-20T23:00:00Z,0
2017-01-21T00:00:00Z,0
2017-01-21T01:00:00Z,0
2017-01-21T02:00:00Z,0
2017-01-21T03:00:00Z,0
2017-01-21T04:00:00Z,0
2017-01-21T05:00:00Z,0
2017-01-21T06:00:00Z,0
2017-01-21T07:00:00Z,0
2017-01-21T08:00:00Z,0
2017-01-21T09:00:00Z,0
2017-01-21T10:00:00Z,0
2017-01-21T11:00:00Z,0
2017-01-21T12:00:00Z,0
2017-01-21T13:00:00Z,0
2017-01-21T14:00:00Z,0
2017-01-21T15:00:00Z,45.60000228881836
2017-01-21T16:00:00Z,88.160003662109375
2017-01-21T17:00:00Z,117.79700469970703
2017-01-21T18:00:00Z,132.5590057373047
2017-01-21T19:00:00Z,130.4580078125
2017-01-21T20:00:00Z,113.4540023803711
2017-01-21T21:00:00Z,74.19200134277344
2017-01-21T22:00:00Z,34.25600051879883
2017-01-21T23:00:00Z,0
2017-01-22T00:00:00Z,0
2017-01-22T01:00:00Z,0
2017-01-22T02:00:00Z,0
2017-01-22T03:00:00Z,0
2017-01-22T04:00:00Z,0
2017-01-22T05:00:00Z,0
2017-01-22T06:00:00Z,0
2017-01-22T07:00:00Z,0
2017-01-22T08:00:00Z,0
2017-01-22T09:00:00Z,0
2017-01-22T10:00:00Z,0
2017-01-22T11:00:00Z,0
2017-01-22T12:00:00Z,0
2017-01-22T13:00:00Z,0
2017-01-22T14:00:00Z,0
2017-01-22T15:00:00Z,41.24800109863281
2017-01-22T16:00:00Z,79.00800323486328
2017-01-22T17:00:00Z,105.30500793457031
2017-01-22T18:00:00Z,109.37500762939453
2017-01-22T19:00:00Z,107.69800567626953
2017-01-22T20:00:00Z,93.8600082397461
2017-01-22T21:00:00Z,64.09600067138672
2017-01-22T22:00:00Z,30.224000930786133
2017-01-22T23:00:00Z,0
2017-01-23T00:00:00Z,0
2017-01-23T01:00:00Z,0
2017-01-23T02:00:00Z,0
2017-01-23T03:00:00Z,0
2017-01-23T04:00:00Z,0
2017-01-23T05:00:00Z,0
2017-01-23T06:00:00Z,0
2017-01-23T07:00:00Z,0
2017-01-23T08:00:00Z,0
2017-01-23T09:00:00Z,0
2017-01-23T10:00:00Z,0
2017-01-23T11:00:00Z,0
2017-01-23T12:00:00Z,0
2017-01-23T13:00:00Z,0
2017-01-23T14:00:00Z,0
2017-01-23T15:00:00Z,46.57600402832031
2017-01-23T16:00:00Z,88.33600616455078
2017-01-23T17:00:00Z,117.47400665283203
2017-01-23T18:00:00Z,122.02600860595703
2017-01-23T19:00:00Z,120.2340087890625
2017-01-23T20:00:00Z,104.99800872802734
2017-01-23T21:00:00Z,75.00800323486328
2017-01-23T22:00:00Z,36.064002990722656
2017-01-23T23:00:00Z,0
2017-01-24T00:00:00Z,0
2017-01-24T01:00:00Z,0
2017-01-24T02:00:00Z,0
2017-01-24T03:00:00Z,0
2017-01-24T04:00:00Z,0
2017-01-24T05:00:00Z,0
2017-01-24T06:00:00Z,0
2017-01-24T07:00:00Z,0
2017-01-24T08:00:00Z,0
2017-01-24T09:00:00Z,0
2017-01-24T10:00:00Z,0
2017-01-24T11:00:00Z,0
2017-01-24T12:00:00Z,0
2017-01-24T13:00:00Z,0
2017-01-24T14:00:00Z,0
2017-01-24T15:00:00Z,108.00000762939453
2017-01-24T16:00:00Z,202.84800720214844
2017-01-24T17:00:00Z,269.09002685546875
2017-01-24T18:00:00Z,298.2270202636719
2017-01-24T19:00:00Z,294.02801513671875
2017-01-24T20:00:00Z,257.2820129394531
2017-01-24T21:00:00Z,137.87200927734375
2017-01-24T22:00:00Z,67.56800079345703
2017-01-24T23:00:00Z,0
2017-01-25T00:00:00Z,0
2017-01-25T01:00:00Z,0
2017-01-25T02:00:00Z,0
2017-01-25T03:00:00Z,0
2017-01-25T04:00:00Z,0
2017-01-25T05:00:00Z,0
2017-01-25T06:00:00Z,0
2017-01-25T07:00:00Z,0
2017-01-25T08:00:00Z,0
2017-01-25T09:00:00Z,0
2017-01-25T10:00:00Z,0
2017-01-25T11:00:00Z,0
2017-01-25T12:00:00Z,0
2017-01-25T13:00:00Z,0
2017-01-25T14:00:00Z,0
2017-01-25T15:00:00Z,67.02400207519531
2017-01-25T16:00:00Z,124.67200469970703
2017-01-25T17:00:00Z,164.9610137939453
2017-01-25T18:00:00Z,184.62100219726562
2017-01-25T19:00:00Z,182.1370086669922
2017-01-25T20:00:00Z,159.6790008544922
2017-01-25T21:00:00Z,109.552001953125
2017-01-25T22:00:00Z,54.672000885009766
2017-01-25T23:00:00Z,0
2017-01-26T00:00:00Z,0
2017-01-26T01:00:00Z,0
2017-01-26T02:00:00Z,0
2017-01-26T03:00:00Z,0
2017-01-26T04:00:00Z,0
2017-01-26T05:00:00Z,0
2017-01-26T06:00:00Z,0
2017-01-26T07:00:00Z,0
2017-01-26T08:00:00Z,0
2017-01-26T09:00:00Z,0
2017-01-26T10:00:00Z,0
2017-01-26T11:00:00Z,0
2017-01-26T12:00:00Z,0
2017-01-26T13:00:00Z,0
2017-01-26T14:00:00Z,0
2017-01-26T15:00:00Z,68.64000701904297
2017-01-26T16:00:00Z,126.4320068359375
2017-01-26T17:00:00Z,166.87001037597656
2017-01-26T18:00:00Z,238.35301208496094
2017-01-26T19:00:00Z,235.26901245117188
2017-01-26T20:00:00Z,206.65501403808594
2017-01-26T21:00:00Z,148.656005859375
2017-01-26T22:00:00Z,75.5040054321289
2017-01-26T23:00:00Z,0
2017-01-27T00:00:00Z,0
2017-01-27T01:00:00Z,0
2017-01-27T02:00:00Z,0
2017-01-27T03:00:00Z,0
2017-01-27T04:00:00Z,0
2017-01-27T05:00:00Z,0
2017-01-27T06:00:00Z,0
2017-01-27T07:00:00Z,0
2017-01-27T08:00:00Z,0
2017-01-27T09:00:00Z,0
2017-01-27T10:00:00Z,0
2017-01-27T11:00:00Z,0
2017-01-27T12:00:00Z,0
2017-01-27T13:00:00Z,0
2017-01-27T14:00:00Z,0
2017-01-27T15:00:00Z,135.72801208496094
2017-01-27T16:00:00Z,247.56800842285156
2017-01-27T17:00:00Z,325.8500061035156
2017-01-27T18:00:00Z,375.69403076171875
2017-01-27T19:00:00Z,371.03302001953125
2017-01-27T20:00:00Z,326.5240173339844
2017-01-27T21:00:00Z,206.7200164794922
2017-01-27T22:00:00Z,106.76800537109375
2017-01-27T23:00:00Z,0
2017-01-28T00:00:00Z,0
2017-01-28T01:00:00Z,0
2017-01-28T02:00:00Z,0
2017-01-28T03:00:00Z,0
2017-01-28T04:00:00Z,0
2017-01-28T05:00:00Z,0
2017-01-28T06:00:00Z,0
2017-01-28T07:00:00Z,0
2017-01-28T08:00:00Z,0
2017-01-28T09:00:00Z,0
2017-01-28T10:00:00Z,0
2017-01-28T11:00:00Z,0
2017-01-28T12:00:00Z,0
2017-01-28T13:00:00Z,0
2017-01-28T14:00:00Z,0.7280000448226929
2017-01-28T15:00:00Z,142.11199951171875
2017-01-28T16:00:00Z,256.6719970703125
2017-01-28T17:00:00Z,336.93902587890625
2017-01-28T18:00:00Z,387.8160095214844
2017-01-28T19:00:00Z,383.1810302734375
2017-01-28T20:00:00Z,337.8290100097656
2017-01-28T21:00:00Z,219.3920135498047
2017-01-28T22:00:00Z,115.15200805664062
2017-01-28T23:00:00Z,0
2017-01-29T00:00:00Z,0
2017-01-29T01:00:00Z,0
2017-01-29T02:00:00Z,0
2017-01-29T03:00:00Z,0
2017-01-29T04:00:00Z,0
2017-01-29T05:00:00Z,0
2017-01-29T06:00:00Z,0
2017-01-29T07:00:00Z,0
2017-01-29T08:00:00Z,0
2017-01-29T09:00:00Z,0
2017-01-29T10:00:00Z,0
2017-01-29T11:00:00Z,0
2017-01-29T12:00:00Z,0
2017-01-29T13:00:00Z,0
2017-01-29T14:00:00Z,3.136000156402588
2017-01-29T15:00:00Z,148.99200439453125
2017-01-29T16:00:00Z,266.4800109863281
2017-01-29T17:00:00Z,348.8590087890625
2017-01-29T18:00:00Z,400.0650329589844
2017-01-29T19:00:00Z,395.46502685546875
2017-01-29T20:00:00Z,349.2850036621094
2017-01-29T21:00:00Z,230.1920166015625
2017-01-29T22:00:00Z,122.7040023803711
2017-01-29T23:00:00Z,0
2017-01-30T00:00:00Z,0
2017-01-30T01:00:00Z,0
2017-01-30T02:00:00Z,0
2017-01-30T03:00:00Z,0
2017-01-30T04:00:00Z,0
2017-01-30T05:00:00Z,0
2017-01-30T06:00:00Z,0
2017-01-30T07:00:00Z,0
2017-01-30T08:00:00Z,0
2017-01-30T09:00:00Z,0
2017-01-30T10:00:00Z,0
2017-01-30T11:00:00Z,0
2017-01-30T12:00:00Z,0
2017-01-30T13:00:00Z,0
2017-01-30T14:00:00Z,6.0960001945495605
2017-01-30T15:00:00Z,136.3360137939453
2017-01-30T16:00:00Z,241.50401306152344
2017-01-30T17:00:00Z,315.2840270996094
2017-01-30T18:00:00Z,352.343017578125
2017-01-30T19:00:00Z,348.4420166015625
2017-01-30T20:00:00Z,308.29901123046875
2017-01-30T21:00:00Z,223.80801391601562
2017-01-30T22:00:00Z,121.10400390625
2017-01-30T23:00:00Z,0
2017-01-31T00:00:00Z,0
2017-01-31T01:00:00Z,0
2017-01-31T02:00:00Z,0
2017-01-31T03:00:00Z,0
2017-01-31T04:00:00Z,0
2017-01-31T05:00:00Z,0
2017-01-31T06:00:00Z,0
2017-01-31T07:00:00Z,0
2017-01-31T08:00:00Z,0
2017-01-31T09:00:00Z,0
2017-01-31T10:00:00Z,0
2017-01-31T11:00:00Z,0
2017-01-31T12:00:00Z,0
2017-01-31T13:00:00Z,0
2017-01-31T14:00:00Z,3.0480000972747803
2017-01-31T15:00:00Z,46.992000579833984
2017-01-31T16:00:00Z,82.4320068359375
2017-01-31T17:00:00Z,107.3290023803711
2017-01-31T18:00:00Z,97.83000183105469
2017-01-31T19:00:00Z,96.7750015258789
2017-01-31T20:00:00Z,85.77400207519531
2017-01-31T21:00:00Z,65.1520004272461
2017-01-31T22:00:00Z,35.76000213623047
2017-01-31T23:00:00Z,0
2017-02-01T00:00:00Z,0
2017-02-01T01:00:00Z,0
2017-02-01T02:00:00Z,0
2017-02-01T03:00:00Z,0
2017-02-01T04:00:00Z,0
2017-02-01T05:00:00Z,0
2017-02-01T06:00:00Z,0
2017-02-01T07:00:00Z,0
2017-02-01T08:00:00Z,0
2017-02-01T09:00:00Z,0
2017-02-01T10:00:00Z,0
2017-02-01T11:00:00Z,0
2017-02-01T12:00:00Z,0
2017-02-01T13:00:00Z,0
2017-02-01T14:00:00Z,9.86400032043457
2017-02-01T15:00:00Z,143.88800048828125
2017-02-01T16:00:00Z,250.01600646972656
2017-02-01T17:00:00Z,340.6930236816406
2017-02-01T18:00:00Z,385.8240051269531
2017-02-01T19:00:00Z,373.4330139160156
2017-02-01T20:00:00Z,319.47802734375
2017-02-01T21:00:00Z,209.2360076904297
2017-02-01T22:00:00Z,116.4320068359375
2017-02-01T23:00:00Z,3.192000150680542
2017-02-02T00:00:00Z,0
2017-02-02T01:00:00Z,0
2017-02-02T02:00:00Z,0
2017-02-02T03:00:00Z,0
2017-02-02T04:00:00Z,0
2017-02-02T05:00:00Z,0
2017-02-02T06:00:00Z,0
2017-02-02T07:00:00Z,0
2017-02-02T08:00:00Z,0
2017-02-02T09:00:00Z,0
2017-02-02T10:00:00Z,0
2017-02-02T11:00:00Z,0
2017-02-02T12:00:00Z,0
2017-02-02T13:00:00Z,0
2017-02-02T14:00:00Z,12.440000534057617
2017-02-02T15:00:00Z,148.17601013183594
2017-02-02T16:00:00Z,255.04000854492188
2017-02-02T17:00:00Z,346.53302001953125
2017-02-02T18:00:00Z,407.4220275878906
2017-02-02T19:00:00Z,394.4610290527344
2017-02-02T20:00:00Z,338.0150146484375
2017-02-02T21:00:00Z,231.5650177001953
2017-02-02T22:00:00Z,130.5600128173828
2017-02-02T23:00:00Z,7.2960004806518555
2017-02-03T00:00:00Z,0
2017-02-03T01:00:00Z,0
2017-02-03T02:00:00Z,0
2017-02-03T03:00:00Z,0
2017-02-03T04:00:00Z,0
2017-02-03T05:00:00Z,0
2017-02-03T06:00:00Z,0
2017-02-03T07:00:00Z,0
2017-02-03T08:00:00Z,0
2017-02-03T09:00:00Z,0
2017-02-03T10:00:00Z,0
2017-02-03T11:00:00Z,0
2017-02-03T12:00:00Z,0
2017-02-03T13:00:00Z,0
2017-02-03T14:00:00Z,15.312000274658203
2017-02-03T15:00:00Z,142.94400024414062
2017-02-03T16:00:00Z,243.72801208496094
2017-02-03T17:00:00Z,330.218017578125
2017-02-03T18:00:00Z,356.2970275878906
2017-02-03T19:00:00Z,345.06500244140625
2017-02-03T20:00:00Z,296.1500244140625
2017-02-03T21:00:00Z,171.0690155029297
2017-02-03T22:00:00Z,97.68000793457031
2017-02-03T23:00:00Z,8.096000671386719
2017-02-04T00:00:00Z,0
2017-02-04T01:00:00Z,0
2017-02-04T02:00:00Z,0
2017-02-04T03:00:00Z,0
2017-02-04T04:00:00Z,0
2017-02-04T05:00:00Z,0
2017-02-04T06:00:00Z,0
2017-02-04T07:00:00Z,0
2017-02-04T08:00:00Z,0
2017-02-04T09:00:00Z,0
2017-02-04T10:00:00Z,0
2017-02-04T11:00:00Z,0
2017-02-04T12:00:00Z,0
2017-02-04T13:00:00Z,0
2017-02-04T14:00:00Z,18.352001190185547
2017-02-04T15:00:00Z,118.12800598144531
2017-02-04T16:00:00Z,199.552001953125
2017-02-04T17:00:00Z,269.5830078125
2017-02-04T18:00:00Z,235.42001342773438
2017-02-04T19:00:00Z,228.0690155029297
2017-02-04T20:00:00Z,196.04000854492188
2017-02-04T21:00:00Z,150.89700317382812
2017-02-04T22:00:00Z,87.21600341796875
2017-02-04T23:00:00Z,9.4720001220703125
2017-02-05T00:00:00Z,0
2017-02-05T01:00:00Z,0
2017-02-05T02:00:00Z,0
2017-02-05T03:00:00Z,0
2017-02-05T04:00:00Z,0
2017-02-05T05:00:00Z,0
2017-02-05T06:00:00Z,0
2017-02-05T07:00:00Z,0
2017-02-05T08:00:00Z,0
2017-02-05T09:00:00Z,0
2017-02-05T10:00:00Z,0
2017-02-05T11:00:00Z,0
2017-02-05T12:00:00Z,0
2017-02-05T13:00:00Z,0
2017-02-05T14:00:00Z,20.80000114440918
2017-02-05T15:00:00Z,147.5360107421875
2017-02-05T16:00:00Z,246.9440155029297
2017-02-05T17:00:00Z,332.6470031738281
2017-02-05T18:00:00Z,370.37103271484375
2017-02-05T19:00:00Z,358.8780212402344
2017-02-05T20:00:00Z,308.94000244140625
2017-02-05T21:00:00Z,213.8610076904297
2017-02-05T22:00:00Z,125.07200622558594
2017-02-05T23:00:00Z,16.631999969482422
2017-02-06T00:00:00Z,0
2017-02-06T01:00:00Z,0
2017-02-06T02:00:00Z,0
2017-02-06T03:00:00Z,0
2017-02-06T04:00:00Z,0
2017-02-06T05:00:00Z,0
2017-02-06T06:00:00Z,0
2017-02-06T07:00:00Z,0
2017-02-06T08:00:00Z,0
2017-02-06T09:00:00Z,0
2017-02-06T10:00:00Z,0
2017-02-06T11:00:00Z,0
2017-02-06T12:00:00Z,0
2017-02-06T13:00:00Z,0
2017-02-06T14:00:00Z,17.288000106811523
2017-02-06T15:00:00Z,70.41600036621094
2017-02-06T16:00:00Z,116.80000305175781
2017-02-06T17:00:00Z,156.8730010986328
2017-02-06T18:00:00Z,331.9980163574219
2017-02-06T19:00:00Z,321.7750244140625
2017-02-06T20:00:00Z,277.4000244140625
2017-02-06T21:00:00Z,209.59701538085938
2017-02-06T22:00:00Z,123.96800231933594
2017-02-06T23:00:00Z,19.360000610351562
2017-02-07T00:00:00Z,0
2017-02-07T01:00:00Z,0
2017-02-07T02:00:00Z,0
2017-02-07T03:00:00Z,0
2017-02-07T04:00:00Z,0
2017-02-07T05:00:00Z,0
2017-02-07T06:00:00Z,0
2017-02-07T07:00:00Z,0
2017-02-07T08:00:00Z,0
2017-02-07T09:00:00Z,0
2017-02-07T10:00:00Z,0
2017-02-07T11:00:00Z,0
2017-02-07T12:00:00Z,0
2017-02-07T13:00:00Z,0
2017-02-07T14:00:00Z,8.576000213623047
2017-02-07T15:00:00Z,109.60000610351562
2017-02-07T16:00:00Z,180.19200134277344
2017-02-07T17:00:00Z,241.31600952148438
2017-02-07T18:00:00Z,173.32101440429688
2017-02-07T19:00:00Z,168.0170135498047
2017-02-07T20:00:00Z,145.0570068359375
2017-02-07T21:00:00Z,181.29000854492188
2017-02-07T22:00:00Z,108.38400268554688
2017-02-07T23:00:00Z,19.32000160217285
2017-02-08T00:00:00Z,0
2017-02-08T01:00:00Z,0
2017-02-08T02:00:00Z,0
2017-02-08T03:00:00Z,0
2017-02-08T04:00:00Z,0
2017-02-08T05:00:00Z,0
2017-02-08T06:00:00Z,0
2017-02-08T07:00:00Z,0
2017-02-08T08:00:00Z,0
2017-02-08T09:00:00Z,0
2017-02-08T10:00:00Z,0
2017-02-08T11:00:00Z,0
2017-02-08T12:00:00Z,0
2017-02-08T13:00:00Z,0
2017-02-08T14:00:00Z,27.200000762939453
2017-02-08T15:00:00Z,141.552001953125
2017-02-08T16:00:00Z,230.67901611328125
2017-02-08T17:00:00Z,308.030029296875
2017-02-08T18:00:00Z,393.39300537109375
2017-02-08T19:00:00Z,381.3970031738281
2017-02-08T20:00:00Z,329.7200012207031
2017-02-08T21:00:00Z,245.15200805664062
2017-02-08T22:00:00Z,148.11199951171875
2017-02-08T23:00:00Z,29.512001037597656
2017-02-09T00:00:00Z,0
2017-02-09T01:00:00Z,0
2017-02-09T02:00:00Z,0
2017-02-09T03:00:00Z,0
2017-02-09T04:00:00Z,0
2017-02-09T05:00:00Z,0
2017-02-09T06:00:00Z,0
2017-02-09T07:00:00Z,0
2017-02-09T08:00:00Z,0
2017-02-09T09:00:00Z,0
2017-02-09T10:00:00Z,0
2017-02-09T11:00:00Z,0
2017-02-09T12:00:00Z,0
2017-02-09T13:00:00Z,0
2017-02-09T14:00:00Z,34.07200241088867
2017-02-09T15:00:00Z,175.3920135498047
2017-02-09T16:00:00Z,283.36602783203125
2017-02-09T17:00:00Z,377.3020324707031
2017-02-09T18:00:00Z,437.32403564453125
2017-02-09T19:00:00Z,424.0460205078125
2017-02-09T20:00:00Z,367.0610046386719
2017-02-09T21:00:00Z,262.9980163574219
2017-02-09T22:00:00Z,160.49600219726562
2017-02-09T23:00:00Z,35.20000076293945
2017-02-10T00:00:00Z,0
2017-02-10T01:00:00Z,0
2017-02-10T02:00:00Z,0
2017-02-10T03:00:00Z,0
2017-02-10T04:00:00Z,0
2017-02-10T05:00:00Z,0
2017-02-10T06:00:00Z,0
2017-02-10T07:00:00Z,0
2017-02-10T08:00:00Z,0
2017-02-10T09:00:00Z,0
2017-02-10T10:00:00Z,0
2017-02-10T11:00:00Z,0
2017-02-10T12:00:00Z,0
2017-02-10T13:00:00Z,0
2017-02-10T14:00:00Z,16.00800132751465
2017-02-10T15:00:00Z,46.272003173828125
2017-02-10T16:00:00Z,74.12800598144531
2017-02-10T17:00:00Z,98.41700744628906
2017-02-10T18:00:00Z,151.1630096435547
2017-02-10T19:00:00Z,146.59800720214844
2017-02-10T20:00:00Z,127.05200958251953
2017-02-10T21:00:00Z,168.1800079345703
2017-02-10T22:00:00Z,103.63200378417969
2017-02-10T23:00:00Z,24.71200180053711
2017-02-11T00:00:00Z,0
2017-02-11T01:00:00Z,0
2017-02-11T02:00:00Z,0
2017-02-11T03:00:00Z,0
2017-02-11T04:00:00Z,0
2017-02-11T05:00:00Z,0
2017-02-11T06:00:00Z,0
2017-02-11T07:00:00Z,0
2017-02-11T08:00:00Z,0
2017-02-11T09:00:00Z,0
2017-02-11T10:00:00Z,0
2017-02-11T11:00:00Z,0
2017-02-11T12:00:00Z,0
2017-02-11T13:00:00Z,0
2017-02-11T14:00:00Z,34.496002197265625
2017-02-11T15:00:00Z,141.7760009765625
2017-02-11T16:00:00Z,225.2130126953125
2017-02-11T17:00:00Z,298.1490173339844
2017-02-11T18:00:00Z,333.7250061035156
2017-02-11T19:00:00Z,323.6670227050781
2017-02-11T20:00:00Z,280.8800048828125
2017-02-11T21:00:00Z,235.1380157470703
2017-02-11T22:00:00Z,146.22401428222656
2017-02-11T23:00:00Z,37.53600311279297
2017-02-12T00:00:00Z,0
2017-02-12T01:00:00Z,0
2017-02-12T02:00:00Z,0
2017-02-12T03:00:00Z,0
2017-02-12T04:00:00Z,0
2017-02-12T05:00:00Z,0
2017-02-12T06:00:00Z,0
2017-02-12T07:00:00Z,0
2017-02-12T08:00:00Z,0
2017-02-12T09:00:00Z,0
2017-02-12T10:00:00Z,0
2017-02-12T11:00:00Z,0
2017-02-12T12:00:00Z,0
2017-02-12T13:00:00Z,0
2017-02-12T14:00:00Z,43.97600173950195
2017-02-12T15:00:00Z,186.8000030517578
2017-02-12T16:00:00Z,294.3420104980469
2017-02-12T17:00:00Z,388.5290222167969
2017-02-12T18:00:00Z,447.06103515625
2017-02-12T19:00:00Z,433.6310119628906
2017-02-12T20:00:00Z,376.74603271484375
2017-02-12T21:00:00Z,270.4430236816406
2017-02-12T22:00:00Z,169.69601440429688
2017-02-12T23:00:00Z,46.512001037597656
2017-02-13T00:00:00Z,0
2017-02-13T01:00:00Z,0
2017-02-13T02:00:00Z,0
2017-02-13T03:00:00Z,0
2017-02-13T04:00:00Z,0
2017-02-13T05:00:00Z,0
2017-02-13T06:00:00Z,0
2017-02-13T07:00:00Z,0
2017-02-13T08:00:00Z,0
2017-02-13T09:00:00Z,0
2017-02-13T10:00:00Z,0
2017-02-13T11:00:00Z,0
2017-02-13T12:00:00Z,0
2017-02-13T13:00:00Z,0
2017-02-13T14:00:00Z,51.96800231933594
2017-02-13T15:00:00Z,183.8400115966797
2017-02-13T16:00:00Z,287.34600830078125
2017-02-13T17:00:00Z,378.2030029296875
2017-02-13T18:00:00Z,390.9010314941406
2017-02-13T19:00:00Z,379.16302490234375
2017-02-13T20:00:00Z,329.8100280761719
2017-02-13T21:00:00Z,191.13101196289062
2017-02-13T22:00:00Z,120.96000671386719
2017-02-13T23:00:00Z,35.16800308227539
2017-02-14T00:00:00Z,0
2017-02-14T01:00:00Z,0
2017-02-14T02:00:00Z,0
2017-02-14T03:00:00Z,0
2017-02-14T04:00:00Z,0
2017-02-14T05:00:00Z,0
2017-02-14T06:00:00Z,0
2017-02-14T07:00:00Z,0
2017-02-14T08:00:00Z,0
2017-02-14T09:00:00Z,0
2017-02-14T10:00:00Z,0
2017-02-14T11:00:00Z,0
2017-02-14T12:00:00Z,0
2017-02-14T13:00:00Z,0
2017-02-14T14:00:00Z,51.69600296020508
2017-02-14T15:00:00Z,179.36001586914062
2017-02-14T16:00:00Z,278.1410217285156
2017-02-14T17:00:00Z,365.0530090332031
2017-02-14T18:00:00Z,353.1800231933594
2017-02-14T19:00:00Z,342.5730285644531
2017-02-14T20:00:00Z,298.3260192871094
2017-02-14T21:00:00Z,208.59800720214844
2017-02-14T22:00:00Z,133.10400390625
2017-02-14T23:00:00Z,40.832000732421875
2017-02-15T00:00:00Z,0
2017-02-15T01:00:00Z,0
2017-02-15T02:00:00Z,0
2017-02-15T03:00:00Z,0
2017-02-15T04:00:00Z,0
2017-02-15T05:00:00Z,0
2017-02-15T06:00:00Z,0
2017-02-15T07:00:00Z,0
2017-02-15T08:00:00Z,0
2017-02-15T09:00:00Z,0
2017-02-15T10:00:00Z,0
2017-02-15T11:00:00Z,0
2017-02-15T12:00:00Z,0
2017-02-15T13:00:00Z,0
2017-02-15T14:00:00Z,18.720001220703125
2017-02-15T15:00:00Z,57.48800277709961
2017-02-15T16:00:00Z,88.45500183105469
2017-02-15T17:00:00Z,115.76400756835938
2017-02-15T18:00:00Z,199.36001586914062
2017-02-15T19:00:00Z,193.37100219726562
2017-02-15T20:00:00Z,168.58401489257812
2017-02-15T21:00:00Z,209.67800903320312
2017-02-15T22:00:00Z,134.8800048828125
2017-02-15T23:00:00Z,43.42400360107422
2017-02-16T00:00:00Z,0
2017-02-16T01:00:00Z,0
2017-02-16T02:00:00Z,0
2017-02-16T03:00:00Z,0
2017-02-16T04:00:00Z,0
2017-02-16T05:00:00Z,0
2017-02-16T06:00:00Z,0
2017-02-16T07:00:00Z,0
2017-02-16T08:00:00Z,0
2017-02-16T09:00:00Z,0
2017-02-16T10:00:00Z,0
2017-02-16T11:00:00Z,0
2017-02-16T12:00:00Z,0
2017-02-16T13:00:00Z,0
2017-02-16T14:00:00Z,34.12800216674805
2017-02-16T15:00:00Z,166.44801330566406
2017-02-16T16:00:00Z,254.20401000976562
2017-02-16T17:00:00Z,331.7440185546875
2017-02-16T18:00:00Z,452.39501953125
2017-02-16T19:00:00Z,438.8180236816406
2017-02-16T20:00:00Z,382.9510192871094
2017-02-16T21:00:00Z,285.0060119628906
2017-02-16T22:00:00Z,184.7360076904297
2017-02-16T23:00:00Z,62.176002502441406
2017-02-17T00:00:00Z,0
2017-02-17T01:00:00Z,0
2017-02-17T02:00:00Z,0
2017-02-17T03:00:00Z,0
2017-02-17T04:00:00Z,0
2017-02-17T05:00:00Z,0
2017-02-17T06:00:00Z,0
2017-02-17T07:00:00Z,0
2017-02-17T08:00:00Z,0
2017-02-17T09:00:00Z,0
2017-02-17T10:00:00Z,0
2017-02-17T11:00:00Z,0
2017-02-17T12:00:00Z,0
2017-02-17T13:00:00Z,0
2017-02-17T14:00:00Z,58.75200271606445
2017-02-17T15:00:00Z,199.31201171875
2017-02-17T16:00:00Z,302.1330261230469
2017-02-17T17:00:00Z,393.2020263671875
2017-02-17T18:00:00Z,451.0760192871094
2017-02-17T19:00:00Z,437.5240173339844
2017-02-17T20:00:00Z,382.18902587890625
2017-02-17T21:00:00Z,277.43402099609375
2017-02-17T22:00:00Z,181.1680145263672
2017-02-17T23:00:00Z,63.496002197265625
2017-02-18T00:00:00Z,0
2017-02-18T01:00:00Z,0
2017-02-18T02:00:00Z,0
2017-02-18T03:00:00Z,0
2017-02-18T04:00:00Z,0
2017-02-18T05:00:00Z,0
2017-02-18T06:00:00Z,0
2017-02-18T07:00:00Z,0
2017-02-18T08:00:00Z,0
2017-02-18T09:00:00Z,0
2017-02-18T10:00:00Z,0
2017-02-18T11:00:00Z,0
2017-02-18T12:00:00Z,0
2017-02-18T13:00:00Z,0
2017-02-18T14:00:00Z,65.45600128173828
2017-02-18T15:00:00Z,209.1680145263672
2017-02-18T16:00:00Z,314.7710266113281
2017-02-18T17:00:00Z,408.5060119628906
2017-02-18T18:00:00Z,465.197021484375
2017-02-18T19:00:00Z,451.21502685546875
2017-02-18T20:00:00Z,394.5350036621094
2017-02-18T21:00:00Z,289.9640197753906
2017-02-18T22:00:00Z,190.70401000976562
2017-02-18T23:00:00Z,69.39200592041016
2017-02-19T00:00:00Z,0
2017-02-19T01:00:00Z,0
2017-02-19T02:00:00Z,0
2017-02-19T03:00:00Z,0
2017-02-19T04:00:00Z,0
2017-02-19T05:00:00Z,0
2017-02-19T06:00:00Z,0
2017-02-19T07:00:00Z,0
2017-02-19T08:00:00Z,0
2017-02-19T09:00:00Z,0
2017-02-19T10:00:00Z,0
2017-02-19T11:00:00Z,0
2017-02-19T12:00:00Z,0
2017-02-19T13:00:00Z,0
2017-02-19T14:00:00Z,69.67200469970703
2017-02-19T15:00:00Z,204.00001525878906
2017-02-19T16:00:00Z,304.8270263671875
2017-02-19T17:00:00Z,394.5320129394531
2017-02-19T18:00:00Z,382.95001220703125
2017-02-19T19:00:00Z,371.39801025390625
2017-02-19T20:00:00Z,325.0500183105469
2017-02-19T21:00:00Z,222.21600341796875
2017-02-19T22:00:00Z,147.15200805664062
2017-02-19T23:00:00Z,55.432003021240234
2017-02-20T00:00:00Z,0
2017-02-20T01:00:00Z,0
2017-02-20T02:00:00Z,0
2017-02-20T03:00:00Z,0
2017-02-20T04:00:00Z,0
2017-02-20T05:00:00Z,0
2017-02-20T06:00:00Z,0
2017-02-20T07:00:00Z,0
2017-02-20T08:00:00Z,0
2017-02-20T09:00:00Z,0
2017-02-20T10:00:00Z,0
2017-02-20T11:00:00Z,0
2017-02-20T12:00:00Z,0
2017-02-20T13:00:00Z,0
2017-02-20T14:00:00Z,55.90400314331055
2017-02-20T15:00:00Z,152.0640106201172
2017-02-20T16:00:00Z,225.64601135253906
2017-02-20T17:00:00Z,291.25201416015625
2017-02-20T18:00:00Z,267.0740051269531
2017-02-20T19:00:00Z,259.010009765625
2017-02-20T20:00:00Z,226.89500427246094
2017-02-20T21:00:00Z,135.2239990234375
2017-02-20T22:00:00Z,90.14400482177734
2017-02-20T23:00:00Z,35.07200241088867
2017-02-21T00:00:00Z,0
2017-02-21T01:00:00Z,0
2017-02-21T02:00:00Z,0
2017-02-21T03:00:00Z,0
2017-02-21T04:00:00Z,0
2017-02-21T05:00:00Z,0
2017-02-21T06:00:00Z,0
2017-02-21T07:00:00Z,0
2017-02-21T08:00:00Z,0
2017-02-21T09:00:00Z,0
2017-02-21T10:00:00Z,0
2017-02-21T11:00:00Z,0
2017-02-21T12:00:00Z,0
2017-02-21T13:00:00Z,0
2017-02-21T14:00:00Z,78.75200653076172
2017-02-21T15:00:00Z,158.76800537109375
2017-02-21T16:00:00Z,233.9840087890625
2017-02-21T17:00:00Z,301.2040100097656
2017-02-21T18:00:00Z,391.22601318359375
2017-02-21T19:00:00Z,379.36700439453125
2017-02-21T20:00:00Z,332.6100158691406
2017-02-21T21:00:00Z,296.3780212402344
2017-02-21T22:00:00Z,198.84800720214844
2017-02-21T23:00:00Z,79.69600677490234
2017-02-22T00:00:00Z,0
2017-02-22T01:00:00Z,0
2017-02-22T02:00:00Z,0
2017-02-22T03:00:00Z,0
2017-02-22T04:00:00Z,0
2017-02-22T05:00:00Z,0
2017-02-22T06:00:00Z,0
2017-02-22T07:00:00Z,0
2017-02-22T08:00:00Z,0
2017-02-22T09:00:00Z,0
2017-02-22T10:00:00Z,0
2017-02-22T11:00:00Z,0
2017-02-22T12:00:00Z,0
2017-02-22T13:00:00Z,0
2017-02-22T14:00:00Z,84.54400634765625
2017-02-22T15:00:00Z,221.6800079345703
2017-02-22T16:00:00Z,324.5250244140625
2017-02-22T17:00:00Z,416.6500244140625
2017-02-22T18:00:00Z,477.2010192871094
2017-02-22T19:00:00Z,462.6710205078125
2017-02-22T20:00:00Z,405.99603271484375
2017-02-22T21:00:00Z,313.9990234375
2017-02-22T22:00:00Z,211.9840087890625
2017-02-22T23:00:00Z,87.36000061035156
2017-02-23T00:00:00Z,0
2017-02-23T01:00:00Z,0
2017-02-23T02:00:00Z,0
2017-02-23T03:00:00Z,0
2017-02-23T04:00:00Z,0
2017-02-23T05:00:00Z,0
2017-02-23T06:00:00Z,0
2017-02-23T07:00:00Z,0
2017-02-23T08:00:00Z,0
2017-02-23T09:00:00Z,0
2017-02-23T10:00:00Z,0
2017-02-23T11:00:00Z,0
2017-02-23T12:00:00Z,0
2017-02-23T13:00:00Z,0
2017-02-23T14:00:00Z,85.88800048828125
2017-02-23T15:00:00Z,209.15200805664062
2017-02-23T16:00:00Z,304.1860046386719
2017-02-23T17:00:00Z,389.510009765625
2017-02-23T18:00:00Z,408.2170104980469
2017-02-23T19:00:00Z,395.7440185546875
2017-02-23T20:00:00Z,347.5340270996094
2017-02-23T21:00:00Z,264.9230041503906
2017-02-23T22:00:00Z,179.93600463867188
2017-02-23T23:00:00Z,76.11200714111328
2017-02-24T00:00:00Z,0
2017-02-24T01:00:00Z,0
2017-02-24T02:00:00Z,0
2017-02-24T03:00:00Z,0
2017-02-24T04:00:00Z,0
2017-02-24T05:00:00Z,0
2017-02-24T06:00:00Z,0
2017-02-24T07:00:00Z,0
2017-02-24T08:00:00Z,0
2017-02-24T09:00:00Z,0
2017-02-24T10:00:00Z,0
2017-02-24T11:00:00Z,0
2017-02-24T12:00:00Z,0
2017-02-24T13:00:00Z,0
2017-02-24T14:00:00Z,74.11200714111328
2017-02-24T15:00:00Z,157.552001953125
2017-02-24T16:00:00Z,227.6800079345703
2017-02-24T17:00:00Z,290.78302001953125
2017-02-24T18:00:00Z,321.1960144042969
2017-02-24T19:00:00Z,311.3320007324219
2017-02-24T20:00:00Z,273.6240234375
2017-02-24T21:00:00Z,187.77101135253906
2017-02-24T22:00:00Z,128.27200317382812
2017-02-24T23:00:00Z,55.60000228881836
2017-02-25T00:00:00Z,0
2017-02-25T01:00:00Z,0
2017-02-25T02:00:00Z,0
2017-02-25T03:00:00Z,0
2017-02-25T04:00:00Z,0
2017-02-25T05:00:00Z,0
2017-02-25T06:00:00Z,0
2017-02-25T07:00:00Z,0
2017-02-25T08:00:00Z,0
2017-02-25T09:00:00Z,0
2017-02-25T10:00:00Z,0
2017-02-25T11:00:00Z,0
2017-02-25T12:00:00Z,0
2017-02-25T13:00:00Z,0
2017-02-25T14:00:00Z,101.47200775146484
2017-02-25T15:00:00Z,245.64801025390625
2017-02-25T16:00:00Z,352.7960205078125
2017-02-25T17:00:00Z,449.39801025390625
2017-02-25T18:00:00Z,420.1770324707031
2017-02-25T19:00:00Z,407.20703125
2017-02-25T20:00:00Z,358.1570129394531
2017-02-25T21:00:00Z,240.5050048828125
2017-02-25T22:00:00Z,165.21600341796875
2017-02-25T23:00:00Z,73.2800064086914
2017-02-26T00:00:00Z,0
2017-02-26T01:00:00Z,0
2017-02-26T02:00:00Z,0
2017-02-26T03:00:00Z,0
2017-02-26T04:00:00Z,0
2017-02-26T05:00:00Z,0
2017-02-26T06:00:00Z,0
2017-02-26T07:00:00Z,0
2017-02-26T08:00:00Z,0
2017-02-26T09:00:00Z,0
2017-02-26T10:00:00Z,0
2017-02-26T11:00:00Z,0
2017-02-26T12:00:00Z,0
2017-02-26T13:00:00Z,0
2017-02-26T14:00:00Z,62.99200439453125
2017-02-26T15:00:00Z,142.40000915527344
2017-02-26T16:00:00Z,203.25401306152344
2017-02-26T17:00:00Z,258.2669982910156
2017-02-26T18:00:00Z,316.7020263671875
2017-02-26T19:00:00Z,306.8700256347656
2017-02-26T20:00:00Z,270.09600830078125
2017-02-26T21:00:00Z,227.2460174560547
2017-02-26T22:00:00Z,156.94400024414062
2017-02-26T23:00:00Z,71.13600158691406
2017-02-27T00:00:00Z,0
2017-02-27T01:00:00Z,0
2017-02-27T02:00:00Z,0
2017-02-27T03:00:00Z,0
2017-02-27T04:00:00Z,0
2017-02-27T05:00:00Z,0
2017-02-27T06:00:00Z,0
2017-02-27T07:00:00Z,0
2017-02-27T08:00:00Z,0
2017-02-27T09:00:00Z,0
2017-02-27T10:00:00Z,0
2017-02-27T11:00:00Z,0
2017-02-27T12:00:00Z,0
2017-02-27T13:00:00Z,0
2017-02-27T14:00:00Z,80.0320053100586
2017-02-27T15:00:00Z,172.32000732421875
2017-02-27T16:00:00Z,244.51901245117188
2017-02-27T17:00:00Z,309.8940124511719
2017-02-27T18:00:00Z,355.8760070800781
2017-02-27T19:00:00Z,344.7590026855469
2017-02-27T20:00:00Z,303.6650085449219
2017-02-27T21:00:00Z,271.3320007324219
2017-02-27T22:00:00Z,188.38400268554688
2017-02-27T23:00:00Z,87.13600158691406
2017-02-28T00:00:00Z,0
2017-02-28T01:00:00Z,0
2017-02-28T02:00:00Z,0
2017-02-28T03:00:00Z,0
2017-02-28T04:00:00Z,0
2017-02-28T05:00:00Z,0
2017-02-28T06:00:00Z,0
2017-02-28T07:00:00Z,0
2017-02-28T08:00:00Z,0
2017-02-28T09:00:00Z,0
2017-02-28T10:00:00Z,0
2017-02-28T11:00:00Z,0
2017-02-28T12:00:00Z,0
2017-02-28T13:00:00Z,0
2017-02-28T14:00:00Z,96.74400329589844
2017-02-28T15:00:00Z,263.552001953125
2017-02-28T16:00:00Z,371.7890319824219
2017-02-28T17:00:00Z,470.041015625
2017-02-28T18:00:00Z,538.947998046875
2017-02-28T19:00:00Z,522.02301025390625
2017-02-28T20:00:00Z,460.0990295410156
2017-02-28T21:00:00Z,352.468017578125
2017-02-28T22:00:00Z,245.93600463867188
2017-02-28T23:00:00Z,115.9840087890625
2017-03-01T00:00:00Z,0
2017-03-01T01:00:00Z,0
2017-03-01T02:00:00Z,0
2017-03-01T03:00:00Z,0
2017-03-01T04:00:00Z,0
2017-03-01T05:00:00Z,0
2017-03-01T06:00:00Z,0
2017-03-01T07:00:00Z,0
2017-03-01T08:00:00Z,0
2017-03-01T09:00:00Z,0
2017-03-01T10:00:00Z,0
2017-03-01T11:00:00Z,0
2017-03-01T12:00:00Z,0
2017-03-01T13:00:00Z,0
2017-03-01T14:00:00Z,123.2800064086914
2017-03-01T15:00:00Z,251.4400177001953
2017-03-01T16:00:00Z,381.2900085449219
2017-03-01T17:00:00Z,482.0520324707031
2017-03-01T18:00:00Z,431.9140319824219
2017-03-01T19:00:00Z,416.4730224609375
2017-03-01T20:00:00Z,373.0710144042969
2017-03-01T21:00:00Z,311.7920227050781
2017-03-01T22:00:00Z,198.81600952148438
2017-03-01T23:00:00Z,95.488006591796875
2017-03-02T00:00:00Z,0
2017-03-02T01:00:00Z,0
2017-03-02T02:00:00Z,0
2017-03-02T03:00:00Z,0
2017-03-02T04:00:00Z,0
2017-03-02T05:00:00Z,0
2017-03-02T06:00:00Z,0
2017-03-02T07:00:00Z,0
2017-03-02T08:00:00Z,0
2017-03-02T09:00:00Z,0
2017-03-02T10:00:00Z,0
2017-03-02T11:00:00Z,0
2017-03-02T12:00:00Z,0
2017-03-02T13:00:00Z,0
2017-03-02T14:00:00Z,145.4080047607422
2017-03-02T15:00:00Z,319.87200927734375
2017-03-02T16:00:00Z,482.3780212402344
2017-03-02T17:00:00Z,608.37701416015625
2017-03-02T18:00:00Z,627.09100341796875
2017-03-02T19:00:00Z,604.5460205078125
2017-03-02T20:00:00Z,541.87200927734375
2017-03-02T21:00:00Z,390.3230285644531
2017-03-02T22:00:00Z,250.0640106201172
2017-03-02T23:00:00Z,122.1760025024414
2017-03-03T00:00:00Z,0
2017-03-03T01:00:00Z,0
2017-03-03T02:00:00Z,0
2017-03-03T03:00:00Z,0
2017-03-03T04:00:00Z,0
2017-03-03T05:00:00Z,0
2017-03-03T06:00:00Z,0
2017-03-03T07:00:00Z,0
2017-03-03T08:00:00Z,0
2017-03-03T09:00:00Z,0
2017-03-03T10:00:00Z,0
2017-03-03T11:00:00Z,0
2017-03-03T12:00:00Z,0
2017-03-03T13:00:00Z,0
2017-03-03T14:00:00Z,145.66400146484375
2017-03-03T15:00:00Z,308.5920104980469
2017-03-03T16:00:00Z,462.8550109863281
2017-03-03T17:00:00Z,582.36004638671875
2017-03-03T18:00:00Z,656.8740234375
2017-03-03T19:00:00Z,633.11505126953125
2017-03-03T20:00:00Z,567.81201171875
2017-03-03T21:00:00Z,435.1980285644531
2017-03-03T22:00:00Z,280.09002685546875
2017-03-03T23:00:00Z,139.10400390625
2017-03-04T00:00:00Z,0
2017-03-04T01:00:00Z,0
2017-03-04T02:00:00Z,0
2017-03-04T03:00:00Z,0
2017-03-04T04:00:00Z,0
2017-03-04T05:00:00Z,0
2017-03-04T06:00:00Z,0
2017-03-04T07:00:00Z,0
2017-03-04T08:00:00Z,0
2017-03-04T09:00:00Z,0
2017-03-04T10:00:00Z,0
2017-03-04T11:00:00Z,0
2017-03-04T12:00:00Z,0
2017-03-04T13:00:00Z,2.1760001182556152
2017-03-04T14:00:00Z,141.8560028076172
2017-03-04T15:00:00Z,312.28802490234375
2017-03-04T16:00:00Z,465.9120178222656
2017-03-04T17:00:00Z,584.8330078125
2017-03-04T18:00:00Z,619.18902587890625
2017-03-04T19:00:00Z,596.66204833984375
2017-03-04T20:00:00Z,535.41302490234375
2017-03-04T21:00:00Z,414.9070129394531
2017-03-04T22:00:00Z,268.2170104980469
2017-03-04T23:00:00Z,135.29600524902344
2017-03-05T00:00:00Z,0
2017-03-05T01:00:00Z,0
2017-03-05T02:00:00Z,0
2017-03-05T03:00:00Z,0
2017-03-05T04:00:00Z,0
2017-03-05T05:00:00Z,0
2017-03-05T06:00:00Z,0
2017-03-05T07:00:00Z,0
2017-03-05T08:00:00Z,0
2017-03-05T09:00:00Z,0
2017-03-05T10:00:00Z,0
2017-03-05T11:00:00Z,0
2017-03-05T12:00:00Z,0
2017-03-05T13:00:00Z,6.304000377655029
2017-03-05T14:00:00Z,129.60000610351562
2017-03-05T15:00:00Z,280.6720275878906
2017-03-05T16:00:00Z,416.5790100097656
2017-03-05T17:00:00Z,521.6820068359375
2017-03-05T18:00:00Z,638.46002197265625
2017-03-05T19:00:00Z,615.09100341796875
2017-03-05T20:00:00Z,552.26202392578125
2017-03-05T21:00:00Z,422.6520080566406
2017-03-05T22:00:00Z,274.385009765625
2017-03-05T23:00:00Z,140.48001098632812
2017-03-06T00:00:00Z,0
2017-03-06T01:00:00Z,0
2017-03-06T02:00:00Z,0
2017-03-06T03:00:00Z,0
2017-03-06T04:00:00Z,0
2017-03-06T05:00:00Z,0
2017-03-06T06:00:00Z,0
2017-03-06T07:00:00Z,0
2017-03-06T08:00:00Z,0
2017-03-06T09:00:00Z,0
2017-03-06T10:00:00Z,0
2017-03-06T11:00:00Z,0
2017-03-06T12:00:00Z,0
2017-03-06T13:00:00Z,11.37600040435791
2017-03-06T14:00:00Z,142.3520050048828
2017-03-06T15:00:00Z,267.1360168457031
2017-03-06T16:00:00Z,394.4940185546875
2017-03-06T17:00:00Z,492.88702392578125
2017-03-06T18:00:00Z,429.3780212402344
2017-03-06T19:00:00Z,413.57000732421875
2017-03-06T20:00:00Z,371.5140075683594
2017-03-06T21:00:00Z,249.32901000976562
2017-03-06T22:00:00Z,162.55101013183594
2017-03-06T23:00:00Z,84.4000015258789
2017-03-07T00:00:00Z,0
2017-03-07T01:00:00Z,0
2017-03-07T02:00:00Z,0
2017-03-07T03:00:00Z,0
2017-03-07T04:00:00Z,0
2017-03-07T05:00:00Z,0
2017-03-07T06:00:00Z,0
2017-03-07T07:00:00Z,0
2017-03-07T08:00:00Z,0
2017-03-07T09:00:00Z,0
2017-03-07T10:00:00Z,0
2017-03-07T11:00:00Z,0
2017-03-07T12:00:00Z,0
2017-03-07T13:00:00Z,7.0400004386901855
2017-03-07T14:00:00Z,64.31999969482422
2017-03-07T15:00:00Z,117.40800476074219
2017-03-07T16:00:00Z,172.50900268554688
2017-03-07T17:00:00Z,215.05101013183594
2017-03-07T18:00:00Z,225.15000915527344
2017-03-07T19:00:00Z,216.7890167236328
2017-03-07T20:00:00Z,194.85301208496094
2017-03-07T21:00:00Z,129.8570098876953
2017-03-07T22:00:00Z,84.99700164794922
2017-03-07T23:00:00Z,44.720001220703125
2017-03-08T00:00:00Z,0.1120000034570694
2017-03-08T01:00:00Z,0
2017-03-08T02:00:00Z,0
2017-03-08T03:00:00Z,0
2017-03-08T04:00:00Z,0
2017-03-08T05:00:00Z,0
2017-03-08T06:00:00Z,0
2017-03-08T07:00:00Z,0
2017-03-08T08:00:00Z,0
2017-03-08T09:00:00Z,0
2017-03-08T10:00:00Z,0
2017-03-08T11:00:00Z,0
2017-03-08T12:00:00Z,0
2017-03-08T13:00:00Z,7.520000457763672
2017-03-08T14:00:00Z,54.78400421142578
2017-03-08T15:00:00Z,259.1460266113281
2017-03-08T16:00:00Z,378.96502685546875
2017-03-08T17:00:00Z,471.3790283203125
2017-03-08T18:00:00Z,514.550048828125
2017-03-08T19:00:00Z,495.3410339355469
2017-03-08T20:00:00Z,445.4120178222656
2017-03-08T21:00:00Z,357.08502197265625
2017-03-08T22:00:00Z,234.6320037841797
2017-03-08T23:00:00Z,125.0560073852539
2017-03-09T00:00:00Z,3.8960001468658447
2017-03-09T01:00:00Z,0
2017-03-09T02:00:00Z,0
2017-03-09T03:00:00Z,0
2017-03-09T04:00:00Z,0
2017-03-09T05:00:00Z,0
2017-03-09T06:00:00Z,0
2017-03-09T07:00:00Z,0
2017-03-09T08:00:00Z,0
2017-03-09T09:00:00Z,0
2017-03-09T10:00:00Z,0
2017-03-09T11:00:00Z,0
2017-03-09T12:00:00Z,0
2017-03-09T13:00:00Z,30.608001708984375
2017-03-09T14:00:00Z,187.21600341796875
2017-03-09T15:00:00Z,363.4000244140625
2017-03-09T16:00:00Z,528.90301513671875
2017-03-09T17:00:00Z,656.43505859375
2017-03-09T18:00:00Z,711.6500244140625
2017-03-09T19:00:00Z,684.90704345703125
2017-03-09T20:00:00Z,616.16400146484375
2017-03-09T21:00:00Z,477.6610107421875
2017-03-09T22:00:00Z,315.0610046386719
2017-03-09T23:00:00Z,169.9840087890625
2017-03-10T00:00:00Z,7.224000453948975
2017-03-10T01:00:00Z,0
2017-03-10T02:00:00Z,0
2017-03-10T03:00:00Z,0
2017-03-10T04:00:00Z,0
2017-03-10T05:00:00Z,0
2017-03-10T06:00:00Z,0
2017-03-10T07:00:00Z,0
2017-03-10T08:00:00Z,0
2017-03-10T09:00:00Z,0
2017-03-10T10:00:00Z,0
2017-03-10T11:00:00Z,0
2017-03-10T12:00:00Z,0
2017-03-10T13:00:00Z,37.384002685546875
2017-03-10T14:00:00Z,198.48001098632812
2017-03-10T15:00:00Z,373.8170166015625
2017-03-10T16:00:00Z,541.5670166015625
2017-03-10T17:00:00Z,670.71002197265625
2017-03-10T18:00:00Z,720.614013671875
2017-03-10T19:00:00Z,693.3480224609375
2017-03-10T20:00:00Z,624.03302001953125
2017-03-10T21:00:00Z,468.9840087890625
2017-03-10T22:00:00Z,310.4830017089844
2017-03-10T23:00:00Z,169.48800659179688
2017-03-11T00:00:00Z,9.080000877380371
2017-03-11T01:00:00Z,0
2017-03-11T02:00:00Z,0
2017-03-11T03:00:00Z,0
2017-03-11T04:00:00Z,0
2017-03-11T05:00:00Z,0
2017-03-11T06:00:00Z,0
2017-03-11T07:00:00Z,0
2017-03-11T08:00:00Z,0
2017-03-11T09:00:00Z,0
2017-03-11T10:00:00Z,0
2017-03-11T11:00:00Z,0
2017-03-11T12:00:00Z,0
2017-03-11T13:00:00Z,41.80800247192383
2017-03-11T14:00:00Z,197.3280029296875
2017-03-11T15:00:00Z,344.5560302734375
2017-03-11T16:00:00Z,496.9250183105469
2017-03-11T17:00:00Z,614.1090087890625
2017-03-11T18:00:00Z,612.281005859375
2017-03-11T19:00:00Z,588.96002197265625
2017-03-11T20:00:00Z,530.3060302734375
2017-03-11T21:00:00Z,428.4670104980469
2017-03-11T22:00:00Z,284.65802001953125
2017-03-11T23:00:00Z,157.13600158691406
2017-03-12T00:00:00Z,13.160000801086426
2017-03-12T01:00:00Z,0
2017-03-12T02:00:00Z,0
2017-03-12T03:00:00Z,0
2017-03-12T04:00:00Z,0
2017-03-12T05:00:00Z,0
2017-03-12T06:00:00Z,0
2017-03-12T07:00:00Z,0
2017-03-12T08:00:00Z,0
2017-03-12T09:00:00Z,0
2017-03-12T10:00:00Z,0
2017-03-12T11:00:00Z,0
2017-03-12T12:00:00Z,0
2017-03-12T13:00:00Z,43.928001403808594
2017-03-12T14:00:00Z,187.58401489257812
2017-03-12T15:00:00Z,310.25701904296875
2017-03-12T16:00:00Z,445.50201416015625
2017-03-12T17:00:00Z,549.41705322265625
2017-03-12T18:00:00Z,584.18402099609375
2017-03-12T19:00:00Z,561.77703857421875
2017-03-12T20:00:00Z,506.0570373535156
2017-03-12T21:00:00Z,422.18701171875
2017-03-12T22:00:00Z,281.46600341796875
2017-03-12T23:00:00Z,157.05601501464844
2017-03-13T00:00:00Z,12.896000862121582
2017-03-13T01:00:00Z,0
2017-03-13T02:00:00Z,0
2017-03-13T03:00:00Z,0
2017-03-13T04:00:00Z,0
2017-03-13T05:00:00Z,0
2017-03-13T06:00:00Z,0
2017-03-13T07:00:00Z,0
2017-03-13T08:00:00Z,0
2017-03-13T09:00:00Z,0
2017-03-13T10:00:00Z,0
2017-03-13T11:00:00Z,0
2017-03-13T12:00:00Z,0
2017-03-13T13:00:00Z,43.368003845214844
2017-03-13T14:00:00Z,169.8400115966797
2017-03-13T15:00:00Z,335.48101806640625
2017-03-13T16:00:00Z,479.6460266113281
2017-03-13T17:00:00Z,590.31103515625
2017-03-13T18:00:00Z,647.3280029296875
2017-03-13T19:00:00Z,622.31005859375
2017-03-13T20:00:00Z,560.80303955078125
2017-03-13T21:00:00Z,449.0450134277344
2017-03-13T22:00:00Z,300.3800048828125
2017-03-13T23:00:00Z,169.3280029296875
2017-03-14T00:00:00Z,15.944001197814941
2017-03-14T01:00:00Z,0
2017-03-14T02:00:00Z,0
2017-03-14T03:00:00Z,0
2017-03-14T04:00:00Z,0
2017-03-14T05:00:00Z,0
2017-03-14T06:00:00Z,0
2017-03-14T07:00:00Z,0
2017-03-14T08:00:00Z,0
2017-03-14T09:00:00Z,0
2017-03-14T10:00:00Z,0
2017-03-14T11:00:00Z,0
2017-03-14T12:00:00Z,0
2017-03-14T13:00:00Z,59.888004302978516
2017-03-14T14:00:00Z,217.3920135498047
2017-03-14T15:00:00Z,390.3480224609375
2017-03-14T16:00:00Z,555.75201416015625
2017-03-14T17:00:00Z,682.58905029296875
2017-03-14T18:00:00Z,731.50604248046875
2017-03-14T19:00:00Z,703.04803466796875
2017-03-14T20:00:00Z,633.81304931640625
2017-03-14T21:00:00Z,502.1830139160156
2017-03-14T22:00:00Z,337.01800537109375
2017-03-14T23:00:00Z,191.87200927734375
2017-03-15T00:00:00Z,16.168001174926758
2017-03-15T01:00:00Z,0
2017-03-15T02:00:00Z,0
2017-03-15T03:00:00Z,0
2017-03-15T04:00:00Z,0
2017-03-15T05:00:00Z,0
2017-03-15T06:00:00Z,0
2017-03-15T07:00:00Z,0
2017-03-15T08:00:00Z,0
2017-03-15T09:00:00Z,0
2017-03-15T10:00:00Z,0
2017-03-15T11:00:00Z,0
2017-03-15T12:00:00Z,0
2017-03-15T13:00:00Z,64.69600677490234
2017-03-15T14:00:00Z,219.60000610351562
2017-03-15T15:00:00Z,389.9410095214844
2017-03-15T16:00:00Z,552.9150390625
2017-03-15T17:00:00Z,677.7530517578125
2017-03-15T18:00:00Z,722.98004150390625
2017-03-15T19:00:00Z,694.64801025390625
2017-03-15T20:00:00Z,626.46600341796875
2017-03-15T21:00:00Z,490.28302001953125
2017-03-15T22:00:00Z,330.0740051269531
2017-03-15T23:00:00Z,189.71200561523438
2017-03-16T00:00:00Z,18.512001037597656
2017-03-16T01:00:00Z,0
2017-03-16T02:00:00Z,0
2017-03-16T03:00:00Z,0
2017-03-16T04:00:00Z,0
2017-03-16T05:00:00Z,0
2017-03-16T06:00:00Z,0
2017-03-16T07:00:00Z,0
2017-03-16T08:00:00Z,0
2017-03-16T09:00:00Z,0
2017-03-16T10:00:00Z,0
2017-03-16T11:00:00Z,0
2017-03-16T12:00:00Z,0
2017-03-16T13:00:00Z,68.63200378417969
2017-03-16T14:00:00Z,219.4080047607422
2017-03-16T15:00:00Z,378.7450256347656
2017-03-16T16:00:00Z,534.906005859375
2017-03-16T17:00:00Z,654.38702392578125
2017-03-16T18:00:00Z,679.14605712890625
2017-03-16T19:00:00Z,652.35601806640625
2017-03-16T20:00:00Z,588.530029296875
2017-03-16T21:00:00Z,442.7960205078125
2017-03-16T22:00:00Z,299.03900146484375
2017-03-16T23:00:00Z,173.4560089111328
2017-03-17T00:00:00Z,26.80000114440918
2017-03-17T01:00:00Z,0
2017-03-17T02:00:00Z,0
2017-03-17T03:00:00Z,0
2017-03-17T04:00:00Z,0
2017-03-17T05:00:00Z,0
2017-03-17T06:00:00Z,0
2017-03-17T07:00:00Z,0
2017-03-17T08:00:00Z,0
2017-03-17T09:00:00Z,0
2017-03-17T10:00:00Z,0
2017-03-17T11:00:00Z,0
2017-03-17T12:00:00Z,0
2017-03-17T13:00:00Z,28.680002212524414
2017-03-17T14:00:00Z,86.86400604248047
2017-03-17T15:00:00Z,147.51800537109375
2017-03-17T16:00:00Z,207.5360107421875
2017-03-17T17:00:00Z,253.40200805664062
2017-03-17T18:00:00Z,281.5370178222656
2017-03-17T19:00:00Z,270.35302734375
2017-03-17T20:00:00Z,243.9910125732422
2017-03-17T21:00:00Z,221.00901794433594
2017-03-17T22:00:00Z,149.7080078125
2017-03-17T23:00:00Z,87.600006103515625
2017-03-18T00:00:00Z,10.592000961303711
2017-03-18T01:00:00Z,0
2017-03-18T02:00:00Z,0
2017-03-18T03:00:00Z,0
2017-03-18T04:00:00Z,0
2017-03-18T05:00:00Z,0
2017-03-18T06:00:00Z,0
2017-03-18T07:00:00Z,0
2017-03-18T08:00:00Z,0
2017-03-18T09:00:00Z,0
2017-03-18T10:00:00Z,0
2017-03-18T11:00:00Z,0
2017-03-18T12:00:00Z,0
2017-03-18T13:00:00Z,63.62400436401367
2017-03-18T14:00:00Z,183.50401306152344
2017-03-18T15:00:00Z,377.7950134277344
2017-03-18T16:00:00Z,529.45404052734375
2017-03-18T17:00:00Z,645.2440185546875
2017-03-18T18:00:00Z,731.63604736328125
2017-03-18T19:00:00Z,702.3780517578125
2017-03-18T20:00:00Z,634.0970458984375
2017-03-18T21:00:00Z,497.4220275878906
2017-03-18T22:00:00Z,337.9320068359375
2017-03-18T23:00:00Z,199.4080047607422
2017-03-19T00:00:00Z,21.280000686645508
2017-03-19T01:00:00Z,0
2017-03-19T02:00:00Z,0
2017-03-19T03:00:00Z,0
2017-03-19T04:00:00Z,0
2017-03-19T05:00:00Z,0
2017-03-19T06:00:00Z,0
2017-03-19T07:00:00Z,0
2017-03-19T08:00:00Z,0
2017-03-19T09:00:00Z,0
2017-03-19T10:00:00Z,0
2017-03-19T11:00:00Z,0
2017-03-19T12:00:00Z,0
2017-03-19T13:00:00Z,67.3280029296875
2017-03-19T14:00:00Z,185.74400329589844
2017-03-19T15:00:00Z,291.4170227050781
2017-03-19T16:00:00Z,406.8810119628906
2017-03-19T17:00:00Z,494.94903564453125
2017-03-19T18:00:00Z,600.5560302734375
2017-03-19T19:00:00Z,576.36004638671875
2017-03-19T20:00:00Z,520.50103759765625
2017-03-19T21:00:00Z,483.2660217285156
2017-03-19T22:00:00Z,329.23602294921875
2017-03-19T23:00:00Z,195.87200927734375
2017-03-20T00:00:00Z,38.71200180053711
2017-03-20T01:00:00Z,0
2017-03-20T02:00:00Z,0
2017-03-20T03:00:00Z,0
2017-03-20T04:00:00Z,0
2017-03-20T05:00:00Z,0
2017-03-20T06:00:00Z,0
2017-03-20T07:00:00Z,0
2017-03-20T08:00:00Z,0
2017-03-20T09:00:00Z,0
2017-03-20T10:00:00Z,0
2017-03-20T11:00:00Z,0
2017-03-20T12:00:00Z,0
2017-03-20T13:00:00Z,89.1760025024414
2017-03-20T14:00:00Z,236.17601013183594
2017-03-20T15:00:00Z,373.3810119628906
2017-03-20T16:00:00Z,519.4320068359375
2017-03-20T17:00:00Z,630.71600341796875
2017-03-20T18:00:00Z,666.1490478515625
2017-03-20T19:00:00Z,639.1400146484375
2017-03-20T20:00:00Z,577.3800048828125
2017-03-20T21:00:00Z,360.05401611328125
2017-03-20T22:00:00Z,245.9860076904297
2017-03-20T23:00:00Z,147.50401306152344
2017-03-21T00:00:00Z,26.424001693725586
2017-03-21T01:00:00Z,0
2017-03-21T02:00:00Z,0
2017-03-21T03:00:00Z,0
2017-03-21T04:00:00Z,0
2017-03-21T05:00:00Z,0
2017-03-21T06:00:00Z,0
2017-03-21T07:00:00Z,0
2017-03-21T08:00:00Z,0
2017-03-21T09:00:00Z,0
2017-03-21T10:00:00Z,0
2017-03-21T11:00:00Z,0
2017-03-21T12:00:00Z,0
2017-03-21T13:00:00Z,87.8080062866211
2017-03-21T14:00:00Z,224.03201293945312
2017-03-21T15:00:00Z,371.280029296875
2017-03-21T16:00:00Z,514.67401123046875
2017-03-21T17:00:00Z,623.801025390625
2017-03-21T18:00:00Z,706.72503662109375
2017-03-21T19:00:00Z,677.87506103515625
2017-03-21T20:00:00Z,612.55804443359375
2017-03-21T21:00:00Z,540.2230224609375
2017-03-21T22:00:00Z,370.0790100097656
2017-03-21T23:00:00Z,223.60000610351562
2017-03-22T00:00:00Z,35.14400100708008
2017-03-22T01:00:00Z,0
2017-03-22T02:00:00Z,0
2017-03-22T03:00:00Z,0
2017-03-22T04:00:00Z,0
2017-03-22T05:00:00Z,0
2017-03-22T06:00:00Z,0
2017-03-22T07:00:00Z,0
2017-03-22T08:00:00Z,0
2017-03-22T09:00:00Z,0
2017-03-22T10:00:00Z,0
2017-03-22T11:00:00Z,0
2017-03-22T12:00:00Z,0
2017-03-22T13:00:00Z,62.776004791259766
2017-03-22T14:00:00Z,154.72000122070312
2017-03-22T15:00:00Z,283.0160217285156
2017-03-22T16:00:00Z,390.9850158691406
2017-03-22T17:00:00Z,473.04901123046875
2017-03-22T18:00:00Z,659.5050048828125
2017-03-22T19:00:00Z,632.40301513671875
2017-03-22T20:00:00Z,571.6190185546875
2017-03-22T21:00:00Z,463.5790100097656
2017-03-22T22:00:00Z,318.416015625
2017-03-22T23:00:00Z,193.79200744628906
2017-03-23T00:00:00Z,28.57600212097168
2017-03-23T01:00:00Z,0
2017-03-23T02:00:00Z,0
2017-03-23T03:00:00Z,0
2017-03-23T04:00:00Z,0
2017-03-23T05:00:00Z,0
2017-03-23T06:00:00Z,0
2017-03-23T07:00:00Z,0
2017-03-23T08:00:00Z,0
2017-03-23T09:00:00Z,0
2017-03-23T10:00:00Z,0
2017-03-23T11:00:00Z,0
2017-03-23T12:00:00Z,0
2017-03-23T13:00:00Z,107.18400573730469
2017-03-23T14:00:00Z,255.85601806640625
2017-03-23T15:00:00Z,405.8060302734375
2017-03-23T16:00:00Z,558.70404052734375
2017-03-23T17:00:00Z,674.81402587890625
2017-03-23T18:00:00Z,632.64605712890625
2017-03-23T19:00:00Z,606.46502685546875
2017-03-23T20:00:00Z,548.3489990234375
2017-03-23T21:00:00Z,434.0970153808594
2017-03-23T22:00:00Z,298.9210205078125
2017-03-23T23:00:00Z,183.2320098876953
2017-03-24T00:00:00Z,45.320003509521484
2017-03-24T01:00:00Z,0
2017-03-24T02:00:00Z,0
2017-03-24T03:00:00Z,0
2017-03-24T04:00:00Z,0
2017-03-24T05:00:00Z,0
2017-03-24T06:00:00Z,0
2017-03-24T07:00:00Z,0
2017-03-24T08:00:00Z,0
2017-03-24T09:00:00Z,0
2017-03-24T10:00:00Z,0
2017-03-24T11:00:00Z,0
2017-03-24T12:00:00Z,0
2017-03-24T13:00:00Z,109.46400451660156
2017-03-24T14:00:00Z,253.6640167236328
2017-03-24T15:00:00Z,379.4400329589844
2017-03-24T16:00:00Z,520.6920166015625
2017-03-24T17:00:00Z,627.8310546875
2017-03-24T18:00:00Z,684.134033203125
2017-03-24T19:00:00Z,655.656005859375
2017-03-24T20:00:00Z,592.98101806640625
2017-03-24T21:00:00Z,525.19403076171875
2017-03-24T22:00:00Z,362.57501220703125
2017-03-24T23:00:00Z,223.77601623535156
2017-03-25T00:00:00Z,39.288002014160156
2017-03-25T01:00:00Z,0
2017-03-25T02:00:00Z,0
2017-03-25T03:00:00Z,0
2017-03-25T04:00:00Z,0
2017-03-25T05:00:00Z,0
2017-03-25T06:00:00Z,0
2017-03-25T07:00:00Z,0
2017-03-25T08:00:00Z,0
2017-03-25T09:00:00Z,0
2017-03-25T10:00:00Z,0
2017-03-25T11:00:00Z,0
2017-03-25T12:00:00Z,0
2017-03-25T13:00:00Z,118.15200805664062
2017-03-25T14:00:00Z,266.33599853515625
2017-03-25T15:00:00Z,418.6440124511719
2017-03-25T16:00:00Z,572.635009765625
2017-03-25T17:00:00Z,689.31201171875
2017-03-25T18:00:00Z,673.5660400390625
2017-03-25T19:00:00Z,645.342041015625
2017-03-25T20:00:00Z,583.8280029296875
2017-03-25T21:00:00Z,473.0210266113281
2017-03-25T22:00:00Z,327.3570251464844
2017-03-25T23:00:00Z,203.37600708007812
2017-03-26T00:00:00Z,49.480003356933594
2017-03-26T01:00:00Z,0
2017-03-26T02:00:00Z,0
2017-03-26T03:00:00Z,0
2017-03-26T04:00:00Z,0
2017-03-26T05:00:00Z,0
2017-03-26T06:00:00Z,0
2017-03-26T07:00:00Z,0
2017-03-26T08:00:00Z,0
2017-03-26T09:00:00Z,0
2017-03-26T10:00:00Z,0
2017-03-26T11:00:00Z,0
2017-03-26T12:00:00Z,0
2017-03-26T13:00:00Z,107.07200622558594
2017-03-26T14:00:00Z,235.20001220703125
2017-03-26T15:00:00Z,372.1510314941406
2017-03-26T16:00:00Z,507.43701171875
2017-03-26T17:00:00Z,609.8489990234375
2017-03-26T18:00:00Z,427.2020263671875
2017-03-26T19:00:00Z,409.1880187988281
2017-03-26T20:00:00Z,370.25201416015625
2017-03-26T21:00:00Z,341.6200256347656
2017-03-26T22:00:00Z,236.9860076904297
2017-03-26T23:00:00Z,148.19200134277344
2017-03-27T00:00:00Z,30.50400161743164
2017-03-27T01:00:00Z,0
2017-03-27T02:00:00Z,0
2017-03-27T03:00:00Z,0
2017-03-27T04:00:00Z,0
2017-03-27T05:00:00Z,0
2017-03-27T06:00:00Z,0
2017-03-27T07:00:00Z,0
2017-03-27T08:00:00Z,0
2017-03-27T09:00:00Z,0
2017-03-27T10:00:00Z,0
2017-03-27T11:00:00Z,0
2017-03-27T12:00:00Z,0
2017-03-27T13:00:00Z,118.53600311279297
2017-03-27T14:00:00Z,254.17601013183594
2017-03-27T15:00:00Z,283.46099853515625
2017-03-27T16:00:00Z,385.3290100097656
2017-03-27T17:00:00Z,462.3490295410156
2017-03-27T18:00:00Z,527.32501220703125
2017-03-27T19:00:00Z,504.9460144042969
2017-03-27T20:00:00Z,457.0470275878906
2017-03-27T21:00:00Z,314.0840148925781
2017-03-27T22:00:00Z,218.40101623535156
2017-03-27T23:00:00Z,137.4080047607422
2017-03-28T00:00:00Z,46.7760009765625
2017-03-28T01:00:00Z,0
2017-03-28T02:00:00Z,0
2017-03-28T03:00:00Z,0
2017-03-28T04:00:00Z,0
2017-03-28T05:00:00Z,0
2017-03-28T06:00:00Z,0
2017-03-28T07:00:00Z,0
2017-03-28T08:00:00Z,0
2017-03-28T09:00:00Z,0
2017-03-28T10:00:00Z,0
2017-03-28T11:00:00Z,0
2017-03-28T12:00:00Z,0
2017-03-28T13:00:00Z,137.2080078125
2017-03-28T14:00:00Z,287.63201904296875
2017-03-28T15:00:00Z,423.6600341796875
2017-03-28T16:00:00Z,574.20703125
2017-03-28T17:00:00Z,687.87103271484375
2017-03-28T18:00:00Z,777.4400634765625
2017-03-28T19:00:00Z,744.2650146484375
2017-03-28T20:00:00Z,673.821044921875
2017-03-28T21:00:00Z,555.2320556640625
2017-03-28T22:00:00Z,386.9480285644531
2017-03-28T23:00:00Z,244.9440155029297
2017-03-29T00:00:00Z,50.336002349853516
2017-03-29T01:00:00Z,0
2017-03-29T02:00:00Z,0
2017-03-29T03:00:00Z,0
2017-03-29T04:00:00Z,0
2017-03-29T05:00:00Z,0
2017-03-29T06:00:00Z,0
2017-03-29T07:00:00Z,0
2017-03-29T08:00:00Z,0
2017-03-29T09:00:00Z,0
2017-03-29T10:00:00Z,0
2017-03-29T11:00:00Z,0
2017-03-29T12:00:00Z,0
2017-03-29T13:00:00Z,74.272003173828125
2017-03-29T14:00:00Z,152.41600036621094
2017-03-29T15:00:00Z,323.9700012207031
2017-03-29T16:00:00Z,437.7840270996094
2017-03-29T17:00:00Z,523.65802001953125
2017-03-29T18:00:00Z,774.22601318359375
2017-03-29T19:00:00Z,740.98602294921875
2017-03-29T20:00:00Z,671.01800537109375
2017-03-29T21:00:00Z,552.8990478515625
2017-03-29T22:00:00Z,386.1980285644531
2017-03-29T23:00:00Z,245.8880157470703
2017-03-30T00:00:00Z,49.56800079345703
2017-03-30T01:00:00Z,0
2017-03-30T02:00:00Z,0
2017-03-30T03:00:00Z,0
2017-03-30T04:00:00Z,0
2017-03-30T05:00:00Z,0
2017-03-30T06:00:00Z,0
2017-03-30T07:00:00Z,0
2017-03-30T08:00:00Z,0
2017-03-30T09:00:00Z,0
2017-03-30T10:00:00Z,0
2017-03-30T11:00:00Z,0
2017-03-30T12:00:00Z,0
2017-03-30T13:00:00Z,71.12800598144531
2017-03-30T14:00:00Z,143.07200622558594
2017-03-30T15:00:00Z,279.6230163574219
2017-03-30T16:00:00Z,376.791015625
2017-03-30T17:00:00Z,450.0150146484375
2017-03-30T18:00:00Z,633.91204833984375
2017-03-30T19:00:00Z,606.5450439453125
2017-03-30T20:00:00Z,549.39801025390625
2017-03-30T21:00:00Z,423.5320129394531
2017-03-30T22:00:00Z,296.4900207519531
2017-03-30T23:00:00Z,189.8560028076172
2017-03-31T00:00:00Z,33.58400344848633
2017-03-31T01:00:00Z,0
2017-03-31T02:00:00Z,0
2017-03-31T03:00:00Z,0
2017-03-31T04:00:00Z,0
2017-03-31T05:00:00Z,0
2017-03-31T06:00:00Z,0
2017-03-31T07:00:00Z,0
2017-03-31T08:00:00Z,0
2017-03-31T09:00:00Z,0
2017-03-31T10:00:00Z,0
2017-03-31T11:00:00Z,0
2017-03-31T12:00:00Z,0
2017-03-31T13:00:00Z,93.264007568359375
2017-03-31T14:00:00Z,184.09600830078125
2017-03-31T15:00:00Z,298.4120178222656
2017-03-31T16:00:00Z,401.0110168457031
2017-03-31T17:00:00Z,478.2120361328125
2017-03-31T18:00:00Z,553.28302001953125
2017-03-31T19:00:00Z,529.26104736328125
2017-03-31T20:00:00Z,479.52203369140625
2017-03-31T21:00:00Z,244.86801147460938
2017-03-31T22:00:00Z,171.79000854492188
2017-03-31T23:00:00Z,110.60800170898438
2017-04-01T00:00:00Z,38.3120002746582
2017-04-01T01:00:00Z,0
2017-04-01T02:00:00Z,0
2017-04-01T03:00:00Z,0
2017-04-01T04:00:00Z,0
2017-04-01T05:00:00Z,0
2017-04-01T06:00:00Z,0
2017-04-01T07:00:00Z,0
2017-04-01T08:00:00Z,0
2017-04-01T09:00:00Z,0
2017-04-01T10:00:00Z,0
2017-04-01T11:00:00Z,0
2017-04-01T12:00:00Z,1.6480001211166382
2017-04-01T13:00:00Z,107.62400817871094
2017-04-01T14:00:00Z,208.68800354003906
2017-04-01T15:00:00Z,317.4200134277344
2017-04-01T16:00:00Z,405.7220153808594
2017-04-01T17:00:00Z,470.62603759765625
2017-04-01T18:00:00Z,527.21502685546875
2017-04-01T19:00:00Z,504.1770324707031
2017-04-01T20:00:00Z,471.71502685546875
2017-04-01T21:00:00Z,435.3070068359375
2017-04-01T22:00:00Z,319.9320068359375
2017-04-01T23:00:00Z,202.49600219726562
2017-04-02T00:00:00Z,67.14400482177734
2017-04-02T01:00:00Z,0
2017-04-02T02:00:00Z,0
2017-04-02T03:00:00Z,0
2017-04-02T04:00:00Z,0
2017-04-02T05:00:00Z,0
2017-04-02T06:00:00Z,0
2017-04-02T07:00:00Z,0
2017-04-02T08:00:00Z,0
2017-04-02T09:00:00Z,0
2017-04-02T10:00:00Z,0
2017-04-02T11:00:00Z,0
2017-04-02T12:00:00Z,5.776000499725342
2017-04-02T13:00:00Z,118.07200622558594
2017-04-02T14:00:00Z,225.12001037597656
2017-04-02T15:00:00Z,346.8450012207031
2017-04-02T16:00:00Z,442.1650085449219
2017-04-02T17:00:00Z,512.1650390625
2017-04-02T18:00:00Z,445.4840087890625
2017-04-02T19:00:00Z,425.91900634765625
2017-04-02T20:00:00Z,398.5760192871094
2017-04-02T21:00:00Z,449.85302734375
2017-04-02T22:00:00Z,331.2980041503906
2017-04-02T23:00:00Z,210.8000030517578
2017-04-03T00:00:00Z,33.52000045776367
2017-04-03T01:00:00Z,0
2017-04-03T02:00:00Z,0
2017-04-03T03:00:00Z,0
2017-04-03T04:00:00Z,0
2017-04-03T05:00:00Z,0
2017-04-03T06:00:00Z,0
2017-04-03T07:00:00Z,0
2017-04-03T08:00:00Z,0
2017-04-03T09:00:00Z,0
2017-04-03T10:00:00Z,0
2017-04-03T11:00:00Z,0
2017-04-03T12:00:00Z,14.120000839233398
2017-04-03T13:00:00Z,175.93600463867188
2017-04-03T14:00:00Z,330.1280212402344
2017-04-03T15:00:00Z,487.09600830078125
2017-04-03T16:00:00Z,619.36505126953125
2017-04-03T17:00:00Z,716.4210205078125
2017-04-03T18:00:00Z,759.03802490234375
2017-04-03T19:00:00Z,725.5240478515625
2017-04-03T20:00:00Z,679.123046875
2017-04-03T21:00:00Z,573.27703857421875
2017-04-03T22:00:00Z,423.06402587890625
2017-04-03T23:00:00Z,270.54400634765625
2017-04-04T00:00:00Z,71.74400329589844
2017-04-04T01:00:00Z,0
2017-04-04T02:00:00Z,0
2017-04-04T03:00:00Z,0
2017-04-04T04:00:00Z,0
2017-04-04T05:00:00Z,0
2017-04-04T06:00:00Z,0
2017-04-04T07:00:00Z,0
2017-04-04T08:00:00Z,0
2017-04-04T09:00:00Z,0
2017-04-04T10:00:00Z,0
2017-04-04T11:00:00Z,0
2017-04-04T12:00:00Z,16.416000366210938
2017-04-04T13:00:00Z,149.96800231933594
2017-04-04T14:00:00Z,277.20001220703125
2017-04-04T15:00:00Z,457.8680114746094
2017-04-04T16:00:00Z,580.73504638671875
2017-04-04T17:00:00Z,670.84405517578125
2017-04-04T18:00:00Z,728.3780517578125
2017-04-04T19:00:00Z,696.030029296875
2017-04-04T20:00:00Z,651.66302490234375
2017-04-04T21:00:00Z,435.4820251464844
2017-04-04T22:00:00Z,322.0110168457031
2017-04-04T23:00:00Z,206.9440155029297
2017-04-05T00:00:00Z,62.71200180053711
2017-04-05T01:00:00Z,0
2017-04-05T02:00:00Z,0
2017-04-05T03:00:00Z,0
2017-04-05T04:00:00Z,0
2017-04-05T05:00:00Z,0
2017-04-05T06:00:00Z,0
2017-04-05T07:00:00Z,0
2017-04-05T08:00:00Z,0
2017-04-05T09:00:00Z,0
2017-04-05T10:00:00Z,0
2017-04-05T11:00:00Z,0
2017-04-05T12:00:00Z,22.3960018157959
2017-04-05T13:00:00Z,163.71200561523438
2017-04-05T14:00:00Z,298.2720031738281
2017-04-05T15:00:00Z,426.2090148925781
2017-04-05T16:00:00Z,539.2550048828125
2017-04-05T17:00:00Z,622.08404541015625
2017-04-05T18:00:00Z,605.46099853515625
2017-04-05T19:00:00Z,578.45404052734375
2017-04-05T20:00:00Z,541.68701171875
2017-04-05T21:00:00Z,433.25201416015625
2017-04-05T22:00:00Z,320.97100830078125
2017-04-05T23:00:00Z,207.28001403808594
2017-04-06T00:00:00Z,71.376007080078125
2017-04-06T01:00:00Z,0
2017-04-06T02:00:00Z,0
2017-04-06T03:00:00Z,0
2017-04-06T04:00:00Z,0
2017-04-06T05:00:00Z,0
2017-04-06T06:00:00Z,0
2017-04-06T07:00:00Z,0
2017-04-06T08:00:00Z,0
2017-04-06T09:00:00Z,0
2017-04-06T10:00:00Z,0
2017-04-06T11:00:00Z,0
2017-04-06T12:00:00Z,32.044002532958984
2017-04-06T13:00:00Z,197.32000732421875
2017-04-06T14:00:00Z,354.6500244140625
2017-04-06T15:00:00Z,523.5660400390625
2017-04-06T16:00:00Z,660.843017578125
2017-04-06T17:00:00Z,761.3670654296875
2017-04-06T18:00:00Z,790.841064453125
2017-04-06T19:00:00Z,755.37603759765625
2017-04-06T20:00:00Z,707.52301025390625
2017-04-06T21:00:00Z,595.1650390625
2017-04-06T22:00:00Z,441.77203369140625
2017-04-06T23:00:00Z,286.6240234375
2017-04-07T00:00:00Z,79.24800109863281
2017-04-07T01:00:00Z,0
2017-04-07T02:00:00Z,0
2017-04-07T03:00:00Z,0
2017-04-07T04:00:00Z,0
2017-04-07T05:00:00Z,0
2017-04-07T06:00:00Z,0
2017-04-07T07:00:00Z,0
2017-04-07T08:00:00Z,0
2017-04-07T09:00:00Z,0
2017-04-07T10:00:00Z,0
2017-04-07T11:00:00Z,0
2017-04-07T12:00:00Z,33.512001037597656
2017-04-07T13:00:00Z,179.74400329589844
2017-04-07T14:00:00Z,318.86700439453125
2017-04-07T15:00:00Z,524.6650390625
2017-04-07T16:00:00Z,660.69403076171875
2017-04-07T17:00:00Z,760.21405029296875
2017-04-07T18:00:00Z,751.3270263671875
2017-04-07T19:00:00Z,717.50604248046875
2017-04-07T20:00:00Z,672.20501708984375
2017-04-07T21:00:00Z,538.52801513671875
2017-04-07T22:00:00Z,400.4940185546875
2017-04-07T23:00:00Z,261.0240173339844
2017-04-08T00:00:00Z,40.816001892089844
2017-04-08T01:00:00Z,0
2017-04-08T02:00:00Z,0
2017-04-08T03:00:00Z,0
2017-04-08T04:00:00Z,0
2017-04-08T05:00:00Z,0
2017-04-08T06:00:00Z,0
2017-04-08T07:00:00Z,0
2017-04-08T08:00:00Z,0
2017-04-08T09:00:00Z,0
2017-04-08T10:00:00Z,0
2017-04-08T11:00:00Z,0
2017-04-08T12:00:00Z,42.47200012207031
2017-04-08T13:00:00Z,203.1840057373047
2017-04-08T14:00:00Z,356.0570068359375
2017-04-08T15:00:00Z,506.2300109863281
2017-04-08T16:00:00Z,636.0030517578125
2017-04-08T17:00:00Z,730.90802001953125
2017-04-08T18:00:00Z,730.6400146484375
2017-04-08T19:00:00Z,697.56005859375
2017-04-08T20:00:00Z,653.66400146484375
2017-04-08T21:00:00Z,510.90802001953125
2017-04-08T22:00:00Z,380.655029296875
2017-04-08T23:00:00Z,249.20001220703125
2017-04-09T00:00:00Z,93.98400115966797
2017-04-09T01:00:00Z,0
2017-04-09T02:00:00Z,0
2017-04-09T03:00:00Z,0
2017-04-09T04:00:00Z,0
2017-04-09T05:00:00Z,0
2017-04-09T06:00:00Z,0
2017-04-09T07:00:00Z,0
2017-04-09T08:00:00Z,0
2017-04-09T09:00:00Z,0
2017-04-09T10:00:00Z,0
2017-04-09T11:00:00Z,0
2017-04-09T12:00:00Z,49.14400100708008
2017-04-09T13:00:00Z,213.37600708007812
2017-04-09T14:00:00Z,369.52001953125
2017-04-09T15:00:00Z,531.41302490234375
2017-04-09T16:00:00Z,666.17803955078125
2017-04-09T17:00:00Z,764.655029296875
2017-04-09T18:00:00Z,790.95306396484375
2017-04-09T19:00:00Z,755.008056640625
2017-04-09T20:00:00Z,707.6590576171875
2017-04-09T21:00:00Z,598.61505126953125
2017-04-09T22:00:00Z,446.7870178222656
2017-04-09T23:00:00Z,293.7760009765625
2017-04-10T00:00:00Z,97.152008056640625
2017-04-10T01:00:00Z,0
2017-04-10T02:00:00Z,0
2017-04-10T03:00:00Z,0
2017-04-10T04:00:00Z,0
2017-04-10T05:00:00Z,0
2017-04-10T06:00:00Z,0
2017-04-10T07:00:00Z,0
2017-04-10T08:00:00Z,0
2017-04-10T09:00:00Z,0
2017-04-10T10:00:00Z,0
2017-04-10T11:00:00Z,0
2017-04-10T12:00:00Z,56.272003173828125
2017-04-10T13:00:00Z,224.7360076904297
2017-04-10T14:00:00Z,384.8810119628906
2017-04-10T15:00:00Z,555.62200927734375
2017-04-10T16:00:00Z,695.01605224609375
2017-04-10T17:00:00Z,796.79205322265625
2017-04-10T18:00:00Z,826.09503173828125
2017-04-10T19:00:00Z,788.404052734375
2017-04-10T20:00:00Z,739.11602783203125
2017-04-10T21:00:00Z,626.97802734375
2017-04-10T22:00:00Z,468.79302978515625
2017-04-10T23:00:00Z,309.5580139160156
2017-04-11T00:00:00Z,97.45600128173828
2017-04-11T01:00:00Z,0
2017-04-11T02:00:00Z,0
2017-04-11T03:00:00Z,0
2017-04-11T04:00:00Z,0
2017-04-11T05:00:00Z,0
2017-04-11T06:00:00Z,0
2017-04-11T07:00:00Z,0
2017-04-11T08:00:00Z,0
2017-04-11T09:00:00Z,0
2017-04-11T10:00:00Z,0
2017-04-11T11:00:00Z,0
2017-04-11T12:00:00Z,62.45600128173828
2017-04-11T13:00:00Z,231.8880157470703
2017-04-11T14:00:00Z,392.9010314941406
2017-04-11T15:00:00Z,553.4840087890625
2017-04-11T16:00:00Z,690.89300537109375
2017-04-11T17:00:00Z,791.1380615234375
2017-04-11T18:00:00Z,809.446044921875
2017-04-11T19:00:00Z,772.373046875
2017-04-11T20:00:00Z,724.2550048828125
2017-04-11T21:00:00Z,615.6710205078125
2017-04-11T22:00:00Z,461.13702392578125
2017-04-11T23:00:00Z,305.76202392578125
2017-04-12T00:00:00Z,128.6160125732422
2017-04-12T01:00:00Z,0
2017-04-12T02:00:00Z,0
2017-04-12T03:00:00Z,0
2017-04-12T04:00:00Z,0
2017-04-12T05:00:00Z,0
2017-04-12T06:00:00Z,0
2017-04-12T07:00:00Z,0
2017-04-12T08:00:00Z,0
2017-04-12T09:00:00Z,0
2017-04-12T10:00:00Z,0
2017-04-12T11:00:00Z,0
2017-04-12T12:00:00Z,62.448001861572266
2017-04-12T13:00:00Z,217.4400177001953
2017-04-12T14:00:00Z,364.64202880859375
2017-04-12T15:00:00Z,549.5
2017-04-12T16:00:00Z,684.50604248046875
2017-04-12T17:00:00Z,782.9400634765625
2017-04-12T18:00:00Z,809.71405029296875
2017-04-12T19:00:00Z,772.48004150390625
2017-04-12T20:00:00Z,724.4990234375
2017-04-12T21:00:00Z,615.10302734375
2017-04-12T22:00:00Z,461.4980163574219
2017-04-12T23:00:00Z,307.24102783203125
2017-04-13T00:00:00Z,100.2080078125
2017-04-13T01:00:00Z,0
2017-04-13T02:00:00Z,0
2017-04-13T03:00:00Z,0
2017-04-13T04:00:00Z,0
2017-04-13T05:00:00Z,0
2017-04-13T06:00:00Z,0
2017-04-13T07:00:00Z,0
2017-04-13T08:00:00Z,0
2017-04-13T09:00:00Z,0
2017-04-13T10:00:00Z,0
2017-04-13T11:00:00Z,0
2017-04-13T12:00:00Z,70.76800537109375
2017-04-13T13:00:00Z,232.656005859375
2017-04-13T14:00:00Z,386.3830261230469
2017-04-13T15:00:00Z,541.48004150390625
2017-04-13T16:00:00Z,673.16705322265625
2017-04-13T17:00:00Z,769.1070556640625
2017-04-13T18:00:00Z,756.18304443359375
2017-04-13T19:00:00Z,721.27703857421875
2017-04-13T20:00:00Z,676.635009765625
2017-04-13T21:00:00Z,591.5670166015625
2017-04-13T22:00:00Z,444.5910339355469
2017-04-13T23:00:00Z,297.1390075683594
2017-04-14T00:00:00Z,88.51200103759766
2017-04-14T01:00:00Z,0
2017-04-14T02:00:00Z,0
2017-04-14T03:00:00Z,0
2017-04-14T04:00:00Z,0
2017-04-14T05:00:00Z,0
2017-04-14T06:00:00Z,0
2017-04-14T07:00:00Z,0
2017-04-14T08:00:00Z,0
2017-04-14T09:00:00Z,0
2017-04-14T10:00:00Z,0
2017-04-14T11:00:00Z,0
2017-04-14T12:00:00Z,42.35200119018555
2017-04-14T13:00:00Z,132.27200317382812
2017-04-14T14:00:00Z,217.61900329589844
2017-04-14T15:00:00Z,529.529052734375
2017-04-14T16:00:00Z,657.04302978515625
2017-04-14T17:00:00Z,749.8690185546875
2017-04-14T18:00:00Z,646.946044921875
2017-04-14T19:00:00Z,616.97003173828125
2017-04-14T20:00:00Z,578.90301513671875
2017-04-14T21:00:00Z,418.2650146484375
2017-04-14T22:00:00Z,314.8760070800781
2017-04-14T23:00:00Z,211.2580108642578
2017-04-15T00:00:00Z,108.84800720214844
2017-04-15T01:00:00Z,0
2017-04-15T02:00:00Z,0
2017-04-15T03:00:00Z,0
2017-04-15T04:00:00Z,0
2017-04-15T05:00:00Z,0
2017-04-15T06:00:00Z,0
2017-04-15T07:00:00Z,0
2017-04-15T08:00:00Z,0
2017-04-15T09:00:00Z,0
2017-04-15T10:00:00Z,0
2017-04-15T11:00:00Z,0
2017-04-15T12:00:00Z,77.608001708984375
2017-04-15T13:00:00Z,231.36001586914062
2017-04-15T14:00:00Z,377.27301025390625
2017-04-15T15:00:00Z,546.46002197265625
2017-04-15T16:00:00Z,676.76202392578125
2017-04-15T17:00:00Z,771.56201171875
2017-04-15T18:00:00Z,811.3310546875
2017-04-15T19:00:00Z,773.6170654296875
2017-04-15T20:00:00Z,726.05303955078125
2017-04-15T21:00:00Z,594.5550537109375
2017-04-15T22:00:00Z,448.3050231933594
2017-04-15T23:00:00Z,301.927001953125
2017-04-16T00:00:00Z,101.24800109863281
2017-04-16T01:00:00Z,1.4800000190734863
2017-04-16T02:00:00Z,0
2017-04-16T03:00:00Z,0
2017-04-16T04:00:00Z,0
2017-04-16T05:00:00Z,0
2017-04-16T06:00:00Z,0
2017-04-16T07:00:00Z,0
2017-04-16T08:00:00Z,0
2017-04-16T09:00:00Z,0
2017-04-16T10:00:00Z,0
2017-04-16T11:00:00Z,0
2017-04-16T12:00:00Z,23.696001052856445
2017-04-16T13:00:00Z,67.712005615234375
2017-04-16T14:00:00Z,109.4780044555664
2017-04-16T15:00:00Z,142.4980010986328
2017-04-16T16:00:00Z,176.15701293945312
2017-04-16T17:00:00Z,200.62001037597656
2017-04-16T18:00:00Z,213.85101318359375
2017-04-16T19:00:00Z,203.87701416015625
2017-04-16T20:00:00Z,191.3800048828125
2017-04-16T21:00:00Z,230.16201782226562
2017-04-16T22:00:00Z,173.82200622558594
2017-04-16T23:00:00Z,117.50200653076172
2017-04-17T00:00:00Z,64.720001220703125
2017-04-17T01:00:00Z,3.432000160217285
2017-04-17T02:00:00Z,0
2017-04-17T03:00:00Z,0
2017-04-17T04:00:00Z,0
2017-04-17T05:00:00Z,0
2017-04-17T06:00:00Z,0
2017-04-17T07:00:00Z,0
2017-04-17T08:00:00Z,0
2017-04-17T09:00:00Z,0
2017-04-17T10:00:00Z,0
2017-04-17T11:00:00Z,0
2017-04-17T12:00:00Z,57.73600387573242
2017-04-17T13:00:00Z,158.76800537109375
2017-04-17T14:00:00Z,254.59800720214844
2017-04-17T15:00:00Z,445.9200134277344
2017-04-17T16:00:00Z,550.22900390625
2017-04-17T17:00:00Z,626.03204345703125
2017-04-17T18:00:00Z,711.94805908203125
2017-04-17T19:00:00Z,678.6500244140625
2017-04-17T20:00:00Z,637.1920166015625
2017-04-17T21:00:00Z,530.04205322265625
2017-04-17T22:00:00Z,400.93701171875
2017-04-17T23:00:00Z,272.0090026855469
2017-04-18T00:00:00Z,118.85600280761719
2017-04-18T01:00:00Z,8.872000694274902
2017-04-18T02:00:00Z,0
2017-04-18T03:00:00Z,0
2017-04-18T04:00:00Z,0
2017-04-18T05:00:00Z,0
2017-04-18T06:00:00Z,0
2017-04-18T07:00:00Z,0
2017-04-18T08:00:00Z,0
2017-04-18T09:00:00Z,0
2017-04-18T10:00:00Z,0
2017-04-18T11:00:00Z,0
2017-04-18T12:00:00Z,50.71200180053711
2017-04-18T13:00:00Z,134.62400817871094
2017-04-18T14:00:00Z,214.17401123046875
2017-04-18T15:00:00Z,232.45501708984375
2017-04-18T16:00:00Z,286.34002685546875
2017-04-18T17:00:00Z,325.468017578125
2017-04-18T18:00:00Z,204.37501525878906
2017-04-18T19:00:00Z,194.79600524902344
2017-04-18T20:00:00Z,182.9250030517578
2017-04-18T21:00:00Z,372.4210205078125
2017-04-18T22:00:00Z,282.1460266113281
2017-04-18T23:00:00Z,192.0900115966797
2017-04-19T00:00:00Z,108.99200439453125
2017-04-19T01:00:00Z,10.384000778198242
2017-04-19T02:00:00Z,0
2017-04-19T03:00:00Z,0
2017-04-19T04:00:00Z,0
2017-04-19T05:00:00Z,0
2017-04-19T06:00:00Z,0
2017-04-19T07:00:00Z,0
2017-04-19T08:00:00Z,0
2017-04-19T09:00:00Z,0
2017-04-19T10:00:00Z,0
2017-04-19T11:00:00Z,0
2017-04-19T12:00:00Z,87.80000305175781
2017-04-19T13:00:00Z,225.6320037841797
2017-04-19T14:00:00Z,356.2890319824219
2017-04-19T15:00:00Z,528.427001953125
2017-04-19T16:00:00Z,649.78802490234375
2017-04-19T17:00:00Z,737.884033203125
2017-04-19T18:00:00Z,772.675048828125
2017-04-19T19:00:00Z,736.3270263671875
2017-04-19T20:00:00Z,691.6650390625
2017-04-19T21:00:00Z,610.59600830078125
2017-04-19T22:00:00Z,463.2870178222656
2017-04-19T23:00:00Z,316.5030212402344
2017-04-20T00:00:00Z,145.71200561523438
2017-04-20T01:00:00Z,16.75200080871582
2017-04-20T02:00:00Z,0
2017-04-20T03:00:00Z,0
2017-04-20T04:00:00Z,0
2017-04-20T05:00:00Z,0
2017-04-20T06:00:00Z,0
2017-04-20T07:00:00Z,0
2017-04-20T08:00:00Z,0
2017-04-20T09:00:00Z,0
2017-04-20T10:00:00Z,0
2017-04-20T11:00:00Z,0
2017-04-20T12:00:00Z,93.51200103759766
2017-04-20T13:00:00Z,233.2320098876953
2017-04-20T14:00:00Z,365.60601806640625
2017-04-20T15:00:00Z,477.114013671875
2017-04-20T16:00:00Z,585.72601318359375
2017-04-20T17:00:00Z,664.5250244140625
2017-04-20T18:00:00Z,665.41400146484375
2017-04-20T19:00:00Z,634.0560302734375
2017-04-20T20:00:00Z,595.72003173828125
2017-04-20T21:00:00Z,581.9840087890625
2017-04-20T22:00:00Z,442.2580261230469
2017-04-20T23:00:00Z,303.1570129394531
2017-04-21T00:00:00Z,126.81600952148438
2017-04-21T01:00:00Z,16.968000411987305
2017-04-21T02:00:00Z,0
2017-04-21T03:00:00Z,0
2017-04-21T04:00:00Z,0
2017-04-21T05:00:00Z,0
2017-04-21T06:00:00Z,0
2017-04-21T07:00:00Z,0
2017-04-21T08:00:00Z,0
2017-04-21T09:00:00Z,0
2017-04-21T10:00:00Z,0
2017-04-21T11:00:00Z,0
2017-04-21T12:00:00Z,113.08800506591797
2017-04-21T13:00:00Z,274.33599853515625
2017-04-21T14:00:00Z,427.072021484375
2017-04-21T15:00:00Z,576.0980224609375
2017-04-21T16:00:00Z,706.11004638671875
2017-04-21T17:00:00Z,800.373046875
2017-04-21T18:00:00Z,842.445068359375
2017-04-21T19:00:00Z,802.613037109375
2017-04-21T20:00:00Z,754.29302978515625
2017-04-21T21:00:00Z,645.63702392578125
2017-04-21T22:00:00Z,491.3480224609375
2017-04-21T23:00:00Z,337.9220275878906
2017-04-22T00:00:00Z,130.5279998779297
2017-04-22T01:00:00Z,19.816001892089844
2017-04-22T02:00:00Z,0
2017-04-22T03:00:00Z,0
2017-04-22T04:00:00Z,0
2017-04-22T05:00:00Z,0
2017-04-22T06:00:00Z,0
2017-04-22T07:00:00Z,0
2017-04-22T08:00:00Z,0
2017-04-22T09:00:00Z,0
2017-04-22T10:00:00Z,0
2017-04-22T11:00:00Z,0
2017-04-22T12:00:00Z,41.512001037597656
2017-04-22T13:00:00Z,98.12800598144531
2017-04-22T14:00:00Z,151.74900817871094
2017-04-22T15:00:00Z,166.0860137939453
2017-04-22T16:00:00Z,203.2320098876953
2017-04-22T17:00:00Z,230.17601013183594
2017-04-22T18:00:00Z,198.0070037841797
2017-04-22T19:00:00Z,188.61900329589844
2017-04-22T20:00:00Z,177.302001953125
2017-04-22T21:00:00Z,160.927001953125
2017-04-22T22:00:00Z,122.65400695800781
2017-04-22T23:00:00Z,84.634002685546875
2017-04-23T00:00:00Z,82.56000518798828
2017-04-23T01:00:00Z,13.952000617980957
2017-04-23T02:00:00Z,0
2017-04-23T03:00:00Z,0
2017-04-23T04:00:00Z,0
2017-04-23T05:00:00Z,0
2017-04-23T06:00:00Z,0
2017-04-23T07:00:00Z,0
2017-04-23T08:00:00Z,0
2017-04-23T09:00:00Z,0
2017-04-23T10:00:00Z,0
2017-04-23T11:00:00Z,0
2017-04-23T12:00:00Z,124.62400817871094
2017-04-23T13:00:00Z,287.63201904296875
2017-04-23T14:00:00Z,441.9820251464844
2017-04-23T15:00:00Z,605.4000244140625
2017-04-23T16:00:00Z,739.7340087890625
2017-04-23T17:00:00Z,837.0460205078125
2017-04-23T18:00:00Z,862.696044921875
2017-04-23T19:00:00Z,821.73504638671875
2017-04-23T20:00:00Z,772.60601806640625
2017-04-23T21:00:00Z,653.74005126953125
2017-04-23T22:00:00Z,498.97003173828125
2017-04-23T23:00:00Z,345.37200927734375
2017-04-24T00:00:00Z,153.74400329589844
2017-04-24T01:00:00Z,28.512001037597656
2017-04-24T02:00:00Z,0
2017-04-24T03:00:00Z,0
2017-04-24T04:00:00Z,0
2017-04-24T05:00:00Z,0
2017-04-24T06:00:00Z,0
2017-04-24T07:00:00Z,0
2017-04-24T08:00:00Z,0
2017-04-24T09:00:00Z,0
2017-04-24T10:00:00Z,0
2017-04-24T11:00:00Z,0
2017-04-24T12:00:00Z,39.60000228881836
2017-04-24T13:00:00Z,89.376007080078125
2017-04-24T14:00:00Z,136.49301147460938
2017-04-24T15:00:00Z,198.1380157470703
2017-04-24T16:00:00Z,241.75401306152344
2017-04-24T17:00:00Z,273.31500244140625
2017-04-24T18:00:00Z,387.656005859375
2017-04-24T19:00:00Z,369.21600341796875
2017-04-24T20:00:00Z,347.2130126953125
2017-04-24T21:00:00Z,268.843017578125
2017-04-24T22:00:00Z,205.49200439453125
2017-04-24T23:00:00Z,142.6750030517578
2017-04-25T00:00:00Z,62.704002380371094
2017-04-25T01:00:00Z,12.624000549316406
2017-04-25T02:00:00Z,0
2017-04-25T03:00:00Z,0
2017-04-25T04:00:00Z,0
2017-04-25T05:00:00Z,0
2017-04-25T06:00:00Z,0
2017-04-25T07:00:00Z,0
2017-04-25T08:00:00Z,0
2017-04-25T09:00:00Z,0
2017-04-25T10:00:00Z,0
2017-04-25T11:00:00Z,0
2017-04-25T12:00:00Z,40.560001373291016
2017-04-25T13:00:00Z,89.64800262451172
2017-04-25T14:00:00Z,136.0989990234375
2017-04-25T15:00:00Z,241.59901428222656
2017-04-25T16:00:00Z,294.3440246582031
2017-04-25T17:00:00Z,332.5210266113281
2017-04-25T18:00:00Z,379.4490051269531
2017-04-25T19:00:00Z,361.35601806640625
2017-04-25T20:00:00Z,339.9280090332031
2017-04-25T21:00:00Z,306.8910217285156
2017-04-25T22:00:00Z,234.89901733398438
2017-04-25T23:00:00Z,163.59100341796875
2017-04-26T00:00:00Z,79.376007080078125
2017-04-26T01:00:00Z,17.176000595092773
2017-04-26T02:00:00Z,0
2017-04-26T03:00:00Z,0
2017-04-26T04:00:00Z,0
2017-04-26T05:00:00Z,0
2017-04-26T06:00:00Z,0
2017-04-26T07:00:00Z,0
2017-04-26T08:00:00Z,0
2017-04-26T09:00:00Z,0
2017-04-26T10:00:00Z,0
2017-04-26T11:00:00Z,0
2017-04-26T12:00:00Z,61.880001068115234
2017-04-26T13:00:00Z,134.11199951171875
2017-04-26T14:00:00Z,202.46400451660156
2017-04-26T15:00:00Z,328.2300109863281
2017-04-26T16:00:00Z,399.3440246582031
2017-04-26T17:00:00Z,450.7710266113281
2017-04-26T18:00:00Z,301.5710144042969
2017-04-26T19:00:00Z,287.176025390625
2017-04-26T20:00:00Z,270.18402099609375
2017-04-26T21:00:00Z,233.16500854492188
2017-04-26T22:00:00Z,178.71200561523438
2017-04-26T23:00:00Z,124.84500885009766
2017-04-27T00:00:00Z,61.76000213623047
2017-04-27T01:00:00Z,14.26400089263916
2017-04-27T02:00:00Z,0
2017-04-27T03:00:00Z,0
2017-04-27T04:00:00Z,0
2017-04-27T05:00:00Z,0
2017-04-27T06:00:00Z,0
2017-04-27T07:00:00Z,0
2017-04-27T08:00:00Z,0
2017-04-27T09:00:00Z,0
2017-04-27T10:00:00Z,0
2017-04-27T11:00:00Z,0
2017-04-27T12:00:00Z,38.07200241088867
2017-04-27T13:00:00Z,81.00800323486328
2017-04-27T14:00:00Z,121.62800598144531
2017-04-27T15:00:00Z,171.9290008544922
2017-04-27T16:00:00Z,208.87901306152344
2017-04-27T17:00:00Z,235.6320037841797
2017-04-27T18:00:00Z,266.8450012207031
2017-04-27T19:00:00Z,254.09901428222656
2017-04-27T20:00:00Z,239.13401794433594
2017-04-27T21:00:00Z,222.34600830078125
2017-04-27T22:00:00Z,170.6590118408203
2017-04-27T23:00:00Z,119.56000518798828
2017-04-28T00:00:00Z,53.36000442504883
2017-04-28T01:00:00Z,13.064001083374023
2017-04-28T02:00:00Z,0
2017-04-28T03:00:00Z,0
2017-04-28T04:00:00Z,0
2017-04-28T05:00:00Z,0
2017-04-28T06:00:00Z,0
2017-04-28T07:00:00Z,0
2017-04-28T08:00:00Z,0
2017-04-28T09:00:00Z,0
2017-04-28T10:00:00Z,0
2017-04-28T11:00:00Z,0
2017-04-28T12:00:00Z,92.00000762939453
2017-04-28T13:00:00Z,192.416015625
2017-04-28T14:00:00Z,287.3790283203125
2017-04-28T15:00:00Z,372.8830261230469
2017-04-28T16:00:00Z,452.45001220703125
2017-04-28T17:00:00Z,509.9850158691406
2017-04-28T18:00:00Z,644.9720458984375
2017-04-28T19:00:00Z,614.113037109375
2017-04-28T20:00:00Z,578.093017578125
2017-04-28T21:00:00Z,600.635009765625
2017-04-28T22:00:00Z,461.6090087890625
2017-04-28T23:00:00Z,324.32000732421875
2017-04-29T00:00:00Z,174.04800415039062
2017-04-29T01:00:00Z,44.96000289916992
2017-04-29T02:00:00Z,0
2017-04-29T03:00:00Z,0
2017-04-29T04:00:00Z,0
2017-04-29T05:00:00Z,0
2017-04-29T06:00:00Z,0
2017-04-29T07:00:00Z,0
2017-04-29T08:00:00Z,0
2017-04-29T09:00:00Z,0
2017-04-29T10:00:00Z,0
2017-04-29T11:00:00Z,0
2017-04-29T12:00:00Z,155.88800048828125
2017-04-29T13:00:00Z,320.7840270996094
2017-04-29T14:00:00Z,476.6960144042969
2017-04-29T15:00:00Z,632.60504150390625
2017-04-29T16:00:00Z,766.63702392578125
2017-04-29T17:00:00Z,863.488037109375
2017-04-29T18:00:00Z,883.92901611328125
2017-04-29T19:00:00Z,841.58306884765625
2017-04-29T20:00:00Z,792.40606689453125
2017-04-29T21:00:00Z,678.300048828125
2017-04-29T22:00:00Z,521.99700927734375
2017-04-29T23:00:00Z,367.7770080566406
2017-04-30T00:00:00Z,166.72000122070312
2017-04-30T01:00:00Z,45.21600341796875
2017-04-30T02:00:00Z,0
2017-04-30T03:00:00Z,0
2017-04-30T04:00:00Z,0
2017-04-30T05:00:00Z,0
2017-04-30T06:00:00Z,0
2017-04-30T07:00:00Z,0
2017-04-30T08:00:00Z,0
2017-04-30T09:00:00Z,0
2017-04-30T10:00:00Z,0
2017-04-30T11:00:00Z,0
2017-04-30T12:00:00Z,134.24000549316406
2017-04-30T13:00:00Z,272.0480041503906
2017-04-30T14:00:00Z,402.3240051269531
2017-04-30T15:00:00Z,549.51202392578125
2017-04-30T16:00:00Z,665.1070556640625
2017-04-30T17:00:00Z,748.63604736328125
2017-04-30T18:00:00Z,705.37603759765625
2017-04-30T19:00:00Z,671.55804443359375
2017-04-30T20:00:00Z,632.46405029296875
2017-04-30T21:00:00Z,688.21502685546875
2017-04-30T22:00:00Z,530.31402587890625
2017-04-30T23:00:00Z,374.6670227050781
2017-05-01T00:00:00Z,160.72000122070312
2017-05-01T01:00:00Z,45.57600402832031
2017-05-01T02:00:00Z,0
2017-05-01T03:00:00Z,0
2017-05-01T04:00:00Z,0
2017-05-01T05:00:00Z,0
2017-05-01T06:00:00Z,0
2017-05-01T07:00:00Z,0
2017-05-01T08:00:00Z,0
2017-05-01T09:00:00Z,0
2017-05-01T10:00:00Z,0
2017-05-01T11:00:00Z,1.840000033378601
2017-05-01T12:00:00Z,151.58399963378906
2017-05-01T13:00:00Z,302.8000183105469
2017-05-01T14:00:00Z,462.238037109375
2017-05-01T15:00:00Z,537.90203857421875
2017-05-01T16:00:00Z,642.66400146484375
2017-05-01T17:00:00Z,719.1640625
2017-05-01T18:00:00Z,735.57501220703125
2017-05-01T19:00:00Z,693.7430419921875
2017-05-01T20:00:00Z,647.14300537109375
2017-05-01T21:00:00Z,585.16400146484375
2017-05-01T22:00:00Z,442.6180114746094
2017-05-01T23:00:00Z,316.92401123046875
2017-05-02T00:00:00Z,170.7360076904297
2017-05-02T01:00:00Z,50.45600128173828
2017-05-02T02:00:00Z,0
2017-05-02T03:00:00Z,0
2017-05-02T04:00:00Z,0
2017-05-02T05:00:00Z,0
2017-05-02T06:00:00Z,0
2017-05-02T07:00:00Z,0
2017-05-02T08:00:00Z,0
2017-05-02T09:00:00Z,0
2017-05-02T10:00:00Z,0
2017-05-02T11:00:00Z,5.368000030517578
2017-05-02T12:00:00Z,140.21600341796875
2017-05-02T13:00:00Z,276.28802490234375
2017-05-02T14:00:00Z,419.89300537109375
2017-05-02T15:00:00Z,527.4530029296875
2017-05-02T16:00:00Z,629.46405029296875
2017-05-02T17:00:00Z,703.93603515625
2017-05-02T18:00:00Z,754.9510498046875
2017-05-02T19:00:00Z,712.02301025390625
2017-05-02T20:00:00Z,664.363037109375
2017-05-02T21:00:00Z,643.24102783203125
2017-05-02T22:00:00Z,487.1720275878906
2017-05-02T23:00:00Z,349.7450256347656
2017-05-03T00:00:00Z,160.67201232910156
2017-05-03T01:00:00Z,49.320003509521484
2017-05-03T02:00:00Z,0
2017-05-03T03:00:00Z,0
2017-05-03T04:00:00Z,0
2017-05-03T05:00:00Z,0
2017-05-03T06:00:00Z,0
2017-05-03T07:00:00Z,0
2017-05-03T08:00:00Z,0
2017-05-03T09:00:00Z,0
2017-05-03T10:00:00Z,0
2017-05-03T11:00:00Z,5.508000373840332
2017-05-03T12:00:00Z,103.67200469970703
2017-05-03T13:00:00Z,201.6640167236328
2017-05-03T14:00:00Z,305.1700134277344
2017-05-03T15:00:00Z,165.87701416015625
2017-05-03T16:00:00Z,197.72801208496094
2017-05-03T17:00:00Z,220.989013671875
2017-05-03T18:00:00Z,506.9380187988281
2017-05-03T19:00:00Z,478.0840148925781
2017-05-03T20:00:00Z,446.2020263671875
2017-05-03T21:00:00Z,435.4830322265625
2017-05-03T22:00:00Z,330.24200439453125
2017-05-03T23:00:00Z,237.69100952148438
2017-05-04T00:00:00Z,121.40800476074219
2017-05-04T01:00:00Z,38.61600112915039
2017-05-04T02:00:00Z,0
2017-05-04T03:00:00Z,0
2017-05-04T04:00:00Z,0
2017-05-04T05:00:00Z,0
2017-05-04T06:00:00Z,0
2017-05-04T07:00:00Z,0
2017-05-04T08:00:00Z,0
2017-05-04T09:00:00Z,0
2017-05-04T10:00:00Z,0
2017-05-04T11:00:00Z,10.680000305175781
2017-05-04T12:00:00Z,111.56000518798828
2017-05-04T13:00:00Z,214.36801147460938
2017-05-04T14:00:00Z,323.0560302734375
2017-05-04T15:00:00Z,435.7420349121094
2017-05-04T16:00:00Z,518.863037109375
2017-05-04T17:00:00Z,579.55303955078125
2017-05-04T18:00:00Z,763.20306396484375
2017-05-04T19:00:00Z,719.760009765625
2017-05-04T20:00:00Z,671.9530029296875
2017-05-04T21:00:00Z,508.0110168457031
2017-05-04T22:00:00Z,385.7170104980469
2017-05-04T23:00:00Z,278.3310241699219
2017-05-05T00:00:00Z,147.9040069580078
2017-05-05T01:00:00Z,48.608001708984375
2017-05-05T02:00:00Z,0
2017-05-05T03:00:00Z,0
2017-05-05T04:00:00Z,0
2017-05-05T05:00:00Z,0
2017-05-05T06:00:00Z,0
2017-05-05T07:00:00Z,0
2017-05-05T08:00:00Z,0
2017-05-05T09:00:00Z,0
2017-05-05T10:00:00Z,0
2017-05-05T11:00:00Z,7.9760003089904785
2017-05-05T12:00:00Z,88.4800033569336
2017-05-05T13:00:00Z,168.0800018310547
2017-05-05T14:00:00Z,252.281005859375
2017-05-05T15:00:00Z,578.4200439453125
2017-05-05T16:00:00Z,688.04400634765625
2017-05-05T17:00:00Z,768.091064453125
2017-05-05T18:00:00Z,841.98406982421875
2017-05-05T19:00:00Z,794.04705810546875
2017-05-05T20:00:00Z,741.47601318359375
2017-05-05T21:00:00Z,662.031005859375
2017-05-05T22:00:00Z,503.260009765625
2017-05-05T23:00:00Z,364.051025390625
2017-05-06T00:00:00Z,168.67201232910156
2017-05-06T01:00:00Z,57.16800308227539
2017-05-06T02:00:00Z,0
2017-05-06T03:00:00Z,0
2017-05-06T04:00:00Z,0
2017-05-06T05:00:00Z,0
2017-05-06T06:00:00Z,0
2017-05-06T07:00:00Z,0
2017-05-06T08:00:00Z,0
2017-05-06T09:00:00Z,0
2017-05-06T10:00:00Z,0
2017-05-06T11:00:00Z,16.84800148010254
2017-05-06T12:00:00Z,168.25601196289062
2017-05-06T13:00:00Z,316.1440124511719
2017-05-06T14:00:00Z,472.7240295410156
2017-05-06T15:00:00Z,579.90802001953125
2017-05-06T16:00:00Z,689.1080322265625
2017-05-06T17:00:00Z,768.8740234375
2017-05-06T18:00:00Z,743.15203857421875
2017-05-06T19:00:00Z,700.85101318359375
2017-05-06T20:00:00Z,654.62701416015625
2017-05-06T21:00:00Z,625.99700927734375
2017-05-06T22:00:00Z,476.44403076171875
2017-05-06T23:00:00Z,345.49102783203125
2017-05-07T00:00:00Z,167.72801208496094
2017-05-07T01:00:00Z,58.50400161743164
2017-05-07T02:00:00Z,0
2017-05-07T03:00:00Z,0
2017-05-07T04:00:00Z,0
2017-05-07T05:00:00Z,0
2017-05-07T06:00:00Z,0
2017-05-07T07:00:00Z,0
2017-05-07T08:00:00Z,0
2017-05-07T09:00:00Z,0
2017-05-07T10:00:00Z,0
2017-05-07T11:00:00Z,16.34800148010254
2017-05-07T12:00:00Z,157.60000610351562
2017-05-07T13:00:00Z,293.072021484375
2017-05-07T14:00:00Z,436.61602783203125
2017-05-07T15:00:00Z,433.4300231933594
2017-05-07T16:00:00Z,514.571044921875
2017-05-07T17:00:00Z,573.80999755859375
2017-05-07T18:00:00Z,329.84600830078125
2017-05-07T19:00:00Z,311.07000732421875
2017-05-07T20:00:00Z,290.62200927734375
2017-05-07T21:00:00Z,324.0780029296875
2017-05-07T22:00:00Z,246.9600067138672
2017-05-07T23:00:00Z,179.5130157470703
2017-05-08T00:00:00Z,142.76800537109375
2017-05-08T01:00:00Z,51.160003662109375
2017-05-08T02:00:00Z,0
2017-05-08T03:00:00Z,0
2017-05-08T04:00:00Z,0
2017-05-08T05:00:00Z,0
2017-05-08T06:00:00Z,0
2017-05-08T07:00:00Z,0
2017-05-08T08:00:00Z,0
2017-05-08T09:00:00Z,0
2017-05-08T10:00:00Z,0
2017-05-08T11:00:00Z,9.184000015258789
2017-05-08T12:00:00Z,88.85600280761719
2017-05-08T13:00:00Z,163.6160125732422
2017-05-08T14:00:00Z,242.90701293945312
2017-05-08T15:00:00Z,439.5770263671875
2017-05-08T16:00:00Z,521.3480224609375
2017-05-08T17:00:00Z,581.06402587890625
2017-05-08T18:00:00Z,635.426025390625
2017-05-08T19:00:00Z,599.279052734375
2017-05-08T20:00:00Z,560.04400634765625
2017-05-08T21:00:00Z,313.760009765625
2017-05-08T22:00:00Z,239.3570098876953
2017-05-08T23:00:00Z,174.39500427246094
2017-05-09T00:00:00Z,107.21600341796875
2017-05-09T01:00:00Z,39.400001525878906
2017-05-09T02:00:00Z,0
2017-05-09T03:00:00Z,0
2017-05-09T04:00:00Z,0
2017-05-09T05:00:00Z,0
2017-05-09T06:00:00Z,0
2017-05-09T07:00:00Z,0
2017-05-09T08:00:00Z,0
2017-05-09T09:00:00Z,0
2017-05-09T10:00:00Z,0
2017-05-09T11:00:00Z,11.384000778198242
2017-05-09T12:00:00Z,83.33600616455078
2017-05-09T13:00:00Z,152.03201293945312
2017-05-09T14:00:00Z,224.9340057373047
2017-05-09T15:00:00Z,522.8740234375
2017-05-09T16:00:00Z,619.5980224609375
2017-05-09T17:00:00Z,690.238037109375
2017-05-09T18:00:00Z,667.04705810546875
2017-05-09T19:00:00Z,629.11505126953125
2017-05-09T20:00:00Z,588.08404541015625
2017-05-09T21:00:00Z,420.9280090332031
2017-05-09T22:00:00Z,321.4850158691406
2017-05-09T23:00:00Z,234.76901245117188
2017-05-10T00:00:00Z,117.10400390625
2017-05-10T01:00:00Z,44.07200241088867
2017-05-10T02:00:00Z,0
2017-05-10T03:00:00Z,0
2017-05-10T04:00:00Z,0
2017-05-10T05:00:00Z,0
2017-05-10T06:00:00Z,0
2017-05-10T07:00:00Z,0
2017-05-10T08:00:00Z,0
2017-05-10T09:00:00Z,0
2017-05-10T10:00:00Z,0
2017-05-10T11:00:00Z,17.056001663208008
2017-05-10T12:00:00Z,104.94400787353516
2017-05-10T13:00:00Z,189.760009765625
2017-05-10T14:00:00Z,279.85400390625
2017-05-10T15:00:00Z,273.364013671875
2017-05-10T16:00:00Z,323.6600036621094
2017-05-10T17:00:00Z,360.3880310058594
2017-05-10T18:00:00Z,304.2490234375
2017-05-10T19:00:00Z,286.9300231933594
2017-05-10T20:00:00Z,268.29901123046875
2017-05-10T21:00:00Z,285.80401611328125
2017-05-10T22:00:00Z,218.541015625
2017-05-10T23:00:00Z,159.94100952148438
2017-05-11T00:00:00Z,117.552001953125
2017-05-11T01:00:00Z,45.2400016784668
2017-05-11T02:00:00Z,0
2017-05-11T03:00:00Z,0
2017-05-11T04:00:00Z,0
2017-05-11T05:00:00Z,0
2017-05-11T06:00:00Z,0
2017-05-11T07:00:00Z,0
2017-05-11T08:00:00Z,0
2017-05-11T09:00:00Z,0
2017-05-11T10:00:00Z,0
2017-05-11T11:00:00Z,27.328001022338867
2017-05-11T12:00:00Z,182.93600463867188
2017-05-11T13:00:00Z,328.0160217285156
2017-05-11T14:00:00Z,482.2430114746094
2017-05-11T15:00:00Z,571.86700439453125
2017-05-11T16:00:00Z,676.49603271484375
2017-05-11T17:00:00Z,752.92401123046875
2017-05-11T18:00:00Z,629.56903076171875
2017-05-11T19:00:00Z,593.79302978515625
2017-05-11T20:00:00Z,555.39703369140625
2017-05-11T21:00:00Z,474.7840270996094
2017-05-11T22:00:00Z,363.4360046386719
2017-05-11T23:00:00Z,266.5680236816406
2017-05-12T00:00:00Z,135.10400390625
2017-05-12T01:00:00Z,53.112003326416016
2017-05-12T02:00:00Z,0
2017-05-12T03:00:00Z,0
2017-05-12T04:00:00Z,0
2017-05-12T05:00:00Z,0
2017-05-12T06:00:00Z,0
2017-05-12T07:00:00Z,0
2017-05-12T08:00:00Z,0
2017-05-12T09:00:00Z,0
2017-05-12T10:00:00Z,0
2017-05-12T11:00:00Z,22.04800033569336
2017-05-12T12:00:00Z,143.95201110839844
2017-05-12T13:00:00Z,256.06402587890625
2017-05-12T14:00:00Z,375.34503173828125
2017-05-12T15:00:00Z,570.41705322265625
2017-05-12T16:00:00Z,674.21002197265625
2017-05-12T17:00:00Z,750.072021484375
2017-05-12T18:00:00Z,763.61505126953125
2017-05-12T19:00:00Z,720.26904296875
2017-05-12T20:00:00Z,673.8360595703125
2017-05-12T21:00:00Z,565.6080322265625
2017-05-12T22:00:00Z,433.4400329589844
2017-05-12T23:00:00Z,318.6020202636719
2017-05-13T00:00:00Z,175.0880126953125
2017-05-13T01:00:00Z,70.22400665283203
2017-05-13T02:00:00Z,0
2017-05-13T03:00:00Z,0
2017-05-13T04:00:00Z,0
2017-05-13T05:00:00Z,0
2017-05-13T06:00:00Z,0
2017-05-13T07:00:00Z,0
2017-05-13T08:00:00Z,0
2017-05-13T09:00:00Z,0
2017-05-13T10:00:00Z,0
2017-05-13T11:00:00Z,35.064002990722656
2017-05-13T12:00:00Z,175.24000549316406
2017-05-13T13:00:00Z,309.3760070800781
2017-05-13T14:00:00Z,452.1780090332031
2017-05-13T15:00:00Z,497.7560119628906
2017-05-13T16:00:00Z,587.8800048828125
2017-05-13T17:00:00Z,653.76702880859375
2017-05-13T18:00:00Z,475.66802978515625
2017-05-13T19:00:00Z,448.6770324707031
2017-05-13T20:00:00Z,419.885009765625
2017-05-13T21:00:00Z,391.39501953125
2017-05-13T22:00:00Z,300.25201416015625
2017-05-13T23:00:00Z,221.1580047607422
2017-05-14T00:00:00Z,144.49600219726562
2017-05-14T01:00:00Z,59.05600357055664
2017-05-14T02:00:00Z,0
2017-05-14T03:00:00Z,0
2017-05-14T04:00:00Z,0
2017-05-14T05:00:00Z,0
2017-05-14T06:00:00Z,0
2017-05-14T07:00:00Z,0
2017-05-14T08:00:00Z,0
2017-05-14T09:00:00Z,0
2017-05-14T10:00:00Z,0
2017-05-14T11:00:00Z,29.440000534057617
2017-05-14T12:00:00Z,141.60000610351562
2017-05-14T13:00:00Z,248.17601013183594
2017-05-14T14:00:00Z,361.74200439453125
2017-05-14T15:00:00Z,604.32000732421875
2017-05-14T16:00:00Z,713.217041015625
2017-05-14T17:00:00Z,792.82403564453125
2017-05-14T18:00:00Z,730.633056640625
2017-05-14T19:00:00Z,689.2220458984375
2017-05-14T20:00:00Z,645.154052734375
2017-05-14T21:00:00Z,639.27203369140625
2017-05-14T22:00:00Z,490.9380187988281
2017-05-14T23:00:00Z,362.35400390625
2017-05-15T00:00:00Z,189.36001586914062
2017-05-15T01:00:00Z,78.78400421142578
2017-05-15T02:00:00Z,0
2017-05-15T03:00:00Z,0
2017-05-15T04:00:00Z,0
2017-05-15T05:00:00Z,0
2017-05-15T06:00:00Z,0
2017-05-15T07:00:00Z,0
2017-05-15T08:00:00Z,0
2017-05-15T09:00:00Z,0
2017-05-15T10:00:00Z,0
2017-05-15T11:00:00Z,39.97600173950195
2017-05-15T12:00:00Z,194.3280029296875
2017-05-15T13:00:00Z,338.28802490234375
2017-05-15T14:00:00Z,491.7650146484375
2017-05-15T15:00:00Z,608.1240234375
2017-05-15T16:00:00Z,717.20306396484375
2017-05-15T17:00:00Z,796.92803955078125
2017-05-15T18:00:00Z,809.0980224609375
2017-05-15T19:00:00Z,763.2750244140625
2017-05-15T20:00:00Z,714.69305419921875
2017-05-15T21:00:00Z,668.3370361328125
2017-05-15T22:00:00Z,513.79302978515625
2017-05-15T23:00:00Z,379.9870300292969
2017-05-16T00:00:00Z,195.50401306152344
2017-05-16T01:00:00Z,82.73600769042969
2017-05-16T02:00:00Z,0
2017-05-16T03:00:00Z,0
2017-05-16T04:00:00Z,0
2017-05-16T05:00:00Z,0
2017-05-16T06:00:00Z,0
2017-05-16T07:00:00Z,0
2017-05-16T08:00:00Z,0
2017-05-16T09:00:00Z,0
2017-05-16T10:00:00Z,0
2017-05-16T11:00:00Z,39.98400115966797
2017-05-16T12:00:00Z,176.99200439453125
2017-05-16T13:00:00Z,306.09600830078125
2017-05-16T14:00:00Z,443.8670349121094
2017-05-16T15:00:00Z,407.7650146484375
2017-05-16T16:00:00Z,480.5840148925781
2017-05-16T17:00:00Z,533.8370361328125
2017-05-16T18:00:00Z,430.4410095214844
2017-05-16T19:00:00Z,406.0830078125
2017-05-16T20:00:00Z,380.33502197265625
2017-05-16T21:00:00Z,270.6070251464844
2017-05-16T22:00:00Z,208.23001098632812
2017-05-16T23:00:00Z,154.31700134277344
2017-05-17T00:00:00Z,88.720001220703125
2017-05-17T01:00:00Z,38.152000427246094
2017-05-17T02:00:00Z,0
2017-05-17T03:00:00Z,0
2017-05-17T04:00:00Z,0
2017-05-17T05:00:00Z,0
2017-05-17T06:00:00Z,0
2017-05-17T07:00:00Z,0
2017-05-17T08:00:00Z,0
2017-05-17T09:00:00Z,0
2017-05-17T10:00:00Z,0
2017-05-17T11:00:00Z,26.744001388549805
2017-05-17T12:00:00Z,87.488006591796875
2017-05-17T13:00:00Z,150.38400268554688
2017-05-17T14:00:00Z,217.53500366210938
2017-05-17T15:00:00Z,246.70901489257812
2017-05-17T16:00:00Z,290.5660095214844
2017-05-17T17:00:00Z,322.6490173339844
2017-05-17T18:00:00Z,421.718017578125
2017-05-17T19:00:00Z,397.9140319824219
2017-05-17T20:00:00Z,372.791015625
2017-05-17T21:00:00Z,412.8740234375
2017-05-17T22:00:00Z,318.0530090332031
2017-05-17T23:00:00Z,236.1370086669922
2017-05-18T00:00:00Z,164.3040008544922
2017-05-18T01:00:00Z,71.75200653076172
2017-05-18T02:00:00Z,0
2017-05-18T03:00:00Z,0
2017-05-18T04:00:00Z,0
2017-05-18T05:00:00Z,0
2017-05-18T06:00:00Z,0
2017-05-18T07:00:00Z,0
2017-05-18T08:00:00Z,0
2017-05-18T09:00:00Z,0
2017-05-18T10:00:00Z,0
2017-05-18T11:00:00Z,49.52000045776367
2017-05-18T12:00:00Z,211.50401306152344
2017-05-18T13:00:00Z,361.42401123046875
2017-05-18T14:00:00Z,521.6280517578125
2017-05-18T15:00:00Z,648.41204833984375
2017-05-18T16:00:00Z,763.2120361328125
2017-05-18T17:00:00Z,847.2230224609375
2017-05-18T18:00:00Z,887.2430419921875
2017-05-18T19:00:00Z,837.20806884765625
2017-05-18T20:00:00Z,784.5650634765625
2017-05-18T21:00:00Z,706.12506103515625
2017-05-18T22:00:00Z,544.48602294921875
2017-05-18T23:00:00Z,405.0210266113281
2017-05-19T00:00:00Z,211.26400756835938
2017-05-19T01:00:00Z,93.608001708984375
2017-05-19T02:00:00Z,0
2017-05-19T03:00:00Z,0
2017-05-19T04:00:00Z,0
2017-05-19T05:00:00Z,0
2017-05-19T06:00:00Z,0
2017-05-19T07:00:00Z,0
2017-05-19T08:00:00Z,0
2017-05-19T09:00:00Z,0
2017-05-19T10:00:00Z,0
2017-05-19T11:00:00Z,51.040000915527344
2017-05-19T12:00:00Z,214.69601440429688
2017-05-19T13:00:00Z,364.83203125
2017-05-19T14:00:00Z,525.38604736328125
2017-05-19T15:00:00Z,644.80902099609375
2017-05-19T16:00:00Z,758.52606201171875
2017-05-19T17:00:00Z,841.7840576171875
2017-05-19T18:00:00Z,878.62603759765625
2017-05-19T19:00:00Z,829.1180419921875
2017-05-19T20:00:00Z,777.197021484375
2017-05-19T21:00:00Z,698.5860595703125
2017-05-19T22:00:00Z,539.19500732421875
2017-05-19T23:00:00Z,401.8150329589844
2017-05-20T00:00:00Z,221.64801025390625
2017-05-20T01:00:00Z,99.56800842285156
2017-05-20T02:00:00Z,0
2017-05-20T03:00:00Z,0
2017-05-20T04:00:00Z,0
2017-05-20T05:00:00Z,0
2017-05-20T06:00:00Z,0
2017-05-20T07:00:00Z,0
2017-05-20T08:00:00Z,0
2017-05-20T09:00:00Z,0
2017-05-20T10:00:00Z,0
2017-05-20T11:00:00Z,50.71200180053711
2017-05-20T12:00:00Z,116.41600799560547
2017-05-20T13:00:00Z,196.8000030517578
2017-05-20T14:00:00Z,282.8050231933594
2017-05-20T15:00:00Z,469.5320129394531
2017-05-20T16:00:00Z,552.02703857421875
2017-05-20T17:00:00Z,612.4310302734375
2017-05-20T18:00:00Z,690.5360107421875
2017-05-20T19:00:00Z,651.69903564453125
2017-05-20T20:00:00Z,611.051025390625
2017-05-20T21:00:00Z,552.2960205078125
2017-05-20T22:00:00Z,426.7060241699219
2017-05-20T23:00:00Z,318.5460205078125
2017-05-21T00:00:00Z,184.22401428222656
2017-05-21T01:00:00Z,83.84800720214844
2017-05-21T02:00:00Z,0
2017-05-21T03:00:00Z,0
2017-05-21T04:00:00Z,0
2017-05-21T05:00:00Z,0
2017-05-21T06:00:00Z,0
2017-05-21T07:00:00Z,0
2017-05-21T08:00:00Z,0
2017-05-21T09:00:00Z,0
2017-05-21T10:00:00Z,0
2017-05-21T11:00:00Z,27.032001495361328
2017-05-21T12:00:00Z,65.712005615234375
2017-05-21T13:00:00Z,110.51200866699219
2017-05-21T14:00:00Z,158.49900817871094
2017-05-21T15:00:00Z,168.3040008544922
2017-05-21T16:00:00Z,197.7570037841797
2017-05-21T17:00:00Z,219.35400390625
2017-05-21T18:00:00Z,230.1920166015625
2017-05-21T19:00:00Z,217.24400329589844
2017-05-21T20:00:00Z,203.7830047607422
2017-05-21T21:00:00Z,202.20901489257812
2017-05-21T22:00:00Z,156.3660125732422
2017-05-21T23:00:00Z,116.94200897216797
2017-05-22T00:00:00Z,55.82400131225586
2017-05-22T01:00:00Z,25.72800064086914
2017-05-22T02:00:00Z,0
2017-05-22T03:00:00Z,0
2017-05-22T04:00:00Z,0
2017-05-22T05:00:00Z,0
2017-05-22T06:00:00Z,0
2017-05-22T07:00:00Z,0
2017-05-22T08:00:00Z,0
2017-05-22T09:00:00Z,0
2017-05-22T10:00:00Z,0
2017-05-22T11:00:00Z,18.856000900268555
2017-05-22T12:00:00Z,49.000003814697266
2017-05-22T13:00:00Z,82.01600646972656
2017-05-22T14:00:00Z,117.41300201416016
2017-05-22T15:00:00Z,132.89300537109375
2017-05-22T16:00:00Z,156.06700134277344
2017-05-22T17:00:00Z,173.07701110839844
2017-05-22T18:00:00Z,180.2320098876953
2017-05-22T19:00:00Z,170.1120147705078
2017-05-22T20:00:00Z,159.6120147705078
2017-05-22T21:00:00Z,154.82701110839844
2017-05-22T22:00:00Z,119.8270034790039
2017-05-22T23:00:00Z,89.77400207519531
2017-05-23T00:00:00Z,52.608001708984375
2017-05-23T01:00:00Z,24.536001205444336
2017-05-23T02:00:00Z,0
2017-05-23T03:00:00Z,0
2017-05-23T04:00:00Z,0
2017-05-23T05:00:00Z,0
2017-05-23T06:00:00Z,0
2017-05-23T07:00:00Z,0
2017-05-23T08:00:00Z,0
2017-05-23T09:00:00Z,0
2017-05-23T10:00:00Z,0
2017-05-23T11:00:00Z,18.1200008392334
2017-05-23T12:00:00Z,41.7760009765625
2017-05-23T13:00:00Z,69.61600494384766
2017-05-23T14:00:00Z,99.4800033569336
2017-05-23T15:00:00Z,275.2320251464844
2017-05-23T16:00:00Z,323.1100158691406
2017-05-23T17:00:00Z,358.197021484375
2017-05-23T18:00:00Z,691.2650146484375
2017-05-23T19:00:00Z,652.58502197265625
2017-05-23T20:00:00Z,612.40203857421875
2017-05-23T21:00:00Z,622.00604248046875
2017-05-23T22:00:00Z,481.8740234375
2017-05-23T23:00:00Z,361.57000732421875
2017-05-24T00:00:00Z,201.3920135498047
2017-05-24T01:00:00Z,94.98400115966797
2017-05-24T02:00:00Z,0
2017-05-24T03:00:00Z,0
2017-05-24T04:00:00Z,0
2017-05-24T05:00:00Z,0
2017-05-24T06:00:00Z,0
2017-05-24T07:00:00Z,0
2017-05-24T08:00:00Z,0
2017-05-24T09:00:00Z,0
2017-05-24T10:00:00Z,0
2017-05-24T11:00:00Z,59.0880012512207
2017-05-24T12:00:00Z,220.16000366210938
2017-05-24T13:00:00Z,365.3600158691406
2017-05-24T14:00:00Z,521.15301513671875
2017-05-24T15:00:00Z,639.26800537109375
2017-05-24T16:00:00Z,750.11505126953125
2017-05-24T17:00:00Z,831.4300537109375
2017-05-24T18:00:00Z,869.87005615234375
2017-05-24T19:00:00Z,821.29901123046875
2017-05-24T20:00:00Z,770.94903564453125
2017-05-24T21:00:00Z,695.5130615234375
2017-05-24T22:00:00Z,539.28900146484375
2017-05-24T23:00:00Z,405.3100280761719
2017-05-25T00:00:00Z,213.79200744628906
2017-05-25T01:00:00Z,101.92000579833984
2017-05-25T02:00:00Z,0
2017-05-25T03:00:00Z,0
2017-05-25T04:00:00Z,0
2017-05-25T05:00:00Z,0
2017-05-25T06:00:00Z,0
2017-05-25T07:00:00Z,0
2017-05-25T08:00:00Z,0
2017-05-25T09:00:00Z,0
2017-05-25T10:00:00Z,0
2017-05-25T11:00:00Z,62.15200424194336
2017-05-25T12:00:00Z,218.25601196289062
2017-05-25T13:00:00Z,360.76800537109375
2017-05-25T14:00:00Z,513.75604248046875
2017-05-25T15:00:00Z,569.51605224609375
2017-05-25T16:00:00Z,667.99102783203125
2017-05-25T17:00:00Z,740.239013671875
2017-05-25T18:00:00Z,438.64801025390625
2017-05-25T19:00:00Z,414.2080078125
2017-05-25T20:00:00Z,388.94403076171875
2017-05-25T21:00:00Z,260.3650207519531
2017-05-25T22:00:00Z,202.0590057373047
2017-05-25T23:00:00Z,152.09500122070312
2017-05-26T00:00:00Z,99.12000274658203
2017-05-26T01:00:00Z,47.74400329589844
2017-05-26T02:00:00Z,0
2017-05-26T03:00:00Z,0
2017-05-26T04:00:00Z,0
2017-05-26T05:00:00Z,0
2017-05-26T06:00:00Z,0
2017-05-26T07:00:00Z,0
2017-05-26T08:00:00Z,0
2017-05-26T09:00:00Z,0
2017-05-26T10:00:00Z,0
2017-05-26T11:00:00Z,31.71200180053711
2017-05-26T12:00:00Z,121.11200714111328
2017-05-26T13:00:00Z,199.42401123046875
2017-05-26T14:00:00Z,283.5630187988281
2017-05-26T15:00:00Z,453.48602294921875
2017-05-26T16:00:00Z,531.68402099609375
2017-05-26T17:00:00Z,589.0880126953125
2017-05-26T18:00:00Z,616.2020263671875
2017-05-26T19:00:00Z,581.9510498046875
2017-05-26T20:00:00Z,546.58599853515625
2017-05-26T21:00:00Z,381.19500732421875
2017-05-26T22:00:00Z,296.0820007324219
2017-05-26T23:00:00Z,223.2200164794922
2017-05-27T00:00:00Z,174.16000366210938
2017-05-27T01:00:00Z,84.69600677490234
2017-05-27T02:00:00Z,0
2017-05-27T03:00:00Z,0
2017-05-27T04:00:00Z,0
2017-05-27T05:00:00Z,0
2017-05-27T06:00:00Z,0
2017-05-27T07:00:00Z,0
2017-05-27T08:00:00Z,0
2017-05-27T09:00:00Z,0
2017-05-27T10:00:00Z,0
2017-05-27T11:00:00Z,57.0160026550293
2017-05-27T12:00:00Z,214.89601135253906
2017-05-27T13:00:00Z,352.6080017089844
2017-05-27T14:00:00Z,500.63201904296875
2017-05-27T15:00:00Z,632.238037109375
2017-05-27T16:00:00Z,740.9830322265625
2017-05-27T17:00:00Z,820.86102294921875
2017-05-27T18:00:00Z,862.51007080078125
2017-05-27T19:00:00Z,814.64202880859375
2017-05-27T20:00:00Z,765.341064453125
2017-05-27T21:00:00Z,684.9510498046875
2017-05-27T22:00:00Z,532.45404052734375
2017-05-27T23:00:00Z,401.9980163574219
2017-05-28T00:00:00Z,196.44801330566406
2017-05-28T01:00:00Z,96.42400360107422
2017-05-28T02:00:00Z,0.3760000169277191
2017-05-28T03:00:00Z,0
2017-05-28T04:00:00Z,0
2017-05-28T05:00:00Z,0
2017-05-28T06:00:00Z,0
2017-05-28T07:00:00Z,0
2017-05-28T08:00:00Z,0
2017-05-28T09:00:00Z,0
2017-05-28T10:00:00Z,0
2017-05-28T11:00:00Z,45.832000732421875
2017-05-28T12:00:00Z,97.29600524902344
2017-05-28T13:00:00Z,159.12001037597656
2017-05-28T14:00:00Z,225.61001586914062
2017-05-28T15:00:00Z,371.8310241699219
2017-05-28T16:00:00Z,435.6380310058594
2017-05-28T17:00:00Z,482.5290222167969
2017-05-28T18:00:00Z,515.57000732421875
2017-05-28T19:00:00Z,487.01702880859375
2017-05-28T20:00:00Z,457.6770324707031
2017-05-28T21:00:00Z,397.86102294921875
2017-05-28T22:00:00Z,309.5210266113281
2017-05-28T23:00:00Z,234.02500915527344
2017-05-29T00:00:00Z,126.24000549316406
2017-05-29T01:00:00Z,62.51200485229492
2017-05-29T02:00:00Z,2.2720000743865967
2017-05-29T03:00:00Z,0
2017-05-29T04:00:00Z,0
2017-05-29T05:00:00Z,0
2017-05-29T06:00:00Z,0
2017-05-29T07:00:00Z,0
2017-05-29T08:00:00Z,0
2017-05-29T09:00:00Z,0
2017-05-29T10:00:00Z,0
2017-05-29T11:00:00Z,24.416000366210938
2017-05-29T12:00:00Z,74.78400421142578
2017-05-29T13:00:00Z,121.92500305175781
2017-05-29T14:00:00Z,172.66200256347656
2017-05-29T15:00:00Z,260.6340026855469
2017-05-29T16:00:00Z,305.2450256347656
2017-05-29T17:00:00Z,338.09002685546875
2017-05-29T18:00:00Z,467.5370178222656
2017-05-29T19:00:00Z,441.70703125
2017-05-29T20:00:00Z,415.20703125
2017-05-29T21:00:00Z,420.93402099609375
2017-05-29T22:00:00Z,327.7440185546875
2017-05-29T23:00:00Z,248.15101623535156
2017-05-30T00:00:00Z,156.5600128173828
2017-05-30T01:00:00Z,78.1760025024414
2017-05-30T02:00:00Z,4.072000026702881
2017-05-30T03:00:00Z,0
2017-05-30T04:00:00Z,0
2017-05-30T05:00:00Z,0
2017-05-30T06:00:00Z,0
2017-05-30T07:00:00Z,0
2017-05-30T08:00:00Z,0
2017-05-30T09:00:00Z,0
2017-05-30T10:00:00Z,0
2017-05-30T11:00:00Z,24.312000274658203
2017-05-30T12:00:00Z,73.02400207519531
2017-05-30T13:00:00Z,118.69900512695312
2017-05-30T14:00:00Z,167.87600708007812
2017-05-30T15:00:00Z,285.9000244140625
2017-05-30T16:00:00Z,334.7650146484375
2017-05-30T17:00:00Z,370.70703125
2017-05-30T18:00:00Z,261.2130126953125
2017-05-30T19:00:00Z,246.8140106201172
2017-05-30T20:00:00Z,232.09400939941406
2017-05-30T21:00:00Z,211.2670135498047
2017-05-30T22:00:00Z,164.62400817871094
2017-05-30T23:00:00Z,124.80200958251953
2017-05-31T00:00:00Z,51.47200393676758
2017-05-31T01:00:00Z,25.91200065612793
2017-05-31T02:00:00Z,1.7360000610351562
2017-05-31T03:00:00Z,0
2017-05-31T04:00:00Z,0
2017-05-31T05:00:00Z,0
2017-05-31T06:00:00Z,0
2017-05-31T07:00:00Z,0
2017-05-31T08:00:00Z,0
2017-05-31T09:00:00Z,0
2017-05-31T10:00:00Z,0
2017-05-31T11:00:00Z,61.52800369262695
2017-05-31T12:00:00Z,230.20001220703125
2017-05-31T13:00:00Z,373.1510314941406
2017-05-31T14:00:00Z,527.17803955078125
2017-05-31T15:00:00Z,648.82904052734375
2017-05-31T16:00:00Z,759.5030517578125
2017-05-31T17:00:00Z,840.97906494140625
2017-05-31T18:00:00Z,875.0870361328125
2017-05-31T19:00:00Z,826.9610595703125
2017-05-31T20:00:00Z,777.801025390625
2017-05-31T21:00:00Z,699.70904541015625
2017-05-31T22:00:00Z,545.61505126953125
2017-05-31T23:00:00Z,414.2140197753906
2017-06-01T00:00:00Z,263.7920227050781
2017-06-01T01:00:00Z,133.41600036621094
2017-06-01T02:00:00Z,10.800000190734863
2017-06-01T03:00:00Z,0
2017-06-01T04:00:00Z,0
2017-06-01T05:00:00Z,0
2017-06-01T06:00:00Z,0
2017-06-01T07:00:00Z,0
2017-06-01T08:00:00Z,0
2017-06-01T09:00:00Z,0
2017-06-01T10:00:00Z,0
2017-06-01T11:00:00Z,69.29600524902344
2017-06-01T12:00:00Z,225.36801147460938
2017-06-01T13:00:00Z,364.39801025390625
2017-06-01T14:00:00Z,512.33203125
2017-06-01T15:00:00Z,624.0050048828125
2017-06-01T16:00:00Z,729.4730224609375
2017-06-01T17:00:00Z,818.84906005859375
2017-06-01T18:00:00Z,846.6180419921875
2017-06-01T19:00:00Z,816.6380615234375
2017-06-01T20:00:00Z,771.8570556640625
2017-06-01T21:00:00Z,704.2950439453125
2017-06-01T22:00:00Z,570.947021484375
2017-06-01T23:00:00Z,432.4750061035156
2017-06-02T00:00:00Z,261.7760009765625
2017-06-02T01:00:00Z,133.3520050048828
2017-06-02T02:00:00Z,12.54800033569336
2017-06-02T03:00:00Z,0
2017-06-02T04:00:00Z,0
2017-06-02T05:00:00Z,0
2017-06-02T06:00:00Z,0
2017-06-02T07:00:00Z,0
2017-06-02T08:00:00Z,0
2017-06-02T09:00:00Z,0
2017-06-02T10:00:00Z,0
2017-06-02T11:00:00Z,67.160003662109375
2017-06-02T12:00:00Z,221.25601196289062
2017-06-02T13:00:00Z,356.9120178222656
2017-06-02T14:00:00Z,501.31103515625
2017-06-02T15:00:00Z,606.08599853515625
2017-06-02T16:00:00Z,708.39501953125
2017-06-02T17:00:00Z,795.135009765625
2017-06-02T18:00:00Z,827.4920654296875
2017-06-02T19:00:00Z,798.31402587890625
2017-06-02T20:00:00Z,754.7440185546875
2017-06-02T21:00:00Z,685.2630615234375
2017-06-02T22:00:00Z,555.89801025390625
2017-06-02T23:00:00Z,421.5910339355469
2017-06-03T00:00:00Z,257.44000244140625
2017-06-03T01:00:00Z,132.04000854492188
2017-06-03T02:00:00Z,14.064001083374023
2017-06-03T03:00:00Z,0
2017-06-03T04:00:00Z,0
2017-06-03T05:00:00Z,0
2017-06-03T06:00:00Z,0
2017-06-03T07:00:00Z,0
2017-06-03T08:00:00Z,0
2017-06-03T09:00:00Z,0
2017-06-03T10:00:00Z,0
2017-06-03T11:00:00Z,62.73600387573242
2017-06-03T12:00:00Z,81.720001220703125
2017-06-03T13:00:00Z,131.52999877929688
2017-06-03T14:00:00Z,184.57501220703125
2017-06-03T15:00:00Z,275.85101318359375
2017-06-03T16:00:00Z,322.3600158691406
2017-06-03T17:00:00Z,361.8050231933594
2017-06-03T18:00:00Z,737.904052734375
2017-06-03T19:00:00Z,711.98004150390625
2017-06-03T20:00:00Z,673.301025390625
2017-06-03T21:00:00Z,546.40802001953125
2017-06-03T22:00:00Z,443.5550231933594
2017-06-03T23:00:00Z,336.801025390625
2017-06-04T00:00:00Z,215.95201110839844
2017-06-04T01:00:00Z,111.4800033569336
2017-06-04T02:00:00Z,13.168000221252441
2017-06-04T03:00:00Z,0
2017-06-04T04:00:00Z,0
2017-06-04T05:00:00Z,0
2017-06-04T06:00:00Z,0
2017-06-04T07:00:00Z,0
2017-06-04T08:00:00Z,0
2017-06-04T09:00:00Z,0
2017-06-04T10:00:00Z,0
2017-06-04T11:00:00Z,38.89600372314453
2017-06-04T12:00:00Z,162.28001403808594
2017-06-04T13:00:00Z,260.67901611328125
2017-06-04T14:00:00Z,365.5270080566406
2017-06-04T15:00:00Z,414.0810241699219
2017-06-04T16:00:00Z,483.7950134277344
2017-06-04T17:00:00Z,542.99700927734375
2017-06-04T18:00:00Z,476.8030090332031
2017-06-04T19:00:00Z,460.12103271484375
2017-06-04T20:00:00Z,435.2420349121094
2017-06-04T21:00:00Z,380.8390197753906
2017-06-04T22:00:00Z,309.3680114746094
2017-06-04T23:00:00Z,235.15701293945312
2017-06-05T00:00:00Z,150.5120086669922
2017-06-05T01:00:00Z,78.1760025024414
2017-06-05T02:00:00Z,10.096000671386719
2017-06-05T03:00:00Z,0
2017-06-05T04:00:00Z,0
2017-06-05T05:00:00Z,0
2017-06-05T06:00:00Z,0
2017-06-05T07:00:00Z,0
2017-06-05T08:00:00Z,0
2017-06-05T09:00:00Z,0
2017-06-05T10:00:00Z,0
2017-06-05T11:00:00Z,72.68800354003906
2017-06-05T12:00:00Z,225.32801818847656
2017-06-05T13:00:00Z,361.2720031738281
2017-06-05T14:00:00Z,506.2030334472656
2017-06-05T15:00:00Z,616.81103515625
2017-06-05T16:00:00Z,720.54705810546875
2017-06-05T17:00:00Z,808.696044921875
2017-06-05T18:00:00Z,838.17901611328125
2017-06-05T19:00:00Z,808.9940185546875
2017-06-05T20:00:00Z,765.4520263671875
2017-06-05T21:00:00Z,693.78302001953125
2017-06-05T22:00:00Z,563.93902587890625
2017-06-05T23:00:00Z,429.1540222167969
2017-06-06T00:00:00Z,265.6960144042969
2017-06-06T01:00:00Z,138.79200744628906
2017-06-06T02:00:00Z,19.34400177001953
2017-06-06T03:00:00Z,0
2017-06-06T04:00:00Z,0
2017-06-06T05:00:00Z,0
2017-06-06T06:00:00Z,0
2017-06-06T07:00:00Z,0
2017-06-06T08:00:00Z,0
2017-06-06T09:00:00Z,0
2017-06-06T10:00:00Z,0
2017-06-06T11:00:00Z,71.80000305175781
2017-06-06T12:00:00Z,228.6640167236328
2017-06-06T13:00:00Z,366.0320129394531
2017-06-06T14:00:00Z,512.51300048828125
2017-06-06T15:00:00Z,619.09503173828125
2017-06-06T16:00:00Z,723.12603759765625
2017-06-06T17:00:00Z,811.5860595703125
2017-06-06T18:00:00Z,838.82305908203125
2017-06-06T19:00:00Z,809.74505615234375
2017-06-06T20:00:00Z,766.342041015625
2017-06-06T21:00:00Z,694.12200927734375
2017-06-06T22:00:00Z,564.571044921875
2017-06-06T23:00:00Z,430.0940246582031
2017-06-07T00:00:00Z,267.42401123046875
2017-06-07T01:00:00Z,140.4560089111328
2017-06-07T02:00:00Z,20.93600082397461
2017-06-07T03:00:00Z,0
2017-06-07T04:00:00Z,0
2017-06-07T05:00:00Z,0
2017-06-07T06:00:00Z,0
2017-06-07T07:00:00Z,0
2017-06-07T08:00:00Z,0
2017-06-07T09:00:00Z,0
2017-06-07T10:00:00Z,0
2017-06-07T11:00:00Z,71.84000396728516
2017-06-07T12:00:00Z,222.70401000976562
2017-06-07T13:00:00Z,355.9610290527344
2017-06-07T14:00:00Z,498.1100158691406
2017-06-07T15:00:00Z,606.030029296875
2017-06-07T16:00:00Z,707.80303955078125
2017-06-07T17:00:00Z,794.38201904296875
2017-06-07T18:00:00Z,520.95501708984375
2017-06-07T19:00:00Z,502.98101806640625
2017-06-07T20:00:00Z,476.1600341796875
2017-06-07T21:00:00Z,433.8680114746094
2017-06-07T22:00:00Z,353.1000061035156
2017-06-07T23:00:00Z,269.2590026855469
2017-06-08T00:00:00Z,172.70401000976562
2017-06-08T01:00:00Z,91.1760025024414
2017-06-08T02:00:00Z,14.408000946044922
2017-06-08T03:00:00Z,0
2017-06-08T04:00:00Z,0
2017-06-08T05:00:00Z,0
2017-06-08T06:00:00Z,0
2017-06-08T07:00:00Z,0
2017-06-08T08:00:00Z,0
2017-06-08T09:00:00Z,0
2017-06-08T10:00:00Z,0
2017-06-08T11:00:00Z,43.05600357055664
2017-06-08T12:00:00Z,173.25601196289062
2017-06-08T13:00:00Z,276.5420227050781
2017-06-08T14:00:00Z,386.7970275878906
2017-06-08T15:00:00Z,610.6070556640625
2017-06-08T16:00:00Z,713.09405517578125
2017-06-08T17:00:00Z,800.32305908203125
2017-06-08T18:00:00Z,838.4100341796875
2017-06-08T19:00:00Z,809.6070556640625
2017-06-08T20:00:00Z,766.60101318359375
2017-06-08T21:00:00Z,693.3260498046875
2017-06-08T22:00:00Z,564.58905029296875
2017-06-08T23:00:00Z,430.9640197753906
2017-06-09T00:00:00Z,281.6000061035156
2017-06-09T01:00:00Z,149.3920135498047
2017-06-09T02:00:00Z,24.87200164794922
2017-06-09T03:00:00Z,0
2017-06-09T04:00:00Z,0
2017-06-09T05:00:00Z,0
2017-06-09T06:00:00Z,0
2017-06-09T07:00:00Z,0
2017-06-09T08:00:00Z,0
2017-06-09T09:00:00Z,0
2017-06-09T10:00:00Z,0
2017-06-09T11:00:00Z,72.61600494384766
2017-06-09T12:00:00Z,228.75201416015625
2017-06-09T13:00:00Z,364.70501708984375
2017-06-09T14:00:00Z,509.8380126953125
2017-06-09T15:00:00Z,615.2080078125
2017-06-09T16:00:00Z,718.41705322265625
2017-06-09T17:00:00Z,806.3380126953125
2017-06-09T18:00:00Z,823.08306884765625
2017-06-09T19:00:00Z,794.92401123046875
2017-06-09T20:00:00Z,752.904052734375
2017-06-09T21:00:00Z,641.61102294921875
2017-06-09T22:00:00Z,522.76904296875
2017-06-09T23:00:00Z,399.4140319824219
2017-06-10T00:00:00Z,243.92001342773438
2017-06-10T01:00:00Z,129.99200439453125
2017-06-10T02:00:00Z,22.66400146484375
2017-06-10T03:00:00Z,0
2017-06-10T04:00:00Z,0
2017-06-10T05:00:00Z,0
2017-06-10T06:00:00Z,0
2017-06-10T07:00:00Z,0
2017-06-10T08:00:00Z,0
2017-06-10T09:00:00Z,0
2017-06-10T10:00:00Z,0
2017-06-10T11:00:00Z,72.02400207519531
2017-06-10T12:00:00Z,191.95201110839844
2017-06-10T13:00:00Z,305.7130126953125
2017-06-10T14:00:00Z,427.22003173828125
2017-06-10T15:00:00Z,283.5169982910156
2017-06-10T16:00:00Z,331.0860290527344
2017-06-10T17:00:00Z,371.5890197753906
2017-06-10T18:00:00Z,589.89801025390625
2017-06-10T19:00:00Z,569.82904052734375
2017-06-10T20:00:00Z,539.8260498046875
2017-06-10T21:00:00Z,608.04302978515625
2017-06-10T22:00:00Z,495.69403076171875
2017-06-10T23:00:00Z,379.0500183105469
2017-06-11T00:00:00Z,172.83200073242188
2017-06-11T01:00:00Z,92.496002197265625
2017-06-11T02:00:00Z,16.808000564575195
2017-06-11T03:00:00Z,0
2017-06-11T04:00:00Z,0
2017-06-11T05:00:00Z,0
2017-06-11T06:00:00Z,0
2017-06-11T07:00:00Z,0
2017-06-11T08:00:00Z,0
2017-06-11T09:00:00Z,0
2017-06-11T10:00:00Z,0
2017-06-11T11:00:00Z,73.26399993896484
2017-06-11T12:00:00Z,229.9840087890625
2017-06-11T13:00:00Z,365.9690246582031
2017-06-11T14:00:00Z,511.2650146484375
2017-06-11T15:00:00Z,616.64801025390625
2017-06-11T16:00:00Z,720.07403564453125
2017-06-11T17:00:00Z,808.25506591796875
2017-06-11T18:00:00Z,833.58001708984375
2017-06-11T19:00:00Z,805.343017578125
2017-06-11T20:00:00Z,763.14703369140625
2017-06-11T21:00:00Z,635.96502685546875
2017-06-11T22:00:00Z,518.72503662109375
2017-06-11T23:00:00Z,396.9990234375
2017-06-12T00:00:00Z,178.99200439453125
2017-06-12T01:00:00Z,96.1760025024414
2017-06-12T02:00:00Z,18.128000259399414
2017-06-12T03:00:00Z,0
2017-06-12T04:00:00Z,0
2017-06-12T05:00:00Z,0
2017-06-12T06:00:00Z,0
2017-06-12T07:00:00Z,0
2017-06-12T08:00:00Z,0
2017-06-12T09:00:00Z,0
2017-06-12T10:00:00Z,0
2017-06-12T11:00:00Z,74.1760025024414
2017-06-12T12:00:00Z,230.52801513671875
2017-06-12T13:00:00Z,366.5780029296875
2017-06-12T14:00:00Z,511.9730224609375
2017-06-12T15:00:00Z,617.9560546875
2017-06-12T16:00:00Z,721.60601806640625
2017-06-12T17:00:00Z,810.04901123046875
2017-06-12T18:00:00Z,834.17401123046875
2017-06-12T19:00:00Z,806.070068359375
2017-06-12T20:00:00Z,763.97906494140625
2017-06-12T21:00:00Z,680.87103271484375
2017-06-12T22:00:00Z,555.60101318359375
2017-06-12T23:00:00Z,425.5660095214844
2017-06-13T00:00:00Z,276.33599853515625
2017-06-13T01:00:00Z,149.03201293945312
2017-06-13T02:00:00Z,29.032001495361328
2017-06-13T03:00:00Z,0
2017-06-13T04:00:00Z,0
2017-06-13T05:00:00Z,0
2017-06-13T06:00:00Z,0
2017-06-13T07:00:00Z,0
2017-06-13T08:00:00Z,0
2017-06-13T09:00:00Z,0
2017-06-13T10:00:00Z,0
2017-06-13T11:00:00Z,75.56800079345703
2017-06-13T12:00:00Z,227.64801025390625
2017-06-13T13:00:00Z,361.7840270996094
2017-06-13T14:00:00Z,505.2030334472656
2017-06-13T15:00:00Z,543
2017-06-13T16:00:00Z,634.0970458984375
2017-06-13T17:00:00Z,711.87103271484375
2017-06-13T18:00:00Z,334.32000732421875
2017-06-13T19:00:00Z,323.10302734375
2017-06-13T20:00:00Z,306.3230285644531
2017-06-13T21:00:00Z,185.38600158691406
2017-06-13T22:00:00Z,151.35501098632812
2017-06-13T23:00:00Z,116.02100372314453
2017-06-14T00:00:00Z,104.08000183105469
2017-06-14T01:00:00Z,56.3280029296875
2017-06-14T02:00:00Z,11.296000480651855
2017-06-14T03:00:00Z,0
2017-06-14T04:00:00Z,0
2017-06-14T05:00:00Z,0
2017-06-14T06:00:00Z,0
2017-06-14T07:00:00Z,0
2017-06-14T08:00:00Z,0
2017-06-14T09:00:00Z,0
2017-06-14T10:00:00Z,0
2017-06-14T11:00:00Z,72.39200592041016
2017-06-14T12:00:00Z,223.60000610351562
2017-06-14T13:00:00Z,355.2240295410156
2017-06-14T14:00:00Z,495.9580383300781
2017-06-14T15:00:00Z,604.14501953125
2017-06-14T16:00:00Z,705.54705810546875
2017-06-14T17:00:00Z,792.14105224609375
2017-06-14T18:00:00Z,740.51800537109375
2017-06-14T19:00:00Z,715.7950439453125
2017-06-14T20:00:00Z,678.7340087890625
2017-06-14T21:00:00Z,368.46502685546875
2017-06-14T22:00:00Z,300.9570007324219
2017-06-14T23:00:00Z,230.86500549316406
2017-06-15T00:00:00Z,243.47201538085938
2017-06-15T01:00:00Z,132.16799926757812
2017-06-15T02:00:00Z,27.216001510620117
2017-06-15T03:00:00Z,0
2017-06-15T04:00:00Z,0
2017-06-15T05:00:00Z,0
2017-06-15T06:00:00Z,0
2017-06-15T07:00:00Z,0
2017-06-15T08:00:00Z,0
2017-06-15T09:00:00Z,0
2017-06-15T10:00:00Z,0
2017-06-15T11:00:00Z,72.96000671386719
2017-06-15T12:00:00Z,207.2080078125
2017-06-15T13:00:00Z,329.0890197753906
2017-06-15T14:00:00Z,459.4530334472656
2017-06-15T15:00:00Z,408.8050231933594
2017-06-15T16:00:00Z,477.45001220703125
2017-06-15T17:00:00Z,536.13201904296875
2017-06-15T18:00:00Z,403.19403076171875
2017-06-15T19:00:00Z,389.8030090332031
2017-06-15T20:00:00Z,369.7140197753906
2017-06-15T21:00:00Z,319.8290100097656
2017-06-15T22:00:00Z,261.33502197265625
2017-06-15T23:00:00Z,200.60000610351562
2017-06-16T00:00:00Z,128.46400451660156
2017-06-16T01:00:00Z,69.936004638671875
2017-06-16T02:00:00Z,14.74000072479248
2017-06-16T03:00:00Z,0
2017-06-16T04:00:00Z,0
2017-06-16T05:00:00Z,0
2017-06-16T06:00:00Z,0
2017-06-16T07:00:00Z,0
2017-06-16T08:00:00Z,0
2017-06-16T09:00:00Z,0
2017-06-16T10:00:00Z,0
2017-06-16T11:00:00Z,35.320003509521484
2017-06-16T12:00:00Z,101.3280029296875
2017-06-16T13:00:00Z,160.92001342773438
2017-06-16T14:00:00Z,224.666015625
2017-06-16T15:00:00Z,285.218017578125
2017-06-16T16:00:00Z,333.14300537109375
2017-06-16T17:00:00Z,374.114013671875
2017-06-16T18:00:00Z,249.36700439453125
2017-06-16T19:00:00Z,241.135009765625
2017-06-16T20:00:00Z,228.74900817871094
2017-06-16T21:00:00Z,298.2450256347656
2017-06-16T22:00:00Z,243.79400634765625
2017-06-16T23:00:00Z,187.25601196289062
2017-06-17T00:00:00Z,144.83200073242188
2017-06-17T01:00:00Z,79.0560073852539
2017-06-17T02:00:00Z,17.00800132751465
2017-06-17T03:00:00Z,0
2017-06-17T04:00:00Z,0
2017-06-17T05:00:00Z,0
2017-06-17T06:00:00Z,0
2017-06-17T07:00:00Z,0
2017-06-17T08:00:00Z,0
2017-06-17T09:00:00Z,0
2017-06-17T10:00:00Z,0
2017-06-17T11:00:00Z,36.30400085449219
2017-06-17T12:00:00Z,60.480003356933594
2017-06-17T13:00:00Z,96.04100799560547
2017-06-17T14:00:00Z,134.0970001220703
2017-06-17T15:00:00Z,220.635009765625
2017-06-17T16:00:00Z,257.7460021972656
2017-06-17T17:00:00Z,289.4750061035156
2017-06-17T18:00:00Z,257.0980224609375
2017-06-17T19:00:00Z,248.6470184326172
2017-06-17T20:00:00Z,235.9320068359375
2017-06-17T21:00:00Z,219.4600067138672
2017-06-17T22:00:00Z,179.4820098876953
2017-06-17T23:00:00Z,137.9340057373047
2017-06-18T00:00:00Z,73.96800231933594
2017-06-18T01:00:00Z,40.47200012207031
2017-06-18T02:00:00Z,8.86400032043457
2017-06-18T03:00:00Z,0
2017-06-18T04:00:00Z,0
2017-06-18T05:00:00Z,0
2017-06-18T06:00:00Z,0
2017-06-18T07:00:00Z,0
2017-06-18T08:00:00Z,0
2017-06-18T09:00:00Z,0
2017-06-18T10:00:00Z,0
2017-06-18T11:00:00Z,20.98400115966797
2017-06-18T12:00:00Z,54.880001068115234
2017-06-18T13:00:00Z,87.16400146484375
2017-06-18T14:00:00Z,121.73900604248047
2017-06-18T15:00:00Z,215.5650177001953
2017-06-18T16:00:00Z,251.84600830078125
2017-06-18T17:00:00Z,282.8910217285156
2017-06-18T18:00:00Z,413.8160095214844
2017-06-18T19:00:00Z,400.2740173339844
2017-06-18T20:00:00Z,379.8880310058594
2017-06-18T21:00:00Z,383.17401123046875
2017-06-18T22:00:00Z,313.4530029296875
2017-06-18T23:00:00Z,241.02301025390625
2017-06-19T00:00:00Z,155.3280029296875
2017-06-19T01:00:00Z,85.1760025024414
2017-06-19T02:00:00Z,18.96000099182129
2017-06-19T03:00:00Z,0
2017-06-19T04:00:00Z,0
2017-06-19T05:00:00Z,0
2017-06-19T06:00:00Z,0
2017-06-19T07:00:00Z,0
2017-06-19T08:00:00Z,0
2017-06-19T09:00:00Z,0
2017-06-19T10:00:00Z,0
2017-06-19T11:00:00Z,20.336000442504883
2017-06-19T12:00:00Z,112.24800872802734
2017-06-19T13:00:00Z,178.35301208496094
2017-06-19T14:00:00Z,249.1110076904297
2017-06-19T15:00:00Z,410.71002197265625
2017-06-19T16:00:00Z,479.90301513671875
2017-06-19T17:00:00Z,539.15704345703125
2017-06-19T18:00:00Z,541.99603271484375
2017-06-19T19:00:00Z,524.3480224609375
2017-06-19T20:00:00Z,497.72601318359375
2017-06-19T21:00:00Z,373.9460144042969
2017-06-19T22:00:00Z,306.0080261230469
2017-06-19T23:00:00Z,235.41900634765625
2017-06-20T00:00:00Z,194.81600952148438
2017-06-20T01:00:00Z,107.0320053100586
2017-06-20T02:00:00Z,24.152000427246094
2017-06-20T03:00:00Z,0
2017-06-20T04:00:00Z,0
2017-06-20T05:00:00Z,0
2017-06-20T06:00:00Z,0
2017-06-20T07:00:00Z,0
2017-06-20T08:00:00Z,0
2017-06-20T09:00:00Z,0
2017-06-20T10:00:00Z,0
2017-06-20T11:00:00Z,48.84800338745117
2017-06-20T12:00:00Z,216.24000549316406
2017-06-20T13:00:00Z,343.72900390625
2017-06-20T14:00:00Z,480.260009765625
2017-06-20T15:00:00Z,604.3489990234375
2017-06-20T16:00:00Z,706.30804443359375
2017-06-20T17:00:00Z,793.63201904296875
2017-06-20T18:00:00Z,671.04400634765625
2017-06-20T19:00:00Z,649.3170166015625
2017-06-20T20:00:00Z,616.46600341796875
2017-06-20T21:00:00Z,529.7969970703125
2017-06-20T22:00:00Z,433.68701171875
2017-06-20T23:00:00Z,333.79400634765625
2017-06-21T00:00:00Z,227.6800079345703
2017-06-21T01:00:00Z,125.28800964355469
2017-06-21T02:00:00Z,28.60000228881836
2017-06-21T03:00:00Z,0
2017-06-21T04:00:00Z,0
2017-06-21T05:00:00Z,0
2017-06-21T06:00:00Z,0
2017-06-21T07:00:00Z,0
2017-06-21T08:00:00Z,0
2017-06-21T09:00:00Z,0
2017-06-21T10:00:00Z,0
2017-06-21T11:00:00Z,72.31200408935547
2017-06-21T12:00:00Z,196.97601318359375
2017-06-21T13:00:00Z,313.2980041503906
2017-06-21T14:00:00Z,437.8760070800781
2017-06-21T15:00:00Z,581.6910400390625
2017-06-21T16:00:00Z,679.9520263671875
2017-06-21T17:00:00Z,764.16204833984375
2017-06-21T18:00:00Z,461.3740234375
2017-06-21T19:00:00Z,446.49603271484375
2017-06-21T20:00:00Z,423.9950256347656
2017-06-21T21:00:00Z,170.59800720214844
2017-06-21T22:00:00Z,139.6800079345703
2017-06-21T23:00:00Z,107.54500579833984
2017-06-22T00:00:00Z,85.96800231933594
2017-06-22T01:00:00Z,47.37600326538086
2017-06-22T02:00:00Z,10.920000076293945
2017-06-22T03:00:00Z,0
2017-06-22T04:00:00Z,0
2017-06-22T05:00:00Z,0
2017-06-22T06:00:00Z,0
2017-06-22T07:00:00Z,0
2017-06-22T08:00:00Z,0
2017-06-22T09:00:00Z,0
2017-06-22T10:00:00Z,0
2017-06-22T11:00:00Z,74.6240005493164
2017-06-22T12:00:00Z,230.04800415039062
2017-06-22T13:00:00Z,366.18701171875
2017-06-22T14:00:00Z,512.0040283203125
2017-06-22T15:00:00Z,614.84405517578125
2017-06-22T16:00:00Z,718.843017578125
2017-06-22T17:00:00Z,808.01202392578125
2017-06-22T18:00:00Z,828.0460205078125
2017-06-22T19:00:00Z,801.50103759765625
2017-06-22T20:00:00Z,761.260009765625
2017-06-22T21:00:00Z,706.237060546875
2017-06-22T22:00:00Z,578.4300537109375
2017-06-22T23:00:00Z,445.5500183105469
2017-06-23T00:00:00Z,284.1440124511719
2017-06-23T01:00:00Z,156.76800537109375
2017-06-23T02:00:00Z,36.41600036621094
2017-06-23T03:00:00Z,0
2017-06-23T04:00:00Z,0
2017-06-23T05:00:00Z,0
2017-06-23T06:00:00Z,0
2017-06-23T07:00:00Z,0
2017-06-23T08:00:00Z,0
2017-06-23T09:00:00Z,0
2017-06-23T10:00:00Z,0
2017-06-23T11:00:00Z,57.29600143432617
2017-06-23T12:00:00Z,168.6400146484375
2017-06-23T13:00:00Z,268.65802001953125
2017-06-23T14:00:00Z,375.8210144042969
2017-06-23T15:00:00Z,436.0550231933594
2017-06-23T16:00:00Z,509.926025390625
2017-06-23T17:00:00Z,573.2969970703125
2017-06-23T18:00:00Z,554.5870361328125
2017-06-23T19:00:00Z,536.89501953125
2017-06-23T20:00:00Z,510.02301025390625
2017-06-23T21:00:00Z,462.3580322265625
2017-06-23T22:00:00Z,378.75701904296875
2017-06-23T23:00:00Z,291.83502197265625
2017-06-24T00:00:00Z,165.87200927734375
2017-06-24T01:00:00Z,91.600006103515625
2017-06-24T02:00:00Z,21.408000946044922
2017-06-24T03:00:00Z,0
2017-06-24T04:00:00Z,0
2017-06-24T05:00:00Z,0
2017-06-24T06:00:00Z,0
2017-06-24T07:00:00Z,0
2017-06-24T08:00:00Z,0
2017-06-24T09:00:00Z,0
2017-06-24T10:00:00Z,0
2017-06-24T11:00:00Z,39.84800338745117
2017-06-24T12:00:00Z,131.5600128173828
2017-06-24T13:00:00Z,209.82701110839844
2017-06-24T14:00:00Z,293.67401123046875
2017-06-24T15:00:00Z,389.1830139160156
2017-06-24T16:00:00Z,455.2320251464844
2017-06-24T17:00:00Z,511.9170227050781
2017-06-24T18:00:00Z,531.3890380859375
2017-06-24T19:00:00Z,514.529052734375
2017-06-24T20:00:00Z,488.8470153808594
2017-06-24T21:00:00Z,403.4670104980469
2017-06-24T22:00:00Z,330.59002685546875
2017-06-24T23:00:00Z,254.79501342773438
2017-06-25T00:00:00Z,149.50401306152344
2017-06-25T01:00:00Z,82.61600494384766
2017-06-25T02:00:00Z,19.384000778198242
2017-06-25T03:00:00Z,0
2017-06-25T04:00:00Z,0
2017-06-25T05:00:00Z,0
2017-06-25T06:00:00Z,0
2017-06-25T07:00:00Z,0
2017-06-25T08:00:00Z,0
2017-06-25T09:00:00Z,0
2017-06-25T10:00:00Z,0
2017-06-25T11:00:00Z,27.880001068115234
2017-06-25T12:00:00Z,92.19200134277344
2017-06-25T13:00:00Z,147.20001220703125
2017-06-25T14:00:00Z,206.1370086669922
2017-06-25T15:00:00Z,177.7860107421875
2017-06-25T16:00:00Z,208.031005859375
2017-06-25T17:00:00Z,233.9700164794922
2017-06-25T18:00:00Z,395.58502197265625
2017-06-25T19:00:00Z,383.06903076171875
2017-06-25T20:00:00Z,364.0050048828125
2017-06-25T21:00:00Z,500.70501708984375
2017-06-25T22:00:00Z,410.34600830078125
2017-06-25T23:00:00Z,316.3330078125
2017-06-26T00:00:00Z,201.60000610351562
2017-06-26T01:00:00Z,111.44800567626953
2017-06-26T02:00:00Z,26.216001510620117
2017-06-26T03:00:00Z,0
2017-06-26T04:00:00Z,0
2017-06-26T05:00:00Z,0
2017-06-26T06:00:00Z,0
2017-06-26T07:00:00Z,0
2017-06-26T08:00:00Z,0
2017-06-26T09:00:00Z,0
2017-06-26T10:00:00Z,0
2017-06-26T11:00:00Z,60.31200408935547
2017-06-26T12:00:00Z,155.10400390625
2017-06-26T13:00:00Z,248.00001525878906
2017-06-26T14:00:00Z,347.5260314941406
2017-06-26T15:00:00Z,546.6600341796875
2017-06-26T16:00:00Z,639.7840576171875
2017-06-26T17:00:00Z,719.73101806640625
2017-06-26T18:00:00Z,747.91204833984375
2017-06-26T19:00:00Z,724.4150390625
2017-06-26T20:00:00Z,688.4580078125
2017-06-26T21:00:00Z,515.998046875
2017-06-26T22:00:00Z,422.9380187988281
2017-06-26T23:00:00Z,326.1050109863281
2017-06-27T00:00:00Z,228.17601013183594
2017-06-27T01:00:00Z,126.1760025024414
2017-06-27T02:00:00Z,29.696001052856445
2017-06-27T03:00:00Z,0
2017-06-27T04:00:00Z,0
2017-06-27T05:00:00Z,0
2017-06-27T06:00:00Z,0
2017-06-27T07:00:00Z,0
2017-06-27T08:00:00Z,0
2017-06-27T09:00:00Z,0
2017-06-27T10:00:00Z,0
2017-06-27T11:00:00Z,70.44000244140625
2017-06-27T12:00:00Z,226.40000915527344
2017-06-27T13:00:00Z,362.51202392578125
2017-06-27T14:00:00Z,508.3810119628906
2017-06-27T15:00:00Z,606.01104736328125
2017-06-27T16:00:00Z,709.47100830078125
2017-06-27T17:00:00Z,798.29705810546875
2017-06-27T18:00:00Z,824.1610107421875
2017-06-27T19:00:00Z,798.38104248046875
2017-06-27T20:00:00Z,758.87103271484375
2017-06-27T21:00:00Z,673.95404052734375
2017-06-27T22:00:00Z,552.48602294921875
2017-06-27T23:00:00Z,426.0450134277344
2017-06-28T00:00:00Z,262.6880187988281
2017-06-28T01:00:00Z,145.2480010986328
2017-06-28T02:00:00Z,34.14400100708008
2017-06-28T03:00:00Z,0
2017-06-28T04:00:00Z,0
2017-06-28T05:00:00Z,0
2017-06-28T06:00:00Z,0
2017-06-28T07:00:00Z,0
2017-06-28T08:00:00Z,0
2017-06-28T09:00:00Z,0
2017-06-28T10:00:00Z,0
2017-06-28T11:00:00Z,57.26400375366211
2017-06-28T12:00:00Z,163.05601501464844
2017-06-28T13:00:00Z,261.5039978027344
2017-06-28T14:00:00Z,366.9980163574219
2017-06-28T15:00:00Z,451.6750183105469
2017-06-28T16:00:00Z,528.93902587890625
2017-06-28T17:00:00Z,595.31304931640625
2017-06-28T18:00:00Z,614.154052734375
2017-06-28T19:00:00Z,595.04302978515625
2017-06-28T20:00:00Z,565.6820068359375
2017-06-28T21:00:00Z,386.8570251464844
2017-06-28T22:00:00Z,317.1670227050781
2017-06-28T23:00:00Z,244.60401916503906
2017-06-29T00:00:00Z,147.5360107421875
2017-06-29T01:00:00Z,81.552001953125
2017-06-29T02:00:00Z,19.1200008392334
2017-06-29T03:00:00Z,0
2017-06-29T04:00:00Z,0
2017-06-29T05:00:00Z,0
2017-06-29T06:00:00Z,0
2017-06-29T07:00:00Z,0
2017-06-29T08:00:00Z,0
2017-06-29T09:00:00Z,0
2017-06-29T10:00:00Z,0
2017-06-29T11:00:00Z,42.60000228881836
2017-06-29T12:00:00Z,101.89600372314453
2017-06-29T13:00:00Z,163.71200561523438
2017-06-29T14:00:00Z,229.95701599121094
2017-06-29T15:00:00Z,423.7330322265625
2017-06-29T16:00:00Z,496.384033203125
2017-06-29T17:00:00Z,558.79205322265625
2017-06-29T18:00:00Z,669.07403564453125
2017-06-29T19:00:00Z,648.34100341796875
2017-06-29T20:00:00Z,616.41400146484375
2017-06-29T21:00:00Z,510.8930358886719
2017-06-29T22:00:00Z,418.8860168457031
2017-06-29T23:00:00Z,323.06201171875
2017-06-30T00:00:00Z,214.656005859375
2017-06-30T01:00:00Z,118.60000610351562
2017-06-30T02:00:00Z,27.672000885009766
2017-06-30T03:00:00Z,0
2017-06-30T04:00:00Z,0
2017-06-30T05:00:00Z,0
2017-06-30T06:00:00Z,0
2017-06-30T07:00:00Z,0
2017-06-30T08:00:00Z,0
2017-06-30T09:00:00Z,0
2017-06-30T10:00:00Z,0
2017-06-30T11:00:00Z,50.93600082397461
2017-06-30T12:00:00Z,146.22401428222656
2017-06-30T13:00:00Z,235.3920135498047
2017-06-30T14:00:00Z,330.9420166015625
2017-06-30T15:00:00Z,389.29302978515625
2017-06-30T16:00:00Z,456.20001220703125
2017-06-30T17:00:00Z,513.70703125
2017-06-30T18:00:00Z,462.2300109863281
2017-06-30T19:00:00Z,447.9640197753906
2017-06-30T20:00:00Z,425.95501708984375
2017-06-30T21:00:00Z,524.4110107421875
2017-06-30T22:00:00Z,430.0000305175781
2017-06-30T23:00:00Z,331.6410217285156
2017-07-01T00:00:00Z,243.5360107421875
2017-07-01T01:00:00Z,135.44801330566406
2017-07-01T02:00:00Z,31.39200210571289
2017-07-01T03:00:00Z,0
2017-07-01T04:00:00Z,0
2017-07-01T05:00:00Z,0
2017-07-01T06:00:00Z,0
2017-07-01T07:00:00Z,0
2017-07-01T08:00:00Z,0
2017-07-01T09:00:00Z,0
2017-07-01T10:00:00Z,0
2017-07-01T11:00:00Z,56.91200256347656
2017-07-01T12:00:00Z,207.02401733398438
2017-07-01T13:00:00Z,333.9520263671875
2017-07-01T14:00:00Z,471.3370361328125
2017-07-01T15:00:00Z,460.54302978515625
2017-07-01T16:00:00Z,534.06103515625
2017-07-01T17:00:00Z,576.24200439453125
2017-07-01T18:00:00Z,601.7030029296875
2017-07-01T19:00:00Z,582.84503173828125
2017-07-01T20:00:00Z,562.2340087890625
2017-07-01T21:00:00Z,498.0680236816406
2017-07-01T22:00:00Z,401.4300231933594
2017-07-01T23:00:00Z,305.906005859375
2017-07-02T00:00:00Z,212.1120147705078
2017-07-02T01:00:00Z,117.84000396728516
2017-07-02T02:00:00Z,27.088001251220703
2017-07-02T03:00:00Z,0
2017-07-02T04:00:00Z,0
2017-07-02T05:00:00Z,0
2017-07-02T06:00:00Z,0
2017-07-02T07:00:00Z,0
2017-07-02T08:00:00Z,0
2017-07-02T09:00:00Z,0
2017-07-02T10:00:00Z,0
2017-07-02T11:00:00Z,64.100006103515625
2017-07-02T12:00:00Z,217.50401306152344
2017-07-02T13:00:00Z,351.63201904296875
2017-07-02T14:00:00Z,496.8130187988281
2017-07-02T15:00:00Z,624.97705078125
2017-07-02T16:00:00Z,725.01800537109375
2017-07-02T17:00:00Z,782.52001953125
2017-07-02T18:00:00Z,650.24700927734375
2017-07-02T19:00:00Z,629.96002197265625
2017-07-02T20:00:00Z,607.7440185546875
2017-07-02T21:00:00Z,500.18701171875
2017-07-02T22:00:00Z,403.1510314941406
2017-07-02T23:00:00Z,307.1670227050781
2017-07-03T00:00:00Z,205.3280029296875
2017-07-03T01:00:00Z,113.92800903320312
2017-07-03T02:00:00Z,25.91200065612793
2017-07-03T03:00:00Z,0
2017-07-03T04:00:00Z,0
2017-07-03T05:00:00Z,0
2017-07-03T06:00:00Z,0
2017-07-03T07:00:00Z,0
2017-07-03T08:00:00Z,0
2017-07-03T09:00:00Z,0
2017-07-03T10:00:00Z,0
2017-07-03T11:00:00Z,48.02400207519531
2017-07-03T12:00:00Z,148.10400390625
2017-07-03T13:00:00Z,240.01600646972656
2017-07-03T14:00:00Z,339.48101806640625
2017-07-03T15:00:00Z,439.0390319824219
2017-07-03T16:00:00Z,509.510009765625
2017-07-03T17:00:00Z,550.0660400390625
2017-07-03T18:00:00Z,687.134033203125
2017-07-03T19:00:00Z,665.781005859375
2017-07-03T20:00:00Z,642.384033203125
2017-07-03T21:00:00Z,659.072021484375
2017-07-03T22:00:00Z,531.21099853515625
2017-07-03T23:00:00Z,404.6780090332031
2017-07-04T00:00:00Z,207.56800842285156
2017-07-04T01:00:00Z,114.99200439453125
2017-07-04T02:00:00Z,25.832000732421875
2017-07-04T03:00:00Z,0
2017-07-04T04:00:00Z,0
2017-07-04T05:00:00Z,0
2017-07-04T06:00:00Z,0
2017-07-04T07:00:00Z,0
2017-07-04T08:00:00Z,0
2017-07-04T09:00:00Z,0
2017-07-04T10:00:00Z,0
2017-07-04T11:00:00Z,33.816001892089844
2017-07-04T12:00:00Z,199.77601623535156
2017-07-04T13:00:00Z,324.5600280761719
2017-07-04T14:00:00Z,459.5990295410156
2017-07-04T15:00:00Z,611.7750244140625
2017-07-04T16:00:00Z,710.280029296875
2017-07-04T17:00:00Z,767.03704833984375
2017-07-04T18:00:00Z,838.737060546875
2017-07-04T19:00:00Z,812.7650146484375
2017-07-04T20:00:00Z,784.25701904296875
2017-07-04T21:00:00Z,742.696044921875
2017-07-04T22:00:00Z,598.5570068359375
2017-07-04T23:00:00Z,455.9070129394531
2017-07-05T00:00:00Z,270.7200012207031
2017-07-05T01:00:00Z,149.71200561523438
2017-07-05T02:00:00Z,33.14400100708008
2017-07-05T03:00:00Z,0
2017-07-05T04:00:00Z,0
2017-07-05T05:00:00Z,0
2017-07-05T06:00:00Z,0
2017-07-05T07:00:00Z,0
2017-07-05T08:00:00Z,0
2017-07-05T09:00:00Z,0
2017-07-05T10:00:00Z,0
2017-07-05T11:00:00Z,58.288002014160156
2017-07-05T12:00:00Z,213.9840087890625
2017-07-05T13:00:00Z,348.5760192871094
2017-07-05T14:00:00Z,494.2010192871094
2017-07-05T15:00:00Z,624.9210205078125
2017-07-05T16:00:00Z,725.864013671875
2017-07-05T17:00:00Z,784.0970458984375
2017-07-05T18:00:00Z,855.53302001953125
2017-07-05T19:00:00Z,829.1800537109375
2017-07-05T20:00:00Z,800.14605712890625
2017-07-05T21:00:00Z,753.89202880859375
2017-07-05T22:00:00Z,607.53900146484375
2017-07-05T23:00:00Z,462.62200927734375
2017-07-06T00:00:00Z,284.51202392578125
2017-07-06T01:00:00Z,157.01600646972656
2017-07-06T02:00:00Z,34.16800308227539
2017-07-06T03:00:00Z,0
2017-07-06T04:00:00Z,0
2017-07-06T05:00:00Z,0
2017-07-06T06:00:00Z,0
2017-07-06T07:00:00Z,0
2017-07-06T08:00:00Z,0
2017-07-06T09:00:00Z,0
2017-07-06T10:00:00Z,0
2017-07-06T11:00:00Z,37.672000885009766
2017-07-06T12:00:00Z,189.8800048828125
2017-07-06T13:00:00Z,310.1920166015625
2017-07-06T14:00:00Z,440.3420104980469
2017-07-06T15:00:00Z,621.18402099609375
2017-07-06T16:00:00Z,721.83502197265625
2017-07-06T17:00:00Z,779.987060546875
2017-07-06T18:00:00Z,856.8370361328125
2017-07-06T19:00:00Z,830.5240478515625
2017-07-06T20:00:00Z,801.5140380859375
2017-07-06T21:00:00Z,590.69000244140625
2017-07-06T22:00:00Z,475.9610290527344
2017-07-06T23:00:00Z,362.32501220703125
2017-07-07T00:00:00Z,185.44000244140625
2017-07-07T01:00:00Z,102.10400390625
2017-07-07T02:00:00Z,21.792001724243164
2017-07-07T03:00:00Z,0
2017-07-07T04:00:00Z,0
2017-07-07T05:00:00Z,0
2017-07-07T06:00:00Z,0
2017-07-07T07:00:00Z,0
2017-07-07T08:00:00Z,0
2017-07-07T09:00:00Z,0
2017-07-07T10:00:00Z,0
2017-07-07T11:00:00Z,42.832000732421875
2017-07-07T12:00:00Z,117.04000854492188
2017-07-07T13:00:00Z,191.77601623535156
2017-07-07T14:00:00Z,272.593017578125
2017-07-07T15:00:00Z,527.405029296875
2017-07-07T16:00:00Z,613.1590576171875
2017-07-07T17:00:00Z,662.74603271484375
2017-07-07T18:00:00Z,721.63702392578125
2017-07-07T19:00:00Z,699.56304931640625
2017-07-07T20:00:00Z,675.156005859375
2017-07-07T21:00:00Z,611.41204833984375
2017-07-07T22:00:00Z,492.58203125
2017-07-07T23:00:00Z,374.85101318359375
2017-07-08T00:00:00Z,268.54400634765625
2017-07-08T01:00:00Z,147.48001098632812
2017-07-08T02:00:00Z,30.78400230407715
2017-07-08T03:00:00Z,0
2017-07-08T04:00:00Z,0
2017-07-08T05:00:00Z,0
2017-07-08T06:00:00Z,0
2017-07-08T07:00:00Z,0
2017-07-08T08:00:00Z,0
2017-07-08T09:00:00Z,0
2017-07-08T10:00:00Z,0
2017-07-08T11:00:00Z,58.91200256347656
2017-07-08T12:00:00Z,206.95201110839844
2017-07-08T13:00:00Z,340.1920166015625
2017-07-08T14:00:00Z,484.2420349121094
2017-07-08T15:00:00Z,603.2239990234375
2017-07-08T16:00:00Z,701.62200927734375
2017-07-08T17:00:00Z,758.59906005859375
2017-07-08T18:00:00Z,653.44305419921875
2017-07-08T19:00:00Z,633.53900146484375
2017-07-08T20:00:00Z,611.468017578125
2017-07-08T21:00:00Z,486.6360168457031
2017-07-08T22:00:00Z,391.99200439453125
2017-07-08T23:00:00Z,298.1960144042969
2017-07-09T00:00:00Z,184.38400268554688
2017-07-09T01:00:00Z,100.96800231933594
2017-07-09T02:00:00Z,20.552000045776367
2017-07-09T03:00:00Z,0
2017-07-09T04:00:00Z,0
2017-07-09T05:00:00Z,0
2017-07-09T06:00:00Z,0
2017-07-09T07:00:00Z,0
2017-07-09T08:00:00Z,0
2017-07-09T09:00:00Z,0
2017-07-09T10:00:00Z,0
2017-07-09T11:00:00Z,60.112003326416016
2017-07-09T12:00:00Z,181.0080108642578
2017-07-09T13:00:00Z,298.52801513671875
2017-07-09T14:00:00Z,425.5600280761719
2017-07-09T15:00:00Z,547.72601318359375
2017-07-09T16:00:00Z,637.3740234375
2017-07-09T17:00:00Z,689.3590087890625
2017-07-09T18:00:00Z,805.8470458984375
2017-07-09T19:00:00Z,781.38201904296875
2017-07-09T20:00:00Z,754.1650390625
2017-07-09T21:00:00Z,564.85003662109375
2017-07-09T22:00:00Z,454.9110107421875
2017-07-09T23:00:00Z,345.8960266113281
2017-07-10T00:00:00Z,187.12001037597656
2017-07-10T01:00:00Z,102.14400482177734
2017-07-10T02:00:00Z,20.200000762939453
2017-07-10T03:00:00Z,0
2017-07-10T04:00:00Z,0
2017-07-10T05:00:00Z,0
2017-07-10T06:00:00Z,0
2017-07-10T07:00:00Z,0
2017-07-10T08:00:00Z,0
2017-07-10T09:00:00Z,0
2017-07-10T10:00:00Z,0
2017-07-10T11:00:00Z,54.048004150390625
2017-07-10T12:00:00Z,206.08001708984375
2017-07-10T13:00:00Z,341.072021484375
2017-07-10T14:00:00Z,486.9460144042969
2017-07-10T15:00:00Z,617.97705078125
2017-07-10T16:00:00Z,719.51605224609375
2017-07-10T17:00:00Z,778.446044921875
2017-07-10T18:00:00Z,850.71502685546875
2017-07-10T19:00:00Z,824.97601318359375
2017-07-10T20:00:00Z,796.2740478515625
2017-07-10T21:00:00Z,744.758056640625
2017-07-10T22:00:00Z,599.64703369140625
2017-07-10T23:00:00Z,455.72003173828125
2017-07-11T00:00:00Z,287.7760009765625
2017-07-11T01:00:00Z,156.5360107421875
2017-07-11T02:00:00Z,29.98400115966797
2017-07-11T03:00:00Z,0
2017-07-11T04:00:00Z,0
2017-07-11T05:00:00Z,0
2017-07-11T06:00:00Z,0
2017-07-11T07:00:00Z,0
2017-07-11T08:00:00Z,0
2017-07-11T09:00:00Z,0
2017-07-11T10:00:00Z,0
2017-07-11T11:00:00Z,39.36000061035156
2017-07-11T12:00:00Z,55.14400100708008
2017-07-11T13:00:00Z,91.600006103515625
2017-07-11T14:00:00Z,130.9720001220703
2017-07-11T15:00:00Z,176.8070068359375
2017-07-11T16:00:00Z,205.96800231933594
2017-07-11T17:00:00Z,222.9090118408203
2017-07-11T18:00:00Z,418.70703125
2017-07-11T19:00:00Z,406.0870056152344
2017-07-11T20:00:00Z,391.9510192871094
2017-07-11T21:00:00Z,384.59100341796875
2017-07-11T22:00:00Z,309.57501220703125
2017-07-11T23:00:00Z,235.13101196289062
2017-07-12T00:00:00Z,121.76000213623047
2017-07-12T01:00:00Z,65.97600555419922
2017-07-12T02:00:00Z,12.184000968933105
2017-07-12T03:00:00Z,0
2017-07-12T04:00:00Z,0
2017-07-12T05:00:00Z,0
2017-07-12T06:00:00Z,0
2017-07-12T07:00:00Z,0
2017-07-12T08:00:00Z,0
2017-07-12T09:00:00Z,0
2017-07-12T10:00:00Z,0
2017-07-12T11:00:00Z,28.080001831054688
2017-07-12T12:00:00Z,53.880001068115234
2017-07-12T13:00:00Z,89.84000396728516
2017-07-12T14:00:00Z,128.68600463867188
2017-07-12T15:00:00Z,133.57200622558594
2017-07-12T16:00:00Z,155.68101501464844
2017-07-12T17:00:00Z,168.53700256347656
2017-07-12T18:00:00Z,187.08401489257812
2017-07-12T19:00:00Z,181.45401000976562
2017-07-12T20:00:00Z,175.1490020751953
2017-07-12T21:00:00Z,174.73300170898438
2017-07-12T22:00:00Z,140.61500549316406
2017-07-12T23:00:00Z,106.74100494384766
2017-07-13T00:00:00Z,68.944000244140625
2017-07-13T01:00:00Z,37.20800018310547
2017-07-13T02:00:00Z,6.600000381469727
2017-07-13T03:00:00Z,0
2017-07-13T04:00:00Z,0
2017-07-13T05:00:00Z,0
2017-07-13T06:00:00Z,0
2017-07-13T07:00:00Z,0
2017-07-13T08:00:00Z,0
2017-07-13T09:00:00Z,0
2017-07-13T10:00:00Z,0
2017-07-13T11:00:00Z,31.2080020904541
2017-07-13T12:00:00Z,124.20000457763672
2017-07-13T13:00:00Z,207.93600463867188
2017-07-13T14:00:00Z,298.3520202636719
2017-07-13T15:00:00Z,509.0190124511719
2017-07-13T16:00:00Z,593.5880126953125
2017-07-13T17:00:00Z,642.84503173828125
2017-07-13T18:00:00Z,710.27203369140625
2017-07-13T19:00:00Z,688.97406005859375
2017-07-13T20:00:00Z,664.98504638671875
2017-07-13T21:00:00Z,615.89105224609375
2017-07-13T22:00:00Z,495.4610290527344
2017-07-13T23:00:00Z,375.8490295410156
2017-07-14T00:00:00Z,270.2560119628906
2017-07-14T01:00:00Z,145.21600341796875
2017-07-14T02:00:00Z,24.584001541137695
2017-07-14T03:00:00Z,0
2017-07-14T04:00:00Z,0
2017-07-14T05:00:00Z,0
2017-07-14T06:00:00Z,0
2017-07-14T07:00:00Z,0
2017-07-14T08:00:00Z,0
2017-07-14T09:00:00Z,0
2017-07-14T10:00:00Z,0
2017-07-14T11:00:00Z,48.34400177001953
2017-07-14T12:00:00Z,202.1920166015625
2017-07-14T13:00:00Z,339.9520263671875
2017-07-14T14:00:00Z,488.635009765625
2017-07-14T15:00:00Z,618.10205078125
2017-07-14T16:00:00Z,721.196044921875
2017-07-14T17:00:00Z,781.3160400390625
2017-07-14T18:00:00Z,845.4930419921875
2017-07-14T19:00:00Z,820.21502685546875
2017-07-14T20:00:00Z,791.63006591796875
2017-07-14T21:00:00Z,693.89605712890625
2017-07-14T22:00:00Z,558.0040283203125
2017-07-14T23:00:00Z,422.9920349121094
2017-07-15T00:00:00Z,181.552001953125
2017-07-15T01:00:00Z,97.08800506591797
2017-07-15T02:00:00Z,15.592000961303711
2017-07-15T03:00:00Z,0
2017-07-15T04:00:00Z,0
2017-07-15T05:00:00Z,0
2017-07-15T06:00:00Z,0
2017-07-15T07:00:00Z,0
2017-07-15T08:00:00Z,0
2017-07-15T09:00:00Z,0
2017-07-15T10:00:00Z,0
2017-07-15T11:00:00Z,45.36000061035156
2017-07-15T12:00:00Z,195.20001220703125
2017-07-15T13:00:00Z,329.64801025390625
2017-07-15T14:00:00Z,474.6780090332031
2017-07-15T15:00:00Z,604.6240234375
2017-07-15T16:00:00Z,705.883056640625
2017-07-15T17:00:00Z,764.988037109375
2017-07-15T18:00:00Z,788.2640380859375
2017-07-15T19:00:00Z,764.781005859375
2017-07-15T20:00:00Z,738.10406494140625
2017-07-15T21:00:00Z,650.467041015625
2017-07-15T22:00:00Z,522.885009765625
2017-07-15T23:00:00Z,396.06402587890625
2017-07-16T00:00:00Z,250.3360137939453
2017-07-16T01:00:00Z,133.1840057373047
2017-07-16T02:00:00Z,20.152000427246094
2017-07-16T03:00:00Z,0
2017-07-16T04:00:00Z,0
2017-07-16T05:00:00Z,0
2017-07-16T06:00:00Z,0
2017-07-16T07:00:00Z,0
2017-07-16T08:00:00Z,0
2017-07-16T09:00:00Z,0
2017-07-16T10:00:00Z,0
2017-07-16T11:00:00Z,44.39200210571289
2017-07-16T12:00:00Z,195.656005859375
2017-07-16T13:00:00Z,331.9360046386719
2017-07-16T14:00:00Z,478.8910217285156
2017-07-16T15:00:00Z,609.5870361328125
2017-07-16T16:00:00Z,712.0860595703125
2017-07-16T17:00:00Z,771.9820556640625
2017-07-16T18:00:00Z,832.320068359375
2017-07-16T19:00:00Z,807.551025390625
2017-07-16T20:00:00Z,779.3480224609375
2017-07-16T21:00:00Z,702.58404541015625
2017-07-16T22:00:00Z,564.5460205078125
2017-07-16T23:00:00Z,427.2580261230469
2017-07-17T00:00:00Z,264.6240234375
2017-07-17T01:00:00Z,140.01600646972656
2017-07-17T02:00:00Z,19.7760009765625
2017-07-17T03:00:00Z,0
2017-07-17T04:00:00Z,0
2017-07-17T05:00:00Z,0
2017-07-17T06:00:00Z,0
2017-07-17T07:00:00Z,0
2017-07-17T08:00:00Z,0
2017-07-17T09:00:00Z,0
2017-07-17T10:00:00Z,0
2017-07-17T11:00:00Z,31.048002243041992
2017-07-17T12:00:00Z,108.21600341796875
2017-07-17T13:00:00Z,184.48001098632812
2017-07-17T14:00:00Z,266.6750183105469
2017-07-17T15:00:00Z,349.406005859375
2017-07-17T16:00:00Z,408.405029296875
2017-07-17T17:00:00Z,442.9070129394531
2017-07-17T18:00:00Z,479.81103515625
2017-07-17T19:00:00Z,465.5670166015625
2017-07-17T20:00:00Z,449.27301025390625
2017-07-17T21:00:00Z,383.4200134277344
2017-07-17T22:00:00Z,307.9580078125
2017-07-17T23:00:00Z,232.86500549316406
2017-07-18T00:00:00Z,252.48001098632812
2017-07-18T01:00:00Z,132.80801391601562
2017-07-18T02:00:00Z,17.328001022338867
2017-07-18T03:00:00Z,0
2017-07-18T04:00:00Z,0
2017-07-18T05:00:00Z,0
2017-07-18T06:00:00Z,0
2017-07-18T07:00:00Z,0
2017-07-18T08:00:00Z,0
2017-07-18T09:00:00Z,0
2017-07-18T10:00:00Z,0
2017-07-18T11:00:00Z,39.71200180053711
2017-07-18T12:00:00Z,191.48800659179688
2017-07-18T13:00:00Z,328.06402587890625
2017-07-18T14:00:00Z,475.1820373535156
2017-07-18T15:00:00Z,594.47100830078125
2017-07-18T16:00:00Z,695.27105712890625
2017-07-18T17:00:00Z,754.29302978515625
2017-07-18T18:00:00Z,847.58905029296875
2017-07-18T19:00:00Z,822.4710693359375
2017-07-18T20:00:00Z,793.63702392578125
2017-07-18T21:00:00Z,748.612060546875
2017-07-18T22:00:00Z,600.96099853515625
2017-07-18T23:00:00Z,453.9920349121094
2017-07-19T00:00:00Z,271.0880126953125
2017-07-19T01:00:00Z,141.70401000976562
2017-07-19T02:00:00Z,16.84800148010254
2017-07-19T03:00:00Z,0
2017-07-19T04:00:00Z,0
2017-07-19T05:00:00Z,0
2017-07-19T06:00:00Z,0
2017-07-19T07:00:00Z,0
2017-07-19T08:00:00Z,0
2017-07-19T09:00:00Z,0
2017-07-19T10:00:00Z,0
2017-07-19T11:00:00Z,38.784000396728516
2017-07-19T12:00:00Z,186.99200439453125
2017-07-19T13:00:00Z,322.0160217285156
2017-07-19T14:00:00Z,467.4140319824219
2017-07-19T15:00:00Z,601.11700439453125
2017-07-19T16:00:00Z,703.47601318359375
2017-07-19T17:00:00Z,763.47503662109375
2017-07-19T18:00:00Z,830.1170654296875
2017-07-19T19:00:00Z,805.5460205078125
2017-07-19T20:00:00Z,777.25201416015625
2017-07-19T21:00:00Z,687.18804931640625
2017-07-19T22:00:00Z,551.36199951171875
2017-07-19T23:00:00Z,416.1050109863281
2017-07-20T00:00:00Z,234.84800720214844
2017-07-20T01:00:00Z,121.94400787353516
2017-07-20T02:00:00Z,12.992000579833984
2017-07-20T03:00:00Z,0
2017-07-20T04:00:00Z,0
2017-07-20T05:00:00Z,0
2017-07-20T06:00:00Z,0
2017-07-20T07:00:00Z,0
2017-07-20T08:00:00Z,0
2017-07-20T09:00:00Z,0
2017-07-20T10:00:00Z,0
2017-07-20T11:00:00Z,36.952003479003906
2017-07-20T12:00:00Z,186.416015625
2017-07-20T13:00:00Z,322.76800537109375
2017-07-20T14:00:00Z,469.52203369140625
2017-07-20T15:00:00Z,604.27301025390625
2017-07-20T16:00:00Z,707.62701416015625
2017-07-20T17:00:00Z,768.25701904296875
2017-07-20T18:00:00Z,837.79901123046875
2017-07-20T19:00:00Z,813.0360107421875
2017-07-20T20:00:00Z,784.39202880859375
2017-07-20T21:00:00Z,736.13702392578125
2017-07-20T22:00:00Z,590.3270263671875
2017-07-20T23:00:00Z,445.0310363769531
2017-07-21T00:00:00Z,263.5360107421875
2017-07-21T01:00:00Z,135.864013671875
2017-07-21T02:00:00Z,12.664000511169434
2017-07-21T03:00:00Z,0
2017-07-21T04:00:00Z,0
2017-07-21T05:00:00Z,0
2017-07-21T06:00:00Z,0
2017-07-21T07:00:00Z,0
2017-07-21T08:00:00Z,0
2017-07-21T09:00:00Z,0
2017-07-21T10:00:00Z,0
2017-07-21T11:00:00Z,34.14400100708008
2017-07-21T12:00:00Z,119.4800033569336
2017-07-21T13:00:00Z,208.03201293945312
2017-07-21T14:00:00Z,303.291015625
2017-07-21T15:00:00Z,285.1000061035156
2017-07-21T16:00:00Z,334.0810241699219
2017-07-21T17:00:00Z,362.84503173828125
2017-07-21T18:00:00Z,347.4360046386719
2017-07-21T19:00:00Z,337.1850280761719
2017-07-21T20:00:00Z,325.2720031738281
2017-07-21T21:00:00Z,302.3840026855469
2017-07-21T22:00:00Z,242.33700561523438
2017-07-21T23:00:00Z,182.49900817871094
2017-07-22T00:00:00Z,199.0240020751953
2017-07-22T01:00:00Z,101.8320083618164
2017-07-22T02:00:00Z,8.039999961853027
2017-07-22T03:00:00Z,0
2017-07-22T04:00:00Z,0
2017-07-22T05:00:00Z,0
2017-07-22T06:00:00Z,0
2017-07-22T07:00:00Z,0
2017-07-22T08:00:00Z,0
2017-07-22T09:00:00Z,0
2017-07-22T10:00:00Z,0
2017-07-22T11:00:00Z,14.824000358581543
2017-07-22T12:00:00Z,78.99200439453125
2017-07-22T13:00:00Z,138.3360137939453
2017-07-22T14:00:00Z,202.14700317382812
2017-07-22T15:00:00Z,419.59002685546875
2017-07-22T16:00:00Z,491.9830322265625
2017-07-22T17:00:00Z,534.551025390625
2017-07-22T18:00:00Z,523.385009765625
2017-07-22T19:00:00Z,507.9660339355469
2017-07-22T20:00:00Z,489.9450378417969
2017-07-22T21:00:00Z,392.21600341796875
2017-07-22T22:00:00Z,314.14501953125
2017-07-22T23:00:00Z,236.28201293945312
2017-07-23T00:00:00Z,153.7760009765625
2017-07-23T01:00:00Z,78.048004150390625
2017-07-23T02:00:00Z,4.9760003089904785
2017-07-23T03:00:00Z,0
2017-07-23T04:00:00Z,0
2017-07-23T05:00:00Z,0
2017-07-23T06:00:00Z,0
2017-07-23T07:00:00Z,0
2017-07-23T08:00:00Z,0
2017-07-23T09:00:00Z,0
2017-07-23T10:00:00Z,0
2017-07-23T11:00:00Z,30.36800193786621
2017-07-23T12:00:00Z,171.5600128173828
2017-07-23T13:00:00Z,302.30401611328125
2017-07-23T14:00:00Z,442.7770080566406
2017-07-23T15:00:00Z,576.87103271484375
2017-07-23T16:00:00Z,676.87005615234375
2017-07-23T17:00:00Z,735.67901611328125
2017-07-23T18:00:00Z,822.23004150390625
2017-07-23T19:00:00Z,798.02105712890625
2017-07-23T20:00:00Z,769.61004638671875
2017-07-23T21:00:00Z,715.64300537109375
2017-07-23T22:00:00Z,572.81201171875
2017-07-23T23:00:00Z,430.29400634765625
2017-07-24T00:00:00Z,257.4560241699219
2017-07-24T01:00:00Z,129.5600128173828
2017-07-24T02:00:00Z,6.144000053405762
2017-07-24T03:00:00Z,0
2017-07-24T04:00:00Z,0
2017-07-24T05:00:00Z,0
2017-07-24T06:00:00Z,0
2017-07-24T07:00:00Z,0
2017-07-24T08:00:00Z,0
2017-07-24T09:00:00Z,0
2017-07-24T10:00:00Z,0
2017-07-24T11:00:00Z,28.88800048828125
2017-07-24T12:00:00Z,173.416015625
2017-07-24T13:00:00Z,307.5040283203125
2017-07-24T14:00:00Z,451.5150146484375
2017-07-24T15:00:00Z,579.13604736328125
2017-07-24T16:00:00Z,679.99505615234375
2017-07-24T17:00:00Z,739.37506103515625
2017-07-24T18:00:00Z,811.73101806640625
2017-07-24T19:00:00Z,787.8160400390625
2017-07-24T20:00:00Z,759.654052734375
2017-07-24T21:00:00Z,714.52301025390625
2017-07-24T22:00:00Z,571.509033203125
2017-07-24T23:00:00Z,428.7510070800781
2017-07-25T00:00:00Z,249.1840057373047
2017-07-25T01:00:00Z,124.26400756835938
2017-07-25T02:00:00Z,3.7120001316070557
2017-07-25T03:00:00Z,0
2017-07-25T04:00:00Z,0
2017-07-25T05:00:00Z,0
2017-07-25T06:00:00Z,0
2017-07-25T07:00:00Z,0
2017-07-25T08:00:00Z,0
2017-07-25T09:00:00Z,0
2017-07-25T10:00:00Z,0
2017-07-25T11:00:00Z,26.36800193786621
2017-07-25T12:00:00Z,168.84800720214844
2017-07-25T13:00:00Z,301.3760070800781
2017-07-25T14:00:00Z,443.6090087890625
2017-07-25T15:00:00Z,562.90899658203125
2017-07-25T16:00:00Z,661.39404296875
2017-07-25T17:00:00Z,719.41802978515625
2017-07-25T18:00:00Z,690.9580078125
2017-07-25T19:00:00Z,670.5980224609375
2017-07-25T20:00:00Z,646.5260009765625
2017-07-25T21:00:00Z,522.8170166015625
2017-07-25T22:00:00Z,417.8650207519531
2017-07-25T23:00:00Z,313.0570068359375
2017-07-26T00:00:00Z,247.9840087890625
2017-07-26T01:00:00Z,122.47200775146484
2017-07-26T02:00:00Z,1.3680000305175781
2017-07-26T03:00:00Z,0
2017-07-26T04:00:00Z,0
2017-07-26T05:00:00Z,0
2017-07-26T06:00:00Z,0
2017-07-26T07:00:00Z,0
2017-07-26T08:00:00Z,0
2017-07-26T09:00:00Z,0
2017-07-26T10:00:00Z,0
2017-07-26T11:00:00Z,24.840002059936523
2017-07-26T12:00:00Z,164.94400024414062
2017-07-26T13:00:00Z,296.4320068359375
2017-07-26T14:00:00Z,437.4530334472656
2017-07-26T15:00:00Z,572.32000732421875
2017-07-26T16:00:00Z,672.927001953125
2017-07-26T17:00:00Z,732.24102783203125
2017-07-26T18:00:00Z,789.58502197265625
2017-07-26T19:00:00Z,766.34002685546875
2017-07-26T20:00:00Z,738.67706298828125
2017-07-26T21:00:00Z,622.41302490234375
2017-07-26T22:00:00Z,497.10003662109375
2017-07-26T23:00:00Z,371.8790283203125
2017-07-27T00:00:00Z,181.5360107421875
2017-07-27T01:00:00Z,88.73600769042969
2017-07-27T02:00:00Z,0
2017-07-27T03:00:00Z,0
2017-07-27T04:00:00Z,0
2017-07-27T05:00:00Z,0
2017-07-27T06:00:00Z,0
2017-07-27T07:00:00Z,0
2017-07-27T08:00:00Z,0
2017-07-27T09:00:00Z,0
2017-07-27T10:00:00Z,0
2017-07-27T11:00:00Z,22.57200050354004
2017-07-27T12:00:00Z,166.3360137939453
2017-07-27T13:00:00Z,301.0559997558594
2017-07-27T14:00:00Z,445.4460144042969
2017-07-27T15:00:00Z,579.883056640625
2017-07-27T16:00:00Z,682.301025390625
2017-07-27T17:00:00Z,742.7340087890625
2017-07-27T18:00:00Z,815.24505615234375
2017-07-27T19:00:00Z,791.24603271484375
2017-07-27T20:00:00Z,762.5460205078125
2017-07-27T21:00:00Z,713.80804443359375
2017-07-27T22:00:00Z,569.62701416015625
2017-07-27T23:00:00Z,425.49700927734375
2017-07-28T00:00:00Z,240.89601135253906
2017-07-28T01:00:00Z,116.4800033569336
2017-07-28T02:00:00Z,0
2017-07-28T03:00:00Z,0
2017-07-28T04:00:00Z,0
2017-07-28T05:00:00Z,0
2017-07-28T06:00:00Z,0
2017-07-28T07:00:00Z,0
2017-07-28T08:00:00Z,0
2017-07-28T09:00:00Z,0
2017-07-28T10:00:00Z,0
2017-07-28T11:00:00Z,20.87200164794922
2017-07-28T12:00:00Z,163.3520050048828
2017-07-28T13:00:00Z,297.8240051269531
2017-07-28T14:00:00Z,441.8750305175781
2017-07-28T15:00:00Z,577.52703857421875
2017-07-28T16:00:00Z,680.01605224609375
2017-07-28T17:00:00Z,740.54302978515625
2017-07-28T18:00:00Z,812.9140625
2017-07-28T19:00:00Z,788.9510498046875
2017-07-28T20:00:00Z,760.154052734375
2017-07-28T21:00:00Z,710.22100830078125
2017-07-28T22:00:00Z,566.27801513671875
2017-07-28T23:00:00Z,422.3270263671875
2017-07-29T00:00:00Z,238.7360076904297
2017-07-29T01:00:00Z,114.10400390625
2017-07-29T02:00:00Z,0
2017-07-29T03:00:00Z,0
2017-07-29T04:00:00Z,0
2017-07-29T05:00:00Z,0
2017-07-29T06:00:00Z,0
2017-07-29T07:00:00Z,0
2017-07-29T08:00:00Z,0
2017-07-29T09:00:00Z,0
2017-07-29T10:00:00Z,0
2017-07-29T11:00:00Z,18.804000854492188
2017-07-29T12:00:00Z,160.3280029296875
2017-07-29T13:00:00Z,294.54400634765625
2017-07-29T14:00:00Z,438.2120056152344
2017-07-29T15:00:00Z,572.93499755859375
2017-07-29T16:00:00Z,675.1180419921875
2017-07-29T17:00:00Z,735.4720458984375
2017-07-29T18:00:00Z,802.1640625
2017-07-29T19:00:00Z,778.49505615234375
2017-07-29T20:00:00Z,749.91802978515625
2017-07-29T21:00:00Z,660.947021484375
2017-07-29T22:00:00Z,526.5360107421875
2017-07-29T23:00:00Z,392.0320129394531
2017-07-30T00:00:00Z,192.54400634765625
2017-07-30T01:00:00Z,90.88800811767578
2017-07-30T02:00:00Z,0
2017-07-30T03:00:00Z,0
2017-07-30T04:00:00Z,0
2017-07-30T05:00:00Z,0
2017-07-30T06:00:00Z,0
2017-07-30T07:00:00Z,0
2017-07-30T08:00:00Z,0
2017-07-30T09:00:00Z,0
2017-07-30T10:00:00Z,0
2017-07-30T11:00:00Z,16.608001708984375
2017-07-30T12:00:00Z,156.2320098876953
2017-07-30T13:00:00Z,289.2960205078125
2017-07-30T14:00:00Z,431.6290283203125
2017-07-30T15:00:00Z,567.447998046875
2017-07-30T16:00:00Z,669.1290283203125
2017-07-30T17:00:00Z,729.24102783203125
2017-07-30T18:00:00Z,804.71405029296875
2017-07-30T19:00:00Z,780.9420166015625
2017-07-30T20:00:00Z,752.08905029296875
2017-07-30T21:00:00Z,704.11602783203125
2017-07-30T22:00:00Z,560.41400146484375
2017-07-30T23:00:00Z,416.53302001953125
2017-07-31T00:00:00Z,231.05601501464844
2017-07-31T01:00:00Z,107.64800262451172
2017-07-31T02:00:00Z,0
2017-07-31T03:00:00Z,0
2017-07-31T04:00:00Z,0
2017-07-31T05:00:00Z,0
2017-07-31T06:00:00Z,0
2017-07-31T07:00:00Z,0
2017-07-31T08:00:00Z,0
2017-07-31T09:00:00Z,0
2017-07-31T10:00:00Z,0
2017-07-31T11:00:00Z,14.812000274658203
2017-07-31T12:00:00Z,154.07200622558594
2017-07-31T13:00:00Z,287.66400146484375
2017-07-31T14:00:00Z,430.4530334472656
2017-07-31T15:00:00Z,566.60205078125
2017-07-31T16:00:00Z,668.654052734375
2017-07-31T17:00:00Z,728.97601318359375
2017-07-31T18:00:00Z,800.39703369140625
2017-07-31T19:00:00Z,776.71502685546875
2017-07-31T20:00:00Z,747.82904052734375
2017-07-31T21:00:00Z,695.67205810546875
2017-07-31T22:00:00Z,553.15203857421875
2017-07-31T23:00:00Z,410.39501953125
2017-08-01T00:00:00Z,199.60000610351562
2017-08-01T01:00:00Z,91.2800064086914
2017-08-01T02:00:00Z,0
2017-08-01T03:00:00Z,0
2017-08-01T04:00:00Z,0
2017-08-01T05:00:00Z,0
2017-08-01T06:00:00Z,0
2017-08-01T07:00:00Z,0
2017-08-01T08:00:00Z,0
2017-08-01T09:00:00Z,0
2017-08-01T10:00:00Z,0
2017-08-01T11:00:00Z,12.880001068115234
2017-08-01T12:00:00Z,151.3920135498047
2017-08-01T13:00:00Z,285.072021484375
2017-08-01T14:00:00Z,412.885009765625
2017-08-01T15:00:00Z,524.4420166015625
2017-08-01T16:00:00Z,613.6590576171875
2017-08-01T17:00:00Z,685.2120361328125
2017-08-01T18:00:00Z,433.9200134277344
2017-08-01T19:00:00Z,418.5530090332031
2017-08-01T20:00:00Z,405.593017578125
2017-08-01T21:00:00Z,335.760009765625
2017-08-01T22:00:00Z,279.57000732421875
2017-08-01T23:00:00Z,209.86300659179688
2017-08-02T00:00:00Z,137.12001037597656
2017-08-02T01:00:00Z,61.776004791259766
2017-08-02T02:00:00Z,0
2017-08-02T03:00:00Z,0
2017-08-02T04:00:00Z,0
2017-08-02T05:00:00Z,0
2017-08-02T06:00:00Z,0
2017-08-02T07:00:00Z,0
2017-08-02T08:00:00Z,0
2017-08-02T09:00:00Z,0
2017-08-02T10:00:00Z,0
2017-08-02T11:00:00Z,11.272000312805176
2017-08-02T12:00:00Z,147.76800537109375
2017-08-02T13:00:00Z,280.73602294921875
2017-08-02T14:00:00Z,407.8490295410156
2017-08-02T15:00:00Z,488.634033203125
2017-08-02T16:00:00Z,572.2080078125
2017-08-02T17:00:00Z,639.16705322265625
2017-08-02T18:00:00Z,580.11102294921875
2017-08-02T19:00:00Z,559.5360107421875
2017-08-02T20:00:00Z,542.02099609375
2017-08-02T21:00:00Z,467.5920104980469
2017-08-02T22:00:00Z,388.9310302734375
2017-08-02T23:00:00Z,291.3730163574219
2017-08-03T00:00:00Z,178.0640106201172
2017-08-03T01:00:00Z,78.96800231933594
2017-08-03T02:00:00Z,0
2017-08-03T03:00:00Z,0
2017-08-03T04:00:00Z,0
2017-08-03T05:00:00Z,0
2017-08-03T06:00:00Z,0
2017-08-03T07:00:00Z,0
2017-08-03T08:00:00Z,0
2017-08-03T09:00:00Z,0
2017-08-03T10:00:00Z,0
2017-08-03T11:00:00Z,9.836000442504883
2017-08-03T12:00:00Z,100.41600799560547
2017-08-03T13:00:00Z,192.52801513671875
2017-08-03T14:00:00Z,280.5780029296875
2017-08-03T15:00:00Z,439.3810119628906
2017-08-03T16:00:00Z,514.91705322265625
2017-08-03T17:00:00Z,575.38201904296875
2017-08-03T18:00:00Z,597.70501708984375
2017-08-03T19:00:00Z,576.44000244140625
2017-08-03T20:00:00Z,558.26300048828125
2017-08-03T21:00:00Z,527.25701904296875
2017-08-03T22:00:00Z,438.08502197265625
2017-08-03T23:00:00Z,327.52801513671875
2017-08-04T00:00:00Z,193.10400390625
2017-08-04T01:00:00Z,84.20000457763672
2017-08-04T02:00:00Z,0
2017-08-04T03:00:00Z,0
2017-08-04T04:00:00Z,0
2017-08-04T05:00:00Z,0
2017-08-04T06:00:00Z,0
2017-08-04T07:00:00Z,0
2017-08-04T08:00:00Z,0
2017-08-04T09:00:00Z,0
2017-08-04T10:00:00Z,0
2017-08-04T11:00:00Z,7.40000057220459
2017-08-04T12:00:00Z,143.82400512695312
2017-08-04T13:00:00Z,278.4000244140625
2017-08-04T14:00:00Z,407.0460205078125
2017-08-04T15:00:00Z,519.98101806640625
2017-08-04T16:00:00Z,609.86700439453125
2017-08-04T17:00:00Z,681.737060546875
2017-08-04T18:00:00Z,551
2017-08-04T19:00:00Z,531.3570556640625
2017-08-04T20:00:00Z,514.4210205078125
2017-08-04T21:00:00Z,426.0830078125
2017-08-04T22:00:00Z,353.6130065917969
2017-08-04T23:00:00Z,263.822021484375
2017-08-05T00:00:00Z,141.29600524902344
2017-08-05T01:00:00Z,60.50400161743164
2017-08-05T02:00:00Z,0
2017-08-05T03:00:00Z,0
2017-08-05T04:00:00Z,0
2017-08-05T05:00:00Z,0
2017-08-05T06:00:00Z,0
2017-08-05T07:00:00Z,0
2017-08-05T08:00:00Z,0
2017-08-05T09:00:00Z,0
2017-08-05T10:00:00Z,0
2017-08-05T11:00:00Z,5.516000270843506
2017-08-05T12:00:00Z,118.15200805664062
2017-08-05T13:00:00Z,230.99200439453125
2017-08-05T14:00:00Z,338.85302734375
2017-08-05T15:00:00Z,449.239013671875
2017-08-05T16:00:00Z,527.32403564453125
2017-08-05T17:00:00Z,589.6920166015625
2017-08-05T18:00:00Z,657.0360107421875
2017-08-05T19:00:00Z,633.54803466796875
2017-08-05T20:00:00Z,613.15704345703125
2017-08-05T21:00:00Z,596.32501220703125
2017-08-05T22:00:00Z,494.3210144042969
2017-08-05T23:00:00Z,367.99700927734375
2017-08-06T00:00:00Z,182.62400817871094
2017-08-06T01:00:00Z,76.69600677490234
2017-08-06T02:00:00Z,0
2017-08-06T03:00:00Z,0
2017-08-06T04:00:00Z,0
2017-08-06T05:00:00Z,0
2017-08-06T06:00:00Z,0
2017-08-06T07:00:00Z,0
2017-08-06T08:00:00Z,0
2017-08-06T09:00:00Z,0
2017-08-06T10:00:00Z,0
2017-08-06T11:00:00Z,3.812000274658203
2017-08-06T12:00:00Z,139.1280059814453
2017-08-06T13:00:00Z,274.8320007324219
2017-08-06T14:00:00Z,404.510009765625
2017-08-06T15:00:00Z,514.64105224609375
2017-08-06T16:00:00Z,604.56103515625
2017-08-06T17:00:00Z,676.35101318359375
2017-08-06T18:00:00Z,692.62506103515625
2017-08-06T19:00:00Z,667.77703857421875
2017-08-06T20:00:00Z,646.05303955078125
2017-08-06T21:00:00Z,506.5340270996094
2017-08-06T22:00:00Z,419.3940124511719
2017-08-06T23:00:00Z,311.4960021972656
2017-08-07T00:00:00Z,166.36801147460938
2017-08-07T01:00:00Z,68.44000244140625
2017-08-07T02:00:00Z,0
2017-08-07T03:00:00Z,0
2017-08-07T04:00:00Z,0
2017-08-07T05:00:00Z,0
2017-08-07T06:00:00Z,0
2017-08-07T07:00:00Z,0
2017-08-07T08:00:00Z,0
2017-08-07T09:00:00Z,0
2017-08-07T10:00:00Z,0
2017-08-07T11:00:00Z,2.052000045776367
2017-08-07T12:00:00Z,134.37600708007812
2017-08-07T13:00:00Z,268.30401611328125
2017-08-07T14:00:00Z,396.2690124511719
2017-08-07T15:00:00Z,517.6490478515625
2017-08-07T16:00:00Z,608.58502197265625
2017-08-07T17:00:00Z,681.12603759765625
2017-08-07T18:00:00Z,702.27703857421875
2017-08-07T19:00:00Z,677.0460205078125
2017-08-07T20:00:00Z,654.7650146484375
2017-08-07T21:00:00Z,602.7650146484375
2017-08-07T22:00:00Z,498.416015625
2017-08-07T23:00:00Z,369.3100280761719
2017-08-08T00:00:00Z,194.5600128173828
2017-08-08T01:00:00Z,78.2800064086914
2017-08-08T02:00:00Z,0
2017-08-08T03:00:00Z,0
2017-08-08T04:00:00Z,0
2017-08-08T05:00:00Z,0
2017-08-08T06:00:00Z,0
2017-08-08T07:00:00Z,0
2017-08-08T08:00:00Z,0
2017-08-08T09:00:00Z,0
2017-08-08T10:00:00Z,0
2017-08-08T11:00:00Z,0.3840000033378601
2017-08-08T12:00:00Z,99.61600494384766
2017-08-08T13:00:00Z,201.12001037597656
2017-08-08T14:00:00Z,298.1050109863281
2017-08-08T15:00:00Z,499.2900085449219
2017-08-08T16:00:00Z,587.4720458984375
2017-08-08T17:00:00Z,657.78802490234375
2017-08-08T18:00:00Z,675.58905029296875
2017-08-08T19:00:00Z,651.18804931640625
2017-08-08T20:00:00Z,629.5350341796875
2017-08-08T21:00:00Z,576.1510009765625
2017-08-08T22:00:00Z,475.7970275878906
2017-08-08T23:00:00Z,351.6730041503906
2017-08-09T00:00:00Z,146.89601135253906
2017-08-09T01:00:00Z,57.704002380371094
2017-08-09T02:00:00Z,0
2017-08-09T03:00:00Z,0
2017-08-09T04:00:00Z,0
2017-08-09T05:00:00Z,0
2017-08-09T06:00:00Z,0
2017-08-09T07:00:00Z,0
2017-08-09T08:00:00Z,0
2017-08-09T09:00:00Z,0
2017-08-09T10:00:00Z,0
2017-08-09T11:00:00Z,0
2017-08-09T12:00:00Z,58.97600173950195
2017-08-09T13:00:00Z,120.46400451660156
2017-08-09T14:00:00Z,179.1850128173828
2017-08-09T15:00:00Z,215.69700622558594
2017-08-09T16:00:00Z,253.9960174560547
2017-08-09T17:00:00Z,284.5080261230469
2017-08-09T18:00:00Z,362.916015625
2017-08-09T19:00:00Z,349.77301025390625
2017-08-09T20:00:00Z,338.0060119628906
2017-08-09T21:00:00Z,410.41802978515625
2017-08-09T22:00:00Z,338.46600341796875
2017-08-09T23:00:00Z,249.531005859375
2017-08-10T00:00:00Z,167.552001953125
2017-08-10T01:00:00Z,64.14400482177734
2017-08-10T02:00:00Z,0
2017-08-10T03:00:00Z,0
2017-08-10T04:00:00Z,0
2017-08-10T05:00:00Z,0
2017-08-10T06:00:00Z,0
2017-08-10T07:00:00Z,0
2017-08-10T08:00:00Z,0
2017-08-10T09:00:00Z,0
2017-08-10T10:00:00Z,0
2017-08-10T11:00:00Z,0
2017-08-10T12:00:00Z,101.14400482177734
2017-08-10T13:00:00Z,209.10400390625
2017-08-10T14:00:00Z,312.2090148925781
2017-08-10T15:00:00Z,474.18603515625
2017-08-10T16:00:00Z,558.8740234375
2017-08-10T17:00:00Z,626.248046875
2017-08-10T18:00:00Z,681.9940185546875
2017-08-10T19:00:00Z,657.16705322265625
2017-08-10T20:00:00Z,634.77801513671875
2017-08-10T21:00:00Z,573.947021484375
2017-08-10T22:00:00Z,472.67901611328125
2017-08-10T23:00:00Z,347.541015625
2017-08-11T00:00:00Z,168.68800354003906
2017-08-11T01:00:00Z,62.80800247192383
2017-08-11T02:00:00Z,0
2017-08-11T03:00:00Z,0
2017-08-11T04:00:00Z,0
2017-08-11T05:00:00Z,0
2017-08-11T06:00:00Z,0
2017-08-11T07:00:00Z,0
2017-08-11T08:00:00Z,0
2017-08-11T09:00:00Z,0
2017-08-11T10:00:00Z,0
2017-08-11T11:00:00Z,0
2017-08-11T12:00:00Z,122.14400482177734
2017-08-11T13:00:00Z,255.69601440429688
2017-08-11T14:00:00Z,383.2440185546875
2017-08-11T15:00:00Z,507.2960205078125
2017-08-11T16:00:00Z,598.40301513671875
2017-08-11T17:00:00Z,670.80303955078125
2017-08-11T18:00:00Z,701.550048828125
2017-08-11T19:00:00Z,675.92303466796875
2017-08-11T20:00:00Z,652.6080322265625
2017-08-11T21:00:00Z,606.63800048828125
2017-08-11T22:00:00Z,498.8730163574219
2017-08-11T23:00:00Z,365.8020324707031
2017-08-12T00:00:00Z,165.10400390625
2017-08-12T01:00:00Z,59.6400032043457
2017-08-12T02:00:00Z,0
2017-08-12T03:00:00Z,0
2017-08-12T04:00:00Z,0
2017-08-12T05:00:00Z,0
2017-08-12T06:00:00Z,0
2017-08-12T07:00:00Z,0
2017-08-12T08:00:00Z,0
2017-08-12T09:00:00Z,0
2017-08-12T10:00:00Z,0
2017-08-12T11:00:00Z,0
2017-08-12T12:00:00Z,120.26400756835938
2017-08-12T13:00:00Z,255.0880126953125
2017-08-12T14:00:00Z,383.8100280761719
2017-08-12T15:00:00Z,505.24603271484375
2017-08-12T16:00:00Z,596.5040283203125
2017-08-12T17:00:00Z,668.92303466796875
2017-08-12T18:00:00Z,672.92303466796875
2017-08-12T19:00:00Z,648.21502685546875
2017-08-12T20:00:00Z,625.56903076171875
2017-08-12T21:00:00Z,552.113037109375
2017-08-12T22:00:00Z,453.3390197753906
2017-08-12T23:00:00Z,331.46600341796875
2017-08-13T00:00:00Z,157.37600708007812
2017-08-13T01:00:00Z,55.0160026550293
2017-08-13T02:00:00Z,0
2017-08-13T03:00:00Z,0
2017-08-13T04:00:00Z,0
2017-08-13T05:00:00Z,0
2017-08-13T06:00:00Z,0
2017-08-13T07:00:00Z,0
2017-08-13T08:00:00Z,0
2017-08-13T09:00:00Z,0
2017-08-13T10:00:00Z,0
2017-08-13T11:00:00Z,0
2017-08-13T12:00:00Z,117.35200500488281
2017-08-13T13:00:00Z,252.32000732421875
2017-08-13T14:00:00Z,381.1600036621094
2017-08-13T15:00:00Z,500.67401123046875
2017-08-13T16:00:00Z,591.5880126953125
2017-08-13T17:00:00Z,663.67205810546875
2017-08-13T18:00:00Z,690.7030029296875
2017-08-13T19:00:00Z,665.23504638671875
2017-08-13T20:00:00Z,641.676025390625
2017-08-13T21:00:00Z,592.09503173828125
2017-08-13T22:00:00Z,485.4250183105469
2017-08-13T23:00:00Z,353.885009765625
2017-08-14T00:00:00Z,155.58401489257812
2017-08-14T01:00:00Z,52.480003356933594
2017-08-14T02:00:00Z,0
2017-08-14T03:00:00Z,0
2017-08-14T04:00:00Z,0
2017-08-14T05:00:00Z,0
2017-08-14T06:00:00Z,0
2017-08-14T07:00:00Z,0
2017-08-14T08:00:00Z,0
2017-08-14T09:00:00Z,0
2017-08-14T10:00:00Z,0
2017-08-14T11:00:00Z,0
2017-08-14T12:00:00Z,91.16800689697266
2017-08-14T13:00:00Z,198.83201599121094
2017-08-14T14:00:00Z,301.5870056152344
2017-08-14T15:00:00Z,487.8620300292969
2017-08-14T16:00:00Z,576.95001220703125
2017-08-14T17:00:00Z,647.529052734375
2017-08-14T18:00:00Z,640.67303466796875
2017-08-14T19:00:00Z,616.9210205078125
2017-08-14T20:00:00Z,594.7860107421875
2017-08-14T21:00:00Z,474.84600830078125
2017-08-14T22:00:00Z,388.676025390625
2017-08-14T23:00:00Z,282.4670104980469
2017-08-15T00:00:00Z,132.3040008544922
2017-08-15T01:00:00Z,42.92000198364258
2017-08-15T02:00:00Z,0
2017-08-15T03:00:00Z,0
2017-08-15T04:00:00Z,0
2017-08-15T05:00:00Z,0
2017-08-15T06:00:00Z,0
2017-08-15T07:00:00Z,0
2017-08-15T08:00:00Z,0
2017-08-15T09:00:00Z,0
2017-08-15T10:00:00Z,0
2017-08-15T11:00:00Z,0
2017-08-15T12:00:00Z,110.5040054321289
2017-08-15T13:00:00Z,244.60801696777344
2017-08-15T14:00:00Z,372.5870056152344
2017-08-15T15:00:00Z,466.8810119628906
2017-08-15T16:00:00Z,552.63604736328125
2017-08-15T17:00:00Z,620.47601318359375
2017-08-15T18:00:00Z,610.9560546875
2017-08-15T19:00:00Z,588.176025390625
2017-08-15T20:00:00Z,566.77001953125
2017-08-15T21:00:00Z,541.2330322265625
2017-08-15T22:00:00Z,442.2760314941406
2017-08-15T23:00:00Z,320.41302490234375
2017-08-16T00:00:00Z,153.7760009765625
2017-08-16T01:00:00Z,47.784000396728516
2017-08-16T02:00:00Z,0
2017-08-16T03:00:00Z,0
2017-08-16T04:00:00Z,0
2017-08-16T05:00:00Z,0
2017-08-16T06:00:00Z,0
2017-08-16T07:00:00Z,0
2017-08-16T08:00:00Z,0
2017-08-16T09:00:00Z,0
2017-08-16T10:00:00Z,0
2017-08-16T11:00:00Z,0
2017-08-16T12:00:00Z,43.624000549316406
2017-08-16T13:00:00Z,98.08000183105469
2017-08-16T14:00:00Z,150.02200317382812
2017-08-16T15:00:00Z,255.00100708007812
2017-08-16T16:00:00Z,302.0970153808594
2017-08-16T17:00:00Z,339.2980041503906
2017-08-16T18:00:00Z,376.13201904296875
2017-08-16T19:00:00Z,362.0240173339844
2017-08-16T20:00:00Z,348.66400146484375
2017-08-16T21:00:00Z,267.98602294921875
2017-08-16T22:00:00Z,218.6120147705078
2017-08-16T23:00:00Z,157.85000610351562
2017-08-17T00:00:00Z,83.376007080078125
2017-08-17T01:00:00Z,24.70400047302246
2017-08-17T02:00:00Z,0
2017-08-17T03:00:00Z,0
2017-08-17T04:00:00Z,0
2017-08-17T05:00:00Z,0
2017-08-17T06:00:00Z,0
2017-08-17T07:00:00Z,0
2017-08-17T08:00:00Z,0
2017-08-17T09:00:00Z,0
2017-08-17T10:00:00Z,0
2017-08-17T11:00:00Z,0
2017-08-17T12:00:00Z,68.608001708984375
2017-08-17T13:00:00Z,156.76800537109375
2017-08-17T14:00:00Z,240.85000610351562
2017-08-17T15:00:00Z,385.29901123046875
2017-08-17T16:00:00Z,456.8780212402344
2017-08-17T17:00:00Z,513.36004638671875
2017-08-17T18:00:00Z,624.717041015625
2017-08-17T19:00:00Z,601.16400146484375
2017-08-17T20:00:00Z,578.67901611328125
2017-08-17T21:00:00Z,557.39202880859375
2017-08-17T22:00:00Z,453.9040222167969
2017-08-17T23:00:00Z,326.6260070800781
2017-08-18T00:00:00Z,167.71200561523438
2017-08-18T01:00:00Z,47.152000427246094
2017-08-18T02:00:00Z,0
2017-08-18T03:00:00Z,0
2017-08-18T04:00:00Z,0
2017-08-18T05:00:00Z,0
2017-08-18T06:00:00Z,0
2017-08-18T07:00:00Z,0
2017-08-18T08:00:00Z,0
2017-08-18T09:00:00Z,0
2017-08-18T10:00:00Z,0
2017-08-18T11:00:00Z,0
2017-08-18T12:00:00Z,99.94400787353516
2017-08-18T13:00:00Z,232.2720184326172
2017-08-18T14:00:00Z,358.4610290527344
2017-08-18T15:00:00Z,484.39703369140625
2017-08-18T16:00:00Z,574.89703369140625
2017-08-18T17:00:00Z,646.2110595703125
2017-08-18T18:00:00Z,670.862060546875
2017-08-18T19:00:00Z,645.3990478515625
2017-08-18T20:00:00Z,620.8900146484375
2017-08-18T21:00:00Z,543.4210205078125
2017-08-18T22:00:00Z,441.7320251464844
2017-08-18T23:00:00Z,316.7400207519531
2017-08-19T00:00:00Z,135.29600524902344
2017-08-19T01:00:00Z,35.8640022277832
2017-08-19T02:00:00Z,0
2017-08-19T03:00:00Z,0
2017-08-19T04:00:00Z,0
2017-08-19T05:00:00Z,0
2017-08-19T06:00:00Z,0
2017-08-19T07:00:00Z,0
2017-08-19T08:00:00Z,0
2017-08-19T09:00:00Z,0
2017-08-19T10:00:00Z,0
2017-08-19T11:00:00Z,0
2017-08-19T12:00:00Z,99.160003662109375
2017-08-19T13:00:00Z,234.58401489257812
2017-08-19T14:00:00Z,363.66900634765625
2017-08-19T15:00:00Z,487.07403564453125
2017-08-19T16:00:00Z,578.62200927734375
2017-08-19T17:00:00Z,650.63104248046875
2017-08-19T18:00:00Z,677.010009765625
2017-08-19T19:00:00Z,651.177001953125
2017-08-19T20:00:00Z,626.07501220703125
2017-08-19T21:00:00Z,573.50701904296875
2017-08-19T22:00:00Z,465.322021484375
2017-08-19T23:00:00Z,332.4350280761719
2017-08-20T00:00:00Z,131.87200927734375
2017-08-20T01:00:00Z,32.71200180053711
2017-08-20T02:00:00Z,0
2017-08-20T03:00:00Z,0
2017-08-20T04:00:00Z,0
2017-08-20T05:00:00Z,0
2017-08-20T06:00:00Z,0
2017-08-20T07:00:00Z,0
2017-08-20T08:00:00Z,0
2017-08-20T09:00:00Z,0
2017-08-20T10:00:00Z,0
2017-08-20T11:00:00Z,0
2017-08-20T12:00:00Z,71.720001220703125
2017-08-20T13:00:00Z,172.8560028076172
2017-08-20T14:00:00Z,269.2380065917969
2017-08-20T15:00:00Z,482.5710144042969
2017-08-20T16:00:00Z,573.78802490234375
2017-08-20T17:00:00Z,645.4560546875
2017-08-20T18:00:00Z,682.46405029296875
2017-08-20T19:00:00Z,656.23101806640625
2017-08-20T20:00:00Z,630.551025390625
2017-08-20T21:00:00Z,584.52203369140625
2017-08-20T22:00:00Z,473.3290100097656
2017-08-20T23:00:00Z,336.864013671875
2017-08-21T00:00:00Z,133.37600708007812
2017-08-21T01:00:00Z,30.672000885009766
2017-08-21T02:00:00Z,0
2017-08-21T03:00:00Z,0
2017-08-21T04:00:00Z,0
2017-08-21T05:00:00Z,0
2017-08-21T06:00:00Z,0
2017-08-21T07:00:00Z,0
2017-08-21T08:00:00Z,0
2017-08-21T09:00:00Z,0
2017-08-21T10:00:00Z,0
2017-08-21T11:00:00Z,0
2017-08-21T12:00:00Z,64.46400451660156
2017-08-21T13:00:00Z,158.4320068359375
2017-08-21T14:00:00Z,247.95001220703125
2017-08-21T15:00:00Z,209.40200805664062
2017-08-21T16:00:00Z,249.20201110839844
2017-08-21T17:00:00Z,280.4480285644531
2017-08-21T18:00:00Z,229.0360107421875
2017-08-21T19:00:00Z,220.17401123046875
2017-08-21T20:00:00Z,211.42300415039062
2017-08-21T21:00:00Z,129.9550018310547
2017-08-21T22:00:00Z,105.04300689697266
2017-08-21T23:00:00Z,74.457000732421875
2017-08-22T00:00:00Z,30.96000099182129
2017-08-22T01:00:00Z,6.528000354766846
2017-08-22T02:00:00Z,0
2017-08-22T03:00:00Z,0
2017-08-22T04:00:00Z,0
2017-08-22T05:00:00Z,0
2017-08-22T06:00:00Z,0
2017-08-22T07:00:00Z,0
2017-08-22T08:00:00Z,0
2017-08-22T09:00:00Z,0
2017-08-22T10:00:00Z,0
2017-08-22T11:00:00Z,0
2017-08-22T12:00:00Z,21.34400177001953
2017-08-22T13:00:00Z,53.53600311279297
2017-08-22T14:00:00Z,84.20500183105469
2017-08-22T15:00:00Z,263.44500732421875
2017-08-22T16:00:00Z,313.822021484375
2017-08-22T17:00:00Z,353.3100280761719
2017-08-22T18:00:00Z,400.3030090332031
2017-08-22T19:00:00Z,384.6670227050781
2017-08-22T20:00:00Z,369.156005859375
2017-08-22T21:00:00Z,284.4840087890625
2017-08-22T22:00:00Z,229.42901611328125
2017-08-22T23:00:00Z,161.98300170898438
2017-08-23T00:00:00Z,82.7040023803711
2017-08-23T01:00:00Z,15.75200080871582
2017-08-23T02:00:00Z,0
2017-08-23T03:00:00Z,0
2017-08-23T04:00:00Z,0
2017-08-23T05:00:00Z,0
2017-08-23T06:00:00Z,0
2017-08-23T07:00:00Z,0
2017-08-23T08:00:00Z,0
2017-08-23T09:00:00Z,0
2017-08-23T10:00:00Z,0
2017-08-23T11:00:00Z,0
2017-08-23T12:00:00Z,88.32000732421875
2017-08-23T13:00:00Z,226.42401123046875
2017-08-23T14:00:00Z,357.91900634765625
2017-08-23T15:00:00Z,484.7230224609375
2017-08-23T16:00:00Z,577.95904541015625
2017-08-23T17:00:00Z,650.91302490234375
2017-08-23T18:00:00Z,624.385009765625
2017-08-23T19:00:00Z,599.84503173828125
2017-08-23T20:00:00Z,575.258056640625
2017-08-23T21:00:00Z,511.49102783203125
2017-08-23T22:00:00Z,411.6520080566406
2017-08-23T23:00:00Z,289.4170227050781
2017-08-24T00:00:00Z,113.31200408935547
2017-08-24T01:00:00Z,19.128000259399414
2017-08-24T02:00:00Z,0
2017-08-24T03:00:00Z,0
2017-08-24T04:00:00Z,0
2017-08-24T05:00:00Z,0
2017-08-24T06:00:00Z,0
2017-08-24T07:00:00Z,0
2017-08-24T08:00:00Z,0
2017-08-24T09:00:00Z,0
2017-08-24T10:00:00Z,0
2017-08-24T11:00:00Z,0
2017-08-24T12:00:00Z,87.29600524902344
2017-08-24T13:00:00Z,228.9600067138672
2017-08-24T14:00:00Z,363.79400634765625
2017-08-24T15:00:00Z,491.7660217285156
2017-08-24T16:00:00Z,586.91302490234375
2017-08-24T17:00:00Z,661.26605224609375
2017-08-24T18:00:00Z,685.77001953125
2017-08-24T19:00:00Z,658.61700439453125
2017-08-24T20:00:00Z,631.19805908203125
2017-08-24T21:00:00Z,572.916015625
2017-08-24T22:00:00Z,460.0760192871094
2017-08-24T23:00:00Z,322.0450134277344
2017-08-25T00:00:00Z,114.76800537109375
2017-08-25T01:00:00Z,16.72800064086914
2017-08-25T02:00:00Z,0
2017-08-25T03:00:00Z,0
2017-08-25T04:00:00Z,0
2017-08-25T05:00:00Z,0
2017-08-25T06:00:00Z,0
2017-08-25T07:00:00Z,0
2017-08-25T08:00:00Z,0
2017-08-25T09:00:00Z,0
2017-08-25T10:00:00Z,0
2017-08-25T11:00:00Z,0
2017-08-25T12:00:00Z,82.02400207519531
2017-08-25T13:00:00Z,220.36801147460938
2017-08-25T14:00:00Z,352.00701904296875
2017-08-25T15:00:00Z,479.8200378417969
2017-08-25T16:00:00Z,573.2239990234375
2017-08-25T17:00:00Z,646.071044921875
2017-08-25T18:00:00Z,669.7110595703125
2017-08-25T19:00:00Z,642.9940185546875
2017-08-25T20:00:00Z,615.77703857421875
2017-08-25T21:00:00Z,551.4840087890625
2017-08-25T22:00:00Z,441.8780212402344
2017-08-25T23:00:00Z,307.9040222167969
2017-08-26T00:00:00Z,104.16000366210938
2017-08-26T01:00:00Z,12.616000175476074
2017-08-26T02:00:00Z,0
2017-08-26T03:00:00Z,0
2017-08-26T04:00:00Z,0
2017-08-26T05:00:00Z,0
2017-08-26T06:00:00Z,0
2017-08-26T07:00:00Z,0
2017-08-26T08:00:00Z,0
2017-08-26T09:00:00Z,0
2017-08-26T10:00:00Z,0
2017-08-26T11:00:00Z,0
2017-08-26T12:00:00Z,39.12800216674805
2017-08-26T13:00:00Z,107.82400512695312
2017-08-26T14:00:00Z,173.1580047607422
2017-08-26T15:00:00Z,161.8360137939453
2017-08-26T16:00:00Z,193.54000854492188
2017-08-26T17:00:00Z,218.21400451660156
2017-08-26T18:00:00Z,269.6600036621094
2017-08-26T19:00:00Z,258.81201171875
2017-08-26T20:00:00Z,247.67300415039062
2017-08-26T21:00:00Z,236.5050048828125
2017-08-26T22:00:00Z,189.04800415039062
2017-08-26T23:00:00Z,131.114013671875
2017-08-27T00:00:00Z,42.224002838134766
2017-08-27T01:00:00Z,4
2017-08-27T02:00:00Z,0
2017-08-27T03:00:00Z,0
2017-08-27T04:00:00Z,0
2017-08-27T05:00:00Z,0
2017-08-27T06:00:00Z,0
2017-08-27T07:00:00Z,0
2017-08-27T08:00:00Z,0
2017-08-27T09:00:00Z,0
2017-08-27T10:00:00Z,0
2017-08-27T11:00:00Z,0
2017-08-27T12:00:00Z,32.272003173828125
2017-08-27T13:00:00Z,91.36000061035156
2017-08-27T14:00:00Z,147.56300354003906
2017-08-27T15:00:00Z,349.0760192871094
2017-08-27T16:00:00Z,417.8440246582031
2017-08-27T17:00:00Z,471.3070373535156
2017-08-27T18:00:00Z,642.21002197265625
2017-08-27T19:00:00Z,616.166015625
2017-08-27T20:00:00Z,589.20703125
2017-08-27T21:00:00Z,528.45501708984375
2017-08-27T22:00:00Z,421.4400329589844
2017-08-27T23:00:00Z,290.8760070800781
2017-08-28T00:00:00Z,92.36800384521484
2017-08-28T01:00:00Z,6.152000427246094
2017-08-28T02:00:00Z,0
2017-08-28T03:00:00Z,0
2017-08-28T04:00:00Z,0
2017-08-28T05:00:00Z,0
2017-08-28T06:00:00Z,0
2017-08-28T07:00:00Z,0
2017-08-28T08:00:00Z,0
2017-08-28T09:00:00Z,0
2017-08-28T10:00:00Z,0
2017-08-28T11:00:00Z,0
2017-08-28T12:00:00Z,70.52799987792969
2017-08-28T13:00:00Z,205.4560089111328
2017-08-28T14:00:00Z,333.7070007324219
2017-08-28T15:00:00Z,458.1250305175781
2017-08-28T16:00:00Z,548.927001953125
2017-08-28T17:00:00Z,619.4000244140625
2017-08-28T18:00:00Z,636.26202392578125
2017-08-28T19:00:00Z,610.22601318359375
2017-08-28T20:00:00Z,583.0880126953125
2017-08-28T21:00:00Z,518.13604736328125
2017-08-28T22:00:00Z,412.19403076171875
2017-08-28T23:00:00Z,283.0660095214844
2017-08-29T00:00:00Z,91.02400207519531
2017-08-29T01:00:00Z,3.30400013923645
2017-08-29T02:00:00Z,0
2017-08-29T03:00:00Z,0
2017-08-29T04:00:00Z,0
2017-08-29T05:00:00Z,0
2017-08-29T06:00:00Z,0
2017-08-29T07:00:00Z,0
2017-08-29T08:00:00Z,0
2017-08-29T09:00:00Z,0
2017-08-29T10:00:00Z,0
2017-08-29T11:00:00Z,0
2017-08-29T12:00:00Z,45.7760009765625
2017-08-29T13:00:00Z,137.4560089111328
2017-08-29T14:00:00Z,224.57101440429688
2017-08-29T15:00:00Z,407.06903076171875
2017-08-29T16:00:00Z,488.2420349121094
2017-08-29T17:00:00Z,551.14105224609375
2017-08-29T18:00:00Z,638.8570556640625
2017-08-29T19:00:00Z,612.4820556640625
2017-08-29T20:00:00Z,584.80804443359375
2017-08-29T21:00:00Z,510.968017578125
2017-08-29T22:00:00Z,405.47802734375
2017-08-29T23:00:00Z,276.9900207519531
2017-08-30T00:00:00Z,58.85600280761719
2017-08-30T01:00:00Z,0.2240000069141388
2017-08-30T02:00:00Z,0
2017-08-30T03:00:00Z,0
2017-08-30T04:00:00Z,0
2017-08-30T05:00:00Z,0
2017-08-30T06:00:00Z,0
2017-08-30T07:00:00Z,0
2017-08-30T08:00:00Z,0
2017-08-30T09:00:00Z,0
2017-08-30T10:00:00Z,0
2017-08-30T11:00:00Z,0
2017-08-30T12:00:00Z,52.68800354003906
2017-08-30T13:00:00Z,163.42401123046875
2017-08-30T14:00:00Z,268.5980224609375
2017-08-30T15:00:00Z,455.55401611328125
2017-08-30T16:00:00Z,546.95404052734375
2017-08-30T17:00:00Z,617.66302490234375
2017-08-30T18:00:00Z,651.9520263671875
2017-08-30T19:00:00Z,624.7900390625
2017-08-30T20:00:00Z,596.0660400390625
2017-08-30T21:00:00Z,533.863037109375
2017-08-30T22:00:00Z,422.5390319824219
2017-08-30T23:00:00Z,287.0820007324219
2017-08-31T00:00:00Z,84.1760025024414
2017-08-31T01:00:00Z,0
2017-08-31T02:00:00Z,0
2017-08-31T03:00:00Z,0
2017-08-31T04:00:00Z,0
2017-08-31T05:00:00Z,0
2017-08-31T06:00:00Z,0
2017-08-31T07:00:00Z,0
2017-08-31T08:00:00Z,0
2017-08-31T09:00:00Z,0
2017-08-31T10:00:00Z,0
2017-08-31T11:00:00Z,0
2017-08-31T12:00:00Z,61.42400360107422
2017-08-31T13:00:00Z,197.24801635742188
2017-08-31T14:00:00Z,326.2130126953125
2017-08-31T15:00:00Z,454.541015625
2017-08-31T16:00:00Z,546.300048828125
2017-08-31T17:00:00Z,617.13702392578125
2017-08-31T18:00:00Z,615.24603271484375
2017-08-31T19:00:00Z,589.39501953125
2017-08-31T20:00:00Z,561.82904052734375
2017-08-31T21:00:00Z,515.66204833984375
2017-08-31T22:00:00Z,407.0450134277344
2017-08-31T23:00:00Z,275.01202392578125
2017-09-01T00:00:00Z,79.51200103759766
2017-09-01T01:00:00Z,0
2017-09-01T02:00:00Z,0
2017-09-01T03:00:00Z,0
2017-09-01T04:00:00Z,0
2017-09-01T05:00:00Z,0
2017-09-01T06:00:00Z,0
2017-09-01T07:00:00Z,0
2017-09-01T08:00:00Z,0
2017-09-01T09:00:00Z,0
2017-09-01T10:00:00Z,0
2017-09-01T11:00:00Z,0
2017-09-01T12:00:00Z,57.68000411987305
2017-09-01T13:00:00Z,192.22401428222656
2017-09-01T14:00:00Z,319.927001953125
2017-09-01T15:00:00Z,454.9980163574219
2017-09-01T16:00:00Z,568.2060546875
2017-09-01T17:00:00Z,637.04705810546875
2017-09-01T18:00:00Z,653.83001708984375
2017-09-01T19:00:00Z,633.291015625
2017-09-01T20:00:00Z,601.6610107421875
2017-09-01T21:00:00Z,408.6800231933594
2017-09-01T22:00:00Z,313.1930236816406
2017-09-01T23:00:00Z,213.27101135253906
2017-09-02T00:00:00Z,51.512001037597656
2017-09-02T01:00:00Z,0
2017-09-02T02:00:00Z,0
2017-09-02T03:00:00Z,0
2017-09-02T04:00:00Z,0
2017-09-02T05:00:00Z,0
2017-09-02T06:00:00Z,0
2017-09-02T07:00:00Z,0
2017-09-02T08:00:00Z,0
2017-09-02T09:00:00Z,0
2017-09-02T10:00:00Z,0
2017-09-02T11:00:00Z,0
2017-09-02T12:00:00Z,34.36800003051758
2017-09-02T13:00:00Z,119.21600341796875
2017-09-02T14:00:00Z,199.7200164794922
2017-09-02T15:00:00Z,425.8020324707031
2017-09-02T16:00:00Z,532.32501220703125
2017-09-02T17:00:00Z,597.03204345703125
2017-09-02T18:00:00Z,657.14105224609375
2017-09-02T19:00:00Z,636.2340087890625
2017-09-02T20:00:00Z,603.927001953125
2017-09-02T21:00:00Z,537.33001708984375
2017-09-02T22:00:00Z,410.62103271484375
2017-09-02T23:00:00Z,277.9320068359375
2017-09-03T00:00:00Z,68.97600555419922
2017-09-03T01:00:00Z,0
2017-09-03T02:00:00Z,0
2017-09-03T03:00:00Z,0
2017-09-03T04:00:00Z,0
2017-09-03T05:00:00Z,0
2017-09-03T06:00:00Z,0
2017-09-03T07:00:00Z,0
2017-09-03T08:00:00Z,0
2017-09-03T09:00:00Z,0
2017-09-03T10:00:00Z,0
2017-09-03T11:00:00Z,0
2017-09-03T12:00:00Z,45.768001556396484
2017-09-03T13:00:00Z,165.760009765625
2017-09-03T14:00:00Z,279.5450134277344
2017-09-03T15:00:00Z,300.59600830078125
2017-09-03T16:00:00Z,376.18902587890625
2017-09-03T17:00:00Z,422.0790100097656
2017-09-03T18:00:00Z,280.635009765625
2017-09-03T19:00:00Z,271.593017578125
2017-09-03T20:00:00Z,257.5580139160156
2017-09-03T21:00:00Z,284.9000244140625
2017-09-03T22:00:00Z,217.07501220703125
2017-09-03T23:00:00Z,146.01600646972656
2017-09-04T00:00:00Z,46.840003967285156
2017-09-04T01:00:00Z,0
2017-09-04T02:00:00Z,0
2017-09-04T03:00:00Z,0
2017-09-04T04:00:00Z,0
2017-09-04T05:00:00Z,0
2017-09-04T06:00:00Z,0
2017-09-04T07:00:00Z,0
2017-09-04T08:00:00Z,0
2017-09-04T09:00:00Z,0
2017-09-04T10:00:00Z,0
2017-09-04T11:00:00Z,0
2017-09-04T12:00:00Z,39.384002685546875
2017-09-04T13:00:00Z,149.46400451660156
2017-09-04T14:00:00Z,253.79901123046875
2017-09-04T15:00:00Z,319.041015625
2017-09-04T16:00:00Z,399.7010192871094
2017-09-04T17:00:00Z,448.65301513671875
2017-09-04T18:00:00Z,552.58502197265625
2017-09-04T19:00:00Z,534.5350341796875
2017-09-04T20:00:00Z,506.47503662109375
2017-09-04T21:00:00Z,488.9510192871094
2017-09-04T22:00:00Z,371.4540100097656
2017-09-04T23:00:00Z,248.22401428222656
2017-09-05T00:00:00Z,34.3120002746582
2017-09-05T01:00:00Z,0
2017-09-05T02:00:00Z,0
2017-09-05T03:00:00Z,0
2017-09-05T04:00:00Z,0
2017-09-05T05:00:00Z,0
2017-09-05T06:00:00Z,0
2017-09-05T07:00:00Z,0
2017-09-05T08:00:00Z,0
2017-09-05T09:00:00Z,0
2017-09-05T10:00:00Z,0
2017-09-05T11:00:00Z,0
2017-09-05T12:00:00Z,27.66400146484375
2017-09-05T13:00:00Z,110.46400451660156
2017-09-05T14:00:00Z,188.91200256347656
2017-09-05T15:00:00Z,286.63201904296875
2017-09-05T16:00:00Z,359.4950256347656
2017-09-05T17:00:00Z,403.67401123046875
2017-09-05T18:00:00Z,246.44700622558594
2017-09-05T19:00:00Z,238.3090057373047
2017-09-05T20:00:00Z,225.5670166015625
2017-09-05T21:00:00Z,224.8660125732422
2017-09-05T22:00:00Z,170.302001953125
2017-09-05T23:00:00Z,113.04000854492188
2017-09-06T00:00:00Z,34.96800231933594
2017-09-06T01:00:00Z,0
2017-09-06T02:00:00Z,0
2017-09-06T03:00:00Z,0
2017-09-06T04:00:00Z,0
2017-09-06T05:00:00Z,0
2017-09-06T06:00:00Z,0
2017-09-06T07:00:00Z,0
2017-09-06T08:00:00Z,0
2017-09-06T09:00:00Z,0
2017-09-06T10:00:00Z,0
2017-09-06T11:00:00Z,0
2017-09-06T12:00:00Z,24.176000595092773
2017-09-06T13:00:00Z,102.04000854492188
2017-09-06T14:00:00Z,175.80601501464844
2017-09-06T15:00:00Z,252.510009765625
2017-09-06T16:00:00Z,317.0670166015625
2017-09-06T17:00:00Z,356.1860046386719
2017-09-06T18:00:00Z,416.3440246582031
2017-09-06T19:00:00Z,402.3600158691406
2017-09-06T20:00:00Z,380.51202392578125
2017-09-06T21:00:00Z,317.8260192871094
2017-09-06T22:00:00Z,239.95301818847656
2017-09-06T23:00:00Z,158.16000366210938
2017-09-07T00:00:00Z,57.368003845214844
2017-09-07T01:00:00Z,0
2017-09-07T02:00:00Z,0
2017-09-07T03:00:00Z,0
2017-09-07T04:00:00Z,0
2017-09-07T05:00:00Z,0
2017-09-07T06:00:00Z,0
2017-09-07T07:00:00Z,0
2017-09-07T08:00:00Z,0
2017-09-07T09:00:00Z,0
2017-09-07T10:00:00Z,0
2017-09-07T11:00:00Z,0
2017-09-07T12:00:00Z,19.584001541137695
2017-09-07T13:00:00Z,87.88800048828125
2017-09-07T14:00:00Z,152.56100463867188
2017-09-07T15:00:00Z,317.4510192871094
2017-09-07T16:00:00Z,399.0320129394531
2017-09-07T17:00:00Z,448.4350280761719
2017-09-07T18:00:00Z,586.29901123046875
2017-09-07T19:00:00Z,566.37603759765625
2017-09-07T20:00:00Z,535.10400390625
2017-09-07T21:00:00Z,379.416015625
2017-09-07T22:00:00Z,285.5030212402344
2017-09-07T23:00:00Z,186.81600952148438
2017-09-08T00:00:00Z,53.20000076293945
2017-09-08T01:00:00Z,0
2017-09-08T02:00:00Z,0
2017-09-08T03:00:00Z,0
2017-09-08T04:00:00Z,0
2017-09-08T05:00:00Z,0
2017-09-08T06:00:00Z,0
2017-09-08T07:00:00Z,0
2017-09-08T08:00:00Z,0
2017-09-08T09:00:00Z,0
2017-09-08T10:00:00Z,0
2017-09-08T11:00:00Z,0
2017-09-08T12:00:00Z,35.53600311279297
2017-09-08T13:00:00Z,170.70401000976562
2017-09-08T14:00:00Z,298.6230163574219
2017-09-08T15:00:00Z,439.9010314941406
2017-09-08T16:00:00Z,553.60101318359375
2017-09-08T17:00:00Z,622.4210205078125
2017-09-08T18:00:00Z,645.07305908203125
2017-09-08T19:00:00Z,622.81103515625
2017-09-08T20:00:00Z,587.84503173828125
2017-09-08T21:00:00Z,511.89501953125
2017-09-08T22:00:00Z,383.906005859375
2017-09-08T23:00:00Z,249.31201171875
2017-09-09T00:00:00Z,47.16800308227539
2017-09-09T01:00:00Z,0
2017-09-09T02:00:00Z,0
2017-09-09T03:00:00Z,0
2017-09-09T04:00:00Z,0
2017-09-09T05:00:00Z,0
2017-09-09T06:00:00Z,0
2017-09-09T07:00:00Z,0
2017-09-09T08:00:00Z,0
2017-09-09T09:00:00Z,0
2017-09-09T10:00:00Z,0
2017-09-09T11:00:00Z,0
2017-09-09T12:00:00Z,32.16800308227539
2017-09-09T13:00:00Z,166.72801208496094
2017-09-09T14:00:00Z,294.0160217285156
2017-09-09T15:00:00Z,435.42303466796875
2017-09-09T16:00:00Z,548.59600830078125
2017-09-09T17:00:00Z,617.03802490234375
2017-09-09T18:00:00Z,640.0240478515625
2017-09-09T19:00:00Z,617.63800048828125
2017-09-09T20:00:00Z,582.3800048828125
2017-09-09T21:00:00Z,502.9980163574219
2017-09-09T22:00:00Z,375.94403076171875
2017-09-09T23:00:00Z,242.2080078125
2017-09-10T00:00:00Z,44.320003509521484
2017-09-10T01:00:00Z,0
2017-09-10T02:00:00Z,0
2017-09-10T03:00:00Z,0
2017-09-10T04:00:00Z,0
2017-09-10T05:00:00Z,0
2017-09-10T06:00:00Z,0
2017-09-10T07:00:00Z,0
2017-09-10T08:00:00Z,0
2017-09-10T09:00:00Z,0
2017-09-10T10:00:00Z,0
2017-09-10T11:00:00Z,0
2017-09-10T12:00:00Z,27.904001235961914
2017-09-10T13:00:00Z,157.58401489257812
2017-09-10T14:00:00Z,280.1960144042969
2017-09-10T15:00:00Z,419.155029296875
2017-09-10T16:00:00Z,528.73504638671875
2017-09-10T17:00:00Z,594.93701171875
2017-09-10T18:00:00Z,616.4940185546875
2017-09-10T19:00:00Z,594.63702392578125
2017-09-10T20:00:00Z,560.07000732421875
2017-09-10T21:00:00Z,481.863037109375
2017-09-10T22:00:00Z,358.8740234375
2017-09-10T23:00:00Z,229.32801818847656
2017-09-11T00:00:00Z,35.42399978637695
2017-09-11T01:00:00Z,0
2017-09-11T02:00:00Z,0
2017-09-11T03:00:00Z,0
2017-09-11T04:00:00Z,0
2017-09-11T05:00:00Z,0
2017-09-11T06:00:00Z,0
2017-09-11T07:00:00Z,0
2017-09-11T08:00:00Z,0
2017-09-11T09:00:00Z,0
2017-09-11T10:00:00Z,0
2017-09-11T11:00:00Z,0
2017-09-11T12:00:00Z,25.2080020904541
2017-09-11T13:00:00Z,156.99200439453125
2017-09-11T14:00:00Z,281.5360107421875
2017-09-11T15:00:00Z,429.7490234375
2017-09-11T16:00:00Z,542.748046875
2017-09-11T17:00:00Z,610.98504638671875
2017-09-11T18:00:00Z,633.28704833984375
2017-09-11T19:00:00Z,610.51202392578125
2017-09-11T20:00:00Z,574.41705322265625
2017-09-11T21:00:00Z,495.3540344238281
2017-09-11T22:00:00Z,367.56903076171875
2017-09-11T23:00:00Z,232.89601135253906
2017-09-12T00:00:00Z,42.13600158691406
2017-09-12T01:00:00Z,0
2017-09-12T02:00:00Z,0
2017-09-12T03:00:00Z,0
2017-09-12T04:00:00Z,0
2017-09-12T05:00:00Z,0
2017-09-12T06:00:00Z,0
2017-09-12T07:00:00Z,0
2017-09-12T08:00:00Z,0
2017-09-12T09:00:00Z,0
2017-09-12T10:00:00Z,0
2017-09-12T11:00:00Z,0
2017-09-12T12:00:00Z,21.944000244140625
2017-09-12T13:00:00Z,153.09600830078125
2017-09-12T14:00:00Z,276.99700927734375
2017-09-12T15:00:00Z,417.135009765625
2017-09-12T16:00:00Z,527.4620361328125
2017-09-12T17:00:00Z,594.0050048828125
2017-09-12T18:00:00Z,614.3740234375
2017-09-12T19:00:00Z,591.95501708984375
2017-09-12T20:00:00Z,556.373046875
2017-09-12T21:00:00Z,474.2340087890625
2017-09-12T22:00:00Z,350.5830078125
2017-09-12T23:00:00Z,220.16000366210938
2017-09-13T00:00:00Z,31.64000129699707
2017-09-13T01:00:00Z,0
2017-09-13T02:00:00Z,0
2017-09-13T03:00:00Z,0
2017-09-13T04:00:00Z,0
2017-09-13T05:00:00Z,0
2017-09-13T06:00:00Z,0
2017-09-13T07:00:00Z,0
2017-09-13T08:00:00Z,0
2017-09-13T09:00:00Z,0
2017-09-13T10:00:00Z,0
2017-09-13T11:00:00Z,0
2017-09-13T12:00:00Z,18.7760009765625
2017-09-13T13:00:00Z,149.74400329589844
2017-09-13T14:00:00Z,273.3990173339844
2017-09-13T15:00:00Z,412.301025390625
2017-09-13T16:00:00Z,521.98504638671875
2017-09-13T17:00:00Z,588.09600830078125
2017-09-13T18:00:00Z,609.696044921875
2017-09-13T19:00:00Z,587.14501953125
2017-09-13T20:00:00Z,551.24603271484375
2017-09-13T21:00:00Z,466.3550109863281
2017-09-13T22:00:00Z,343.42401123046875
2017-09-13T23:00:00Z,213.6800079345703
2017-09-14T00:00:00Z,25.45600128173828
2017-09-14T01:00:00Z,0
2017-09-14T02:00:00Z,0
2017-09-14T03:00:00Z,0
2017-09-14T04:00:00Z,0
2017-09-14T05:00:00Z,0
2017-09-14T06:00:00Z,0
2017-09-14T07:00:00Z,0
2017-09-14T08:00:00Z,0
2017-09-14T09:00:00Z,0
2017-09-14T10:00:00Z,0
2017-09-14T11:00:00Z,0
2017-09-14T12:00:00Z,5.328000068664551
2017-09-14T13:00:00Z,50.0160026550293
2017-09-14T14:00:00Z,92.19200134277344
2017-09-14T15:00:00Z,134.92601013183594
2017-09-14T16:00:00Z,171.01901245117188
2017-09-14T17:00:00Z,192.79000854492188
2017-09-14T18:00:00Z,180.46900939941406
2017-09-14T19:00:00Z,173.69500732421875
2017-09-14T20:00:00Z,162.88800048828125
2017-09-14T21:00:00Z,124.08900451660156
2017-09-14T22:00:00Z,91.01200103759766
2017-09-14T23:00:00Z,56.08000183105469
2017-09-15T00:00:00Z,10.384000778198242
2017-09-15T01:00:00Z,0
2017-09-15T02:00:00Z,0
2017-09-15T03:00:00Z,0
2017-09-15T04:00:00Z,0
2017-09-15T05:00:00Z,0
2017-09-15T06:00:00Z,0
2017-09-15T07:00:00Z,0
2017-09-15T08:00:00Z,0
2017-09-15T09:00:00Z,0
2017-09-15T10:00:00Z,0
2017-09-15T11:00:00Z,0
2017-09-15T12:00:00Z,6.9200005531311035
2017-09-15T13:00:00Z,79.57600402832031
2017-09-15T14:00:00Z,148.11199951171875
2017-09-15T15:00:00Z,235.656005859375
2017-09-15T16:00:00Z,299.1150207519531
2017-09-15T17:00:00Z,337.31201171875
2017-09-15T18:00:00Z,367.0580139160156
2017-09-15T19:00:00Z,353.08502197265625
2017-09-15T20:00:00Z,330.72802734375
2017-09-15T21:00:00Z,207.9770050048828
2017-09-15T22:00:00Z,151.93301391601562
2017-09-15T23:00:00Z,92.67200469970703
2017-09-16T00:00:00Z,9.208000183105469
2017-09-16T01:00:00Z,0
2017-09-16T02:00:00Z,0
2017-09-16T03:00:00Z,0
2017-09-16T04:00:00Z,0
2017-09-16T05:00:00Z,0
2017-09-16T06:00:00Z,0
2017-09-16T07:00:00Z,0
2017-09-16T08:00:00Z,0
2017-09-16T09:00:00Z,0
2017-09-16T10:00:00Z,0
2017-09-16T11:00:00Z,0
2017-09-16T12:00:00Z,3.2080001831054688
2017-09-16T13:00:00Z,48.39200210571289
2017-09-16T14:00:00Z,90.99200439453125
2017-09-16T15:00:00Z,140.1540069580078
2017-09-16T16:00:00Z,178.11801147460938
2017-09-16T17:00:00Z,200.9560089111328
2017-09-16T18:00:00Z,272.551025390625
2017-09-16T19:00:00Z,262.041015625
2017-09-16T20:00:00Z,245.1470184326172
2017-09-16T21:00:00Z,303.8590087890625
2017-09-16T22:00:00Z,221.041015625
2017-09-16T23:00:00Z,133.42401123046875
2017-09-17T00:00:00Z,12.072000503540039
2017-09-17T01:00:00Z,0
2017-09-17T02:00:00Z,0
2017-09-17T03:00:00Z,0
2017-09-17T04:00:00Z,0
2017-09-17T05:00:00Z,0
2017-09-17T06:00:00Z,0
2017-09-17T07:00:00Z,0
2017-09-17T08:00:00Z,0
2017-09-17T09:00:00Z,0
2017-09-17T10:00:00Z,0
2017-09-17T11:00:00Z,0
2017-09-17T12:00:00Z,3.5840001106262207
2017-09-17T13:00:00Z,80.13600158691406
2017-09-17T14:00:00Z,152.2880096435547
2017-09-17T15:00:00Z,237.3610076904297
2017-09-17T16:00:00Z,302.08502197265625
2017-09-17T17:00:00Z,340.9610290527344
2017-09-17T18:00:00Z,410.4010314941406
2017-09-17T19:00:00Z,394.3160095214844
2017-09-17T20:00:00Z,368.5140075683594
2017-09-17T21:00:00Z,359.2130126953125
2017-09-17T22:00:00Z,260.16900634765625
2017-09-17T23:00:00Z,155.3280029296875
2017-09-18T00:00:00Z,19.52800178527832
2017-09-18T01:00:00Z,0
2017-09-18T02:00:00Z,0
2017-09-18T03:00:00Z,0
2017-09-18T04:00:00Z,0
2017-09-18T05:00:00Z,0
2017-09-18T06:00:00Z,0
2017-09-18T07:00:00Z,0
2017-09-18T08:00:00Z,0
2017-09-18T09:00:00Z,0
2017-09-18T10:00:00Z,0
2017-09-18T11:00:00Z,0
2017-09-18T12:00:00Z,2.624000072479248
2017-09-18T13:00:00Z,118.656005859375
2017-09-18T14:00:00Z,227.9840087890625
2017-09-18T15:00:00Z,380.3380126953125
2017-09-18T16:00:00Z,484.6900329589844
2017-09-18T17:00:00Z,547.34100341796875
2017-09-18T18:00:00Z,429.9520263671875
2017-09-18T19:00:00Z,412.87103271484375
2017-09-18T20:00:00Z,385.36602783203125
2017-09-18T21:00:00Z,276.9100036621094
2017-09-18T22:00:00Z,199.677001953125
2017-09-18T23:00:00Z,117.85600280761719
2017-09-19T00:00:00Z,10.44800090789795
2017-09-19T01:00:00Z,0
2017-09-19T02:00:00Z,0
2017-09-19T03:00:00Z,0
2017-09-19T04:00:00Z,0
2017-09-19T05:00:00Z,0
2017-09-19T06:00:00Z,0
2017-09-19T07:00:00Z,0
2017-09-19T08:00:00Z,0
2017-09-19T09:00:00Z,0
2017-09-19T10:00:00Z,0
2017-09-19T11:00:00Z,0
2017-09-19T12:00:00Z,0
2017-09-19T13:00:00Z,128.38400268554688
2017-09-19T14:00:00Z,249.48800659179688
2017-09-19T15:00:00Z,381.5980224609375
2017-09-19T16:00:00Z,486.9620361328125
2017-09-19T17:00:00Z,550.166015625
2017-09-19T18:00:00Z,579.113037109375
2017-09-19T19:00:00Z,555.7490234375
2017-09-19T20:00:00Z,518.1080322265625
2017-09-19T21:00:00Z,410.8130187988281
2017-09-19T22:00:00Z,294.8800048828125
2017-09-19T23:00:00Z,171.96800231933594
2017-09-20T00:00:00Z,12.704000473022461
2017-09-20T01:00:00Z,0
2017-09-20T02:00:00Z,0
2017-09-20T03:00:00Z,0
2017-09-20T04:00:00Z,0
2017-09-20T05:00:00Z,0
2017-09-20T06:00:00Z,0
2017-09-20T07:00:00Z,0
2017-09-20T08:00:00Z,0
2017-09-20T09:00:00Z,0
2017-09-20T10:00:00Z,0
2017-09-20T11:00:00Z,0
2017-09-20T12:00:00Z,0
2017-09-20T13:00:00Z,104.8080062866211
2017-09-20T14:00:00Z,206.1120147705078
2017-09-20T15:00:00Z,240.406005859375
2017-09-20T16:00:00Z,307.2400207519531
2017-09-20T17:00:00Z,347.281005859375
2017-09-20T18:00:00Z,588.14202880859375
2017-09-20T19:00:00Z,564.07904052734375
2017-09-20T20:00:00Z,525.1820068359375
2017-09-20T21:00:00Z,436.07403564453125
2017-09-20T22:00:00Z,311.5460205078125
2017-09-20T23:00:00Z,179.4080047607422
2017-09-21T00:00:00Z,8.960000038146973
2017-09-21T01:00:00Z,0
2017-09-21T02:00:00Z,0
2017-09-21T03:00:00Z,0
2017-09-21T04:00:00Z,0
2017-09-21T05:00:00Z,0
2017-09-21T06:00:00Z,0
2017-09-21T07:00:00Z,0
2017-09-21T08:00:00Z,0
2017-09-21T09:00:00Z,0
2017-09-21T10:00:00Z,0
2017-09-21T11:00:00Z,0
2017-09-21T12:00:00Z,0
2017-09-21T13:00:00Z,126.45600891113281
2017-09-21T14:00:00Z,251.77601623535156
2017-09-21T15:00:00Z,362.84100341796875
2017-09-21T16:00:00Z,464.37701416015625
2017-09-21T17:00:00Z,525.176025390625
2017-09-21T18:00:00Z,402.905029296875
2017-09-21T19:00:00Z,386.1830139160156
2017-09-21T20:00:00Z,359.08203125
2017-09-21T21:00:00Z,224.54901123046875
2017-09-21T22:00:00Z,159.6590118408203
2017-09-21T23:00:00Z,90.73600769042969
2017-09-22T00:00:00Z,7.872000217437744
2017-09-22T01:00:00Z,0
2017-09-22T02:00:00Z,0
2017-09-22T03:00:00Z,0
2017-09-22T04:00:00Z,0
2017-09-22T05:00:00Z,0
2017-09-22T06:00:00Z,0
2017-09-22T07:00:00Z,0
2017-09-22T08:00:00Z,0
2017-09-22T09:00:00Z,0
2017-09-22T10:00:00Z,0
2017-09-22T11:00:00Z,0
2017-09-22T12:00:00Z,0
2017-09-22T13:00:00Z,121.12000274658203
2017-09-22T14:00:00Z,244.2880096435547
2017-09-22T15:00:00Z,373.301025390625
2017-09-22T16:00:00Z,478.4720153808594
2017-09-22T17:00:00Z,541.39105224609375
2017-09-22T18:00:00Z,530.5550537109375
2017-09-22T19:00:00Z,508.1980285644531
2017-09-22T20:00:00Z,471.96502685546875
2017-09-22T21:00:00Z,233.56201171875
2017-09-22T22:00:00Z,165.22401428222656
2017-09-22T23:00:00Z,92.62400817871094
2017-09-23T00:00:00Z,3.328000068664551
2017-09-23T01:00:00Z,0
2017-09-23T02:00:00Z,0
2017-09-23T03:00:00Z,0
2017-09-23T04:00:00Z,0
2017-09-23T05:00:00Z,0
2017-09-23T06:00:00Z,0
2017-09-23T07:00:00Z,0
2017-09-23T08:00:00Z,0
2017-09-23T09:00:00Z,0
2017-09-23T10:00:00Z,0
2017-09-23T11:00:00Z,0
2017-09-23T12:00:00Z,0
2017-09-23T13:00:00Z,112.80000305175781
2017-09-23T14:00:00Z,230.5760040283203
2017-09-23T15:00:00Z,338.85101318359375
2017-09-23T16:00:00Z,434.9790344238281
2017-09-23T17:00:00Z,492.4530334472656
2017-09-23T18:00:00Z,443.6240234375
2017-09-23T19:00:00Z,424.67303466796875
2017-09-23T20:00:00Z,393.87103271484375
2017-09-23T21:00:00Z,344.3600158691406
2017-09-23T22:00:00Z,242.35301208496094
2017-09-23T23:00:00Z,133.88800048828125
2017-09-24T00:00:00Z,3.30400013923645
2017-09-24T01:00:00Z,0
2017-09-24T02:00:00Z,0
2017-09-24T03:00:00Z,0
2017-09-24T04:00:00Z,0
2017-09-24T05:00:00Z,0
2017-09-24T06:00:00Z,0
2017-09-24T07:00:00Z,0
2017-09-24T08:00:00Z,0
2017-09-24T09:00:00Z,0
2017-09-24T10:00:00Z,0
2017-09-24T11:00:00Z,0
2017-09-24T12:00:00Z,0
2017-09-24T13:00:00Z,27.176000595092773
2017-09-24T14:00:00Z,56.336002349853516
2017-09-24T15:00:00Z,91.06400299072266
2017-09-24T16:00:00Z,117.0840072631836
2017-09-24T17:00:00Z,132.62100219726562
2017-09-24T18:00:00Z,144.61500549316406
2017-09-24T19:00:00Z,138.36199951171875
2017-09-24T20:00:00Z,128.13999938964844
2017-09-24T21:00:00Z,174.74600219726562
2017-09-24T22:00:00Z,122.34000396728516
2017-09-24T23:00:00Z,66.57600402832031
2017-09-25T00:00:00Z,0.19200000166893005
2017-09-25T01:00:00Z,0
2017-09-25T02:00:00Z,0
2017-09-25T03:00:00Z,0
2017-09-25T04:00:00Z,0
2017-09-25T05:00:00Z,0
2017-09-25T06:00:00Z,0
2017-09-25T07:00:00Z,0
2017-09-25T08:00:00Z,0
2017-09-25T09:00:00Z,0
2017-09-25T10:00:00Z,0
2017-09-25T11:00:00Z,0
2017-09-25T12:00:00Z,0
2017-09-25T13:00:00Z,52.000003814697266
2017-09-25T14:00:00Z,109.40800476074219
2017-09-25T15:00:00Z,171.86300659179688
2017-09-25T16:00:00Z,221.3100128173828
2017-09-25T17:00:00Z,250.82801818847656
2017-09-25T18:00:00Z,268.82000732421875
2017-09-25T19:00:00Z,257.0140075683594
2017-09-25T20:00:00Z,237.7080078125
2017-09-25T21:00:00Z,234.85601806640625
2017-09-25T22:00:00Z,163.52101135253906
2017-09-25T23:00:00Z,87.56800079345703
2017-09-26T00:00:00Z,0
2017-09-26T01:00:00Z,0
2017-09-26T02:00:00Z,0
2017-09-26T03:00:00Z,0
2017-09-26T04:00:00Z,0
2017-09-26T05:00:00Z,0
2017-09-26T06:00:00Z,0
2017-09-26T07:00:00Z,0
2017-09-26T08:00:00Z,0
2017-09-26T09:00:00Z,0
2017-09-26T10:00:00Z,0
2017-09-26T11:00:00Z,0
2017-09-26T12:00:00Z,0
2017-09-26T13:00:00Z,40.552001953125
2017-09-26T14:00:00Z,86.64000701904297
2017-09-26T15:00:00Z,125.11500549316406
2017-09-26T16:00:00Z,161.37501525878906
2017-09-26T17:00:00Z,183.00201416015625
2017-09-26T18:00:00Z,128.16600036621094
2017-09-26T19:00:00Z,122.4530029296875
2017-09-26T20:00:00Z,113.08600616455078
2017-09-26T21:00:00Z,145.04299926757812
2017-09-26T22:00:00Z,100.42500305175781
2017-09-26T23:00:00Z,52.880001068115234
2017-09-27T00:00:00Z,0
2017-09-27T01:00:00Z,0
2017-09-27T02:00:00Z,0
2017-09-27T03:00:00Z,0
2017-09-27T04:00:00Z,0
2017-09-27T05:00:00Z,0
2017-09-27T06:00:00Z,0
2017-09-27T07:00:00Z,0
2017-09-27T08:00:00Z,0
2017-09-27T09:00:00Z,0
2017-09-27T10:00:00Z,0
2017-09-27T11:00:00Z,0
2017-09-27T12:00:00Z,0
2017-09-27T13:00:00Z,90.29600524902344
2017-09-27T14:00:00Z,196.0640106201172
2017-09-27T15:00:00Z,352.7560119628906
2017-09-27T16:00:00Z,455.7530212402344
2017-09-27T17:00:00Z,517.123046875
2017-09-27T18:00:00Z,540.6490478515625
2017-09-27T19:00:00Z,516.21405029296875
2017-09-27T20:00:00Z,476.1100158691406
2017-09-27T21:00:00Z,268.8800048828125
2017-09-27T22:00:00Z,185.09300231933594
2017-09-27T23:00:00Z,95.74400329589844
2017-09-28T00:00:00Z,0
2017-09-28T01:00:00Z,0
2017-09-28T02:00:00Z,0
2017-09-28T03:00:00Z,0
2017-09-28T04:00:00Z,0
2017-09-28T05:00:00Z,0
2017-09-28T06:00:00Z,0
2017-09-28T07:00:00Z,0
2017-09-28T08:00:00Z,0
2017-09-28T09:00:00Z,0
2017-09-28T10:00:00Z,0
2017-09-28T11:00:00Z,0
2017-09-28T12:00:00Z,0
2017-09-28T13:00:00Z,44.384002685546875
2017-09-28T14:00:00Z,98.01600646972656
2017-09-28T15:00:00Z,196.89401245117188
2017-09-28T16:00:00Z,254.80300903320312
2017-09-28T17:00:00Z,289.3030090332031
2017-09-28T18:00:00Z,515.10400390625
2017-09-28T19:00:00Z,491.4940185546875
2017-09-28T20:00:00Z,452.6670227050781
2017-09-28T21:00:00Z,261.95501708984375
2017-09-28T22:00:00Z,179.24501037597656
2017-09-28T23:00:00Z,90.99200439453125
2017-09-29T00:00:00Z,0
2017-09-29T01:00:00Z,0
2017-09-29T02:00:00Z,0
2017-09-29T03:00:00Z,0
2017-09-29T04:00:00Z,0
2017-09-29T05:00:00Z,0
2017-09-29T06:00:00Z,0
2017-09-29T07:00:00Z,0
2017-09-29T08:00:00Z,0
2017-09-29T09:00:00Z,0
2017-09-29T10:00:00Z,0
2017-09-29T11:00:00Z,0
2017-09-29T12:00:00Z,0
2017-09-29T13:00:00Z,93.09600067138672
2017-09-29T14:00:00Z,209.31201171875
2017-09-29T15:00:00Z,337.64501953125
2017-09-29T16:00:00Z,437.7340087890625
2017-09-29T17:00:00Z,497.291015625
2017-09-29T18:00:00Z,463.8880310058594
2017-09-29T19:00:00Z,442.3280334472656
2017-09-29T20:00:00Z,406.7870178222656
2017-09-29T21:00:00Z,340.7760009765625
2017-09-29T22:00:00Z,231.77500915527344
2017-09-29T23:00:00Z,115.3280029296875
2017-09-30T00:00:00Z,0
2017-09-30T01:00:00Z,0
2017-09-30T02:00:00Z,0
2017-09-30T03:00:00Z,0
2017-09-30T04:00:00Z,0
2017-09-30T05:00:00Z,0
2017-09-30T06:00:00Z,0
2017-09-30T07:00:00Z,0
2017-09-30T08:00:00Z,0
2017-09-30T09:00:00Z,0
2017-09-30T10:00:00Z,0
2017-09-30T11:00:00Z,0
2017-09-30T12:00:00Z,0
2017-09-30T13:00:00Z,94.81600189208984
2017-09-30T14:00:00Z,217.24801635742188
2017-09-30T15:00:00Z,356.48602294921875
2017-09-30T16:00:00Z,462.99102783203125
2017-09-30T17:00:00Z,526.322998046875
2017-09-30T18:00:00Z,541.1300048828125
2017-09-30T19:00:00Z,515.59600830078125
2017-09-30T20:00:00Z,473.4850158691406
2017-09-30T21:00:00Z,367.2960205078125
2017-09-30T22:00:00Z,248.23800659179688
2017-09-30T23:00:00Z,120.96000671386719
2017-10-01T00:00:00Z,0
2017-10-01T01:00:00Z,0
2017-10-01T02:00:00Z,0
2017-10-01T03:00:00Z,0
2017-10-01T04:00:00Z,0
2017-10-01T05:00:00Z,0
2017-10-01T06:00:00Z,0
2017-10-01T07:00:00Z,0
2017-10-01T08:00:00Z,0
2017-10-01T09:00:00Z,0
2017-10-01T10:00:00Z,0
2017-10-01T11:00:00Z,0
2017-10-01T12:00:00Z,0
2017-10-01T13:00:00Z,67.656005859375
2017-10-01T14:00:00Z,158.1280059814453
2017-10-01T15:00:00Z,215.73001098632812
2017-10-01T16:00:00Z,269.0270080566406
2017-10-01T17:00:00Z,308.6980285644531
2017-10-01T18:00:00Z,134.3470001220703
2017-10-01T19:00:00Z,125.46700286865234
2017-10-01T20:00:00Z,114.8320083618164
2017-10-01T21:00:00Z,97.06400299072266
2017-10-01T22:00:00Z,67.09000396728516
2017-10-01T23:00:00Z,31.968002319335938
2017-10-02T00:00:00Z,0
2017-10-02T01:00:00Z,0
2017-10-02T02:00:00Z,0
2017-10-02T03:00:00Z,0
2017-10-02T04:00:00Z,0
2017-10-02T05:00:00Z,0
2017-10-02T06:00:00Z,0
2017-10-02T07:00:00Z,0
2017-10-02T08:00:00Z,0
2017-10-02T09:00:00Z,0
2017-10-02T10:00:00Z,0
2017-10-02T11:00:00Z,0
2017-10-02T12:00:00Z,0
2017-10-02T13:00:00Z,32.12000274658203
2017-10-02T14:00:00Z,76.67200469970703
2017-10-02T15:00:00Z,94.14500427246094
2017-10-02T16:00:00Z,117.62500762939453
2017-10-02T17:00:00Z,135.06700134277344
2017-10-02T18:00:00Z,390.3990173339844
2017-10-02T19:00:00Z,364.343017578125
2017-10-02T20:00:00Z,332.968017578125
2017-10-02T21:00:00Z,350.0830078125
2017-10-02T22:00:00Z,240.39401245117188
2017-10-02T23:00:00Z,111.87200164794922
2017-10-03T00:00:00Z,0
2017-10-03T01:00:00Z,0
2017-10-03T02:00:00Z,0
2017-10-03T03:00:00Z,0
2017-10-03T04:00:00Z,0
2017-10-03T05:00:00Z,0
2017-10-03T06:00:00Z,0
2017-10-03T07:00:00Z,0
2017-10-03T08:00:00Z,0
2017-10-03T09:00:00Z,0
2017-10-03T10:00:00Z,0
2017-10-03T11:00:00Z,0
2017-10-03T12:00:00Z,0
2017-10-03T13:00:00Z,43.40800094604492
2017-10-03T14:00:00Z,105.93600463867188
2017-10-03T15:00:00Z,105.54800415039062
2017-10-03T16:00:00Z,132.1330108642578
2017-10-03T17:00:00Z,151.81600952148438
2017-10-03T18:00:00Z,121.80300903320312
2017-10-03T19:00:00Z,113.59900665283203
2017-10-03T20:00:00Z,103.65300750732422
2017-10-03T21:00:00Z,118.5040054321289
2017-10-03T22:00:00Z,80.81600189208984
2017-10-03T23:00:00Z,36.672000885009766
2017-10-04T00:00:00Z,0
2017-10-04T01:00:00Z,0
2017-10-04T02:00:00Z,0
2017-10-04T03:00:00Z,0
2017-10-04T04:00:00Z,0
2017-10-04T05:00:00Z,0
2017-10-04T06:00:00Z,0
2017-10-04T07:00:00Z,0
2017-10-04T08:00:00Z,0
2017-10-04T09:00:00Z,0
2017-10-04T10:00:00Z,0
2017-10-04T11:00:00Z,0
2017-10-04T12:00:00Z,0
2017-10-04T13:00:00Z,45.152000427246094
2017-10-04T14:00:00Z,112.8320083618164
2017-10-04T15:00:00Z,264.9049987792969
2017-10-04T16:00:00Z,332.28900146484375
2017-10-04T17:00:00Z,382.0770263671875
2017-10-04T18:00:00Z,430.4730224609375
2017-10-04T19:00:00Z,401.18902587890625
2017-10-04T20:00:00Z,365.5040283203125
2017-10-04T21:00:00Z,289.2400207519531
2017-10-04T22:00:00Z,195.8400115966797
2017-10-04T23:00:00Z,86.51200103759766
2017-10-05T00:00:00Z,0
2017-10-05T01:00:00Z,0
2017-10-05T02:00:00Z,0
2017-10-05T03:00:00Z,0
2017-10-05T04:00:00Z,0
2017-10-05T05:00:00Z,0
2017-10-05T06:00:00Z,0
2017-10-05T07:00:00Z,0
2017-10-05T08:00:00Z,0
2017-10-05T09:00:00Z,0
2017-10-05T10:00:00Z,0
2017-10-05T11:00:00Z,0
2017-10-05T12:00:00Z,0
2017-10-05T13:00:00Z,78.9520034790039
2017-10-05T14:00:00Z,202.32000732421875
2017-10-05T15:00:00Z,354.8700256347656
2017-10-05T16:00:00Z,446.0570068359375
2017-10-05T17:00:00Z,513.2540283203125
2017-10-05T18:00:00Z,504.6960144042969
2017-10-05T19:00:00Z,470.0370178222656
2017-10-05T20:00:00Z,427.5470275878906
2017-10-05T21:00:00Z,327.14300537109375
2017-10-05T22:00:00Z,219.87200927734375
2017-10-05T23:00:00Z,94.384002685546875
2017-10-06T00:00:00Z,0
2017-10-06T01:00:00Z,0
2017-10-06T02:00:00Z,0
2017-10-06T03:00:00Z,0
2017-10-06T04:00:00Z,0
2017-10-06T05:00:00Z,0
2017-10-06T06:00:00Z,0
2017-10-06T07:00:00Z,0
2017-10-06T08:00:00Z,0
2017-10-06T09:00:00Z,0
2017-10-06T10:00:00Z,0
2017-10-06T11:00:00Z,0
2017-10-06T12:00:00Z,0
2017-10-06T13:00:00Z,75.63200378417969
2017-10-06T14:00:00Z,199.07200622558594
2017-10-06T15:00:00Z,350.45501708984375
2017-10-06T16:00:00Z,441.42901611328125
2017-10-06T17:00:00Z,508.32501220703125
2017-10-06T18:00:00Z,514.53900146484375
2017-10-06T19:00:00Z,478.863037109375
2017-10-06T20:00:00Z,434.8860168457031
2017-10-06T21:00:00Z,345.7350158691406
2017-10-06T22:00:00Z,230.60801696777344
2017-10-06T23:00:00Z,96.00000762939453
2017-10-07T00:00:00Z,0
2017-10-07T01:00:00Z,0
2017-10-07T02:00:00Z,0
2017-10-07T03:00:00Z,0
2017-10-07T04:00:00Z,0
2017-10-07T05:00:00Z,0
2017-10-07T06:00:00Z,0
2017-10-07T07:00:00Z,0
2017-10-07T08:00:00Z,0
2017-10-07T09:00:00Z,0
2017-10-07T10:00:00Z,0
2017-10-07T11:00:00Z,0
2017-10-07T12:00:00Z,0
2017-10-07T13:00:00Z,71.5040054321289
2017-10-07T14:00:00Z,193.69601440429688
2017-10-07T15:00:00Z,343.4690246582031
2017-10-07T16:00:00Z,433.5890197753906
2017-10-07T17:00:00Z,499.69403076171875
2017-10-07T18:00:00Z,498.86102294921875
2017-10-07T19:00:00Z,463.9580078125
2017-10-07T20:00:00Z,420.6520080566406
2017-10-07T21:00:00Z,324.2720031738281
2017-10-07T22:00:00Z,214.60801696777344
2017-10-07T23:00:00Z,86.4320068359375
2017-10-08T00:00:00Z,0
2017-10-08T01:00:00Z,0
2017-10-08T02:00:00Z,0
2017-10-08T03:00:00Z,0
2017-10-08T04:00:00Z,0
2017-10-08T05:00:00Z,0
2017-10-08T06:00:00Z,0
2017-10-08T07:00:00Z,0
2017-10-08T08:00:00Z,0
2017-10-08T09:00:00Z,0
2017-10-08T10:00:00Z,0
2017-10-08T11:00:00Z,0
2017-10-08T12:00:00Z,0
2017-10-08T13:00:00Z,66.96800231933594
2017-10-08T14:00:00Z,187.05601501464844
2017-10-08T15:00:00Z,342.07000732421875
2017-10-08T16:00:00Z,432.7660217285156
2017-10-08T17:00:00Z,499.15802001953125
2017-10-08T18:00:00Z,503.9120178222656
2017-10-08T19:00:00Z,468.29803466796875
2017-10-08T20:00:00Z,423.9110107421875
2017-10-08T21:00:00Z,317.2220153808594
2017-10-08T22:00:00Z,208.25601196289062
2017-10-08T23:00:00Z,80.944000244140625
2017-10-09T00:00:00Z,0
2017-10-09T01:00:00Z,0
2017-10-09T02:00:00Z,0
2017-10-09T03:00:00Z,0
2017-10-09T04:00:00Z,0
2017-10-09T05:00:00Z,0
2017-10-09T06:00:00Z,0
2017-10-09T07:00:00Z,0
2017-10-09T08:00:00Z,0
2017-10-09T09:00:00Z,0
2017-10-09T10:00:00Z,0
2017-10-09T11:00:00Z,0
2017-10-09T12:00:00Z,0
2017-10-09T13:00:00Z,48.71200180053711
2017-10-09T14:00:00Z,140.62400817871094
2017-10-09T15:00:00Z,224.2010040283203
2017-10-09T16:00:00Z,284.301025390625
2017-10-09T17:00:00Z,328.1830139160156
2017-10-09T18:00:00Z,329.69000244140625
2017-10-09T19:00:00Z,306.18402099609375
2017-10-09T20:00:00Z,276.7020263671875
2017-10-09T21:00:00Z,223.55201721191406
2017-10-09T22:00:00Z,145.5360107421875
2017-10-09T23:00:00Z,54.432003021240234
2017-10-10T00:00:00Z,0
2017-10-10T01:00:00Z,0
2017-10-10T02:00:00Z,0
2017-10-10T03:00:00Z,0
2017-10-10T04:00:00Z,0
2017-10-10T05:00:00Z,0
2017-10-10T06:00:00Z,0
2017-10-10T07:00:00Z,0
2017-10-10T08:00:00Z,0
2017-10-10T09:00:00Z,0
2017-10-10T10:00:00Z,0
2017-10-10T11:00:00Z,0
2017-10-10T12:00:00Z,0
2017-10-10T13:00:00Z,61.448001861572266
2017-10-10T14:00:00Z,183.80801391601562
2017-10-10T15:00:00Z,334.1090087890625
2017-10-10T16:00:00Z,424.6810302734375
2017-10-10T17:00:00Z,490.6540222167969
2017-10-10T18:00:00Z,493.8020324707031
2017-10-10T19:00:00Z,458.2660217285156
2017-10-10T20:00:00Z,413.4420166015625
2017-10-10T21:00:00Z,316.6330261230469
2017-10-10T22:00:00Z,204.36801147460938
2017-10-10T23:00:00Z,73.31200408935547
2017-10-11T00:00:00Z,0
2017-10-11T01:00:00Z,0
2017-10-11T02:00:00Z,0
2017-10-11T03:00:00Z,0
2017-10-11T04:00:00Z,0
2017-10-11T05:00:00Z,0
2017-10-11T06:00:00Z,0
2017-10-11T07:00:00Z,0
2017-10-11T08:00:00Z,0
2017-10-11T09:00:00Z,0
2017-10-11T10:00:00Z,0
2017-10-11T11:00:00Z,0
2017-10-11T12:00:00Z,0
2017-10-11T13:00:00Z,55.952003479003906
2017-10-11T14:00:00Z,173.95201110839844
2017-10-11T15:00:00Z,308.02301025390625
2017-10-11T16:00:00Z,392.4610290527344
2017-10-11T17:00:00Z,453.8390197753906
2017-10-11T18:00:00Z,481.6400146484375
2017-10-11T19:00:00Z,446.6560363769531
2017-10-11T20:00:00Z,402.28802490234375
2017-10-11T21:00:00Z,312.677001953125
2017-10-11T22:00:00Z,200.03201293945312
2017-10-11T23:00:00Z,68.57600402832031
2017-10-12T00:00:00Z,0
2017-10-12T01:00:00Z,0
2017-10-12T02:00:00Z,0
2017-10-12T03:00:00Z,0
2017-10-12T04:00:00Z,0
2017-10-12T05:00:00Z,0
2017-10-12T06:00:00Z,0
2017-10-12T07:00:00Z,0
2017-10-12T08:00:00Z,0
2017-10-12T09:00:00Z,0
2017-10-12T10:00:00Z,0
2017-10-12T11:00:00Z,0
2017-10-12T12:00:00Z,0
2017-10-12T13:00:00Z,53.928001403808594
2017-10-12T14:00:00Z,174.8000030517578
2017-10-12T15:00:00Z,313.71502685546875
2017-10-12T16:00:00Z,400.7220153808594
2017-10-12T17:00:00Z,463.8480224609375
2017-10-12T18:00:00Z,459.1540222167969
2017-10-12T19:00:00Z,425.4900207519531
2017-10-12T20:00:00Z,382.5610046386719
2017-10-12T21:00:00Z,297.6960144042969
2017-10-12T22:00:00Z,188.70401000976562
2017-10-12T23:00:00Z,61.560001373291016
2017-10-13T00:00:00Z,0
2017-10-13T01:00:00Z,0
2017-10-13T02:00:00Z,0
2017-10-13T03:00:00Z,0
2017-10-13T04:00:00Z,0
2017-10-13T05:00:00Z,0
2017-10-13T06:00:00Z,0
2017-10-13T07:00:00Z,0
2017-10-13T08:00:00Z,0
2017-10-13T09:00:00Z,0
2017-10-13T10:00:00Z,0
2017-10-13T11:00:00Z,0
2017-10-13T12:00:00Z,0
2017-10-13T13:00:00Z,50.880001068115234
2017-10-13T14:00:00Z,172.62400817871094
2017-10-13T15:00:00Z,322.5740051269531
2017-10-13T16:00:00Z,413.1040344238281
2017-10-13T17:00:00Z,478.6190185546875
2017-10-13T18:00:00Z,481.95001220703125
2017-10-13T19:00:00Z,446.30401611328125
2017-10-13T20:00:00Z,400.5760192871094
2017-10-13T21:00:00Z,298.6570129394531
2017-10-13T22:00:00Z,187.50401306152344
2017-10-13T23:00:00Z,57.928001403808594
2017-10-14T00:00:00Z,0
2017-10-14T01:00:00Z,0
2017-10-14T02:00:00Z,0
2017-10-14T03:00:00Z,0
2017-10-14T04:00:00Z,0
2017-10-14T05:00:00Z,0
2017-10-14T06:00:00Z,0
2017-10-14T07:00:00Z,0
2017-10-14T08:00:00Z,0
2017-10-14T09:00:00Z,0
2017-10-14T10:00:00Z,0
2017-10-14T11:00:00Z,0
2017-10-14T12:00:00Z,0
2017-10-14T13:00:00Z,23.296001434326172
2017-10-14T14:00:00Z,83.08800506591797
2017-10-14T15:00:00Z,109.50900268554688
2017-10-14T16:00:00Z,140.61700439453125
2017-10-14T17:00:00Z,163.07501220703125
2017-10-14T18:00:00Z,120.3340072631836
2017-10-14T19:00:00Z,111.34500885009766
2017-10-14T20:00:00Z,99.76500701904297
2017-10-14T21:00:00Z,91.69100189208984
2017-10-14T22:00:00Z,57.00800323486328
2017-10-14T23:00:00Z,16.584001541137695
2017-10-15T00:00:00Z,0
2017-10-15T01:00:00Z,0
2017-10-15T02:00:00Z,0
2017-10-15T03:00:00Z,0
2017-10-15T04:00:00Z,0
2017-10-15T05:00:00Z,0
2017-10-15T06:00:00Z,0
2017-10-15T07:00:00Z,0
2017-10-15T08:00:00Z,0
2017-10-15T09:00:00Z,0
2017-10-15T10:00:00Z,0
2017-10-15T11:00:00Z,0
2017-10-15T12:00:00Z,0
2017-10-15T13:00:00Z,43.84800338745117
2017-10-15T14:00:00Z,165.2320098876953
2017-10-15T15:00:00Z,307.06500244140625
2017-10-15T16:00:00Z,395.3600158691406
2017-10-15T17:00:00Z,458.9940185546875
2017-10-15T18:00:00Z,370.4010314941406
2017-10-15T19:00:00Z,342.52301025390625
2017-10-15T20:00:00Z,306.35601806640625
2017-10-15T21:00:00Z,217.5030059814453
2017-10-15T22:00:00Z,133.8560028076172
2017-10-15T23:00:00Z,36.40800094604492
2017-10-16T00:00:00Z,0
2017-10-16T01:00:00Z,0
2017-10-16T02:00:00Z,0
2017-10-16T03:00:00Z,0
2017-10-16T04:00:00Z,0
2017-10-16T05:00:00Z,0
2017-10-16T06:00:00Z,0
2017-10-16T07:00:00Z,0
2017-10-16T08:00:00Z,0
2017-10-16T09:00:00Z,0
2017-10-16T10:00:00Z,0
2017-10-16T11:00:00Z,0
2017-10-16T12:00:00Z,0
2017-10-16T13:00:00Z,34.09600067138672
2017-10-16T14:00:00Z,136.59201049804688
2017-10-16T15:00:00Z,231.18600463867188
2017-10-16T16:00:00Z,298.4930114746094
2017-10-16T17:00:00Z,346.9090270996094
2017-10-16T18:00:00Z,328.6440124511719
2017-10-16T19:00:00Z,303.6920166015625
2017-10-16T20:00:00Z,271.1330261230469
2017-10-16T21:00:00Z,274.5270080566406
2017-10-16T22:00:00Z,167.1840057373047
2017-10-16T23:00:00Z,42.16800308227539
2017-10-17T00:00:00Z,0
2017-10-17T01:00:00Z,0
2017-10-17T02:00:00Z,0
2017-10-17T03:00:00Z,0
2017-10-17T04:00:00Z,0
2017-10-17T05:00:00Z,0
2017-10-17T06:00:00Z,0
2017-10-17T07:00:00Z,0
2017-10-17T08:00:00Z,0
2017-10-17T09:00:00Z,0
2017-10-17T10:00:00Z,0
2017-10-17T11:00:00Z,0
2017-10-17T12:00:00Z,0
2017-10-17T13:00:00Z,21.09600067138672
2017-10-17T14:00:00Z,90.496002197265625
2017-10-17T15:00:00Z,233.56201171875
2017-10-17T16:00:00Z,302.447021484375
2017-10-17T17:00:00Z,351.8880310058594
2017-10-17T18:00:00Z,446.4750061035156
2017-10-17T19:00:00Z,412.28802490234375
2017-10-17T20:00:00Z,367.43402099609375
2017-10-17T21:00:00Z,266.65802001953125
2017-10-17T22:00:00Z,160.6400146484375
2017-10-17T23:00:00Z,37.20000076293945
2017-10-18T00:00:00Z,0
2017-10-18T01:00:00Z,0
2017-10-18T02:00:00Z,0
2017-10-18T03:00:00Z,0
2017-10-18T04:00:00Z,0
2017-10-18T05:00:00Z,0
2017-10-18T06:00:00Z,0
2017-10-18T07:00:00Z,0
2017-10-18T08:00:00Z,0
2017-10-18T09:00:00Z,0
2017-10-18T10:00:00Z,0
2017-10-18T11:00:00Z,0
2017-10-18T12:00:00Z,0
2017-10-18T13:00:00Z,33.608001708984375
2017-10-18T14:00:00Z,155.71200561523438
2017-10-18T15:00:00Z,290.28900146484375
2017-10-18T16:00:00Z,377.02001953125
2017-10-18T17:00:00Z,439.1520080566406
2017-10-18T18:00:00Z,454.55401611328125
2017-10-18T19:00:00Z,419.46002197265625
2017-10-18T20:00:00Z,373.1300048828125
2017-10-18T21:00:00Z,269.09002685546875
2017-10-18T22:00:00Z,160.3040008544922
2017-10-18T23:00:00Z,33.66400146484375
2017-10-19T00:00:00Z,0
2017-10-19T01:00:00Z,0
2017-10-19T02:00:00Z,0
2017-10-19T03:00:00Z,0
2017-10-19T04:00:00Z,0
2017-10-19T05:00:00Z,0
2017-10-19T06:00:00Z,0
2017-10-19T07:00:00Z,0
2017-10-19T08:00:00Z,0
2017-10-19T09:00:00Z,0
2017-10-19T10:00:00Z,0
2017-10-19T11:00:00Z,0
2017-10-19T12:00:00Z,0
2017-10-19T13:00:00Z,29.032001495361328
2017-10-19T14:00:00Z,146.864013671875
2017-10-19T15:00:00Z,286.8489990234375
2017-10-19T16:00:00Z,373.71600341796875
2017-10-19T17:00:00Z,435.82403564453125
2017-10-19T18:00:00Z,411.9270324707031
2017-10-19T19:00:00Z,379.8520202636719
2017-10-19T20:00:00Z,337.2840270996094
2017-10-19T21:00:00Z,245.65000915527344
2017-10-19T22:00:00Z,144.63999938964844
2017-10-19T23:00:00Z,27.104001998901367
2017-10-20T00:00:00Z,0
2017-10-20T01:00:00Z,0
2017-10-20T02:00:00Z,0
2017-10-20T03:00:00Z,0
2017-10-20T04:00:00Z,0
2017-10-20T05:00:00Z,0
2017-10-20T06:00:00Z,0
2017-10-20T07:00:00Z,0
2017-10-20T08:00:00Z,0
2017-10-20T09:00:00Z,0
2017-10-20T10:00:00Z,0
2017-10-20T11:00:00Z,0
2017-10-20T12:00:00Z,0
2017-10-20T13:00:00Z,24.7760009765625
2017-10-20T14:00:00Z,138.68800354003906
2017-10-20T15:00:00Z,279.3790283203125
2017-10-20T16:00:00Z,365.1410217285156
2017-10-20T17:00:00Z,426.3290100097656
2017-10-20T18:00:00Z,423.20001220703125
2017-10-20T19:00:00Z,389.9800109863281
2017-10-20T20:00:00Z,345.6490173339844
2017-10-20T21:00:00Z,251.5430145263672
2017-10-20T22:00:00Z,146.3360137939453
2017-10-20T23:00:00Z,23.952001571655273
2017-10-21T00:00:00Z,0
2017-10-21T01:00:00Z,0
2017-10-21T02:00:00Z,0
2017-10-21T03:00:00Z,0
2017-10-21T04:00:00Z,0
2017-10-21T05:00:00Z,0
2017-10-21T06:00:00Z,0
2017-10-21T07:00:00Z,0
2017-10-21T08:00:00Z,0
2017-10-21T09:00:00Z,0
2017-10-21T10:00:00Z,0
2017-10-21T11:00:00Z,0
2017-10-21T12:00:00Z,0
2017-10-21T13:00:00Z,18.32000160217285
2017-10-21T14:00:00Z,115.52000427246094
2017-10-21T15:00:00Z,252.97601318359375
2017-10-21T16:00:00Z,331.739013671875
2017-10-21T17:00:00Z,387.80902099609375
2017-10-21T18:00:00Z,346.0730285644531
2017-10-21T19:00:00Z,318.6910095214844
2017-10-21T20:00:00Z,281.9430236816406
2017-10-21T21:00:00Z,200.62400817871094
2017-10-21T22:00:00Z,115.2800064086914
2017-10-21T23:00:00Z,16.00800132751465
2017-10-22T00:00:00Z,0
2017-10-22T01:00:00Z,0
2017-10-22T02:00:00Z,0
2017-10-22T03:00:00Z,0
2017-10-22T04:00:00Z,0
2017-10-22T05:00:00Z,0
2017-10-22T06:00:00Z,0
2017-10-22T07:00:00Z,0
2017-10-22T08:00:00Z,0
2017-10-22T09:00:00Z,0
2017-10-22T10:00:00Z,0
2017-10-22T11:00:00Z,0
2017-10-22T12:00:00Z,0
2017-10-22T13:00:00Z,7.592000484466553
2017-10-22T14:00:00Z,55.23200225830078
2017-10-22T15:00:00Z,134.94400024414062
2017-10-22T16:00:00Z,177.56700134277344
2017-10-22T17:00:00Z,207.84100341796875
2017-10-22T18:00:00Z,429.1080322265625
2017-10-22T19:00:00Z,394.9010314941406
2017-10-22T20:00:00Z,348.6910095214844
2017-10-22T21:00:00Z,244.8070068359375
2017-10-22T22:00:00Z,138.864013671875
2017-10-22T23:00:00Z,15.664000511169434
2017-10-23T00:00:00Z,0
2017-10-23T01:00:00Z,0
2017-10-23T02:00:00Z,0
2017-10-23T03:00:00Z,0
2017-10-23T04:00:00Z,0
2017-10-23T05:00:00Z,0
2017-10-23T06:00:00Z,0
2017-10-23T07:00:00Z,0
2017-10-23T08:00:00Z,0
2017-10-23T09:00:00Z,0
2017-10-23T10:00:00Z,0
2017-10-23T11:00:00Z,0
2017-10-23T12:00:00Z,0
2017-10-23T13:00:00Z,5.552000045776367
2017-10-23T14:00:00Z,48.19200134277344
2017-10-23T15:00:00Z,101.47200775146484
2017-10-23T16:00:00Z,133.97100830078125
2017-10-23T17:00:00Z,157.03700256347656
2017-10-23T18:00:00Z,132.3140106201172
2017-10-23T19:00:00Z,121.6760025024414
2017-10-23T20:00:00Z,107.23700714111328
2017-10-23T21:00:00Z,156.25201416015625
2017-10-23T22:00:00Z,87.45600128173828
2017-10-23T23:00:00Z,7.4720001220703125
2017-10-24T00:00:00Z,0
2017-10-24T01:00:00Z,0
2017-10-24T02:00:00Z,0
2017-10-24T03:00:00Z,0
2017-10-24T04:00:00Z,0
2017-10-24T05:00:00Z,0
2017-10-24T06:00:00Z,0
2017-10-24T07:00:00Z,0
2017-10-24T08:00:00Z,0
2017-10-24T09:00:00Z,0
2017-10-24T10:00:00Z,0
2017-10-24T11:00:00Z,0
2017-10-24T12:00:00Z,0
2017-10-24T13:00:00Z,11.872000694274902
2017-10-24T14:00:00Z,129.52000427246094
2017-10-24T15:00:00Z,277.10400390625
2017-10-24T16:00:00Z,367.20703125
2017-10-24T17:00:00Z,431.0110168457031
2017-10-24T18:00:00Z,432.7770080566406
2017-10-24T19:00:00Z,397.7350158691406
2017-10-24T20:00:00Z,349.87200927734375
2017-10-24T21:00:00Z,237.156005859375
2017-10-24T22:00:00Z,130.92800903320312
2017-10-24T23:00:00Z,7.424000263214111
2017-10-25T00:00:00Z,0
2017-10-25T01:00:00Z,0
2017-10-25T02:00:00Z,0
2017-10-25T03:00:00Z,0
2017-10-25T04:00:00Z,0
2017-10-25T05:00:00Z,0
2017-10-25T06:00:00Z,0
2017-10-25T07:00:00Z,0
2017-10-25T08:00:00Z,0
2017-10-25T09:00:00Z,0
2017-10-25T10:00:00Z,0
2017-10-25T11:00:00Z,0
2017-10-25T12:00:00Z,0
2017-10-25T13:00:00Z,4.832000255584717
2017-10-25T14:00:00Z,72.2560043334961
2017-10-25T15:00:00Z,179.37600708007812
2017-10-25T16:00:00Z,238.57801818847656
2017-10-25T17:00:00Z,280.426025390625
2017-10-25T18:00:00Z,286.60400390625
2017-10-25T19:00:00Z,263.22900390625
2017-10-25T20:00:00Z,231.11500549316406
2017-10-25T21:00:00Z,161.3730010986328
2017-10-25T22:00:00Z,87.824005126953125
2017-10-25T23:00:00Z,2.328000068664551
2017-10-26T00:00:00Z,0
2017-10-26T01:00:00Z,0
2017-10-26T02:00:00Z,0
2017-10-26T03:00:00Z,0
2017-10-26T04:00:00Z,0
2017-10-26T05:00:00Z,0
2017-10-26T06:00:00Z,0
2017-10-26T07:00:00Z,0
2017-10-26T08:00:00Z,0
2017-10-26T09:00:00Z,0
2017-10-26T10:00:00Z,0
2017-10-26T11:00:00Z,0
2017-10-26T12:00:00Z,0
2017-10-26T13:00:00Z,2.0960001945495605
2017-10-26T14:00:00Z,51.76000213623047
2017-10-26T15:00:00Z,107.10400390625
2017-10-26T16:00:00Z,142.99400329589844
2017-10-26T17:00:00Z,168.3350067138672
2017-10-26T18:00:00Z,181.4980010986328
2017-10-26T19:00:00Z,166.59201049804688
2017-10-26T20:00:00Z,145.9770050048828
2017-10-26T21:00:00Z,113.0060043334961
2017-10-26T22:00:00Z,60.592002868652344
2017-10-26T23:00:00Z,0
2017-10-27T00:00:00Z,0
2017-10-27T01:00:00Z,0
2017-10-27T02:00:00Z,0
2017-10-27T03:00:00Z,0
2017-10-27T04:00:00Z,0
2017-10-27T05:00:00Z,0
2017-10-27T06:00:00Z,0
2017-10-27T07:00:00Z,0
2017-10-27T08:00:00Z,0
2017-10-27T09:00:00Z,0
2017-10-27T10:00:00Z,0
2017-10-27T11:00:00Z,0
2017-10-27T12:00:00Z,0
2017-10-27T13:00:00Z,1.3040000200271606
2017-10-27T14:00:00Z,102.38400268554688
2017-10-27T15:00:00Z,254.83201599121094
2017-10-27T16:00:00Z,341.5760192871094
2017-10-27T17:00:00Z,402.72003173828125
2017-10-27T18:00:00Z,412.051025390625
2017-10-27T19:00:00Z,377.947021484375
2017-10-27T20:00:00Z,330.5730285644531
2017-10-27T21:00:00Z,219.52000427246094
2017-10-27T22:00:00Z,115.90400695800781
2017-10-27T23:00:00Z,0
2017-10-28T00:00:00Z,0
2017-10-28T01:00:00Z,0
2017-10-28T02:00:00Z,0
2017-10-28T03:00:00Z,0
2017-10-28T04:00:00Z,0
2017-10-28T05:00:00Z,0
2017-10-28T06:00:00Z,0
2017-10-28T07:00:00Z,0
2017-10-28T08:00:00Z,0
2017-10-28T09:00:00Z,0
2017-10-28T10:00:00Z,0
2017-10-28T11:00:00Z,0
2017-10-28T12:00:00Z,0
2017-10-28T13:00:00Z,0
2017-10-28T14:00:00Z,111.9520034790039
2017-10-28T15:00:00Z,255.87200927734375
2017-10-28T16:00:00Z,344.3880310058594
2017-10-28T17:00:00Z,406.66802978515625
2017-10-28T18:00:00Z,409.343017578125
2017-10-28T19:00:00Z,375.25201416015625
2017-10-28T20:00:00Z,327.5740051269531
2017-10-28T21:00:00Z,221.2320098876953
2017-10-28T22:00:00Z,114.96000671386719
2017-10-28T23:00:00Z,0
2017-10-29T00:00:00Z,0
2017-10-29T01:00:00Z,0
2017-10-29T02:00:00Z,0
2017-10-29T03:00:00Z,0
2017-10-29T04:00:00Z,0
2017-10-29T05:00:00Z,0
2017-10-29T06:00:00Z,0
2017-10-29T07:00:00Z,0
2017-10-29T08:00:00Z,0
2017-10-29T09:00:00Z,0
2017-10-29T10:00:00Z,0
2017-10-29T11:00:00Z,0
2017-10-29T12:00:00Z,0
2017-10-29T13:00:00Z,0
2017-10-29T14:00:00Z,38.512001037597656
2017-10-29T15:00:00Z,89.2800064086914
2017-10-29T16:00:00Z,120.69000244140625
2017-10-29T17:00:00Z,142.73001098632812
2017-10-29T18:00:00Z,126.92100524902344
2017-10-29T19:00:00Z,116.28800201416016
2017-10-29T20:00:00Z,101.31300354003906
2017-10-29T21:00:00Z,54.608001708984375
2017-10-29T22:00:00Z,27.904001235961914
2017-10-29T23:00:00Z,0
2017-10-30T00:00:00Z,0
2017-10-30T01:00:00Z,0
2017-10-30T02:00:00Z,0
2017-10-30T03:00:00Z,0
2017-10-30T04:00:00Z,0
2017-10-30T05:00:00Z,0
2017-10-30T06:00:00Z,0
2017-10-30T07:00:00Z,0
2017-10-30T08:00:00Z,0
2017-10-30T09:00:00Z,0
2017-10-30T10:00:00Z,0
2017-10-30T11:00:00Z,0
2017-10-30T12:00:00Z,0
2017-10-30T13:00:00Z,0
2017-10-30T14:00:00Z,70.06400299072266
2017-10-30T15:00:00Z,146.89601135253906
2017-10-30T16:00:00Z,199.40101623535156
2017-10-30T17:00:00Z,236.2460174560547
2017-10-30T18:00:00Z,249.52700805664062
2017-10-30T19:00:00Z,228.46600341796875
2017-10-30T20:00:00Z,198.67001342773438
2017-10-30T21:00:00Z,151.21600341796875
2017-10-30T22:00:00Z,75.98400115966797
2017-10-30T23:00:00Z,0
2017-10-31T00:00:00Z,0
2017-10-31T01:00:00Z,0
2017-10-31T02:00:00Z,0
2017-10-31T03:00:00Z,0
2017-10-31T04:00:00Z,0
2017-10-31T05:00:00Z,0
2017-10-31T06:00:00Z,0
2017-10-31T07:00:00Z,0
2017-10-31T08:00:00Z,0
2017-10-31T09:00:00Z,0
2017-10-31T10:00:00Z,0
2017-10-31T11:00:00Z,0
2017-10-31T12:00:00Z,0
2017-10-31T13:00:00Z,0
2017-10-31T14:00:00Z,64.67200469970703
2017-10-31T15:00:00Z,141.34400939941406
2017-10-31T16:00:00Z,192.72300720214844
2017-10-31T17:00:00Z,228.72201538085938
2017-10-31T18:00:00Z,237.3710174560547
2017-10-31T19:00:00Z,217.21600341796875
2017-10-31T20:00:00Z,188.53001403808594
2017-10-31T21:00:00Z,126.73600769042969
2017-10-31T22:00:00Z,62.560001373291016
2017-10-31T23:00:00Z,0
2017-11-01T00:00:00Z,0
2017-11-01T01:00:00Z,0
2017-11-01T02:00:00Z,0
2017-11-01T03:00:00Z,0
2017-11-01T04:00:00Z,0
2017-11-01T05:00:00Z,0
2017-11-01T06:00:00Z,0
2017-11-01T07:00:00Z,0
2017-11-01T08:00:00Z,0
2017-11-01T09:00:00Z,0
2017-11-01T10:00:00Z,0
2017-11-01T11:00:00Z,0
2017-11-01T12:00:00Z,0
2017-11-01T13:00:00Z,0
2017-11-01T14:00:00Z,72.9280014038086
2017-11-01T15:00:00Z,146.7840118408203
2017-11-01T16:00:00Z,202.59400939941406
2017-11-01T17:00:00Z,237.385009765625
2017-11-01T18:00:00Z,128.16900634765625
2017-11-01T19:00:00Z,121.2090072631836
2017-11-01T20:00:00Z,102.71500396728516
2017-11-01T21:00:00Z,70.86400604248047
2017-11-01T22:00:00Z,34.336002349853516
2017-11-01T23:00:00Z,0
2017-11-02T00:00:00Z,0
2017-11-02T01:00:00Z,0
2017-11-02T02:00:00Z,0
2017-11-02T03:00:00Z,0
2017-11-02T04:00:00Z,0
2017-11-02T05:00:00Z,0
2017-11-02T06:00:00Z,0
2017-11-02T07:00:00Z,0
2017-11-02T08:00:00Z,0
2017-11-02T09:00:00Z,0
2017-11-02T10:00:00Z,0
2017-11-02T11:00:00Z,0
2017-11-02T12:00:00Z,0
2017-11-02T13:00:00Z,0
2017-11-02T14:00:00Z,62.6400032043457
2017-11-02T15:00:00Z,134.7360076904297
2017-11-02T16:00:00Z,186.85000610351562
2017-11-02T17:00:00Z,219.3590087890625
2017-11-02T18:00:00Z,140.25401306152344
2017-11-02T19:00:00Z,132.56800842285156
2017-11-02T20:00:00Z,112.13300323486328
2017-11-02T21:00:00Z,70.20800018310547
2017-11-02T22:00:00Z,33.37600326538086
2017-11-02T23:00:00Z,0
2017-11-03T00:00:00Z,0
2017-11-03T01:00:00Z,0
2017-11-03T02:00:00Z,0
2017-11-03T03:00:00Z,0
2017-11-03T04:00:00Z,0
2017-11-03T05:00:00Z,0
2017-11-03T06:00:00Z,0
2017-11-03T07:00:00Z,0
2017-11-03T08:00:00Z,0
2017-11-03T09:00:00Z,0
2017-11-03T10:00:00Z,0
2017-11-03T11:00:00Z,0
2017-11-03T12:00:00Z,0
2017-11-03T13:00:00Z,0
2017-11-03T14:00:00Z,70.73600006103516
2017-11-03T15:00:00Z,153.05599975585938
2017-11-03T16:00:00Z,213.29400634765625
2017-11-03T17:00:00Z,250.87001037597656
2017-11-03T18:00:00Z,271.3590087890625
2017-11-03T19:00:00Z,256.3470153808594
2017-11-03T20:00:00Z,216.39801025390625
2017-11-03T21:00:00Z,132.48001098632812
2017-11-03T22:00:00Z,61.74400329589844
2017-11-03T23:00:00Z,0
2017-11-04T00:00:00Z,0
2017-11-04T01:00:00Z,0
2017-11-04T02:00:00Z,0
2017-11-04T03:00:00Z,0
2017-11-04T04:00:00Z,0
2017-11-04T05:00:00Z,0
2017-11-04T06:00:00Z,0
2017-11-04T07:00:00Z,0
2017-11-04T08:00:00Z,0
2017-11-04T09:00:00Z,0
2017-11-04T10:00:00Z,0
2017-11-04T11:00:00Z,0
2017-11-04T12:00:00Z,0
2017-11-04T13:00:00Z,0
2017-11-04T14:00:00Z,54.71200180053711
2017-11-04T15:00:00Z,121.5840072631836
2017-11-04T16:00:00Z,170.31201171875
2017-11-04T17:00:00Z,200.69500732421875
2017-11-04T18:00:00Z,195.3330078125
2017-11-04T19:00:00Z,184.44601440429688
2017-11-04T20:00:00Z,155.39300537109375
2017-11-04T21:00:00Z,85.92000579833984
2017-11-04T22:00:00Z,39.23200225830078
2017-11-04T23:00:00Z,0
2017-11-05T00:00:00Z,0
2017-11-05T01:00:00Z,0
2017-11-05T02:00:00Z,0
2017-11-05T03:00:00Z,0
2017-11-05T04:00:00Z,0
2017-11-05T05:00:00Z,0
2017-11-05T06:00:00Z,0
2017-11-05T07:00:00Z,0
2017-11-05T08:00:00Z,0
2017-11-05T09:00:00Z,0
2017-11-05T10:00:00Z,0
2017-11-05T11:00:00Z,0
2017-11-05T12:00:00Z,0
2017-11-05T13:00:00Z,0
2017-11-05T14:00:00Z,47.040000915527344
2017-11-05T15:00:00Z,133.48800659179688
2017-11-05T16:00:00Z,187.9650115966797
2017-11-05T17:00:00Z,221.93101501464844
2017-11-05T18:00:00Z,292.52801513671875
2017-11-05T19:00:00Z,276.09100341796875
2017-11-05T20:00:00Z,232.1630096435547
2017-11-05T21:00:00Z,121.24800872802734
2017-11-05T22:00:00Z,54.19200134277344
2017-11-05T23:00:00Z,0
2017-11-06T00:00:00Z,0
2017-11-06T01:00:00Z,0
2017-11-06T02:00:00Z,0
2017-11-06T03:00:00Z,0
2017-11-06T04:00:00Z,0
2017-11-06T05:00:00Z,0
2017-11-06T06:00:00Z,0
2017-11-06T07:00:00Z,0
2017-11-06T08:00:00Z,0
2017-11-06T09:00:00Z,0
2017-11-06T10:00:00Z,0
2017-11-06T11:00:00Z,0
2017-11-06T12:00:00Z,0
2017-11-06T13:00:00Z,0
2017-11-06T14:00:00Z,59.384002685546875
2017-11-06T15:00:00Z,135.74400329589844
2017-11-06T16:00:00Z,192.15000915527344
2017-11-06T17:00:00Z,227.35501098632812
2017-11-06T18:00:00Z,237.29800415039062
2017-11-06T19:00:00Z,223.84800720214844
2017-11-06T20:00:00Z,187.87600708007812
2017-11-06T21:00:00Z,104.00000762939453
2017-11-06T22:00:00Z,45.47200393676758
2017-11-06T23:00:00Z,0
2017-11-07T00:00:00Z,0
2017-11-07T01:00:00Z,0
2017-11-07T02:00:00Z,0
2017-11-07T03:00:00Z,0
2017-11-07T04:00:00Z,0
2017-11-07T05:00:00Z,0
2017-11-07T06:00:00Z,0
2017-11-07T07:00:00Z,0
2017-11-07T08:00:00Z,0
2017-11-07T09:00:00Z,0
2017-11-07T10:00:00Z,0
2017-11-07T11:00:00Z,0
2017-11-07T12:00:00Z,0
2017-11-07T13:00:00Z,0
2017-11-07T14:00:00Z,64.8479995727539
2017-11-07T15:00:00Z,152.656005859375
2017-11-07T16:00:00Z,217.3070068359375
2017-11-07T17:00:00Z,257.6500244140625
2017-11-07T18:00:00Z,259.71099853515625
2017-11-07T19:00:00Z,244.87701416015625
2017-11-07T20:00:00Z,205.1400146484375
2017-11-07T21:00:00Z,146.75201416015625
2017-11-07T22:00:00Z,62.704002380371094
2017-11-07T23:00:00Z,0
2017-11-08T00:00:00Z,0
2017-11-08T01:00:00Z,0
2017-11-08T02:00:00Z,0
2017-11-08T03:00:00Z,0
2017-11-08T04:00:00Z,0
2017-11-08T05:00:00Z,0
2017-11-08T06:00:00Z,0
2017-11-08T07:00:00Z,0
2017-11-08T08:00:00Z,0
2017-11-08T09:00:00Z,0
2017-11-08T10:00:00Z,0
2017-11-08T11:00:00Z,0
2017-11-08T12:00:00Z,0
2017-11-08T13:00:00Z,0
2017-11-08T14:00:00Z,35.61600112915039
2017-11-08T15:00:00Z,110.22400665283203
2017-11-08T16:00:00Z,157.82101440429688
2017-11-08T17:00:00Z,187.53201293945312
2017-11-08T18:00:00Z,192.0030059814453
2017-11-08T19:00:00Z,180.94900512695312
2017-11-08T20:00:00Z,151.31100463867188
2017-11-08T21:00:00Z,105.12000274658203
2017-11-08T22:00:00Z,43.85600280761719
2017-11-08T23:00:00Z,0
2017-11-09T00:00:00Z,0
2017-11-09T01:00:00Z,0
2017-11-09T02:00:00Z,0
2017-11-09T03:00:00Z,0
2017-11-09T04:00:00Z,0
2017-11-09T05:00:00Z,0
2017-11-09T06:00:00Z,0
2017-11-09T07:00:00Z,0
2017-11-09T08:00:00Z,0
2017-11-09T09:00:00Z,0
2017-11-09T10:00:00Z,0
2017-11-09T11:00:00Z,0
2017-11-09T12:00:00Z,0
2017-11-09T13:00:00Z,0
2017-11-09T14:00:00Z,47.93600082397461
2017-11-09T15:00:00Z,133.74400329589844
2017-11-09T16:00:00Z,192.62301635742188
2017-11-09T17:00:00Z,229.41000366210938
2017-11-09T18:00:00Z,265.60302734375
2017-11-09T19:00:00Z,250.22601318359375
2017-11-09T20:00:00Z,208.8360137939453
2017-11-09T21:00:00Z,116.6080093383789
2017-11-09T22:00:00Z,47.45600128173828
2017-11-09T23:00:00Z,0
2017-11-10T00:00:00Z,0
2017-11-10T01:00:00Z,0
2017-11-10T02:00:00Z,0
2017-11-10T03:00:00Z,0
2017-11-10T04:00:00Z,0
2017-11-10T05:00:00Z,0
2017-11-10T06:00:00Z,0
2017-11-10T07:00:00Z,0
2017-11-10T08:00:00Z,0
2017-11-10T09:00:00Z,0
2017-11-10T10:00:00Z,0
2017-11-10T11:00:00Z,0
2017-11-10T12:00:00Z,0
2017-11-10T13:00:00Z,0
2017-11-10T14:00:00Z,63.63200378417969
2017-11-10T15:00:00Z,178.5760040283203
2017-11-10T16:00:00Z,258.75201416015625
2017-11-10T17:00:00Z,308.8690185546875
2017-11-10T18:00:00Z,301.9740295410156
2017-11-10T19:00:00Z,284.3919982910156
2017-11-10T20:00:00Z,236.90701293945312
2017-11-10T21:00:00Z,125.24800872802734
2017-11-10T22:00:00Z,49.68000411987305
2017-11-10T23:00:00Z,0
2017-11-11T00:00:00Z,0
2017-11-11T01:00:00Z,0
2017-11-11T02:00:00Z,0
2017-11-11T03:00:00Z,0
2017-11-11T04:00:00Z,0
2017-11-11T05:00:00Z,0
2017-11-11T06:00:00Z,0
2017-11-11T07:00:00Z,0
2017-11-11T08:00:00Z,0
2017-11-11T09:00:00Z,0
2017-11-11T10:00:00Z,0
2017-11-11T11:00:00Z,0
2017-11-11T12:00:00Z,0
2017-11-11T13:00:00Z,0
2017-11-11T14:00:00Z,32.28000259399414
2017-11-11T15:00:00Z,44.592002868652344
2017-11-11T16:00:00Z,65.00800323486328
2017-11-11T17:00:00Z,77.78400421142578
2017-11-11T18:00:00Z,123.06300354003906
2017-11-11T19:00:00Z,115.86300659179688
2017-11-11T20:00:00Z,96.34100341796875
2017-11-11T21:00:00Z,62.6400032043457
2017-11-11T22:00:00Z,24.192001342773438
2017-11-11T23:00:00Z,0
2017-11-12T00:00:00Z,0
2017-11-12T01:00:00Z,0
2017-11-12T02:00:00Z,0
2017-11-12T03:00:00Z,0
2017-11-12T04:00:00Z,0
2017-11-12T05:00:00Z,0
2017-11-12T06:00:00Z,0
2017-11-12T07:00:00Z,0
2017-11-12T08:00:00Z,0
2017-11-12T09:00:00Z,0
2017-11-12T10:00:00Z,0
2017-11-12T11:00:00Z,0
2017-11-12T12:00:00Z,0
2017-11-12T13:00:00Z,0
2017-11-12T14:00:00Z,41.28000259399414
2017-11-12T15:00:00Z,117.63200378417969
2017-11-12T16:00:00Z,172.62100219726562
2017-11-12T17:00:00Z,207.0430145263672
2017-11-12T18:00:00Z,233.4910125732422
2017-11-12T19:00:00Z,219.72900390625
2017-11-12T20:00:00Z,182.38400268554688
2017-11-12T21:00:00Z,105.20000457763672
2017-11-12T22:00:00Z,39.52000045776367
2017-11-12T23:00:00Z,0
2017-11-13T00:00:00Z,0
2017-11-13T01:00:00Z,0
2017-11-13T02:00:00Z,0
2017-11-13T03:00:00Z,0
2017-11-13T04:00:00Z,0
2017-11-13T05:00:00Z,0
2017-11-13T06:00:00Z,0
2017-11-13T07:00:00Z,0
2017-11-13T08:00:00Z,0
2017-11-13T09:00:00Z,0
2017-11-13T10:00:00Z,0
2017-11-13T11:00:00Z,0
2017-11-13T12:00:00Z,0
2017-11-13T13:00:00Z,0
2017-11-13T14:00:00Z,34.13600158691406
2017-11-13T15:00:00Z,159.3280029296875
2017-11-13T16:00:00Z,235.37001037597656
2017-11-13T17:00:00Z,283.0010070800781
2017-11-13T18:00:00Z,307.1750183105469
2017-11-13T19:00:00Z,288.9980163574219
2017-11-13T20:00:00Z,239.45001220703125
2017-11-13T21:00:00Z,117.26400756835938
2017-11-13T22:00:00Z,42.816001892089844
2017-11-13T23:00:00Z,0
2017-11-14T00:00:00Z,0
2017-11-14T01:00:00Z,0
2017-11-14T02:00:00Z,0
2017-11-14T03:00:00Z,0
2017-11-14T04:00:00Z,0
2017-11-14T05:00:00Z,0
2017-11-14T06:00:00Z,0
2017-11-14T07:00:00Z,0
2017-11-14T08:00:00Z,0
2017-11-14T09:00:00Z,0
2017-11-14T10:00:00Z,0
2017-11-14T11:00:00Z,0
2017-11-14T12:00:00Z,0
2017-11-14T13:00:00Z,0
2017-11-14T14:00:00Z,47.53600311279297
2017-11-14T15:00:00Z,161.1680145263672
2017-11-14T16:00:00Z,239.7160186767578
2017-11-14T17:00:00Z,288.9530029296875
2017-11-14T18:00:00Z,277.71502685546875
2017-11-14T19:00:00Z,261.2140197753906
2017-11-14T20:00:00Z,216.04800415039062
2017-11-14T21:00:00Z,101.15200805664062
2017-11-14T22:00:00Z,35.85600280761719
2017-11-14T23:00:00Z,0
2017-11-15T00:00:00Z,0
2017-11-15T01:00:00Z,0
2017-11-15T02:00:00Z,0
2017-11-15T03:00:00Z,0
2017-11-15T04:00:00Z,0
2017-11-15T05:00:00Z,0
2017-11-15T06:00:00Z,0
2017-11-15T07:00:00Z,0
2017-11-15T08:00:00Z,0
2017-11-15T09:00:00Z,0
2017-11-15T10:00:00Z,0
2017-11-15T11:00:00Z,0
2017-11-15T12:00:00Z,0
2017-11-15T13:00:00Z,0
2017-11-15T14:00:00Z,30.60000228881836
2017-11-15T15:00:00Z,82.64000701904297
2017-11-15T16:00:00Z,123.78700256347656
2017-11-15T17:00:00Z,149.60101318359375
2017-11-15T18:00:00Z,116.35600280761719
2017-11-15T19:00:00Z,109.40800476074219
2017-11-15T20:00:00Z,90.350006103515625
2017-11-15T21:00:00Z,48.384002685546875
2017-11-15T22:00:00Z,16.624000549316406
2017-11-15T23:00:00Z,0
2017-11-16T00:00:00Z,0
2017-11-16T01:00:00Z,0
2017-11-16T02:00:00Z,0
2017-11-16T03:00:00Z,0
2017-11-16T04:00:00Z,0
2017-11-16T05:00:00Z,0
2017-11-16T06:00:00Z,0
2017-11-16T07:00:00Z,0
2017-11-16T08:00:00Z,0
2017-11-16T09:00:00Z,0
2017-11-16T10:00:00Z,0
2017-11-16T11:00:00Z,0
2017-11-16T12:00:00Z,0
2017-11-16T13:00:00Z,0
2017-11-16T14:00:00Z,43.480003356933594
2017-11-16T15:00:00Z,158.27200317382812
2017-11-16T16:00:00Z,238.7840118408203
2017-11-16T17:00:00Z,289.3520202636719
2017-11-16T18:00:00Z,306.7590026855469
2017-11-16T19:00:00Z,288.4070129394531
2017-11-16T20:00:00Z,237.7320098876953
2017-11-16T21:00:00Z,128.5279998779297
2017-11-16T22:00:00Z,42.80000305175781
2017-11-16T23:00:00Z,0
2017-11-17T00:00:00Z,0
2017-11-17T01:00:00Z,0
2017-11-17T02:00:00Z,0
2017-11-17T03:00:00Z,0
2017-11-17T04:00:00Z,0
2017-11-17T05:00:00Z,0
2017-11-17T06:00:00Z,0
2017-11-17T07:00:00Z,0
2017-11-17T08:00:00Z,0
2017-11-17T09:00:00Z,0
2017-11-17T10:00:00Z,0
2017-11-17T11:00:00Z,0
2017-11-17T12:00:00Z,0
2017-11-17T13:00:00Z,0
2017-11-17T14:00:00Z,43.064002990722656
2017-11-17T15:00:00Z,151.20001220703125
2017-11-17T16:00:00Z,229.8170166015625
2017-11-17T17:00:00Z,279.22601318359375
2017-11-17T18:00:00Z,280.3160095214844
2017-11-17T19:00:00Z,263.4800109863281
2017-11-17T20:00:00Z,216.84201049804688
2017-11-17T21:00:00Z,119.04000854492188
2017-11-17T22:00:00Z,38.35200119018555
2017-11-17T23:00:00Z,0
2017-11-18T00:00:00Z,0
2017-11-18T01:00:00Z,0
2017-11-18T02:00:00Z,0
2017-11-18T03:00:00Z,0
2017-11-18T04:00:00Z,0
2017-11-18T05:00:00Z,0
2017-11-18T06:00:00Z,0
2017-11-18T07:00:00Z,0
2017-11-18T08:00:00Z,0
2017-11-18T09:00:00Z,0
2017-11-18T10:00:00Z,0
2017-11-18T11:00:00Z,0
2017-11-18T12:00:00Z,0
2017-11-18T13:00:00Z,0
2017-11-18T14:00:00Z,9.744000434875488
2017-11-18T15:00:00Z,100.51200103759766
2017-11-18T16:00:00Z,153.92300415039062
2017-11-18T17:00:00Z,187.54600524902344
2017-11-18T18:00:00Z,225.0900115966797
2017-11-18T19:00:00Z,211.55601501464844
2017-11-18T20:00:00Z,173.8350067138672
2017-11-18T21:00:00Z,97.152008056640625
2017-11-18T22:00:00Z,30.264001846313477
2017-11-18T23:00:00Z,0
2017-11-19T00:00:00Z,0
2017-11-19T01:00:00Z,0
2017-11-19T02:00:00Z,0
2017-11-19T03:00:00Z,0
2017-11-19T04:00:00Z,0
2017-11-19T05:00:00Z,0
2017-11-19T06:00:00Z,0
2017-11-19T07:00:00Z,0
2017-11-19T08:00:00Z,0
2017-11-19T09:00:00Z,0
2017-11-19T10:00:00Z,0
2017-11-19T11:00:00Z,0
2017-11-19T12:00:00Z,0
2017-11-19T13:00:00Z,0
2017-11-19T14:00:00Z,27.400001525878906
2017-11-19T15:00:00Z,110.75200653076172
2017-11-19T16:00:00Z,170.95901489257812
2017-11-19T17:00:00Z,208.86801147460938
2017-11-19T18:00:00Z,248.06800842285156
2017-11-19T19:00:00Z,233.1210174560547
2017-11-19T20:00:00Z,191.2620086669922
2017-11-19T21:00:00Z,100.11200714111328
2017-11-19T22:00:00Z,30.112001419067383
2017-11-19T23:00:00Z,0
2017-11-20T00:00:00Z,0
2017-11-20T01:00:00Z,0
2017-11-20T02:00:00Z,0
2017-11-20T03:00:00Z,0
2017-11-20T04:00:00Z,0
2017-11-20T05:00:00Z,0
2017-11-20T06:00:00Z,0
2017-11-20T07:00:00Z,0
2017-11-20T08:00:00Z,0
2017-11-20T09:00:00Z,0
2017-11-20T10:00:00Z,0
2017-11-20T11:00:00Z,0
2017-11-20T12:00:00Z,0
2017-11-20T13:00:00Z,0
2017-11-20T14:00:00Z,29.70400047302246
2017-11-20T15:00:00Z,120.54400634765625
2017-11-20T16:00:00Z,187.56100463867188
2017-11-20T17:00:00Z,229.82101440429688
2017-11-20T18:00:00Z,232.2010040283203
2017-11-20T19:00:00Z,218.1900177001953
2017-11-20T20:00:00Z,178.73300170898438
2017-11-20T21:00:00Z,98.68800354003906
2017-11-20T22:00:00Z,28.624000549316406
2017-11-20T23:00:00Z,0
2017-11-21T00:00:00Z,0
2017-11-21T01:00:00Z,0
2017-11-21T02:00:00Z,0
2017-11-21T03:00:00Z,0
2017-11-21T04:00:00Z,0
2017-11-21T05:00:00Z,0
2017-11-21T06:00:00Z,0
2017-11-21T07:00:00Z,0
2017-11-21T08:00:00Z,0
2017-11-21T09:00:00Z,0
2017-11-21T10:00:00Z,0
2017-11-21T11:00:00Z,0
2017-11-21T12:00:00Z,0
2017-11-21T13:00:00Z,0
2017-11-21T14:00:00Z,26.104001998901367
2017-11-21T15:00:00Z,100.46400451660156
2017-11-21T16:00:00Z,157.6020050048828
2017-11-21T17:00:00Z,193.68301391601562
2017-11-21T18:00:00Z,201.3620147705078
2017-11-21T19:00:00Z,189.2110137939453
2017-11-21T20:00:00Z,154.76300048828125
2017-11-21T21:00:00Z,77.936004638671875
2017-11-21T22:00:00Z,21.7760009765625
2017-11-21T23:00:00Z,0
2017-11-22T00:00:00Z,0
2017-11-22T01:00:00Z,0
2017-11-22T02:00:00Z,0
2017-11-22T03:00:00Z,0
2017-11-22T04:00:00Z,0
2017-11-22T05:00:00Z,0
2017-11-22T06:00:00Z,0
2017-11-22T07:00:00Z,0
2017-11-22T08:00:00Z,0
2017-11-22T09:00:00Z,0
2017-11-22T10:00:00Z,0
2017-11-22T11:00:00Z,0
2017-11-22T12:00:00Z,0
2017-11-22T13:00:00Z,0
2017-11-22T14:00:00Z,26.496002197265625
2017-11-22T15:00:00Z,118.91200256347656
2017-11-22T16:00:00Z,188.1120147705078
2017-11-22T17:00:00Z,231.86300659179688
2017-11-22T18:00:00Z,228.7890167236328
2017-11-22T19:00:00Z,214.9810028076172
2017-11-22T20:00:00Z,175.61300659179688
2017-11-22T21:00:00Z,79.8080062866211
2017-11-22T22:00:00Z,21.472000122070312
2017-11-22T23:00:00Z,0
2017-11-23T00:00:00Z,0
2017-11-23T01:00:00Z,0
2017-11-23T02:00:00Z,0
2017-11-23T03:00:00Z,0
2017-11-23T04:00:00Z,0
2017-11-23T05:00:00Z,0
2017-11-23T06:00:00Z,0
2017-11-23T07:00:00Z,0
2017-11-23T08:00:00Z,0
2017-11-23T09:00:00Z,0
2017-11-23T10:00:00Z,0
2017-11-23T11:00:00Z,0
2017-11-23T12:00:00Z,0
2017-11-23T13:00:00Z,0
2017-11-23T14:00:00Z,20.992000579833984
2017-11-23T15:00:00Z,123.1360092163086
2017-11-23T16:00:00Z,196.48001098632812
2017-11-23T17:00:00Z,242.90101623535156
2017-11-23T18:00:00Z,175.85000610351562
2017-11-23T19:00:00Z,165.25001525878906
2017-11-23T20:00:00Z,134.802001953125
2017-11-23T21:00:00Z,44.224002838134766
2017-11-23T22:00:00Z,11.440000534057617
2017-11-23T23:00:00Z,0
2017-11-24T00:00:00Z,0
2017-11-24T01:00:00Z,0
2017-11-24T02:00:00Z,0
2017-11-24T03:00:00Z,0
2017-11-24T04:00:00Z,0
2017-11-24T05:00:00Z,0
2017-11-24T06:00:00Z,0
2017-11-24T07:00:00Z,0
2017-11-24T08:00:00Z,0
2017-11-24T09:00:00Z,0
2017-11-24T10:00:00Z,0
2017-11-24T11:00:00Z,0
2017-11-24T12:00:00Z,0
2017-11-24T13:00:00Z,0
2017-11-24T14:00:00Z,20.224000930786133
2017-11-24T15:00:00Z,117.45600891113281
2017-11-24T16:00:00Z,189.07200622558594
2017-11-24T17:00:00Z,234.46900939941406
2017-11-24T18:00:00Z,264.71099853515625
2017-11-24T19:00:00Z,248.7720184326172
2017-11-24T20:00:00Z,202.68800354003906
2017-11-24T21:00:00Z,91.600006103515625
2017-11-24T22:00:00Z,22.75200080871582
2017-11-24T23:00:00Z,0
2017-11-25T00:00:00Z,0
2017-11-25T01:00:00Z,0
2017-11-25T02:00:00Z,0
2017-11-25T03:00:00Z,0
2017-11-25T04:00:00Z,0
2017-11-25T05:00:00Z,0
2017-11-25T06:00:00Z,0
2017-11-25T07:00:00Z,0
2017-11-25T08:00:00Z,0
2017-11-25T09:00:00Z,0
2017-11-25T10:00:00Z,0
2017-11-25T11:00:00Z,0
2017-11-25T12:00:00Z,0
2017-11-25T13:00:00Z,0
2017-11-25T14:00:00Z,17.48000144958496
2017-11-25T15:00:00Z,131.44000244140625
2017-11-25T16:00:00Z,213.47201538085938
2017-11-25T17:00:00Z,265.54901123046875
2017-11-25T18:00:00Z,278.48602294921875
2017-11-25T19:00:00Z,261.73699951171875
2017-11-25T20:00:00Z,213.0070037841797
2017-11-25T21:00:00Z,101.64800262451172
2017-11-25T22:00:00Z,24.240001678466797
2017-11-25T23:00:00Z,0
2017-11-26T00:00:00Z,0
2017-11-26T01:00:00Z,0
2017-11-26T02:00:00Z,0
2017-11-26T03:00:00Z,0
2017-11-26T04:00:00Z,0
2017-11-26T05:00:00Z,0
2017-11-26T06:00:00Z,0
2017-11-26T07:00:00Z,0
2017-11-26T08:00:00Z,0
2017-11-26T09:00:00Z,0
2017-11-26T10:00:00Z,0
2017-11-26T11:00:00Z,0
2017-11-26T12:00:00Z,0
2017-11-26T13:00:00Z,0
2017-11-26T14:00:00Z,15.432001113891602
2017-11-26T15:00:00Z,126.30400848388672
2017-11-26T16:00:00Z,207.02401733398438
2017-11-26T17:00:00Z,258.3340148925781
2017-11-26T18:00:00Z,271.14801025390625
2017-11-26T19:00:00Z,254.87400817871094
2017-11-26T20:00:00Z,207.17601013183594
2017-11-26T21:00:00Z,89.87200164794922
2017-11-26T22:00:00Z,20.560001373291016
2017-11-26T23:00:00Z,0
2017-11-27T00:00:00Z,0
2017-11-27T01:00:00Z,0
2017-11-27T02:00:00Z,0
2017-11-27T03:00:00Z,0
2017-11-27T04:00:00Z,0
2017-11-27T05:00:00Z,0
2017-11-27T06:00:00Z,0
2017-11-27T07:00:00Z,0
2017-11-27T08:00:00Z,0
2017-11-27T09:00:00Z,0
2017-11-27T10:00:00Z,0
2017-11-27T11:00:00Z,0
2017-11-27T12:00:00Z,0
2017-11-27T13:00:00Z,0
2017-11-27T14:00:00Z,11.368000984191895
2017-11-27T15:00:00Z,87.1520004272461
2017-11-27T16:00:00Z,144.19200134277344
2017-11-27T17:00:00Z,180.5080108642578
2017-11-27T18:00:00Z,217.10301208496094
2017-11-27T19:00:00Z,204.12600708007812
2017-11-27T20:00:00Z,165.74700927734375
2017-11-27T21:00:00Z,90.720001220703125
2017-11-27T22:00:00Z,19.88800048828125
2017-11-27T23:00:00Z,0
2017-11-28T00:00:00Z,0
2017-11-28T01:00:00Z,0
2017-11-28T02:00:00Z,0
2017-11-28T03:00:00Z,0
2017-11-28T04:00:00Z,0
2017-11-28T05:00:00Z,0
2017-11-28T06:00:00Z,0
2017-11-28T07:00:00Z,0
2017-11-28T08:00:00Z,0
2017-11-28T09:00:00Z,0
2017-11-28T10:00:00Z,0
2017-11-28T11:00:00Z,0
2017-11-28T12:00:00Z,0
2017-11-28T13:00:00Z,0
2017-11-28T14:00:00Z,10.280000686645508
2017-11-28T15:00:00Z,80.32000732421875
2017-11-28T16:00:00Z,134.14401245117188
2017-11-28T17:00:00Z,168.46800231933594
2017-11-28T18:00:00Z,114.19500732421875
2017-11-28T19:00:00Z,107.39700317382812
2017-11-28T20:00:00Z,87.12500762939453
2017-11-28T21:00:00Z,41.88800048828125
2017-11-28T22:00:00Z,8.800000190734863
2017-11-28T23:00:00Z,0
2017-11-29T00:00:00Z,0
2017-11-29T01:00:00Z,0
2017-11-29T02:00:00Z,0
2017-11-29T03:00:00Z,0
2017-11-29T04:00:00Z,0
2017-11-29T05:00:00Z,0
2017-11-29T06:00:00Z,0
2017-11-29T07:00:00Z,0
2017-11-29T08:00:00Z,0
2017-11-29T09:00:00Z,0
2017-11-29T10:00:00Z,0
2017-11-29T11:00:00Z,0
2017-11-29T12:00:00Z,0
2017-11-29T13:00:00Z,0
2017-11-29T14:00:00Z,10.272000312805176
2017-11-29T15:00:00Z,105.0560073852539
2017-11-29T16:00:00Z,177.1680145263672
2017-11-29T17:00:00Z,223.218017578125
2017-11-29T18:00:00Z,247.66900634765625
2017-11-29T19:00:00Z,232.9840087890625
2017-11-29T20:00:00Z,188.8360137939453
2017-11-29T21:00:00Z,100.91200256347656
2017-11-29T22:00:00Z,20.32000160217285
2017-11-29T23:00:00Z,0
2017-11-30T00:00:00Z,0
2017-11-30T01:00:00Z,0
2017-11-30T02:00:00Z,0
2017-11-30T03:00:00Z,0
2017-11-30T04:00:00Z,0
2017-11-30T05:00:00Z,0
2017-11-30T06:00:00Z,0
2017-11-30T07:00:00Z,0
2017-11-30T08:00:00Z,0
2017-11-30T09:00:00Z,0
2017-11-30T10:00:00Z,0
2017-11-30T11:00:00Z,0
2017-11-30T12:00:00Z,0
2017-11-30T13:00:00Z,0
2017-11-30T14:00:00Z,6.896000385284424
2017-11-30T15:00:00Z,113.88800811767578
2017-11-30T16:00:00Z,193.95201110839844
2017-11-30T17:00:00Z,245.1640167236328
2017-11-30T18:00:00Z,259.51202392578125
2017-11-30T19:00:00Z,244.1920166015625
2017-11-30T20:00:00Z,197.7670135498047
2017-11-30T21:00:00Z,82.44800567626953
2017-11-30T22:00:00Z,15.904000282287598
2017-11-30T23:00:00Z,0
2017-12-01T00:00:00Z,0
2017-12-01T01:00:00Z,0
2017-12-01T02:00:00Z,0
2017-12-01T03:00:00Z,0
2017-12-01T04:00:00Z,0
2017-12-01T05:00:00Z,0
2017-12-01T06:00:00Z,0
2017-12-01T07:00:00Z,0
2017-12-01T08:00:00Z,0
2017-12-01T09:00:00Z,0
2017-12-01T10:00:00Z,0
2017-12-01T11:00:00Z,0
2017-12-01T12:00:00Z,0
2017-12-01T13:00:00Z,0
2017-12-01T14:00:00Z,6.568000316619873
2017-12-01T15:00:00Z,115.42400360107422
2017-12-01T16:00:00Z,198.52801513671875
2017-12-01T17:00:00Z,251.7720184326172
2017-12-01T18:00:00Z,270.1210021972656
2017-12-01T19:00:00Z,255.1170196533203
2017-12-01T20:00:00Z,206.46200561523438
2017-12-01T21:00:00Z,108.73600769042969
2017-12-01T22:00:00Z,20.104000091552734
2017-12-01T23:00:00Z,0
2017-12-02T00:00:00Z,0
2017-12-02T01:00:00Z,0
2017-12-02T02:00:00Z,0
2017-12-02T03:00:00Z,0
2017-12-02T04:00:00Z,0
2017-12-02T05:00:00Z,0
2017-12-02T06:00:00Z,0
2017-12-02T07:00:00Z,0
2017-12-02T08:00:00Z,0
2017-12-02T09:00:00Z,0
2017-12-02T10:00:00Z,0
2017-12-02T11:00:00Z,0
2017-12-02T12:00:00Z,0
2017-12-02T13:00:00Z,0
2017-12-02T14:00:00Z,3.3440001010894775
2017-12-02T15:00:00Z,115.26400756835938
2017-12-02T16:00:00Z,200.27200317382812
2017-12-02T17:00:00Z,254.8090057373047
2017-12-02T18:00:00Z,283.70001220703125
2017-12-02T19:00:00Z,268.052001953125
2017-12-02T20:00:00Z,216.7890167236328
2017-12-02T21:00:00Z,88.68800354003906
2017-12-02T22:00:00Z,15.72800064086914
2017-12-02T23:00:00Z,0
2017-12-03T00:00:00Z,0
2017-12-03T01:00:00Z,0
2017-12-03T02:00:00Z,0
2017-12-03T03:00:00Z,0
2017-12-03T04:00:00Z,0
2017-12-03T05:00:00Z,0
2017-12-03T06:00:00Z,0
2017-12-03T07:00:00Z,0
2017-12-03T08:00:00Z,0
2017-12-03T09:00:00Z,0
2017-12-03T10:00:00Z,0
2017-12-03T11:00:00Z,0
2017-12-03T12:00:00Z,0
2017-12-03T13:00:00Z,0
2017-12-03T14:00:00Z,2.080000162124634
2017-12-03T15:00:00Z,116.28800201416016
2017-12-03T16:00:00Z,204.1280059814453
2017-12-03T17:00:00Z,260.5810241699219
2017-12-03T18:00:00Z,279.916015625
2017-12-03T19:00:00Z,264.5989990234375
2017-12-03T20:00:00Z,213.8830108642578
2017-12-03T21:00:00Z,100.91200256347656
2017-12-03T22:00:00Z,17.176000595092773
2017-12-03T23:00:00Z,0
2017-12-04T00:00:00Z,0
2017-12-04T01:00:00Z,0
2017-12-04T02:00:00Z,0
2017-12-04T03:00:00Z,0
2017-12-04T04:00:00Z,0
2017-12-04T05:00:00Z,0
2017-12-04T06:00:00Z,0
2017-12-04T07:00:00Z,0
2017-12-04T08:00:00Z,0
2017-12-04T09:00:00Z,0
2017-12-04T10:00:00Z,0
2017-12-04T11:00:00Z,0
2017-12-04T12:00:00Z,0
2017-12-04T13:00:00Z,0
2017-12-04T14:00:00Z,0.1600000113248825
2017-12-04T15:00:00Z,52.89600372314453
2017-12-04T16:00:00Z,93.8080062866211
2017-12-04T17:00:00Z,120.13400268554688
2017-12-04T18:00:00Z,123.1080093383789
2017-12-04T19:00:00Z,116.42000579833984
2017-12-04T20:00:00Z,94.07600402832031
2017-12-04T21:00:00Z,49.20000076293945
2017-12-04T22:00:00Z,8.056000709533691
2017-12-04T23:00:00Z,0
2017-12-05T00:00:00Z,0
2017-12-05T01:00:00Z,0
2017-12-05T02:00:00Z,0
2017-12-05T03:00:00Z,0
2017-12-05T04:00:00Z,0
2017-12-05T05:00:00Z,0
2017-12-05T06:00:00Z,0
2017-12-05T07:00:00Z,0
2017-12-05T08:00:00Z,0
2017-12-05T09:00:00Z,0
2017-12-05T10:00:00Z,0
2017-12-05T11:00:00Z,0
2017-12-05T12:00:00Z,0
2017-12-05T13:00:00Z,0
2017-12-05T14:00:00Z,0
2017-12-05T15:00:00Z,37.104000091552734
2017-12-05T16:00:00Z,66.496002197265625
2017-12-05T17:00:00Z,85.43900299072266
2017-12-05T18:00:00Z,106.5570068359375
2017-12-05T19:00:00Z,100.81900787353516
2017-12-05T20:00:00Z,81.44700622558594
2017-12-05T21:00:00Z,36.560001373291016
2017-12-05T22:00:00Z,5.76800012588501
2017-12-05T23:00:00Z,0
2017-12-06T00:00:00Z,0
2017-12-06T01:00:00Z,0
2017-12-06T02:00:00Z,0
2017-12-06T03:00:00Z,0
2017-12-06T04:00:00Z,0
2017-12-06T05:00:00Z,0
2017-12-06T06:00:00Z,0
2017-12-06T07:00:00Z,0
2017-12-06T08:00:00Z,0
2017-12-06T09:00:00Z,0
2017-12-06T10:00:00Z,0
2017-12-06T11:00:00Z,0
2017-12-06T12:00:00Z,0
2017-12-06T13:00:00Z,0
2017-12-06T14:00:00Z,0
2017-12-06T15:00:00Z,67.488006591796875
2017-12-06T16:00:00Z,122.1760025024414
2017-12-06T17:00:00Z,157.50601196289062
2017-12-06T18:00:00Z,252.8610076904297
2017-12-06T19:00:00Z,239.3900146484375
2017-12-06T20:00:00Z,193.3360137939453
2017-12-06T21:00:00Z,93.84000396728516
2017-12-06T22:00:00Z,14.28800106048584
2017-12-06T23:00:00Z,0
2017-12-07T00:00:00Z,0
2017-12-07T01:00:00Z,0
2017-12-07T02:00:00Z,0
2017-12-07T03:00:00Z,0
2017-12-07T04:00:00Z,0
2017-12-07T05:00:00Z,0
2017-12-07T06:00:00Z,0
2017-12-07T07:00:00Z,0
2017-12-07T08:00:00Z,0
2017-12-07T09:00:00Z,0
2017-12-07T10:00:00Z,0
2017-12-07T11:00:00Z,0
2017-12-07T12:00:00Z,0
2017-12-07T13:00:00Z,0
2017-12-07T14:00:00Z,0
2017-12-07T15:00:00Z,85.29600524902344
2017-12-07T16:00:00Z,156.03201293945312
2017-12-07T17:00:00Z,201.81100463867188
2017-12-07T18:00:00Z,278.1960144042969
2017-12-07T19:00:00Z,263.56402587890625
2017-12-07T20:00:00Z,212.82200622558594
2017-12-07T21:00:00Z,96.78400421142578
2017-12-07T22:00:00Z,14.272000312805176
2017-12-07T23:00:00Z,0
2017-12-08T00:00:00Z,0
2017-12-08T01:00:00Z,0
2017-12-08T02:00:00Z,0
2017-12-08T03:00:00Z,0
2017-12-08T04:00:00Z,0
2017-12-08T05:00:00Z,0
2017-12-08T06:00:00Z,0
2017-12-08T07:00:00Z,0
2017-12-08T08:00:00Z,0
2017-12-08T09:00:00Z,0
2017-12-08T10:00:00Z,0
2017-12-08T11:00:00Z,0
2017-12-08T12:00:00Z,0
2017-12-08T13:00:00Z,0
2017-12-08T14:00:00Z,0
2017-12-08T15:00:00Z,35.3120002746582
2017-12-08T16:00:00Z,65.2800064086914
2017-12-08T17:00:00Z,84.71600341796875
2017-12-08T18:00:00Z,87.10400390625
2017-12-08T19:00:00Z,82.57000732421875
2017-12-08T20:00:00Z,66.67000579833984
2017-12-08T21:00:00Z,42.448001861572266
2017-12-08T22:00:00Z,6.080000400543213
2017-12-08T23:00:00Z,0
2017-12-09T00:00:00Z,0
2017-12-09T01:00:00Z,0
2017-12-09T02:00:00Z,0
2017-12-09T03:00:00Z,0
2017-12-09T04:00:00Z,0
2017-12-09T05:00:00Z,0
2017-12-09T06:00:00Z,0
2017-12-09T07:00:00Z,0
2017-12-09T08:00:00Z,0
2017-12-09T09:00:00Z,0
2017-12-09T10:00:00Z,0
2017-12-09T11:00:00Z,0
2017-12-09T12:00:00Z,0
2017-12-09T13:00:00Z,0
2017-12-09T14:00:00Z,0
2017-12-09T15:00:00Z,94.02400207519531
2017-12-09T16:00:00Z,175.6160125732422
2017-12-09T17:00:00Z,228.62200927734375
2017-12-09T18:00:00Z,246.78201293945312
2017-12-09T19:00:00Z,234.1190185546875
2017-12-09T20:00:00Z,189.0640106201172
2017-12-09T21:00:00Z,89.24800109863281
2017-12-09T22:00:00Z,12.480000495910645
2017-12-09T23:00:00Z,0
2017-12-10T00:00:00Z,0
2017-12-10T01:00:00Z,0
2017-12-10T02:00:00Z,0
2017-12-10T03:00:00Z,0
2017-12-10T04:00:00Z,0
2017-12-10T05:00:00Z,0
2017-12-10T06:00:00Z,0
2017-12-10T07:00:00Z,0
2017-12-10T08:00:00Z,0
2017-12-10T09:00:00Z,0
2017-12-10T10:00:00Z,0
2017-12-10T11:00:00Z,0
2017-12-10T12:00:00Z,0
2017-12-10T13:00:00Z,0
2017-12-10T14:00:00Z,0
2017-12-10T15:00:00Z,78
2017-12-10T16:00:00Z,147.1840057373047
2017-12-10T17:00:00Z,192.2100067138672
2017-12-10T18:00:00Z,225.72201538085938
2017-12-10T19:00:00Z,214.2860107421875
2017-12-10T20:00:00Z,173.08401489257812
2017-12-10T21:00:00Z,80.7040023803711
2017-12-10T22:00:00Z,11.064000129699707
2017-12-10T23:00:00Z,0
2017-12-11T00:00:00Z,0
2017-12-11T01:00:00Z,0
2017-12-11T02:00:00Z,0
2017-12-11T03:00:00Z,0
2017-12-11T04:00:00Z,0
2017-12-11T05:00:00Z,0
2017-12-11T06:00:00Z,0
2017-12-11T07:00:00Z,0
2017-12-11T08:00:00Z,0
2017-12-11T09:00:00Z,0
2017-12-11T10:00:00Z,0
2017-12-11T11:00:00Z,0
2017-12-11T12:00:00Z,0
2017-12-11T13:00:00Z,0
2017-12-11T14:00:00Z,0
2017-12-11T15:00:00Z,77.376007080078125
2017-12-11T16:00:00Z,147.50401306152344
2017-12-11T17:00:00Z,193.24400329589844
2017-12-11T18:00:00Z,233.51600646972656
2017-12-11T19:00:00Z,221.8820037841797
2017-12-11T20:00:00Z,179.25601196289062
2017-12-11T21:00:00Z,93.31200408935547
2017-12-11T22:00:00Z,12.600000381469727
2017-12-11T23:00:00Z,0
2017-12-12T00:00:00Z,0
2017-12-12T01:00:00Z,0
2017-12-12T02:00:00Z,0
2017-12-12T03:00:00Z,0
2017-12-12T04:00:00Z,0
2017-12-12T05:00:00Z,0
2017-12-12T06:00:00Z,0
2017-12-12T07:00:00Z,0
2017-12-12T08:00:00Z,0
2017-12-12T09:00:00Z,0
2017-12-12T10:00:00Z,0
2017-12-12T11:00:00Z,0
2017-12-12T12:00:00Z,0
2017-12-12T13:00:00Z,0
2017-12-12T14:00:00Z,0
2017-12-12T15:00:00Z,65.85600280761719
2017-12-12T16:00:00Z,126.8320083618164
2017-12-12T17:00:00Z,166.66200256347656
2017-12-12T18:00:00Z,166.22601318359375
2017-12-12T19:00:00Z,158.06300354003906
2017-12-12T20:00:00Z,127.75300598144531
2017-12-12T21:00:00Z,61.21600341796875
2017-12-12T22:00:00Z,8.192000389099121
2017-12-12T23:00:00Z,0
2017-12-13T00:00:00Z,0
2017-12-13T01:00:00Z,0
2017-12-13T02:00:00Z,0
2017-12-13T03:00:00Z,0
2017-12-13T04:00:00Z,0
2017-12-13T05:00:00Z,0
2017-12-13T06:00:00Z,0
2017-12-13T07:00:00Z,0
2017-12-13T08:00:00Z,0
2017-12-13T09:00:00Z,0
2017-12-13T10:00:00Z,0
2017-12-13T11:00:00Z,0
2017-12-13T12:00:00Z,0
2017-12-13T13:00:00Z,0
2017-12-13T14:00:00Z,0
2017-12-13T15:00:00Z,43.90400314331055
2017-12-13T16:00:00Z,85.376007080078125
2017-12-13T17:00:00Z,112.53500366210938
2017-12-13T18:00:00Z,230.88401794433594
2017-12-13T19:00:00Z,219.73301696777344
2017-12-13T20:00:00Z,177.7030029296875
2017-12-13T21:00:00Z,87.07200622558594
2017-12-13T22:00:00Z,11.584000587463379
2017-12-13T23:00:00Z,0
2017-12-14T00:00:00Z,0
2017-12-14T01:00:00Z,0
2017-12-14T02:00:00Z,0
2017-12-14T03:00:00Z,0
2017-12-14T04:00:00Z,0
2017-12-14T05:00:00Z,0
2017-12-14T06:00:00Z,0
2017-12-14T07:00:00Z,0
2017-12-14T08:00:00Z,0
2017-12-14T09:00:00Z,0
2017-12-14T10:00:00Z,0
2017-12-14T11:00:00Z,0
2017-12-14T12:00:00Z,0
2017-12-14T13:00:00Z,0
2017-12-14T14:00:00Z,0
2017-12-14T15:00:00Z,64.4320068359375
2017-12-14T16:00:00Z,126.54400634765625
2017-12-14T17:00:00Z,167.27301025390625
2017-12-14T18:00:00Z,208.75401306152344
2017-12-14T19:00:00Z,198.8560028076172
2017-12-14T20:00:00Z,160.92201232910156
2017-12-14T21:00:00Z,67.58399963378906
2017-12-14T22:00:00Z,9.008000373840332
2017-12-14T23:00:00Z,0
2017-12-15T00:00:00Z,0
2017-12-15T01:00:00Z,0
2017-12-15T02:00:00Z,0
2017-12-15T03:00:00Z,0
2017-12-15T04:00:00Z,0
2017-12-15T05:00:00Z,0
2017-12-15T06:00:00Z,0
2017-12-15T07:00:00Z,0
2017-12-15T08:00:00Z,0
2017-12-15T09:00:00Z,0
2017-12-15T10:00:00Z,0
2017-12-15T11:00:00Z,0
2017-12-15T12:00:00Z,0
2017-12-15T13:00:00Z,0
2017-12-15T14:00:00Z,0
2017-12-15T15:00:00Z,93.5840072631836
2017-12-15T16:00:00Z,185.58401489257812
2017-12-15T17:00:00Z,246.0380096435547
2017-12-15T18:00:00Z,275.0880126953125
2017-12-15T19:00:00Z,262.2920227050781
2017-12-15T20:00:00Z,212.4090118408203
2017-12-15T21:00:00Z,89.0560073852539
2017-12-15T22:00:00Z,11.93600082397461
2017-12-15T23:00:00Z,0
2017-12-16T00:00:00Z,0
2017-12-16T01:00:00Z,0
2017-12-16T02:00:00Z,0
2017-12-16T03:00:00Z,0
2017-12-16T04:00:00Z,0
2017-12-16T05:00:00Z,0
2017-12-16T06:00:00Z,0
2017-12-16T07:00:00Z,0
2017-12-16T08:00:00Z,0
2017-12-16T09:00:00Z,0
2017-12-16T10:00:00Z,0
2017-12-16T11:00:00Z,0
2017-12-16T12:00:00Z,0
2017-12-16T13:00:00Z,0
2017-12-16T14:00:00Z,0
2017-12-16T15:00:00Z,39.36000061035156
2017-12-16T16:00:00Z,78.78400421142578
2017-12-16T17:00:00Z,104.73100280761719
2017-12-16T18:00:00Z,190.02000427246094
2017-12-16T19:00:00Z,181.34800720214844
2017-12-16T20:00:00Z,146.98500061035156
2017-12-16T21:00:00Z,71.31200408935547
2017-12-16T22:00:00Z,9.680000305175781
2017-12-16T23:00:00Z,0
2017-12-17T00:00:00Z,0
2017-12-17T01:00:00Z,0
2017-12-17T02:00:00Z,0
2017-12-17T03:00:00Z,0
2017-12-17T04:00:00Z,0
2017-12-17T05:00:00Z,0
2017-12-17T06:00:00Z,0
2017-12-17T07:00:00Z,0
2017-12-17T08:00:00Z,0
2017-12-17T09:00:00Z,0
2017-12-17T10:00:00Z,0
2017-12-17T11:00:00Z,0
2017-12-17T12:00:00Z,0
2017-12-17T13:00:00Z,0
2017-12-17T14:00:00Z,0
2017-12-17T15:00:00Z,87.0560073852539
2017-12-17T16:00:00Z,175.80801391601562
2017-12-17T17:00:00Z,234.3360137939453
2017-12-17T18:00:00Z,265.50701904296875
2017-12-17T19:00:00Z,253.6470184326172
2017-12-17T20:00:00Z,205.77500915527344
2017-12-17T21:00:00Z,86.00000762939453
2017-12-17T22:00:00Z,11.872000694274902
2017-12-17T23:00:00Z,0
2017-12-18T00:00:00Z,0
2017-12-18T01:00:00Z,0
2017-12-18T02:00:00Z,0
2017-12-18T03:00:00Z,0
2017-12-18T04:00:00Z,0
2017-12-18T05:00:00Z,0
2017-12-18T06:00:00Z,0
2017-12-18T07:00:00Z,0
2017-12-18T08:00:00Z,0
2017-12-18T09:00:00Z,0
2017-12-18T10:00:00Z,0
2017-12-18T11:00:00Z,0
2017-12-18T12:00:00Z,0
2017-12-18T13:00:00Z,0
2017-12-18T14:00:00Z,0
2017-12-18T15:00:00Z,84.6240005493164
2017-12-18T16:00:00Z,172.36801147460938
2017-12-18T17:00:00Z,230.3520050048828
2017-12-18T18:00:00Z,259.7790222167969
2017-12-18T19:00:00Z,248.41500854492188
2017-12-18T20:00:00Z,201.75001525878906
2017-12-18T21:00:00Z,90.384002685546875
2017-12-18T22:00:00Z,12.75200080871582
2017-12-18T23:00:00Z,0
2017-12-19T00:00:00Z,0
2017-12-19T01:00:00Z,0
2017-12-19T02:00:00Z,0
2017-12-19T03:00:00Z,0
2017-12-19T04:00:00Z,0
2017-12-19T05:00:00Z,0
2017-12-19T06:00:00Z,0
2017-12-19T07:00:00Z,0
2017-12-19T08:00:00Z,0
2017-12-19T09:00:00Z,0
2017-12-19T10:00:00Z,0
2017-12-19T11:00:00Z,0
2017-12-19T12:00:00Z,0
2017-12-19T13:00:00Z,0
2017-12-19T14:00:00Z,0
2017-12-19T15:00:00Z,39.552001953125
2017-12-19T16:00:00Z,81.23200225830078
2017-12-19T17:00:00Z,108.82300567626953
2017-12-19T18:00:00Z,152.0780029296875
2017-12-19T19:00:00Z,145.59300231933594
2017-12-19T20:00:00Z,118.37300872802734
2017-12-19T21:00:00Z,64.51200103759766
2017-12-19T22:00:00Z,9.344000816345215
2017-12-19T23:00:00Z,0
2017-12-20T00:00:00Z,0
2017-12-20T01:00:00Z,0
2017-12-20T02:00:00Z,0
2017-12-20T03:00:00Z,0
2017-12-20T04:00:00Z,0
2017-12-20T05:00:00Z,0
2017-12-20T06:00:00Z,0
2017-12-20T07:00:00Z,0
2017-12-20T08:00:00Z,0
2017-12-20T09:00:00Z,0
2017-12-20T10:00:00Z,0
2017-12-20T11:00:00Z,0
2017-12-20T12:00:00Z,0
2017-12-20T13:00:00Z,0
2017-12-20T14:00:00Z,0
2017-12-20T15:00:00Z,85.52000427246094
2017-12-20T16:00:00Z,176.99200439453125
2017-12-20T17:00:00Z,237.67501831054688
2017-12-20T18:00:00Z,253.35601806640625
2017-12-20T19:00:00Z,242.80101013183594
2017-12-20T20:00:00Z,197.65701293945312
2017-12-20T21:00:00Z,106.4000015258789
2017-12-20T22:00:00Z,15.904000282287598
2017-12-20T23:00:00Z,0
2017-12-21T00:00:00Z,0
2017-12-21T01:00:00Z,0
2017-12-21T02:00:00Z,0
2017-12-21T03:00:00Z,0
2017-12-21T04:00:00Z,0
2017-12-21T05:00:00Z,0
2017-12-21T06:00:00Z,0
2017-12-21T07:00:00Z,0
2017-12-21T08:00:00Z,0
2017-12-21T09:00:00Z,0
2017-12-21T10:00:00Z,0
2017-12-21T11:00:00Z,0
2017-12-21T12:00:00Z,0
2017-12-21T13:00:00Z,0
2017-12-21T14:00:00Z,0
2017-12-21T15:00:00Z,69.20000457763672
2017-12-21T16:00:00Z,144.27200317382812
2017-12-21T17:00:00Z,194.1610107421875
2017-12-21T18:00:00Z,217.01600646972656
2017-12-21T19:00:00Z,208.19100952148438
2017-12-21T20:00:00Z,169.7130126953125
2017-12-21T21:00:00Z,94.9280014038086
2017-12-21T22:00:00Z,14.672000885009766
2017-12-21T23:00:00Z,0
2017-12-22T00:00:00Z,0
2017-12-22T01:00:00Z,0
2017-12-22T02:00:00Z,0
2017-12-22T03:00:00Z,0
2017-12-22T04:00:00Z,0
2017-12-22T05:00:00Z,0
2017-12-22T06:00:00Z,0
2017-12-22T07:00:00Z,0
2017-12-22T08:00:00Z,0
2017-12-22T09:00:00Z,0
2017-12-22T10:00:00Z,0
2017-12-22T11:00:00Z,0
2017-12-22T12:00:00Z,0
2017-12-22T13:00:00Z,0
2017-12-22T14:00:00Z,0
2017-12-22T15:00:00Z,66.944000244140625
2017-12-22T16:00:00Z,140.5279998779297
2017-12-22T17:00:00Z,189.5070037841797
2017-12-22T18:00:00Z,98.62800598144531
2017-12-22T19:00:00Z,94.72400665283203
2017-12-22T20:00:00Z,77.32500457763672
2017-12-22T21:00:00Z,30.976001739501953
2017-12-22T22:00:00Z,4.9760003089904785
2017-12-22T23:00:00Z,0
2017-12-23T00:00:00Z,0
2017-12-23T01:00:00Z,0
2017-12-23T02:00:00Z,0
2017-12-23T03:00:00Z,0
2017-12-23T04:00:00Z,0
2017-12-23T05:00:00Z,0
2017-12-23T06:00:00Z,0
2017-12-23T07:00:00Z,0
2017-12-23T08:00:00Z,0
2017-12-23T09:00:00Z,0
2017-12-23T10:00:00Z,0
2017-12-23T11:00:00Z,0
2017-12-23T12:00:00Z,0
2017-12-23T13:00:00Z,0
2017-12-23T14:00:00Z,0
2017-12-23T15:00:00Z,39.93600082397461
2017-12-23T16:00:00Z,84.36800384521484
2017-12-23T17:00:00Z,113.99800872802734
2017-12-23T18:00:00Z,121.88900756835938
2017-12-23T19:00:00Z,117.2070083618164
2017-12-23T20:00:00Z,95.81500244140625
2017-12-23T21:00:00Z,53.13600158691406
2017-12-23T22:00:00Z,8.86400032043457
2017-12-23T23:00:00Z,0
2017-12-24T00:00:00Z,0
2017-12-24T01:00:00Z,0
2017-12-24T02:00:00Z,0
2017-12-24T03:00:00Z,0
2017-12-24T04:00:00Z,0
2017-12-24T05:00:00Z,0
2017-12-24T06:00:00Z,0
2017-12-24T07:00:00Z,0
2017-12-24T08:00:00Z,0
2017-12-24T09:00:00Z,0
2017-12-24T10:00:00Z,0
2017-12-24T11:00:00Z,0
2017-12-24T12:00:00Z,0
2017-12-24T13:00:00Z,0
2017-12-24T14:00:00Z,0
2017-12-24T15:00:00Z,77.31200408935547
2017-12-24T16:00:00Z,164.22401428222656
2017-12-24T17:00:00Z,222.31100463867188
2017-12-24T18:00:00Z,244.3140106201172
2017-12-24T19:00:00Z,235.17601013183594
2017-12-24T20:00:00Z,192.58201599121094
2017-12-24T21:00:00Z,88.81600189208984
2017-12-24T22:00:00Z,15.42400074005127
2017-12-24T23:00:00Z,0
2017-12-25T00:00:00Z,0
2017-12-25T01:00:00Z,0
2017-12-25T02:00:00Z,0
2017-12-25T03:00:00Z,0
2017-12-25T04:00:00Z,0
2017-12-25T05:00:00Z,0
2017-12-25T06:00:00Z,0
2017-12-25T07:00:00Z,0
2017-12-25T08:00:00Z,0
2017-12-25T09:00:00Z,0
2017-12-25T10:00:00Z,0
2017-12-25T11:00:00Z,0
2017-12-25T12:00:00Z,0
2017-12-25T13:00:00Z,0
2017-12-25T14:00:00Z,0
2017-12-25T15:00:00Z,34.288002014160156
2017-12-25T16:00:00Z,73.23200225830078
2017-12-25T17:00:00Z,99.27800750732422
2017-12-25T18:00:00Z,143.8800048828125
2017-12-25T19:00:00Z,138.65501403808594
2017-12-25T20:00:00Z,113.75200653076172
2017-12-25T21:00:00Z,56.94400405883789
2017-12-25T22:00:00Z,10.320000648498535
2017-12-25T23:00:00Z,0
2017-12-26T00:00:00Z,0
2017-12-26T01:00:00Z,0
2017-12-26T02:00:00Z,0
2017-12-26T03:00:00Z,0
2017-12-26T04:00:00Z,0
2017-12-26T05:00:00Z,0
2017-12-26T06:00:00Z,0
2017-12-26T07:00:00Z,0
2017-12-26T08:00:00Z,0
2017-12-26T09:00:00Z,0
2017-12-26T10:00:00Z,0
2017-12-26T11:00:00Z,0
2017-12-26T12:00:00Z,0
2017-12-26T13:00:00Z,0
2017-12-26T14:00:00Z,0
2017-12-26T15:00:00Z,38.672000885009766
2017-12-26T16:00:00Z,82.944000244140625
2017-12-26T17:00:00Z,112.64600372314453
2017-12-26T18:00:00Z,154.2320098876953
2017-12-26T19:00:00Z,148.81900024414062
2017-12-26T20:00:00Z,122.28800201416016
2017-12-26T21:00:00Z,66.68800354003906
2017-12-26T22:00:00Z,12.632000923156738
2017-12-26T23:00:00Z,0
2017-12-27T00:00:00Z,0
2017-12-27T01:00:00Z,0
2017-12-27T02:00:00Z,0
2017-12-27T03:00:00Z,0
2017-12-27T04:00:00Z,0
2017-12-27T05:00:00Z,0
2017-12-27T06:00:00Z,0
2017-12-27T07:00:00Z,0
2017-12-27T08:00:00Z,0
2017-12-27T09:00:00Z,0
2017-12-27T10:00:00Z,0
2017-12-27T11:00:00Z,0
2017-12-27T12:00:00Z,0
2017-12-27T13:00:00Z,0
2017-12-27T14:00:00Z,0
2017-12-27T15:00:00Z,58.96000289916992
2017-12-27T16:00:00Z,126.91200256347656
2017-12-27T17:00:00Z,172.57000732421875
2017-12-27T18:00:00Z,229.0600128173828
2017-12-27T19:00:00Z,221.2670135498047
2017-12-27T20:00:00Z,182.1610107421875
2017-12-27T21:00:00Z,101.71200561523438
2017-12-27T22:00:00Z,20.1200008392334
2017-12-27T23:00:00Z,0
2017-12-28T00:00:00Z,0
2017-12-28T01:00:00Z,0
2017-12-28T02:00:00Z,0
2017-12-28T03:00:00Z,0
2017-12-28T04:00:00Z,0
2017-12-28T05:00:00Z,0
2017-12-28T06:00:00Z,0
2017-12-28T07:00:00Z,0
2017-12-28T08:00:00Z,0
2017-12-28T09:00:00Z,0
2017-12-28T10:00:00Z,0
2017-12-28T11:00:00Z,0
2017-12-28T12:00:00Z,0
2017-12-28T13:00:00Z,0
2017-12-28T14:00:00Z,0
2017-12-28T15:00:00Z,23.376001358032227
2017-12-28T16:00:00Z,50.496002197265625
2017-12-28T17:00:00Z,68.7540054321289
2017-12-28T18:00:00Z,79.96600341796875
2017-12-28T19:00:00Z,77.3280029296875
2017-12-28T20:00:00Z,63.78400421142578
2017-12-28T21:00:00Z,37.74400329589844
2017-12-28T22:00:00Z,7.808000564575195
2017-12-28T23:00:00Z,0
2017-12-29T00:00:00Z,0
2017-12-29T01:00:00Z,0
2017-12-29T02:00:00Z,0
2017-12-29T03:00:00Z,0
2017-12-29T04:00:00Z,0
2017-12-29T05:00:00Z,0
2017-12-29T06:00:00Z,0
2017-12-29T07:00:00Z,0
2017-12-29T08:00:00Z,0
2017-12-29T09:00:00Z,0
2017-12-29T10:00:00Z,0
2017-12-29T11:00:00Z,0
2017-12-29T12:00:00Z,0
2017-12-29T13:00:00Z,0
2017-12-29T14:00:00Z,0
2017-12-29T15:00:00Z,37.07200241088867
2017-12-29T16:00:00Z,80.2560043334961
2017-12-29T17:00:00Z,109.36200714111328
2017-12-29T18:00:00Z,123.51700592041016
2017-12-29T19:00:00Z,119.59000396728516
2017-12-29T20:00:00Z,98.84200286865234
2017-12-29T21:00:00Z,56.592002868652344
2017-12-29T22:00:00Z,12.24000072479248
2017-12-29T23:00:00Z,0
2017-12-30T00:00:00Z,0
2017-12-30T01:00:00Z,0
2017-12-30T02:00:00Z,0
2017-12-30T03:00:00Z,0
2017-12-30T04:00:00Z,0
2017-12-30T05:00:00Z,0
2017-12-30T06:00:00Z,0
2017-12-30T07:00:00Z,0
2017-12-30T08:00:00Z,0
2017-12-30T09:00:00Z,0
2017-12-30T10:00:00Z,0
2017-12-30T11:00:00Z,0
2017-12-30T12:00:00Z,0
2017-12-30T13:00:00Z,0
2017-12-30T14:00:00Z,0
2017-12-30T15:00:00Z,55.63200378417969
2017-12-30T16:00:00Z,120.64000701904297
2017-12-30T17:00:00Z,164.53900146484375
2017-12-30T18:00:00Z,221.23101806640625
2017-12-30T19:00:00Z,214.45501708984375
2017-12-30T20:00:00Z,177.60400390625
2017-12-30T21:00:00Z,96.75200653076172
2017-12-30T22:00:00Z,21.856000900268555
2017-12-30T23:00:00Z,0
2017-12-31T00:00:00Z,0
2017-12-31T01:00:00Z,0
2017-12-31T02:00:00Z,0
2017-12-31T03:00:00Z,0
2017-12-31T04:00:00Z,0
2017-12-31T05:00:00Z,0
2017-12-31T06:00:00Z,0
2017-12-31T07:00:00Z,0
2017-12-31T08:00:00Z,0
2017-12-31T09:00:00Z,0
2017-12-31T10:00:00Z,0
2017-12-31T11:00:00Z,0
2017-12-31T12:00:00Z,0
2017-12-31T13:00:00Z,0
2017-12-31T14:00:00Z,0
2017-12-31T15:00:00Z,57.10400390625
2017-12-31T16:00:00Z,123.9520034790039
2017-12-31T17:00:00Z,169.1750030517578
2017-12-31T18:00:00Z,197.73001098632812
2017-12-31T19:00:00Z,191.8870086669922
2017-12-31T20:00:00Z,159.24501037597656
2017-12-31T21:00:00Z,81.2800064086914
2017-12-31T22:00:00Z,19.168001174926758
2017-12-31T23:00:00Z,0
