dateTime,PSurf
2019-01-01 00:00:00,98388.5390625
2019-01-01 01:00:00,98582.859375
2019-01-01 02:00:00,98777.078125
2019-01-01 03:00:00,98971.296875
2019-01-01 04:00:00,99067.9609375
2019-01-01 05:00:00,99164.6171875
2019-01-01 06:00:00,99260.640625
2019-01-01 07:00:00,99343.78125
2019-01-01 08:00:00,99426.375
2019-01-01 09:00:00,99508.875
2019-01-01 10:00:00,99575.9765625
2019-01-01 11:00:00,99642.5390625
2019-01-01 12:00:00,99709.640625
2019-01-01 13:00:00,99851.65625
2019-01-01 14:00:00,99993.6796875
2019-01-01 15:00:00,100135.6953125
2019-01-01 16:00:00,100116.640625
2019-01-01 17:00:00,100096.734375
2019-01-01 18:00:00,100077.375
2019-01-01 19:00:00,100131.6953125
2019-01-01 20:00:00,100185.375
2019-01-01 21:00:00,100239.6953125
2019-01-01 22:00:00,100232.28125
2019-01-01 23:00:00,100225.3984375
2019-01-02 00:00:00,100218.1171875
2019-01-02 01:00:00,100202.796875
2019-01-02 02:00:00,100187.28125
2019-01-02 03:00:00,100171.7578125
2019-01-02 04:00:00,100174.875
2019-01-02 05:00:00,100178
2019-01-02 06:00:00,100181.1171875
2019-01-02 07:00:00,100045.15625
2019-01-02 08:00:00,99909.1015625
2019-01-02 09:00:00,99773.140625
2019-01-02 10:00:00,99734.71875
2019-01-02 11:00:00,99696.1953125
2019-01-02 12:00:00,99658.4140625
2019-01-02 13:00:00,99740.1171875
2019-01-02 14:00:00,99821.71875
2019-01-02 15:00:00,99903.4140625
2019-01-02 16:00:00,99755.375
2019-01-02 17:00:00,99608.015625
2019-01-02 18:00:00,99459.6171875
2019-01-02 19:00:00,99515.3203125
2019-01-02 20:00:00,99570.28125
2019-01-02 21:00:00,99625.875
2019-01-02 22:00:00,99544.6796875
2019-01-02 23:00:00,99463.28125
2019-01-03 00:00:00,99381.875
2019-01-03 01:00:00,99434.0546875
2019-01-03 02:00:00,99485.6953125
2019-01-03 03:00:00,99537.3359375
2019-01-03 04:00:00,99560.9765625
2019-01-03 05:00:00,99584.078125
2019-01-03 06:00:00,99607.078125
2019-01-03 07:00:00,99593.1171875
2019-01-03 08:00:00,99579.796875
2019-01-03 09:00:00,99565.9375
2019-01-03 10:00:00,99452.875
2019-01-03 11:00:00,99339.8203125
2019-01-03 12:00:00,99226.859375
2019-01-03 13:00:00,99294.359375
2019-01-03 14:00:00,99361.859375
2019-01-03 15:00:00,99429.359375
2019-01-03 16:00:00,99369.1171875
2019-01-03 17:00:00,99309.3203125
2019-01-03 18:00:00,99249.21875
2019-01-03 19:00:00,99251.015625
2019-01-03 20:00:00,99252.28125
2019-01-03 21:00:00,99253.4375
2019-01-03 22:00:00,99189.1953125
2019-01-03 23:00:00,99125.3984375
2019-01-04 00:00:00,99061.5
2019-01-04 01:00:00,99059.6796875
2019-01-04 02:00:00,99058.6015625
2019-01-04 03:00:00,99056.78125
2019-01-04 04:00:00,98995.140625
2019-01-04 05:00:00,98933.5
2019-01-04 06:00:00,98871.859375
2019-01-04 07:00:00,98813.2578125
2019-01-04 08:00:00,98754.65625
2019-01-04 09:00:00,98696.0546875
2019-01-04 10:00:00,98707
2019-01-04 11:00:00,98717.9375
2019-01-04 12:00:00,98728.875
2019-01-04 13:00:00,98640.71875
2019-01-04 14:00:00,98552.5546875
2019-01-04 15:00:00,98464.3984375
2019-01-04 16:00:00,98459.5
2019-01-04 17:00:00,98454.296875
2019-01-04 18:00:00,98449.4375
2019-01-04 19:00:00,98356.3359375
2019-01-04 20:00:00,98263.875
2019-01-04 21:00:00,98170.78125
2019-01-04 22:00:00,98284.375
2019-01-04 23:00:00,98397.78125
2019-01-05 00:00:00,98511.6171875
2019-01-05 01:00:00,98557.6015625
2019-01-05 02:00:00,98604.21875
2019-01-05 03:00:00,98650.296875
2019-01-05 04:00:00,98614
2019-01-05 05:00:00,98577.796875
2019-01-05 06:00:00,98541.5
2019-01-05 07:00:00,98564.7578125
2019-01-05 08:00:00,98588.65625
2019-01-05 09:00:00,98611.9140625
2019-01-05 10:00:00,98607.3984375
2019-01-05 11:00:00,98603.515625
2019-01-05 12:00:00,98599
2019-01-05 13:00:00,98735
2019-01-05 14:00:00,98870.8984375
2019-01-05 15:00:00,99006.8984375
2019-01-05 16:00:00,99038.7578125
2019-01-05 17:00:00,99070.515625
2019-01-05 18:00:00,99102.078125
2019-01-05 19:00:00,99042.1796875
2019-01-05 20:00:00,98982.28125
2019-01-05 21:00:00,98923.015625
2019-01-05 22:00:00,98995.1796875
2019-01-05 23:00:00,99067.9765625
2019-01-06 00:00:00,99140.4765625
2019-01-06 01:00:00,99152.015625
2019-01-06 02:00:00,99163.5546875
2019-01-06 03:00:00,99175.1015625
2019-01-06 04:00:00,99222.3203125
2019-01-06 05:00:00,99269.640625
2019-01-06 06:00:00,99316.859375
2019-01-06 07:00:00,99379.1171875
2019-01-06 08:00:00,99441.28125
2019-01-06 09:00:00,99503.5390625
2019-01-06 10:00:00,99361.1171875
2019-01-06 11:00:00,99219.234375
2019-01-06 12:00:00,99076.8203125
2019-01-06 13:00:00,99116.734375
2019-01-06 14:00:00,99156.7578125
2019-01-06 15:00:00,99197.3203125
2019-01-06 16:00:00,99097.8359375
2019-01-06 17:00:00,98998.4609375
2019-01-06 18:00:00,98899.078125
2019-01-06 19:00:00,98835.296875
2019-01-06 20:00:00,98771.515625
2019-01-06 21:00:00,98707.640625
2019-01-06 22:00:00,98623.640625
2019-01-06 23:00:00,98539.5390625
2019-01-07 00:00:00,98455.4375
2019-01-07 01:00:00,98400.7578125
2019-01-07 02:00:00,98346.1796875
2019-01-07 03:00:00,98291.5
2019-01-07 04:00:00,98352.796875
2019-01-07 05:00:00,98414
2019-01-07 06:00:00,98475.734375
2019-01-07 07:00:00,98387.6015625
2019-01-07 08:00:00,98299.4609375
2019-01-07 09:00:00,98211.3203125
2019-01-07 10:00:00,98136.8359375
2019-01-07 11:00:00,98063
2019-01-07 12:00:00,97988.515625
2019-01-07 13:00:00,98010.1015625
2019-01-07 14:00:00,98031.0390625
2019-01-07 15:00:00,98052.1171875
2019-01-07 16:00:00,98029.5390625
2019-01-07 17:00:00,98006.7578125
2019-01-07 18:00:00,97983.3359375
2019-01-07 19:00:00,98037.9609375
2019-01-07 20:00:00,98091.9375
2019-01-07 21:00:00,98145.9609375
2019-01-07 22:00:00,98212.6796875
2019-01-07 23:00:00,98279.3984375
2019-01-08 00:00:00,98346.015625
2019-01-08 01:00:00,98368.6796875
2019-01-08 02:00:00,98391.140625
2019-01-08 03:00:00,98413.6953125
2019-01-08 04:00:00,98525.6953125
2019-01-08 05:00:00,98637.796875
2019-01-08 06:00:00,98749.796875
2019-01-08 07:00:00,98717.4375
2019-01-08 08:00:00,98684.9765625
2019-01-08 09:00:00,98653.15625
2019-01-08 10:00:00,98708.8984375
2019-01-08 11:00:00,98764.640625
2019-01-08 12:00:00,98820.375
2019-01-08 13:00:00,98991.21875
2019-01-08 14:00:00,99161.515625
2019-01-08 15:00:00,99331.8203125
2019-01-08 16:00:00,99448.9375
2019-01-08 17:00:00,99565.65625
2019-01-08 18:00:00,99682.1796875
2019-01-08 19:00:00,99708.9765625
2019-01-08 20:00:00,99735.875
2019-01-08 21:00:00,99763.4140625
2019-01-08 22:00:00,99765.0390625
2019-01-08 23:00:00,99767.1953125
2019-01-09 00:00:00,99769.359375
2019-01-09 01:00:00,99898.1015625
2019-01-09 02:00:00,100026.1953125
2019-01-09 03:00:00,100154.296875
2019-01-09 04:00:00,100207.359375
2019-01-09 05:00:00,100261.0546875
2019-01-09 06:00:00,100314.1171875
2019-01-09 07:00:00,100322.9140625
2019-01-09 08:00:00,100330.9765625
2019-01-09 09:00:00,100339.6796875
2019-01-09 10:00:00,100361.4140625
2019-01-09 11:00:00,100383.15625
2019-01-09 12:00:00,100404.8984375
2019-01-09 13:00:00,100431.5
2019-01-09 14:00:00,100458.1015625
2019-01-09 15:00:00,100484.6015625
2019-01-09 16:00:00,100522.6171875
2019-01-09 17:00:00,100560.4375
2019-01-09 18:00:00,100598.15625
2019-01-09 19:00:00,100592.71875
2019-01-09 20:00:00,100586.734375
2019-01-09 21:00:00,100581.296875
2019-01-09 22:00:00,100523.5546875
2019-01-09 23:00:00,100465.8203125
2019-01-10 00:00:00,100407.875
2019-01-10 01:00:00,100345.9765625
2019-01-10 02:00:00,100283.4375
2019-01-10 03:00:00,100221.5390625
2019-01-10 04:00:00,100282.6171875
2019-01-10 05:00:00,100343.6953125
2019-01-10 06:00:00,100405.4140625
2019-01-10 07:00:00,100414.4765625
2019-01-10 08:00:00,100423
2019-01-10 09:00:00,100432.15625
2019-01-10 10:00:00,100384.7578125
2019-01-10 11:00:00,100337.359375
2019-01-10 12:00:00,100289.9609375
2019-01-10 13:00:00,100281.6796875
2019-01-10 14:00:00,100273.3984375
2019-01-10 15:00:00,100264.4765625
2019-01-10 16:00:00,100275.21875
2019-01-10 17:00:00,100285.859375
2019-01-10 18:00:00,100296.296875
2019-01-10 19:00:00,100226.234375
2019-01-10 20:00:00,100155.5390625
2019-01-10 21:00:00,100085.4765625
2019-01-10 22:00:00,99926.65625
2019-01-10 23:00:00,99767.734375
2019-01-11 00:00:00,99608.8203125
2019-01-11 01:00:00,99741.515625
2019-01-11 02:00:00,99873.6796875
2019-01-11 03:00:00,100006.375
2019-01-11 04:00:00,99923.234375
2019-01-11 05:00:00,99840
2019-01-11 06:00:00,99756.859375
2019-01-11 07:00:00,99760.015625
2019-01-11 08:00:00,99763.1796875
2019-01-11 09:00:00,99766.3359375
2019-01-11 10:00:00,99738
2019-01-11 11:00:00,99709.1171875
2019-01-11 12:00:00,99680.140625
2019-01-11 13:00:00,99772.15625
2019-01-11 14:00:00,99864.1796875
2019-01-11 15:00:00,99956.1953125
2019-01-11 16:00:00,99853.5
2019-01-11 17:00:00,99750.796875
2019-01-11 18:00:00,99648.640625
2019-01-11 19:00:00,99712.3203125
2019-01-11 20:00:00,99776.1015625
2019-01-11 21:00:00,99840.4140625
2019-01-11 22:00:00,99680.3984375
2019-01-11 23:00:00,99520.9140625
2019-01-12 00:00:00,99361.9765625
2019-01-12 01:00:00,99370.640625
2019-01-12 02:00:00,99379.296875
2019-01-12 03:00:00,99388.6015625
2019-01-12 04:00:00,99391.9609375
2019-01-12 05:00:00,99394.78125
2019-01-12 06:00:00,99397.5
2019-01-12 07:00:00,99433.3359375
2019-01-12 08:00:00,99468.5390625
2019-01-12 09:00:00,99503.734375
2019-01-12 10:00:00,99303.5390625
2019-01-12 11:00:00,99102.6015625
2019-01-12 12:00:00,98902.296875
2019-01-12 13:00:00,98985.65625
2019-01-12 14:00:00,99068.9140625
2019-01-12 15:00:00,99151.640625
2019-01-12 16:00:00,99175.3984375
2019-01-12 17:00:00,99198.515625
2019-01-12 18:00:00,99222.28125
2019-01-12 19:00:00,99281.1796875
2019-01-12 20:00:00,99340.078125
2019-01-12 21:00:00,99398.9765625
2019-01-12 22:00:00,99370.140625
2019-01-12 23:00:00,99340.65625
2019-01-13 00:00:00,99311.71875
2019-01-13 01:00:00,99388.1171875
2019-01-13 02:00:00,99465.15625
2019-01-13 03:00:00,99542
2019-01-13 04:00:00,99574.078125
2019-01-13 05:00:00,99606.6953125
2019-01-13 06:00:00,99638.78125
2019-01-13 07:00:00,99656.65625
2019-01-13 08:00:00,99674.5390625
2019-01-13 09:00:00,99692.4140625
2019-01-13 10:00:00,99740.640625
2019-01-13 11:00:00,99788.859375
2019-01-13 12:00:00,99837.078125
2019-01-13 13:00:00,99933.1171875
2019-01-13 14:00:00,100029.15625
2019-01-13 15:00:00,100125.1015625
2019-01-13 16:00:00,100146.8203125
2019-01-13 17:00:00,100168.9765625
2019-01-13 18:00:00,100191.4765625
2019-01-13 19:00:00,100230.015625
2019-01-13 20:00:00,100269.1953125
2019-01-13 21:00:00,100307.734375
2019-01-13 22:00:00,100328.234375
2019-01-13 23:00:00,100348.734375
2019-01-14 00:00:00,100369.140625
2019-01-14 01:00:00,100360.21875
2019-01-14 02:00:00,100351.734375
2019-01-14 03:00:00,100342.515625
2019-01-14 04:00:00,100352.2578125
2019-01-14 05:00:00,100361.359375
2019-01-14 06:00:00,100370.4609375
2019-01-14 07:00:00,100367.375
2019-01-14 08:00:00,100364.1953125
2019-01-14 09:00:00,100361.015625
2019-01-14 10:00:00,100370.8984375
2019-01-14 11:00:00,100380.140625
2019-01-14 12:00:00,100389.375
2019-01-14 13:00:00,100422.859375
2019-01-14 14:00:00,100455.796875
2019-01-14 15:00:00,100489.28125
2019-01-14 16:00:00,100416.0546875
2019-01-14 17:00:00,100343.1796875
2019-01-14 18:00:00,100270.640625
2019-01-14 19:00:00,100257.3359375
2019-01-14 20:00:00,100243.9375
2019-01-14 21:00:00,100231.28125
2019-01-14 22:00:00,100152.6796875
2019-01-14 23:00:00,100075.0546875
2019-01-15 00:00:00,99996.796875
2019-01-15 01:00:00,100083.359375
2019-01-15 02:00:00,100169.28125
2019-01-15 03:00:00,100255.734375
2019-01-15 04:00:00,100187.234375
2019-01-15 05:00:00,100118
2019-01-15 06:00:00,100049.3984375
2019-01-15 07:00:00,100008.8203125
2019-01-15 08:00:00,99967.6015625
2019-01-15 09:00:00,99927.015625
2019-01-15 10:00:00,99932.78125
2019-01-15 11:00:00,99937.8984375
2019-01-15 12:00:00,99943.5546875
2019-01-15 13:00:00,99988.1015625
2019-01-15 14:00:00,100032
2019-01-15 15:00:00,100076.5390625
2019-01-15 16:00:00,99994.515625
2019-01-15 17:00:00,99912.3984375
2019-01-15 18:00:00,99830.078125
2019-01-15 19:00:00,99752.65625
2019-01-15 20:00:00,99675.234375
2019-01-15 21:00:00,99597.8203125
2019-01-15 22:00:00,99597.015625
2019-01-15 23:00:00,99596.9609375
2019-01-16 00:00:00,99596.796875
2019-01-16 01:00:00,99629.1796875
2019-01-16 02:00:00,99661.65625
2019-01-16 03:00:00,99694.6796875
2019-01-16 04:00:00,99662.078125
2019-01-16 05:00:00,99630.015625
2019-01-16 06:00:00,99597.4140625
2019-01-16 07:00:00,99574.4140625
2019-01-16 08:00:00,99552.15625
2019-01-16 09:00:00,99529.2578125
2019-01-16 10:00:00,99516.640625
2019-01-16 11:00:00,99504.015625
2019-01-16 12:00:00,99491.3984375
2019-01-16 13:00:00,99579.6953125
2019-01-16 14:00:00,99668
2019-01-16 15:00:00,99756.8359375
2019-01-16 16:00:00,99730.6796875
2019-01-16 17:00:00,99704.515625
2019-01-16 18:00:00,99678.8984375
2019-01-16 19:00:00,99619.375
2019-01-16 20:00:00,99560.3984375
2019-01-16 21:00:00,99500.78125
2019-01-16 22:00:00,99516.4140625
2019-01-16 23:00:00,99532.0546875
2019-01-17 00:00:00,99548.234375
2019-01-17 01:00:00,99482.6171875
2019-01-17 02:00:00,99416.8984375
2019-01-17 03:00:00,99351.8203125
2019-01-17 04:00:00,99293.640625
2019-01-17 05:00:00,99235.359375
2019-01-17 06:00:00,99177.078125
2019-01-17 07:00:00,99118.1171875
2019-01-17 08:00:00,99059.6953125
2019-01-17 09:00:00,99000.640625
2019-01-17 10:00:00,99005.0546875
2019-01-17 11:00:00,99010.1171875
2019-01-17 12:00:00,99014.5390625
2019-01-17 13:00:00,99130.2578125
2019-01-17 14:00:00,99245.9765625
2019-01-17 15:00:00,99362.3359375
2019-01-17 16:00:00,99384.1015625
2019-01-17 17:00:00,99406.3984375
2019-01-17 18:00:00,99428.6953125
2019-01-17 19:00:00,99497.234375
2019-01-17 20:00:00,99565.78125
2019-01-17 21:00:00,99634.3203125
2019-01-17 22:00:00,99564.234375
2019-01-17 23:00:00,99494.15625
2019-01-18 00:00:00,99424.078125
2019-01-18 01:00:00,99407.078125
2019-01-18 02:00:00,99389.5390625
2019-01-18 03:00:00,99372.5390625
2019-01-18 04:00:00,99415.1171875
2019-01-18 05:00:00,99457.6953125
2019-01-18 06:00:00,99500.28125
2019-01-18 07:00:00,99450.359375
2019-01-18 08:00:00,99401.1796875
2019-01-18 09:00:00,99351.359375
2019-01-18 10:00:00,99348.8203125
2019-01-18 11:00:00,99347.015625
2019-01-18 12:00:00,99344.4765625
2019-01-18 13:00:00,99278.9375
2019-01-18 14:00:00,99213.9375
2019-01-18 15:00:00,99148.296875
2019-01-18 16:00:00,99107.8359375
2019-01-18 17:00:00,99066.640625
2019-01-18 18:00:00,99025.5390625
2019-01-18 19:00:00,98915.5390625
2019-01-18 20:00:00,98805.640625
2019-01-18 21:00:00,98695.734375
2019-01-18 22:00:00,98567.234375
2019-01-18 23:00:00,98439.28125
2019-01-19 00:00:00,98310.578125
2019-01-19 01:00:00,98259.859375
2019-01-19 02:00:00,98208.6015625
2019-01-19 03:00:00,98157.78125
2019-01-19 04:00:00,98159.6953125
2019-01-19 05:00:00,98161.6171875
2019-01-19 06:00:00,98163.4375
2019-01-19 07:00:00,98176.15625
2019-01-19 08:00:00,98188.234375
2019-01-19 09:00:00,98200.3203125
2019-01-19 10:00:00,98212.21875
2019-01-19 11:00:00,98223.4765625
2019-01-19 12:00:00,98234.734375
2019-01-19 13:00:00,98429.9765625
2019-01-19 14:00:00,98624.4765625
2019-01-19 15:00:00,98819.6171875
2019-01-19 16:00:00,98872.234375
2019-01-19 17:00:00,98924.65625
2019-01-19 18:00:00,98976.6796875
2019-01-19 19:00:00,99062.234375
2019-01-19 20:00:00,99148.3359375
2019-01-19 21:00:00,99233.796875
2019-01-19 22:00:00,99318.296875
2019-01-19 23:00:00,99402.0546875
2019-01-20 00:00:00,99486.5546875
2019-01-20 01:00:00,99549.71875
2019-01-20 02:00:00,99612.875
2019-01-20 03:00:00,99675.9375
2019-01-20 04:00:00,99772.7578125
2019-01-20 05:00:00,99869.578125
2019-01-20 06:00:00,99966.3984375
2019-01-20 07:00:00,99934.640625
2019-01-20 08:00:00,99902.78125
2019-01-20 09:00:00,99870.9140625
2019-01-20 10:00:00,99860.0546875
2019-01-20 11:00:00,99849.1953125
2019-01-20 12:00:00,99838.3359375
2019-01-20 13:00:00,99941.2578125
2019-01-20 14:00:00,100043
2019-01-20 15:00:00,100146.015625
2019-01-20 16:00:00,100156
2019-01-20 17:00:00,100166.515625
2019-01-20 18:00:00,100176.9375
2019-01-20 19:00:00,100221.359375
2019-01-20 20:00:00,100265.140625
2019-01-20 21:00:00,100309.5546875
2019-01-20 22:00:00,100284.15625
2019-01-20 23:00:00,100258.1171875
2019-01-21 00:00:00,100231.9765625
2019-01-21 01:00:00,100268.5546875
2019-01-21 02:00:00,100305.78125
2019-01-21 03:00:00,100342.15625
2019-01-21 04:00:00,100368.9765625
2019-01-21 05:00:00,100396.4375
2019-01-21 06:00:00,100423.2578125
2019-01-21 07:00:00,100313.28125
2019-01-21 08:00:00,100203.296875
2019-01-21 09:00:00,100093.4140625
2019-01-21 10:00:00,100152.2578125
2019-01-21 11:00:00,100211.1015625
2019-01-21 12:00:00,100269.9375
2019-01-21 13:00:00,100236.5546875
2019-01-21 14:00:00,100203.1796875
2019-01-21 15:00:00,100169.2578125
2019-01-21 16:00:00,100068.875
2019-01-21 17:00:00,99968.3984375
2019-01-21 18:00:00,99868.65625
2019-01-21 19:00:00,99813.65625
2019-01-21 20:00:00,99758.015625
2019-01-21 21:00:00,99703.015625
2019-01-21 22:00:00,99555.359375
2019-01-21 23:00:00,99407.6953125
2019-01-22 00:00:00,99259.9375
2019-01-22 01:00:00,99206.640625
2019-01-22 02:00:00,99153.234375
2019-01-22 03:00:00,99099.8359375
2019-01-22 04:00:00,99130.296875
2019-01-22 05:00:00,99160.859375
2019-01-22 06:00:00,99191.3203125
2019-01-22 07:00:00,99051.8984375
2019-01-22 08:00:00,98911.8359375
2019-01-22 09:00:00,98772.4140625
2019-01-22 10:00:00,98803.4375
2019-01-22 11:00:00,98834.359375
2019-01-22 12:00:00,98865.8203125
2019-01-22 13:00:00,98825.015625
2019-01-22 14:00:00,98783.4765625
2019-01-22 15:00:00,98742.6796875
2019-01-22 16:00:00,98760.859375
2019-01-22 17:00:00,98778.8359375
2019-01-22 18:00:00,98797.4609375
2019-01-22 19:00:00,98689.71875
2019-01-22 20:00:00,98581.875
2019-01-22 21:00:00,98474.6796875
2019-01-22 22:00:00,98517.578125
2019-01-22 23:00:00,98560.375
2019-01-23 00:00:00,98603.71875
2019-01-23 01:00:00,98543.015625
2019-01-23 02:00:00,98483.3984375
2019-01-23 03:00:00,98423.140625
2019-01-23 04:00:00,98449.578125
2019-01-23 05:00:00,98476.015625
2019-01-23 06:00:00,98502.5546875
2019-01-23 07:00:00,98511.078125
2019-01-23 08:00:00,98519.5
2019-01-23 09:00:00,98528.015625
2019-01-23 10:00:00,98478.9765625
2019-01-23 11:00:00,98430.0390625
2019-01-23 12:00:00,98381
2019-01-23 13:00:00,98539.9765625
2019-01-23 14:00:00,98699.0546875
2019-01-23 15:00:00,98857.9375
2019-01-23 16:00:00,98848.375
2019-01-23 17:00:00,98838.6171875
2019-01-23 18:00:00,98828.65625
2019-01-23 19:00:00,98777.2578125
2019-01-23 20:00:00,98725.859375
2019-01-23 21:00:00,98674.359375
2019-01-23 22:00:00,98689.9375
2019-01-23 23:00:00,98705.4140625
2019-01-24 00:00:00,98720.2578125
2019-01-24 01:00:00,98832.2578125
2019-01-24 02:00:00,98943.515625
2019-01-24 03:00:00,99054.78125
2019-01-24 04:00:00,98997.7578125
2019-01-24 05:00:00,98940.1015625
2019-01-24 06:00:00,98883.1796875
2019-01-24 07:00:00,98906.4140625
2019-01-24 08:00:00,98929.65625
2019-01-24 09:00:00,98952.359375
2019-01-24 10:00:00,98889.078125
2019-01-24 11:00:00,98825.796875
2019-01-24 12:00:00,98762.4140625
2019-01-24 13:00:00,98900.359375
2019-01-24 14:00:00,99037.65625
2019-01-24 15:00:00,99175.6015625
2019-01-24 16:00:00,99239.28125
2019-01-24 17:00:00,99303.6015625
2019-01-24 18:00:00,99367.1796875
2019-01-24 19:00:00,99429.28125
2019-01-24 20:00:00,99491.375
2019-01-24 21:00:00,99553.578125
2019-01-24 22:00:00,99646.875
2019-01-24 23:00:00,99739.640625
2019-01-25 00:00:00,99832.8359375
2019-01-25 01:00:00,99913.2578125
2019-01-25 02:00:00,99993.4765625
2019-01-25 03:00:00,100073.6953125
2019-01-25 04:00:00,100162.2578125
2019-01-25 05:00:00,100251.4609375
2019-01-25 06:00:00,100340.65625
2019-01-25 07:00:00,100341.5390625
2019-01-25 08:00:00,100342.4140625
2019-01-25 09:00:00,100343.9375
2019-01-25 10:00:00,100248.1171875
2019-01-25 11:00:00,100152.1953125
2019-01-25 12:00:00,100057.015625
2019-01-25 13:00:00,100070.1171875
2019-01-25 14:00:00,100082.6796875
2019-01-25 15:00:00,100095.78125
2019-01-25 16:00:00,99972.3359375
2019-01-25 17:00:00,99848.6015625
2019-01-25 18:00:00,99725.3984375
2019-01-25 19:00:00,99724.71875
2019-01-25 20:00:00,99723.3984375
2019-01-25 21:00:00,99722.6171875
2019-01-25 22:00:00,99630.21875
2019-01-25 23:00:00,99537.71875
2019-01-26 00:00:00,99445.65625
2019-01-26 01:00:00,99546.9375
2019-01-26 02:00:00,99648.015625
2019-01-26 03:00:00,99749.1015625
2019-01-26 04:00:00,99677.0546875
2019-01-26 05:00:00,99605.65625
2019-01-26 06:00:00,99534.2578125
2019-01-26 07:00:00,99564.5390625
2019-01-26 08:00:00,99594.9140625
2019-01-26 09:00:00,99625.296875
2019-01-26 10:00:00,99543.1953125
2019-01-26 11:00:00,99461.640625
2019-01-26 12:00:00,99380.1796875
2019-01-26 13:00:00,99407.234375
2019-01-26 14:00:00,99433.5546875
2019-01-26 15:00:00,99460.515625
2019-01-26 16:00:00,99414.4765625
2019-01-26 17:00:00,99368.140625
2019-01-26 18:00:00,99321.796875
2019-01-26 19:00:00,99238.3984375
2019-01-26 20:00:00,99154.8984375
2019-01-26 21:00:00,99071.5
2019-01-26 22:00:00,99030.6015625
2019-01-26 23:00:00,98990.3359375
2019-01-27 00:00:00,98949.3359375
2019-01-27 01:00:00,99087.796875
2019-01-27 02:00:00,99226.8984375
2019-01-27 03:00:00,99365.359375
2019-01-27 04:00:00,99343.21875
2019-01-27 05:00:00,99321.71875
2019-01-27 06:00:00,99299.6796875
2019-01-27 07:00:00,99346.515625
2019-01-27 08:00:00,99392.8203125
2019-01-27 09:00:00,99439.7578125
2019-01-27 10:00:00,99472.4609375
2019-01-27 11:00:00,99505.796875
2019-01-27 12:00:00,99538.3984375
2019-01-27 13:00:00,99556.859375
2019-01-27 14:00:00,99574.6796875
2019-01-27 15:00:00,99592.3984375
2019-01-27 16:00:00,99511.9765625
2019-01-27 17:00:00,99432
2019-01-27 18:00:00,99351.1796875
2019-01-27 19:00:00,99246.15625
2019-01-27 20:00:00,99140.5
2019-01-27 21:00:00,99035.578125
2019-01-27 22:00:00,98864.4140625
2019-01-27 23:00:00,98693.2578125
2019-01-28 00:00:00,98522
2019-01-28 01:00:00,98423.9765625
2019-01-28 02:00:00,98325.21875
2019-01-28 03:00:00,98227
2019-01-28 04:00:00,98145.0546875
2019-01-28 05:00:00,98062.578125
2019-01-28 06:00:00,97980
2019-01-28 07:00:00,97970.859375
2019-01-28 08:00:00,97961.1796875
2019-01-28 09:00:00,97951.3984375
2019-01-28 10:00:00,97865.4140625
2019-01-28 11:00:00,97778.6953125
2019-01-28 12:00:00,97692.6171875
2019-01-28 13:00:00,97924.71875
2019-01-28 14:00:00,98156.71875
2019-01-28 15:00:00,98388.8203125
2019-01-28 16:00:00,98558.359375
2019-01-28 17:00:00,98727.796875
2019-01-28 18:00:00,98897.9765625
2019-01-28 19:00:00,98976.078125
2019-01-28 20:00:00,99054.8203125
2019-01-28 21:00:00,99133.4609375
2019-01-28 22:00:00,99193.734375
2019-01-28 23:00:00,99254.4609375
2019-01-29 00:00:00,99314.9765625
2019-01-29 01:00:00,99369.65625
2019-01-29 02:00:00,99424.3359375
2019-01-29 03:00:00,99479.5546875
2019-01-29 04:00:00,99532.6953125
2019-01-29 05:00:00,99585.734375
2019-01-29 06:00:00,99638.78125
2019-01-29 07:00:00,99678.1796875
2019-01-29 08:00:00,99717.4765625
2019-01-29 09:00:00,99756.875
2019-01-29 10:00:00,99681.015625
2019-01-29 11:00:00,99605.15625
2019-01-29 12:00:00,99528.7578125
2019-01-29 13:00:00,99505.0546875
2019-01-29 14:00:00,99481.359375
2019-01-29 15:00:00,99457.7578125
2019-01-29 16:00:00,99456.3359375
2019-01-29 17:00:00,99454.8203125
2019-01-29 18:00:00,99453
2019-01-29 19:00:00,99544.8359375
2019-01-29 20:00:00,99636.78125
2019-01-29 21:00:00,99728.6171875
2019-01-29 22:00:00,99626.4609375
2019-01-29 23:00:00,99524.734375
2019-01-30 00:00:00,99422.8203125
2019-01-30 01:00:00,99500.9609375
2019-01-30 02:00:00,99579
2019-01-30 03:00:00,99656.734375
2019-01-30 04:00:00,99696.375
2019-01-30 05:00:00,99735.4765625
2019-01-30 06:00:00,99775.1171875
2019-01-30 07:00:00,99861.1015625
2019-01-30 08:00:00,99946.5390625
2019-01-30 09:00:00,100032.515625
2019-01-30 10:00:00,100237.1171875
2019-01-30 11:00:00,100441.6171875
2019-01-30 12:00:00,100646.1171875
2019-01-30 13:00:00,100618.6953125
2019-01-30 14:00:00,100591.9140625
2019-01-30 15:00:00,100564.5
2019-01-30 16:00:00,100549.859375
2019-01-30 17:00:00,100535.4609375
2019-01-30 18:00:00,100521.296875
2019-01-30 19:00:00,100490.28125
2019-01-30 20:00:00,100459.15625
2019-01-30 21:00:00,100428.78125
2019-01-30 22:00:00,100420.359375
2019-01-30 23:00:00,100411.8359375
2019-01-31 00:00:00,100403.65625
2019-01-31 01:00:00,100348.1015625
2019-01-31 02:00:00,100291.796875
2019-01-31 03:00:00,100236.6796875
2019-01-31 04:00:00,100265.234375
2019-01-31 05:00:00,100293.796875
2019-01-31 06:00:00,100322.8984375
2019-01-31 07:00:00,100293.78125
2019-01-31 08:00:00,100264.65625
2019-01-31 09:00:00,100235.5390625
2019-01-31 10:00:00,100159.8359375
2019-01-31 11:00:00,100084.234375
2019-01-31 12:00:00,100007.8984375
2019-01-31 13:00:00,100026.515625
2019-01-31 14:00:00,100044.5
2019-01-31 15:00:00,100062.4765625
2019-01-31 16:00:00,100043.375
2019-01-31 17:00:00,100024.6171875
2019-01-31 18:00:00,100006.296875
2019-01-31 19:00:00,99884.0390625
2019-01-31 20:00:00,99762.4140625
2019-01-31 21:00:00,99640.8984375
2019-01-31 22:00:00,99530.375
2019-01-31 23:00:00,99419.7578125
2019-02-01 00:00:00,99309.0390625
2019-02-01 01:00:00,99309.640625
2019-02-01 02:00:00,99309.5
2019-02-01 03:00:00,99310
2019-02-01 04:00:00,99247.1015625
2019-02-01 05:00:00,99184.296875
2019-02-01 06:00:00,99121.5
2019-02-01 07:00:00,99194.71875
2019-02-01 08:00:00,99267.1953125
2019-02-01 09:00:00,99340.4140625
2019-02-01 10:00:00,99339.296875
2019-02-01 11:00:00,99338.1796875
2019-02-01 12:00:00,99337.0546875
2019-02-01 13:00:00,99410.515625
2019-02-01 14:00:00,99484.078125
2019-02-01 15:00:00,99557.5390625
2019-02-01 16:00:00,99680.3359375
2019-02-01 17:00:00,99802.8359375
2019-02-01 18:00:00,99925.0390625
2019-02-01 19:00:00,99904.734375
2019-02-01 20:00:00,99883.6953125
2019-02-01 21:00:00,99862.65625
2019-02-01 22:00:00,99770.4375
2019-02-01 23:00:00,99678.015625
2019-02-02 00:00:00,99585.6015625
2019-02-02 01:00:00,99600.78125
2019-02-02 02:00:00,99615.7578125
2019-02-02 03:00:00,99631.375
2019-02-02 04:00:00,99594.5546875
2019-02-02 05:00:00,99557.8359375
2019-02-02 06:00:00,99521.65625
2019-02-02 07:00:00,99505.796875
2019-02-02 08:00:00,99489.9375
2019-02-02 09:00:00,99474.078125
2019-02-02 10:00:00,99397.9140625
2019-02-02 11:00:00,99322.296875
2019-02-02 12:00:00,99246.0390625
2019-02-02 13:00:00,99304.1171875
2019-02-02 14:00:00,99361.5546875
2019-02-02 15:00:00,99419.5390625
2019-02-02 16:00:00,99372.0390625
2019-02-02 17:00:00,99325.078125
2019-02-02 18:00:00,99277.375
2019-02-02 19:00:00,99209.5
2019-02-02 20:00:00,99141.078125
2019-02-02 21:00:00,99072.5546875
2019-02-02 22:00:00,99002.6171875
2019-02-02 23:00:00,98932.140625
2019-02-03 00:00:00,98861.5546875
2019-02-03 01:00:00,98776.8359375
2019-02-03 02:00:00,98692.015625
2019-02-03 03:00:00,98607.6796875
2019-02-03 04:00:00,98609.8984375
2019-02-03 05:00:00,98612.015625
2019-02-03 06:00:00,98614.875
2019-02-03 07:00:00,98544.3984375
2019-02-03 08:00:00,98474.6171875
2019-02-03 09:00:00,98404.8359375
2019-02-03 10:00:00,98433.515625
2019-02-03 11:00:00,98462.1953125
2019-02-03 12:00:00,98490.234375
2019-02-03 13:00:00,98559.3203125
2019-02-03 14:00:00,98628.296875
2019-02-03 15:00:00,98697.9140625
2019-02-03 16:00:00,98602.4765625
2019-02-03 17:00:00,98506.5
2019-02-03 18:00:00,98411.6953125
2019-02-03 19:00:00,98319.296875
2019-02-03 20:00:00,98226.796875
2019-02-03 21:00:00,98135.0390625
2019-02-03 22:00:00,98149.6953125
2019-02-03 23:00:00,98164.8984375
2019-02-04 00:00:00,98180.1015625
2019-02-04 01:00:00,98083.65625
2019-02-04 02:00:00,97987.3203125
2019-02-04 03:00:00,97890.875
2019-02-04 04:00:00,97928.0546875
2019-02-04 05:00:00,97964.6015625
2019-02-04 06:00:00,98001.78125
2019-02-04 07:00:00,97980.6171875
2019-02-04 08:00:00,97959.4609375
2019-02-04 09:00:00,97938.3984375
2019-02-04 10:00:00,97868.78125
2019-02-04 11:00:00,97798.515625
2019-02-04 12:00:00,97728.359375
2019-02-04 13:00:00,97908.1796875
2019-02-04 14:00:00,98088.1015625
2019-02-04 15:00:00,98267.375
2019-02-04 16:00:00,98277.4140625
2019-02-04 17:00:00,98287.359375
2019-02-04 18:00:00,98296.65625
2019-02-04 19:00:00,98358.1015625
2019-02-04 20:00:00,98419.5390625
2019-02-04 21:00:00,98480.875
2019-02-04 22:00:00,98559.3203125
2019-02-04 23:00:00,98638.3984375
2019-02-05 00:00:00,98718.1171875
2019-02-05 01:00:00,98777.859375
2019-02-05 02:00:00,98838.140625
2019-02-05 03:00:00,98898.4140625
2019-02-05 04:00:00,99016.6796875
2019-02-05 05:00:00,99134.8359375
2019-02-05 06:00:00,99253
2019-02-05 07:00:00,99258.859375
2019-02-05 08:00:00,99263.9765625
2019-02-05 09:00:00,99269.734375
2019-02-05 10:00:00,99239.0390625
2019-02-05 11:00:00,99208.4375
2019-02-05 12:00:00,99177.734375
2019-02-05 13:00:00,99216.4375
2019-02-05 14:00:00,99255.0390625
2019-02-05 15:00:00,99293.1015625
2019-02-05 16:00:00,99221.078125
2019-02-05 17:00:00,99148.515625
2019-02-05 18:00:00,99076.5
2019-02-05 19:00:00,98964.9765625
2019-02-05 20:00:00,98854.1015625
2019-02-05 21:00:00,98742.578125
2019-02-05 22:00:00,98661.296875
2019-02-05 23:00:00,98580.015625
2019-02-06 00:00:00,98498.1015625
2019-02-06 01:00:00,98535.6796875
2019-02-06 02:00:00,98573.2578125
2019-02-06 03:00:00,98610.1953125
2019-02-06 04:00:00,98598.375
2019-02-06 05:00:00,98585.9140625
2019-02-06 06:00:00,98574
2019-02-06 07:00:00,98576.6796875
2019-02-06 08:00:00,98580
2019-02-06 09:00:00,98582.6796875
2019-02-06 10:00:00,98625.9609375
2019-02-06 11:00:00,98669.234375
2019-02-06 12:00:00,98712.515625
2019-02-06 13:00:00,98705.296875
2019-02-06 14:00:00,98698.71875
2019-02-06 15:00:00,98691.5
2019-02-06 16:00:00,98561.65625
2019-02-06 17:00:00,98431.8203125
2019-02-06 18:00:00,98301.9765625
2019-02-06 19:00:00,98430.4375
2019-02-06 20:00:00,98558.8984375
2019-02-06 21:00:00,98687.359375
2019-02-06 22:00:00,98673.8359375
2019-02-06 23:00:00,98660.21875
2019-02-07 00:00:00,98646.5
2019-02-07 01:00:00,98662.078125
2019-02-07 02:00:00,98677.5546875
2019-02-07 03:00:00,98693.0390625
2019-02-07 04:00:00,98600.859375
2019-02-07 05:00:00,98507.9375
2019-02-07 06:00:00,98415.7578125
2019-02-07 07:00:00,98365.078125
2019-02-07 08:00:00,98314.3984375
2019-02-07 09:00:00,98263.71875
2019-02-07 10:00:00,98251.1171875
2019-02-07 11:00:00,98239.0546875
2019-02-07 12:00:00,98226.4609375
2019-02-07 13:00:00,98200.28125
2019-02-07 14:00:00,98173.5546875
2019-02-07 15:00:00,98147.375
2019-02-07 16:00:00,98343.078125
2019-02-07 17:00:00,98539.3203125
2019-02-07 18:00:00,98734.8203125
2019-02-07 19:00:00,98917.4140625
2019-02-07 20:00:00,99100.1171875
2019-02-07 21:00:00,99283.359375
2019-02-07 22:00:00,99440.9609375
2019-02-07 23:00:00,99599.1953125
2019-02-08 00:00:00,99756.796875
2019-02-08 01:00:00,99871.1015625
2019-02-08 02:00:00,99984.65625
2019-02-08 03:00:00,100098.859375
2019-02-08 04:00:00,100173.140625
2019-02-08 05:00:00,100247.4140625
2019-02-08 06:00:00,100321.15625
2019-02-08 07:00:00,100459.6171875
2019-02-08 08:00:00,100597.9765625
2019-02-08 09:00:00,100736.4375
2019-02-08 10:00:00,100781.734375
2019-02-08 11:00:00,100827.140625
2019-02-08 12:00:00,100873.078125
2019-02-08 13:00:00,100933.6953125
2019-02-08 14:00:00,100994.21875
2019-02-08 15:00:00,101054.640625
2019-02-08 16:00:00,101105.140625
2019-02-08 17:00:00,101155.5390625
2019-02-08 18:00:00,101205.640625
2019-02-08 19:00:00,101309.8359375
2019-02-08 20:00:00,101414.0390625
2019-02-08 21:00:00,101518.234375
2019-02-08 22:00:00,101467.78125
2019-02-08 23:00:00,101416.6796875
2019-02-09 00:00:00,101366.1171875
2019-02-09 01:00:00,101443.4609375
2019-02-09 02:00:00,101520.6953125
2019-02-09 03:00:00,101597.9375
2019-02-09 04:00:00,101631.6015625
2019-02-09 05:00:00,101664.6171875
2019-02-09 06:00:00,101698.375
2019-02-09 07:00:00,101690.3203125
2019-02-09 08:00:00,101681.6171875
2019-02-09 09:00:00,101673.5546875
2019-02-09 10:00:00,101672.6171875
2019-02-09 11:00:00,101671.78125
2019-02-09 12:00:00,101671.4765625
2019-02-09 13:00:00,101631.8984375
2019-02-09 14:00:00,101592.859375
2019-02-09 15:00:00,101553.1796875
2019-02-09 16:00:00,101509.4140625
2019-02-09 17:00:00,101466.1015625
2019-02-09 18:00:00,101422.6796875
2019-02-09 19:00:00,101356.3359375
2019-02-09 20:00:00,101290.640625
2019-02-09 21:00:00,101224.1953125
2019-02-09 22:00:00,101021.5546875
2019-02-09 23:00:00,100818.1796875
2019-02-10 00:00:00,100614.8984375
2019-02-10 01:00:00,100623.21875
2019-02-10 02:00:00,100631.5390625
2019-02-10 03:00:00,100640.5
2019-02-10 04:00:00,100576.1015625
2019-02-10 05:00:00,100511.6953125
2019-02-10 06:00:00,100447.734375
2019-02-10 07:00:00,100412.734375
2019-02-10 08:00:00,100377.1015625
2019-02-10 09:00:00,100342.1015625
2019-02-10 10:00:00,100269.859375
2019-02-10 11:00:00,100197.71875
2019-02-10 12:00:00,100126.1171875
2019-02-10 13:00:00,99999.71875
2019-02-10 14:00:00,99873.3203125
2019-02-10 15:00:00,99746.9140625
2019-02-10 16:00:00,99688.3984375
2019-02-10 17:00:00,99630.4140625
2019-02-10 18:00:00,99572.234375
2019-02-10 19:00:00,99508.4765625
2019-02-10 20:00:00,99445.4609375
2019-02-10 21:00:00,99381.6953125
2019-02-10 22:00:00,99369.9609375
2019-02-10 23:00:00,99358.21875
2019-02-11 00:00:00,99345.8359375
2019-02-11 01:00:00,99321.65625
2019-02-11 02:00:00,99297.375
2019-02-11 03:00:00,99273.1953125
2019-02-11 04:00:00,99263.71875
2019-02-11 05:00:00,99253.6015625
2019-02-11 06:00:00,99244.1171875
2019-02-11 07:00:00,99205.296875
2019-02-11 08:00:00,99165.8359375
2019-02-11 09:00:00,99127.015625
2019-02-11 10:00:00,99120.71875
2019-02-11 11:00:00,99113.78125
2019-02-11 12:00:00,99107.375
2019-02-11 13:00:00,99001.8984375
2019-02-11 14:00:00,98896.4140625
2019-02-11 15:00:00,98791.4765625
2019-02-11 16:00:00,98711.5
2019-02-11 17:00:00,98631.3203125
2019-02-11 18:00:00,98551.234375
2019-02-11 19:00:00,98508.28125
2019-02-11 20:00:00,98465.3203125
2019-02-11 21:00:00,98423
2019-02-11 22:00:00,98289.4609375
2019-02-11 23:00:00,98155.9140625
2019-02-12 00:00:00,98022.28125
2019-02-12 01:00:00,98000.6171875
2019-02-12 02:00:00,97978.7578125
2019-02-12 03:00:00,97956.6953125
2019-02-12 04:00:00,97917.5546875
2019-02-12 05:00:00,97878.515625
2019-02-12 06:00:00,97840.015625
2019-02-12 07:00:00,97898.6953125
2019-02-12 08:00:00,97957.375
2019-02-12 09:00:00,98016.0546875
2019-02-12 10:00:00,98106.015625
2019-02-12 11:00:00,98195.9765625
2019-02-12 12:00:00,98285.3984375
2019-02-12 13:00:00,98398.3984375
2019-02-12 14:00:00,98511.3984375
2019-02-12 15:00:00,98624.3984375
2019-02-12 16:00:00,98732.8203125
2019-02-12 17:00:00,98841.140625
2019-02-12 18:00:00,98949.8984375
2019-02-12 19:00:00,98875.6953125
2019-02-12 20:00:00,98802.0390625
2019-02-12 21:00:00,98728.4765625
2019-02-12 22:00:00,98862.5390625
2019-02-12 23:00:00,98996.6015625
2019-02-13 00:00:00,99130.65625
2019-02-13 01:00:00,99172.4765625
2019-02-13 02:00:00,99214.734375
2019-02-13 03:00:00,99257.1015625
2019-02-13 04:00:00,99269.4375
2019-02-13 05:00:00,99281.78125
2019-02-13 06:00:00,99294.1171875
2019-02-13 07:00:00,99322.1171875
2019-02-13 08:00:00,99349.578125
2019-02-13 09:00:00,99377.578125
2019-02-13 10:00:00,99477.8984375
2019-02-13 11:00:00,99578.21875
2019-02-13 12:00:00,99678.5390625
2019-02-13 13:00:00,99673.0546875
2019-02-13 14:00:00,99668.1171875
2019-02-13 15:00:00,99662.6796875
2019-02-13 16:00:00,99467.3359375
2019-02-13 17:00:00,99272.6796875
2019-02-13 18:00:00,99077.4765625
2019-02-13 19:00:00,98912.796875
2019-02-13 20:00:00,98748.21875
2019-02-13 21:00:00,98584.1796875
2019-02-13 22:00:00,98518.4609375
2019-02-13 23:00:00,98452.640625
2019-02-14 00:00:00,98386.9140625
2019-02-14 01:00:00,98355.9375
2019-02-14 02:00:00,98324.9609375
2019-02-14 03:00:00,98294.078125
2019-02-14 04:00:00,98254.875
2019-02-14 05:00:00,98215.578125
2019-02-14 06:00:00,98176.28125
2019-02-14 07:00:00,98006.5390625
2019-02-14 08:00:00,97837.4375
2019-02-14 09:00:00,97668.4375
2019-02-14 10:00:00,97684.78125
2019-02-14 11:00:00,97701.1171875
2019-02-14 12:00:00,97717.6015625
2019-02-14 13:00:00,97561.078125
2019-02-14 14:00:00,97404.15625
2019-02-14 15:00:00,97247.140625
2019-02-14 16:00:00,97282.4765625
2019-02-14 17:00:00,97317.71875
2019-02-14 18:00:00,97352.9609375
2019-02-14 19:00:00,97266.1015625
2019-02-14 20:00:00,97179.140625
2019-02-14 21:00:00,97092.1796875
2019-02-14 22:00:00,97322.796875
2019-02-14 23:00:00,97553.4140625
2019-02-15 00:00:00,97784.578125
2019-02-15 01:00:00,97972.359375
2019-02-15 02:00:00,98160.140625
2019-02-15 03:00:00,98348.5546875
2019-02-15 04:00:00,98481.5390625
2019-02-15 05:00:00,98615.2578125
2019-02-15 06:00:00,98748.9765625
2019-02-15 07:00:00,98783.71875
2019-02-15 08:00:00,98819.1953125
2019-02-15 09:00:00,98854.578125
2019-02-15 10:00:00,98869.6796875
2019-02-15 11:00:00,98885.515625
2019-02-15 12:00:00,98901.2578125
2019-02-15 13:00:00,98971.859375
2019-02-15 14:00:00,99042.4609375
2019-02-15 15:00:00,99112.9609375
2019-02-15 16:00:00,99210.875
2019-02-15 17:00:00,99308.15625
2019-02-15 18:00:00,99405.9765625
2019-02-15 19:00:00,99245.4140625
2019-02-15 20:00:00,99084.21875
2019-02-15 21:00:00,98923.7578125
2019-02-15 22:00:00,98899.234375
2019-02-15 23:00:00,98874.8203125
2019-02-16 00:00:00,98850.3984375
2019-02-16 01:00:00,98930.21875
2019-02-16 02:00:00,99009.9375
2019-02-16 03:00:00,99089.65625
2019-02-16 04:00:00,99155.6015625
2019-02-16 05:00:00,99221.4375
2019-02-16 06:00:00,99287.375
2019-02-16 07:00:00,99295.359375
2019-02-16 08:00:00,99303.3359375
2019-02-16 09:00:00,99311.9609375
2019-02-16 10:00:00,99224.8984375
2019-02-16 11:00:00,99137.296875
2019-02-16 12:00:00,99050.3359375
2019-02-16 13:00:00,99108.3984375
2019-02-16 14:00:00,99167.1015625
2019-02-16 15:00:00,99225.15625
2019-02-16 16:00:00,99154.65625
2019-02-16 17:00:00,99084.15625
2019-02-16 18:00:00,99013.65625
2019-02-16 19:00:00,98872.796875
2019-02-16 20:00:00,98731.296875
2019-02-16 21:00:00,98590.3359375
2019-02-16 22:00:00,98545.1953125
2019-02-16 23:00:00,98500.5
2019-02-17 00:00:00,98455.8984375
2019-02-17 01:00:00,98340.875
2019-02-17 02:00:00,98225.65625
2019-02-17 03:00:00,98110.6796875
2019-02-17 04:00:00,98155.8984375
2019-02-17 05:00:00,98201.1171875
2019-02-17 06:00:00,98245.6953125
2019-02-17 07:00:00,98221.1015625
2019-02-17 08:00:00,98195.7578125
2019-02-17 09:00:00,98170.515625
2019-02-17 10:00:00,98193.015625
2019-02-17 11:00:00,98215.4140625
2019-02-17 12:00:00,98237.9140625
2019-02-17 13:00:00,98205.9140625
2019-02-17 14:00:00,98173.375
2019-02-17 15:00:00,98140.734375
2019-02-17 16:00:00,98256.1953125
2019-02-17 17:00:00,98370.8203125
2019-02-17 18:00:00,98485.9765625
2019-02-17 19:00:00,98497.875
2019-02-17 20:00:00,98510.4140625
2019-02-17 21:00:00,98522.21875
2019-02-17 22:00:00,98598.71875
2019-02-17 23:00:00,98675.7578125
2019-02-18 00:00:00,98752.15625
2019-02-18 01:00:00,98838.3203125
2019-02-18 02:00:00,98924.375
2019-02-18 03:00:00,99009.6015625
2019-02-18 04:00:00,99175.6953125
2019-02-18 05:00:00,99341.0546875
2019-02-18 06:00:00,99506.515625
2019-02-18 07:00:00,99616.1796875
2019-02-18 08:00:00,99725.9375
2019-02-18 09:00:00,99834.9609375
2019-02-18 10:00:00,99810.640625
2019-02-18 11:00:00,99786.21875
2019-02-18 12:00:00,99761.796875
2019-02-18 13:00:00,99878.4140625
2019-02-18 14:00:00,99994.9375
2019-02-18 15:00:00,100110.8203125
2019-02-18 16:00:00,100195.578125
2019-02-18 17:00:00,100280.234375
2019-02-18 18:00:00,100364.6953125
2019-02-18 19:00:00,100415
2019-02-18 20:00:00,100465.3984375
2019-02-18 21:00:00,100516.3359375
2019-02-18 22:00:00,100478.8984375
2019-02-18 23:00:00,100441.359375
2019-02-19 00:00:00,100404.5546875
2019-02-19 01:00:00,100447.234375
2019-02-19 02:00:00,100490.4609375
2019-02-19 03:00:00,100533.6796875
2019-02-19 04:00:00,100546.859375
2019-02-19 05:00:00,100559.9375
2019-02-19 06:00:00,100573.015625
2019-02-19 07:00:00,100618.1015625
2019-02-19 08:00:00,100663.8203125
2019-02-19 09:00:00,100709.5390625
2019-02-19 10:00:00,100692.4609375
2019-02-19 11:00:00,100675.375
2019-02-19 12:00:00,100658.296875
2019-02-19 13:00:00,100595.8203125
2019-02-19 14:00:00,100533.4375
2019-02-19 15:00:00,100470.9609375
2019-02-19 16:00:00,100388.3203125
2019-02-19 17:00:00,100305.578125
2019-02-19 18:00:00,100222.8359375
2019-02-19 19:00:00,100165.359375
2019-02-19 20:00:00,100107.875
2019-02-19 21:00:00,100050.296875
2019-02-19 22:00:00,99942.6953125
2019-02-19 23:00:00,99835
2019-02-20 00:00:00,99727.1953125
2019-02-20 01:00:00,99596.6171875
2019-02-20 02:00:00,99466.375
2019-02-20 03:00:00,99336.375
2019-02-20 04:00:00,99151.65625
2019-02-20 05:00:00,98967.4765625
2019-02-20 06:00:00,98783.1953125
2019-02-20 07:00:00,98724.578125
2019-02-20 08:00:00,98665.3203125
2019-02-20 09:00:00,98606.0546875
2019-02-20 10:00:00,98483.734375
2019-02-20 11:00:00,98361.4140625
2019-02-20 12:00:00,98238.4609375
2019-02-20 13:00:00,98148.7578125
2019-02-20 14:00:00,98058.9609375
2019-02-20 15:00:00,97968.6171875
2019-02-20 16:00:00,98030.5546875
2019-02-20 17:00:00,98092.1953125
2019-02-20 18:00:00,98154.375
2019-02-20 19:00:00,98305.296875
2019-02-20 20:00:00,98456.21875
2019-02-20 21:00:00,98607.140625
2019-02-20 22:00:00,98624.7578125
2019-02-20 23:00:00,98641.734375
2019-02-21 00:00:00,98659.359375
2019-02-21 01:00:00,98710.140625
2019-02-21 02:00:00,98761.4609375
2019-02-21 03:00:00,98812.6796875
2019-02-21 04:00:00,98888.71875
2019-02-21 05:00:00,98964.1171875
2019-02-21 06:00:00,99040.15625
2019-02-21 07:00:00,99113.296875
2019-02-21 08:00:00,99185.8984375
2019-02-21 09:00:00,99259.140625
2019-02-21 10:00:00,99257.9765625
2019-02-21 11:00:00,99256.28125
2019-02-21 12:00:00,99255.1171875
2019-02-21 13:00:00,99356.4140625
2019-02-21 14:00:00,99457.078125
2019-02-21 15:00:00,99558.28125
2019-02-21 16:00:00,99557.734375
2019-02-21 17:00:00,99557.8359375
2019-02-21 18:00:00,99557.1953125
2019-02-21 19:00:00,99608.9609375
2019-02-21 20:00:00,99660.6171875
2019-02-21 21:00:00,99711.5390625
2019-02-21 22:00:00,99675.859375
2019-02-21 23:00:00,99639.4375
2019-02-22 00:00:00,99603.7578125
2019-02-22 01:00:00,99601.2578125
2019-02-22 02:00:00,99598.7578125
2019-02-22 03:00:00,99597
2019-02-22 04:00:00,99658.359375
2019-02-22 05:00:00,99719.71875
2019-02-22 06:00:00,99781.078125
2019-02-22 07:00:00,99839.3203125
2019-02-22 08:00:00,99897.015625
2019-02-22 09:00:00,99955.2578125
2019-02-22 10:00:00,99943
2019-02-22 11:00:00,99930.1015625
2019-02-22 12:00:00,99917.8359375
2019-02-22 13:00:00,99943.6953125
2019-02-22 14:00:00,99969.4609375
2019-02-22 15:00:00,99995.859375
2019-02-22 16:00:00,99930.140625
2019-02-22 17:00:00,99864.9609375
2019-02-22 18:00:00,99799.78125
2019-02-22 19:00:00,99806.15625
2019-02-22 20:00:00,99812.4375
2019-02-22 21:00:00,99818.8203125
2019-02-22 22:00:00,99709.71875
2019-02-22 23:00:00,99600.6171875
2019-02-23 00:00:00,99491.515625
2019-02-23 01:00:00,99356.5390625
2019-02-23 02:00:00,99221.8984375
2019-02-23 03:00:00,99086.4140625
2019-02-23 04:00:00,99055.578125
2019-02-23 05:00:00,99024
2019-02-23 06:00:00,98993.15625
2019-02-23 07:00:00,98884.71875
2019-02-23 08:00:00,98777.015625
2019-02-23 09:00:00,98669.3203125
2019-02-23 10:00:00,98639.578125
2019-02-23 11:00:00,98609.8359375
2019-02-23 12:00:00,98580.1015625
2019-02-23 13:00:00,98479.9375
2019-02-23 14:00:00,98379.6796875
2019-02-23 15:00:00,98279.4140625
2019-02-23 16:00:00,98124.375
2019-02-23 17:00:00,97969.234375
2019-02-23 18:00:00,97814.734375
2019-02-23 19:00:00,97657.0546875
2019-02-23 20:00:00,97498.8359375
2019-02-23 21:00:00,97341.15625
2019-02-23 22:00:00,97270.5390625
2019-02-23 23:00:00,97199.8203125
2019-02-24 00:00:00,97128.4609375
2019-02-24 01:00:00,97149.3203125
2019-02-24 02:00:00,97170.078125
2019-02-24 03:00:00,97190.734375
2019-02-24 04:00:00,97314.5390625
2019-02-24 05:00:00,97438.9765625
2019-02-24 06:00:00,97562.6796875
2019-02-24 07:00:00,97787.078125
2019-02-24 08:00:00,98010.734375
2019-02-24 09:00:00,98235.0390625
2019-02-24 10:00:00,98445.8203125
2019-02-24 11:00:00,98655.859375
2019-02-24 12:00:00,98866
2019-02-24 13:00:00,99068.296875
2019-02-24 14:00:00,99270.6015625
2019-02-24 15:00:00,99472.0546875
2019-02-24 16:00:00,99576.6015625
2019-02-24 17:00:00,99681.0390625
2019-02-24 18:00:00,99785.375
2019-02-24 19:00:00,99814.359375
2019-02-24 20:00:00,99842.796875
2019-02-24 21:00:00,99871.78125
2019-02-24 22:00:00,99886.734375
2019-02-24 23:00:00,99901.6953125
2019-02-25 00:00:00,99916.1171875
2019-02-25 01:00:00,99992.21875
2019-02-25 02:00:00,100068.3203125
2019-02-25 03:00:00,100144.21875
2019-02-25 04:00:00,100197.078125
2019-02-25 05:00:00,100250.4765625
2019-02-25 06:00:00,100303.9765625
2019-02-25 07:00:00,100330.8984375
2019-02-25 08:00:00,100357.8203125
2019-02-25 09:00:00,100384.734375
2019-02-25 10:00:00,100368.578125
2019-02-25 11:00:00,100352.4140625
2019-02-25 12:00:00,100336.796875
2019-02-25 13:00:00,100415.5390625
2019-02-25 14:00:00,100494.1796875
2019-02-25 15:00:00,100572.8203125
2019-02-25 16:00:00,100484.515625
2019-02-25 17:00:00,100396.1171875
2019-02-25 18:00:00,100307.71875
2019-02-25 19:00:00,100163.015625
2019-02-25 20:00:00,100018.4140625
2019-02-25 21:00:00,99873.078125
2019-02-25 22:00:00,99872.1953125
2019-02-25 23:00:00,99871.4140625
2019-02-26 00:00:00,99870.5390625
2019-02-26 01:00:00,99846.8359375
2019-02-26 02:00:00,99822.3984375
2019-02-26 03:00:00,99799.140625
2019-02-26 04:00:00,99824.4140625
2019-02-26 05:00:00,99849.6953125
2019-02-26 06:00:00,99874.9765625
2019-02-26 07:00:00,99935.1015625
2019-02-26 08:00:00,99995.859375
2019-02-26 09:00:00,100055.9765625
2019-02-26 10:00:00,100024.65625
2019-02-26 11:00:00,99992.6953125
2019-02-26 12:00:00,99961.375
2019-02-26 13:00:00,99961.015625
2019-02-26 14:00:00,99960.5546875
2019-02-26 15:00:00,99960
2019-02-26 16:00:00,99941.375
2019-02-26 17:00:00,99923.296875
2019-02-26 18:00:00,99905.1171875
2019-02-26 19:00:00,99859.6171875
2019-02-26 20:00:00,99814.859375
2019-02-26 21:00:00,99769.359375
2019-02-26 22:00:00,99614.8203125
2019-02-26 23:00:00,99460.9140625
2019-02-27 00:00:00,99306.375
2019-02-27 01:00:00,99244.71875
2019-02-27 02:00:00,99183.6015625
2019-02-27 03:00:00,99121.734375
2019-02-27 04:00:00,99147.78125
2019-02-27 05:00:00,99173.71875
2019-02-27 06:00:00,99199.015625
2019-02-27 07:00:00,99164.359375
2019-02-27 08:00:00,99129.6015625
2019-02-27 09:00:00,99094.1953125
2019-02-27 10:00:00,99153.8203125
2019-02-27 11:00:00,99212.796875
2019-02-27 12:00:00,99272.4140625
2019-02-27 13:00:00,99262.015625
2019-02-27 14:00:00,99250.9765625
2019-02-27 15:00:00,99240.4765625
2019-02-27 16:00:00,99364.15625
2019-02-27 17:00:00,99487.1953125
2019-02-27 18:00:00,99610.78125
2019-02-27 19:00:00,99665.3203125
2019-02-27 20:00:00,99719.3203125
2019-02-27 21:00:00,99773.9609375
2019-02-27 22:00:00,99692.4765625
2019-02-27 23:00:00,99611.1015625
2019-02-28 00:00:00,99529.71875
2019-02-28 01:00:00,99622
2019-02-28 02:00:00,99713.640625
2019-02-28 03:00:00,99805.28125
2019-02-28 04:00:00,99877.65625
2019-02-28 05:00:00,99949.8359375
2019-02-28 06:00:00,100022.015625
2019-02-28 07:00:00,100013.21875
2019-02-28 08:00:00,100003.78125
2019-02-28 09:00:00,99994.9765625
2019-02-28 10:00:00,99870.3359375
2019-02-28 11:00:00,99745.6015625
2019-02-28 12:00:00,99620.9609375
2019-02-28 13:00:00,99705.4375
2019-02-28 14:00:00,99789.1796875
2019-02-28 15:00:00,99873.4609375
2019-02-28 16:00:00,99785.6015625
2019-02-28 17:00:00,99697.640625
2019-02-28 18:00:00,99609.6796875
2019-02-28 19:00:00,99688.1015625
2019-02-28 20:00:00,99767.15625
2019-02-28 21:00:00,99845.578125
2019-02-28 22:00:00,99732.3984375
2019-02-28 23:00:00,99619.3203125
2019-03-01 00:00:00,99506.140625
2019-03-01 01:00:00,99524.296875
2019-03-01 02:00:00,99542.359375
2019-03-01 03:00:00,99559.875
2019-03-01 04:00:00,99537.9765625
2019-03-01 05:00:00,99515.4375
2019-03-01 06:00:00,99492.8984375
2019-03-01 07:00:00,99393.71875
2019-03-01 08:00:00,99293.796875
2019-03-01 09:00:00,99194.6171875
2019-03-01 10:00:00,99279.859375
2019-03-01 11:00:00,99365.1015625
2019-03-01 12:00:00,99450.234375
2019-03-01 13:00:00,99387.234375
2019-03-01 14:00:00,99324.140625
2019-03-01 15:00:00,99260.3984375
2019-03-01 16:00:00,99311.8203125
2019-03-01 17:00:00,99363.140625
2019-03-01 18:00:00,99415.1015625
2019-03-01 19:00:00,99365.7578125
2019-03-01 20:00:00,99316.9609375
2019-03-01 21:00:00,99268.15625
2019-03-01 22:00:00,99280.1953125
2019-03-01 23:00:00,99292.78125
2019-03-02 00:00:00,99305.4609375
2019-03-02 01:00:00,99286.6015625
2019-03-02 02:00:00,99267.734375
2019-03-02 03:00:00,99249.515625
2019-03-02 04:00:00,99395.28125
2019-03-02 05:00:00,99541.6796875
2019-03-02 06:00:00,99687.4375
2019-03-02 07:00:00,99638.71875
2019-03-02 08:00:00,99590.734375
2019-03-02 09:00:00,99542.015625
2019-03-02 10:00:00,99620.1953125
2019-03-02 11:00:00,99698.375
2019-03-02 12:00:00,99776.5546875
2019-03-02 13:00:00,99771
2019-03-02 14:00:00,99765.3359375
2019-03-02 15:00:00,99759.78125
2019-03-02 16:00:00,99878.5546875
2019-03-02 17:00:00,99997.3359375
2019-03-02 18:00:00,100116.015625
2019-03-02 19:00:00,100118.296875
2019-03-02 20:00:00,100119.8359375
2019-03-02 21:00:00,100121.4765625
2019-03-02 22:00:00,100019.734375
2019-03-02 23:00:00,99918.640625
2019-03-03 00:00:00,99817
2019-03-03 01:00:00,99832.9765625
2019-03-03 02:00:00,99848.859375
2019-03-03 03:00:00,99864.1015625
2019-03-03 04:00:00,99904.234375
2019-03-03 05:00:00,99944.375
2019-03-03 06:00:00,99983.875
2019-03-03 07:00:00,99985.515625
2019-03-03 08:00:00,99986.515625
2019-03-03 09:00:00,99987.515625
2019-03-03 10:00:00,99885.296875
2019-03-03 11:00:00,99783.1796875
2019-03-03 12:00:00,99680.9609375
2019-03-03 13:00:00,99805.6796875
2019-03-03 14:00:00,99930.296875
2019-03-03 15:00:00,100054.9140625
2019-03-03 16:00:00,100140.9609375
2019-03-03 17:00:00,100226.8984375
2019-03-03 18:00:00,100312.734375
2019-03-03 19:00:00,100266.4375
2019-03-03 20:00:00,100220.234375
2019-03-03 21:00:00,100173.9375
2019-03-03 22:00:00,100141.8359375
2019-03-03 23:00:00,100109.734375
2019-03-04 00:00:00,100077.640625
2019-03-04 01:00:00,100087.859375
2019-03-04 02:00:00,100097.875
2019-03-04 03:00:00,100108
2019-03-04 04:00:00,100172.8984375
2019-03-04 05:00:00,100236.6171875
2019-03-04 06:00:00,100300.875
2019-03-04 07:00:00,100330.859375
2019-03-04 08:00:00,100360.8359375
2019-03-04 09:00:00,100390.8203125
2019-03-04 10:00:00,100407.4140625
2019-03-04 11:00:00,100424.65625
2019-03-04 12:00:00,100441.359375
2019-03-04 13:00:00,100352.7578125
2019-03-04 14:00:00,100264.796875
2019-03-04 15:00:00,100176.8359375
2019-03-04 16:00:00,100191.4609375
2019-03-04 17:00:00,100206.078125
2019-03-04 18:00:00,100220.6015625
2019-03-04 19:00:00,100190.6015625
2019-03-04 20:00:00,100161.234375
2019-03-04 21:00:00,100131.234375
2019-03-04 22:00:00,100094.234375
2019-03-04 23:00:00,100057.234375
2019-03-05 00:00:00,100020.234375
2019-03-05 01:00:00,99930.0390625
2019-03-05 02:00:00,99840.28125
2019-03-05 03:00:00,99750.515625
2019-03-05 04:00:00,99820.0390625
2019-03-05 05:00:00,99889.5546875
2019-03-05 06:00:00,99959.71875
2019-03-05 07:00:00,99863.8359375
2019-03-05 08:00:00,99768.6015625
2019-03-05 09:00:00,99673.359375
2019-03-05 10:00:00,99669.5
2019-03-05 11:00:00,99666.375
2019-03-05 12:00:00,99662.6171875
2019-03-05 13:00:00,99679.8203125
2019-03-05 14:00:00,99697.015625
2019-03-05 15:00:00,99714.7578125
2019-03-05 16:00:00,99848.015625
2019-03-05 17:00:00,99981.6171875
2019-03-05 18:00:00,100115.21875
2019-03-05 19:00:00,100149.9140625
2019-03-05 20:00:00,100184.6171875
2019-03-05 21:00:00,100219.21875
2019-03-05 22:00:00,100222.6015625
2019-03-05 23:00:00,100225.875
2019-03-06 00:00:00,100229.2578125
2019-03-06 01:00:00,100169.640625
2019-03-06 02:00:00,100110.015625
2019-03-06 03:00:00,100050.9375
2019-03-06 04:00:00,100090.515625
2019-03-06 05:00:00,100129.359375
2019-03-06 06:00:00,100169.4765625
2019-03-06 07:00:00,100254.515625
2019-03-06 08:00:00,100340.1953125
2019-03-06 09:00:00,100425.78125
2019-03-06 10:00:00,100424.8359375
2019-03-06 11:00:00,100423.2578125
2019-03-06 12:00:00,100421.6796875
2019-03-06 13:00:00,100413.796875
2019-03-06 14:00:00,100405.375
2019-03-06 15:00:00,100397.5
2019-03-06 16:00:00,100398.1171875
2019-03-06 17:00:00,100399.28125
2019-03-06 18:00:00,100399.8984375
2019-03-06 19:00:00,100349.859375
2019-03-06 20:00:00,100299.28125
2019-03-06 21:00:00,100249.234375
2019-03-06 22:00:00,100093.4375
2019-03-06 23:00:00,99938.28125
2019-03-07 00:00:00,99782.578125
2019-03-07 01:00:00,99820.234375
2019-03-07 02:00:00,99858.1171875
2019-03-07 03:00:00,99896.1015625
2019-03-07 04:00:00,99955.3203125
2019-03-07 05:00:00,100015.140625
2019-03-07 06:00:00,100074.2578125
2019-03-07 07:00:00,100047.21875
2019-03-07 08:00:00,100019.5390625
2019-03-07 09:00:00,99992.3984375
2019-03-07 10:00:00,99922.359375
2019-03-07 11:00:00,99852.21875
2019-03-07 12:00:00,99782.1796875
2019-03-07 13:00:00,99819.8359375
2019-03-07 14:00:00,99857.6015625
2019-03-07 15:00:00,99895.8984375
2019-03-07 16:00:00,99807.4375
2019-03-07 17:00:00,99718.875
2019-03-07 18:00:00,99630.4140625
2019-03-07 19:00:00,99597.859375
2019-03-07 20:00:00,99564.7578125
2019-03-07 21:00:00,99532.296875
2019-03-07 22:00:00,99433.578125
2019-03-07 23:00:00,99334.859375
2019-03-08 00:00:00,99236.6796875
2019-03-08 01:00:00,99224.1953125
2019-03-08 02:00:00,99211.6171875
2019-03-08 03:00:00,99198.8359375
2019-03-08 04:00:00,99155.296875
2019-03-08 05:00:00,99111.7578125
2019-03-08 06:00:00,99068.21875
2019-03-08 07:00:00,99098.1171875
2019-03-08 08:00:00,99128.015625
2019-03-08 09:00:00,99157.9140625
2019-03-08 10:00:00,99137.15625
2019-03-08 11:00:00,99116.3984375
2019-03-08 12:00:00,99095.640625
2019-03-08 13:00:00,99151.4609375
2019-03-08 14:00:00,99206.640625
2019-03-08 15:00:00,99261.8203125
2019-03-08 16:00:00,99186.15625
2019-03-08 17:00:00,99111.0390625
2019-03-08 18:00:00,99035.9140625
2019-03-08 19:00:00,99062.9375
2019-03-08 20:00:00,99090.5
2019-03-08 21:00:00,99117.515625
2019-03-08 22:00:00,99094.9765625
2019-03-08 23:00:00,99072.4375
2019-03-09 00:00:00,99049.8984375
2019-03-09 01:00:00,98994.5
2019-03-09 02:00:00,98938.359375
2019-03-09 03:00:00,98882.65625
2019-03-09 04:00:00,98818.4609375
2019-03-09 05:00:00,98754.2578125
2019-03-09 06:00:00,98689.3203125
2019-03-09 07:00:00,98615.6953125
2019-03-09 08:00:00,98541.4375
2019-03-09 09:00:00,98467.8203125
2019-03-09 10:00:00,98324.4140625
2019-03-09 11:00:00,98180.9140625
2019-03-09 12:00:00,98037.3203125
2019-03-09 13:00:00,97884.0390625
2019-03-09 14:00:00,97730.7578125
2019-03-09 15:00:00,97577.375
2019-03-09 16:00:00,97354.015625
2019-03-09 17:00:00,97130.65625
2019-03-09 18:00:00,96907.734375
2019-03-09 19:00:00,96851.9375
2019-03-09 20:00:00,96796.6796875
2019-03-09 21:00:00,96741.515625
2019-03-09 22:00:00,96901.140625
2019-03-09 23:00:00,97060.7578125
2019-03-10 00:00:00,97220.375
2019-03-10 01:00:00,97437.0546875
2019-03-10 02:00:00,97653.1015625
2019-03-10 03:00:00,97869.578125
2019-03-10 04:00:00,98051.578125
2019-03-10 05:00:00,98232.8359375
2019-03-10 06:00:00,98414.8359375
2019-03-10 07:00:00,98593.8359375
2019-03-10 08:00:00,98772.8359375
2019-03-10 09:00:00,98951.8359375
2019-03-10 10:00:00,98941.4765625
2019-03-10 11:00:00,98931.21875
2019-03-10 12:00:00,98921.5
2019-03-10 13:00:00,99107.515625
2019-03-10 14:00:00,99293.4375
2019-03-10 15:00:00,99479.2578125
2019-03-10 16:00:00,99578.7578125
2019-03-10 17:00:00,99678.359375
2019-03-10 18:00:00,99778.5
2019-03-10 19:00:00,99835.5546875
2019-03-10 20:00:00,99893.2578125
2019-03-10 21:00:00,99951.0546875
2019-03-10 22:00:00,99891.8984375
2019-03-10 23:00:00,99832.1953125
2019-03-11 00:00:00,99773.0390625
2019-03-11 01:00:00,99847.140625
2019-03-11 02:00:00,99921.0390625
2019-03-11 03:00:00,99994.9375
2019-03-11 04:00:00,100016.9140625
2019-03-11 05:00:00,100038.8984375
2019-03-11 06:00:00,100061.4140625
2019-03-11 07:00:00,100156.078125
2019-03-11 08:00:00,100250.734375
2019-03-11 09:00:00,100345.3984375
2019-03-11 10:00:00,100248.8359375
2019-03-11 11:00:00,100152.28125
2019-03-11 12:00:00,100055.71875
2019-03-11 13:00:00,100155.6015625
2019-03-11 14:00:00,100256.015625
2019-03-11 15:00:00,100355.6953125
2019-03-11 16:00:00,100314.1015625
2019-03-11 17:00:00,100272.5
2019-03-11 18:00:00,100230.8984375
2019-03-11 19:00:00,100207.1796875
2019-03-11 20:00:00,100182.71875
2019-03-11 21:00:00,100158.359375
2019-03-11 22:00:00,100141.515625
2019-03-11 23:00:00,100124.6796875
2019-03-12 00:00:00,100107.8359375
2019-03-12 01:00:00,100123.9140625
2019-03-12 02:00:00,100140.5390625
2019-03-12 03:00:00,100156.515625
2019-03-12 04:00:00,100187.734375
2019-03-12 05:00:00,100218.4140625
2019-03-12 06:00:00,100249.640625
2019-03-12 07:00:00,100175.078125
2019-03-12 08:00:00,100101.15625
2019-03-12 09:00:00,100026.6015625
2019-03-12 10:00:00,99982.1015625
2019-03-12 11:00:00,99937.6015625
2019-03-12 12:00:00,99892.4609375
2019-03-12 13:00:00,99861.9609375
2019-03-12 14:00:00,99830.8203125
2019-03-12 15:00:00,99800.3203125
2019-03-12 16:00:00,99763.5
2019-03-12 17:00:00,99726.6796875
2019-03-12 18:00:00,99689.859375
2019-03-12 19:00:00,99618.1953125
2019-03-12 20:00:00,99546.640625
2019-03-12 21:00:00,99474.9765625
2019-03-12 22:00:00,99334.1015625
2019-03-12 23:00:00,99193.7578125
2019-03-13 00:00:00,99052.78125
2019-03-13 01:00:00,98920.8359375
2019-03-13 02:00:00,98789.5390625
2019-03-13 03:00:00,98657.6015625
2019-03-13 04:00:00,98751.1953125
2019-03-13 05:00:00,98844.796875
2019-03-13 06:00:00,98938.296875
2019-03-13 07:00:00,98710.359375
2019-03-13 08:00:00,98482.3203125
2019-03-13 09:00:00,98253.734375
2019-03-13 10:00:00,98154.8359375
2019-03-13 11:00:00,98055.9375
2019-03-13 12:00:00,97957.6796875
2019-03-13 13:00:00,97943.21875
2019-03-13 14:00:00,97928.65625
2019-03-13 15:00:00,97914.8359375
2019-03-13 16:00:00,97693.9140625
2019-03-13 17:00:00,97473.5
2019-03-13 18:00:00,97253.1015625
2019-03-13 19:00:00,97223.4765625
2019-03-13 20:00:00,97192.7578125
2019-03-13 21:00:00,97162.6796875
2019-03-13 22:00:00,97155.1015625
2019-03-13 23:00:00,97147.4140625
2019-03-14 00:00:00,97139.5390625
2019-03-14 01:00:00,97149.4375
2019-03-14 02:00:00,97159.875
2019-03-14 03:00:00,97170.21875
2019-03-14 04:00:00,97192.359375
2019-03-14 05:00:00,97214.5
2019-03-14 06:00:00,97236.640625
2019-03-14 07:00:00,97068.1015625
2019-03-14 08:00:00,96898.8203125
2019-03-14 09:00:00,96729.640625
2019-03-14 10:00:00,96749.5546875
2019-03-14 11:00:00,96770.1171875
2019-03-14 12:00:00,96789.3984375
2019-03-14 13:00:00,96889
2019-03-14 14:00:00,96988.6015625
2019-03-14 15:00:00,97088.1953125
2019-03-14 16:00:00,97193.6015625
2019-03-14 17:00:00,97299.640625
2019-03-14 18:00:00,97404.9375
2019-03-14 19:00:00,97609.1796875
2019-03-14 20:00:00,97812.78125
2019-03-14 21:00:00,98016.9140625
2019-03-14 22:00:00,98056.140625
2019-03-14 23:00:00,98095.2578125
2019-03-15 00:00:00,98134.4765625
2019-03-15 01:00:00,98254.8203125
2019-03-15 02:00:00,98374.9609375
2019-03-15 03:00:00,98494.6015625
2019-03-15 04:00:00,98550.6796875
2019-03-15 05:00:00,98606.65625
2019-03-15 06:00:00,98662.640625
2019-03-15 07:00:00,98788.1015625
2019-03-15 08:00:00,98913.5546875
2019-03-15 09:00:00,99038.4765625
2019-03-15 10:00:00,99090.875
2019-03-15 11:00:00,99142.640625
2019-03-15 12:00:00,99195.140625
2019-03-15 13:00:00,99304.1796875
2019-03-15 14:00:00,99412.9140625
2019-03-15 15:00:00,99522
2019-03-15 16:00:00,99577.734375
2019-03-15 17:00:00,99633.375
2019-03-15 18:00:00,99688.9140625
2019-03-15 19:00:00,99799.6171875
2019-03-15 20:00:00,99909.578125
2019-03-15 21:00:00,100019.5390625
2019-03-15 22:00:00,99997.4609375
2019-03-15 23:00:00,99975.4765625
2019-03-16 00:00:00,99953.3984375
2019-03-16 01:00:00,100003.5390625
2019-03-16 02:00:00,100053.578125
2019-03-16 03:00:00,100103.3203125
2019-03-16 04:00:00,100138.6015625
2019-03-16 05:00:00,100174.515625
2019-03-16 06:00:00,100209.796875
2019-03-16 07:00:00,100208.3203125
2019-03-16 08:00:00,100206.8359375
2019-03-16 09:00:00,100205.2578125
2019-03-16 10:00:00,100214.359375
2019-03-16 11:00:00,100223.4609375
2019-03-16 12:00:00,100232.4609375
2019-03-16 13:00:00,100244.6953125
2019-03-16 14:00:00,100256.640625
2019-03-16 15:00:00,100269.015625
2019-03-16 16:00:00,100292.1015625
2019-03-16 17:00:00,100315.078125
2019-03-16 18:00:00,100338.15625
2019-03-16 19:00:00,100291.5
2019-03-16 20:00:00,100244.1953125
2019-03-16 21:00:00,100197.5390625
2019-03-16 22:00:00,100129.78125
2019-03-16 23:00:00,100062.1171875
2019-03-17 00:00:00,99994.4609375
2019-03-17 01:00:00,99962.5546875
2019-03-17 02:00:00,99931.1015625
2019-03-17 03:00:00,99898.6953125
2019-03-17 04:00:00,99873.6015625
2019-03-17 05:00:00,99847.859375
2019-03-17 06:00:00,99822.1171875
2019-03-17 07:00:00,99821.1796875
2019-03-17 08:00:00,99820.140625
2019-03-17 09:00:00,99819.1953125
2019-03-17 10:00:00,99856.8203125
2019-03-17 11:00:00,99894.5390625
2019-03-17 12:00:00,99932.15625
2019-03-17 13:00:00,100018.015625
2019-03-17 14:00:00,100103.78125
2019-03-17 15:00:00,100189.9765625
2019-03-17 16:00:00,100175.5
2019-03-17 17:00:00,100161.5546875
2019-03-17 18:00:00,100147.6171875
2019-03-17 19:00:00,100150.6171875
2019-03-17 20:00:00,100153.71875
2019-03-17 21:00:00,100157.359375
2019-03-17 22:00:00,100080.515625
2019-03-17 23:00:00,100004.3203125
2019-03-18 00:00:00,99928.1171875
2019-03-18 01:00:00,99931.8359375
2019-03-18 02:00:00,99936
2019-03-18 03:00:00,99940.6015625
2019-03-18 04:00:00,99970.140625
2019-03-18 05:00:00,100000.3203125
2019-03-18 06:00:00,100029.9609375
2019-03-18 07:00:00,100116.578125
2019-03-18 08:00:00,100203.1953125
2019-03-18 09:00:00,100289.8203125
2019-03-18 10:00:00,100337.15625
2019-03-18 11:00:00,100384.6015625
2019-03-18 12:00:00,100431.3984375
2019-03-18 13:00:00,100413.28125
2019-03-18 14:00:00,100394.9609375
2019-03-18 15:00:00,100377.078125
2019-03-18 16:00:00,100348.6171875
2019-03-18 17:00:00,100320.6015625
2019-03-18 18:00:00,100292.0390625
2019-03-18 19:00:00,100288.1953125
2019-03-18 20:00:00,100284.359375
2019-03-18 21:00:00,100280.515625
2019-03-18 22:00:00,100245.375
2019-03-18 23:00:00,100210.234375
2019-03-19 00:00:00,100175.1015625
2019-03-19 01:00:00,100088.71875
2019-03-19 02:00:00,100001.6953125
2019-03-19 03:00:00,99915.21875
2019-03-19 04:00:00,99979.515625
2019-03-19 05:00:00,100043.9140625
2019-03-19 06:00:00,100108.3203125
2019-03-19 07:00:00,100108.4375
2019-03-19 08:00:00,100107.9140625
2019-03-19 09:00:00,100107.3984375
2019-03-19 10:00:00,100068.4140625
2019-03-19 11:00:00,100028.796875
2019-03-19 12:00:00,99989.71875
2019-03-19 13:00:00,100014.640625
2019-03-19 14:00:00,100040.1953125
2019-03-19 15:00:00,100065.7578125
2019-03-19 16:00:00,100075.5546875
2019-03-19 17:00:00,100086
2019-03-19 18:00:00,100095.796875
2019-03-19 19:00:00,100048.1796875
2019-03-19 20:00:00,99999.8203125
2019-03-19 21:00:00,99951.4609375
2019-03-19 22:00:00,99811
2019-03-19 23:00:00,99670.4375
2019-03-20 00:00:00,99529.9765625
2019-03-20 01:00:00,99501.3984375
2019-03-20 02:00:00,99472.6171875
2019-03-20 03:00:00,99443.734375
2019-03-20 04:00:00,99433.15625
2019-03-20 05:00:00,99423.1171875
2019-03-20 06:00:00,99412.5390625
2019-03-20 07:00:00,99339.5
2019-03-20 08:00:00,99266.4609375
2019-03-20 09:00:00,99193.4140625
2019-03-20 10:00:00,99156.734375
2019-03-20 11:00:00,99120.6953125
2019-03-20 12:00:00,99084.015625
2019-03-20 13:00:00,99080.5390625
2019-03-20 14:00:00,99077.5
2019-03-20 15:00:00,99074.15625
2019-03-20 16:00:00,99219.5546875
2019-03-20 17:00:00,99364.9609375
2019-03-20 18:00:00,99510.2578125
2019-03-20 19:00:00,99411.9140625
2019-03-20 20:00:00,99313.0390625
2019-03-20 21:00:00,99214.0546875
2019-03-20 22:00:00,99161.1953125
2019-03-20 23:00:00,99107.796875
2019-03-21 00:00:00,99054.9375
2019-03-21 01:00:00,99083.515625
2019-03-21 02:00:00,99111.359375
2019-03-21 03:00:00,99139.640625
2019-03-21 04:00:00,99158.3984375
2019-03-21 05:00:00,99176.6171875
2019-03-21 06:00:00,99195.375
2019-03-21 07:00:00,99208.875
2019-03-21 08:00:00,99221.734375
2019-03-21 09:00:00,99235.234375
2019-03-21 10:00:00,99285
2019-03-21 11:00:00,99335.5
2019-03-21 12:00:00,99385.8984375
2019-03-21 13:00:00,99454.296875
2019-03-21 14:00:00,99523.4375
2019-03-21 15:00:00,99593.015625
2019-03-21 16:00:00,99568.4765625
2019-03-21 17:00:00,99543.9375
2019-03-21 18:00:00,99519.9375
2019-03-21 19:00:00,99481.21875
2019-03-21 20:00:00,99442.5
2019-03-21 21:00:00,99403.140625
2019-03-21 22:00:00,99390.9765625
2019-03-21 23:00:00,99378.28125
2019-03-22 00:00:00,99365.4765625
2019-03-22 01:00:00,99413.4140625
2019-03-22 02:00:00,99461.359375
2019-03-22 03:00:00,99509.1015625
2019-03-22 04:00:00,99528.7578125
2019-03-22 05:00:00,99548.3203125
2019-03-22 06:00:00,99568.515625
2019-03-22 07:00:00,99575.9765625
2019-03-22 08:00:00,99583.3359375
2019-03-22 09:00:00,99590.796875
2019-03-22 10:00:00,99548.3359375
2019-03-22 11:00:00,99505.875
2019-03-22 12:00:00,99462.78125
2019-03-22 13:00:00,99450.5546875
2019-03-22 14:00:00,99437.6015625
2019-03-22 15:00:00,99425.28125
2019-03-22 16:00:00,99508.6015625
2019-03-22 17:00:00,99592.4609375
2019-03-22 18:00:00,99676.3203125
2019-03-22 19:00:00,99683.28125
2019-03-22 20:00:00,99690.875
2019-03-22 21:00:00,99697.9375
2019-03-22 22:00:00,99626.4140625
2019-03-22 23:00:00,99554.15625
2019-03-23 00:00:00,99482
2019-03-23 01:00:00,99440.15625
2019-03-23 02:00:00,99397.578125
2019-03-23 03:00:00,99355.4375
2019-03-23 04:00:00,99450.515625
2019-03-23 05:00:00,99544.9609375
2019-03-23 06:00:00,99640.0390625
2019-03-23 07:00:00,99613.5390625
2019-03-23 08:00:00,99587.578125
2019-03-23 09:00:00,99561.078125
2019-03-23 10:00:00,99591.5
2019-03-23 11:00:00,99621.9140625
2019-03-23 12:00:00,99651.6953125
2019-03-23 13:00:00,99660
2019-03-23 14:00:00,99668.1953125
2019-03-23 15:00:00,99676.296875
2019-03-23 16:00:00,99694.71875
2019-03-23 17:00:00,99713.0390625
2019-03-23 18:00:00,99730.71875
2019-03-23 19:00:00,99682.2578125
2019-03-23 20:00:00,99633.2578125
2019-03-23 21:00:00,99584.2578125
2019-03-23 22:00:00,99526.4375
2019-03-23 23:00:00,99468.6171875
2019-03-24 00:00:00,99410.15625
2019-03-24 01:00:00,99431.71875
2019-03-24 02:00:00,99453.71875
2019-03-24 03:00:00,99474.9765625
2019-03-24 04:00:00,99517.1171875
2019-03-24 05:00:00,99558.515625
2019-03-24 06:00:00,99600.65625
2019-03-24 07:00:00,99532.4609375
2019-03-24 08:00:00,99464.15625
2019-03-24 09:00:00,99395.9609375
2019-03-24 10:00:00,99339.7578125
2019-03-24 11:00:00,99283.5546875
2019-03-24 12:00:00,99227.359375
2019-03-24 13:00:00,99109.21875
2019-03-24 14:00:00,98990.3359375
2019-03-24 15:00:00,98872.1015625
2019-03-24 16:00:00,98828.375
2019-03-24 17:00:00,98784.7578125
2019-03-24 18:00:00,98741.0390625
2019-03-24 19:00:00,98669.4765625
2019-03-24 20:00:00,98598.015625
2019-03-24 21:00:00,98526.4609375
2019-03-24 22:00:00,98541.734375
2019-03-24 23:00:00,98557.015625
2019-03-25 00:00:00,98571.65625
2019-03-25 01:00:00,98630.9765625
2019-03-25 02:00:00,98690.1953125
2019-03-25 03:00:00,98749.3203125
2019-03-25 04:00:00,98868.21875
2019-03-25 05:00:00,98987.7578125
2019-03-25 06:00:00,99107.296875
2019-03-25 07:00:00,99112.7578125
2019-03-25 08:00:00,99118.859375
2019-03-25 09:00:00,99124.3203125
2019-03-25 10:00:00,99170.1953125
2019-03-25 11:00:00,99216.078125
2019-03-25 12:00:00,99261.9609375
2019-03-25 13:00:00,99392.875
2019-03-25 14:00:00,99523.0546875
2019-03-25 15:00:00,99653.78125
2019-03-25 16:00:00,99701.6015625
2019-03-25 17:00:00,99750.0546875
2019-03-25 18:00:00,99797.78125
2019-03-25 19:00:00,99802.734375
2019-03-25 20:00:00,99807.6953125
2019-03-25 21:00:00,99812.015625
2019-03-25 22:00:00,99845.9140625
2019-03-25 23:00:00,99879.28125
2019-03-26 00:00:00,99912.5390625
2019-03-26 01:00:00,99961.9765625
2019-03-26 02:00:00,100011.859375
2019-03-26 03:00:00,100061.5390625
2019-03-26 04:00:00,100155.3359375
2019-03-26 05:00:00,100249.234375
2019-03-26 06:00:00,100343.140625
2019-03-26 07:00:00,100282.015625
2019-03-26 08:00:00,100220.2578125
2019-03-26 09:00:00,100159.140625
2019-03-26 10:00:00,100179.0390625
2019-03-26 11:00:00,100198.296875
2019-03-26 12:00:00,100218.1953125
2019-03-26 13:00:00,100298.3203125
2019-03-26 14:00:00,100378.78125
2019-03-26 15:00:00,100459.234375
2019-03-26 16:00:00,100418.6953125
2019-03-26 17:00:00,100378.796875
2019-03-26 18:00:00,100338.796875
2019-03-26 19:00:00,100261.8984375
2019-03-26 20:00:00,100184.8984375
2019-03-26 21:00:00,100108.5390625
2019-03-26 22:00:00,100147.2578125
2019-03-26 23:00:00,100185.9765625
2019-03-27 00:00:00,100224.6953125
2019-03-27 01:00:00,100086.6015625
2019-03-27 02:00:00,99948.296875
2019-03-27 03:00:00,99810
2019-03-27 04:00:00,99846.140625
2019-03-27 05:00:00,99882.1796875
2019-03-27 06:00:00,99917.6796875
2019-03-27 07:00:00,100040.578125
2019-03-27 08:00:00,100162.9375
2019-03-27 09:00:00,100285.1953125
2019-03-27 10:00:00,100213.796875
2019-03-27 11:00:00,100142.3984375
2019-03-27 12:00:00,100070.359375
2019-03-27 13:00:00,100056.15625
2019-03-27 14:00:00,100041.9609375
2019-03-27 15:00:00,100027.65625
2019-03-27 16:00:00,99977.3203125
2019-03-27 17:00:00,99926.3359375
2019-03-27 18:00:00,99876.5390625
2019-03-27 19:00:00,99788.9765625
2019-03-27 20:00:00,99702.0546875
2019-03-27 21:00:00,99615.140625
2019-03-27 22:00:00,99475.578125
2019-03-27 23:00:00,99336.015625
2019-03-28 00:00:00,99196.4609375
2019-03-28 01:00:00,99219.8359375
2019-03-28 02:00:00,99243.859375
2019-03-28 03:00:00,99267.875
2019-03-28 04:00:00,99293.1796875
2019-03-28 05:00:00,99318.4765625
2019-03-28 06:00:00,99344.4140625
2019-03-28 07:00:00,99388.875
2019-03-28 08:00:00,99433.875
2019-03-28 09:00:00,99478.3359375
2019-03-28 10:00:00,99374.7578125
2019-03-28 11:00:00,99271.078125
2019-03-28 12:00:00,99167.5
2019-03-28 13:00:00,99204.015625
2019-03-28 14:00:00,99240.5390625
2019-03-28 15:00:00,99277.0546875
2019-03-28 16:00:00,99302.9765625
2019-03-28 17:00:00,99329.4375
2019-03-28 18:00:00,99355.796875
2019-03-28 19:00:00,99321.6171875
2019-03-28 20:00:00,99287.4375
2019-03-28 21:00:00,99253.15625
2019-03-28 22:00:00,99214.296875
2019-03-28 23:00:00,99175.4375
2019-03-29 00:00:00,99136.578125
2019-03-29 01:00:00,99101.1953125
2019-03-29 02:00:00,99065.6171875
2019-03-29 03:00:00,99029.734375
2019-03-29 04:00:00,99062.9609375
2019-03-29 05:00:00,99096.078125
2019-03-29 06:00:00,99129.296875
2019-03-29 07:00:00,99062.515625
2019-03-29 08:00:00,98995.1015625
2019-03-29 09:00:00,98927.6796875
2019-03-29 10:00:00,98913.1015625
2019-03-29 11:00:00,98899.0546875
2019-03-29 12:00:00,98885.1171875
2019-03-29 13:00:00,98933.28125
2019-03-29 14:00:00,98982.1796875
2019-03-29 15:00:00,99031.078125
2019-03-29 16:00:00,98929.5
2019-03-29 17:00:00,98828.015625
2019-03-29 18:00:00,98727.1796875
2019-03-29 19:00:00,98691.515625
2019-03-29 20:00:00,98656.5
2019-03-29 21:00:00,98620.8359375
2019-03-29 22:00:00,98663.578125
2019-03-29 23:00:00,98706.3203125
2019-03-30 00:00:00,98749.0546875
2019-03-30 01:00:00,98637.71875
2019-03-30 02:00:00,98526.375
2019-03-30 03:00:00,98415.6796875
2019-03-30 04:00:00,98416.578125
2019-03-30 05:00:00,98417.4765625
2019-03-30 06:00:00,98418.28125
2019-03-30 07:00:00,98384.578125
2019-03-30 08:00:00,98351.4140625
2019-03-30 09:00:00,98318.359375
2019-03-30 10:00:00,98313.6796875
2019-03-30 11:00:00,98309.1015625
2019-03-30 12:00:00,98304.4140625
2019-03-30 13:00:00,98544.1015625
2019-03-30 14:00:00,98784.859375
2019-03-30 15:00:00,99024.78125
2019-03-30 16:00:00,99070.78125
2019-03-30 17:00:00,99116.78125
2019-03-30 18:00:00,99163.3203125
2019-03-30 19:00:00,99237.78125
2019-03-30 20:00:00,99312.875
2019-03-30 21:00:00,99387.875
2019-03-30 22:00:00,99434.8359375
2019-03-30 23:00:00,99482.4375
2019-03-31 00:00:00,99530.0390625
2019-03-31 01:00:00,99617.296875
2019-03-31 02:00:00,99705.1015625
2019-03-31 03:00:00,99792.6015625
2019-03-31 04:00:00,99810.1171875
2019-03-31 05:00:00,99827.734375
2019-03-31 06:00:00,99844.71875
2019-03-31 07:00:00,99923.3203125
2019-03-31 08:00:00,100001.1796875
2019-03-31 09:00:00,100079.140625
2019-03-31 10:00:00,100081.375
2019-03-31 11:00:00,100083.515625
2019-03-31 12:00:00,100085.015625
2019-03-31 13:00:00,100130.6953125
2019-03-31 14:00:00,100177.015625
2019-03-31 15:00:00,100223.234375
2019-03-31 16:00:00,100296.1171875
2019-03-31 17:00:00,100368.8984375
2019-03-31 18:00:00,100441.6796875
2019-03-31 19:00:00,100384.8984375
2019-03-31 20:00:00,100328.21875
2019-03-31 21:00:00,100271.4375
2019-03-31 22:00:00,100158.9765625
2019-03-31 23:00:00,100046.515625
2019-04-01 00:00:00,99934.0546875
2019-04-01 01:00:00,99970.140625
2019-04-01 02:00:00,100006.015625
2019-04-01 03:00:00,100042.140625
2019-04-01 04:00:00,100070.359375
2019-04-01 05:00:00,100097.9375
2019-04-01 06:00:00,100126.15625
2019-04-01 07:00:00,100126.1953125
2019-04-01 08:00:00,100126.234375
2019-04-01 09:00:00,100126.1796875
2019-04-01 10:00:00,100075.078125
2019-04-01 11:00:00,100024.515625
2019-04-01 12:00:00,99973.3203125
2019-04-01 13:00:00,100011.3203125
2019-04-01 14:00:00,100049.859375
2019-04-01 15:00:00,100088.1015625
2019-04-01 16:00:00,100013.9140625
2019-04-01 17:00:00,99939.640625
2019-04-01 18:00:00,99865.359375
2019-04-01 19:00:00,99825.4140625
2019-04-01 20:00:00,99784.8359375
2019-04-01 21:00:00,99744.8984375
2019-04-01 22:00:00,99641.1953125
2019-04-01 23:00:00,99537.5
2019-04-02 00:00:00,99433.8984375
2019-04-02 01:00:00,99418.875
2019-04-02 02:00:00,99403.7578125
2019-04-02 03:00:00,99389.078125
2019-04-02 04:00:00,99464.5546875
2019-04-02 05:00:00,99540.0390625
2019-04-02 06:00:00,99615.6171875
2019-04-02 07:00:00,99509.9140625
2019-04-02 08:00:00,99403.578125
2019-04-02 09:00:00,99297.9765625
2019-04-02 10:00:00,99350.1171875
2019-04-02 11:00:00,99402.796875
2019-04-02 12:00:00,99454.9375
2019-04-02 13:00:00,99376.6015625
2019-04-02 14:00:00,99298.6953125
2019-04-02 15:00:00,99220.796875
2019-04-02 16:00:00,99250.3359375
2019-04-02 17:00:00,99280.4140625
2019-04-02 18:00:00,99310.5
2019-04-02 19:00:00,99271.0390625
2019-04-02 20:00:00,99231.578125
2019-04-02 21:00:00,99192.1171875
2019-04-02 22:00:00,99230.15625
2019-04-02 23:00:00,99268.1953125
2019-04-03 00:00:00,99306.234375
2019-04-03 01:00:00,99275.1015625
2019-04-03 02:00:00,99243.859375
2019-04-03 03:00:00,99212.6171875
2019-04-03 04:00:00,99283.515625
2019-04-03 05:00:00,99353.78125
2019-04-03 06:00:00,99424.0390625
2019-04-03 07:00:00,99463.6953125
2019-04-03 08:00:00,99503.359375
2019-04-03 09:00:00,99543.015625
2019-04-03 10:00:00,99623.375
2019-04-03 11:00:00,99704.375
2019-04-03 12:00:00,99785.375
2019-04-03 13:00:00,99715.4765625
2019-04-03 14:00:00,99645.4765625
2019-04-03 15:00:00,99576.1171875
2019-04-03 16:00:00,99625.6953125
2019-04-03 17:00:00,99675.9140625
2019-04-03 18:00:00,99725.5
2019-04-03 19:00:00,99596.15625
2019-04-03 20:00:00,99466.8203125
2019-04-03 21:00:00,99337.4765625
2019-04-03 22:00:00,99282.015625
2019-04-03 23:00:00,99225.9140625
2019-04-04 00:00:00,99170.4609375
2019-04-04 01:00:00,99228.3984375
2019-04-04 02:00:00,99286.78125
2019-04-04 03:00:00,99344.4140625
2019-04-04 04:00:00,99379.234375
2019-04-04 05:00:00,99413.4140625
2019-04-04 06:00:00,99448.234375
2019-04-04 07:00:00,99410.875
2019-04-04 08:00:00,99374.2578125
2019-04-04 09:00:00,99337.5390625
2019-04-04 10:00:00,99367.0390625
2019-04-04 11:00:00,99396.5390625
2019-04-04 12:00:00,99426.0390625
2019-04-04 13:00:00,99408.859375
2019-04-04 14:00:00,99392.21875
2019-04-04 15:00:00,99375.375
2019-04-04 16:00:00,99337.5546875
2019-04-04 17:00:00,99299
2019-04-04 18:00:00,99261.078125
2019-04-04 19:00:00,99179.734375
2019-04-04 20:00:00,99098.3984375
2019-04-04 21:00:00,99017.0546875
2019-04-04 22:00:00,98981.0390625
2019-04-04 23:00:00,98945.015625
2019-04-05 00:00:00,98908.359375
2019-04-05 01:00:00,98946.3203125
2019-04-05 02:00:00,98983.640625
2019-04-05 03:00:00,99020.9609375
2019-04-05 04:00:00,98981.875
2019-04-05 05:00:00,98942.8984375
2019-04-05 06:00:00,98903.8203125
2019-04-05 07:00:00,98959.234375
2019-04-05 08:00:00,99014.65625
2019-04-05 09:00:00,99070.6171875
2019-04-05 10:00:00,99071.078125
2019-04-05 11:00:00,99071.4375
2019-04-05 12:00:00,99071.8984375
2019-04-05 13:00:00,99192.6015625
2019-04-05 14:00:00,99312.5546875
2019-04-05 15:00:00,99433.15625
2019-04-05 16:00:00,99347.875
2019-04-05 17:00:00,99262.6015625
2019-04-05 18:00:00,99177.859375
2019-04-05 19:00:00,99156.15625
2019-04-05 20:00:00,99134.4609375
2019-04-05 21:00:00,99112.7578125
2019-04-05 22:00:00,99091.0390625
2019-04-05 23:00:00,99069.3203125
2019-04-06 00:00:00,99048.234375
2019-04-06 01:00:00,99055.0546875
2019-04-06 02:00:00,99062.4140625
2019-04-06 03:00:00,99069.0390625
2019-04-06 04:00:00,99077.1796875
2019-04-06 05:00:00,99085.21875
2019-04-06 06:00:00,99093.2578125
2019-04-06 07:00:00,99113.1015625
2019-04-06 08:00:00,99132.9375
2019-04-06 09:00:00,99153.4140625
2019-04-06 10:00:00,99100.140625
2019-04-06 11:00:00,99046.7578125
2019-04-06 12:00:00,98993.375
2019-04-06 13:00:00,99039.5
2019-04-06 14:00:00,99086.0546875
2019-04-06 15:00:00,99132.71875
2019-04-06 16:00:00,99100.5546875
2019-04-06 17:00:00,99068.3984375
2019-04-06 18:00:00,99036.234375
2019-04-06 19:00:00,98941.359375
2019-04-06 20:00:00,98846.4765625
2019-04-06 21:00:00,98751.5
2019-04-06 22:00:00,98717.296875
2019-04-06 23:00:00,98684.375
2019-04-07 00:00:00,98650.8203125
2019-04-07 01:00:00,98616.375
2019-04-07 02:00:00,98582.375
2019-04-07 03:00:00,98548.1796875
2019-04-07 04:00:00,98554.3984375
2019-04-07 05:00:00,98560.71875
2019-04-07 06:00:00,98566.9375
2019-04-07 07:00:00,98551.8984375
2019-04-07 08:00:00,98536.7578125
2019-04-07 09:00:00,98521.71875
2019-04-07 10:00:00,98565.5
2019-04-07 11:00:00,98610.015625
2019-04-07 12:00:00,98653.796875
2019-04-07 13:00:00,98570.2578125
2019-04-07 14:00:00,98486.6171875
2019-04-07 15:00:00,98403.4140625
2019-04-07 16:00:00,98385.9765625
2019-04-07 17:00:00,98368.5390625
2019-04-07 18:00:00,98351
2019-04-07 19:00:00,98394.6015625
2019-04-07 20:00:00,98438.1953125
2019-04-07 21:00:00,98481.15625
2019-04-07 22:00:00,98436.859375
2019-04-07 23:00:00,98392.5546875
2019-04-08 00:00:00,98348.2578125
2019-04-08 01:00:00,98387.1015625
2019-04-08 02:00:00,98426.4765625
2019-04-08 03:00:00,98465.015625
2019-04-08 04:00:00,98529.9609375
2019-04-08 05:00:00,98594.796875
2019-04-08 06:00:00,98659.734375
2019-04-08 07:00:00,98614.15625
2019-04-08 08:00:00,98569.21875
2019-04-08 09:00:00,98523.640625
2019-04-08 10:00:00,98577.015625
2019-04-08 11:00:00,98630.3984375
2019-04-08 12:00:00,98683.78125
2019-04-08 13:00:00,98720.2578125
2019-04-08 14:00:00,98757.1796875
2019-04-08 15:00:00,98793.8984375
2019-04-08 16:00:00,98763.640625
2019-04-08 17:00:00,98733.8203125
2019-04-08 18:00:00,98704.1015625
2019-04-08 19:00:00,98671.8359375
2019-04-08 20:00:00,98639.578125
2019-04-08 21:00:00,98607.21875
2019-04-08 22:00:00,98575.875
2019-04-08 23:00:00,98544.5390625
2019-04-09 00:00:00,98512.5546875
2019-04-09 01:00:00,98537.859375
2019-04-09 02:00:00,98562.9609375
2019-04-09 03:00:00,98588.0546875
2019-04-09 04:00:00,98661.9765625
2019-04-09 05:00:00,98736
2019-04-09 06:00:00,98809.9140625
2019-04-09 07:00:00,98752.6796875
2019-04-09 08:00:00,98695.5390625
2019-04-09 09:00:00,98638.296875
2019-04-09 10:00:00,98634.4140625
2019-04-09 11:00:00,98630.640625
2019-04-09 12:00:00,98626.1171875
2019-04-09 13:00:00,98708.796875
2019-04-09 14:00:00,98792.015625
2019-04-09 15:00:00,98874.6015625
2019-04-09 16:00:00,98830.6015625
2019-04-09 17:00:00,98785.859375
2019-04-09 18:00:00,98741.859375
2019-04-09 19:00:00,98685.8984375
2019-04-09 20:00:00,98629.8359375
2019-04-09 21:00:00,98573.875
2019-04-09 22:00:00,98536.796875
2019-04-09 23:00:00,98499.71875
2019-04-10 00:00:00,98462.640625
2019-04-10 01:00:00,98423.28125
2019-04-10 02:00:00,98384.5546875
2019-04-10 03:00:00,98345.1953125
2019-04-10 04:00:00,98429.1171875
2019-04-10 05:00:00,98512.9375
2019-04-10 06:00:00,98596.21875
2019-04-10 07:00:00,98498.28125
2019-04-10 08:00:00,98399.6015625
2019-04-10 09:00:00,98301.5546875
2019-04-10 10:00:00,98293.15625
2019-04-10 11:00:00,98284.65625
2019-04-10 12:00:00,98276.15625
2019-04-10 13:00:00,98266.734375
2019-04-10 14:00:00,98257.3203125
2019-04-10 15:00:00,98247.796875
2019-04-10 16:00:00,98044.9140625
2019-04-10 17:00:00,97841.9375
2019-04-10 18:00:00,97638.9609375
2019-04-10 19:00:00,97554.8359375
2019-04-10 20:00:00,97470.71875
2019-04-10 21:00:00,97386.6015625
2019-04-10 22:00:00,97358.3203125
2019-04-10 23:00:00,97330.0390625
2019-04-11 00:00:00,97301.7578125
2019-04-11 01:00:00,97209.21875
2019-04-11 02:00:00,97117.3203125
2019-04-11 03:00:00,97025.3203125
2019-04-11 04:00:00,97026.140625
2019-04-11 05:00:00,97027.0546875
2019-04-11 06:00:00,97027.875
2019-04-11 07:00:00,96993.4375
2019-04-11 08:00:00,96958.8984375
2019-04-11 09:00:00,96924.2578125
2019-04-11 10:00:00,96948.015625
2019-04-11 11:00:00,96971.78125
2019-04-11 12:00:00,96995.5390625
2019-04-11 13:00:00,96971.0546875
2019-04-11 14:00:00,96945.9375
2019-04-11 15:00:00,96921.4609375
2019-04-11 16:00:00,97005.8359375
2019-04-11 17:00:00,97090.1171875
2019-04-11 18:00:00,97174.3984375
2019-04-11 19:00:00,97250.3984375
2019-04-11 20:00:00,97325.7578125
2019-04-11 21:00:00,97401.1171875
2019-04-11 22:00:00,97474.5390625
2019-04-11 23:00:00,97547.3203125
2019-04-12 00:00:00,97620.1015625
2019-04-12 01:00:00,97670.4609375
2019-04-12 02:00:00,97720.71875
2019-04-12 03:00:00,97770.875
2019-04-12 04:00:00,97800.5546875
2019-04-12 05:00:00,97830.140625
2019-04-12 06:00:00,97860.359375
2019-04-12 07:00:00,97890.375
2019-04-12 08:00:00,97920.3984375
2019-04-12 09:00:00,97950.3203125
2019-04-12 10:00:00,98089.71875
2019-04-12 11:00:00,98227.9375
2019-04-12 12:00:00,98367.3359375
2019-04-12 13:00:00,98415.5546875
2019-04-12 14:00:00,98463.4765625
2019-04-12 15:00:00,98511.9375
2019-04-12 16:00:00,98646.6171875
2019-04-12 17:00:00,98782.0390625
2019-04-12 18:00:00,98916.6171875
2019-04-12 19:00:00,98976.578125
2019-04-12 20:00:00,99035.8984375
2019-04-12 21:00:00,99095.859375
2019-04-12 22:00:00,99067.1171875
2019-04-12 23:00:00,99038.375
2019-04-13 00:00:00,99010.28125
2019-04-13 01:00:00,99096.28125
2019-04-13 02:00:00,99182.6171875
2019-04-13 03:00:00,99268.859375
2019-04-13 04:00:00,99298.4375
2019-04-13 05:00:00,99327.375
2019-04-13 06:00:00,99356.9609375
2019-04-13 07:00:00,99364.5390625
2019-04-13 08:00:00,99372.015625
2019-04-13 09:00:00,99379.5
2019-04-13 10:00:00,99331.71875
2019-04-13 11:00:00,99284.578125
2019-04-13 12:00:00,99237.3359375
2019-04-13 13:00:00,99347.4765625
2019-04-13 14:00:00,99457.515625
2019-04-13 15:00:00,99567.359375
2019-04-13 16:00:00,99546.1796875
2019-04-13 17:00:00,99524.2578125
2019-04-13 18:00:00,99502.4375
2019-04-13 19:00:00,99403.0390625
2019-04-13 20:00:00,99304.375
2019-04-13 21:00:00,99205.078125
2019-04-13 22:00:00,99083.1953125
2019-04-13 23:00:00,98961.9609375
2019-04-14 00:00:00,98840.078125
2019-04-14 01:00:00,98838.6953125
2019-04-14 02:00:00,98837.7578125
2019-04-14 03:00:00,98836.71875
2019-04-14 04:00:00,98805.578125
2019-04-14 05:00:00,98774.9765625
2019-04-14 06:00:00,98744.4765625
2019-04-14 07:00:00,98581.1015625
2019-04-14 08:00:00,98417.6171875
2019-04-14 09:00:00,98254.78125
2019-04-14 10:00:00,98247.3359375
2019-04-14 11:00:00,98239.8984375
2019-04-14 12:00:00,98232.4609375
2019-04-14 13:00:00,98197.015625
2019-04-14 14:00:00,98160.8359375
2019-04-14 15:00:00,98124.5546875
2019-04-14 16:00:00,98148.9765625
2019-04-14 17:00:00,98173.3984375
2019-04-14 18:00:00,98197.8203125
2019-04-14 19:00:00,98301.515625
2019-04-14 20:00:00,98404.6796875
2019-04-14 21:00:00,98507.734375
2019-04-14 22:00:00,98480.1015625
2019-04-14 23:00:00,98451.9140625
2019-04-15 00:00:00,98424.28125
2019-04-15 01:00:00,98534
2019-04-15 02:00:00,98642.9765625
2019-04-15 03:00:00,98752.5
2019-04-15 04:00:00,98733.4375
2019-04-15 05:00:00,98715.015625
2019-04-15 06:00:00,98696.0546875
2019-04-15 07:00:00,98727.234375
2019-04-15 08:00:00,98758.4140625
2019-04-15 09:00:00,98788.9609375
2019-04-15 10:00:00,98770.859375
2019-04-15 11:00:00,98753.296875
2019-04-15 12:00:00,98735.1953125
2019-04-15 13:00:00,98827.0390625
2019-04-15 14:00:00,98918.875
2019-04-15 15:00:00,99010.6171875
2019-04-15 16:00:00,98978.515625
2019-04-15 17:00:00,98946.4140625
2019-04-15 18:00:00,98914.9609375
2019-04-15 19:00:00,98935.296875
2019-04-15 20:00:00,98956.28125
2019-04-15 21:00:00,98977.15625
2019-04-15 22:00:00,98830.0546875
2019-04-15 23:00:00,98682.9609375
2019-04-16 00:00:00,98535.21875
2019-04-16 01:00:00,98548.6015625
2019-04-16 02:00:00,98561.140625
2019-04-16 03:00:00,98574.21875
2019-04-16 04:00:00,98652.796875
2019-04-16 05:00:00,98731.4765625
2019-04-16 06:00:00,98810.0546875
2019-04-16 07:00:00,98742.4765625
2019-04-16 08:00:00,98674.2578125
2019-04-16 09:00:00,98606.6796875
2019-04-16 10:00:00,98625.2578125
2019-04-16 11:00:00,98643.9375
2019-04-16 12:00:00,98662.515625
2019-04-16 13:00:00,98663.015625
2019-04-16 14:00:00,98663.515625
2019-04-16 15:00:00,98664.015625
2019-04-16 16:00:00,98615.6171875
2019-04-16 17:00:00,98567.3203125
2019-04-16 18:00:00,98518.9140625
2019-04-16 19:00:00,98456.71875
2019-04-16 20:00:00,98394.515625
2019-04-16 21:00:00,98331.578125
2019-04-16 22:00:00,98316.6015625
2019-04-16 23:00:00,98301.515625
2019-04-17 00:00:00,98286.5390625
2019-04-17 01:00:00,98273.0546875
2019-04-17 02:00:00,98260.015625
2019-04-17 03:00:00,98247.515625
2019-04-17 04:00:00,98349.15625
2019-04-17 05:00:00,98450.6953125
2019-04-17 06:00:00,98552.875
2019-04-17 07:00:00,98510.6953125
2019-04-17 08:00:00,98468.515625
2019-04-17 09:00:00,98426.234375
2019-04-17 10:00:00,98340.140625
2019-04-17 11:00:00,98254.578125
2019-04-17 12:00:00,98168.4765625
2019-04-17 13:00:00,98139.578125
2019-04-17 14:00:00,98111.21875
2019-04-17 15:00:00,98082.1171875
2019-04-17 16:00:00,98066.796875
2019-04-17 17:00:00,98052.1171875
2019-04-17 18:00:00,98037.4375
2019-04-17 19:00:00,97985.1796875
2019-04-17 20:00:00,97932.8203125
2019-04-17 21:00:00,97880.4609375
2019-04-17 22:00:00,97810.71875
2019-04-17 23:00:00,97740.234375
2019-04-18 00:00:00,97670.3984375
2019-04-18 01:00:00,97658.859375
2019-04-18 02:00:00,97647.21875
2019-04-18 03:00:00,97636.015625
2019-04-18 04:00:00,97586.7578125
2019-04-18 05:00:00,97537.5
2019-04-18 06:00:00,97488.234375
2019-04-18 07:00:00,97601.2578125
2019-04-18 08:00:00,97714.8203125
2019-04-18 09:00:00,97827.734375
2019-04-18 10:00:00,97929.71875
2019-04-18 11:00:00,98031.6953125
2019-04-18 12:00:00,98134.3203125
2019-04-18 13:00:00,98116.140625
2019-04-18 14:00:00,98098.5
2019-04-18 15:00:00,98080.7578125
2019-04-18 16:00:00,98177.1015625
2019-04-18 17:00:00,98273.3359375
2019-04-18 18:00:00,98369.578125
2019-04-18 19:00:00,98301.375
2019-04-18 20:00:00,98233.1796875
2019-04-18 21:00:00,98164.9765625
2019-04-18 22:00:00,98239.6953125
2019-04-18 23:00:00,98314.4140625
2019-04-19 00:00:00,98389.140625
2019-04-19 01:00:00,98461.6015625
2019-04-19 02:00:00,98534.6015625
2019-04-19 03:00:00,98607.5
2019-04-19 04:00:00,98549.9765625
2019-04-19 05:00:00,98492.359375
2019-04-19 06:00:00,98434.734375
2019-04-19 07:00:00,98477.15625
2019-04-19 08:00:00,98520.21875
2019-04-19 09:00:00,98562.5390625
2019-04-19 10:00:00,98590.9765625
2019-04-19 11:00:00,98619.9609375
2019-04-19 12:00:00,98648.296875
2019-04-19 13:00:00,98750.9609375
2019-04-19 14:00:00,98852.9765625
2019-04-19 15:00:00,98955.4375
2019-04-19 16:00:00,98965.3359375
2019-04-19 17:00:00,98974.6015625
2019-04-19 18:00:00,98984.5
2019-04-19 19:00:00,98934.359375
2019-04-19 20:00:00,98884.21875
2019-04-19 21:00:00,98833.4453125
2019-04-19 22:00:00,98790.2109375
2019-04-19 23:00:00,98747.0546875
2019-04-20 00:00:00,98703.9140625
2019-04-20 01:00:00,98770.078125
2019-04-20 02:00:00,98836.0390625
2019-04-20 03:00:00,98902.4375
2019-04-20 04:00:00,98890.4765625
2019-04-20 05:00:00,98878.515625
2019-04-20 06:00:00,98867.1015625
2019-04-20 07:00:00,98794.5390625
2019-04-20 08:00:00,98721.9765625
2019-04-20 09:00:00,98649.4140625
2019-04-20 10:00:00,98784.2578125
2019-04-20 11:00:00,98919
2019-04-20 12:00:00,99053.8359375
2019-04-20 13:00:00,99009
2019-04-20 14:00:00,98963.9609375
2019-04-20 15:00:00,98918.8203125
2019-04-20 16:00:00,98920.1796875
2019-04-20 17:00:00,98921
2019-04-20 18:00:00,98921.8203125
2019-04-20 19:00:00,98980.5
2019-04-20 20:00:00,99039.28125
2019-04-20 21:00:00,99097.9609375
2019-04-20 22:00:00,98971.515625
2019-04-20 23:00:00,98844.3359375
2019-04-21 00:00:00,98717.8984375
2019-04-21 01:00:00,98721.3359375
2019-04-21 02:00:00,98725.3203125
2019-04-21 03:00:00,98728.4609375
2019-04-21 04:00:00,98773.359375
2019-04-21 05:00:00,98818.15625
2019-04-21 06:00:00,98863.0546875
2019-04-21 07:00:00,98806.2578125
2019-04-21 08:00:00,98749.4609375
2019-04-21 09:00:00,98692.65625
2019-04-21 10:00:00,98749.140625
2019-04-21 11:00:00,98805.515625
2019-04-21 12:00:00,98861.8984375
2019-04-21 13:00:00,98818.359375
2019-04-21 14:00:00,98774.71875
2019-04-21 15:00:00,98731.078125
2019-04-21 16:00:00,98755.3203125
2019-04-21 17:00:00,98779.4609375
2019-04-21 18:00:00,98803.6015625
2019-04-21 19:00:00,98809.9140625
2019-04-21 20:00:00,98816.234375
2019-04-21 21:00:00,98822.5546875
2019-04-21 22:00:00,98767
2019-04-21 23:00:00,98711.3359375
2019-04-22 00:00:00,98655.78125
2019-04-22 01:00:00,98707.3359375
2019-04-22 02:00:00,98758.6953125
2019-04-22 03:00:00,98810.5
2019-04-22 04:00:00,98820.796875
2019-04-22 05:00:00,98831.1015625
2019-04-22 06:00:00,98841.3984375
2019-04-22 07:00:00,98923.796875
2019-04-22 08:00:00,99006.1953125
2019-04-22 09:00:00,99088.5
2019-04-22 10:00:00,99064.0390625
2019-04-22 11:00:00,99040.1171875
2019-04-22 12:00:00,99015.5546875
2019-04-22 13:00:00,98989.78125
2019-04-22 14:00:00,98964.5390625
2019-04-22 15:00:00,98938.5546875
2019-04-22 16:00:00,98872.078125
2019-04-22 17:00:00,98805.5
2019-04-22 18:00:00,98738.9140625
2019-04-22 19:00:00,98783.2578125
2019-04-22 20:00:00,98826.9609375
2019-04-22 21:00:00,98871.296875
2019-04-22 22:00:00,98826.6015625
2019-04-22 23:00:00,98782.4375
2019-04-23 00:00:00,98738.375
2019-04-23 01:00:00,98779.640625
2019-04-23 02:00:00,98820.796875
2019-04-23 03:00:00,98862.5
2019-04-23 04:00:00,98893.71875
2019-04-23 05:00:00,98925.578125
2019-04-23 06:00:00,98957.5390625
2019-04-23 07:00:00,99013.078125
2019-04-23 08:00:00,99069.2578125
2019-04-23 09:00:00,99125.4375
2019-04-23 10:00:00,99138.78125
2019-04-23 11:00:00,99152.21875
2019-04-23 12:00:00,99165.5546875
2019-04-23 13:00:00,99126.359375
2019-04-23 14:00:00,99087.0546875
2019-04-23 15:00:00,99047.65625
2019-04-23 16:00:00,99132.1171875
2019-04-23 17:00:00,99216.4765625
2019-04-23 18:00:00,99300.8359375
2019-04-23 19:00:00,99268.0390625
2019-04-23 20:00:00,99235.875
2019-04-23 21:00:00,99203.078125
2019-04-23 22:00:00,99097.4375
2019-04-23 23:00:00,98991.15625
2019-04-24 00:00:00,98885.515625
2019-04-24 01:00:00,98839.71875
2019-04-24 02:00:00,98794.359375
2019-04-24 03:00:00,98748.796875
2019-04-24 04:00:00,98766.734375
2019-04-24 05:00:00,98784.78125
2019-04-24 06:00:00,98802.8203125
2019-04-24 07:00:00,98780.4375
2019-04-24 08:00:00,98757.4140625
2019-04-24 09:00:00,98734.296875
2019-04-24 10:00:00,98716.71875
2019-04-24 11:00:00,98698.5
2019-04-24 12:00:00,98680.28125
2019-04-24 13:00:00,98632.65625
2019-04-24 14:00:00,98585.578125
2019-04-24 15:00:00,98538.296875
2019-04-24 16:00:00,98558.4765625
2019-04-24 17:00:00,98577.9140625
2019-04-24 18:00:00,98598
2019-04-24 19:00:00,98549.375
2019-04-24 20:00:00,98500.65625
2019-04-24 21:00:00,98451.9375
2019-04-24 22:00:00,98450.15625
2019-04-24 23:00:00,98448.375
2019-04-25 00:00:00,98446.6015625
2019-04-25 01:00:00,98377.4140625
2019-04-25 02:00:00,98308.78125
2019-04-25 03:00:00,98239.9375
2019-04-25 04:00:00,98298.578125
2019-04-25 05:00:00,98357.21875
2019-04-25 06:00:00,98415.9609375
2019-04-25 07:00:00,98345.9140625
2019-04-25 08:00:00,98276.515625
2019-04-25 09:00:00,98206.578125
2019-04-25 10:00:00,98236.640625
2019-04-25 11:00:00,98266.796875
2019-04-25 12:00:00,98296.859375
2019-04-25 13:00:00,98280.4765625
2019-04-25 14:00:00,98263.359375
2019-04-25 15:00:00,98247.3203125
2019-04-25 16:00:00,98235.6796875
2019-04-25 17:00:00,98224.140625
2019-04-25 18:00:00,98213.140625
2019-04-25 19:00:00,98231.6953125
2019-04-25 20:00:00,98250.8984375
2019-04-25 21:00:00,98270.1015625
2019-04-25 22:00:00,98281.8203125
2019-04-25 23:00:00,98294.078125
2019-04-26 00:00:00,98306.3359375
2019-04-26 01:00:00,98439.4609375
2019-04-26 02:00:00,98572.9140625
2019-04-26 03:00:00,98706.9140625
2019-04-26 04:00:00,98727.6796875
2019-04-26 05:00:00,98749.078125
2019-04-26 06:00:00,98769.9375
2019-04-26 07:00:00,98813.6015625
2019-04-26 08:00:00,98858
2019-04-26 09:00:00,98902.296875
2019-04-26 10:00:00,98980.65625
2019-04-26 11:00:00,99058.9140625
2019-04-26 12:00:00,99137.9140625
2019-04-26 13:00:00,99137.2578125
2019-04-26 14:00:00,99136.5
2019-04-26 15:00:00,99136.28125
2019-04-26 16:00:00,99189.796875
2019-04-26 17:00:00,99243.21875
2019-04-26 18:00:00,99297.28125
2019-04-26 19:00:00,99299.640625
2019-04-26 20:00:00,99302.640625
2019-04-26 21:00:00,99305
2019-04-26 22:00:00,99221.78125
2019-04-26 23:00:00,99137.8203125
2019-04-27 00:00:00,99054.6015625
2019-04-27 01:00:00,99058.1015625
2019-04-27 02:00:00,99062.140625
2019-04-27 03:00:00,99065.5390625
2019-04-27 04:00:00,99029.8984375
2019-04-27 05:00:00,98994.2578125
2019-04-27 06:00:00,98958.6171875
2019-04-27 07:00:00,98840.4765625
2019-04-27 08:00:00,98722.3359375
2019-04-27 09:00:00,98604.1015625
2019-04-27 10:00:00,98573.015625
2019-04-27 11:00:00,98541.8359375
2019-04-27 12:00:00,98510.015625
2019-04-27 13:00:00,98409.1015625
2019-04-27 14:00:00,98308.71875
2019-04-27 15:00:00,98207.6015625
2019-04-27 16:00:00,98071.65625
2019-04-27 17:00:00,97935.71875
2019-04-27 18:00:00,97800.4140625
2019-04-27 19:00:00,97738.078125
2019-04-27 20:00:00,97676.28125
2019-04-27 21:00:00,97614.578125
2019-04-27 22:00:00,97809.7578125
2019-04-27 23:00:00,98004.3984375
2019-04-28 00:00:00,98199.578125
2019-04-28 01:00:00,98234.8203125
2019-04-28 02:00:00,98269.859375
2019-04-28 03:00:00,98305
2019-04-28 04:00:00,98522.515625
2019-04-28 05:00:00,98740.0390625
2019-04-28 06:00:00,98956.9140625
2019-04-28 07:00:00,98962.71875
2019-04-28 08:00:00,98968.515625
2019-04-28 09:00:00,98974.21875
2019-04-28 10:00:00,99067.65625
2019-04-28 11:00:00,99161.734375
2019-04-28 12:00:00,99255.078125
2019-04-28 13:00:00,99298.5
2019-04-28 14:00:00,99342.4609375
2019-04-28 15:00:00,99385.78125
2019-04-28 16:00:00,99352.859375
2019-04-28 17:00:00,99320.4765625
2019-04-28 18:00:00,99288.1953125
2019-04-28 19:00:00,99295.6015625
2019-04-28 20:00:00,99303
2019-04-28 21:00:00,99310.3984375
2019-04-28 22:00:00,99214.78125
2019-04-28 23:00:00,99118.515625
2019-04-29 00:00:00,99022.8984375
2019-04-29 01:00:00,99003.5546875
2019-04-29 02:00:00,98984.859375
2019-04-29 03:00:00,98965.4140625
2019-04-29 04:00:00,98963.015625
2019-04-29 05:00:00,98961.2578125
2019-04-29 06:00:00,98959.3984375
2019-04-29 07:00:00,98875.3203125
2019-04-29 08:00:00,98791.78125
2019-04-29 09:00:00,98708.3359375
2019-04-29 10:00:00,98687.1171875
2019-04-29 11:00:00,98665.796875
2019-04-29 12:00:00,98644.578125
2019-04-29 13:00:00,98679.71875
2019-04-29 14:00:00,98714.9609375
2019-04-29 15:00:00,98750
2019-04-29 16:00:00,98840.65625
2019-04-29 17:00:00,98931.9609375
2019-04-29 18:00:00,99023.2578125
2019-04-29 19:00:00,98979.296875
2019-04-29 20:00:00,98935.3359375
2019-04-29 21:00:00,98891.375
2019-04-29 22:00:00,99010.5390625
2019-04-29 23:00:00,99129.0546875
2019-04-30 00:00:00,99248.1171875
2019-04-30 01:00:00,99216.078125
2019-04-30 02:00:00,99184.6796875
2019-04-30 03:00:00,99153.078125
2019-04-30 04:00:00,99223.5546875
2019-04-30 05:00:00,99293.3984375
2019-04-30 06:00:00,99363.875
2019-04-30 07:00:00,99305.5390625
2019-04-30 08:00:00,99246.65625
2019-04-30 09:00:00,99188.3203125
2019-04-30 10:00:00,99148.296875
2019-04-30 11:00:00,99107.734375
2019-04-30 12:00:00,99067.71875
2019-04-30 13:00:00,99081.5390625
2019-04-30 14:00:00,99095.8984375
2019-04-30 15:00:00,99110.15625
2019-04-30 16:00:00,99105.296875
2019-04-30 17:00:00,99100.9765625
2019-04-30 18:00:00,99096.5546875
2019-04-30 19:00:00,99012.375
2019-04-30 20:00:00,98928.8359375
2019-04-30 21:00:00,98844.65625
2019-04-30 22:00:00,98774.78125
2019-04-30 23:00:00,98704.359375
2019-05-01 00:00:00,98633.9375
2019-05-01 01:00:00,98565.6953125
2019-05-01 02:00:00,98496.8203125
2019-05-01 03:00:00,98427.8359375
2019-05-01 04:00:00,98407.859375
2019-05-01 05:00:00,98388.4140625
2019-05-01 06:00:00,98368.3359375
2019-05-01 07:00:00,98372.1015625
2019-05-01 08:00:00,98376.6015625
2019-05-01 09:00:00,98380.4609375
2019-05-01 10:00:00,98483.28125
2019-05-01 11:00:00,98585.5546875
2019-05-01 12:00:00,98688.4765625
2019-05-01 13:00:00,98733.3203125
2019-05-01 14:00:00,98778.6953125
2019-05-01 15:00:00,98824.1796875
2019-05-01 16:00:00,98841.578125
2019-05-01 17:00:00,98858.9765625
2019-05-01 18:00:00,98876.28125
2019-05-01 19:00:00,98857.6796875
2019-05-01 20:00:00,98839.6171875
2019-05-01 21:00:00,98821.015625
2019-05-01 22:00:00,98815.2578125
2019-05-01 23:00:00,98809.6015625
2019-05-02 00:00:00,98804.4765625
2019-05-02 01:00:00,98818.1015625
2019-05-02 02:00:00,98832.8984375
2019-05-02 03:00:00,98846.9609375
2019-05-02 04:00:00,98880
2019-05-02 05:00:00,98914.21875
2019-05-02 06:00:00,98947.8984375
2019-05-02 07:00:00,98898.875
2019-05-02 08:00:00,98849.859375
2019-05-02 09:00:00,98800.8359375
2019-05-02 10:00:00,98886.8984375
2019-05-02 11:00:00,98972.4140625
2019-05-02 12:00:00,99057.8359375
2019-05-02 13:00:00,99111.578125
2019-05-02 14:00:00,99164.6796875
2019-05-02 15:00:00,99218.21875
2019-05-02 16:00:00,99215.8359375
2019-05-02 17:00:00,99213.5546875
2019-05-02 18:00:00,99211.71875
2019-05-02 19:00:00,99205.8359375
2019-05-02 20:00:00,99199.859375
2019-05-02 21:00:00,99193.9765625
2019-05-02 22:00:00,99155.296875
2019-05-02 23:00:00,99116.71875
2019-05-03 00:00:00,99078.0390625
2019-05-03 01:00:00,99041.359375
2019-05-03 02:00:00,99005.65625
2019-05-03 03:00:00,98969.1171875
2019-05-03 04:00:00,99004.6953125
2019-05-03 05:00:00,99039.5390625
2019-05-03 06:00:00,99075.1171875
2019-05-03 07:00:00,99086.71875
2019-05-03 08:00:00,99098.4140625
2019-05-03 09:00:00,99110.015625
2019-05-03 10:00:00,99116.859375
2019-05-03 11:00:00,99123.0546875
2019-05-03 12:00:00,99129.8984375
2019-05-03 13:00:00,99103.375
2019-05-03 14:00:00,99076.7578125
2019-05-03 15:00:00,99049.8359375
2019-05-03 16:00:00,99057.515625
2019-05-03 17:00:00,99065.1015625
2019-05-03 18:00:00,99073.4140625
2019-05-03 19:00:00,99068.015625
2019-05-03 20:00:00,99063.15625
2019-05-03 21:00:00,99058.296875
2019-05-03 22:00:00,99027.2578125
2019-05-03 23:00:00,98995.4765625
2019-05-04 00:00:00,98964.4375
2019-05-04 01:00:00,98953
2019-05-04 02:00:00,98941.359375
2019-05-04 03:00:00,98930.15625
2019-05-04 04:00:00,98904.015625
2019-05-04 05:00:00,98877.875
2019-05-04 06:00:00,98851.734375
2019-05-04 07:00:00,98934.9140625
2019-05-04 08:00:00,99018.1953125
2019-05-04 09:00:00,99101.375
2019-05-04 10:00:00,99052.4375
2019-05-04 11:00:00,99004.0390625
2019-05-04 12:00:00,98955.734375
2019-05-04 13:00:00,99032.140625
2019-05-04 14:00:00,99108.9765625
2019-05-04 15:00:00,99185.71875
2019-05-04 16:00:00,99074.796875
2019-05-04 17:00:00,98963.875
2019-05-04 18:00:00,98852.9609375
2019-05-04 19:00:00,98857.78125
2019-05-04 20:00:00,98863.140625
2019-05-04 21:00:00,98867.9609375
2019-05-04 22:00:00,98759.9765625
2019-05-04 23:00:00,98652.1015625
2019-05-05 00:00:00,98544.7578125
2019-05-05 01:00:00,98582.640625
2019-05-05 02:00:00,98620.3203125
2019-05-05 03:00:00,98658.4375
2019-05-05 04:00:00,98659.0390625
2019-05-05 05:00:00,98659.640625
2019-05-05 06:00:00,98660.234375
2019-05-05 07:00:00,98623.6953125
2019-05-05 08:00:00,98587.2578125
2019-05-05 09:00:00,98550.71875
2019-05-05 10:00:00,98592.4140625
2019-05-05 11:00:00,98634.015625
2019-05-05 12:00:00,98675.6171875
2019-05-05 13:00:00,98654.640625
2019-05-05 14:00:00,98633.65625
2019-05-05 15:00:00,98612.4765625
2019-05-05 16:00:00,98639.4609375
2019-05-05 17:00:00,98666.4375
2019-05-05 18:00:00,98693.3203125
2019-05-05 19:00:00,98681.9609375
2019-05-05 20:00:00,98670.5
2019-05-05 21:00:00,98659.0390625
2019-05-05 22:00:00,98585.6953125
2019-05-05 23:00:00,98512.359375
2019-05-06 00:00:00,98439.015625
2019-05-06 01:00:00,98513.8984375
2019-05-06 02:00:00,98589.21875
2019-05-06 03:00:00,98663.8984375
2019-05-06 04:00:00,98718.296875
2019-05-06 05:00:00,98773.3359375
2019-05-06 06:00:00,98827.734375
2019-05-06 07:00:00,98837
2019-05-06 08:00:00,98847
2019-05-06 09:00:00,98856.2578125
2019-05-06 10:00:00,98879.6796875
2019-05-06 11:00:00,98903.1015625
2019-05-06 12:00:00,98925.875
2019-05-06 13:00:00,99010.2578125
2019-05-06 14:00:00,99095.078125
2019-05-06 15:00:00,99179.6953125
2019-05-06 16:00:00,99103.1171875
2019-05-06 17:00:00,99027.1796875
2019-05-06 18:00:00,98950.5
2019-05-06 19:00:00,98967.1953125
2019-05-06 20:00:00,98983.8984375
2019-05-06 21:00:00,99000.6015625
2019-05-06 22:00:00,98978.0390625
2019-05-06 23:00:00,98955.578125
2019-05-07 00:00:00,98933.015625
2019-05-07 01:00:00,98974.0390625
2019-05-07 02:00:00,99014.859375
2019-05-07 03:00:00,99056.21875
2019-05-07 04:00:00,99010.8203125
2019-05-07 05:00:00,98965.515625
2019-05-07 06:00:00,98920.1171875
2019-05-07 07:00:00,98977.9765625
2019-05-07 08:00:00,99036.4765625
2019-05-07 09:00:00,99094.3359375
2019-05-07 10:00:00,99102.9765625
2019-05-07 11:00:00,99111.6171875
2019-05-07 12:00:00,99120.8984375
2019-05-07 13:00:00,99185.375
2019-05-07 14:00:00,99250.296875
2019-05-07 15:00:00,99315.21875
2019-05-07 16:00:00,99310.3984375
2019-05-07 17:00:00,99306.21875
2019-05-07 18:00:00,99301.3984375
2019-05-07 19:00:00,99231.0390625
2019-05-07 20:00:00,99160.578125
2019-05-07 21:00:00,99090.21875
2019-05-07 22:00:00,99072.6171875
2019-05-07 23:00:00,99055.5546875
2019-05-08 00:00:00,99038.5
2019-05-08 01:00:00,98966.4765625
2019-05-08 02:00:00,98895.5390625
2019-05-08 03:00:00,98823.9609375
2019-05-08 04:00:00,98831.9609375
2019-05-08 05:00:00,98840.6015625
2019-05-08 06:00:00,98848.6015625
2019-05-08 07:00:00,98724
2019-05-08 08:00:00,98598.7578125
2019-05-08 09:00:00,98474.15625
2019-05-08 10:00:00,98411.15625
2019-05-08 11:00:00,98348.796875
2019-05-08 12:00:00,98286.3359375
2019-05-08 13:00:00,98231.4375
2019-05-08 14:00:00,98177.078125
2019-05-08 15:00:00,98121.9765625
2019-05-08 16:00:00,98110.015625
2019-05-08 17:00:00,98098.6015625
2019-05-08 18:00:00,98086.640625
2019-05-08 19:00:00,98010.6171875
2019-05-08 20:00:00,97934.6953125
2019-05-08 21:00:00,97858.0390625
2019-05-08 22:00:00,97891.4140625
2019-05-08 23:00:00,97924.2578125
2019-05-09 00:00:00,97957.640625
2019-05-09 01:00:00,97956.15625
2019-05-09 02:00:00,97954.375
2019-05-09 03:00:00,97952.734375
2019-05-09 04:00:00,98018.7578125
2019-05-09 05:00:00,98084.78125
2019-05-09 06:00:00,98150.796875
2019-05-09 07:00:00,98123.65625
2019-05-09 08:00:00,98096.515625
2019-05-09 09:00:00,98069.28125
2019-05-09 10:00:00,98102.4140625
2019-05-09 11:00:00,98136.1015625
2019-05-09 12:00:00,98169.234375
2019-05-09 13:00:00,98295.1953125
2019-05-09 14:00:00,98420.515625
2019-05-09 15:00:00,98546.375
2019-05-09 16:00:00,98598.5390625
2019-05-09 17:00:00,98650.6015625
2019-05-09 18:00:00,98702.1171875
2019-05-09 19:00:00,98718.6015625
2019-05-09 20:00:00,98734.9765625
2019-05-09 21:00:00,98751.4609375
2019-05-09 22:00:00,98783.578125
2019-05-09 23:00:00,98816.4375
2019-05-10 00:00:00,98849.1953125
2019-05-10 01:00:00,98850.5
2019-05-10 02:00:00,98851.796875
2019-05-10 03:00:00,98853
2019-05-10 04:00:00,98998.4140625
2019-05-10 05:00:00,99144.4765625
2019-05-10 06:00:00,99289.796875
2019-05-10 07:00:00,99312.234375
2019-05-10 08:00:00,99334.578125
2019-05-10 09:00:00,99356.9140625
2019-05-10 10:00:00,99412.1171875
2019-05-10 11:00:00,99467.3203125
2019-05-10 12:00:00,99522.515625
2019-05-10 13:00:00,99543.9140625
2019-05-10 14:00:00,99565.859375
2019-05-10 15:00:00,99587.796875
2019-05-10 16:00:00,99599.6953125
2019-05-10 17:00:00,99612.234375
2019-05-10 18:00:00,99624.140625
2019-05-10 19:00:00,99583.1015625
2019-05-10 20:00:00,99541.4140625
2019-05-10 21:00:00,99500.375
2019-05-10 22:00:00,99405.71875
2019-05-10 23:00:00,99311.6953125
2019-05-11 00:00:00,99217.6796875
2019-05-11 01:00:00,99257.6953125
2019-05-11 02:00:00,99298.2578125
2019-05-11 03:00:00,99338.8203125
2019-05-11 04:00:00,99371.6796875
2019-05-11 05:00:00,99404.5390625
2019-05-11 06:00:00,99437.296875
2019-05-11 07:00:00,99406.3203125
2019-05-11 08:00:00,99375.875
2019-05-11 09:00:00,99345.3359375
2019-05-11 10:00:00,99302.5
2019-05-11 11:00:00,99259.5546875
2019-05-11 12:00:00,99216.71875
2019-05-11 13:00:00,99184.015625
2019-05-11 14:00:00,99151.3203125
2019-05-11 15:00:00,99119.0546875
2019-05-11 16:00:00,99023.4375
2019-05-11 17:00:00,98927.8203125
2019-05-11 18:00:00,98832.8359375
2019-05-11 19:00:00,98851.140625
2019-05-11 20:00:00,98869.9765625
2019-05-11 21:00:00,98888.1796875
2019-05-11 22:00:00,98792.296875
2019-05-11 23:00:00,98696.3203125
2019-05-12 00:00:00,98600.9765625
2019-05-12 01:00:00,98585.0390625
2019-05-12 02:00:00,98569
2019-05-12 03:00:00,98553.3984375
2019-05-12 04:00:00,98558.9375
2019-05-12 05:00:00,98565.1171875
2019-05-12 06:00:00,98571.296875
2019-05-12 07:00:00,98564.078125
2019-05-12 08:00:00,98557.6015625
2019-05-12 09:00:00,98550.4765625
2019-05-12 10:00:00,98575.6953125
2019-05-12 11:00:00,98601.65625
2019-05-12 12:00:00,98626.9765625
2019-05-12 13:00:00,98585.5546875
2019-05-12 14:00:00,98544.6796875
2019-05-12 15:00:00,98502.9609375
2019-05-12 16:00:00,98496.375
2019-05-12 17:00:00,98489.0546875
2019-05-12 18:00:00,98482.375
2019-05-12 19:00:00,98476.1015625
2019-05-12 20:00:00,98469.9140625
2019-05-12 21:00:00,98463.640625
2019-05-12 22:00:00,98451
2019-05-12 23:00:00,98438.8984375
2019-05-13 00:00:00,98426.2578125
2019-05-13 01:00:00,98468.1015625
2019-05-13 02:00:00,98509.8359375
2019-05-13 03:00:00,98551.375
2019-05-13 04:00:00,98596.1015625
2019-05-13 05:00:00,98641.359375
2019-05-13 06:00:00,98686.71875
2019-05-13 07:00:00,98684.875
2019-05-13 08:00:00,98683.0390625
2019-05-13 09:00:00,98681.1953125
2019-05-13 10:00:00,98762.859375
2019-05-13 11:00:00,98844.515625
2019-05-13 12:00:00,98926.1796875
2019-05-13 13:00:00,98962.3359375
2019-05-13 14:00:00,98998.9375
2019-05-13 15:00:00,99035.3359375
2019-05-13 16:00:00,99018.2578125
2019-05-13 17:00:00,99001.8203125
2019-05-13 18:00:00,98984.734375
2019-05-13 19:00:00,99027.8984375
2019-05-13 20:00:00,99071.6953125
2019-05-13 21:00:00,99114.859375
2019-05-13 22:00:00,99024.78125
2019-05-13 23:00:00,98934.0546875
2019-05-14 00:00:00,98843.9765625
2019-05-14 01:00:00,98847.0546875
2019-05-14 02:00:00,98850.578125
2019-05-14 03:00:00,98854.4375
2019-05-14 04:00:00,98950.734375
2019-05-14 05:00:00,99046.9375
2019-05-14 06:00:00,99143.234375
2019-05-14 07:00:00,99097.4140625
2019-05-14 08:00:00,99052.140625
2019-05-14 09:00:00,99006.9609375
2019-05-14 10:00:00,99040.9375
2019-05-14 11:00:00,99074.9140625
2019-05-14 12:00:00,99108.2578125
2019-05-14 13:00:00,99083.9609375
2019-05-14 14:00:00,99059.359375
2019-05-14 15:00:00,99035.1953125
2019-05-14 16:00:00,99031.515625
2019-05-14 17:00:00,99027.1953125
2019-05-14 18:00:00,99023.515625
2019-05-14 19:00:00,99021.5
2019-05-14 20:00:00,99019.5859375
2019-05-14 21:00:00,99018.1953125
2019-05-14 22:00:00,98898.078125
2019-05-14 23:00:00,98777.9609375
2019-05-15 00:00:00,98657.8515625
2019-05-15 01:00:00,98670.9140625
2019-05-15 02:00:00,98683.2578125
2019-05-15 03:00:00,98696.0390625
2019-05-15 04:00:00,98686.015625
2019-05-15 05:00:00,98676.1015625
2019-05-15 06:00:00,98666.71875
2019-05-15 07:00:00,98629.859375
2019-05-15 08:00:00,98593.5390625
2019-05-15 09:00:00,98557.3203125
2019-05-15 10:00:00,98640.1953125
2019-05-15 11:00:00,98722.3359375
2019-05-15 12:00:00,98804.578125
2019-05-15 13:00:00,98724.109375
2019-05-15 14:00:00,98644.15625
2019-05-15 15:00:00,98563.9296875
2019-05-15 16:00:00,98701.4609375
2019-05-15 17:00:00,98839.640625
2019-05-15 18:00:00,98977.71875
2019-05-15 19:00:00,98866.8203125
2019-05-15 20:00:00,98755.28125
2019-05-15 21:00:00,98644.28125
2019-05-15 22:00:00,98683.8203125
2019-05-15 23:00:00,98723.4609375
2019-05-16 00:00:00,98762.8984375
2019-05-16 01:00:00,98723.859375
2019-05-16 02:00:00,98684.71875
2019-05-16 03:00:00,98646.015625
2019-05-16 04:00:00,98717.578125
2019-05-16 05:00:00,98789.234375
2019-05-16 06:00:00,98860.6953125
2019-05-16 07:00:00,98816.1953125
2019-05-16 08:00:00,98771.6015625
2019-05-16 09:00:00,98727
2019-05-16 10:00:00,98678
2019-05-16 11:00:00,98628.5
2019-05-16 12:00:00,98579.3984375
2019-05-16 13:00:00,98525.1015625
2019-05-16 14:00:00,98470.15625
2019-05-16 15:00:00,98415.859375
2019-05-16 16:00:00,98435.15625
2019-05-16 17:00:00,98454.6171875
2019-05-16 18:00:00,98474.71875
2019-05-16 19:00:00,98487.1953125
2019-05-16 20:00:00,98500.21875
2019-05-16 21:00:00,98513.234375
2019-05-16 22:00:00,98471.15625
2019-05-16 23:00:00,98428.4375
2019-05-17 00:00:00,98386.2578125
2019-05-17 01:00:00,98289.875
2019-05-17 02:00:00,98193.296875
2019-05-17 03:00:00,98096.6171875
2019-05-17 04:00:00,98186.8359375
2019-05-17 05:00:00,98276.9609375
2019-05-17 06:00:00,98366.5390625
2019-05-17 07:00:00,98367.875
2019-05-17 08:00:00,98368.578125
2019-05-17 09:00:00,98369.9140625
2019-05-17 10:00:00,98382.1171875
2019-05-17 11:00:00,98395.0546875
2019-05-17 12:00:00,98408
2019-05-17 13:00:00,98441.1015625
2019-05-17 14:00:00,98474.8359375
2019-05-17 15:00:00,98508.578125
2019-05-17 16:00:00,98518
2019-05-17 17:00:00,98527.3203125
2019-05-17 18:00:00,98536.734375
2019-05-17 19:00:00,98477.2578125
2019-05-17 20:00:00,98417.78125
2019-05-17 21:00:00,98358.296875
2019-05-17 22:00:00,98328.3359375
2019-05-17 23:00:00,98299.1171875
2019-05-18 00:00:00,98269.8984375
2019-05-18 01:00:00,98198.859375
2019-05-18 02:00:00,98127.8203125
2019-05-18 03:00:00,98056.6796875
2019-05-18 04:00:00,98063.4609375
2019-05-18 05:00:00,98070.140625
2019-05-18 06:00:00,98076.9140625
2019-05-18 07:00:00,98128.078125
2019-05-18 08:00:00,98178.6953125
2019-05-18 09:00:00,98229.859375
2019-05-18 10:00:00,98227.1796875
2019-05-18 11:00:00,98224.5
2019-05-18 12:00:00,98221.8203125
2019-05-18 13:00:00,98245.140625
2019-05-18 14:00:00,98268.8984375
2019-05-18 15:00:00,98292.015625
2019-05-18 16:00:00,98249.859375
2019-05-18 17:00:00,98208.3359375
2019-05-18 18:00:00,98166.71875
2019-05-18 19:00:00,98184.71875
2019-05-18 20:00:00,98202.71875
2019-05-18 21:00:00,98221.359375
2019-05-18 22:00:00,98085.515625
2019-05-18 23:00:00,97950.21875
2019-05-19 00:00:00,97814.9140625
2019-05-19 01:00:00,97802.234375
2019-05-19 02:00:00,97789.4609375
2019-05-19 03:00:00,97776.578125
2019-05-19 04:00:00,97730.0546875
2019-05-19 05:00:00,97683.640625
2019-05-19 06:00:00,97637.7578125
2019-05-19 07:00:00,97750.515625
2019-05-19 08:00:00,97863.8203125
2019-05-19 09:00:00,97977.21875
2019-05-19 10:00:00,97968.6171875
2019-05-19 11:00:00,97959.9140625
2019-05-19 12:00:00,97951.21875
2019-05-19 13:00:00,97962.734375
2019-05-19 14:00:00,97974.2578125
2019-05-19 15:00:00,97985.578125
2019-05-19 16:00:00,98089.28125
2019-05-19 17:00:00,98192.234375
2019-05-19 18:00:00,98295.296875
2019-05-19 19:00:00,98341.65625
2019-05-19 20:00:00,98387.4765625
2019-05-19 21:00:00,98433.1953125
2019-05-19 22:00:00,98478.734375
2019-05-19 23:00:00,98523.734375
2019-05-20 00:00:00,98568.640625
2019-05-20 01:00:00,98582.4609375
2019-05-20 02:00:00,98596.28125
2019-05-20 03:00:00,98610
2019-05-20 04:00:00,98776.9609375
2019-05-20 05:00:00,98943.9140625
2019-05-20 06:00:00,99110.78125
2019-05-20 07:00:00,99126
2019-05-20 08:00:00,99141.859375
2019-05-20 09:00:00,99157.078125
2019-05-20 10:00:00,99242.3203125
2019-05-20 11:00:00,99327.4609375
2019-05-20 12:00:00,99412.6953125
2019-05-20 13:00:00,99439
2019-05-20 14:00:00,99464.65625
2019-05-20 15:00:00,99490.9609375
2019-05-20 16:00:00,99447.0390625
2019-05-20 17:00:00,99403.7578125
2019-05-20 18:00:00,99360.375
2019-05-20 19:00:00,99263.4375
2019-05-20 20:00:00,99166.3984375
2019-05-20 21:00:00,99069.359375
2019-05-20 22:00:00,99050
2019-05-20 23:00:00,99030.1015625
2019-05-21 00:00:00,99010.1953125
2019-05-21 01:00:00,98969.4609375
2019-05-21 02:00:00,98928.515625
2019-05-21 03:00:00,98888.015625
2019-05-21 04:00:00,98902.359375
2019-05-21 05:00:00,98916.6953125
2019-05-21 06:00:00,98931.0390625
2019-05-21 07:00:00,98874.140625
2019-05-21 08:00:00,98817.140625
2019-05-21 09:00:00,98760.234375
2019-05-21 10:00:00,98599.8359375
2019-05-21 11:00:00,98439.3359375
2019-05-21 12:00:00,98279.578125
2019-05-21 13:00:00,98236.515625
2019-05-21 14:00:00,98193.4609375
2019-05-21 15:00:00,98150.8359375
2019-05-21 16:00:00,98024.28125
2019-05-21 17:00:00,97897.71875
2019-05-21 18:00:00,97771.6953125
2019-05-21 19:00:00,97682.3984375
2019-05-21 20:00:00,97593.8359375
2019-05-21 21:00:00,97505.1796875
2019-05-21 22:00:00,97541.7578125
2019-05-21 23:00:00,97577.6953125
2019-05-22 00:00:00,97614.28125
2019-05-22 01:00:00,97573.21875
2019-05-22 02:00:00,97532.15625
2019-05-22 03:00:00,97491.640625
2019-05-22 04:00:00,97643.71875
2019-05-22 05:00:00,97796.4375
2019-05-22 06:00:00,97949.15625
2019-05-22 07:00:00,97923.875
2019-05-22 08:00:00,97898.6015625
2019-05-22 09:00:00,97873.21875
2019-05-22 10:00:00,97933.9375
2019-05-22 11:00:00,97995.296875
2019-05-22 12:00:00,98056.65625
2019-05-22 13:00:00,98115.9765625
2019-05-22 14:00:00,98175.8359375
2019-05-22 15:00:00,98235.6015625
2019-05-22 16:00:00,98279.8359375
2019-05-22 17:00:00,98324.71875
2019-05-22 18:00:00,98369.6015625
2019-05-22 19:00:00,98391.6015625
2019-05-22 20:00:00,98414.3359375
2019-05-22 21:00:00,98436.9765625
2019-05-22 22:00:00,98403.015625
2019-05-22 23:00:00,98368.3203125
2019-05-23 00:00:00,98333.71875
2019-05-23 01:00:00,98393.9375
2019-05-23 02:00:00,98454.2578125
2019-05-23 03:00:00,98514.4765625
2019-05-23 04:00:00,98624.65625
2019-05-23 05:00:00,98734.296875
2019-05-23 06:00:00,98845.1171875
2019-05-23 07:00:00,98889.7578125
2019-05-23 08:00:00,98934.3984375
2019-05-23 09:00:00,98979.6796875
2019-05-23 10:00:00,99081.6796875
2019-05-23 11:00:00,99184.21875
2019-05-23 12:00:00,99286.1171875
2019-05-23 13:00:00,99305.8203125
2019-05-23 14:00:00,99326.15625
2019-05-23 15:00:00,99346.5
2019-05-23 16:00:00,99327.8203125
2019-05-23 17:00:00,99309.6796875
2019-05-23 18:00:00,99291.640625
2019-05-23 19:00:00,99208.515625
2019-05-23 20:00:00,99125.296875
2019-05-23 21:00:00,99042.1796875
2019-05-23 22:00:00,99014.6953125
2019-05-23 23:00:00,98987.7578125
2019-05-24 00:00:00,98960.1796875
2019-05-24 01:00:00,98938.0546875
2019-05-24 02:00:00,98916.578125
2019-05-24 03:00:00,98894.359375
2019-05-24 04:00:00,98873.1015625
2019-05-24 05:00:00,98851.8359375
2019-05-24 06:00:00,98830.4765625
2019-05-24 07:00:00,98892.6796875
2019-05-24 08:00:00,98954.9765625
2019-05-24 09:00:00,99017.1796875
2019-05-24 10:00:00,99020.4765625
2019-05-24 11:00:00,99024.4140625
2019-05-24 12:00:00,99027.71875
2019-05-24 13:00:00,99098.296875
2019-05-24 14:00:00,99168.6796875
2019-05-24 15:00:00,99239.6015625
2019-05-24 16:00:00,99268.234375
2019-05-24 17:00:00,99296.875
2019-05-24 18:00:00,99325.4140625
2019-05-24 19:00:00,99191.4765625
2019-05-24 20:00:00,99056.8984375
2019-05-24 21:00:00,98922.859375
2019-05-24 22:00:00,98884.15625
2019-05-24 23:00:00,98846.1015625
2019-05-25 00:00:00,98808.0390625
2019-05-25 01:00:00,98746.78125
2019-05-25 02:00:00,98685.9609375
2019-05-25 03:00:00,98624.9375
2019-05-25 04:00:00,98715.234375
2019-05-25 05:00:00,98805.4375
2019-05-25 06:00:00,98895.734375
2019-05-25 07:00:00,98831.28125
2019-05-25 08:00:00,98766.8203125
2019-05-25 09:00:00,98702.4609375
2019-05-25 10:00:00,98784.4140625
2019-05-25 11:00:00,98866.375
2019-05-25 12:00:00,98948.3359375
2019-05-25 13:00:00,98945.6015625
2019-05-25 14:00:00,98942.7578125
2019-05-25 15:00:00,98939.71875
2019-05-25 16:00:00,99004.6953125
2019-05-25 17:00:00,99069.4765625
2019-05-25 18:00:00,99133.71875
2019-05-25 19:00:00,99047.0546875
2019-05-25 20:00:00,98959.859375
2019-05-25 21:00:00,98872.5546875
2019-05-25 22:00:00,98889.6015625
2019-05-25 23:00:00,98906
2019-05-26 00:00:00,98922.5
2019-05-26 01:00:00,98905.140625
2019-05-26 02:00:00,98887.6796875
2019-05-26 03:00:00,98870.1171875
2019-05-26 04:00:00,98952.78125
2019-05-26 05:00:00,99034.796875
2019-05-26 06:00:00,99116.8203125
2019-05-26 07:00:00,99076.3359375
2019-05-26 08:00:00,99035.859375
2019-05-26 09:00:00,98995.375
2019-05-26 10:00:00,99015.0390625
2019-05-26 11:00:00,99034.6953125
2019-05-26 12:00:00,99054.2578125
2019-05-26 13:00:00,99118.296875
2019-05-26 14:00:00,99182.5
2019-05-26 15:00:00,99246.5390625
2019-05-26 16:00:00,99265.78125
2019-05-26 17:00:00,99284.7578125
2019-05-26 18:00:00,99303.78125
2019-05-26 19:00:00,99281.4140625
2019-05-26 20:00:00,99259.6953125
2019-05-26 21:00:00,99237.9765625
2019-05-26 22:00:00,99169.578125
2019-05-26 23:00:00,99101.28125
2019-05-27 00:00:00,99032.9765625
2019-05-27 01:00:00,99019.4140625
2019-05-27 02:00:00,99005.1171875
2019-05-27 03:00:00,98991.2578125
2019-05-27 04:00:00,98991.3984375
2019-05-27 05:00:00,98992.078125
2019-05-27 06:00:00,98992.21875
2019-05-27 07:00:00,98868.796875
2019-05-27 08:00:00,98744.734375
2019-05-27 09:00:00,98620.78125
2019-05-27 10:00:00,98663.296875
2019-05-27 11:00:00,98705.078125
2019-05-27 12:00:00,98746.9609375
2019-05-27 13:00:00,98724.1171875
2019-05-27 14:00:00,98701.28125
2019-05-27 15:00:00,98677.796875
2019-05-27 16:00:00,98621.78125
2019-05-27 17:00:00,98565.015625
2019-05-27 18:00:00,98508.2578125
2019-05-27 19:00:00,98418.515625
2019-05-27 20:00:00,98328.78125
2019-05-27 21:00:00,98238.9375
2019-05-27 22:00:00,98238.296875
2019-05-27 23:00:00,98238.296875
2019-05-28 00:00:00,98237.65625
2019-05-28 01:00:00,98157.859375
2019-05-28 02:00:00,98077.4140625
2019-05-28 03:00:00,97997.4140625
2019-05-28 04:00:00,98062.21875
2019-05-28 05:00:00,98126.9140625
2019-05-28 06:00:00,98191.078125
2019-05-28 07:00:00,98112.9765625
2019-05-28 08:00:00,98034.3359375
2019-05-28 09:00:00,97955.6015625
2019-05-28 10:00:00,97982.734375
2019-05-28 11:00:00,98009.234375
2019-05-28 12:00:00,98036.375
2019-05-28 13:00:00,97991.6015625
2019-05-28 14:00:00,97946.6171875
2019-05-28 15:00:00,97902.28125
2019-05-28 16:00:00,97967.4609375
2019-05-28 17:00:00,98032.734375
2019-05-28 18:00:00,98097.9140625
2019-05-28 19:00:00,97992.5
2019-05-28 20:00:00,97887.8203125
2019-05-28 21:00:00,97782.3984375
2019-05-28 22:00:00,97771.8359375
2019-05-28 23:00:00,97761.28125
2019-05-29 00:00:00,97750.71875
2019-05-29 01:00:00,97737.734375
2019-05-29 02:00:00,97724.65625
2019-05-29 03:00:00,97711.375
2019-05-29 04:00:00,97792.078125
2019-05-29 05:00:00,97872.0390625
2019-05-29 06:00:00,97952.734375
2019-05-29 07:00:00,97917.4609375
2019-05-29 08:00:00,97882.1796875
2019-05-29 09:00:00,97846.8984375
2019-05-29 10:00:00,97869.9375
2019-05-29 11:00:00,97892.3359375
2019-05-29 12:00:00,97915.28125
2019-05-29 13:00:00,97981.78125
2019-05-29 14:00:00,98048.1796875
2019-05-29 15:00:00,98115.015625
2019-05-29 16:00:00,98073
2019-05-29 17:00:00,98031.6171875
2019-05-29 18:00:00,97989.6015625
2019-05-29 19:00:00,98052.4609375
2019-05-29 20:00:00,98115.21875
2019-05-29 21:00:00,98178.1796875
2019-05-29 22:00:00,98115.234375
2019-05-29 23:00:00,98052.9375
2019-05-30 00:00:00,97990
2019-05-30 01:00:00,98058.140625
2019-05-30 02:00:00,98126.1796875
2019-05-30 03:00:00,98194.21875
2019-05-30 04:00:00,98255.9375
2019-05-30 05:00:00,98316.9140625
2019-05-30 06:00:00,98378
2019-05-30 07:00:00,98342.9375
2019-05-30 08:00:00,98307.140625
2019-05-30 09:00:00,98272.078125
2019-05-30 10:00:00,98301.3984375
2019-05-30 11:00:00,98331.359375
2019-05-30 12:00:00,98360.78125
2019-05-30 13:00:00,98400.234375
2019-05-30 14:00:00,98438.9609375
2019-05-30 15:00:00,98478.1171875
2019-05-30 16:00:00,98405.9375
2019-05-30 17:00:00,98333.7578125
2019-05-30 18:00:00,98261.4765625
2019-05-30 19:00:00,98340.8984375
2019-05-30 20:00:00,98420.9609375
2019-05-30 21:00:00,98500.9140625
2019-05-30 22:00:00,98490.9140625
2019-05-30 23:00:00,98480.8203125
2019-05-31 00:00:00,98470.71875
2019-05-31 01:00:00,98440.4375
2019-05-31 02:00:00,98409.9609375
2019-05-31 03:00:00,98379.375
2019-05-31 04:00:00,98452.8203125
2019-05-31 05:00:00,98525.6171875
2019-05-31 06:00:00,98599.15625
2019-05-31 07:00:00,98642.3203125
2019-05-31 08:00:00,98685.578125
2019-05-31 09:00:00,98728.734375
2019-05-31 10:00:00,98716.3359375
2019-05-31 11:00:00,98703.8359375
2019-05-31 12:00:00,98691.3359375
2019-05-31 13:00:00,98793.5390625
2019-05-31 14:00:00,98895.4375
2019-05-31 15:00:00,98997.140625
2019-05-31 16:00:00,98943.296875
2019-05-31 17:00:00,98888.71875
2019-05-31 18:00:00,98834.78125
2019-05-31 19:00:00,98820.4140625
2019-05-31 20:00:00,98806.6953125
2019-05-31 21:00:00,98792.234375
2019-05-31 22:00:00,98712.640625
2019-05-31 23:00:00,98632.9375
2019-06-01 00:00:00,98552.6953125
2019-06-01 01:00:00,98561.796875
2019-06-01 02:00:00,98570.796875
2019-06-01 03:00:00,98580.234375
2019-06-01 04:00:00,98570.4140625
2019-06-01 05:00:00,98560.6015625
2019-06-01 06:00:00,98550.78125
2019-06-01 07:00:00,98598.28125
2019-06-01 08:00:00,98646.4140625
2019-06-01 09:00:00,98693.9140625
2019-06-01 10:00:00,98736.234375
2019-06-01 11:00:00,98779.1953125
2019-06-01 12:00:00,98822.15625
2019-06-01 13:00:00,98817.6015625
2019-06-01 14:00:00,98812.9375
2019-06-01 15:00:00,98808.8203125
2019-06-01 16:00:00,98741.4765625
2019-06-01 17:00:00,98674.78125
2019-06-01 18:00:00,98607.4375
2019-06-01 19:00:00,98601.3203125
2019-06-01 20:00:00,98595.3046875
2019-06-01 21:00:00,98589.1796875
2019-06-01 22:00:00,98547.859375
2019-06-01 23:00:00,98505.8984375
2019-06-02 00:00:00,98464.578125
2019-06-02 01:00:00,98503.65625
2019-06-02 02:00:00,98542.5390625
2019-06-02 03:00:00,98581.21875
2019-06-02 04:00:00,98621.875
2019-06-02 05:00:00,98662.5390625
2019-06-02 06:00:00,98703.1953125
2019-06-02 07:00:00,98702.2578125
2019-06-02 08:00:00,98700.578125
2019-06-02 09:00:00,98699
2019-06-02 10:00:00,98772
2019-06-02 11:00:00,98844.8984375
2019-06-02 12:00:00,98917.796875
2019-06-02 13:00:00,98946.4375
2019-06-02 14:00:00,98974.875
2019-06-02 15:00:00,99003.7578125
2019-06-02 16:00:00,99039.234375
2019-06-02 17:00:00,99073.9765625
2019-06-02 18:00:00,99109.359375
2019-06-02 19:00:00,99100.578125
2019-06-02 20:00:00,99091.15625
2019-06-02 21:00:00,99082.375
2019-06-02 22:00:00,99046.65625
2019-06-02 23:00:00,99010.9375
2019-06-03 00:00:00,98975.21875
2019-06-03 01:00:00,98950.578125
2019-06-03 02:00:00,98926.375
2019-06-03 03:00:00,98902.515625
2019-06-03 04:00:00,98988.515625
2019-06-03 05:00:00,99074.515625
2019-06-03 06:00:00,99160.515625
2019-06-03 07:00:00,99198.1796875
2019-06-03 08:00:00,99235.9375
2019-06-03 09:00:00,99273.6015625
2019-06-03 10:00:00,99296.875
2019-06-03 11:00:00,99320.6953125
2019-06-03 12:00:00,99343.9765625
2019-06-03 13:00:00,99332.734375
2019-06-03 14:00:00,99321.9375
2019-06-03 15:00:00,99311.0390625
2019-06-03 16:00:00,99269.6953125
2019-06-03 17:00:00,99227.8203125
2019-06-03 18:00:00,99186.4765625
2019-06-03 19:00:00,99164.875
2019-06-03 20:00:00,99143.375
2019-06-03 21:00:00,99121.890625
2019-06-03 22:00:00,99068.375
2019-06-03 23:00:00,99014.875
2019-06-04 00:00:00,98961.4765625
2019-06-04 01:00:00,98948.296875
2019-06-04 02:00:00,98935.015625
2019-06-04 03:00:00,98921.546875
2019-06-04 04:00:00,98956.140625
2019-06-04 05:00:00,98990.2109375
2019-06-04 06:00:00,99024.796875
2019-06-04 07:00:00,99020.21875
2019-06-04 08:00:00,99015
2019-06-04 09:00:00,99010.4140625
2019-06-04 10:00:00,98986.4765625
2019-06-04 11:00:00,98962.5390625
2019-06-04 12:00:00,98938.5
2019-06-04 13:00:00,98866.8203125
2019-06-04 14:00:00,98794.9375
2019-06-04 15:00:00,98722.7578125
2019-06-04 16:00:00,98673.6796875
2019-06-04 17:00:00,98624.5
2019-06-04 18:00:00,98575.2265625
2019-06-04 19:00:00,98526.859375
2019-06-04 20:00:00,98478.5
2019-06-04 21:00:00,98430.140625
2019-06-04 22:00:00,98381.6796875
2019-06-04 23:00:00,98333.1171875
2019-06-05 00:00:00,98284.65625
2019-06-05 01:00:00,98281.390625
2019-06-05 02:00:00,98277.8984375
2019-06-05 03:00:00,98274.7578125
2019-06-05 04:00:00,98276.28125
2019-06-05 05:00:00,98277.796875
2019-06-05 06:00:00,98279.3203125
2019-06-05 07:00:00,98242.4609375
2019-06-05 08:00:00,98205.6015625
2019-06-05 09:00:00,98168.734375
2019-06-05 10:00:00,98166.3359375
2019-06-05 11:00:00,98164.578125
2019-06-05 12:00:00,98162.8203125
2019-06-05 13:00:00,98198.21875
2019-06-05 14:00:00,98234.15625
2019-06-05 15:00:00,98269.796875
2019-06-05 16:00:00,98263.796875
2019-06-05 17:00:00,98257.6953125
2019-06-05 18:00:00,98251.5
2019-06-05 19:00:00,98225.28125
2019-06-05 20:00:00,98198.9609375
2019-06-05 21:00:00,98172.1015625
2019-06-05 22:00:00,98152.296875
2019-06-05 23:00:00,98131.859375
2019-06-06 00:00:00,98111.515625
2019-06-06 01:00:00,98187.1953125
2019-06-06 02:00:00,98262.78125
2019-06-06 03:00:00,98338.15625
2019-06-06 04:00:00,98385.359375
2019-06-06 05:00:00,98433.1953125
2019-06-06 06:00:00,98480.296875
2019-06-06 07:00:00,98452.515625
2019-06-06 08:00:00,98424
2019-06-06 09:00:00,98394.9375
2019-06-06 10:00:00,98364.515625
2019-06-06 11:00:00,98334.1015625
2019-06-06 12:00:00,98303.78125
2019-06-06 13:00:00,98357.515625
2019-06-06 14:00:00,98411.0546875
2019-06-06 15:00:00,98464.296875
2019-06-06 16:00:00,98447.734375
2019-06-06 17:00:00,98430.546875
2019-06-06 18:00:00,98413.890625
2019-06-06 19:00:00,98400.28125
2019-06-06 20:00:00,98387.2265625
2019-06-06 21:00:00,98373.6171875
2019-06-06 22:00:00,98351.7578125
2019-06-06 23:00:00,98329.265625
2019-06-07 00:00:00,98307.3984375
2019-06-07 01:00:00,98316.65625
2019-06-07 02:00:00,98326.2578125
2019-06-07 03:00:00,98335.7578125
2019-06-07 04:00:00,98328.5703125
2019-06-07 05:00:00,98320.71875
2019-06-07 06:00:00,98312.875
2019-06-07 07:00:00,98268.875
2019-06-07 08:00:00,98224.9765625
2019-06-07 09:00:00,98180.9765625
2019-06-07 10:00:00,98256.8203125
2019-06-07 11:00:00,98332.5546875
2019-06-07 12:00:00,98407.65625
2019-06-07 13:00:00,98398.5390625
2019-06-07 14:00:00,98389.7578125
2019-06-07 15:00:00,98380.875
2019-06-07 16:00:00,98370.6171875
2019-06-07 17:00:00,98361
2019-06-07 18:00:00,98351.390625
2019-06-07 19:00:00,98338.640625
2019-06-07 20:00:00,98325.8984375
2019-06-07 21:00:00,98313.15625
2019-06-07 22:00:00,98340.21875
2019-06-07 23:00:00,98367.28125
2019-06-08 00:00:00,98394.3359375
2019-06-08 01:00:00,98399.6953125
2019-06-08 02:00:00,98404.859375
2019-06-08 03:00:00,98410.5546875
2019-06-08 04:00:00,98487.875
2019-06-08 05:00:00,98565.1953125
2019-06-08 06:00:00,98641.875
2019-06-08 07:00:00,98608.8203125
2019-06-08 08:00:00,98575.21875
2019-06-08 09:00:00,98541.515625
2019-06-08 10:00:00,98572.6953125
2019-06-08 11:00:00,98604.4140625
2019-06-08 12:00:00,98635.5
2019-06-08 13:00:00,98645.4375
2019-06-08 14:00:00,98655.1796875
2019-06-08 15:00:00,98664.8203125
2019-06-08 16:00:00,98603.078125
2019-06-08 17:00:00,98541.234375
2019-06-08 18:00:00,98479.5
2019-06-08 19:00:00,98489.140625
2019-06-08 20:00:00,98499.4140625
2019-06-08 21:00:00,98509.0546875
2019-06-08 22:00:00,98493.9140625
2019-06-08 23:00:00,98479.4140625
2019-06-09 00:00:00,98464.28125
2019-06-09 01:00:00,98510.5
2019-06-09 02:00:00,98557.15625
2019-06-09 03:00:00,98603.515625
2019-06-09 04:00:00,98657.6171875
2019-06-09 05:00:00,98711.625
2019-06-09 06:00:00,98765.7265625
2019-06-09 07:00:00,98772.15625
2019-06-09 08:00:00,98778.5
2019-06-09 09:00:00,98785.578125
2019-06-09 10:00:00,98790.578125
2019-06-09 11:00:00,98795.046875
2019-06-09 12:00:00,98800.0390625
2019-06-09 13:00:00,98840
2019-06-09 14:00:00,98880.5
2019-06-09 15:00:00,98921.3515625
2019-06-09 16:00:00,98988.1640625
2019-06-09 17:00:00,99054.875
2019-06-09 18:00:00,99121.6015625
2019-06-09 19:00:00,99107.0546875
2019-06-09 20:00:00,99092.515625
2019-06-09 21:00:00,99077.9765625
2019-06-09 22:00:00,99064.015625
2019-06-09 23:00:00,99050.6953125
2019-06-10 00:00:00,99036.8359375
2019-06-10 01:00:00,99084.7265625
2019-06-10 02:00:00,99132.9375
2019-06-10 03:00:00,99181.3984375
2019-06-10 04:00:00,99277.375
2019-06-10 05:00:00,99373.2578125
2019-06-10 06:00:00,99469.78125
2019-06-10 07:00:00,99513.3359375
2019-06-10 08:00:00,99556.2578125
2019-06-10 09:00:00,99599.71875
2019-06-10 10:00:00,99666.5
2019-06-10 11:00:00,99733.9140625
2019-06-10 12:00:00,99800.6953125
2019-06-10 13:00:00,99866.4296875
2019-06-10 14:00:00,99931.9375
2019-06-10 15:00:00,99998
2019-06-10 16:00:00,99916.578125
2019-06-10 17:00:00,99835.15625
2019-06-10 18:00:00,99753.640625
2019-06-10 19:00:00,99759.6171875
2019-06-10 20:00:00,99765.6015625
2019-06-10 21:00:00,99771.578125
2019-06-10 22:00:00,99756.640625
2019-06-10 23:00:00,99741.6953125
2019-06-11 00:00:00,99726.7578125
2019-06-11 01:00:00,99749.5
2019-06-11 02:00:00,99772.578125
2019-06-11 03:00:00,99795.4609375
2019-06-11 04:00:00,99817.234375
2019-06-11 05:00:00,99838.9140625
2019-06-11 06:00:00,99860.7109375
2019-06-11 07:00:00,99832.6796875
2019-06-11 08:00:00,99804.015625
2019-06-11 09:00:00,99776
2019-06-11 10:00:00,99740.6796875
2019-06-11 11:00:00,99705.4609375
2019-06-11 12:00:00,99670.1484375
2019-06-11 13:00:00,99695.296875
2019-06-11 14:00:00,99721.0078125
2019-06-11 15:00:00,99745.9609375
2019-06-11 16:00:00,99652.4375
2019-06-11 17:00:00,99559.4609375
2019-06-11 18:00:00,99465.8515625
2019-06-11 19:00:00,99412.78125
2019-06-11 20:00:00,99359.078125
2019-06-11 21:00:00,99306.015625
2019-06-11 22:00:00,99263.6171875
2019-06-11 23:00:00,99221.2265625
2019-06-12 00:00:00,99178.8203125
2019-06-12 01:00:00,99179.8984375
2019-06-12 02:00:00,99180.6796875
2019-06-12 03:00:00,99181.796875
2019-06-12 04:00:00,99168.515625
2019-06-12 05:00:00,99156.4140625
2019-06-12 06:00:00,99143.140625
2019-06-12 07:00:00,99133.1171875
2019-06-12 08:00:00,99122.4609375
2019-06-12 09:00:00,99112.4453125
2019-06-12 10:00:00,99067.5546875
2019-06-12 11:00:00,99022.0390625
2019-06-12 12:00:00,98977.0546875
2019-06-12 13:00:00,98989.9609375
2019-06-12 14:00:00,99002.5703125
2019-06-12 15:00:00,99015.5
2019-06-12 16:00:00,99000.4765625
2019-06-12 17:00:00,98985.2578125
2019-06-12 18:00:00,98969.9375
2019-06-12 19:00:00,98890.9765625
2019-06-12 20:00:00,98812.03125
2019-06-12 21:00:00,98733.0546875
2019-06-12 22:00:00,98718.21875
2019-06-12 23:00:00,98704.015625
2019-06-13 00:00:00,98689.71875
2019-06-13 01:00:00,98773.3203125
2019-06-13 02:00:00,98857.2578125
2019-06-13 03:00:00,98941
2019-06-13 04:00:00,98955.8203125
2019-06-13 05:00:00,98970
2019-06-13 06:00:00,98984.828125
2019-06-13 07:00:00,98978.1953125
2019-06-13 08:00:00,98971.578125
2019-06-13 09:00:00,98964.9609375
2019-06-13 10:00:00,98949.015625
2019-06-13 11:00:00,98933.71875
2019-06-13 12:00:00,98918.4140625
2019-06-13 13:00:00,99042.890625
2019-06-13 14:00:00,99166.609375
2019-06-13 15:00:00,99291.3984375
2019-06-13 16:00:00,99304.5546875
2019-06-13 17:00:00,99318.15625
2019-06-13 18:00:00,99331.7578125
2019-06-13 19:00:00,99371.1953125
2019-06-13 20:00:00,99411.1796875
2019-06-13 21:00:00,99450.515625
2019-06-13 22:00:00,99363.6640625
2019-06-13 23:00:00,99276.2578125
2019-06-14 00:00:00,99188.7578125
2019-06-14 01:00:00,99183.125
2019-06-14 02:00:00,99177.8203125
2019-06-14 03:00:00,99172.4140625
2019-06-14 04:00:00,99210.6015625
2019-06-14 05:00:00,99248.78125
2019-06-14 06:00:00,99286.859375
2019-06-14 07:00:00,99274.859375
2019-06-14 08:00:00,99262.1171875
2019-06-14 09:00:00,99250.1171875
2019-06-14 10:00:00,99254.9765625
2019-06-14 11:00:00,99259.9375
2019-06-14 12:00:00,99264.796875
2019-06-14 13:00:00,99190.2578125
2019-06-14 14:00:00,99116.15625
2019-06-14 15:00:00,99041.1171875
2019-06-14 16:00:00,98986.8359375
2019-06-14 17:00:00,98932.5546875
2019-06-14 18:00:00,98878.1796875
2019-06-14 19:00:00,98792.8984375
2019-06-14 20:00:00,98708.2578125
2019-06-14 21:00:00,98622.9765625
2019-06-14 22:00:00,98561.5
2019-06-14 23:00:00,98500.015625
2019-06-15 00:00:00,98438.640625
2019-06-15 01:00:00,98455.5546875
2019-06-15 02:00:00,98472.28125
2019-06-15 03:00:00,98488.796875
2019-06-15 04:00:00,98509
2019-06-15 05:00:00,98529.296875
2019-06-15 06:00:00,98549.5
2019-06-15 07:00:00,98488.375
2019-06-15 08:00:00,98427.359375
2019-06-15 09:00:00,98366.234375
2019-06-15 10:00:00,98336.6015625
2019-06-15 11:00:00,98306.21875
2019-06-15 12:00:00,98276.578125
2019-06-15 13:00:00,98276.6953125
2019-06-15 14:00:00,98275.9765625
2019-06-15 15:00:00,98275.6953125
2019-06-15 16:00:00,98231.1171875
2019-06-15 17:00:00,98186.5390625
2019-06-15 18:00:00,98141.21875
2019-06-15 19:00:00,98162.5
2019-06-15 20:00:00,98183.875
2019-06-15 21:00:00,98205.2578125
2019-06-15 22:00:00,98149.4765625
2019-06-15 23:00:00,98093.6953125
2019-06-16 00:00:00,98038.4609375
2019-06-16 01:00:00,98081.859375
2019-06-16 02:00:00,98125.0546875
2019-06-16 03:00:00,98168.6953125
2019-06-16 04:00:00,98254.140625
2019-06-16 05:00:00,98339.4765625
2019-06-16 06:00:00,98425.359375
2019-06-16 07:00:00,98392.8984375
2019-06-16 08:00:00,98361.078125
2019-06-16 09:00:00,98329.15625
2019-06-16 10:00:00,98335.9765625
2019-06-16 11:00:00,98342.6953125
2019-06-16 12:00:00,98349.515625
2019-06-16 13:00:00,98411.1171875
2019-06-16 14:00:00,98471.875
2019-06-16 15:00:00,98532.9765625
2019-06-16 16:00:00,98526.8203125
2019-06-16 17:00:00,98520.015625
2019-06-16 18:00:00,98513.21875
2019-06-16 19:00:00,98515.0390625
2019-06-16 20:00:00,98516.3203125
2019-06-16 21:00:00,98518.234375
2019-06-16 22:00:00,98469.8984375
2019-06-16 23:00:00,98420.8203125
2019-06-17 00:00:00,98372.2890625
2019-06-17 01:00:00,98492.8359375
2019-06-17 02:00:00,98612.65625
2019-06-17 03:00:00,98732.9140625
2019-06-17 04:00:00,98687.015625
2019-06-17 05:00:00,98641.1171875
2019-06-17 06:00:00,98595.1171875
2019-06-17 07:00:00,98620.515625
2019-06-17 08:00:00,98646.4609375
2019-06-17 09:00:00,98671.859375
2019-06-17 10:00:00,98675.6953125
2019-06-17 11:00:00,98678.796875
2019-06-17 12:00:00,98681.8984375
2019-06-17 13:00:00,98752.515625
2019-06-17 14:00:00,98822.8359375
2019-06-17 15:00:00,98893.0546875
2019-06-17 16:00:00,98865.375
2019-06-17 17:00:00,98837.6015625
2019-06-17 18:00:00,98809.8203125
2019-06-17 19:00:00,98802.4765625
2019-06-17 20:00:00,98794.5
2019-06-17 21:00:00,98787.1640625
2019-06-17 22:00:00,98821.0390625
2019-06-17 23:00:00,98855.015625
2019-06-18 00:00:00,98888.2578125
2019-06-18 01:00:00,98878
2019-06-18 02:00:00,98866.8984375
2019-06-18 03:00:00,98856.78125
2019-06-18 04:00:00,98837
2019-06-18 05:00:00,98817.7578125
2019-06-18 06:00:00,98798.515625
2019-06-18 07:00:00,98804.015625
2019-06-18 08:00:00,98809.515625
2019-06-18 09:00:00,98815.1171875
2019-06-18 10:00:00,98781.9609375
2019-06-18 11:00:00,98748.2578125
2019-06-18 12:00:00,98714.5546875
2019-06-18 13:00:00,98746.7578125
2019-06-18 14:00:00,98778.21875
2019-06-18 15:00:00,98810.1171875
2019-06-18 16:00:00,98727.3203125
2019-06-18 17:00:00,98644.4296875
2019-06-18 18:00:00,98561.515625
2019-06-18 19:00:00,98565.8359375
2019-06-18 20:00:00,98569.515625
2019-06-18 21:00:00,98573.9375
2019-06-18 22:00:00,98481.3203125
2019-06-18 23:00:00,98388.0546875
2019-06-19 00:00:00,98295.4453125
2019-06-19 01:00:00,98338.8203125
2019-06-19 02:00:00,98382.109375
2019-06-19 03:00:00,98425.1875
2019-06-19 04:00:00,98418.890625
2019-06-19 05:00:00,98413.2265625
2019-06-19 06:00:00,98406.9296875
2019-06-19 07:00:00,98383.6171875
2019-06-19 08:00:00,98360.859375
2019-06-19 09:00:00,98337.5546875
2019-06-19 10:00:00,98300.9375
2019-06-19 11:00:00,98263.6796875
2019-06-19 12:00:00,98227.0546875
2019-06-19 13:00:00,98157.359375
2019-06-19 14:00:00,98088.1015625
2019-06-19 15:00:00,98018.640625
2019-06-19 16:00:00,98040.375
2019-06-19 17:00:00,98061.28125
2019-06-19 18:00:00,98082.9140625
2019-06-19 19:00:00,98030.1953125
2019-06-19 20:00:00,97977.578125
2019-06-19 21:00:00,97925.5
2019-06-19 22:00:00,97930.9375
2019-06-19 23:00:00,97936.28125
2019-06-20 00:00:00,97941.71875
2019-06-20 01:00:00,97927.5546875
2019-06-20 02:00:00,97913.9375
2019-06-20 03:00:00,97900.1171875
2019-06-20 04:00:00,97976.28125
2019-06-20 05:00:00,98051.796875
2019-06-20 06:00:00,98127.9609375
2019-06-20 07:00:00,98090.4765625
2019-06-20 08:00:00,98052.8984375
2019-06-20 09:00:00,98014.78125
2019-06-20 10:00:00,98091.9609375
2019-06-20 11:00:00,98168.5
2019-06-20 12:00:00,98245.0390625
2019-06-20 13:00:00,98284.859375
2019-06-20 14:00:00,98324.6796875
2019-06-20 15:00:00,98364.296875
2019-06-20 16:00:00,98324.4609375
2019-06-20 17:00:00,98284.6171875
2019-06-20 18:00:00,98245.3203125
2019-06-20 19:00:00,98280.4765625
2019-06-20 20:00:00,98315.5390625
2019-06-20 21:00:00,98350.6953125
2019-06-20 22:00:00,98316.359375
2019-06-20 23:00:00,98281.9140625
2019-06-21 00:00:00,98247.578125
2019-06-21 01:00:00,98301.21875
2019-06-21 02:00:00,98354.015625
2019-06-21 03:00:00,98407.2578125
2019-06-21 04:00:00,98427.578125
2019-06-21 05:00:00,98447.796875
2019-06-21 06:00:00,98468.1171875
2019-06-21 07:00:00,98444.734375
2019-06-21 08:00:00,98421.4609375
2019-06-21 09:00:00,98398.1796875
2019-06-21 10:00:00,98354.7578125
2019-06-21 11:00:00,98311.3359375
2019-06-21 12:00:00,98267.9140625
2019-06-21 13:00:00,98332.234375
2019-06-21 14:00:00,98397.1015625
2019-06-21 15:00:00,98461.7578125
2019-06-21 16:00:00,98472.1171875
2019-06-21 17:00:00,98482.4765625
2019-06-21 18:00:00,98492.8359375
2019-06-21 19:00:00,98443.9765625
2019-06-21 20:00:00,98394.578125
2019-06-21 21:00:00,98345.1796875
2019-06-21 22:00:00,98287.5546875
2019-06-21 23:00:00,98229.8359375
2019-06-22 00:00:00,98172.21875
2019-06-22 01:00:00,98182.0390625
2019-06-22 02:00:00,98191.7578125
2019-06-22 03:00:00,98202.015625
2019-06-22 04:00:00,98180.9140625
2019-06-22 05:00:00,98159.8203125
2019-06-22 06:00:00,98138.71875
2019-06-22 07:00:00,98182.0390625
2019-06-22 08:00:00,98225.8984375
2019-06-22 09:00:00,98269.65625
2019-06-22 10:00:00,98330.3359375
2019-06-22 11:00:00,98391.015625
2019-06-22 12:00:00,98451.6015625
2019-06-22 13:00:00,98478.9765625
2019-06-22 14:00:00,98506.8984375
2019-06-22 15:00:00,98534.71875
2019-06-22 16:00:00,98551.8359375
2019-06-22 17:00:00,98568.3203125
2019-06-22 18:00:00,98585.3359375
2019-06-22 19:00:00,98636.65625
2019-06-22 20:00:00,98688.078125
2019-06-22 21:00:00,98739.3984375
2019-06-22 22:00:00,98627.6796875
2019-06-22 23:00:00,98515.9609375
2019-06-23 00:00:00,98404.234375
2019-06-23 01:00:00,98450.1796875
2019-06-23 02:00:00,98495.375
2019-06-23 03:00:00,98541.015625
2019-06-23 04:00:00,98572.1171875
2019-06-23 05:00:00,98604.296875
2019-06-23 06:00:00,98635.734375
2019-06-23 07:00:00,98647.296875
2019-06-23 08:00:00,98659.3984375
2019-06-23 09:00:00,98670.859375
2019-06-23 10:00:00,98593.21875
2019-06-23 11:00:00,98516.1171875
2019-06-23 12:00:00,98439.1171875
2019-06-23 13:00:00,98431.8203125
2019-06-23 14:00:00,98424.21875
2019-06-23 15:00:00,98416.515625
2019-06-23 16:00:00,98390
2019-06-23 17:00:00,98363.4765625
2019-06-23 18:00:00,98336.21875
2019-06-23 19:00:00,98258.1015625
2019-06-23 20:00:00,98179.875
2019-06-23 21:00:00,98101.1171875
2019-06-23 22:00:00,98022.9609375
2019-06-23 23:00:00,97944.8984375
2019-06-24 00:00:00,97866.734375
2019-06-24 01:00:00,97935.8359375
2019-06-24 02:00:00,98004.640625
2019-06-24 03:00:00,98073.875
2019-06-24 04:00:00,98067.859375
2019-06-24 05:00:00,98062.4765625
2019-06-24 06:00:00,98057
2019-06-24 07:00:00,98099.015625
2019-06-24 08:00:00,98140.9375
2019-06-24 09:00:00,98182.859375
2019-06-24 10:00:00,98197.1171875
2019-06-24 11:00:00,98210.734375
2019-06-24 12:00:00,98225
2019-06-24 13:00:00,98254.65625
2019-06-24 14:00:00,98284.65625
2019-06-24 15:00:00,98314.359375
2019-06-24 16:00:00,98262.8046875
2019-06-24 17:00:00,98211.0390625
2019-06-24 18:00:00,98159.1796875
2019-06-24 19:00:00,98209.8203125
2019-06-24 20:00:00,98260.359375
2019-06-24 21:00:00,98310.8984375
2019-06-24 22:00:00,98373.7578125
2019-06-24 23:00:00,98436.515625
2019-06-25 00:00:00,98499.28125
2019-06-25 01:00:00,98507.640625
2019-06-25 02:00:00,98516.9765625
2019-06-25 03:00:00,98525.4765625
2019-06-25 04:00:00,98599.5
2019-06-25 05:00:00,98672.875
2019-06-25 06:00:00,98746.8984375
2019-06-25 07:00:00,98735.5
2019-06-25 08:00:00,98724.1015625
2019-06-25 09:00:00,98712.6953125
2019-06-25 10:00:00,98804.015625
2019-06-25 11:00:00,98895.234375
2019-06-25 12:00:00,98986.5546875
2019-06-25 13:00:00,98984.078125
2019-06-25 14:00:00,98982.578125
2019-06-25 15:00:00,98980.234375
2019-06-25 16:00:00,98979.0078125
2019-06-25 17:00:00,98977.1171875
2019-06-25 18:00:00,98975.78125
2019-06-25 19:00:00,98999.8359375
2019-06-25 20:00:00,99023.8984375
2019-06-25 21:00:00,99048.5
2019-06-25 22:00:00,99032.9609375
2019-06-25 23:00:00,99017.4140625
2019-06-26 00:00:00,99001.78125
2019-06-26 01:00:00,99031.0390625
2019-06-26 02:00:00,99060.1015625
2019-06-26 03:00:00,99089.5
2019-06-26 04:00:00,99111.3359375
2019-06-26 05:00:00,99133.0859375
2019-06-26 06:00:00,99154.9140625
2019-06-26 07:00:00,99154.0703125
2019-06-26 08:00:00,99153.734375
2019-06-26 09:00:00,99152.890625
2019-06-26 10:00:00,99115.609375
2019-06-26 11:00:00,99077.6875
2019-06-26 12:00:00,99039.65625
2019-06-26 13:00:00,99140.40625
2019-06-26 14:00:00,99241.578125
2019-06-26 15:00:00,99342.015625
2019-06-26 16:00:00,99264.1171875
2019-06-26 17:00:00,99186.3203125
2019-06-26 18:00:00,99108.4296875
2019-06-26 19:00:00,99161.78125
2019-06-26 20:00:00,99215.046875
2019-06-26 21:00:00,99268.3984375
2019-06-26 22:00:00,99223.234375
2019-06-26 23:00:00,99178.078125
2019-06-27 00:00:00,99132.9140625
2019-06-27 01:00:00,99223.7109375
2019-06-27 02:00:00,99313.6484375
2019-06-27 03:00:00,99404.015625
2019-06-27 04:00:00,99389.1796875
2019-06-27 05:00:00,99374.3515625
2019-06-27 06:00:00,99359.40625
2019-06-27 07:00:00,99364.3671875
2019-06-27 08:00:00,99368.578125
2019-06-27 09:00:00,99373.4375
2019-06-27 10:00:00,99393.78125
2019-06-27 11:00:00,99414.125
2019-06-27 12:00:00,99434.4609375
2019-06-27 13:00:00,99414.6015625
2019-06-27 14:00:00,99394.6484375
2019-06-27 15:00:00,99375.1171875
2019-06-27 16:00:00,99363.1171875
2019-06-27 17:00:00,99351.015625
2019-06-27 18:00:00,99338.9140625
2019-06-27 19:00:00,99302.8203125
2019-06-27 20:00:00,99267.2578125
2019-06-27 21:00:00,99231.796875
2019-06-27 22:00:00,99222.15625
2019-06-27 23:00:00,99212.515625
2019-06-28 00:00:00,99202.9765625
2019-06-28 01:00:00,99228.78125
2019-06-28 02:00:00,99254.4765625
2019-06-28 03:00:00,99280.6171875
2019-06-28 04:00:00,99300.8359375
2019-06-28 05:00:00,99321.796875
2019-06-28 06:00:00,99342.1171875
2019-06-28 07:00:00,99262.2578125
2019-06-28 08:00:00,99183.0390625
2019-06-28 09:00:00,99103.1875
2019-06-28 10:00:00,99136.359375
2019-06-28 11:00:00,99168.8984375
2019-06-28 12:00:00,99201.984375
2019-06-28 13:00:00,99216.8515625
2019-06-28 14:00:00,99231.3984375
2019-06-28 15:00:00,99245.7578125
2019-06-28 16:00:00,99209.4765625
2019-06-28 17:00:00,99173.734375
2019-06-28 18:00:00,99137.2578125
2019-06-28 19:00:00,99174.8984375
2019-06-28 20:00:00,99211.8984375
2019-06-28 21:00:00,99249.5390625
2019-06-28 22:00:00,99160.3203125
2019-06-28 23:00:00,99071.1015625
2019-06-29 00:00:00,98981.234375
2019-06-29 01:00:00,99020.1796875
2019-06-29 02:00:00,99058.9140625
2019-06-29 03:00:00,99098
2019-06-29 04:00:00,99132.65625
2019-06-29 05:00:00,99167.7578125
2019-06-29 06:00:00,99202.9609375
2019-06-29 07:00:00,99244.140625
2019-06-29 08:00:00,99284.6875
2019-06-29 09:00:00,99325.859375
2019-06-29 10:00:00,99315.3984375
2019-06-29 11:00:00,99304.9453125
2019-06-29 12:00:00,99294.4765625
2019-06-29 13:00:00,99298.9296875
2019-06-29 14:00:00,99304.4375
2019-06-29 15:00:00,99309.6640625
2019-06-29 16:00:00,99324.234375
2019-06-29 17:00:00,99339.3671875
2019-06-29 18:00:00,99353.8359375
2019-06-29 19:00:00,99290.71875
2019-06-29 20:00:00,99227.5
2019-06-29 21:00:00,99164.2890625
2019-06-29 22:00:00,99134
2019-06-29 23:00:00,99103.6171875
2019-06-30 00:00:00,99072.6015625
2019-06-30 01:00:00,99099.734375
2019-06-30 02:00:00,99126.578125
2019-06-30 03:00:00,99153.21875
2019-06-30 04:00:00,99121.5
2019-06-30 05:00:00,99090.4140625
2019-06-30 06:00:00,99058.6015625
2019-06-30 07:00:00,99143.7578125
2019-06-30 08:00:00,99228.7265625
2019-06-30 09:00:00,99313.78125
2019-06-30 10:00:00,99346.9140625
2019-06-30 11:00:00,99380.0546875
2019-06-30 12:00:00,99413.8515625
2019-06-30 13:00:00,99366.0078125
2019-06-30 14:00:00,99317.9609375
2019-06-30 15:00:00,99270.359375
2019-06-30 16:00:00,99253.5390625
2019-06-30 17:00:00,99236.6171875
2019-06-30 18:00:00,99220.3359375
2019-06-30 19:00:00,99154.1640625
2019-06-30 20:00:00,99088.515625
2019-06-30 21:00:00,99022.3515625
2019-06-30 22:00:00,99028.21875
2019-06-30 23:00:00,99034.1015625
2019-07-01 00:00:00,99040.6171875
2019-07-01 01:00:00,99072.15625
2019-07-01 02:00:00,99103.5
2019-07-01 03:00:00,99135.375
2019-07-01 04:00:00,99098.875
2019-07-01 05:00:00,99061.734375
2019-07-01 06:00:00,99025.1484375
2019-07-01 07:00:00,99051.1796875
2019-07-01 08:00:00,99076.4765625
2019-07-01 09:00:00,99102.53125
2019-07-01 10:00:00,99170.1640625
2019-07-01 11:00:00,99237.8984375
2019-07-01 12:00:00,99306.1796875
2019-07-01 13:00:00,99252.609375
2019-07-01 14:00:00,99198.71875
2019-07-01 15:00:00,99145.1796875
2019-07-01 16:00:00,99098.6953125
2019-07-01 17:00:00,99052.859375
2019-07-01 18:00:00,99006.9140625
2019-07-01 19:00:00,99001.890625
2019-07-01 20:00:00,98998.015625
2019-07-01 21:00:00,98992.9765625
2019-07-01 22:00:00,98990.0546875
2019-07-01 23:00:00,98986.3984375
2019-07-02 00:00:00,98983.484375
2019-07-02 01:00:00,98912.6796875
2019-07-02 02:00:00,98842.3203125
2019-07-02 03:00:00,98771.859375
2019-07-02 04:00:00,98829.6171875
2019-07-02 05:00:00,98887.28125
2019-07-02 06:00:00,98945.0390625
2019-07-02 07:00:00,98977.984375
2019-07-02 08:00:00,99010.9140625
2019-07-02 09:00:00,99044.3984375
2019-07-02 10:00:00,99003.734375
2019-07-02 11:00:00,98962.9765625
2019-07-02 12:00:00,98922.2265625
2019-07-02 13:00:00,98938.4765625
2019-07-02 14:00:00,98953.8984375
2019-07-02 15:00:00,98970.3046875
2019-07-02 16:00:00,98920.6171875
2019-07-02 17:00:00,98870.8359375
2019-07-02 18:00:00,98821.0546875
2019-07-02 19:00:00,98741.875
2019-07-02 20:00:00,98663.234375
2019-07-02 21:00:00,98583.9609375
2019-07-02 22:00:00,98522.1015625
2019-07-02 23:00:00,98460.25
2019-07-03 00:00:00,98398.375
2019-07-03 01:00:00,98471.8515625
2019-07-03 02:00:00,98545.640625
2019-07-03 03:00:00,98619.890625
2019-07-03 04:00:00,98635.4140625
2019-07-03 05:00:00,98651.6015625
2019-07-03 06:00:00,98667.140625
2019-07-03 07:00:00,98733.640625
2019-07-03 08:00:00,98800.1484375
2019-07-03 09:00:00,98866.640625
2019-07-03 10:00:00,98806.71875
2019-07-03 11:00:00,98746.796875
2019-07-03 12:00:00,98686.875
2019-07-03 13:00:00,98754.2578125
2019-07-03 14:00:00,98821.3359375
2019-07-03 15:00:00,98888.9609375
2019-07-03 16:00:00,98854.046875
2019-07-03 17:00:00,98818.4765625
2019-07-03 18:00:00,98783.5546875
2019-07-03 19:00:00,98737
2019-07-03 20:00:00,98691.6171875
2019-07-03 21:00:00,98645.609375
2019-07-03 22:00:00,98630.6875
2019-07-03 23:00:00,98616.3984375
2019-07-04 00:00:00,98601.4765625
2019-07-04 01:00:00,98643.796875
2019-07-04 02:00:00,98686.5546875
2019-07-04 03:00:00,98729.1171875
2019-07-04 04:00:00,98702.65625
2019-07-04 05:00:00,98676.109375
2019-07-04 06:00:00,98649.6484375
2019-07-04 07:00:00,98675.5546875
2019-07-04 08:00:00,98701.578125
2019-07-04 09:00:00,98727.6015625
2019-07-04 10:00:00,98732.9375
2019-07-04 11:00:00,98737.640625
2019-07-04 12:00:00,98742.3359375
2019-07-04 13:00:00,98787.9609375
2019-07-04 14:00:00,98833.4765625
2019-07-04 15:00:00,98879.4375
2019-07-04 16:00:00,98886.859375
2019-07-04 17:00:00,98894.8203125
2019-07-04 18:00:00,98902.875
2019-07-04 19:00:00,98903.6171875
2019-07-04 20:00:00,98904.46875
2019-07-04 21:00:00,98905.9375
2019-07-04 22:00:00,98886.8984375
2019-07-04 23:00:00,98867.9609375
2019-07-05 00:00:00,98848.9140625
2019-07-05 01:00:00,98866.0078125
2019-07-05 02:00:00,98882.7890625
2019-07-05 03:00:00,98899.359375
2019-07-05 04:00:00,98921.484375
2019-07-05 05:00:00,98943.5
2019-07-05 06:00:00,98965.515625
2019-07-05 07:00:00,98980.3203125
2019-07-05 08:00:00,98995.03125
2019-07-05 09:00:00,99009.8203125
2019-07-05 10:00:00,99047.2265625
2019-07-05 11:00:00,99085.2578125
2019-07-05 12:00:00,99122.65625
2019-07-05 13:00:00,99172.875
2019-07-05 14:00:00,99222.265625
2019-07-05 15:00:00,99272.078125
2019-07-05 16:00:00,99265.3359375
2019-07-05 17:00:00,99258.5
2019-07-05 18:00:00,99252.1953125
2019-07-05 19:00:00,99145.390625
2019-07-05 20:00:00,99038.4609375
2019-07-05 21:00:00,98931.5390625
2019-07-05 22:00:00,98967.640625
2019-07-05 23:00:00,99004.375
2019-07-06 00:00:00,99041.125
2019-07-06 01:00:00,99037.578125
2019-07-06 02:00:00,99033.734375
2019-07-06 03:00:00,99029.6953125
2019-07-06 04:00:00,99070.5546875
2019-07-06 05:00:00,99111.515625
2019-07-06 06:00:00,99151.734375
2019-07-06 07:00:00,99167.5546875
2019-07-06 08:00:00,99182.2109375
2019-07-06 09:00:00,99198.015625
2019-07-06 10:00:00,99170.6015625
2019-07-06 11:00:00,99143.9140625
2019-07-06 12:00:00,99117.1484375
2019-07-06 13:00:00,99166.296875
2019-07-06 14:00:00,99215.796875
2019-07-06 15:00:00,99265.734375
2019-07-06 16:00:00,99186.640625
2019-07-06 17:00:00,99108.1796875
2019-07-06 18:00:00,99029.71875
2019-07-06 19:00:00,99012.6953125
2019-07-06 20:00:00,98995.6875
2019-07-06 21:00:00,98978.65625
2019-07-06 22:00:00,98951.078125
2019-07-06 23:00:00,98923.5
2019-07-07 00:00:00,98895.390625
2019-07-07 01:00:00,98873.6875
2019-07-07 02:00:00,98851.78125
2019-07-07 03:00:00,98830.3203125
2019-07-07 04:00:00,98941.2578125
2019-07-07 05:00:00,99052.8359375
2019-07-07 06:00:00,99163.78125
2019-07-07 07:00:00,99124.0390625
2019-07-07 08:00:00,99084.3046875
2019-07-07 09:00:00,99045.1015625
2019-07-07 10:00:00,98998.9375
2019-07-07 11:00:00,98952.6796875
2019-07-07 12:00:00,98905.7890625
2019-07-07 13:00:00,98968.65625
2019-07-07 14:00:00,99031.234375
2019-07-07 15:00:00,99093.4140625
2019-07-07 16:00:00,99055.4140625
2019-07-07 17:00:00,99017.859375
2019-07-07 18:00:00,98979.65625
2019-07-07 19:00:00,98923.65625
2019-07-07 20:00:00,98867.5703125
2019-07-07 21:00:00,98811.5546875
2019-07-07 22:00:00,98841.5703125
2019-07-07 23:00:00,98871.5546875
2019-07-08 00:00:00,98901.5546875
2019-07-08 01:00:00,99012.875
2019-07-08 02:00:00,99124.734375
2019-07-08 03:00:00,99236.296875
2019-07-08 04:00:00,99193.5
2019-07-08 05:00:00,99150.6953125
2019-07-08 06:00:00,99107.796875
2019-07-08 07:00:00,99078.6875
2019-07-08 08:00:00,99050.1953125
2019-07-08 09:00:00,99021.71875
2019-07-08 10:00:00,99066.1015625
2019-07-08 11:00:00,99110.484375
2019-07-08 12:00:00,99154.859375
2019-07-08 13:00:00,99178.078125
2019-07-08 14:00:00,99201.109375
2019-07-08 15:00:00,99224.4609375
2019-07-08 16:00:00,99142.3359375
2019-07-08 17:00:00,99060.21875
2019-07-08 18:00:00,98978.109375
2019-07-08 19:00:00,98951.9609375
2019-07-08 20:00:00,98925.2890625
2019-07-08 21:00:00,98899.234375
2019-07-08 22:00:00,98880.21875
2019-07-08 23:00:00,98860.5546875
2019-07-09 00:00:00,98840.8984375
2019-07-09 01:00:00,98814.71875
2019-07-09 02:00:00,98788.3359375
2019-07-09 03:00:00,98762.5
2019-07-09 04:00:00,98724.7578125
2019-07-09 05:00:00,98687.65625
2019-07-09 06:00:00,98650.03125
2019-07-09 07:00:00,98671.1484375
2019-07-09 08:00:00,98692.265625
2019-07-09 09:00:00,98713.4765625
2019-07-09 10:00:00,98737.0859375
2019-07-09 11:00:00,98760.578125
2019-07-09 12:00:00,98784.078125
2019-07-09 13:00:00,98765.6171875
2019-07-09 14:00:00,98746.2265625
2019-07-09 15:00:00,98727.1640625
2019-07-09 16:00:00,98715.8984375
2019-07-09 17:00:00,98703.8984375
2019-07-09 18:00:00,98692.5390625
2019-07-09 19:00:00,98740.6484375
2019-07-09 20:00:00,98788.8359375
2019-07-09 21:00:00,98836.9375
2019-07-09 22:00:00,98774.1171875
2019-07-09 23:00:00,98710.6640625
2019-07-10 00:00:00,98647.296875
2019-07-10 01:00:00,98678.3203125
2019-07-10 02:00:00,98709.0390625
2019-07-10 03:00:00,98740.1015625
2019-07-10 04:00:00,98805.75
2019-07-10 05:00:00,98870.8515625
2019-07-10 06:00:00,98936.4765625
2019-07-10 07:00:00,98924.078125
2019-07-10 08:00:00,98911.6875
2019-07-10 09:00:00,98899.28125
2019-07-10 10:00:00,98891.71875
2019-07-10 11:00:00,98883.515625
2019-07-10 12:00:00,98875.9609375
2019-07-10 13:00:00,98912.1796875
2019-07-10 14:00:00,98948.640625
2019-07-10 15:00:00,98985.3359375
2019-07-10 16:00:00,98960.7890625
2019-07-10 17:00:00,98936.1171875
2019-07-10 18:00:00,98910.8203125
2019-07-10 19:00:00,98923.8359375
2019-07-10 20:00:00,98936.21875
2019-07-10 21:00:00,98949.234375
2019-07-10 22:00:00,98912.15625
2019-07-10 23:00:00,98875.078125
2019-07-11 00:00:00,98838.0078125
2019-07-11 01:00:00,98878.6171875
2019-07-11 02:00:00,98919.6796875
2019-07-11 03:00:00,98960.4375
2019-07-11 04:00:00,99047.1796875
2019-07-11 05:00:00,99133.8203125
2019-07-11 06:00:00,99220.4609375
2019-07-11 07:00:00,99202.578125
2019-07-11 08:00:00,99185.234375
2019-07-11 09:00:00,99167.359375
2019-07-11 10:00:00,99143.515625
2019-07-11 11:00:00,99119.140625
2019-07-11 12:00:00,99095.3984375
2019-07-11 13:00:00,99106.828125
2019-07-11 14:00:00,99117.9375
2019-07-11 15:00:00,99128.65625
2019-07-11 16:00:00,99092.1171875
2019-07-11 17:00:00,99055.4765625
2019-07-11 18:00:00,99018.8359375
2019-07-11 19:00:00,98998.1796875
2019-07-11 20:00:00,98977.6171875
2019-07-11 21:00:00,98956.9609375
2019-07-11 22:00:00,98930.140625
2019-07-11 23:00:00,98903.21875
2019-07-12 00:00:00,98876.296875
2019-07-12 01:00:00,98886.140625
2019-07-12 02:00:00,98896.9609375
2019-07-12 03:00:00,98907.4765625
2019-07-12 04:00:00,98949.1953125
2019-07-12 05:00:00,98991.5703125
2019-07-12 06:00:00,99033.9140625
2019-07-12 07:00:00,98994.78125
2019-07-12 08:00:00,98956.28125
2019-07-12 09:00:00,98917.1484375
2019-07-12 10:00:00,98895.7890625
2019-07-12 11:00:00,98873.875
2019-07-12 12:00:00,98852.515625
2019-07-12 13:00:00,98875.8671875
2019-07-12 14:00:00,98899.4453125
2019-07-12 15:00:00,98923.2578125
2019-07-12 16:00:00,98910.7890625
2019-07-12 17:00:00,98898.1953125
2019-07-12 18:00:00,98886.2578125
2019-07-12 19:00:00,98894.8203125
2019-07-12 20:00:00,98904.03125
2019-07-12 21:00:00,98913.1171875
2019-07-12 22:00:00,98841.8046875
2019-07-12 23:00:00,98770.375
2019-07-13 00:00:00,98698.9609375
2019-07-13 01:00:00,98771.5390625
2019-07-13 02:00:00,98843.828125
2019-07-13 03:00:00,98916.640625
2019-07-13 04:00:00,98967.21875
2019-07-13 05:00:00,99017.796875
2019-07-13 06:00:00,99069.03125
2019-07-13 07:00:00,99072.9609375
2019-07-13 08:00:00,99076.2578125
2019-07-13 09:00:00,99080.1953125
2019-07-13 10:00:00,99070.6953125
2019-07-13 11:00:00,99060.65625
2019-07-13 12:00:00,99050.515625
2019-07-13 13:00:00,99107.796875
2019-07-13 14:00:00,99165.328125
2019-07-13 15:00:00,99222.640625
2019-07-13 16:00:00,99213.8671875
2019-07-13 17:00:00,99204.984375
2019-07-13 18:00:00,99196.75
2019-07-13 19:00:00,99134.9765625
2019-07-13 20:00:00,99073.21875
2019-07-13 21:00:00,99012.1015625
2019-07-13 22:00:00,98968.796875
2019-07-13 23:00:00,98925.5
2019-07-14 00:00:00,98882.2109375
2019-07-14 01:00:00,98893.7109375
2019-07-14 02:00:00,98905
2019-07-14 03:00:00,98916.1015625
2019-07-14 04:00:00,99004.25
2019-07-14 05:00:00,99092.375
2019-07-14 06:00:00,99180.4140625
2019-07-14 07:00:00,99181.53125
2019-07-14 08:00:00,99182.515625
2019-07-14 09:00:00,99183.6171875
2019-07-14 10:00:00,99168.65625
2019-07-14 11:00:00,99154.3359375
2019-07-14 12:00:00,99139.4765625
2019-07-14 13:00:00,99173.8359375
2019-07-14 14:00:00,99208.640625
2019-07-14 15:00:00,99243.234375
2019-07-14 16:00:00,99225.3203125
2019-07-14 17:00:00,99207.9375
2019-07-14 18:00:00,99189.9140625
2019-07-14 19:00:00,99150.734375
2019-07-14 20:00:00,99110.8203125
2019-07-14 21:00:00,99070.8984375
2019-07-14 22:00:00,99090.140625
2019-07-14 23:00:00,99109.1796875
2019-07-15 00:00:00,99128.3203125
2019-07-15 01:00:00,99146.734375
2019-07-15 02:00:00,99164.3203125
2019-07-15 03:00:00,99182.9765625
2019-07-15 04:00:00,99153.4296875
2019-07-15 05:00:00,99124.6015625
2019-07-15 06:00:00,99095.6796875
2019-07-15 07:00:00,99114.8671875
2019-07-15 08:00:00,99134.6796875
2019-07-15 09:00:00,99153.859375
2019-07-15 10:00:00,99091.015625
2019-07-15 11:00:00,99027.5390625
2019-07-15 12:00:00,98964.7109375
2019-07-15 13:00:00,98920.1953125
2019-07-15 14:00:00,98875.3984375
2019-07-15 15:00:00,98831.0390625
2019-07-15 16:00:00,98877.3203125
2019-07-15 17:00:00,98923.5
2019-07-15 18:00:00,98969.6796875
2019-07-15 19:00:00,98915.9140625
2019-07-15 20:00:00,98862.15625
2019-07-15 21:00:00,98808.296875
2019-07-15 22:00:00,98752.9609375
2019-07-15 23:00:00,98697.515625
2019-07-16 00:00:00,98642.71875
2019-07-16 01:00:00,98660.9140625
2019-07-16 02:00:00,98679.015625
2019-07-16 03:00:00,98696.9140625
2019-07-16 04:00:00,98722.625
2019-07-16 05:00:00,98748.3203125
2019-07-16 06:00:00,98773.9140625
2019-07-16 07:00:00,98733.2578125
2019-07-16 08:00:00,98692.6953125
2019-07-16 09:00:00,98652.0390625
2019-07-16 10:00:00,98663.21875
2019-07-16 11:00:00,98675.140625
2019-07-16 12:00:00,98686.4140625
2019-07-16 13:00:00,98754.6796875
2019-07-16 14:00:00,98822.8359375
2019-07-16 15:00:00,98890.8046875
2019-07-16 16:00:00,98842.71875
2019-07-16 17:00:00,98795.28125
2019-07-16 18:00:00,98747.1953125
2019-07-16 19:00:00,98694.6953125
2019-07-16 20:00:00,98642.296875
2019-07-16 21:00:00,98589.8984375
2019-07-16 22:00:00,98570.96875
2019-07-16 23:00:00,98552.5546875
2019-07-17 00:00:00,98533.625
2019-07-17 01:00:00,98547.140625
2019-07-17 02:00:00,98559.9140625
2019-07-17 03:00:00,98573.6796875
2019-07-17 04:00:00,98631.3984375
2019-07-17 05:00:00,98689.015625
2019-07-17 06:00:00,98747.28125
2019-07-17 07:00:00,98720.8203125
2019-07-17 08:00:00,98694.359375
2019-07-17 09:00:00,98668.4375
2019-07-17 10:00:00,98711.65625
2019-07-17 11:00:00,98755.4140625
2019-07-17 12:00:00,98798.5390625
2019-07-17 13:00:00,98775.6171875
2019-07-17 14:00:00,98752.609375
2019-07-17 15:00:00,98730.015625
2019-07-17 16:00:00,98783.328125
2019-07-17 17:00:00,98836.6171875
2019-07-17 18:00:00,98889.9140625
2019-07-17 19:00:00,98832.859375
2019-07-17 20:00:00,98775.15625
2019-07-17 21:00:00,98718.109375
2019-07-17 22:00:00,98673.2578125
2019-07-17 23:00:00,98627.875
2019-07-18 00:00:00,98583.0390625
2019-07-18 01:00:00,98637.4375
2019-07-18 02:00:00,98692.9140625
2019-07-18 03:00:00,98747.5546875
2019-07-18 04:00:00,98708.515625
2019-07-18 05:00:00,98669.484375
2019-07-18 06:00:00,98630.4375
2019-07-18 07:00:00,98632.375
2019-07-18 08:00:00,98634.4140625
2019-07-18 09:00:00,98637
2019-07-18 10:00:00,98638.6640625
2019-07-18 11:00:00,98641.0546875
2019-07-18 12:00:00,98643.359375
2019-07-18 13:00:00,98620.6953125
2019-07-18 14:00:00,98597.1953125
2019-07-18 15:00:00,98574.6796875
2019-07-18 16:00:00,98528.3203125
2019-07-18 17:00:00,98481.9609375
2019-07-18 18:00:00,98435.6015625
2019-07-18 19:00:00,98454.8359375
2019-07-18 20:00:00,98473.9765625
2019-07-18 21:00:00,98493.21875
2019-07-18 22:00:00,98443.03125
2019-07-18 23:00:00,98392.8203125
2019-07-19 00:00:00,98342.6171875
2019-07-19 01:00:00,98415.4296875
2019-07-19 02:00:00,98488.015625
2019-07-19 03:00:00,98560.3203125
2019-07-19 04:00:00,98548.375
2019-07-19 05:00:00,98536.5390625
2019-07-19 06:00:00,98524.609375
2019-07-19 07:00:00,98529.8671875
2019-07-19 08:00:00,98534.578125
2019-07-19 09:00:00,98539.296875
2019-07-19 10:00:00,98528.2578125
2019-07-19 11:00:00,98517.21875
2019-07-19 12:00:00,98506.71875
2019-07-19 13:00:00,98546.359375
2019-07-19 14:00:00,98586.3359375
2019-07-19 15:00:00,98626.7578125
2019-07-19 16:00:00,98637.796875
2019-07-19 17:00:00,98648.9375
2019-07-19 18:00:00,98659.984375
2019-07-19 19:00:00,98618.2890625
2019-07-19 20:00:00,98575.3046875
2019-07-19 21:00:00,98533.609375
2019-07-19 22:00:00,98502.890625
2019-07-19 23:00:00,98472.1640625
2019-07-20 00:00:00,98441.4453125
2019-07-20 01:00:00,98394.1171875
2019-07-20 02:00:00,98346.6953125
2019-07-20 03:00:00,98298.9765625
2019-07-20 04:00:00,98379.78125
2019-07-20 05:00:00,98460.6796875
2019-07-20 06:00:00,98541.484375
2019-07-20 07:00:00,98520.046875
2019-07-20 08:00:00,98498.609375
2019-07-20 09:00:00,98477.8984375
2019-07-20 10:00:00,98550.3984375
2019-07-20 11:00:00,98622.8984375
2019-07-20 12:00:00,98695.3984375
2019-07-20 13:00:00,98671.71875
2019-07-20 14:00:00,98647.109375
2019-07-20 15:00:00,98623.5546875
2019-07-20 16:00:00,98570.6015625
2019-07-20 17:00:00,98517.1015625
2019-07-20 18:00:00,98464.140625
2019-07-20 19:00:00,98451.3515625
2019-07-20 20:00:00,98437.796875
2019-07-20 21:00:00,98425
2019-07-20 22:00:00,98454
2019-07-20 23:00:00,98483.75
2019-07-21 00:00:00,98512.734375
2019-07-21 01:00:00,98503.6171875
2019-07-21 02:00:00,98494.1953125
2019-07-21 03:00:00,98485.21875
2019-07-21 04:00:00,98563.9140625
2019-07-21 05:00:00,98642.515625
2019-07-21 06:00:00,98721.1171875
2019-07-21 07:00:00,98720.78125
2019-07-21 08:00:00,98721.078125
2019-07-21 09:00:00,98721.390625
2019-07-21 10:00:00,98790.578125
2019-07-21 11:00:00,98860.4140625
2019-07-21 12:00:00,98929.6171875
2019-07-21 13:00:00,98905.40625
2019-07-21 14:00:00,98881.53125
2019-07-21 15:00:00,98857.3359375
2019-07-21 16:00:00,98852.7578125
2019-07-21 17:00:00,98848.0859375
2019-07-21 18:00:00,98843.3984375
2019-07-21 19:00:00,98782.9609375
2019-07-21 20:00:00,98723.0546875
2019-07-21 21:00:00,98663.2578125
2019-07-21 22:00:00,98712.125
2019-07-21 23:00:00,98760.3359375
2019-07-22 00:00:00,98809.1953125
2019-07-22 01:00:00,98773.796875
2019-07-22 02:00:00,98738.9375
2019-07-22 03:00:00,98703.6796875
2019-07-22 04:00:00,98759.4765625
2019-07-22 05:00:00,98815.1796875
2019-07-22 06:00:00,98870.9765625
2019-07-22 07:00:00,98844.515625
2019-07-22 08:00:00,98818.6953125
2019-07-22 09:00:00,98792.1484375
2019-07-22 10:00:00,98855.78125
2019-07-22 11:00:00,98918.6796875
2019-07-22 12:00:00,98982.21875
2019-07-22 13:00:00,98930.9375
2019-07-22 14:00:00,98880.1015625
2019-07-22 15:00:00,98828.96875
2019-07-22 16:00:00,98956.15625
2019-07-22 17:00:00,99083.2578125
2019-07-22 18:00:00,99210.265625
2019-07-22 19:00:00,99189.9140625
2019-07-22 20:00:00,99169.578125
2019-07-22 21:00:00,99149.234375
2019-07-22 22:00:00,99172.5546875
2019-07-22 23:00:00,99195.875
2019-07-23 00:00:00,99218.65625
2019-07-23 01:00:00,99253.7578125
2019-07-23 02:00:00,99289.3984375
2019-07-23 03:00:00,99324.734375
2019-07-23 04:00:00,99372.6796875
2019-07-23 05:00:00,99420.6171875
2019-07-23 06:00:00,99468.5546875
2019-07-23 07:00:00,99395.296875
2019-07-23 08:00:00,99321.9375
2019-07-23 09:00:00,99248.0390625
2019-07-23 10:00:00,99346.8984375
2019-07-23 11:00:00,99445.859375
2019-07-23 12:00:00,99544.71875
2019-07-23 13:00:00,99555.8359375
2019-07-23 14:00:00,99567.40625
2019-07-23 15:00:00,99579.3046875
2019-07-23 16:00:00,99533.9765625
2019-07-23 17:00:00,99488.5546875
2019-07-23 18:00:00,99443.6875
2019-07-23 19:00:00,99418.875
2019-07-23 20:00:00,99393.9765625
2019-07-23 21:00:00,99369.1875
2019-07-23 22:00:00,99349.8203125
2019-07-23 23:00:00,99330.5546875
2019-07-24 00:00:00,99311.2109375
2019-07-24 01:00:00,99403.6953125
2019-07-24 02:00:00,99495.359375
2019-07-24 03:00:00,99587.4609375
2019-07-24 04:00:00,99584.5390625
2019-07-24 05:00:00,99581.71875
2019-07-24 06:00:00,99578.796875
2019-07-24 07:00:00,99551.4453125
2019-07-24 08:00:00,99523.4375
2019-07-24 09:00:00,99495.4375
2019-07-24 10:00:00,99553.5390625
2019-07-24 11:00:00,99612.28125
2019-07-24 12:00:00,99670.28125
2019-07-24 13:00:00,99690.3203125
2019-07-24 14:00:00,99710.15625
2019-07-24 15:00:00,99729.8984375
2019-07-24 16:00:00,99648.015625
2019-07-24 17:00:00,99566.140625
2019-07-24 18:00:00,99484.15625
2019-07-24 19:00:00,99484.234375
2019-07-24 20:00:00,99485.0546875
2019-07-24 21:00:00,99485.140625
2019-07-24 22:00:00,99515.78125
2019-07-24 23:00:00,99547.0546875
2019-07-25 00:00:00,99577.6015625
2019-07-25 01:00:00,99512.296875
2019-07-25 02:00:00,99446.796875
2019-07-25 03:00:00,99381.734375
2019-07-25 04:00:00,99401.4765625
2019-07-25 05:00:00,99421.1171875
2019-07-25 06:00:00,99440.859375
2019-07-25 07:00:00,99396.5859375
2019-07-25 08:00:00,99352.296875
2019-07-25 09:00:00,99308.015625
2019-07-25 10:00:00,99454.8984375
2019-07-25 11:00:00,99601.1484375
2019-07-25 12:00:00,99747.375
2019-07-25 13:00:00,99702.9375
2019-07-25 14:00:00,99659.0390625
2019-07-25 15:00:00,99614.9375
2019-07-25 16:00:00,99602.875
2019-07-25 17:00:00,99590.71875
2019-07-25 18:00:00,99578.5546875
2019-07-25 19:00:00,99591.1640625
2019-07-25 20:00:00,99604.3984375
2019-07-25 21:00:00,99617.734375
2019-07-25 22:00:00,99559.90625
2019-07-25 23:00:00,99502.6953125
2019-07-26 00:00:00,99445.5
2019-07-26 01:00:00,99428.3984375
2019-07-26 02:00:00,99411.1015625
2019-07-26 03:00:00,99393.5078125
2019-07-26 04:00:00,99411.3203125
2019-07-26 05:00:00,99429.78125
2019-07-26 06:00:00,99447.6015625
2019-07-26 07:00:00,99393.21875
2019-07-26 08:00:00,99338.296875
2019-07-26 09:00:00,99283.390625
2019-07-26 10:00:00,99393.5390625
2019-07-26 11:00:00,99503.6953125
2019-07-26 12:00:00,99613.21875
2019-07-26 13:00:00,99554.5703125
2019-07-26 14:00:00,99495.6015625
2019-07-26 15:00:00,99436.640625
2019-07-26 16:00:00,99505.7578125
2019-07-26 17:00:00,99574.140625
2019-07-26 18:00:00,99643.1640625
2019-07-26 19:00:00,99602.296875
2019-07-26 20:00:00,99561.9765625
2019-07-26 21:00:00,99521.125
2019-07-26 22:00:00,99504.5546875
2019-07-26 23:00:00,99488
2019-07-27 00:00:00,99472.078125
2019-07-27 01:00:00,99483.296875
2019-07-27 02:00:00,99494.3203125
2019-07-27 03:00:00,99505.875
2019-07-27 04:00:00,99548.8046875
2019-07-27 05:00:00,99591.71875
2019-07-27 06:00:00,99634.640625
2019-07-27 07:00:00,99660.5390625
2019-07-27 08:00:00,99685.796875
2019-07-27 09:00:00,99711.6953125
2019-07-27 10:00:00,99694.4140625
2019-07-27 11:00:00,99676.5
2019-07-27 12:00:00,99659.1171875
2019-07-27 13:00:00,99652.796875
2019-07-27 14:00:00,99646.8203125
2019-07-27 15:00:00,99640.8359375
2019-07-27 16:00:00,99617.609375
2019-07-27 17:00:00,99595
2019-07-27 18:00:00,99572.3984375
2019-07-27 19:00:00,99555.734375
2019-07-27 20:00:00,99539.078125
2019-07-27 21:00:00,99522.9609375
2019-07-27 22:00:00,99430.3984375
2019-07-27 23:00:00,99337.8359375
2019-07-28 00:00:00,99245.1796875
2019-07-28 01:00:00,99338.1015625
2019-07-28 02:00:00,99430.8203125
2019-07-28 03:00:00,99523.4375
2019-07-28 04:00:00,99450.6015625
2019-07-28 05:00:00,99377.7578125
2019-07-28 06:00:00,99304.9296875
2019-07-28 07:00:00,99329.640625
2019-07-28 08:00:00,99354.359375
2019-07-28 09:00:00,99379.078125
2019-07-28 10:00:00,99374.6953125
2019-07-28 11:00:00,99370.21875
2019-07-28 12:00:00,99365.1953125
2019-07-28 13:00:00,99314.28125
2019-07-28 14:00:00,99263.8984375
2019-07-28 15:00:00,99213.3203125
2019-07-28 16:00:00,99192.2578125
2019-07-28 17:00:00,99171.8359375
2019-07-28 18:00:00,99151.3203125
2019-07-28 19:00:00,99094.078125
2019-07-28 20:00:00,99036.9453125
2019-07-28 21:00:00,98979.796875
2019-07-28 22:00:00,98880.078125
2019-07-28 23:00:00,98781.1015625
2019-07-29 00:00:00,98681.375
2019-07-29 01:00:00,98701.1953125
2019-07-29 02:00:00,98720.1875
2019-07-29 03:00:00,98740.25
2019-07-29 04:00:00,98744.28125
2019-07-29 05:00:00,98748.9609375
2019-07-29 06:00:00,98753.546875
2019-07-29 07:00:00,98738.9765625
2019-07-29 08:00:00,98724.3203125
2019-07-29 09:00:00,98709.015625
2019-07-29 10:00:00,98754.3203125
2019-07-29 11:00:00,98799.515625
2019-07-29 12:00:00,98844.8203125
2019-07-29 13:00:00,98853.265625
2019-07-29 14:00:00,98862.1484375
2019-07-29 15:00:00,98870.8203125
2019-07-29 16:00:00,98864.2265625
2019-07-29 17:00:00,98858.15625
2019-07-29 18:00:00,98852
2019-07-29 19:00:00,98800.8359375
2019-07-29 20:00:00,98749.6875
2019-07-29 21:00:00,98698.515625
2019-07-29 22:00:00,98729.96875
2019-07-29 23:00:00,98760.859375
2019-07-30 00:00:00,98791.65625
2019-07-30 01:00:00,98820.390625
2019-07-30 02:00:00,98849.5390625
2019-07-30 03:00:00,98878.3984375
2019-07-30 04:00:00,98851.515625
2019-07-30 05:00:00,98824.5390625
2019-07-30 06:00:00,98797.5546875
2019-07-30 07:00:00,98863.296875
2019-07-30 08:00:00,98928.296875
2019-07-30 09:00:00,98994.0390625
2019-07-30 10:00:00,99053.875
2019-07-30 11:00:00,99113.71875
2019-07-30 12:00:00,99174.1953125
2019-07-30 13:00:00,99190.6796875
2019-07-30 14:00:00,99207.15625
2019-07-30 15:00:00,99223.4453125
2019-07-30 16:00:00,99217.140625
2019-07-30 17:00:00,99210.1015625
2019-07-30 18:00:00,99203.1640625
2019-07-30 19:00:00,99192.53125
2019-07-30 20:00:00,99181.3359375
2019-07-30 21:00:00,99170.796875
2019-07-30 22:00:00,99127.234375
2019-07-30 23:00:00,99083.6796875
2019-07-31 00:00:00,99040.015625
2019-07-31 01:00:00,99118.9375
2019-07-31 02:00:00,99198.3984375
2019-07-31 03:00:00,99278.296875
2019-07-31 04:00:00,99255.40625
2019-07-31 05:00:00,99233.140625
2019-07-31 06:00:00,99210.875
2019-07-31 07:00:00,99243.375
2019-07-31 08:00:00,99275.875
2019-07-31 09:00:00,99308.4765625
2019-07-31 10:00:00,99329.3984375
2019-07-31 11:00:00,99350.4140625
2019-07-31 12:00:00,99370.796875
2019-07-31 13:00:00,99425.9375
2019-07-31 14:00:00,99480.9765625
2019-07-31 15:00:00,99535.8203125
2019-07-31 16:00:00,99566.25
2019-07-31 17:00:00,99597.296875
2019-07-31 18:00:00,99628.359375
2019-07-31 19:00:00,99626.5
2019-07-31 20:00:00,99624.546875
2019-07-31 21:00:00,99622.0390625
2019-07-31 22:00:00,99528.1796875
2019-07-31 23:00:00,99434.3203125
2019-08-01 00:00:00,99339.8203125
2019-08-01 01:00:00,99390.234375
2019-08-01 02:00:00,99440.46875
2019-08-01 03:00:00,99490.4765625
2019-08-01 04:00:00,99455.2578125
2019-08-01 05:00:00,99420.140625
2019-08-01 06:00:00,99385.015625
2019-08-01 07:00:00,99385.15625
2019-08-01 08:00:00,99384.65625
2019-08-01 09:00:00,99384.796875
2019-08-01 10:00:00,99417.03125
2019-08-01 11:00:00,99449.78125
2019-08-01 12:00:00,99482.0078125
2019-08-01 13:00:00,99462.578125
2019-08-01 14:00:00,99443.7109375
2019-08-01 15:00:00,99424.625
2019-08-01 16:00:00,99443.2578125
2019-08-01 17:00:00,99461.7109375
2019-08-01 18:00:00,99480.890625
2019-08-01 19:00:00,99455.8046875
2019-08-01 20:00:00,99431.2578125
2019-08-01 21:00:00,99406.1796875
2019-08-01 22:00:00,99376.6796875
2019-08-01 23:00:00,99346.546875
2019-08-02 00:00:00,99316.9375
2019-08-02 01:00:00,99417.1953125
2019-08-02 02:00:00,99517.46875
2019-08-02 03:00:00,99617.515625
2019-08-02 04:00:00,99553.890625
2019-08-02 05:00:00,99490.78125
2019-08-02 06:00:00,99427.6796875
2019-08-02 07:00:00,99487
2019-08-02 08:00:00,99545.6796875
2019-08-02 09:00:00,99605.0078125
2019-08-02 10:00:00,99600.375
2019-08-02 11:00:00,99595.1171875
2019-08-02 12:00:00,99590.5
2019-08-02 13:00:00,99569.015625
2019-08-02 14:00:00,99548.71875
2019-08-02 15:00:00,99527.578125
2019-08-02 16:00:00,99466.796875
2019-08-02 17:00:00,99405.8203125
2019-08-02 18:00:00,99344.9453125
2019-08-02 19:00:00,99267.40625
2019-08-02 20:00:00,99189.3203125
2019-08-02 21:00:00,99111.875
2019-08-02 22:00:00,99136.15625
2019-08-02 23:00:00,99159.796875
2019-08-03 00:00:00,99184.078125
2019-08-03 01:00:00,99171
2019-08-03 02:00:00,99157.7265625
2019-08-03 03:00:00,99144.3359375
2019-08-03 04:00:00,99119.296875
2019-08-03 05:00:00,99094.15625
2019-08-03 06:00:00,99069.1171875
2019-08-03 07:00:00,99047.8984375
2019-08-03 08:00:00,99026.78125
2019-08-03 09:00:00,99005.5546875
2019-08-03 10:00:00,99060.2890625
2019-08-03 11:00:00,99114.90625
2019-08-03 12:00:00,99169.6171875
2019-08-03 13:00:00,99138.4140625
2019-08-03 14:00:00,99107.125
2019-08-03 15:00:00,99076.15625
2019-08-03 16:00:00,99084.578125
2019-08-03 17:00:00,99092.359375
2019-08-03 18:00:00,99100.0390625
2019-08-03 19:00:00,99043.859375
2019-08-03 20:00:00,98987.0390625
2019-08-03 21:00:00,98930.859375
2019-08-03 22:00:00,98984.6015625
2019-08-03 23:00:00,99038.890625
2019-08-04 00:00:00,99093.15625
2019-08-04 01:00:00,99077.6796875
2019-08-04 02:00:00,99062.640625
2019-08-04 03:00:00,99048.046875
2019-08-04 04:00:00,99106.3359375
2019-08-04 05:00:00,99164.5390625
2019-08-04 06:00:00,99222.75
2019-08-04 07:00:00,99179.890625
2019-08-04 08:00:00,99136.4765625
2019-08-04 09:00:00,99092.9765625
2019-08-04 10:00:00,99148.1953125
2019-08-04 11:00:00,99203.515625
2019-08-04 12:00:00,99258.8359375
2019-08-04 13:00:00,99158.21875
2019-08-04 14:00:00,99058.140625
2019-08-04 15:00:00,98957.21875
2019-08-04 16:00:00,99035.6953125
2019-08-04 17:00:00,99114.078125
2019-08-04 18:00:00,99192.359375
2019-08-04 19:00:00,99135.9375
2019-08-04 20:00:00,99079.4296875
2019-08-04 21:00:00,99023
2019-08-04 22:00:00,99004.859375
2019-08-04 23:00:00,98986.1875
2019-08-05 00:00:00,98968.0390625
2019-08-05 01:00:00,99005.8984375
2019-08-05 02:00:00,99043.5703125
2019-08-05 03:00:00,99081.125
2019-08-05 04:00:00,99068.9609375
2019-08-05 05:00:00,99056.796875
2019-08-05 06:00:00,99044.640625
2019-08-05 07:00:00,99034.609375
2019-08-05 08:00:00,99024.5546875
2019-08-05 09:00:00,99014.515625
2019-08-05 10:00:00,99020.296875
2019-08-05 11:00:00,99025.4375
2019-08-05 12:00:00,99031.3203125
2019-08-05 13:00:00,98988.1171875
2019-08-05 14:00:00,98945.5703125
2019-08-05 15:00:00,98902.7109375
2019-08-05 16:00:00,98884.6875
2019-08-05 17:00:00,98867.1953125
2019-08-05 18:00:00,98848.9765625
2019-08-05 19:00:00,98805.9375
2019-08-05 20:00:00,98762.796875
2019-08-05 21:00:00,98719.7578125
2019-08-05 22:00:00,98736.875
2019-08-05 23:00:00,98754.1015625
2019-08-06 00:00:00,98771.2265625
2019-08-06 01:00:00,98711.125
2019-08-06 02:00:00,98650.71875
2019-08-06 03:00:00,98590.21875
2019-08-06 04:00:00,98617
2019-08-06 05:00:00,98644.4140625
2019-08-06 06:00:00,98671.1953125
2019-08-06 07:00:00,98596.875
2019-08-06 08:00:00,98522.65625
2019-08-06 09:00:00,98447.6953125
2019-08-06 10:00:00,98513.6796875
2019-08-06 11:00:00,98579.5546875
2019-08-06 12:00:00,98644.796875
2019-08-06 13:00:00,98684.3984375
2019-08-06 14:00:00,98724.4453125
2019-08-06 15:00:00,98763.640625
2019-08-06 16:00:00,98652.1171875
2019-08-06 17:00:00,98540.5078125
2019-08-06 18:00:00,98428.234375
2019-08-06 19:00:00,98498.4140625
2019-08-06 20:00:00,98568.609375
2019-08-06 21:00:00,98638.875
2019-08-06 22:00:00,98601.5078125
2019-08-06 23:00:00,98564.859375
2019-08-07 00:00:00,98527.4765625
2019-08-07 01:00:00,98534
2019-08-07 02:00:00,98541.0546875
2019-08-07 03:00:00,98547.8203125
2019-08-07 04:00:00,98597.71875
2019-08-07 05:00:00,98647.515625
2019-08-07 06:00:00,98697.21875
2019-08-07 07:00:00,98640.5390625
2019-08-07 08:00:00,98583.21875
2019-08-07 09:00:00,98526.4375
2019-08-07 10:00:00,98556.625
2019-08-07 11:00:00,98586.8984375
2019-08-07 12:00:00,98617.71875
2019-08-07 13:00:00,98619.7890625
2019-08-07 14:00:00,98622.375
2019-08-07 15:00:00,98624.7890625
2019-08-07 16:00:00,98628.015625
2019-08-07 17:00:00,98631.2578125
2019-08-07 18:00:00,98633.859375
2019-08-07 19:00:00,98601.6015625
2019-08-07 20:00:00,98569.3359375
2019-08-07 21:00:00,98537.078125
2019-08-07 22:00:00,98509.71875
2019-08-07 23:00:00,98483
2019-08-08 00:00:00,98456.28125
2019-08-08 01:00:00,98521.015625
2019-08-08 02:00:00,98585.65625
2019-08-08 03:00:00,98650.640625
2019-08-08 04:00:00,98690.4609375
2019-08-08 05:00:00,98729.734375
2019-08-08 06:00:00,98768.9140625
2019-08-08 07:00:00,98757.6953125
2019-08-08 08:00:00,98745.8515625
2019-08-08 09:00:00,98734.515625
2019-08-08 10:00:00,98723.8046875
2019-08-08 11:00:00,98712.9765625
2019-08-08 12:00:00,98702.265625
2019-08-08 13:00:00,98711.15625
2019-08-08 14:00:00,98719.9609375
2019-08-08 15:00:00,98729.3046875
2019-08-08 16:00:00,98767.5546875
2019-08-08 17:00:00,98806.3671875
2019-08-08 18:00:00,98844.515625
2019-08-08 19:00:00,98812.640625
2019-08-08 20:00:00,98780.765625
2019-08-08 21:00:00,98749.515625
2019-08-08 22:00:00,98715.65625
2019-08-08 23:00:00,98681.6953125
2019-08-09 00:00:00,98648.375
2019-08-09 01:00:00,98628.6796875
2019-08-09 02:00:00,98608.7890625
2019-08-09 03:00:00,98588.6796875
2019-08-09 04:00:00,98718.6953125
2019-08-09 05:00:00,98848.7265625
2019-08-09 06:00:00,98978.734375
2019-08-09 07:00:00,98907.2578125
2019-08-09 08:00:00,98835.78125
2019-08-09 09:00:00,98764.8359375
2019-08-09 10:00:00,98839.015625
2019-08-09 11:00:00,98913.8359375
2019-08-09 12:00:00,98988.03125
2019-08-09 13:00:00,98963.46875
2019-08-09 14:00:00,98938.796875
2019-08-09 15:00:00,98913.8515625
2019-08-09 16:00:00,98920.3203125
2019-08-09 17:00:00,98927.4375
2019-08-09 18:00:00,98933.8203125
2019-08-09 19:00:00,98853.4609375
2019-08-09 20:00:00,98772.4609375
2019-08-09 21:00:00,98691.4609375
2019-08-09 22:00:00,98697.9375
2019-08-09 23:00:00,98704.515625
2019-08-10 00:00:00,98711.1015625
2019-08-10 01:00:00,98725.609375
2019-08-10 02:00:00,98740.5390625
2019-08-10 03:00:00,98755.375
2019-08-10 04:00:00,98787.4765625
2019-08-10 05:00:00,98819.0390625
2019-08-10 06:00:00,98850.5078125
2019-08-10 07:00:00,98776.515625
2019-08-10 08:00:00,98702
2019-08-10 09:00:00,98628.015625
2019-08-10 10:00:00,98692.296875
2019-08-10 11:00:00,98756.6875
2019-08-10 12:00:00,98820.9609375
2019-08-10 13:00:00,98859.53125
2019-08-10 14:00:00,98898.53125
2019-08-10 15:00:00,98936.890625
2019-08-10 16:00:00,98946.8203125
2019-08-10 17:00:00,98956.65625
2019-08-10 18:00:00,98966.6015625
2019-08-10 19:00:00,98931.7890625
2019-08-10 20:00:00,98897.6015625
2019-08-10 21:00:00,98862.78125
2019-08-10 22:00:00,98788.3203125
2019-08-10 23:00:00,98714.40625
2019-08-11 00:00:00,98639.9453125
2019-08-11 01:00:00,98667.8203125
2019-08-11 02:00:00,98696.140625
2019-08-11 03:00:00,98724.2578125
2019-08-11 04:00:00,98780.9765625
2019-08-11 05:00:00,98837.7109375
2019-08-11 06:00:00,98894.4140625
2019-08-11 07:00:00,98813.71875
2019-08-11 08:00:00,98732.9140625
2019-08-11 09:00:00,98652.21875
2019-08-11 10:00:00,98694.78125
2019-08-11 11:00:00,98737.984375
2019-08-11 12:00:00,98781.1796875
2019-08-11 13:00:00,98772.296875
2019-08-11 14:00:00,98763.96875
2019-08-11 15:00:00,98755.515625
2019-08-11 16:00:00,98782.71875
2019-08-11 17:00:00,98809.28125
2019-08-11 18:00:00,98836.375
2019-08-11 19:00:00,98820.6484375
2019-08-11 20:00:00,98804.8046875
2019-08-11 21:00:00,98789.0546875
2019-08-11 22:00:00,98786.0546875
2019-08-11 23:00:00,98783.6953125
2019-08-12 00:00:00,98780.7109375
2019-08-12 01:00:00,98744.0390625
2019-08-12 02:00:00,98707.828125
2019-08-12 03:00:00,98671.6015625
2019-08-12 04:00:00,98740.2578125
2019-08-12 05:00:00,98808.9140625
2019-08-12 06:00:00,98877.484375
2019-08-12 07:00:00,98829.2578125
2019-08-12 08:00:00,98780.9375
2019-08-12 09:00:00,98732.71875
2019-08-12 10:00:00,98736.484375
2019-08-12 11:00:00,98740.875
2019-08-12 12:00:00,98744.640625
2019-08-12 13:00:00,98682.1953125
2019-08-12 14:00:00,98619.65625
2019-08-12 15:00:00,98557.65625
2019-08-12 16:00:00,98536.5703125
2019-08-12 17:00:00,98515.4609375
2019-08-12 18:00:00,98495
2019-08-12 19:00:00,98435.2578125
2019-08-12 20:00:00,98375.4140625
2019-08-12 21:00:00,98315.5859375
2019-08-12 22:00:00,98345.4375
2019-08-12 23:00:00,98375.1953125
2019-08-13 00:00:00,98405.0546875
2019-08-13 01:00:00,98410.1953125
2019-08-13 02:00:00,98415.0390625
2019-08-13 03:00:00,98420.3203125
2019-08-13 04:00:00,98457.515625
2019-08-13 05:00:00,98494.828125
2019-08-13 06:00:00,98532.1171875
2019-08-13 07:00:00,98580.28125
2019-08-13 08:00:00,98627.796875
2019-08-13 09:00:00,98676.0703125
2019-08-13 10:00:00,98684.4140625
2019-08-13 11:00:00,98693.515625
2019-08-13 12:00:00,98702.6171875
2019-08-13 13:00:00,98712.6015625
2019-08-13 14:00:00,98723.015625
2019-08-13 15:00:00,98733.140625
2019-08-13 16:00:00,98771.28125
2019-08-13 17:00:00,98809.4140625
2019-08-13 18:00:00,98847.4609375
2019-08-13 19:00:00,98820.78125
2019-08-13 20:00:00,98794
2019-08-13 21:00:00,98767.328125
2019-08-13 22:00:00,98796.8359375
2019-08-13 23:00:00,98826.2578125
2019-08-14 00:00:00,98855.046875
2019-08-14 01:00:00,98846.65625
2019-08-14 02:00:00,98838.078125
2019-08-14 03:00:00,98829.3984375
2019-08-14 04:00:00,98894.65625
2019-08-14 05:00:00,98959.9296875
2019-08-14 06:00:00,99024.5390625
2019-08-14 07:00:00,99045.4140625
2019-08-14 08:00:00,99065.65625
2019-08-14 09:00:00,99085.8984375
2019-08-14 10:00:00,99111.9453125
2019-08-14 11:00:00,99137.3359375
2019-08-14 12:00:00,99162.734375
2019-08-14 13:00:00,99144.1171875
2019-08-14 14:00:00,99125.8515625
2019-08-14 15:00:00,99107.3671875
2019-08-14 16:00:00,99089.984375
2019-08-14 17:00:00,99073.25
2019-08-14 18:00:00,99056.5078125
2019-08-14 19:00:00,99111.3359375
2019-08-14 20:00:00,99166.078125
2019-08-14 21:00:00,99220.9296875
2019-08-14 22:00:00,99131.8984375
2019-08-14 23:00:00,99042.875
2019-08-15 00:00:00,98954.40625
2019-08-15 01:00:00,99025.2578125
2019-08-15 02:00:00,99096.359375
2019-08-15 03:00:00,99167.2578125
2019-08-15 04:00:00,99194.015625
2019-08-15 05:00:00,99221.4296875
2019-08-15 06:00:00,99248.1796875
2019-08-15 07:00:00,99214.8203125
2019-08-15 08:00:00,99180.9296875
2019-08-15 09:00:00,99147.5703125
2019-08-15 10:00:00,99151.875
2019-08-15 11:00:00,99156.1953125
2019-08-15 12:00:00,99160.515625
2019-08-15 13:00:00,99207.65625
2019-08-15 14:00:00,99254.5
2019-08-15 15:00:00,99301.7890625
2019-08-15 16:00:00,99265.6875
2019-08-15 17:00:00,99229.5859375
2019-08-15 18:00:00,99193.484375
2019-08-15 19:00:00,99159.9296875
2019-08-15 20:00:00,99126.3671875
2019-08-15 21:00:00,99092.1640625
2019-08-15 22:00:00,98999.296875
2019-08-15 23:00:00,98906.5390625
2019-08-16 00:00:00,98813.6796875
2019-08-16 01:00:00,98841.28125
2019-08-16 02:00:00,98869.859375
2019-08-16 03:00:00,98897.609375
2019-08-16 04:00:00,98923.4609375
2019-08-16 05:00:00,98948.78125
2019-08-16 06:00:00,98974.109375
2019-08-16 07:00:00,98947.71875
2019-08-16 08:00:00,98920.6953125
2019-08-16 09:00:00,98893.6796875
2019-08-16 10:00:00,98846.015625
2019-08-16 11:00:00,98797.6171875
2019-08-16 12:00:00,98749.8671875
2019-08-16 13:00:00,98760.9765625
2019-08-16 14:00:00,98773.0859375
2019-08-16 15:00:00,98784.3359375
2019-08-16 16:00:00,98753.0546875
2019-08-16 17:00:00,98721.578125
2019-08-16 18:00:00,98690.1953125
2019-08-16 19:00:00,98662.359375
2019-08-16 20:00:00,98634.6171875
2019-08-16 21:00:00,98606.7890625
2019-08-16 22:00:00,98545.8359375
2019-08-16 23:00:00,98484.8984375
2019-08-17 00:00:00,98424.6015625
2019-08-17 01:00:00,98473.0703125
2019-08-17 02:00:00,98521.3203125
2019-08-17 03:00:00,98569.9140625
2019-08-17 04:00:00,98611.7578125
2019-08-17 05:00:00,98653.6015625
2019-08-17 06:00:00,98695.4453125
2019-08-17 07:00:00,98672.3984375
2019-08-17 08:00:00,98648.8203125
2019-08-17 09:00:00,98625.78125
2019-08-17 10:00:00,98629.28125
2019-08-17 11:00:00,98632.6796875
2019-08-17 12:00:00,98636.8203125
2019-08-17 13:00:00,98595.9765625
2019-08-17 14:00:00,98555.6796875
2019-08-17 15:00:00,98515.28125
2019-08-17 16:00:00,98493.6875
2019-08-17 17:00:00,98472.078125
2019-08-17 18:00:00,98451.1171875
2019-08-17 19:00:00,98449.0859375
2019-08-17 20:00:00,98447.0390625
2019-08-17 21:00:00,98445
2019-08-17 22:00:00,98391.078125
2019-08-17 23:00:00,98337.0546875
2019-08-18 00:00:00,98283.6796875
2019-08-18 01:00:00,98306.5078125
2019-08-18 02:00:00,98329.6640625
2019-08-18 03:00:00,98352.71875
2019-08-18 04:00:00,98408.3203125
2019-08-18 05:00:00,98464.015625
2019-08-18 06:00:00,98519.6171875
2019-08-18 07:00:00,98484.9296875
2019-08-18 08:00:00,98450.859375
2019-08-18 09:00:00,98416.796875
2019-08-18 10:00:00,98444.875
2019-08-18 11:00:00,98472.9609375
2019-08-18 12:00:00,98500.3984375
2019-08-18 13:00:00,98496.875
2019-08-18 14:00:00,98493.15625
2019-08-18 15:00:00,98489.140625
2019-08-18 16:00:00,98517.3359375
2019-08-18 17:00:00,98544.796875
2019-08-18 18:00:00,98572.8984375
2019-08-18 19:00:00,98514.8359375
2019-08-18 20:00:00,98456.7890625
2019-08-18 21:00:00,98399.2578125
2019-08-18 22:00:00,98428.7890625
2019-08-18 23:00:00,98458.9375
2019-08-19 00:00:00,98488.5546875
2019-08-19 01:00:00,98538.7890625
2019-08-19 02:00:00,98588.796875
2019-08-19 03:00:00,98638.53125
2019-08-19 04:00:00,98695.78125
2019-08-19 05:00:00,98753.6796875
2019-08-19 06:00:00,98810.3984375
2019-08-19 07:00:00,98844.640625
2019-08-19 08:00:00,98878.3359375
2019-08-19 09:00:00,98911.3984375
2019-08-19 10:00:00,98975.8671875
2019-08-19 11:00:00,99039.5859375
2019-08-19 12:00:00,99104.0390625
2019-08-19 13:00:00,99088.0546875
2019-08-19 14:00:00,99071.78125
2019-08-19 15:00:00,99055.8359375
2019-08-19 16:00:00,99022.515625
2019-08-19 17:00:00,98989.1953125
2019-08-19 18:00:00,98955.78125
2019-08-19 19:00:00,98919.0703125
2019-08-19 20:00:00,98881.6953125
2019-08-19 21:00:00,98844.9765625
2019-08-19 22:00:00,98859.5546875
2019-08-19 23:00:00,98874.6796875
2019-08-20 00:00:00,98889.265625
2019-08-20 01:00:00,98856.40625
2019-08-20 02:00:00,98823.4375
2019-08-20 03:00:00,98790.828125
2019-08-20 04:00:00,98843.21875
2019-08-20 05:00:00,98894.9765625
2019-08-20 06:00:00,98946.734375
2019-08-20 07:00:00,98990.1953125
2019-08-20 08:00:00,99032.9140625
2019-08-20 09:00:00,99075.734375
2019-08-20 10:00:00,99020.8203125
2019-08-20 11:00:00,98965.8046875
2019-08-20 12:00:00,98910.78125
2019-08-20 13:00:00,98953.3359375
2019-08-20 14:00:00,98996.7890625
2019-08-20 15:00:00,99039.9140625
2019-08-20 16:00:00,99083.4140625
2019-08-20 17:00:00,99127.4609375
2019-08-20 18:00:00,99171.5
2019-08-20 19:00:00,99095.3203125
2019-08-20 20:00:00,99019.0390625
2019-08-20 21:00:00,98942.7578125
2019-08-20 22:00:00,98871.6796875
2019-08-20 23:00:00,98800.6015625
2019-08-21 00:00:00,98729.515625
2019-08-21 01:00:00,98777.5859375
2019-08-21 02:00:00,98825.984375
2019-08-21 03:00:00,98874.1796875
2019-08-21 04:00:00,98892.296875
2019-08-21 05:00:00,98910.3203125
2019-08-21 06:00:00,98928.3515625
2019-08-21 07:00:00,98930.9375
2019-08-21 08:00:00,98933.5390625
2019-08-21 09:00:00,98936.140625
2019-08-21 10:00:00,98963.53125
2019-08-21 11:00:00,98990.8046875
2019-08-21 12:00:00,99018.7265625
2019-08-21 13:00:00,99026.4609375
2019-08-21 14:00:00,99034.5390625
2019-08-21 15:00:00,99042.96875
2019-08-21 16:00:00,99046.1796875
2019-08-21 17:00:00,99049.9375
2019-08-21 18:00:00,99053.0703125
2019-08-21 19:00:00,98993.9375
2019-08-21 20:00:00,98935.4609375
2019-08-21 21:00:00,98876.3359375
2019-08-21 22:00:00,98859.8984375
2019-08-21 23:00:00,98843.4609375
2019-08-22 00:00:00,98827.1171875
2019-08-22 01:00:00,98901.2578125
2019-08-22 02:00:00,98975.296875
2019-08-22 03:00:00,99049.578125
2019-08-22 04:00:00,99001.015625
2019-08-22 05:00:00,98953
2019-08-22 06:00:00,98904.984375
2019-08-22 07:00:00,98868.328125
2019-08-22 08:00:00,98832.3046875
2019-08-22 09:00:00,98795.6484375
2019-08-22 10:00:00,98804.65625
2019-08-22 11:00:00,98813.6796875
2019-08-22 12:00:00,98822.0546875
2019-08-22 13:00:00,98889.015625
2019-08-22 14:00:00,98955.78125
2019-08-22 15:00:00,99022.234375
2019-08-22 16:00:00,99018.515625
2019-08-22 17:00:00,99014.0546875
2019-08-22 18:00:00,99010.140625
2019-08-22 19:00:00,98980.8203125
2019-08-22 20:00:00,98951.5078125
2019-08-22 21:00:00,98922.1796875
2019-08-22 22:00:00,98908.8515625
2019-08-22 23:00:00,98894.859375
2019-08-23 00:00:00,98881.515625
2019-08-23 01:00:00,98911.2265625
2019-08-23 02:00:00,98940.8203125
2019-08-23 03:00:00,98970.1171875
2019-08-23 04:00:00,98964.15625
2019-08-23 05:00:00,98957.5546875
2019-08-23 06:00:00,98950.96875
2019-08-23 07:00:00,99023.71875
2019-08-23 08:00:00,99096.375
2019-08-23 09:00:00,99169.046875
2019-08-23 10:00:00,99183.6953125
2019-08-23 11:00:00,99198.8984375
2019-08-23 12:00:00,99213.4609375
2019-08-23 13:00:00,99288.4609375
2019-08-23 14:00:00,99363.2578125
2019-08-23 15:00:00,99437.859375
2019-08-23 16:00:00,99351.9375
2019-08-23 17:00:00,99266.015625
2019-08-23 18:00:00,99180.109375
2019-08-23 19:00:00,99189.6953125
2019-08-23 20:00:00,99199.296875
2019-08-23 21:00:00,99209.0078125
2019-08-23 22:00:00,99205.265625
2019-08-23 23:00:00,99200.9765625
2019-08-24 00:00:00,99196.6953125
2019-08-24 01:00:00,99327.0078125
2019-08-24 02:00:00,99457.734375
2019-08-24 03:00:00,99588.2890625
2019-08-24 04:00:00,99479.3515625
2019-08-24 05:00:00,99370.9375
2019-08-24 06:00:00,99262.640625
2019-08-24 07:00:00,99337.0859375
2019-08-24 08:00:00,99412.0703125
2019-08-24 09:00:00,99487.140625
2019-08-24 10:00:00,99499.6875
2019-08-24 11:00:00,99512.859375
2019-08-24 12:00:00,99525.3984375
2019-08-24 13:00:00,99516.4375
2019-08-24 14:00:00,99508.03125
2019-08-24 15:00:00,99498.7578125
2019-08-24 16:00:00,99471.8984375
2019-08-24 17:00:00,99444.5
2019-08-24 18:00:00,99417
2019-08-24 19:00:00,99384.5
2019-08-24 20:00:00,99352.0078125
2019-08-24 21:00:00,99319.40625
2019-08-24 22:00:00,99313.3984375
2019-08-24 23:00:00,99307.3984375
2019-08-25 00:00:00,99301.3984375
2019-08-25 01:00:00,99337.375
2019-08-25 02:00:00,99372.6171875
2019-08-25 03:00:00,99408.1953125
2019-08-25 04:00:00,99367.0078125
2019-08-25 05:00:00,99325.796875
2019-08-25 06:00:00,99284.5
2019-08-25 07:00:00,99262.9375
2019-08-25 08:00:00,99240.640625
2019-08-25 09:00:00,99218.984375
2019-08-25 10:00:00,99128.9609375
2019-08-25 11:00:00,99038.9375
2019-08-25 12:00:00,98949.5546875
2019-08-25 13:00:00,98936.9140625
2019-08-25 14:00:00,98924.1796875
2019-08-25 15:00:00,98911.234375
2019-08-25 16:00:00,98894.515625
2019-08-25 17:00:00,98878.3359375
2019-08-25 18:00:00,98861.515625
2019-08-25 19:00:00,98744.140625
2019-08-25 20:00:00,98627.5
2019-08-25 21:00:00,98510.1171875
2019-08-25 22:00:00,98452.21875
2019-08-25 23:00:00,98393.6796875
2019-08-26 00:00:00,98335.046875
2019-08-26 01:00:00,98353.796875
2019-08-26 02:00:00,98372.8984375
2019-08-26 03:00:00,98391.796875
2019-08-26 04:00:00,98365.625
2019-08-26 05:00:00,98339.4375
2019-08-26 06:00:00,98312.6171875
2019-08-26 07:00:00,98298.890625
2019-08-26 08:00:00,98285.046875
2019-08-26 09:00:00,98271.2109375
2019-08-26 10:00:00,98218.6171875
2019-08-26 11:00:00,98165.3984375
2019-08-26 12:00:00,98112.8203125
2019-08-26 13:00:00,98160.6015625
2019-08-26 14:00:00,98208.28125
2019-08-26 15:00:00,98256.5
2019-08-26 16:00:00,98203.515625
2019-08-26 17:00:00,98151.078125
2019-08-26 18:00:00,98098.640625
2019-08-26 19:00:00,98123.03125
2019-08-26 20:00:00,98147.5
2019-08-26 21:00:00,98172.515625
2019-08-26 22:00:00,98148.78125
2019-08-26 23:00:00,98125.6796875
2019-08-27 00:00:00,98102.5859375
2019-08-27 01:00:00,98122.9609375
2019-08-27 02:00:00,98143.7890625
2019-08-27 03:00:00,98164.8515625
2019-08-27 04:00:00,98186.8984375
2019-08-27 05:00:00,98209.5
2019-08-27 06:00:00,98232.1015625
2019-08-27 07:00:00,98369.515625
2019-08-27 08:00:00,98506.3984375
2019-08-27 09:00:00,98643.9140625
2019-08-27 10:00:00,98615.4140625
2019-08-27 11:00:00,98586.9296875
2019-08-27 12:00:00,98558.53125
2019-08-27 13:00:00,98636.9609375
2019-08-27 14:00:00,98715.1953125
2019-08-27 15:00:00,98793.78125
2019-08-27 16:00:00,98803.7890625
2019-08-27 17:00:00,98813.140625
2019-08-27 18:00:00,98822.9453125
2019-08-27 19:00:00,98898.6171875
2019-08-27 20:00:00,98973.5546875
2019-08-27 21:00:00,99049.140625
2019-08-27 22:00:00,99076.1015625
2019-08-27 23:00:00,99103.0546875
2019-08-28 00:00:00,99130.015625
2019-08-28 01:00:00,99135.15625
2019-08-28 02:00:00,99140.6484375
2019-08-28 03:00:00,99145.8203125
2019-08-28 04:00:00,99175.9140625
2019-08-28 05:00:00,99206.6640625
2019-08-28 06:00:00,99237.296875
2019-08-28 07:00:00,99286.875
2019-08-28 08:00:00,99337
2019-08-28 09:00:00,99386.578125
2019-08-28 10:00:00,99415.875
2019-08-28 11:00:00,99445.28125
2019-08-28 12:00:00,99474.578125
2019-08-28 13:00:00,99461.9609375
2019-08-28 14:00:00,99449.6796875
2019-08-28 15:00:00,99437.734375
2019-08-28 16:00:00,99487.46875
2019-08-28 17:00:00,99537.078125
2019-08-28 18:00:00,99586.6953125
2019-08-28 19:00:00,99519.28125
2019-08-28 20:00:00,99451.3203125
2019-08-28 21:00:00,99383.359375
2019-08-28 22:00:00,99281.6953125
2019-08-28 23:00:00,99179.9453125
2019-08-29 00:00:00,99078.28125
2019-08-29 01:00:00,99067.1015625
2019-08-29 02:00:00,99055.6171875
2019-08-29 03:00:00,99044.484375
2019-08-29 04:00:00,99096.8203125
2019-08-29 05:00:00,99149.15625
2019-08-29 06:00:00,99200.859375
2019-08-29 07:00:00,99162.234375
2019-08-29 08:00:00,99122.875
2019-08-29 09:00:00,99084.265625
2019-08-29 10:00:00,99069.265625
2019-08-29 11:00:00,99053.625
2019-08-29 12:00:00,99038.625
2019-08-29 13:00:00,99109.5390625
2019-08-29 14:00:00,99180.8984375
2019-08-29 15:00:00,99251.9609375
2019-08-29 16:00:00,99206.578125
2019-08-29 17:00:00,99161.734375
2019-08-29 18:00:00,99116.3671875
2019-08-29 19:00:00,99062.5390625
2019-08-29 20:00:00,99008.71875
2019-08-29 21:00:00,98954.2578125
2019-08-29 22:00:00,98946.2109375
2019-08-29 23:00:00,98937.5
2019-08-30 00:00:00,98928.7109375
2019-08-30 01:00:00,98959.15625
2019-08-30 02:00:00,98988.875
2019-08-30 03:00:00,99019.0390625
2019-08-30 04:00:00,99006.140625
2019-08-30 05:00:00,98993.140625
2019-08-30 06:00:00,98980.234375
2019-08-30 07:00:00,99002.28125
2019-08-30 08:00:00,99024.96875
2019-08-30 09:00:00,99047
2019-08-30 10:00:00,99044.1015625
2019-08-30 11:00:00,99041.2109375
2019-08-30 12:00:00,99038.296875
2019-08-30 13:00:00,99074.046875
2019-08-30 14:00:00,99109.484375
2019-08-30 15:00:00,99145.2578125
2019-08-30 16:00:00,99191.390625
2019-08-30 17:00:00,99237.3984375
2019-08-30 18:00:00,99283.4140625
2019-08-30 19:00:00,99320.2578125
2019-08-30 20:00:00,99357.1953125
2019-08-30 21:00:00,99394.0390625
2019-08-30 22:00:00,99418.875
2019-08-30 23:00:00,99443.6171875
2019-08-31 00:00:00,99467.8203125
2019-08-31 01:00:00,99462.1015625
2019-08-31 02:00:00,99456.71875
2019-08-31 03:00:00,99451.234375
2019-08-31 04:00:00,99474.828125
2019-08-31 05:00:00,99498.5
2019-08-31 06:00:00,99522.078125
2019-08-31 07:00:00,99437.9140625
2019-08-31 08:00:00,99353.1171875
2019-08-31 09:00:00,99268.9609375
2019-08-31 10:00:00,99265.875
2019-08-31 11:00:00,99262.796875
2019-08-31 12:00:00,99259.1796875
2019-08-31 13:00:00,99354
2019-08-31 14:00:00,99448.515625
2019-08-31 15:00:00,99542.8359375
2019-08-31 16:00:00,99480.296875
2019-08-31 17:00:00,99417.6640625
2019-08-31 18:00:00,99354.9140625
2019-08-31 19:00:00,99359.9375
2019-08-31 20:00:00,99365.6015625
2019-08-31 21:00:00,99370.515625
2019-08-31 22:00:00,99288.7578125
2019-08-31 23:00:00,99206.90625
2019-09-01 00:00:00,99124.5
2019-09-01 01:00:00,99154.5546875
2019-09-01 02:00:00,99184.4140625
2019-09-01 03:00:00,99214.078125
2019-09-01 04:00:00,99265.7578125
2019-09-01 05:00:00,99317.4375
2019-09-01 06:00:00,99369.1171875
2019-09-01 07:00:00,99304.859375
2019-09-01 08:00:00,99241.3359375
2019-09-01 09:00:00,99177.7265625
2019-09-01 10:00:00,99264.4296875
2019-09-01 11:00:00,99351.765625
2019-09-01 12:00:00,99438.5546875
2019-09-01 13:00:00,99483.5546875
2019-09-01 14:00:00,99528.359375
2019-09-01 15:00:00,99572.859375
2019-09-01 16:00:00,99553.96875
2019-09-01 17:00:00,99535.0546875
2019-09-01 18:00:00,99516.6953125
2019-09-01 19:00:00,99423.9375
2019-09-01 20:00:00,99331.0859375
2019-09-01 21:00:00,99238.328125
2019-09-01 22:00:00,99229.3046875
2019-09-01 23:00:00,99220.2890625
2019-09-02 00:00:00,99211.90625
2019-09-02 01:00:00,99255.21875
2019-09-02 02:00:00,99298.25
2019-09-02 03:00:00,99341.6015625
2019-09-02 04:00:00,99363.734375
2019-09-02 05:00:00,99386.515625
2019-09-02 06:00:00,99409.296875
2019-09-02 07:00:00,99407.8984375
2019-09-02 08:00:00,99407.1484375
2019-09-02 09:00:00,99405.734375
2019-09-02 10:00:00,99338.15625
2019-09-02 11:00:00,99269.9453125
2019-09-02 12:00:00,99202.359375
2019-09-02 13:00:00,99216.140625
2019-09-02 14:00:00,99229.515625
2019-09-02 15:00:00,99243.3359375
2019-09-02 16:00:00,99266.1484375
2019-09-02 17:00:00,99288.8359375
2019-09-02 18:00:00,99311.5390625
2019-09-02 19:00:00,99244.8984375
2019-09-02 20:00:00,99177.625
2019-09-02 21:00:00,99110.3359375
2019-09-02 22:00:00,99056.4140625
2019-09-02 23:00:00,99002.5
2019-09-03 00:00:00,98948.5859375
2019-09-03 01:00:00,98967.3984375
2019-09-03 02:00:00,98986.015625
2019-09-03 03:00:00,99005.0859375
2019-09-03 04:00:00,98992.4375
2019-09-03 05:00:00,98979.15625
2019-09-03 06:00:00,98966.515625
2019-09-03 07:00:00,98964.4140625
2019-09-03 08:00:00,98962.21875
2019-09-03 09:00:00,98960.1171875
2019-09-03 10:00:00,98939.6953125
2019-09-03 11:00:00,98919.28125
2019-09-03 12:00:00,98898.859375
2019-09-03 13:00:00,98935.71875
2019-09-03 14:00:00,98972.9140625
2019-09-03 15:00:00,99009.28125
2019-09-03 16:00:00,98961.859375
2019-09-03 17:00:00,98915.078125
2019-09-03 18:00:00,98867.4609375
2019-09-03 19:00:00,98868.2578125
2019-09-03 20:00:00,98868.96875
2019-09-03 21:00:00,98869.7578125
2019-09-03 22:00:00,98824.65625
2019-09-03 23:00:00,98779.5546875
2019-09-04 00:00:00,98735.1015625
2019-09-04 01:00:00,98719.125
2019-09-04 02:00:00,98704.015625
2019-09-04 03:00:00,98688.078125
2019-09-04 04:00:00,98803.9375
2019-09-04 05:00:00,98920.3359375
2019-09-04 06:00:00,99036.1953125
2019-09-04 07:00:00,99117.8984375
2019-09-04 08:00:00,99199.7109375
2019-09-04 09:00:00,99281.5
2019-09-04 10:00:00,99321.5078125
2019-09-04 11:00:00,99361.5
2019-09-04 12:00:00,99401.5
2019-09-04 13:00:00,99341.8671875
2019-09-04 14:00:00,99282.7578125
2019-09-04 15:00:00,99223.46875
2019-09-04 16:00:00,99310.28125
2019-09-04 17:00:00,99396.4609375
2019-09-04 18:00:00,99483.1796875
2019-09-04 19:00:00,99453.484375
2019-09-04 20:00:00,99424.53125
2019-09-04 21:00:00,99394.8203125
2019-09-04 22:00:00,99378.75
2019-09-04 23:00:00,99362.7578125
2019-09-05 00:00:00,99346.6796875
2019-09-05 01:00:00,99316.328125
2019-09-05 02:00:00,99285.21875
2019-09-05 03:00:00,99255.2109375
2019-09-05 04:00:00,99337.75
2019-09-05 05:00:00,99420.1796875
2019-09-05 06:00:00,99502.6171875
2019-09-05 07:00:00,99470.015625
2019-09-05 08:00:00,99436.6875
2019-09-05 09:00:00,99404.078125
2019-09-05 10:00:00,99421.6796875
2019-09-05 11:00:00,99439.8203125
2019-09-05 12:00:00,99458.0703125
2019-09-05 13:00:00,99433.8203125
2019-09-05 14:00:00,99410.03125
2019-09-05 15:00:00,99385.9140625
2019-09-05 16:00:00,99410.4140625
2019-09-05 17:00:00,99434.1796875
2019-09-05 18:00:00,99458.4765625
2019-09-05 19:00:00,99381.796875
2019-09-05 20:00:00,99305.1171875
2019-09-05 21:00:00,99228.4375
2019-09-05 22:00:00,99182.6875
2019-09-05 23:00:00,99136.1796875
2019-09-06 00:00:00,99089.78125
2019-09-06 01:00:00,99053.359375
2019-09-06 02:00:00,99017.390625
2019-09-06 03:00:00,98981.1953125
2019-09-06 04:00:00,99016.7265625
2019-09-06 05:00:00,99052.78125
2019-09-06 06:00:00,99088.1953125
2019-09-06 07:00:00,99102.9140625
2019-09-06 08:00:00,99117.640625
2019-09-06 09:00:00,99131.8203125
2019-09-06 10:00:00,99046.4296875
2019-09-06 11:00:00,98961.015625
2019-09-06 12:00:00,98875.71875
2019-09-06 13:00:00,98830.6796875
2019-09-06 14:00:00,98785.3359375
2019-09-06 15:00:00,98739.8984375
2019-09-06 16:00:00,98827.9296875
2019-09-06 17:00:00,98915.8359375
2019-09-06 18:00:00,99004.3984375
2019-09-06 19:00:00,98950.75
2019-09-06 20:00:00,98897.71875
2019-09-06 21:00:00,98844.796875
2019-09-06 22:00:00,98819.9609375
2019-09-06 23:00:00,98795.21875
2019-09-07 00:00:00,98770.375
2019-09-07 01:00:00,98843.21875
2019-09-07 02:00:00,98916.6015625
2019-09-07 03:00:00,98989.78125
2019-09-07 04:00:00,99051.6640625
2019-09-07 05:00:00,99114.078125
2019-09-07 06:00:00,99176.5
2019-09-07 07:00:00,99233.5
2019-09-07 08:00:00,99290.5
2019-09-07 09:00:00,99347.5078125
2019-09-07 10:00:00,99331.6171875
2019-09-07 11:00:00,99315.8515625
2019-09-07 12:00:00,99299.9609375
2019-09-07 13:00:00,99297.140625
2019-09-07 14:00:00,99294.7578125
2019-09-07 15:00:00,99292.1796875
2019-09-07 16:00:00,99267.6953125
2019-09-07 17:00:00,99243.21875
2019-09-07 18:00:00,99219.390625
2019-09-07 19:00:00,99200.8203125
2019-09-07 20:00:00,99182.796875
2019-09-07 21:00:00,99164.25
2019-09-07 22:00:00,99098.4140625
2019-09-07 23:00:00,99032.6015625
2019-09-08 00:00:00,98966.234375
2019-09-08 01:00:00,98948
2019-09-08 02:00:00,98930.1953125
2019-09-08 03:00:00,98912.1953125
2019-09-08 04:00:00,98910.8984375
2019-09-08 05:00:00,98909.6015625
2019-09-08 06:00:00,98908.9375
2019-09-08 07:00:00,98936.5
2019-09-08 08:00:00,98963.4296875
2019-09-08 09:00:00,98990.9765625
2019-09-08 10:00:00,98973.296875
2019-09-08 11:00:00,98955.6171875
2019-09-08 12:00:00,98937.296875
2019-09-08 13:00:00,98952.7578125
2019-09-08 14:00:00,98967.390625
2019-09-08 15:00:00,98982.546875
2019-09-08 16:00:00,98936.28125
2019-09-08 17:00:00,98889.28125
2019-09-08 18:00:00,98842.9140625
2019-09-08 19:00:00,98864.1171875
2019-09-08 20:00:00,98885.9609375
2019-09-08 21:00:00,98907.796875
2019-09-08 22:00:00,98861.1953125
2019-09-08 23:00:00,98814.6953125
2019-09-09 00:00:00,98768.1953125
2019-09-09 01:00:00,98821.359375
2019-09-09 02:00:00,98874.3203125
2019-09-09 03:00:00,98927.1796875
2019-09-09 04:00:00,98989.4140625
2019-09-09 05:00:00,99051.7578125
2019-09-09 06:00:00,99114
2019-09-09 07:00:00,99159.1796875
2019-09-09 08:00:00,99204.2578125
2019-09-09 09:00:00,99249.4375
2019-09-09 10:00:00,99258.71875
2019-09-09 11:00:00,99268
2019-09-09 12:00:00,99277.9140625
2019-09-09 13:00:00,99215.7578125
2019-09-09 14:00:00,99153.3984375
2019-09-09 15:00:00,99091.578125
2019-09-09 16:00:00,99144.7578125
2019-09-09 17:00:00,99197.8359375
2019-09-09 18:00:00,99250.9296875
2019-09-09 19:00:00,99221.1796875
2019-09-09 20:00:00,99191.4375
2019-09-09 21:00:00,99161.6953125
2019-09-09 22:00:00,99108.65625
2019-09-09 23:00:00,99055.6171875
2019-09-10 00:00:00,99003.1171875
2019-09-10 01:00:00,98975
2019-09-10 02:00:00,98947.21875
2019-09-10 03:00:00,98919.234375
2019-09-10 04:00:00,98982.2578125
2019-09-10 05:00:00,99044.734375
2019-09-10 06:00:00,99108.3984375
2019-09-10 07:00:00,99119.78125
2019-09-10 08:00:00,99131.796875
2019-09-10 09:00:00,99143.28125
2019-09-10 10:00:00,99184.5
2019-09-10 11:00:00,99225.6171875
2019-09-10 12:00:00,99266.1953125
2019-09-10 13:00:00,99249.9609375
2019-09-10 14:00:00,99234.2578125
2019-09-10 15:00:00,99217.8203125
2019-09-10 16:00:00,99217
2019-09-10 17:00:00,99216.078125
2019-09-10 18:00:00,99215.8984375
2019-09-10 19:00:00,99244.1953125
2019-09-10 20:00:00,99271.96875
2019-09-10 21:00:00,99300.359375
2019-09-10 22:00:00,99269.578125
2019-09-10 23:00:00,99238.8046875
2019-09-11 00:00:00,99207.375
2019-09-11 01:00:00,99156.890625
2019-09-11 02:00:00,99106.9140625
2019-09-11 03:00:00,99056.1171875
2019-09-11 04:00:00,99128.5
2019-09-11 05:00:00,99200.78125
2019-09-11 06:00:00,99272.515625
2019-09-11 07:00:00,99277.8984375
2019-09-11 08:00:00,99283.375
2019-09-11 09:00:00,99288.859375
2019-09-11 10:00:00,99299.5390625
2019-09-11 11:00:00,99310.859375
2019-09-11 12:00:00,99321.5390625
2019-09-11 13:00:00,99311.6015625
2019-09-11 14:00:00,99302.1953125
2019-09-11 15:00:00,99292.796875
2019-09-11 16:00:00,99276.796875
2019-09-11 17:00:00,99261.4375
2019-09-11 18:00:00,99245.9765625
2019-09-11 19:00:00,99242.015625
2019-09-11 20:00:00,99237.4140625
2019-09-11 21:00:00,99234
2019-09-11 22:00:00,99214.3984375
2019-09-11 23:00:00,99195.3359375
2019-09-12 00:00:00,99176.375
2019-09-12 01:00:00,99139
2019-09-12 02:00:00,99102.15625
2019-09-12 03:00:00,99065.1171875
2019-09-12 04:00:00,99064.4140625
2019-09-12 05:00:00,99064.2578125
2019-09-12 06:00:00,99064.1953125
2019-09-12 07:00:00,99037.03125
2019-09-12 08:00:00,99009.734375
2019-09-12 09:00:00,98982.5546875
2019-09-12 10:00:00,99073.6953125
2019-09-12 11:00:00,99164.734375
2019-09-12 12:00:00,99255.875
2019-09-12 13:00:00,99208.28125
2019-09-12 14:00:00,99161.015625
2019-09-12 15:00:00,99113.03125
2019-09-12 16:00:00,99114.296875
2019-09-12 17:00:00,99115.4765625
2019-09-12 18:00:00,99116.5546875
2019-09-12 19:00:00,99100.9375
2019-09-12 20:00:00,99085.859375
2019-09-12 21:00:00,99070.140625
2019-09-12 22:00:00,99062.7890625
2019-09-12 23:00:00,99055.4140625
2019-09-13 00:00:00,99048.0546875
2019-09-13 01:00:00,99072.5546875
2019-09-13 02:00:00,99097.40625
2019-09-13 03:00:00,99122.0390625
2019-09-13 04:00:00,99118.0390625
2019-09-13 05:00:00,99113.9453125
2019-09-13 06:00:00,99109.1953125
2019-09-13 07:00:00,99183.1953125
2019-09-13 08:00:00,99257.8515625
2019-09-13 09:00:00,99331.734375
2019-09-13 10:00:00,99351.7265625
2019-09-13 11:00:00,99371.6953125
2019-09-13 12:00:00,99391.6796875
2019-09-13 13:00:00,99493.3359375
2019-09-13 14:00:00,99594.6015625
2019-09-13 15:00:00,99696.3046875
2019-09-13 16:00:00,99688.734375
2019-09-13 17:00:00,99681.078125
2019-09-13 18:00:00,99673.3203125
2019-09-13 19:00:00,99710.8359375
2019-09-13 20:00:00,99748.2578125
2019-09-13 21:00:00,99785.6796875
2019-09-13 22:00:00,99709.0546875
2019-09-13 23:00:00,99631.6953125
2019-09-14 00:00:00,99555.078125
2019-09-14 01:00:00,99594.0390625
2019-09-14 02:00:00,99632.6015625
2019-09-14 03:00:00,99670.9609375
2019-09-14 04:00:00,99636.5078125
2019-09-14 05:00:00,99601.3984375
2019-09-14 06:00:00,99566.296875
2019-09-14 07:00:00,99537.015625
2019-09-14 08:00:00,99507.1015625
2019-09-14 09:00:00,99477.828125
2019-09-14 10:00:00,99505.859375
2019-09-14 11:00:00,99533.2578125
2019-09-14 12:00:00,99561.296875
2019-09-14 13:00:00,99572.8984375
2019-09-14 14:00:00,99584.8359375
2019-09-14 15:00:00,99596.578125
2019-09-14 16:00:00,99614.8359375
2019-09-14 17:00:00,99632.2578125
2019-09-14 18:00:00,99650.3203125
2019-09-14 19:00:00,99547.4453125
2019-09-14 20:00:00,99443.8203125
2019-09-14 21:00:00,99340.9453125
2019-09-14 22:00:00,99360.875
2019-09-14 23:00:00,99381.359375
2019-09-15 00:00:00,99401.8359375
2019-09-15 01:00:00,99357.4609375
2019-09-15 02:00:00,99312.6796875
2019-09-15 03:00:00,99267.796875
2019-09-15 04:00:00,99337.3515625
2019-09-15 05:00:00,99407.515625
2019-09-15 06:00:00,99477.0546875
2019-09-15 07:00:00,99374.71875
2019-09-15 08:00:00,99273.015625
2019-09-15 09:00:00,99171.328125
2019-09-15 10:00:00,99229.0390625
2019-09-15 11:00:00,99286.1171875
2019-09-15 12:00:00,99343.9375
2019-09-15 13:00:00,99349.875
2019-09-15 14:00:00,99355.71875
2019-09-15 15:00:00,99361.796875
2019-09-15 16:00:00,99292.6640625
2019-09-15 17:00:00,99224.0546875
2019-09-15 18:00:00,99155.4609375
2019-09-15 19:00:00,99160.5390625
2019-09-15 20:00:00,99166.15625
2019-09-15 21:00:00,99171.234375
2019-09-15 22:00:00,99125.015625
2019-09-15 23:00:00,99079.3515625
2019-09-16 00:00:00,99032.9296875
2019-09-16 01:00:00,99048.2890625
2019-09-16 02:00:00,99063.9765625
2019-09-16 03:00:00,99078.9375
2019-09-16 04:00:00,99118.140625
2019-09-16 05:00:00,99157.234375
2019-09-16 06:00:00,99196.9765625
2019-09-16 07:00:00,99218.1953125
2019-09-16 08:00:00,99240.0703125
2019-09-16 09:00:00,99261.28125
2019-09-16 10:00:00,99272.1171875
2019-09-16 11:00:00,99282.9609375
2019-09-16 12:00:00,99293.6953125
2019-09-16 13:00:00,99351.1015625
2019-09-16 14:00:00,99409.140625
2019-09-16 15:00:00,99466.9765625
2019-09-16 16:00:00,99384.0703125
2019-09-16 17:00:00,99301.578125
2019-09-16 18:00:00,99218.359375
2019-09-16 19:00:00,99184.21875
2019-09-16 20:00:00,99149.9765625
2019-09-16 21:00:00,99115
2019-09-16 22:00:00,99118.1796875
2019-09-16 23:00:00,99121.2578125
2019-09-17 00:00:00,99124.234375
2019-09-17 01:00:00,99131.0078125
2019-09-17 02:00:00,99138.1953125
2019-09-17 03:00:00,99145.1953125
2019-09-17 04:00:00,99135.9140625
2019-09-17 05:00:00,99126.640625
2019-09-17 06:00:00,99118
2019-09-17 07:00:00,99171.8203125
2019-09-17 08:00:00,99224.8984375
2019-09-17 09:00:00,99278.6171875
2019-09-17 10:00:00,99285.296875
2019-09-17 11:00:00,99292.6171875
2019-09-17 12:00:00,99299.296875
2019-09-17 13:00:00,99322.4609375
2019-09-17 14:00:00,99345.6171875
2019-09-17 15:00:00,99368.78125
2019-09-17 16:00:00,99288.375
2019-09-17 17:00:00,99208.6171875
2019-09-17 18:00:00,99128.1171875
2019-09-17 19:00:00,99112.71875
2019-09-17 20:00:00,99096.6796875
2019-09-17 21:00:00,99081.28125
2019-09-17 22:00:00,99051.875
2019-09-17 23:00:00,99023.015625
2019-09-18 00:00:00,98994.1640625
2019-09-18 01:00:00,99046.515625
2019-09-18 02:00:00,99100.0546875
2019-09-18 03:00:00,99152.7578125
2019-09-18 04:00:00,99123.875
2019-09-18 05:00:00,99095
2019-09-18 06:00:00,99066.015625
2019-09-18 07:00:00,99045.375
2019-09-18 08:00:00,99024.1015625
2019-09-18 09:00:00,99002.71875
2019-09-18 10:00:00,98982.1015625
2019-09-18 11:00:00,98962.21875
2019-09-18 12:00:00,98941.6015625
2019-09-18 13:00:00,98940.4140625
2019-09-18 14:00:00,98939.140625
2019-09-18 15:00:00,98938.3984375
2019-09-18 16:00:00,98987.3203125
2019-09-18 17:00:00,99036.234375
2019-09-18 18:00:00,99085.15625
2019-09-18 19:00:00,99057.65625
2019-09-18 20:00:00,99030.2578125
2019-09-18 21:00:00,99002.859375
2019-09-18 22:00:00,98955.296875
2019-09-18 23:00:00,98907.734375
2019-09-19 00:00:00,98860.28125
2019-09-19 01:00:00,98905.6796875
2019-09-19 02:00:00,98950.9765625
2019-09-19 03:00:00,98996.1796875
2019-09-19 04:00:00,99034.6015625
2019-09-19 05:00:00,99072.4765625
2019-09-19 06:00:00,99110.8984375
2019-09-19 07:00:00,99062.609375
2019-09-19 08:00:00,99014.296875
2019-09-19 09:00:00,98966
2019-09-19 10:00:00,99011.734375
2019-09-19 11:00:00,99056.8359375
2019-09-19 12:00:00,99102.0390625
2019-09-19 13:00:00,99136.515625
2019-09-19 14:00:00,99171.5390625
2019-09-19 15:00:00,99206.5703125
2019-09-19 16:00:00,99189.9765625
2019-09-19 17:00:00,99173.3046875
2019-09-19 18:00:00,99156.6171875
2019-09-19 19:00:00,99106
2019-09-19 20:00:00,99054.8515625
2019-09-19 21:00:00,99003.578125
2019-09-19 22:00:00,98988.359375
2019-09-19 23:00:00,98972.5
2019-09-20 00:00:00,98957.28125
2019-09-20 01:00:00,98965.078125
2019-09-20 02:00:00,98972.6796875
2019-09-20 03:00:00,98980.28125
2019-09-20 04:00:00,99038.28125
2019-09-20 05:00:00,99095.640625
2019-09-20 06:00:00,99153
2019-09-20 07:00:00,99137.359375
2019-09-20 08:00:00,99121.8203125
2019-09-20 09:00:00,99106.1796875
2019-09-20 10:00:00,99124.4609375
2019-09-20 11:00:00,99142
2019-09-20 12:00:00,99160.28125
2019-09-20 13:00:00,99203.1953125
2019-09-20 14:00:00,99246.015625
2019-09-20 15:00:00,99288.8359375
2019-09-20 16:00:00,99327
2019-09-20 17:00:00,99365.796875
2019-09-20 18:00:00,99404.6015625
2019-09-20 19:00:00,99308.78125
2019-09-20 20:00:00,99213.6015625
2019-09-20 21:00:00,99118.4140625
2019-09-20 22:00:00,99136.375
2019-09-20 23:00:00,99154.234375
2019-09-21 00:00:00,99172.1953125
2019-09-21 01:00:00,99207.0546875
2019-09-21 02:00:00,99241.71875
2019-09-21 03:00:00,99276.375
2019-09-21 04:00:00,99258.8984375
2019-09-21 05:00:00,99241.4140625
2019-09-21 06:00:00,99223.9375
2019-09-21 07:00:00,99233.8984375
2019-09-21 08:00:00,99243.859375
2019-09-21 09:00:00,99253.8203125
2019-09-21 10:00:00,99261.2578125
2019-09-21 11:00:00,99268.0546875
2019-09-21 12:00:00,99275.5
2019-09-21 13:00:00,99233.7578125
2019-09-21 14:00:00,99191.8203125
2019-09-21 15:00:00,99149.78125
2019-09-21 16:00:00,99092.796875
2019-09-21 17:00:00,99035.1796875
2019-09-21 18:00:00,98978.1953125
2019-09-21 19:00:00,98982.78125
2019-09-21 20:00:00,98987.4609375
2019-09-21 21:00:00,98992.0390625
2019-09-21 22:00:00,99012.4609375
2019-09-21 23:00:00,99032.875
2019-09-22 00:00:00,99053.1953125
2019-09-22 01:00:00,99014
2019-09-22 02:00:00,98975.140625
2019-09-22 03:00:00,98935.4375
2019-09-22 04:00:00,98878.1015625
2019-09-22 05:00:00,98821.296875
2019-09-22 06:00:00,98763.859375
2019-09-22 07:00:00,98734.4609375
2019-09-22 08:00:00,98705.6015625
2019-09-22 09:00:00,98676.1953125
2019-09-22 10:00:00,98598.9140625
2019-09-22 11:00:00,98521.1015625
2019-09-22 12:00:00,98443.8203125
2019-09-22 13:00:00,98468.359375
2019-09-22 14:00:00,98493.234375
2019-09-22 15:00:00,98518.015625
2019-09-22 16:00:00,98564.640625
2019-09-22 17:00:00,98611.15625
2019-09-22 18:00:00,98657.578125
2019-09-22 19:00:00,98625.6015625
2019-09-22 20:00:00,98593.515625
2019-09-22 21:00:00,98561.5390625
2019-09-22 22:00:00,98580.1953125
2019-09-22 23:00:00,98598.859375
2019-09-23 00:00:00,98618.1640625
2019-09-23 01:00:00,98644.5
2019-09-23 02:00:00,98670.5390625
2019-09-23 03:00:00,98696.9140625
2019-09-23 04:00:00,98765.71875
2019-09-23 05:00:00,98835.15625
2019-09-23 06:00:00,98904.6953125
2019-09-23 07:00:00,98946.359375
2019-09-23 08:00:00,98988.015625
2019-09-23 09:00:00,99029.6796875
2019-09-23 10:00:00,99116.1875
2019-09-23 11:00:00,99203.3203125
2019-09-23 12:00:00,99289.8203125
2019-09-23 13:00:00,99352.78125
2019-09-23 14:00:00,99416.1796875
2019-09-23 15:00:00,99479.375
2019-09-23 16:00:00,99453.2265625
2019-09-23 17:00:00,99427.0546875
2019-09-23 18:00:00,99400.796875
2019-09-23 19:00:00,99441.5
2019-09-23 20:00:00,99482.1953125
2019-09-23 21:00:00,99522.8984375
2019-09-23 22:00:00,99467.234375
2019-09-23 23:00:00,99412.21875
2019-09-24 00:00:00,99357.1953125
2019-09-24 01:00:00,99258.015625
2019-09-24 02:00:00,99158.734375
2019-09-24 03:00:00,99059.2578125
2019-09-24 04:00:00,99088.3203125
2019-09-24 05:00:00,99117.9140625
2019-09-24 06:00:00,99146.875
2019-09-24 07:00:00,99083.28125
2019-09-24 08:00:00,99020.21875
2019-09-24 09:00:00,98957.2578125
2019-09-24 10:00:00,99009.71875
2019-09-24 11:00:00,99062.1796875
2019-09-24 12:00:00,99114.640625
2019-09-24 13:00:00,99062.515625
2019-09-24 14:00:00,99010.3046875
2019-09-24 15:00:00,98958.515625
2019-09-24 16:00:00,98982.5
2019-09-24 17:00:00,99005.734375
2019-09-24 18:00:00,99029.515625
2019-09-24 19:00:00,98995.796875
2019-09-24 20:00:00,98962.1796875
2019-09-24 21:00:00,98929.1015625
2019-09-24 22:00:00,98784.2109375
2019-09-24 23:00:00,98639.1953125
2019-09-25 00:00:00,98494.8359375
2019-09-25 01:00:00,98472.0859375
2019-09-25 02:00:00,98449.2265625
2019-09-25 03:00:00,98426.6953125
2019-09-25 04:00:00,98372.0546875
2019-09-25 05:00:00,98317.9609375
2019-09-25 06:00:00,98263.3203125
2019-09-25 07:00:00,98246.859375
2019-09-25 08:00:00,98230.296875
2019-09-25 09:00:00,98213.1953125
2019-09-25 10:00:00,98272.578125
2019-09-25 11:00:00,98332.5
2019-09-25 12:00:00,98391.875
2019-09-25 13:00:00,98363.9609375
2019-09-25 14:00:00,98336.375
2019-09-25 15:00:00,98308.6953125
2019-09-25 16:00:00,98249.6953125
2019-09-25 17:00:00,98190.0546875
2019-09-25 18:00:00,98130.9609375
2019-09-25 19:00:00,98174.5
2019-09-25 20:00:00,98218.6875
2019-09-25 21:00:00,98262.1171875
2019-09-25 22:00:00,98323.28125
2019-09-25 23:00:00,98384.4375
2019-09-26 00:00:00,98445.5
2019-09-26 01:00:00,98504.1015625
2019-09-26 02:00:00,98563.1484375
2019-09-26 03:00:00,98621.984375
2019-09-26 04:00:00,98699.0078125
2019-09-26 05:00:00,98775.28125
2019-09-26 06:00:00,98851.5546875
2019-09-26 07:00:00,98922.390625
2019-09-26 08:00:00,98993.1953125
2019-09-26 09:00:00,99063.375
2019-09-26 10:00:00,99152.078125
2019-09-26 11:00:00,99240.234375
2019-09-26 12:00:00,99328.296875
2019-09-26 13:00:00,99259.03125
2019-09-26 14:00:00,99189.6484375
2019-09-26 15:00:00,99120.796875
2019-09-26 16:00:00,99031.6015625
2019-09-26 17:00:00,98942.9375
2019-09-26 18:00:00,98854.9140625
2019-09-26 19:00:00,98838.2109375
2019-09-26 20:00:00,98821.5859375
2019-09-26 21:00:00,98804.859375
2019-09-26 22:00:00,98711.4765625
2019-09-26 23:00:00,98618.1015625
2019-09-27 00:00:00,98524.71875
2019-09-27 01:00:00,98518.640625
2019-09-27 02:00:00,98512.4609375
2019-09-27 03:00:00,98506.71875
2019-09-27 04:00:00,98520.8359375
2019-09-27 05:00:00,98534.859375
2019-09-27 06:00:00,98548.875
2019-09-27 07:00:00,98463.9140625
2019-09-27 08:00:00,98378.4140625
2019-09-27 09:00:00,98293.4609375
2019-09-27 10:00:00,98303.0390625
2019-09-27 11:00:00,98311.9765625
2019-09-27 12:00:00,98320.9140625
2019-09-27 13:00:00,98261.4609375
2019-09-27 14:00:00,98201.8984375
2019-09-27 15:00:00,98142.875
2019-09-27 16:00:00,97968.796875
2019-09-27 17:00:00,97795.2578125
2019-09-27 18:00:00,97621.71875
2019-09-27 19:00:00,97677.1015625
2019-09-27 20:00:00,97733.21875
2019-09-27 21:00:00,97788.6015625
2019-09-27 22:00:00,97851.015625
2019-09-27 23:00:00,97913.9765625
2019-09-28 00:00:00,97976.296875
2019-09-28 01:00:00,98042.3359375
2019-09-28 02:00:00,98108.078125
2019-09-28 03:00:00,98174.359375
2019-09-28 04:00:00,98233.1796875
2019-09-28 05:00:00,98292.640625
2019-09-28 06:00:00,98351.4609375
2019-09-28 07:00:00,98444.9375
2019-09-28 08:00:00,98538.4140625
2019-09-28 09:00:00,98631.359375
2019-09-28 10:00:00,98691.3984375
2019-09-28 11:00:00,98750.796875
2019-09-28 12:00:00,98810.9375
2019-09-28 13:00:00,98882.78125
2019-09-28 14:00:00,98954.515625
2019-09-28 15:00:00,99026.15625
2019-09-28 16:00:00,98942
2019-09-28 17:00:00,98857.1953125
2019-09-28 18:00:00,98772.296875
2019-09-28 19:00:00,98797.796875
2019-09-28 20:00:00,98823.1953125
2019-09-28 21:00:00,98848.6953125
2019-09-28 22:00:00,98805
2019-09-28 23:00:00,98760.65625
2019-09-29 00:00:00,98716.9609375
2019-09-29 01:00:00,98799.1796875
2019-09-29 02:00:00,98880.65625
2019-09-29 03:00:00,98962.78125
2019-09-29 04:00:00,98948.4140625
2019-09-29 05:00:00,98934.0546875
2019-09-29 06:00:00,98919.0546875
2019-09-29 07:00:00,98940.234375
2019-09-29 08:00:00,98961.4140625
2019-09-29 09:00:00,98982.6015625
2019-09-29 10:00:00,99044.234375
2019-09-29 11:00:00,99106.515625
2019-09-29 12:00:00,99168.796875
2019-09-29 13:00:00,99144.8984375
2019-09-29 14:00:00,99120.8984375
2019-09-29 15:00:00,99097
2019-09-29 16:00:00,99101.5
2019-09-29 17:00:00,99106
2019-09-29 18:00:00,99110.3984375
2019-09-29 19:00:00,99080.078125
2019-09-29 20:00:00,99049.859375
2019-09-29 21:00:00,99020.1796875
2019-09-29 22:00:00,99038.9765625
2019-09-29 23:00:00,99058.4140625
2019-09-30 00:00:00,99077.859375
2019-09-30 01:00:00,99032.9765625
2019-09-30 02:00:00,98987.5546875
2019-09-30 03:00:00,98942.6796875
2019-09-30 04:00:00,98993.9609375
2019-09-30 05:00:00,99044.6015625
2019-09-30 06:00:00,99095.875
2019-09-30 07:00:00,99049.8984375
2019-09-30 08:00:00,99004.5546875
2019-09-30 09:00:00,98959.21875
2019-09-30 10:00:00,98997.515625
2019-09-30 11:00:00,99036.4609375
2019-09-30 12:00:00,99074.7578125
2019-09-30 13:00:00,98997.28125
2019-09-30 14:00:00,98919.796875
2019-09-30 15:00:00,98842.21875
2019-09-30 16:00:00,98880.4765625
2019-09-30 17:00:00,98918.734375
2019-09-30 18:00:00,98956.796875
2019-09-30 19:00:00,98925.8984375
2019-09-30 20:00:00,98894.8984375
2019-09-30 21:00:00,98863.8984375
2019-09-30 22:00:00,98851.640625
2019-09-30 23:00:00,98840.015625
2019-10-01 00:00:00,98827.7578125
2019-10-01 01:00:00,98741.6171875
2019-10-01 02:00:00,98654.9375
2019-10-01 03:00:00,98568.15625
2019-10-01 04:00:00,98614.9609375
2019-10-01 05:00:00,98662.296875
2019-10-01 06:00:00,98709.1015625
2019-10-01 07:00:00,98726.515625
2019-10-01 08:00:00,98743.9375
2019-10-01 09:00:00,98761.359375
2019-10-01 10:00:00,98831.3203125
2019-10-01 11:00:00,98901.28125
2019-10-01 12:00:00,98971.234375
2019-10-01 13:00:00,98947.0390625
2019-10-01 14:00:00,98923.4765625
2019-10-01 15:00:00,98899.28125
2019-10-01 16:00:00,98878.0390625
2019-10-01 17:00:00,98856.6953125
2019-10-01 18:00:00,98835.2578125
2019-10-01 19:00:00,98795.234375
2019-10-01 20:00:00,98755.21875
2019-10-01 21:00:00,98714.5546875
2019-10-01 22:00:00,98663.640625
2019-10-01 23:00:00,98612.71875
2019-10-02 00:00:00,98561.796875
2019-10-02 01:00:00,98544.4609375
2019-10-02 02:00:00,98527.015625
2019-10-02 03:00:00,98508.9375
2019-10-02 04:00:00,98547.71875
2019-10-02 05:00:00,98585.859375
2019-10-02 06:00:00,98624.640625
2019-10-02 07:00:00,98612.515625
2019-10-02 08:00:00,98601.140625
2019-10-02 09:00:00,98589.015625
2019-10-02 10:00:00,98656.65625
2019-10-02 11:00:00,98724.296875
2019-10-02 12:00:00,98791.9375
2019-10-02 13:00:00,98790.3203125
2019-10-02 14:00:00,98788.5
2019-10-02 15:00:00,98787.4140625
2019-10-02 16:00:00,98793.6171875
2019-10-02 17:00:00,98799.71875
2019-10-02 18:00:00,98805.8203125
2019-10-02 19:00:00,98761.0546875
2019-10-02 20:00:00,98716.9375
2019-10-02 21:00:00,98672.8203125
2019-10-02 22:00:00,98650.1015625
2019-10-02 23:00:00,98628.015625
2019-10-03 00:00:00,98605.296875
2019-10-03 01:00:00,98629.6015625
2019-10-03 02:00:00,98653.6015625
2019-10-03 03:00:00,98677.5
2019-10-03 04:00:00,98825.65625
2019-10-03 05:00:00,98973.8203125
2019-10-03 06:00:00,99121.9765625
2019-10-03 07:00:00,99143.1015625
2019-10-03 08:00:00,99164.21875
2019-10-03 09:00:00,99185.4375
2019-10-03 10:00:00,99283.4140625
2019-10-03 11:00:00,99381.5
2019-10-03 12:00:00,99480.1171875
2019-10-03 13:00:00,99495.515625
2019-10-03 14:00:00,99510.71875
2019-10-03 15:00:00,99525.71875
2019-10-03 16:00:00,99580.1953125
2019-10-03 17:00:00,99634.0390625
2019-10-03 18:00:00,99688.4140625
2019-10-03 19:00:00,99720.078125
2019-10-03 20:00:00,99751.8359375
2019-10-03 21:00:00,99783.6015625
2019-10-03 22:00:00,99792.9140625
2019-10-03 23:00:00,99801.6015625
2019-10-04 00:00:00,99810.9140625
2019-10-04 01:00:00,99841.9609375
2019-10-04 02:00:00,99872.8984375
2019-10-04 03:00:00,99904.28125
2019-10-04 04:00:00,99970.359375
2019-10-04 05:00:00,100035.8984375
2019-10-04 06:00:00,100101.9765625
2019-10-04 07:00:00,100017.640625
2019-10-04 08:00:00,99933.296875
2019-10-04 09:00:00,99848.3203125
2019-10-04 10:00:00,99929.8359375
2019-10-04 11:00:00,100011.359375
2019-10-04 12:00:00,100092.234375
2019-10-04 13:00:00,100072.296875
2019-10-04 14:00:00,100052.8984375
2019-10-04 15:00:00,100032.859375
2019-10-04 16:00:00,100016.7578125
2019-10-04 17:00:00,100000.65625
2019-10-04 18:00:00,99985
2019-10-04 19:00:00,99923.3203125
2019-10-04 20:00:00,99861.640625
2019-10-04 21:00:00,99799.9609375
2019-10-04 22:00:00,99779.28125
2019-10-04 23:00:00,99759.140625
2019-10-05 00:00:00,99739
2019-10-05 01:00:00,99675.234375
2019-10-05 02:00:00,99611.28125
2019-10-05 03:00:00,99547.3203125
2019-10-05 04:00:00,99566.875
2019-10-05 05:00:00,99585.796875
2019-10-05 06:00:00,99605.2578125
2019-10-05 07:00:00,99472.71875
2019-10-05 08:00:00,99340.078125
2019-10-05 09:00:00,99207.4375
2019-10-05 10:00:00,99217.28125
2019-10-05 11:00:00,99227.5546875
2019-10-05 12:00:00,99237.296875
2019-10-05 13:00:00,99190.15625
2019-10-05 14:00:00,99142.8203125
2019-10-05 15:00:00,99096.015625
2019-10-05 16:00:00,99013.3203125
2019-10-05 17:00:00,98931.2578125
2019-10-05 18:00:00,98849.1015625
2019-10-05 19:00:00,98821.4140625
2019-10-05 20:00:00,98794.375
2019-10-05 21:00:00,98767.3359375
2019-10-05 22:00:00,98735.4140625
2019-10-05 23:00:00,98704.0390625
2019-10-06 00:00:00,98672.65625
2019-10-06 01:00:00,98655.375
2019-10-06 02:00:00,98638.734375
2019-10-06 03:00:00,98621.2578125
2019-10-06 04:00:00,98761.234375
2019-10-06 05:00:00,98901.21875
2019-10-06 06:00:00,99041.1015625
2019-10-06 07:00:00,99124.875
2019-10-06 08:00:00,99209.296875
2019-10-06 09:00:00,99292.9765625
2019-10-06 10:00:00,99294.6015625
2019-10-06 11:00:00,99296.1171875
2019-10-06 12:00:00,99297.640625
2019-10-06 13:00:00,99342.3984375
2019-10-06 14:00:00,99387.15625
2019-10-06 15:00:00,99432.4609375
2019-10-06 16:00:00,99349.796875
2019-10-06 17:00:00,99267.140625
2019-10-06 18:00:00,99184.2890625
2019-10-06 19:00:00,99314.4609375
2019-10-06 20:00:00,99444.640625
2019-10-06 21:00:00,99574.8203125
2019-10-06 22:00:00,99564.9296875
2019-10-06 23:00:00,99555.5546875
2019-10-07 00:00:00,99546.1953125
2019-10-07 01:00:00,99633.1171875
2019-10-07 02:00:00,99720.375
2019-10-07 03:00:00,99807.4375
2019-10-07 04:00:00,99915.1640625
2019-10-07 05:00:00,100022.234375
2019-10-07 06:00:00,100129.9609375
2019-10-07 07:00:00,100027.7890625
2019-10-07 08:00:00,99925.5
2019-10-07 09:00:00,99823.3203125
2019-10-07 10:00:00,99860.5
2019-10-07 11:00:00,99898.328125
2019-10-07 12:00:00,99935.5
2019-10-07 13:00:00,99931.640625
2019-10-07 14:00:00,99927.4765625
2019-10-07 15:00:00,99923.65625
2019-10-07 16:00:00,99958.9765625
2019-10-07 17:00:00,99994.1953125
2019-10-07 18:00:00,100029.9609375
2019-10-07 19:00:00,99966.5546875
2019-10-07 20:00:00,99903.15625
2019-10-07 21:00:00,99839.765625
2019-10-07 22:00:00,99799.390625
2019-10-07 23:00:00,99758.8984375
2019-10-08 00:00:00,99718.4140625
2019-10-08 01:00:00,99726.7578125
2019-10-08 02:00:00,99734.8984375
2019-10-08 03:00:00,99742.8359375
2019-10-08 04:00:00,99701.5390625
2019-10-08 05:00:00,99660.3359375
2019-10-08 06:00:00,99619.140625
2019-10-08 07:00:00,99590.6171875
2019-10-08 08:00:00,99561.4609375
2019-10-08 09:00:00,99533.0390625
2019-10-08 10:00:00,99531.9375
2019-10-08 11:00:00,99530.1953125
2019-10-08 12:00:00,99528.5546875
2019-10-08 13:00:00,99549.3359375
2019-10-08 14:00:00,99570.015625
2019-10-08 15:00:00,99590.5
2019-10-08 16:00:00,99529.8203125
2019-10-08 17:00:00,99469.0390625
2019-10-08 18:00:00,99408.796875
2019-10-08 19:00:00,99397.8984375
2019-10-08 20:00:00,99387.5390625
2019-10-08 21:00:00,99377.1796875
2019-10-08 22:00:00,99267.0546875
2019-10-08 23:00:00,99156.8359375
2019-10-09 00:00:00,99046.515625
2019-10-09 01:00:00,99139.1796875
2019-10-09 02:00:00,99231.640625
2019-10-09 03:00:00,99323.8984375
2019-10-09 04:00:00,99285.21875
2019-10-09 05:00:00,99245.796875
2019-10-09 06:00:00,99207.015625
2019-10-09 07:00:00,99174.1953125
2019-10-09 08:00:00,99142.1171875
2019-10-09 09:00:00,99109.296875
2019-10-09 10:00:00,99167.734375
2019-10-09 11:00:00,99226.8203125
2019-10-09 12:00:00,99285.2578125
2019-10-09 13:00:00,99246.9375
2019-10-09 14:00:00,99208.515625
2019-10-09 15:00:00,99170
2019-10-09 16:00:00,99115.078125
2019-10-09 17:00:00,99060.0546875
2019-10-09 18:00:00,99005.0390625
2019-10-09 19:00:00,99021.015625
2019-10-09 20:00:00,99036.8984375
2019-10-09 21:00:00,99052.875
2019-10-09 22:00:00,98873.734375
2019-10-09 23:00:00,98694.5
2019-10-10 00:00:00,98515.359375
2019-10-10 01:00:00,98593.1953125
2019-10-10 02:00:00,98671.0390625
2019-10-10 03:00:00,98748.78125
2019-10-10 04:00:00,98766.1171875
2019-10-10 05:00:00,98783.359375
2019-10-10 06:00:00,98800.5
2019-10-10 07:00:00,98779.515625
2019-10-10 08:00:00,98758.4375
2019-10-10 09:00:00,98737.2578125
2019-10-10 10:00:00,98707.3203125
2019-10-10 11:00:00,98678.015625
2019-10-10 12:00:00,98647.9765625
2019-10-10 13:00:00,98655.6953125
2019-10-10 14:00:00,98664.0546875
2019-10-10 15:00:00,98672.4140625
2019-10-10 16:00:00,98584.875
2019-10-10 17:00:00,98497.234375
2019-10-10 18:00:00,98409.6953125
2019-10-10 19:00:00,98424.9375
2019-10-10 20:00:00,98440.8203125
2019-10-10 21:00:00,98456.0546875
2019-10-10 22:00:00,98433.71875
2019-10-10 23:00:00,98411.375
2019-10-11 00:00:00,98389.0390625
2019-10-11 01:00:00,98362.640625
2019-10-11 02:00:00,98336.78125
2019-10-11 03:00:00,98310.71875
2019-10-11 04:00:00,98375.796875
2019-10-11 05:00:00,98441.4140625
2019-10-11 06:00:00,98506.3984375
2019-10-11 07:00:00,98603.0546875
2019-10-11 08:00:00,98700.359375
2019-10-11 09:00:00,98797.015625
2019-10-11 10:00:00,98845
2019-10-11 11:00:00,98893.71875
2019-10-11 12:00:00,98942.3359375
2019-10-11 13:00:00,99099.6796875
2019-10-11 14:00:00,99257.359375
2019-10-11 15:00:00,99415.4765625
2019-10-11 16:00:00,99461.71875
2019-10-11 17:00:00,99508.6015625
2019-10-11 18:00:00,99555.9140625
2019-10-11 19:00:00,99493.078125
2019-10-11 20:00:00,99430.140625
2019-10-11 21:00:00,99367.1015625
2019-10-11 22:00:00,99411.375
2019-10-11 23:00:00,99455.5546875
2019-10-12 00:00:00,99499.640625
2019-10-12 01:00:00,99510.875
2019-10-12 02:00:00,99521.9140625
2019-10-12 03:00:00,99533.5
2019-10-12 04:00:00,99492.9375
2019-10-12 05:00:00,99452.375
2019-10-12 06:00:00,99411.71875
2019-10-12 07:00:00,99427.9609375
2019-10-12 08:00:00,99444.1953125
2019-10-12 09:00:00,99460.3359375
2019-10-12 10:00:00,99418
2019-10-12 11:00:00,99376.1953125
2019-10-12 12:00:00,99334.5
2019-10-12 13:00:00,99317.875
2019-10-12 14:00:00,99301.796875
2019-10-12 15:00:00,99285.515625
2019-10-12 16:00:00,99225.21875
2019-10-12 17:00:00,99165.4609375
2019-10-12 18:00:00,99106.140625
2019-10-12 19:00:00,99106.140625
2019-10-12 20:00:00,99106.6796875
2019-10-12 21:00:00,99107.21875
2019-10-12 22:00:00,98983.21875
2019-10-12 23:00:00,98859.859375
2019-10-13 00:00:00,98735.7578125
2019-10-13 01:00:00,98809.1171875
2019-10-13 02:00:00,98882.8203125
2019-10-13 03:00:00,98956.4140625
2019-10-13 04:00:00,98877.4140625
2019-10-13 05:00:00,98798.4140625
2019-10-13 06:00:00,98719.4140625
2019-10-13 07:00:00,98687.8359375
2019-10-13 08:00:00,98656.8984375
2019-10-13 09:00:00,98625.3203125
2019-10-13 10:00:00,98759.875
2019-10-13 11:00:00,98894.4375
2019-10-13 12:00:00,99029
2019-10-13 13:00:00,98970.9765625
2019-10-13 14:00:00,98912.7578125
2019-10-13 15:00:00,98854.875
2019-10-13 16:00:00,98831.796875
2019-10-13 17:00:00,98809.15625
2019-10-13 18:00:00,98786.4140625
2019-10-13 19:00:00,98783.6015625
2019-10-13 20:00:00,98781.4140625
2019-10-13 21:00:00,98778.6015625
2019-10-13 22:00:00,98749.9609375
2019-10-13 23:00:00,98721.21875
2019-10-14 00:00:00,98692.4765625
2019-10-14 01:00:00,98821.9765625
2019-10-14 02:00:00,98952.015625
2019-10-14 03:00:00,99081.859375
2019-10-14 04:00:00,99064.78125
2019-10-14 05:00:00,99047.6953125
2019-10-14 06:00:00,99031.15625
2019-10-14 07:00:00,99090.3203125
2019-10-14 08:00:00,99148.8359375
2019-10-14 09:00:00,99208
2019-10-14 10:00:00,99268.515625
2019-10-14 11:00:00,99328.9375
2019-10-14 12:00:00,99389.359375
2019-10-14 13:00:00,99389.78125
2019-10-14 14:00:00,99390.1953125
2019-10-14 15:00:00,99391.15625
2019-10-14 16:00:00,99335.1015625
2019-10-14 17:00:00,99279.0390625
2019-10-14 18:00:00,99223.6171875
2019-10-14 19:00:00,99210.1171875
2019-10-14 20:00:00,99196.6171875
2019-10-14 21:00:00,99183.015625
2019-10-14 22:00:00,99096.5546875
2019-10-14 23:00:00,99010.640625
2019-10-15 00:00:00,98924.078125
2019-10-15 01:00:00,98941.8984375
2019-10-15 02:00:00,98958.875
2019-10-15 03:00:00,98976.296875
2019-10-15 04:00:00,98888
2019-10-15 05:00:00,98799.6015625
2019-10-15 06:00:00,98711.8359375
2019-10-15 07:00:00,98662.640625
2019-10-15 08:00:00,98613.9765625
2019-10-15 09:00:00,98565.4140625
2019-10-15 10:00:00,98615.15625
2019-10-15 11:00:00,98664.8984375
2019-10-15 12:00:00,98714.1015625
2019-10-15 13:00:00,98716.5546875
2019-10-15 14:00:00,98718.71875
2019-10-15 15:00:00,98720.6796875
2019-10-15 16:00:00,98661.21875
2019-10-15 17:00:00,98602.734375
2019-10-15 18:00:00,98543.6171875
2019-10-15 19:00:00,98630.21875
2019-10-15 20:00:00,98716.28125
2019-10-15 21:00:00,98802.3359375
2019-10-15 22:00:00,98794.9296875
2019-10-15 23:00:00,98787.3984375
2019-10-16 00:00:00,98780.4140625
2019-10-16 01:00:00,98903.296875
2019-10-16 02:00:00,99027.359375
2019-10-16 03:00:00,99150.578125
2019-10-16 04:00:00,99201.6015625
2019-10-16 05:00:00,99252.078125
2019-10-16 06:00:00,99303.1953125
2019-10-16 07:00:00,99321.4765625
2019-10-16 08:00:00,99339.859375
2019-10-16 09:00:00,99357.5
2019-10-16 10:00:00,99317.078125
2019-10-16 11:00:00,99276.5546875
2019-10-16 12:00:00,99236.140625
2019-10-16 13:00:00,99295.609375
2019-10-16 14:00:00,99354.8671875
2019-10-16 15:00:00,99414.4609375
2019-10-16 16:00:00,99410.21875
2019-10-16 17:00:00,99405.140625
2019-10-16 18:00:00,99400.6015625
2019-10-16 19:00:00,99437.1484375
2019-10-16 20:00:00,99473.6796875
2019-10-16 21:00:00,99510.21875
2019-10-16 22:00:00,99406.15625
2019-10-16 23:00:00,99302.0078125
2019-10-17 00:00:00,99197.640625
2019-10-17 01:00:00,99233.5
2019-10-17 02:00:00,99268.6171875
2019-10-17 03:00:00,99304.8203125
2019-10-17 04:00:00,99303.578125
2019-10-17 05:00:00,99302.234375
2019-10-17 06:00:00,99301
2019-10-17 07:00:00,99296.6015625
2019-10-17 08:00:00,99292.1953125
2019-10-17 09:00:00,99287.796875
2019-10-17 10:00:00,99224.78125
2019-10-17 11:00:00,99161.21875
2019-10-17 12:00:00,99098.1953125
2019-10-17 13:00:00,99087.1953125
2019-10-17 14:00:00,99076.1015625
2019-10-17 15:00:00,99065.5390625
2019-10-17 16:00:00,99093.296875
2019-10-17 17:00:00,99121.6015625
2019-10-17 18:00:00,99149.8984375
2019-10-17 19:00:00,99073.4609375
2019-10-17 20:00:00,98997.1171875
2019-10-17 21:00:00,98921.3203125
2019-10-17 22:00:00,98951.9140625
2019-10-17 23:00:00,98982.3203125
2019-10-18 00:00:00,99013.359375
2019-10-18 01:00:00,98939.375
2019-10-18 02:00:00,98865.8359375
2019-10-18 03:00:00,98792.296875
2019-10-18 04:00:00,98835.375
2019-10-18 05:00:00,98878.359375
2019-10-18 06:00:00,98921.3359375
2019-10-18 07:00:00,98887.5546875
2019-10-18 08:00:00,98853.6796875
2019-10-18 09:00:00,98819.796875
2019-10-18 10:00:00,98816.4140625
2019-10-18 11:00:00,98813.6796875
2019-10-18 12:00:00,98810.9375
2019-10-18 13:00:00,98827.859375
2019-10-18 14:00:00,98845.3203125
2019-10-18 15:00:00,98862.78125
2019-10-18 16:00:00,98757.359375
2019-10-18 17:00:00,98651.8359375
2019-10-18 18:00:00,98546.4140625
2019-10-18 19:00:00,98520.8984375
2019-10-18 20:00:00,98495.9140625
2019-10-18 21:00:00,98470.296875
2019-10-18 22:00:00,98444.5390625
2019-10-18 23:00:00,98418.0390625
2019-10-19 00:00:00,98392.1796875
2019-10-19 01:00:00,98351.3203125
2019-10-19 02:00:00,98309.6171875
2019-10-19 03:00:00,98269
2019-10-19 04:00:00,98300.1015625
2019-10-19 05:00:00,98331.1015625
2019-10-19 06:00:00,98362.734375
2019-10-19 07:00:00,98356.359375
2019-10-19 08:00:00,98350.71875
2019-10-19 09:00:00,98344.4375
2019-10-19 10:00:00,98358.9765625
2019-10-19 11:00:00,98374.2578125
2019-10-19 12:00:00,98388.8984375
2019-10-19 13:00:00,98288.28125
2019-10-19 14:00:00,98186.9140625
2019-10-19 15:00:00,98086.1015625
2019-10-19 16:00:00,98178.8359375
2019-10-19 17:00:00,98272.1171875
2019-10-19 18:00:00,98364.65625
2019-10-19 19:00:00,98306.796875
2019-10-19 20:00:00,98249.578125
2019-10-19 21:00:00,98191.71875
2019-10-19 22:00:00,98160.796875
2019-10-19 23:00:00,98130.4140625
2019-10-20 00:00:00,98099.296875
2019-10-20 01:00:00,98148.6796875
2019-10-20 02:00:00,98198.0546875
2019-10-20 03:00:00,98246.8984375
2019-10-20 04:00:00,98267.78125
2019-10-20 05:00:00,98288.1171875
2019-10-20 06:00:00,98308.359375
2019-10-20 07:00:00,98379.65625
2019-10-20 08:00:00,98451.1171875
2019-10-20 09:00:00,98523.296875
2019-10-20 10:00:00,98551.375
2019-10-20 11:00:00,98579.3203125
2019-10-20 12:00:00,98607.359375
2019-10-20 13:00:00,98632.6953125
2019-10-20 14:00:00,98658.578125
2019-10-20 15:00:00,98683.78125
2019-10-20 16:00:00,98599.5546875
2019-10-20 17:00:00,98514.65625
2019-10-20 18:00:00,98430.296875
2019-10-20 19:00:00,98395.3203125
2019-10-20 20:00:00,98360.9765625
2019-10-20 21:00:00,98326
2019-10-20 22:00:00,98334.1171875
2019-10-20 23:00:00,98342.3359375
2019-10-21 00:00:00,98350.4609375
2019-10-21 01:00:00,98268.9140625
2019-10-21 02:00:00,98187.28125
2019-10-21 03:00:00,98105.5390625
2019-10-21 04:00:00,97913.9375
2019-10-21 05:00:00,97722.3359375
2019-10-21 06:00:00,97530.640625
2019-10-21 07:00:00,97419.5
2019-10-21 08:00:00,97307.71875
2019-10-21 09:00:00,97196.578125
2019-10-21 10:00:00,97196.78125
2019-10-21 11:00:00,97196.9765625
2019-10-21 12:00:00,97197.1796875
2019-10-21 13:00:00,97244.234375
2019-10-21 14:00:00,97291.8359375
2019-10-21 15:00:00,97338.796875
2019-10-21 16:00:00,97383.8203125
2019-10-21 17:00:00,97428
2019-10-21 18:00:00,97472.9140625
2019-10-21 19:00:00,97525.15625
2019-10-21 20:00:00,97578.0390625
2019-10-21 21:00:00,97630.28125
2019-10-21 22:00:00,97763.796875
2019-10-21 23:00:00,97898.0546875
2019-10-22 00:00:00,98031.578125
2019-10-22 01:00:00,98041.71875
2019-10-22 02:00:00,98051.21875
2019-10-22 03:00:00,98061.2578125
2019-10-22 04:00:00,98161.1796875
2019-10-22 05:00:00,98261
2019-10-22 06:00:00,98360.9140625
2019-10-22 07:00:00,98344.4375
2019-10-22 08:00:00,98328.6015625
2019-10-22 09:00:00,98312.7578125
2019-10-22 10:00:00,98416.4609375
2019-10-22 11:00:00,98520.0546875
2019-10-22 12:00:00,98623.65625
2019-10-22 13:00:00,98651.6171875
2019-10-22 14:00:00,98679.375
2019-10-22 15:00:00,98707.140625
2019-10-22 16:00:00,98733.7578125
2019-10-22 17:00:00,98761.015625
2019-10-22 18:00:00,98787.4375
2019-10-22 19:00:00,98827.78125
2019-10-22 20:00:00,98868.1171875
2019-10-22 21:00:00,98908.359375
2019-10-22 22:00:00,98911.4375
2019-10-22 23:00:00,98915.0546875
2019-10-23 00:00:00,98918.578125
2019-10-23 01:00:00,98974.1796875
2019-10-23 02:00:00,99029.6796875
2019-10-23 03:00:00,99085.1796875
2019-10-23 04:00:00,98996.65625
2019-10-23 05:00:00,98907.3984375
2019-10-23 06:00:00,98818.78125
2019-10-23 07:00:00,98834.515625
2019-10-23 08:00:00,98849.515625
2019-10-23 09:00:00,98865.15625
2019-10-23 10:00:00,98854.0390625
2019-10-23 11:00:00,98842.9140625
2019-10-23 12:00:00,98831.796875
2019-10-23 13:00:00,98841.8203125
2019-10-23 14:00:00,98851.1953125
2019-10-23 15:00:00,98861.65625
2019-10-23 16:00:00,98778.4765625
2019-10-23 17:00:00,98695.1953125
2019-10-23 18:00:00,98612.4609375
2019-10-23 19:00:00,98642.5390625
2019-10-23 20:00:00,98672.71875
2019-10-23 21:00:00,98702.15625
2019-10-23 22:00:00,98726.1796875
2019-10-23 23:00:00,98750.1015625
2019-10-24 00:00:00,98774.5546875
2019-10-24 01:00:00,98811.9140625
2019-10-24 02:00:00,98849.8203125
2019-10-24 03:00:00,98887.6171875
2019-10-24 04:00:00,98992.6171875
2019-10-24 05:00:00,99098.2578125
2019-10-24 06:00:00,99203.2578125
2019-10-24 07:00:00,99268.2578125
2019-10-24 08:00:00,99333.796875
2019-10-24 09:00:00,99399.3359375
2019-10-24 10:00:00,99515.8359375
2019-10-24 11:00:00,99632.9765625
2019-10-24 12:00:00,99750.015625
2019-10-24 13:00:00,99764.9609375
2019-10-24 14:00:00,99779.8984375
2019-10-24 15:00:00,99794.9375
2019-10-24 16:00:00,99866.234375
2019-10-24 17:00:00,99937.5390625
2019-10-24 18:00:00,100009.4765625
2019-10-24 19:00:00,100014.875
2019-10-24 20:00:00,100020.9140625
2019-10-24 21:00:00,100026.4140625
2019-10-24 22:00:00,99991.71875
2019-10-24 23:00:00,99957.1171875
2019-10-25 00:00:00,99922.3203125
2019-10-25 01:00:00,99945.734375
2019-10-25 02:00:00,99969.0546875
2019-10-25 03:00:00,99992.375
2019-10-25 04:00:00,99978.015625
2019-10-25 05:00:00,99963.65625
2019-10-25 06:00:00,99949.296875
2019-10-25 07:00:00,99988.1796875
2019-10-25 08:00:00,100027.0546875
2019-10-25 09:00:00,100065.9375
2019-10-25 10:00:00,100093.515625
2019-10-25 11:00:00,100121.640625
2019-10-25 12:00:00,100149.1171875
2019-10-25 13:00:00,100130.078125
2019-10-25 14:00:00,100110.296875
2019-10-25 15:00:00,100091.0546875
2019-10-25 16:00:00,100086
2019-10-25 17:00:00,100081.578125
2019-10-25 18:00:00,100076.4140625
2019-10-25 19:00:00,100001.8515625
2019-10-25 20:00:00,99927.796875
2019-10-25 21:00:00,99853.1171875
2019-10-25 22:00:00,99797.515625
2019-10-25 23:00:00,99741.8203125
2019-10-26 00:00:00,99685.9140625
2019-10-26 01:00:00,99620.3359375
2019-10-26 02:00:00,99555.296875
2019-10-26 03:00:00,99490.2578125
2019-10-26 04:00:00,99401.5390625
2019-10-26 05:00:00,99312.28125
2019-10-26 06:00:00,99223.5546875
2019-10-26 07:00:00,99112.6015625
2019-10-26 08:00:00,99002.1796875
2019-10-26 09:00:00,98891.859375
2019-10-26 10:00:00,98851.3203125
2019-10-26 11:00:00,98810.0390625
2019-10-26 12:00:00,98769.3984375
2019-10-26 13:00:00,98702.9765625
2019-10-26 14:00:00,98636.359375
2019-10-26 15:00:00,98570.28125
2019-10-26 16:00:00,98520.0546875
2019-10-26 17:00:00,98469.1953125
2019-10-26 18:00:00,98418.875
2019-10-26 19:00:00,98330.0546875
2019-10-26 20:00:00,98241.234375
2019-10-26 21:00:00,98151.78125
2019-10-26 22:00:00,98124.78125
2019-10-26 23:00:00,98097.0390625
2019-10-27 00:00:00,98069.8359375
2019-10-27 01:00:00,98132.234375
2019-10-27 02:00:00,98193.8984375
2019-10-27 03:00:00,98256.1953125
2019-10-27 04:00:00,98240.9375
2019-10-27 05:00:00,98225.578125
2019-10-27 06:00:00,98210.9609375
2019-10-27 07:00:00,98295.6953125
2019-10-27 08:00:00,98380.4375
2019-10-27 09:00:00,98465.8203125
2019-10-27 10:00:00,98501.859375
2019-10-27 11:00:00,98537.796875
2019-10-27 12:00:00,98573.734375
2019-10-27 13:00:00,98654.28125
2019-10-27 14:00:00,98735.4609375
2019-10-27 15:00:00,98816.640625
2019-10-27 16:00:00,98838.0546875
2019-10-27 17:00:00,98859.4765625
2019-10-27 18:00:00,98880.8984375
2019-10-27 19:00:00,98844.375
2019-10-27 20:00:00,98808.5
2019-10-27 21:00:00,98771.9765625
2019-10-27 22:00:00,98797.015625
2019-10-27 23:00:00,98822.6953125
2019-10-28 00:00:00,98847.734375
2019-10-28 01:00:00,98859.9609375
2019-10-28 02:00:00,98872.078125
2019-10-28 03:00:00,98884.296875
2019-10-28 04:00:00,98863.4375
2019-10-28 05:00:00,98841.8359375
2019-10-28 06:00:00,98820.3359375
2019-10-28 07:00:00,98873.2578125
2019-10-28 08:00:00,98926.1796875
2019-10-28 09:00:00,98979.1015625
2019-10-28 10:00:00,99039.734375
2019-10-28 11:00:00,99099.640625
2019-10-28 12:00:00,99160.078125
2019-10-28 13:00:00,99213.4375
2019-10-28 14:00:00,99266.796875
2019-10-28 15:00:00,99319.515625
2019-10-28 16:00:00,99283.3203125
2019-10-28 17:00:00,99246.4765625
2019-10-28 18:00:00,99209.640625
2019-10-28 19:00:00,99161.1953125
2019-10-28 20:00:00,99113.3984375
2019-10-28 21:00:00,99065.0546875
2019-10-28 22:00:00,99002.359375
2019-10-28 23:00:00,98939.4609375
2019-10-29 00:00:00,98876.5546875
2019-10-29 01:00:00,98797.875
2019-10-29 02:00:00,98719.1953125
2019-10-29 03:00:00,98640.515625
2019-10-29 04:00:00,98831.9140625
2019-10-29 05:00:00,99023.4140625
2019-10-29 06:00:00,99215.4609375
2019-10-29 07:00:00,99254.1015625
2019-10-29 08:00:00,99292.734375
2019-10-29 09:00:00,99332.1171875
2019-10-29 10:00:00,99424.515625
2019-10-29 11:00:00,99517.5546875
2019-10-29 12:00:00,99610.6953125
2019-10-29 13:00:00,99600.6796875
2019-10-29 14:00:00,99591.296875
2019-10-29 15:00:00,99581.28125
2019-10-29 16:00:00,99651.296875
2019-10-29 17:00:00,99721.21875
2019-10-29 18:00:00,99791.875
2019-10-29 19:00:00,99768.8984375
2019-10-29 20:00:00,99746.5546875
2019-10-29 21:00:00,99724.21875
2019-10-29 22:00:00,99671.5546875
2019-10-29 23:00:00,99619.4375
2019-10-30 00:00:00,99567.3203125
2019-10-30 01:00:00,99595.6953125
2019-10-30 02:00:00,99624.078125
2019-10-30 03:00:00,99652.359375
2019-10-30 04:00:00,99651.875
2019-10-30 05:00:00,99651.3984375
2019-10-30 06:00:00,99650.8203125
2019-10-30 07:00:00,99594.5390625
2019-10-30 08:00:00,99537.515625
2019-10-30 09:00:00,99481.140625
2019-10-30 10:00:00,99499.28125
2019-10-30 11:00:00,99517.3203125
2019-10-30 12:00:00,99535.359375
2019-10-30 13:00:00,99476.3203125
2019-10-30 14:00:00,99417.375
2019-10-30 15:00:00,99357.796875
2019-10-30 16:00:00,99309.296875
2019-10-30 17:00:00,99261.234375
2019-10-30 18:00:00,99213.1796875
2019-10-30 19:00:00,99268.5546875
2019-10-30 20:00:00,99324.4765625
2019-10-30 21:00:00,99380.3984375
2019-10-30 22:00:00,99348.65625
2019-10-30 23:00:00,99316.8203125
2019-10-31 00:00:00,99284.875
2019-10-31 01:00:00,99240.015625
2019-10-31 02:00:00,99194.515625
2019-10-31 03:00:00,99149.7578125
2019-10-31 04:00:00,99174.9140625
2019-10-31 05:00:00,99199.4375
2019-10-31 06:00:00,99224.6015625
2019-10-31 07:00:00,99263.9375
2019-10-31 08:00:00,99303.28125
2019-10-31 09:00:00,99342.6171875
2019-10-31 10:00:00,99379.015625
2019-10-31 11:00:00,99415.9609375
2019-10-31 12:00:00,99452.796875
2019-10-31 13:00:00,99453.796875
2019-10-31 14:00:00,99455.78125
2019-10-31 15:00:00,99457.015625
2019-10-31 16:00:00,99472.6796875
2019-10-31 17:00:00,99488.234375
2019-10-31 18:00:00,99504.3359375
2019-10-31 19:00:00,99540.6953125
2019-10-31 20:00:00,99577.796875
2019-10-31 21:00:00,99614.796875
2019-10-31 22:00:00,99655.375
2019-10-31 23:00:00,99696.5
2019-11-01 00:00:00,99737.4140625
2019-11-01 01:00:00,99764.4609375
2019-11-01 02:00:00,99791.5
2019-11-01 03:00:00,99818.640625
2019-11-01 04:00:00,99837.6015625
2019-11-01 05:00:00,99857.1953125
2019-11-01 06:00:00,99876.15625
2019-11-01 07:00:00,99867.5390625
2019-11-01 08:00:00,99859.5546875
2019-11-01 09:00:00,99851.4765625
2019-11-01 10:00:00,99821.3984375
2019-11-01 11:00:00,99790.6796875
2019-11-01 12:00:00,99760.6015625
2019-11-01 13:00:00,99852.515625
2019-11-01 14:00:00,99944.4375
2019-11-01 15:00:00,100036.2578125
2019-11-01 16:00:00,99965.5546875
2019-11-01 17:00:00,99894.9609375
2019-11-01 18:00:00,99824.2578125
2019-11-01 19:00:00,99807.4375
2019-11-01 20:00:00,99791.2578125
2019-11-01 21:00:00,99774.4375
2019-11-01 22:00:00,99735.1953125
2019-11-01 23:00:00,99696.3984375
2019-11-02 00:00:00,99658.140625
2019-11-02 01:00:00,99751.28125
2019-11-02 02:00:00,99845.0546875
2019-11-02 03:00:00,99938.734375
2019-11-02 04:00:00,99906.9375
2019-11-02 05:00:00,99875.78125
2019-11-02 06:00:00,99844.6171875
2019-11-02 07:00:00,99803.0390625
2019-11-02 08:00:00,99762
2019-11-02 09:00:00,99720.4140625
2019-11-02 10:00:00,99760.2578125
2019-11-02 11:00:00,99799.4609375
2019-11-02 12:00:00,99839.296875
2019-11-02 13:00:00,99906.28125
2019-11-02 14:00:00,99972.515625
2019-11-02 15:00:00,100039.9375
2019-11-02 16:00:00,100004.3203125
2019-11-02 17:00:00,99969.3359375
2019-11-02 18:00:00,99934.15625
2019-11-02 19:00:00,99943.4765625
2019-11-02 20:00:00,99952.8984375
2019-11-02 21:00:00,99961.578125
2019-11-02 22:00:00,99938.6015625
2019-11-02 23:00:00,99915.9609375
2019-11-03 00:00:00,99893.21875
2019-11-03 01:00:00,99862.8359375
2019-11-03 02:00:00,99832.5546875
2019-11-03 03:00:00,99802.8203125
2019-11-03 04:00:00,99821.359375
2019-11-03 05:00:00,99840.4375
2019-11-03 06:00:00,99858.875
2019-11-03 07:00:00,99711.5390625
2019-11-03 08:00:00,99563.65625
2019-11-03 09:00:00,99416.3203125
2019-11-03 10:00:00,99488.4375
2019-11-03 11:00:00,99560.5546875
2019-11-03 12:00:00,99632.6796875
2019-11-03 13:00:00,99638.65625
2019-11-03 14:00:00,99645.1796875
2019-11-03 15:00:00,99651.6953125
2019-11-03 16:00:00,99472.796875
2019-11-03 17:00:00,99294.4375
2019-11-03 18:00:00,99116.078125
2019-11-03 19:00:00,99119.859375
2019-11-03 20:00:00,99123
2019-11-03 21:00:00,99126.140625
2019-11-03 22:00:00,99046.1953125
2019-11-03 23:00:00,98966.2578125
2019-11-04 00:00:00,98886.1171875
2019-11-04 01:00:00,98912
2019-11-04 02:00:00,98937.9765625
2019-11-04 03:00:00,98963.21875
2019-11-04 04:00:00,98999.78125
2019-11-04 05:00:00,99036.3359375
2019-11-04 06:00:00,99072.8984375
2019-11-04 07:00:00,99029.578125
2019-11-04 08:00:00,98986.8984375
2019-11-04 09:00:00,98943.6796875
2019-11-04 10:00:00,98968.3203125
2019-11-04 11:00:00,98992.3203125
2019-11-04 12:00:00,99016.9609375
2019-11-04 13:00:00,99073.5
2019-11-04 14:00:00,99129.9375
2019-11-04 15:00:00,99186.375
2019-11-04 16:00:00,99205.1953125
2019-11-04 17:00:00,99223.9140625
2019-11-04 18:00:00,99242.640625
2019-11-04 19:00:00,99180.1953125
2019-11-04 20:00:00,99117.65625
2019-11-04 21:00:00,99055.21875
2019-11-04 22:00:00,99176.1015625
2019-11-04 23:00:00,99296.9765625
2019-11-05 00:00:00,99417.65625
2019-11-05 01:00:00,99410.9609375
2019-11-05 02:00:00,99404.2578125
2019-11-05 03:00:00,99397.5546875
2019-11-05 04:00:00,99464.6953125
2019-11-05 05:00:00,99531.9375
2019-11-05 06:00:00,99599.1796875
2019-11-05 07:00:00,99623.9609375
2019-11-05 08:00:00,99648
2019-11-05 09:00:00,99672.140625
2019-11-05 10:00:00,99763.6796875
2019-11-05 11:00:00,99855.21875
2019-11-05 12:00:00,99946.1171875
2019-11-05 13:00:00,99974.65625
2019-11-05 14:00:00,100003.1015625
2019-11-05 15:00:00,100031.4375
2019-11-05 16:00:00,100065.578125
2019-11-05 17:00:00,100100.15625
2019-11-05 18:00:00,100134.1015625
2019-11-05 19:00:00,100083.3984375
2019-11-05 20:00:00,100032.6015625
2019-11-05 21:00:00,99981.796875
2019-11-05 22:00:00,99970.734375
2019-11-05 23:00:00,99958.9375
2019-11-06 00:00:00,99948.21875
2019-11-06 01:00:00,99978.015625
2019-11-06 02:00:00,100007.8203125
2019-11-06 03:00:00,100038.15625
2019-11-06 04:00:00,100023.4609375
2019-11-06 05:00:00,100008.1171875
2019-11-06 06:00:00,99993.4140625
2019-11-06 07:00:00,99945.6015625
2019-11-06 08:00:00,99898.3203125
2019-11-06 09:00:00,99850.3984375
2019-11-06 10:00:00,99837.6796875
2019-11-06 11:00:00,99824.9609375
2019-11-06 12:00:00,99812.234375
2019-11-06 13:00:00,99777.3203125
2019-11-06 14:00:00,99742.296875
2019-11-06 15:00:00,99707.28125
2019-11-06 16:00:00,99711.515625
2019-11-06 17:00:00,99715.859375
2019-11-06 18:00:00,99720.1015625
2019-11-06 19:00:00,99663.4140625
2019-11-06 20:00:00,99605.5546875
2019-11-06 21:00:00,99548.875
2019-11-06 22:00:00,99572.4140625
2019-11-06 23:00:00,99597.140625
2019-11-07 00:00:00,99621.1171875
2019-11-07 01:00:00,99620.1015625
2019-11-07 02:00:00,99619.1796875
2019-11-07 03:00:00,99618.15625
2019-11-07 04:00:00,99724.140625
2019-11-07 05:00:00,99830.015625
2019-11-07 06:00:00,99935.359375
2019-11-07 07:00:00,99956.578125
2019-11-07 08:00:00,99977.8984375
2019-11-07 09:00:00,99999.1171875
2019-11-07 10:00:00,100094.9765625
2019-11-07 11:00:00,100191.4765625
2019-11-07 12:00:00,100287.4375
2019-11-07 13:00:00,100392.3359375
2019-11-07 14:00:00,100496.6015625
2019-11-07 15:00:00,100601.5
2019-11-07 16:00:00,100649.1953125
2019-11-07 17:00:00,100697.9765625
2019-11-07 18:00:00,100746.015625
2019-11-07 19:00:00,100704.359375
2019-11-07 20:00:00,100663.3359375
2019-11-07 21:00:00,100621.78125
2019-11-07 22:00:00,100632.2578125
2019-11-07 23:00:00,100642.5390625
2019-11-08 00:00:00,100653.2578125
2019-11-08 01:00:00,100689.796875
2019-11-08 02:00:00,100725.6015625
2019-11-08 03:00:00,100761.5
2019-11-08 04:00:00,100740.515625
2019-11-08 05:00:00,100720.28125
2019-11-08 06:00:00,100699.3984375
2019-11-08 07:00:00,100680
2019-11-08 08:00:00,100661.234375
2019-11-08 09:00:00,100642.4765625
2019-11-08 10:00:00,100688.9140625
2019-11-08 11:00:00,100735.2578125
2019-11-08 12:00:00,100781.0546875
2019-11-08 13:00:00,100725.640625
2019-11-08 14:00:00,100670.2265625
2019-11-08 15:00:00,100614.6953125
2019-11-08 16:00:00,100535.5390625
2019-11-08 17:00:00,100455.640625
2019-11-08 18:00:00,100376.1875
2019-11-08 19:00:00,100264.3359375
2019-11-08 20:00:00,100152.5
2019-11-08 21:00:00,100040.015625
2019-11-08 22:00:00,100014.3203125
2019-11-08 23:00:00,99988.4140625
2019-11-09 00:00:00,99963.0546875
2019-11-09 01:00:00,99846.5390625
2019-11-09 02:00:00,99730.1171875
2019-11-09 03:00:00,99613.6015625
2019-11-09 04:00:00,99652.140625
2019-11-09 05:00:00,99690.0390625
2019-11-09 06:00:00,99727.9453125
2019-11-09 07:00:00,99584.4296875
2019-11-09 08:00:00,99440.265625
2019-11-09 09:00:00,99296.75
2019-11-09 10:00:00,99316.7109375
2019-11-09 11:00:00,99336.6640625
2019-11-09 12:00:00,99356.6171875
2019-11-09 13:00:00,99312.578125
2019-11-09 14:00:00,99269.078125
2019-11-09 15:00:00,99225.484375
2019-11-09 16:00:00,99196.5859375
2019-11-09 17:00:00,99168.1171875
2019-11-09 18:00:00,99140.2109375
2019-11-09 19:00:00,99105.1796875
2019-11-09 20:00:00,99070.796875
2019-11-09 21:00:00,99035.78125
2019-11-09 22:00:00,98982.1171875
2019-11-09 23:00:00,98927.71875
2019-11-10 00:00:00,98874.296875
2019-11-10 01:00:00,98880.1796875
2019-11-10 02:00:00,98885.515625
2019-11-10 03:00:00,98891.5
2019-11-10 04:00:00,98861.21875
2019-11-10 05:00:00,98831.0390625
2019-11-10 06:00:00,98800.859375
2019-11-10 07:00:00,98816.21875
2019-11-10 08:00:00,98831.578125
2019-11-10 09:00:00,98846.9375
2019-11-10 10:00:00,98822.78125
2019-11-10 11:00:00,98799.2578125
2019-11-10 12:00:00,98775.1015625
2019-11-10 13:00:00,98802.4375
2019-11-10 14:00:00,98829.234375
2019-11-10 15:00:00,98856.578125
2019-11-10 16:00:00,98837.6796875
2019-11-10 17:00:00,98819.3203125
2019-11-10 18:00:00,98800.7578125
2019-11-10 19:00:00,98751.875
2019-11-10 20:00:00,98703.5390625
2019-11-10 21:00:00,98654.5546875
2019-11-10 22:00:00,98764.28125
2019-11-10 23:00:00,98874.3359375
2019-11-11 00:00:00,98984.1953125
2019-11-11 01:00:00,98968.0390625
2019-11-11 02:00:00,98951.78125
2019-11-11 03:00:00,98935.515625
2019-11-11 04:00:00,99009.6015625
2019-11-11 05:00:00,99083.0390625
2019-11-11 06:00:00,99156.578125
2019-11-11 07:00:00,99196.015625
2019-11-11 08:00:00,99234.8203125
2019-11-11 09:00:00,99274.2578125
2019-11-11 10:00:00,99322.1953125
2019-11-11 11:00:00,99370.78125
2019-11-11 12:00:00,99418.71875
2019-11-11 13:00:00,99564.2578125
2019-11-11 14:00:00,99709.2578125
2019-11-11 15:00:00,99854.6953125
2019-11-11 16:00:00,99892.359375
2019-11-11 17:00:00,99929.9140625
2019-11-11 18:00:00,99966.8359375
2019-11-11 19:00:00,100155.5390625
2019-11-11 20:00:00,100343.5
2019-11-11 21:00:00,100531.5546875
2019-11-11 22:00:00,100544.15625
2019-11-11 23:00:00,100557.296875
2019-11-12 00:00:00,100569.6015625
2019-11-12 01:00:00,100686.3203125
2019-11-12 02:00:00,100802.3984375
2019-11-12 03:00:00,100919.015625
2019-11-12 04:00:00,100921.1796875
2019-11-12 05:00:00,100923.4375
2019-11-12 06:00:00,100926.234375
2019-11-12 07:00:00,100942.4765625
2019-11-12 08:00:00,100958.8203125
2019-11-12 09:00:00,100975.0546875
2019-11-12 10:00:00,100983.3359375
2019-11-12 11:00:00,100992.2578125
2019-11-12 12:00:00,101000.4375
2019-11-12 13:00:00,100998.28125
2019-11-12 14:00:00,100995.375
2019-11-12 15:00:00,100993.015625
2019-11-12 16:00:00,100967.5390625
2019-11-12 17:00:00,100942.3984375
2019-11-12 18:00:00,100917.15625
2019-11-12 19:00:00,100914.8203125
2019-11-12 20:00:00,100913.21875
2019-11-12 21:00:00,100911.515625
2019-11-12 22:00:00,100795.15625
2019-11-12 23:00:00,100679.3359375
2019-11-13 00:00:00,100563.3203125
2019-11-13 01:00:00,100482.140625
2019-11-13 02:00:00,100400.21875
2019-11-13 03:00:00,100318.3984375
2019-11-13 04:00:00,100251.28125
2019-11-13 05:00:00,100184.0546875
2019-11-13 06:00:00,100116.9375
2019-11-13 07:00:00,100029.6796875
2019-11-13 08:00:00,99941.875
2019-11-13 09:00:00,99854.6171875
2019-11-13 10:00:00,99800.8984375
2019-11-13 11:00:00,99747.078125
2019-11-13 12:00:00,99693.2578125
2019-11-13 13:00:00,99647.5546875
2019-11-13 14:00:00,99601.7578125
2019-11-13 15:00:00,99555.9609375
2019-11-13 16:00:00,99501.3984375
2019-11-13 17:00:00,99447.4765625
2019-11-13 18:00:00,99392.9140625
2019-11-13 19:00:00,99366.4140625
2019-11-13 20:00:00,99339.9140625
2019-11-13 21:00:00,99313.4140625
2019-11-13 22:00:00,99277.296875
2019-11-13 23:00:00,99241.71875
2019-11-14 00:00:00,99206.0390625
2019-11-14 01:00:00,99261.6015625
2019-11-14 02:00:00,99317.15625
2019-11-14 03:00:00,99372.71875
2019-11-14 04:00:00,99362.15625
2019-11-14 05:00:00,99352.140625
2019-11-14 06:00:00,99341.4765625
2019-11-14 07:00:00,99453.234375
2019-11-14 08:00:00,99564.8984375
2019-11-14 09:00:00,99677.1953125
2019-11-14 10:00:00,99693.796875
2019-11-14 11:00:00,99710.296875
2019-11-14 12:00:00,99726.796875
2019-11-14 13:00:00,99861.140625
2019-11-14 14:00:00,99995.375
2019-11-14 15:00:00,100129.515625
2019-11-14 16:00:00,100093.375
2019-11-14 17:00:00,100057.6796875
2019-11-14 18:00:00,100022.3203125
2019-11-14 19:00:00,100079.015625
2019-11-14 20:00:00,100135.71875
2019-11-14 21:00:00,100192.3203125
2019-11-14 22:00:00,100224.0546875
2019-11-14 23:00:00,100255.6015625
2019-11-15 00:00:00,100287.6796875
2019-11-15 01:00:00,100274.3203125
2019-11-15 02:00:00,100260.9609375
2019-11-15 03:00:00,100247.5
2019-11-15 04:00:00,100240.2578125
2019-11-15 05:00:00,100233.5546875
2019-11-15 06:00:00,100226.859375
2019-11-15 07:00:00,100263.6171875
2019-11-15 08:00:00,100300.375
2019-11-15 09:00:00,100337.140625
2019-11-15 10:00:00,100316.5
2019-11-15 11:00:00,100296.3984375
2019-11-15 12:00:00,100275.7578125
2019-11-15 13:00:00,100368.234375
2019-11-15 14:00:00,100460.71875
2019-11-15 15:00:00,100553.1015625
2019-11-15 16:00:00,100440.578125
2019-11-15 17:00:00,100327.859375
2019-11-15 18:00:00,100215.78125
2019-11-15 19:00:00,100212.578125
2019-11-15 20:00:00,100209.375
2019-11-15 21:00:00,100206.71875
2019-11-15 22:00:00,100149.234375
2019-11-15 23:00:00,100091.5546875
2019-11-16 00:00:00,100034.3203125
2019-11-16 01:00:00,100003.78125
2019-11-16 02:00:00,99973.234375
2019-11-16 03:00:00,99942.6015625
2019-11-16 04:00:00,100063.1953125
2019-11-16 05:00:00,100183.6953125
2019-11-16 06:00:00,100304.296875
2019-11-16 07:00:00,100218.015625
2019-11-16 08:00:00,100132.28125
2019-11-16 09:00:00,100046
2019-11-16 10:00:00,100057.3203125
2019-11-16 11:00:00,100069.375
2019-11-16 12:00:00,100080.796875
2019-11-16 13:00:00,99999.234375
2019-11-16 14:00:00,99917.6796875
2019-11-16 15:00:00,99835.4765625
2019-11-16 16:00:00,99863.2578125
2019-11-16 17:00:00,99891.0390625
2019-11-16 18:00:00,99919.359375
2019-11-16 19:00:00,99801.8359375
2019-11-16 20:00:00,99684.9609375
2019-11-16 21:00:00,99567.3359375
2019-11-16 22:00:00,99512.4375
2019-11-16 23:00:00,99457.4375
2019-11-17 00:00:00,99402.234375
2019-11-17 01:00:00,99423.375
2019-11-17 02:00:00,99444.6171875
2019-11-17 03:00:00,99465.1171875
2019-11-17 04:00:00,99457.5546875
2019-11-17 05:00:00,99450
2019-11-17 06:00:00,99441.796875
2019-11-17 07:00:00,99326.1171875
2019-11-17 08:00:00,99210.4375
2019-11-17 09:00:00,99094.7578125
2019-11-17 10:00:00,99104
2019-11-17 11:00:00,99113.3359375
2019-11-17 12:00:00,99123.21875
2019-11-17 13:00:00,99119.015625
2019-11-17 14:00:00,99114.8203125
2019-11-17 15:00:00,99110.515625
2019-11-17 16:00:00,98998.640625
2019-11-17 17:00:00,98886.5546875
2019-11-17 18:00:00,98774.375
2019-11-17 19:00:00,98675.65625
2019-11-17 20:00:00,98576.9375
2019-11-17 21:00:00,98478.859375
2019-11-17 22:00:00,98515.6015625
2019-11-17 23:00:00,98551.6953125
2019-11-18 00:00:00,98588.875
2019-11-18 01:00:00,98624.9140625
2019-11-18 02:00:00,98660.4140625
2019-11-18 03:00:00,98696.4609375
2019-11-18 04:00:00,98672.5
2019-11-18 05:00:00,98648.4375
2019-11-18 06:00:00,98625.015625
2019-11-18 07:00:00,98606.1796875
2019-11-18 08:00:00,98587.875
2019-11-18 09:00:00,98569.578125
2019-11-18 10:00:00,98633.140625
2019-11-18 11:00:00,98697.234375
2019-11-18 12:00:00,98760.6953125
2019-11-18 13:00:00,98740.4765625
2019-11-18 14:00:00,98719.71875
2019-11-18 15:00:00,98699.5
2019-11-18 16:00:00,98587.1796875
2019-11-18 17:00:00,98474.65625
2019-11-18 18:00:00,98362.0390625
2019-11-18 19:00:00,98348.1953125
2019-11-18 20:00:00,98333.6171875
2019-11-18 21:00:00,98319.6796875
2019-11-18 22:00:00,98242.140625
2019-11-18 23:00:00,98163.7578125
2019-11-19 00:00:00,98086.359375
2019-11-19 01:00:00,98177.3984375
2019-11-19 02:00:00,98268.4375
2019-11-19 03:00:00,98360.1171875
2019-11-19 04:00:00,98251.515625
2019-11-19 05:00:00,98142.9140625
2019-11-19 06:00:00,98035.0546875
2019-11-19 07:00:00,98032.015625
2019-11-19 08:00:00,98029.71875
2019-11-19 09:00:00,98027.3203125
2019-11-19 10:00:00,98054.6171875
2019-11-19 11:00:00,98081.9140625
2019-11-19 12:00:00,98109.21875
2019-11-19 13:00:00,98202.6796875
2019-11-19 14:00:00,98295.3984375
2019-11-19 15:00:00,98388.7578125
2019-11-19 16:00:00,98361
2019-11-19 17:00:00,98332.5
2019-11-19 18:00:00,98304.4375
2019-11-19 19:00:00,98483.8359375
2019-11-19 20:00:00,98662.5
2019-11-19 21:00:00,98841.8984375
2019-11-19 22:00:00,98809.8359375
2019-11-19 23:00:00,98777.0390625
2019-11-20 00:00:00,98745.21875
2019-11-20 01:00:00,98810.9140625
2019-11-20 02:00:00,98877.2578125
2019-11-20 03:00:00,98943.6015625
2019-11-20 04:00:00,98947.640625
2019-11-20 05:00:00,98951.6796875
2019-11-20 06:00:00,98955.71875
2019-11-20 07:00:00,99056.5
2019-11-20 08:00:00,99157.9140625
2019-11-20 09:00:00,99258.6953125
2019-11-20 10:00:00,99278.9140625
2019-11-20 11:00:00,99299.78125
2019-11-20 12:00:00,99320
2019-11-20 13:00:00,99251.3984375
2019-11-20 14:00:00,99182.8984375
2019-11-20 15:00:00,99114.9375
2019-11-20 16:00:00,99092.5390625
2019-11-20 17:00:00,99070.140625
2019-11-20 18:00:00,99047.734375
2019-11-20 19:00:00,98971.5
2019-11-20 20:00:00,98895.2578125
2019-11-20 21:00:00,98819.1171875
2019-11-20 22:00:00,98799.140625
2019-11-20 23:00:00,98779.2578125
2019-11-21 00:00:00,98760.015625
2019-11-21 01:00:00,98776.28125
2019-11-21 02:00:00,98793.078125
2019-11-21 03:00:00,98809.3359375
2019-11-21 04:00:00,98719.28125
2019-11-21 05:00:00,98629.1171875
2019-11-21 06:00:00,98538.4140625
2019-11-21 07:00:00,98482.8359375
2019-11-21 08:00:00,98426.6171875
2019-11-21 09:00:00,98371.0390625
2019-11-21 10:00:00,98368.078125
2019-11-21 11:00:00,98365.015625
2019-11-21 12:00:00,98362.6015625
2019-11-21 13:00:00,98460.4375
2019-11-21 14:00:00,98558.9140625
2019-11-21 15:00:00,98656.65625
2019-11-21 16:00:00,98680.9140625
2019-11-21 17:00:00,98705.71875
2019-11-21 18:00:00,98729.875
2019-11-21 19:00:00,98826.375
2019-11-21 20:00:00,98922.9765625
2019-11-21 21:00:00,99019.4765625
2019-11-21 22:00:00,99052.78125
2019-11-21 23:00:00,99085.9765625
2019-11-22 00:00:00,99119.71875
2019-11-22 01:00:00,99230.1796875
2019-11-22 02:00:00,99340.640625
2019-11-22 03:00:00,99451.1015625
2019-11-22 04:00:00,99501.9140625
2019-11-22 05:00:00,99552.1953125
2019-11-22 06:00:00,99602.4765625
2019-11-22 07:00:00,99683.28125
2019-11-22 08:00:00,99764.1796875
2019-11-22 09:00:00,99844.9765625
2019-11-22 10:00:00,99757.9765625
2019-11-22 11:00:00,99670.9765625
2019-11-22 12:00:00,99584.6171875
2019-11-22 13:00:00,99649.9609375
2019-11-22 14:00:00,99715.296875
2019-11-22 15:00:00,99780.5390625
2019-11-22 16:00:00,99761.6171875
2019-11-22 17:00:00,99742.6953125
2019-11-22 18:00:00,99723.6796875
2019-11-22 19:00:00,99657.796875
2019-11-22 20:00:00,99591.9140625
2019-11-22 21:00:00,99525.5
2019-11-22 22:00:00,99444.6796875
2019-11-22 23:00:00,99363.859375
2019-11-23 00:00:00,99282.296875
2019-11-23 01:00:00,99279.3203125
2019-11-23 02:00:00,99275.6015625
2019-11-23 03:00:00,99272.4140625
2019-11-23 04:00:00,99162.5
2019-11-23 05:00:00,99053.21875
2019-11-23 06:00:00,98943.296875
2019-11-23 07:00:00,98946.359375
2019-11-23 08:00:00,98948.875
2019-11-23 09:00:00,98951.9375
2019-11-23 10:00:00,98851.9375
2019-11-23 11:00:00,98752.578125
2019-11-23 12:00:00,98653.1171875
2019-11-23 13:00:00,98683.1796875
2019-11-23 14:00:00,98713.140625
2019-11-23 15:00:00,98743.734375
2019-11-23 16:00:00,98737.4609375
2019-11-23 17:00:00,98731.6171875
2019-11-23 18:00:00,98725.4765625
2019-11-23 19:00:00,98660.4765625
2019-11-23 20:00:00,98595.578125
2019-11-23 21:00:00,98530.578125
2019-11-23 22:00:00,98554.578125
2019-11-23 23:00:00,98579.015625
2019-11-24 00:00:00,98603.15625
2019-11-24 01:00:00,98593.015625
2019-11-24 02:00:00,98583.4140625
2019-11-24 03:00:00,98573.078125
2019-11-24 04:00:00,98580.9140625
2019-11-24 05:00:00,98588.1171875
2019-11-24 06:00:00,98595.21875
2019-11-24 07:00:00,98569.65625
2019-11-24 08:00:00,98544.1015625
2019-11-24 09:00:00,98518.5390625
2019-11-24 10:00:00,98512.4765625
2019-11-24 11:00:00,98506.4140625
2019-11-24 12:00:00,98501
2019-11-24 13:00:00,98512.9609375
2019-11-24 14:00:00,98525.015625
2019-11-24 15:00:00,98537.6171875
2019-11-24 16:00:00,98397.8984375
2019-11-24 17:00:00,98257.9765625
2019-11-24 18:00:00,98118.6015625
2019-11-24 19:00:00,98155.1171875
2019-11-24 20:00:00,98191
2019-11-24 21:00:00,98227.4140625
2019-11-24 22:00:00,98208.6015625
2019-11-24 23:00:00,98190.1171875
2019-11-25 00:00:00,98171.5390625
2019-11-25 01:00:00,98097.734375
2019-11-25 02:00:00,98024.4765625
2019-11-25 03:00:00,97950.578125
2019-11-25 04:00:00,97939.0546875
2019-11-25 05:00:00,97927.5390625
2019-11-25 06:00:00,97916.015625
2019-11-25 07:00:00,97878.1796875
2019-11-25 08:00:00,97840.875
2019-11-25 09:00:00,97804.21875
2019-11-25 10:00:00,97775.015625
2019-11-25 11:00:00,97746.5546875
2019-11-25 12:00:00,97717.4609375
2019-11-25 13:00:00,97722.2578125
2019-11-25 14:00:00,97726.3203125
2019-11-25 15:00:00,97730.4765625
2019-11-25 16:00:00,97789.234375
2019-11-25 17:00:00,97848
2019-11-25 18:00:00,97906.65625
2019-11-25 19:00:00,97818.9140625
2019-11-25 20:00:00,97731.28125
2019-11-25 21:00:00,97643.640625
2019-11-25 22:00:00,97748.8984375
2019-11-25 23:00:00,97854.796875
2019-11-26 00:00:00,97960.6953125
2019-11-26 01:00:00,98012.1171875
2019-11-26 02:00:00,98063.640625
2019-11-26 03:00:00,98115.0546875
2019-11-26 04:00:00,98180.3203125
2019-11-26 05:00:00,98246.21875
2019-11-26 06:00:00,98312.015625
2019-11-26 07:00:00,98187.078125
2019-11-26 08:00:00,98062.140625
2019-11-26 09:00:00,97937.1953125
2019-11-26 10:00:00,97882.9375
2019-11-26 11:00:00,97828.6796875
2019-11-26 12:00:00,97774.3203125
2019-11-26 13:00:00,97790.859375
2019-11-26 14:00:00,97807.296875
2019-11-26 15:00:00,97824.4765625
2019-11-26 16:00:00,97684.8359375
2019-11-26 17:00:00,97545.296875
2019-11-26 18:00:00,97406.3984375
2019-11-26 19:00:00,97284.3203125
2019-11-26 20:00:00,97162.3359375
2019-11-26 21:00:00,97040.2578125
2019-11-26 22:00:00,97037
2019-11-26 23:00:00,97033.5390625
2019-11-27 00:00:00,97030.6171875
2019-11-27 01:00:00,96992.359375
2019-11-27 02:00:00,96954.5390625
2019-11-27 03:00:00,96916.71875
2019-11-27 04:00:00,96907.5546875
2019-11-27 05:00:00,96899.0390625
2019-11-27 06:00:00,96889.78125
2019-11-27 07:00:00,97088.4765625
2019-11-27 08:00:00,97287.515625
2019-11-27 09:00:00,97486.359375
2019-11-27 10:00:00,97830.359375
2019-11-27 11:00:00,98173.71875
2019-11-27 12:00:00,98517.6171875
2019-11-27 13:00:00,98652.875
2019-11-27 14:00:00,98788.0390625
2019-11-27 15:00:00,98922.5546875
2019-11-27 16:00:00,99107.15625
2019-11-27 17:00:00,99291.65625
2019-11-27 18:00:00,99475.6953125
2019-11-27 19:00:00,99593.234375
2019-11-27 20:00:00,99710.140625
2019-11-27 21:00:00,99827.6796875
2019-11-27 22:00:00,99826.875
2019-11-27 23:00:00,99825.5390625
2019-11-28 00:00:00,99824.1015625
2019-11-28 01:00:00,99982.5
2019-11-28 02:00:00,100141.5390625
2019-11-28 03:00:00,100299.8984375
2019-11-28 04:00:00,100313.6171875
2019-11-28 05:00:00,100327.5
2019-11-28 06:00:00,100341.375
2019-11-28 07:00:00,100417.3203125
2019-11-28 08:00:00,100492.4140625
2019-11-28 09:00:00,100568.5
2019-11-28 10:00:00,100501.8984375
2019-11-28 11:00:00,100435.9375
2019-11-28 12:00:00,100369.3359375
2019-11-28 13:00:00,100470.9765625
2019-11-28 14:00:00,100572.3203125
2019-11-28 15:00:00,100673.5546875
2019-11-28 16:00:00,100643.3203125
2019-11-28 17:00:00,100612.515625
2019-11-28 18:00:00,100582.734375
2019-11-28 19:00:00,100566.78125
2019-11-28 20:00:00,100551.078125
2019-11-28 21:00:00,100534.8984375
2019-11-28 22:00:00,100438.28125
2019-11-28 23:00:00,100340.8359375
2019-11-29 00:00:00,100243.9765625
2019-11-29 01:00:00,100277.796875
2019-11-29 02:00:00,100311.3203125
2019-11-29 03:00:00,100345.375
2019-11-29 04:00:00,100280.15625
2019-11-29 05:00:00,100215.578125
2019-11-29 06:00:00,100151.1015625
2019-11-29 07:00:00,100162.71875
2019-11-29 08:00:00,100174.9765625
2019-11-29 09:00:00,100187.3359375
2019-11-29 10:00:00,100116.4140625
2019-11-29 11:00:00,100045.5
2019-11-29 12:00:00,99974.0546875
2019-11-29 13:00:00,100021
2019-11-29 14:00:00,100067.1953125
2019-11-29 15:00:00,100114.0390625
2019-11-29 16:00:00,99958.078125
2019-11-29 17:00:00,99802.65625
2019-11-29 18:00:00,99646.6953125
2019-11-29 19:00:00,99597.8203125
2019-11-29 20:00:00,99549.0390625
2019-11-29 21:00:00,99500.2578125
2019-11-29 22:00:00,99354.7578125
2019-11-29 23:00:00,99209.0546875
2019-11-30 00:00:00,99063.0546875
2019-11-30 01:00:00,99025.2578125
2019-11-30 02:00:00,98987.2578125
2019-11-30 03:00:00,98948.6171875
2019-11-30 04:00:00,98837.7578125
2019-11-30 05:00:00,98726.8984375
2019-11-30 06:00:00,98615.9375
2019-11-30 07:00:00,98604.234375
2019-11-30 08:00:00,98593.078125
2019-11-30 09:00:00,98581.9140625
2019-11-30 10:00:00,98320.015625
2019-11-30 11:00:00,98058.015625
2019-11-30 12:00:00,97796.3203125
2019-11-30 13:00:00,97741
2019-11-30 14:00:00,97686.3203125
2019-11-30 15:00:00,97631.640625
2019-11-30 16:00:00,97559.0390625
2019-11-30 17:00:00,97487.078125
2019-11-30 18:00:00,97415.1171875
2019-11-30 19:00:00,97361.5
2019-11-30 20:00:00,97308.4140625
2019-11-30 21:00:00,97255.3359375
2019-11-30 22:00:00,97270.9609375
2019-11-30 23:00:00,97285.71875
2019-12-01 00:00:00,97301.4609375
2019-12-01 01:00:00,97226.734375
2019-12-01 02:00:00,97152.015625
2019-12-01 03:00:00,97077.8359375
2019-12-01 04:00:00,97147
2019-12-01 05:00:00,97215.515625
2019-12-01 06:00:00,97284.6796875
2019-12-01 07:00:00,97230.9140625
2019-12-01 08:00:00,97177.6953125
2019-12-01 09:00:00,97123.8359375
2019-12-01 10:00:00,97217.1015625
2019-12-01 11:00:00,97310.2578125
2019-12-01 12:00:00,97403.4140625
2019-12-01 13:00:00,97481.859375
2019-12-01 14:00:00,97560.9375
2019-12-01 15:00:00,97640.015625
2019-12-01 16:00:00,97749.5390625
2019-12-01 17:00:00,97859.5
2019-12-01 18:00:00,97968.6171875
2019-12-01 19:00:00,98112.71875
2019-12-01 20:00:00,98256.8203125
2019-12-01 21:00:00,98400.28125
2019-12-01 22:00:00,98486.140625
2019-12-01 23:00:00,98571.8984375
2019-12-02 00:00:00,98658.1015625
2019-12-02 01:00:00,98789.8984375
2019-12-02 02:00:00,98921.6953125
2019-12-02 03:00:00,99054.0390625
2019-12-02 04:00:00,99125.875
2019-12-02 05:00:00,99197.6171875
2019-12-02 06:00:00,99269.4609375
2019-12-02 07:00:00,99312.71875
2019-12-02 08:00:00,99355.4375
2019-12-02 09:00:00,99398.0546875
2019-12-02 10:00:00,99444.8359375
2019-12-02 11:00:00,99491.6171875
2019-12-02 12:00:00,99538.296875
2019-12-02 13:00:00,99604.9140625
2019-12-02 14:00:00,99672.078125
2019-12-02 15:00:00,99739.234375
2019-12-02 16:00:00,99695.78125
2019-12-02 17:00:00,99651.6796875
2019-12-02 18:00:00,99608.015625
2019-12-02 19:00:00,99572.9375
2019-12-02 20:00:00,99537.1171875
2019-12-02 21:00:00,99501.3984375
2019-12-02 22:00:00,99508.078125
2019-12-02 23:00:00,99514.015625
2019-12-03 00:00:00,99520.6015625
2019-12-03 01:00:00,99483.015625
2019-12-03 02:00:00,99445.5390625
2019-12-03 03:00:00,99407.9609375
2019-12-03 04:00:00,99325.640625
2019-12-03 05:00:00,99242.6796875
2019-12-03 06:00:00,99160.359375
2019-12-03 07:00:00,99103.9375
2019-12-03 08:00:00,99046.78125
2019-12-03 09:00:00,98990.359375
2019-12-03 10:00:00,98948.8203125
2019-12-03 11:00:00,98907.1796875
2019-12-03 12:00:00,98865
2019-12-03 13:00:00,98800.21875
2019-12-03 14:00:00,98734.796875
2019-12-03 15:00:00,98670.015625
2019-12-03 16:00:00,98594.9375
2019-12-03 17:00:00,98520.5
2019-12-03 18:00:00,98445.9609375
2019-12-03 19:00:00,98386.8984375
2019-12-03 20:00:00,98329.1171875
2019-12-03 21:00:00,98270.0546875
2019-12-03 22:00:00,98350.5
2019-12-03 23:00:00,98430.9375
2019-12-04 00:00:00,98511.71875
2019-12-04 01:00:00,98568.4609375
2019-12-04 02:00:00,98625.1015625
2019-12-04 03:00:00,98682.375
2019-12-04 04:00:00,98652.8984375
2019-12-04 05:00:00,98624.0546875
2019-12-04 06:00:00,98595.21875
2019-12-04 07:00:00,98612.8984375
2019-12-04 08:00:00,98631.1171875
2019-12-04 09:00:00,98649.3359375
2019-12-04 10:00:00,98660
2019-12-04 11:00:00,98670.7578125
2019-12-04 12:00:00,98681.4140625
2019-12-04 13:00:00,98746.375
2019-12-04 14:00:00,98810.796875
2019-12-04 15:00:00,98875.1171875
2019-12-04 16:00:00,98806.4609375
2019-12-04 17:00:00,98737.796875
2019-12-04 18:00:00,98669.0390625
2019-12-04 19:00:00,98683.3203125
2019-12-04 20:00:00,98698.234375
2019-12-04 21:00:00,98713.15625
2019-12-04 22:00:00,98777.9765625
2019-12-04 23:00:00,98842.6953125
2019-12-05 00:00:00,98907.7578125
2019-12-05 01:00:00,98891.71875
2019-12-05 02:00:00,98876.3203125
2019-12-05 03:00:00,98860.1796875
2019-12-05 04:00:00,98904.4609375
2019-12-05 05:00:00,98948.734375
2019-12-05 06:00:00,98993.015625
2019-12-05 07:00:00,99015.6015625
2019-12-05 08:00:00,99038.28125
2019-12-05 09:00:00,99060.859375
2019-12-05 10:00:00,99086.3359375
2019-12-05 11:00:00,99111.1796875
2019-12-05 12:00:00,99136.015625
2019-12-05 13:00:00,99118.78125
2019-12-05 14:00:00,99101
2019-12-05 15:00:00,99083.1171875
2019-12-05 16:00:00,98978.4765625
2019-12-05 17:00:00,98873.1953125
2019-12-05 18:00:00,98768.4609375
2019-12-05 19:00:00,98733
2019-12-05 20:00:00,98698.078125
2019-12-05 21:00:00,98662.515625
2019-12-05 22:00:00,98628.640625
2019-12-05 23:00:00,98595.296875
2019-12-06 00:00:00,98561.21875
2019-12-06 01:00:00,98590.734375
2019-12-06 02:00:00,98620.796875
2019-12-06 03:00:00,98650.1171875
2019-12-06 04:00:00,98726.1171875
2019-12-06 05:00:00,98801.578125
2019-12-06 06:00:00,98877.578125
2019-12-06 07:00:00,98966.140625
2019-12-06 08:00:00,99055.3359375
2019-12-06 09:00:00,99143.8984375
2019-12-06 10:00:00,99288.875
2019-12-06 11:00:00,99433.859375
2019-12-06 12:00:00,99578.734375
2019-12-06 13:00:00,99633.015625
2019-12-06 14:00:00,99687.296875
2019-12-06 15:00:00,99741.4765625
2019-12-06 16:00:00,99864
2019-12-06 17:00:00,99986.3203125
2019-12-06 18:00:00,100109.078125
2019-12-06 19:00:00,100093.734375
2019-12-06 20:00:00,100078.3984375
2019-12-06 21:00:00,100063.15625
2019-12-06 22:00:00,100126.6953125
2019-12-06 23:00:00,100190.234375
2019-12-07 00:00:00,100253.4765625
2019-12-07 01:00:00,100313.578125
2019-12-07 02:00:00,100373.578125
2019-12-07 03:00:00,100433.6796875
2019-12-07 04:00:00,100394.8203125
2019-12-07 05:00:00,100355.21875
2019-12-07 06:00:00,100315.71875
2019-12-07 07:00:00,100303
2019-12-07 08:00:00,100290.28125
2019-12-07 09:00:00,100277.65625
2019-12-07 10:00:00,100302.296875
2019-12-07 11:00:00,100326.3984375
2019-12-07 12:00:00,100350.5
2019-12-07 13:00:00,100281.3984375
2019-12-07 14:00:00,100212.1953125
2019-12-07 15:00:00,100142.4609375
2019-12-07 16:00:00,100060.734375
2019-12-07 17:00:00,99978.9140625
2019-12-07 18:00:00,99897.1015625
2019-12-07 19:00:00,99871.9609375
2019-12-07 20:00:00,99846.1796875
2019-12-07 21:00:00,99820.9375
2019-12-07 22:00:00,99749.1953125
2019-12-07 23:00:00,99677.4609375
2019-12-08 00:00:00,99605.6171875
2019-12-08 01:00:00,99622.9609375
2019-12-08 02:00:00,99639.5546875
2019-12-08 03:00:00,99656.8984375
2019-12-08 04:00:00,99537.4375
2019-12-08 05:00:00,99418.71875
2019-12-08 06:00:00,99299.359375
2019-12-08 07:00:00,99231.71875
2019-12-08 08:00:00,99164.078125
2019-12-08 09:00:00,99097.1796875
2019-12-08 10:00:00,99012.375
2019-12-08 11:00:00,98927.578125
2019-12-08 12:00:00,98842.78125
2019-12-08 13:00:00,98851.2578125
2019-12-08 14:00:00,98859.1015625
2019-12-08 15:00:00,98867.578125
2019-12-08 16:00:00,98846.1953125
2019-12-08 17:00:00,98824.8203125
2019-12-08 18:00:00,98803.4375
2019-12-08 19:00:00,98616.3359375
2019-12-08 20:00:00,98429.78125
2019-12-08 21:00:00,98243.3203125
2019-12-08 22:00:00,98199
2019-12-08 23:00:00,98154.78125
2019-12-09 00:00:00,98109.8203125
2019-12-09 01:00:00,98043.015625
2019-12-09 02:00:00,97976.1171875
2019-12-09 03:00:00,97909.1171875
2019-12-09 04:00:00,97903.859375
2019-12-09 05:00:00,97899.140625
2019-12-09 06:00:00,97894.4140625
2019-12-09 07:00:00,97801.6796875
2019-12-09 08:00:00,97708.9375
2019-12-09 09:00:00,97616.296875
2019-12-09 10:00:00,97612.0390625
2019-12-09 11:00:00,97607.78125
2019-12-09 12:00:00,97603.515625
2019-12-09 13:00:00,97583.859375
2019-12-09 14:00:00,97563.65625
2019-12-09 15:00:00,97544
2019-12-09 16:00:00,97613.21875
2019-12-09 17:00:00,97683.515625
2019-12-09 18:00:00,97753.078125
2019-12-09 19:00:00,97899.6953125
2019-12-09 20:00:00,98046.21875
2019-12-09 21:00:00,98193.4765625
2019-12-09 22:00:00,98393.6796875
2019-12-09 23:00:00,98594.21875
2019-12-10 00:00:00,98795
2019-12-10 01:00:00,98924.3203125
2019-12-10 02:00:00,99053.1015625
2019-12-10 03:00:00,99182.4140625
2019-12-10 04:00:00,99251.375
2019-12-10 05:00:00,99321.078125
2019-12-10 06:00:00,99389.9375
2019-12-10 07:00:00,99439.1171875
2019-12-10 08:00:00,99487.65625
2019-12-10 09:00:00,99536.1953125
2019-12-10 10:00:00,99528.78125
2019-12-10 11:00:00,99521.359375
2019-12-10 12:00:00,99513.9375
2019-12-10 13:00:00,99611.28125
2019-12-10 14:00:00,99708.6171875
2019-12-10 15:00:00,99806.6015625
2019-12-10 16:00:00,99806.1015625
2019-12-10 17:00:00,99806.0390625
2019-12-10 18:00:00,99806.4140625
2019-12-10 19:00:00,99884.4765625
2019-12-10 20:00:00,99961.8984375
2019-12-10 21:00:00,100040.0546875
2019-12-10 22:00:00,100048.21875
2019-12-10 23:00:00,100055.5390625
2019-12-11 00:00:00,100063.8359375
2019-12-11 01:00:00,100204.4375
2019-12-11 02:00:00,100345.0390625
2019-12-11 03:00:00,100486.28125
2019-12-11 04:00:00,100465.21875
2019-12-11 05:00:00,100444.2578125
2019-12-11 06:00:00,100423.8359375
2019-12-11 07:00:00,100350.7578125
2019-12-11 08:00:00,100278.21875
2019-12-11 09:00:00,100205.6796875
2019-12-11 10:00:00,100166.28125
2019-12-11 11:00:00,100127.515625
2019-12-11 12:00:00,100088.1171875
2019-12-11 13:00:00,100167.8203125
2019-12-11 14:00:00,100246.78125
2019-12-11 15:00:00,100326.375
2019-12-11 16:00:00,100341.1171875
2019-12-11 17:00:00,100356.296875
2019-12-11 18:00:00,100371.9140625
2019-12-11 19:00:00,100395.8984375
2019-12-11 20:00:00,100420.515625
2019-12-11 21:00:00,100444.5
2019-12-11 22:00:00,100373.8359375
2019-12-11 23:00:00,100303.6171875
2019-12-12 00:00:00,100233.9375
2019-12-12 01:00:00,100209.2578125
2019-12-12 02:00:00,100184.578125
2019-12-12 03:00:00,100159.8984375
2019-12-12 04:00:00,100151.8359375
2019-12-12 05:00:00,100143.78125
2019-12-12 06:00:00,100135.71875
2019-12-12 07:00:00,100070.7578125
2019-12-12 08:00:00,100005.8984375
2019-12-12 09:00:00,99940.9375
2019-12-12 10:00:00,99915.1015625
2019-12-12 11:00:00,99888.515625
2019-12-12 12:00:00,99862.6796875
2019-12-12 13:00:00,99867.875
2019-12-12 14:00:00,99873.1796875
2019-12-12 15:00:00,99879.015625
2019-12-12 16:00:00,99827.8984375
2019-12-12 17:00:00,99776.78125
2019-12-12 18:00:00,99725.5546875
2019-12-12 19:00:00,99663.7578125
2019-12-12 20:00:00,99601.3203125
2019-12-12 21:00:00,99539.4140625
2019-12-12 22:00:00,99486.15625
2019-12-12 23:00:00,99432.796875
2019-12-13 00:00:00,99379.4375
2019-12-13 01:00:00,99359.140625
2019-12-13 02:00:00,99338.8359375
2019-12-13 03:00:00,99318.640625
2019-12-13 04:00:00,99327.140625
2019-12-13 05:00:00,99335.5390625
2019-12-13 06:00:00,99344.0390625
2019-12-13 07:00:00,99195.875
2019-12-13 08:00:00,99048.359375
2019-12-13 09:00:00,98900.1953125
2019-12-13 10:00:00,98892.7578125
2019-12-13 11:00:00,98884.578125
2019-12-13 12:00:00,98876.5
2019-12-13 13:00:00,98818.375
2019-12-13 14:00:00,98760.15625
2019-12-13 15:00:00,98702.0390625
2019-12-13 16:00:00,98710.515625
2019-12-13 17:00:00,98719.640625
2019-12-13 18:00:00,98728.015625
2019-12-13 19:00:00,98650.28125
2019-12-13 20:00:00,98571.8984375
2019-12-13 21:00:00,98493.4140625
2019-12-13 22:00:00,98436.9375
2019-12-13 23:00:00,98379.71875
2019-12-14 00:00:00,98323.140625
2019-12-14 01:00:00,98316.078125
2019-12-14 02:00:00,98309.015625
2019-12-14 03:00:00,98301.859375
2019-12-14 04:00:00,98316.7578125
2019-12-14 05:00:00,98330.9140625
2019-12-14 06:00:00,98345.71875
2019-12-14 07:00:00,98235.578125
2019-12-14 08:00:00,98125.4375
2019-12-14 09:00:00,98015.1953125
2019-12-14 10:00:00,98153.3984375
2019-12-14 11:00:00,98291.6015625
2019-12-14 12:00:00,98429.796875
2019-12-14 13:00:00,98442.9765625
2019-12-14 14:00:00,98456.796875
2019-12-14 15:00:00,98470.078125
2019-12-14 16:00:00,98494.375
2019-12-14 17:00:00,98518.6796875
2019-12-14 18:00:00,98542.4375
2019-12-14 19:00:00,98626.8203125
2019-12-14 20:00:00,98711.1953125
2019-12-14 21:00:00,98794.9375
2019-12-14 22:00:00,98804.78125
2019-12-14 23:00:00,98814.6171875
2019-12-15 00:00:00,98823.8203125
2019-12-15 01:00:00,98840.8984375
2019-12-15 02:00:00,98857.3359375
2019-12-15 03:00:00,98873.6796875
2019-12-15 04:00:00,98934.875
2019-12-15 05:00:00,98995.4375
2019-12-15 06:00:00,99056.640625
2019-12-15 07:00:00,99086.65625
2019-12-15 08:00:00,99116.6796875
2019-12-15 09:00:00,99146.6953125
2019-12-15 10:00:00,99165.078125
2019-12-15 11:00:00,99183.4609375
2019-12-15 12:00:00,99201.8359375
2019-12-15 13:00:00,99165.640625
2019-12-15 14:00:00,99129.3359375
2019-12-15 15:00:00,99093.140625
2019-12-15 16:00:00,99102.4375
2019-12-15 17:00:00,99111.734375
2019-12-15 18:00:00,99121.0390625
2019-12-15 19:00:00,99059.9765625
2019-12-15 20:00:00,98999.4609375
2019-12-15 21:00:00,98938.9375
2019-12-15 22:00:00,98938.8359375
2019-12-15 23:00:00,98939.078125
2019-12-16 00:00:00,98939.015625
2019-12-16 01:00:00,98979.0546875
2019-12-16 02:00:00,99019
2019-12-16 03:00:00,99059.4765625
2019-12-16 04:00:00,99075.5390625
2019-12-16 05:00:00,99091.6015625
2019-12-16 06:00:00,99107.5546875
2019-12-16 07:00:00,99145.78125
2019-12-16 08:00:00,99184.640625
2019-12-16 09:00:00,99222.859375
2019-12-16 10:00:00,99277.859375
2019-12-16 11:00:00,99332.859375
2019-12-16 12:00:00,99387.859375
2019-12-16 13:00:00,99383.3984375
2019-12-16 14:00:00,99379.0390625
2019-12-16 15:00:00,99374.578125
2019-12-16 16:00:00,99426.4140625
2019-12-16 17:00:00,99478.0546875
2019-12-16 18:00:00,99529.6015625
2019-12-16 19:00:00,99500.359375
2019-12-16 20:00:00,99471.015625
2019-12-16 21:00:00,99441.78125
2019-12-16 22:00:00,99413.71875
2019-12-16 23:00:00,99385.796875
2019-12-17 00:00:00,99357.6796875
2019-12-17 01:00:00,99453.796875
2019-12-17 02:00:00,99549.28125
2019-12-17 03:00:00,99644.65625
2019-12-17 04:00:00,99592.5
2019-12-17 05:00:00,99540.3359375
2019-12-17 06:00:00,99488.1796875
2019-12-17 07:00:00,99620.1953125
2019-12-17 08:00:00,99751.578125
2019-12-17 09:00:00,99883.6015625
2019-12-17 10:00:00,99835.1171875
2019-12-17 11:00:00,99786.5390625
2019-12-17 12:00:00,99737.9609375
2019-12-17 13:00:00,99808.296875
2019-12-17 14:00:00,99879.28125
2019-12-17 15:00:00,99950.0546875
2019-12-17 16:00:00,99875.1796875
2019-12-17 17:00:00,99800.4375
2019-12-17 18:00:00,99725.9375
2019-12-17 19:00:00,99742.3984375
2019-12-17 20:00:00,99758.7578125
2019-12-17 21:00:00,99775.7578125
2019-12-17 22:00:00,99790.8203125
2019-12-17 23:00:00,99805.578125
2019-12-18 00:00:00,99820.78125
2019-12-18 01:00:00,99858.1953125
2019-12-18 02:00:00,99894.875
2019-12-18 03:00:00,99932.1953125
2019-12-18 04:00:00,99939.140625
2019-12-18 05:00:00,99946.1796875
2019-12-18 06:00:00,99953.1171875
2019-12-18 07:00:00,99906.6796875
2019-12-18 08:00:00,99860.78125
2019-12-18 09:00:00,99814.9765625
2019-12-18 10:00:00,99858.5390625
2019-12-18 11:00:00,99902.1953125
2019-12-18 12:00:00,99946.3984375
2019-12-18 13:00:00,100060.71875
2019-12-18 14:00:00,100175.6796875
2019-12-18 15:00:00,100290.640625
2019-12-18 16:00:00,100254.4609375
2019-12-18 17:00:00,100217.9765625
2019-12-18 18:00:00,100181.8359375
2019-12-18 19:00:00,100184.6953125
2019-12-18 20:00:00,100188.296875
2019-12-18 21:00:00,100191.796875
2019-12-18 22:00:00,100165.5
2019-12-18 23:00:00,100140.375
2019-12-19 00:00:00,100114.4140625
2019-12-19 01:00:00,100128.4375
2019-12-19 02:00:00,100142.4609375
2019-12-19 03:00:00,100155.8359375
2019-12-19 04:00:00,100063.375
2019-12-19 05:00:00,99970.28125
2019-12-19 06:00:00,99877.078125
2019-12-19 07:00:00,99916.1171875
2019-12-19 08:00:00,99955.8984375
2019-12-19 09:00:00,99994.9375
2019-12-19 10:00:00,99950.640625
2019-12-19 11:00:00,99906.3359375
2019-12-19 12:00:00,99861.5
2019-12-19 13:00:00,99889.1015625
2019-12-19 14:00:00,99915.4140625
2019-12-19 15:00:00,99942.4765625
2019-12-19 16:00:00,99907.640625
2019-12-19 17:00:00,99873.234375
2019-12-19 18:00:00,99838.5390625
2019-12-19 19:00:00,99841.5
2019-12-19 20:00:00,99844.4609375
2019-12-19 21:00:00,99847.9609375
2019-12-19 22:00:00,99828.8984375
2019-12-19 23:00:00,99809.9765625
2019-12-20 00:00:00,99790.7578125
2019-12-20 01:00:00,99803.3359375
2019-12-20 02:00:00,99815.9140625
2019-12-20 03:00:00,99828.6015625
2019-12-20 04:00:00,99840.78125
2019-12-20 05:00:00,99853.0546875
2019-12-20 06:00:00,99864.6953125
2019-12-20 07:00:00,99974.4140625
2019-12-20 08:00:00,100084.234375
2019-12-20 09:00:00,100194.0546875
2019-12-20 10:00:00,100158.21875
2019-12-20 11:00:00,100121.8359375
2019-12-20 12:00:00,100086.1015625
2019-12-20 13:00:00,100212.3984375
2019-12-20 14:00:00,100338.15625
2019-12-20 15:00:00,100464.5546875
2019-12-20 16:00:00,100406.3203125
2019-12-20 17:00:00,100348.4140625
2019-12-20 18:00:00,100290.3203125
2019-12-20 19:00:00,100167.734375
2019-12-20 20:00:00,100045.15625
2019-12-20 21:00:00,99922.578125
2019-12-20 22:00:00,99941.359375
2019-12-20 23:00:00,99960.375
2019-12-21 00:00:00,99979.296875
2019-12-21 01:00:00,99972.5390625
2019-12-21 02:00:00,99965.875
2019-12-21 03:00:00,99959.7578125
2019-12-21 04:00:00,99938.3984375
2019-12-21 05:00:00,99916.3984375
2019-12-21 06:00:00,99895.0390625
2019-12-21 07:00:00,99911.9375
2019-12-21 08:00:00,99928.1953125
2019-12-21 09:00:00,99945.1015625
2019-12-21 10:00:00,99917.140625
2019-12-21 11:00:00,99888.640625
2019-12-21 12:00:00,99860.6796875
2019-12-21 13:00:00,99967.5
2019-12-21 14:00:00,100074.3203125
2019-12-21 15:00:00,100181.140625
2019-12-21 16:00:00,100137.046875
2019-12-21 17:00:00,100093.1796875
2019-12-21 18:00:00,100049.1171875
2019-12-21 19:00:00,100027.234375
2019-12-21 20:00:00,100005.4609375
2019-12-21 21:00:00,99983.578125
2019-12-21 22:00:00,100052.015625
2019-12-21 23:00:00,100120.2578125
2019-12-22 00:00:00,100188.9375
2019-12-22 01:00:00,100135.6171875
2019-12-22 02:00:00,100081.65625
2019-12-22 03:00:00,100028.4375
2019-12-22 04:00:00,100036.0390625
2019-12-22 05:00:00,100043.640625
2019-12-22 06:00:00,100051.234375
2019-12-22 07:00:00,100035.859375
2019-12-22 08:00:00,100019.9375
2019-12-22 09:00:00,100004.5546875
2019-12-22 10:00:00,99959.640625
2019-12-22 11:00:00,99914.6171875
2019-12-22 12:00:00,99869.6015625
2019-12-22 13:00:00,99918
2019-12-22 14:00:00,99966.6171875
2019-12-22 15:00:00,100015.6171875
2019-12-22 16:00:00,99901.796875
2019-12-22 17:00:00,99787.21875
2019-12-22 18:00:00,99673.71875
2019-12-22 19:00:00,99669.4140625
2019-12-22 20:00:00,99665.859375
2019-12-22 21:00:00,99662.1953125
2019-12-22 22:00:00,99596.4140625
2019-12-22 23:00:00,99530.3359375
2019-12-23 00:00:00,99464.2578125
2019-12-23 01:00:00,99490.7578125
2019-12-23 02:00:00,99517.2578125
2019-12-23 03:00:00,99543.859375
2019-12-23 04:00:00,99492.6015625
2019-12-23 05:00:00,99442.078125
2019-12-23 06:00:00,99390.8203125
2019-12-23 07:00:00,99380.9375
2019-12-23 08:00:00,99371.6953125
2019-12-23 09:00:00,99361.9140625
2019-12-23 10:00:00,99454.0546875
2019-12-23 11:00:00,99546.9375
2019-12-23 12:00:00,99639.078125
2019-12-23 13:00:00,99612.6171875
2019-12-23 14:00:00,99586.15625
2019-12-23 15:00:00,99559.796875
2019-12-23 16:00:00,99588.140625
2019-12-23 17:00:00,99616.28125
2019-12-23 18:00:00,99644.859375
2019-12-23 19:00:00,99591.21875
2019-12-23 20:00:00,99537.4765625
2019-12-23 21:00:00,99483.8359375
2019-12-23 22:00:00,99460.4375
2019-12-23 23:00:00,99436.3984375
2019-12-24 00:00:00,99412.796875
2019-12-24 01:00:00,99381.5390625
2019-12-24 02:00:00,99350.28125
2019-12-24 03:00:00,99319.015625
2019-12-24 04:00:00,99276.1953125
2019-12-24 05:00:00,99234.015625
2019-12-24 06:00:00,99191.734375
2019-12-24 07:00:00,99156.9765625
2019-12-24 08:00:00,99122.859375
2019-12-24 09:00:00,99088.640625
2019-12-24 10:00:00,99071.078125
2019-12-24 11:00:00,99053.4140625
2019-12-24 12:00:00,99036.3984375
2019-12-24 13:00:00,99079.4140625
2019-12-24 14:00:00,99123.078125
2019-12-24 15:00:00,99166.1015625
2019-12-24 16:00:00,99140.6171875
2019-12-24 17:00:00,99114.9375
2019-12-24 18:00:00,99089.2578125
2019-12-24 19:00:00,99082.9765625
2019-12-24 20:00:00,99076.796875
2019-12-24 21:00:00,99070.515625
2019-12-24 22:00:00,98993.21875
2019-12-24 23:00:00,98915.9140625
2019-12-25 00:00:00,98838.6171875
2019-12-25 01:00:00,98805.1953125
2019-12-25 02:00:00,98772.3203125
2019-12-25 03:00:00,98738.796875
2019-12-25 04:00:00,98725.6953125
2019-12-25 05:00:00,98712.5
2019-12-25 06:00:00,98699.3984375
2019-12-25 07:00:00,98672.734375
2019-12-25 08:00:00,98646.078125
2019-12-25 09:00:00,98619.4140625
2019-12-25 10:00:00,98575.8984375
2019-12-25 11:00:00,98533.015625
2019-12-25 12:00:00,98490.140625
2019-12-25 13:00:00,98521.2578125
2019-12-25 14:00:00,98552.4765625
2019-12-25 15:00:00,98583.6015625
2019-12-25 16:00:00,98559.734375
2019-12-25 17:00:00,98535.875
2019-12-25 18:00:00,98511.9140625
2019-12-25 19:00:00,98528.2578125
2019-12-25 20:00:00,98543.9609375
2019-12-25 21:00:00,98560.1953125
2019-12-25 22:00:00,98581.9375
2019-12-25 23:00:00,98604.1171875
2019-12-26 00:00:00,98626
2019-12-26 01:00:00,98570.71875
2019-12-26 02:00:00,98515.3359375
2019-12-26 03:00:00,98460.0546875
2019-12-26 04:00:00,98563.859375
2019-12-26 05:00:00,98668.1953125
2019-12-26 06:00:00,98772
2019-12-26 07:00:00,98800.3203125
2019-12-26 08:00:00,98827.8984375
2019-12-26 09:00:00,98855.578125
2019-12-26 10:00:00,98844.140625
2019-12-26 11:00:00,98832.6953125
2019-12-26 12:00:00,98821.2578125
2019-12-26 13:00:00,98857.2578125
2019-12-26 14:00:00,98893.8984375
2019-12-26 15:00:00,98930.5390625
2019-12-26 16:00:00,98894.1953125
2019-12-26 17:00:00,98858.8359375
2019-12-26 18:00:00,98822.640625
2019-12-26 19:00:00,98950.375
2019-12-26 20:00:00,99077.578125
2019-12-26 21:00:00,99205.3203125
2019-12-26 22:00:00,99232.796875
2019-12-26 23:00:00,99260.6171875
2019-12-27 00:00:00,99288.9765625
2019-12-27 01:00:00,99371
2019-12-27 02:00:00,99453.7578125
2019-12-27 03:00:00,99536.4140625
2019-12-27 04:00:00,99594.6796875
2019-12-27 05:00:00,99652.9375
2019-12-27 06:00:00,99711.296875
2019-12-27 07:00:00,99683.3359375
2019-12-27 08:00:00,99656.015625
2019-12-27 09:00:00,99628.6015625
2019-12-27 10:00:00,99652.8984375
2019-12-27 11:00:00,99676.4609375
2019-12-27 12:00:00,99700.65625
2019-12-27 13:00:00,99741.7578125
2019-12-27 14:00:00,99783.5
2019-12-27 15:00:00,99824.6015625
2019-12-27 16:00:00,99749.65625
2019-12-27 17:00:00,99674.71875
2019-12-27 18:00:00,99599.6796875
2019-12-27 19:00:00,99602.4765625
2019-12-27 20:00:00,99604.640625
2019-12-27 21:00:00,99607.4375
2019-12-27 22:00:00,99620.0546875
2019-12-27 23:00:00,99633.21875
2019-12-28 00:00:00,99645.734375
2019-12-28 01:00:00,99616.015625
2019-12-28 02:00:00,99586.9375
2019-12-28 03:00:00,99557.21875
2019-12-28 04:00:00,99457.0546875
2019-12-28 05:00:00,99356.8984375
2019-12-28 06:00:00,99256.640625
2019-12-28 07:00:00,99250.015625
2019-12-28 08:00:00,99243.296875
2019-12-28 09:00:00,99236.6796875
2019-12-28 10:00:00,99077.1015625
2019-12-28 11:00:00,98917.515625
2019-12-28 12:00:00,98757.9375
2019-12-28 13:00:00,98810
2019-12-28 14:00:00,98862.6015625
2019-12-28 15:00:00,98914.65625
2019-12-28 16:00:00,98820.28125
2019-12-28 17:00:00,98726.4375
2019-12-28 18:00:00,98632.5
2019-12-28 19:00:00,98499.359375
2019-12-28 20:00:00,98366.3203125
2019-12-28 21:00:00,98232.5390625
2019-12-28 22:00:00,98132.4765625
2019-12-28 23:00:00,98032.015625
2019-12-29 00:00:00,97931.359375
2019-12-29 01:00:00,97869.9609375
2019-12-29 02:00:00,97809.1953125
2019-12-29 03:00:00,97747.796875
2019-12-29 04:00:00,97704.6796875
2019-12-29 05:00:00,97662
2019-12-29 06:00:00,97618.6796875
2019-12-29 07:00:00,97600.640625
2019-12-29 08:00:00,97582.5
2019-12-29 09:00:00,97564.4609375
2019-12-29 10:00:00,97526.15625
2019-12-29 11:00:00,97487.7578125
2019-12-29 12:00:00,97449.4609375
2019-12-29 13:00:00,97500.4140625
2019-12-29 14:00:00,97551.375
2019-12-29 15:00:00,97602.234375
2019-12-29 16:00:00,97588.859375
2019-12-29 17:00:00,97575.28125
2019-12-29 18:00:00,97561.0546875
2019-12-29 19:00:00,97560.234375
2019-12-29 20:00:00,97559.3203125
2019-12-29 21:00:00,97558.3984375
2019-12-29 22:00:00,97550.5
2019-12-29 23:00:00,97543.0390625
2019-12-30 00:00:00,97535.28125
2019-12-30 01:00:00,97579.8359375
2019-12-30 02:00:00,97624.9375
2019-12-30 03:00:00,97670.0390625
2019-12-30 04:00:00,97651.9375
2019-12-30 05:00:00,97633.734375
2019-12-30 06:00:00,97615.640625
2019-12-30 07:00:00,97664.3984375
2019-12-30 08:00:00,97713.2578125
2019-12-30 09:00:00,97762.015625
2019-12-30 10:00:00,97814.0546875
2019-12-30 11:00:00,97865.359375
2019-12-30 12:00:00,97917.296875
2019-12-30 13:00:00,97968.15625
2019-12-30 14:00:00,98019.1171875
2019-12-30 15:00:00,98070.6171875
2019-12-30 16:00:00,98201.9609375
2019-12-30 17:00:00,98333.734375
2019-12-30 18:00:00,98465.7578125
2019-12-30 19:00:00,98479.6015625
2019-12-30 20:00:00,98494.078125
2019-12-30 21:00:00,98508.5546875
2019-12-30 22:00:00,98580.734375
2019-12-30 23:00:00,98652.71875
2019-12-31 00:00:00,98725.234375
2019-12-31 01:00:00,98698.640625
2019-12-31 02:00:00,98672.0390625
2019-12-31 03:00:00,98644.796875
2019-12-31 04:00:00,98623.1171875
2019-12-31 05:00:00,98601.5390625
2019-12-31 06:00:00,98579.21875
2019-12-31 07:00:00,98608.9375
2019-12-31 08:00:00,98638.65625
2019-12-31 09:00:00,98667.734375
2019-12-31 10:00:00,98696.4609375
2019-12-31 11:00:00,98724.5390625
2019-12-31 12:00:00,98752.6171875
2019-12-31 13:00:00,98807.0390625
2019-12-31 14:00:00,98861.4609375
2019-12-31 15:00:00,98915.875
2019-12-31 16:00:00,98906.5546875
2019-12-31 17:00:00,98897.375
2019-12-31 18:00:00,98888.9765625
2019-12-31 19:00:00,98868.234375
2019-12-31 20:00:00,98847.3984375
2019-12-31 21:00:00,98826.5546875
2019-12-31 22:00:00,98882.875
2019-12-31 23:00:00,98938.359375
