dateTime,PotEvap
2022-01-01 00:00:00,0.04619999974966049
2022-01-01 01:00:00,-0.00119999994058161
2022-01-01 02:00:00,-0.00119999994058161
2022-01-01 03:00:00,-0.00119999994058161
2022-01-01 04:00:00,-0.00169999990612268
2022-01-01 05:00:00,-0.00169999990612268
2022-01-01 06:00:00,-0.00169999990612268
2022-01-01 07:00:00,-0.00279999990016222
2022-01-01 08:00:00,-0.00279999990016222
2022-01-01 09:00:00,-0.00279999990016222
2022-01-01 10:00:00,-2.9999998514540493e-4
2022-01-01 11:00:00,-2.9999998514540493e-4
2022-01-01 12:00:00,-2.9999998514540493e-4
2022-01-01 13:00:00,0.00239999988116323
2022-01-01 14:00:00,0.00239999988116323
2022-01-01 15:00:00,0.00239999988116323
2022-01-01 16:00:00,0.05489999800920486
2022-01-01 17:00:00,0.05489999800920486
2022-01-01 18:00:00,0.05489999800920486
2022-01-01 19:00:00,0.09849999845027924
2022-01-01 20:00:00,0.09849999845027924
2022-01-01 21:00:00,0.09849999845027924
2022-01-01 22:00:00,0.03009999915957451
2022-01-01 23:00:00,0.03009999915957451
2022-01-02 00:00:00,0.03009999915957451
2022-01-02 01:00:00,-1.9999999494757503e-4
2022-01-02 02:00:00,-1.9999999494757503e-4
2022-01-02 03:00:00,-1.9999999494757503e-4
2022-01-02 04:00:00,0.00679999962449073
2022-01-02 05:00:00,0.00679999962449073
2022-01-02 06:00:00,0.00679999962449073
2022-01-02 07:00:00,0.01049999985843896
2022-01-02 08:00:00,0.01049999985843896
2022-01-02 09:00:00,0.01049999985843896
2022-01-02 10:00:00,0.01409999933093786
2022-01-02 11:00:00,0.01409999933093786
2022-01-02 12:00:00,0.01409999933093786
2022-01-02 13:00:00,0.00759997544810175
2022-01-02 14:00:00,0.00759997544810175
2022-01-02 15:00:00,0.00759997544810175
2022-01-02 16:00:00,0.0908999964594841
2022-01-02 17:00:00,0.0908999964594841
2022-01-02 18:00:00,0.0908999964594841
2022-01-02 19:00:00,0.1687999963760376
2022-01-02 20:00:00,0.1687999963760376
2022-01-02 21:00:00,0.1687999963760376
2022-01-02 22:00:00,0.05130000039935112
2022-01-02 23:00:00,0.05130000039935112
2022-01-03 00:00:00,0.05130000039935112
2022-01-03 01:00:00,-0.00740000000223517
2022-01-03 02:00:00,-0.00740000000223517
2022-01-03 03:00:00,-0.00740000000223517
2022-01-03 04:00:00,-0.00199999986216425
2022-01-03 05:00:00,-0.00199999986216425
2022-01-03 06:00:00,-0.00199999986216425
2022-01-03 07:00:00,0.00219999998807907
2022-01-03 08:00:00,0.00219999998807907
2022-01-03 09:00:00,0.00219999998807907
2022-01-03 10:00:00,0.00509999971836805
2022-01-03 11:00:00,0.00509999971836805
2022-01-03 12:00:00,0.00509999971836805
2022-01-03 13:00:00,0.01079999934881925
2022-01-03 14:00:00,0.01079999934881925
2022-01-03 15:00:00,0.01079999934881925
2022-01-03 16:00:00,0.1338999718427658
2022-01-03 17:00:00,0.1338999718427658
2022-01-03 18:00:00,0.1338999718427658
2022-01-03 19:00:00,0.22809998691082
2022-01-03 20:00:00,0.22809998691082
2022-01-03 21:00:00,0.22809998691082
2022-01-03 22:00:00,0.09019999951124193
2022-01-03 23:00:00,0.09019999951124193
2022-01-04 00:00:00,0.09019999951124193
2022-01-04 01:00:00,0.0139999995008111
2022-01-04 02:00:00,0.0139999995008111
2022-01-04 03:00:00,0.0139999995008111
2022-01-04 04:00:00,0.01549999974668026
2022-01-04 05:00:00,0.01549999974668026
2022-01-04 06:00:00,0.01549999974668026
2022-01-04 07:00:00,0.03759999945759773
2022-01-04 08:00:00,0.03759999945759773
2022-01-04 09:00:00,0.03759999945759773
2022-01-04 10:00:00,0.06480000168085098
2022-01-04 11:00:00,0.06480000168085098
2022-01-04 12:00:00,0.06480000168085098
2022-01-04 13:00:00,0.06099999696016311
2022-01-04 14:00:00,0.06099999696016311
2022-01-04 15:00:00,0.06099999696016311
2022-01-04 16:00:00,0.13689999282360077
2022-01-04 17:00:00,0.13689999282360077
2022-01-04 18:00:00,0.13689999282360077
2022-01-04 19:00:00,0.17659999430179596
2022-01-04 20:00:00,0.17659999430179596
2022-01-04 21:00:00,0.17659999430179596
2022-01-04 22:00:00,0.1096000000834465
2022-01-04 23:00:00,0.1096000000834465
2022-01-05 00:00:00,0.1096000000834465
2022-01-05 01:00:00,0.02549999952316284
2022-01-05 02:00:00,0.02549999952316284
2022-01-05 03:00:00,0.02549999952316284
2022-01-05 04:00:00,0.01599999889731407
2022-01-05 05:00:00,0.01599999889731407
2022-01-05 06:00:00,0.01599999889731407
2022-01-05 07:00:00,0.01129999943077564
2022-01-05 08:00:00,0.01129999943077564
2022-01-05 09:00:00,0.01129999943077564
2022-01-05 10:00:00,0.01719999872148037
2022-01-05 11:00:00,0.01719999872148037
2022-01-05 12:00:00,0.01719999872148037
2022-01-05 13:00:00,0.02519997581839561
2022-01-05 14:00:00,0.02519997581839561
2022-01-05 15:00:00,0.02519997581839561
2022-01-05 16:00:00,0.09919999539852142
2022-01-05 17:00:00,0.09919999539852142
2022-01-05 18:00:00,0.09919999539852142
2022-01-05 19:00:00,0.12619999051094055
2022-01-05 20:00:00,0.12619999051094055
2022-01-05 21:00:00,0.12619999051094055
2022-01-05 22:00:00,0.07440000027418137
2022-01-05 23:00:00,0.07440000027418137
2022-01-06 00:00:00,0.07440000027418137
2022-01-06 01:00:00,0.00779999978840351
2022-01-06 02:00:00,0.00779999978840351
2022-01-06 03:00:00,0.00779999978840351
2022-01-06 04:00:00,0.01099999994039535
2022-01-06 05:00:00,0.01099999994039535
2022-01-06 06:00:00,0.01099999994039535
2022-01-06 07:00:00,0.01239999942481517
2022-01-06 08:00:00,0.01239999942481517
2022-01-06 09:00:00,0.01239999942481517
2022-01-06 10:00:00,0.01219999976456165
2022-01-06 11:00:00,0.01219999976456165
2022-01-06 12:00:00,0.01219999976456165
2022-01-06 13:00:00,0.01310000009834766
2022-01-06 14:00:00,0.01310000009834766
2022-01-06 15:00:00,0.01310000009834766
2022-01-06 16:00:00,0.08020000159740448
2022-01-06 17:00:00,0.08020000159740448
2022-01-06 18:00:00,0.08020000159740448
2022-01-06 19:00:00,0.13199999928474426
2022-01-06 20:00:00,0.13199999928474426
2022-01-06 21:00:00,0.13199999928474426
2022-01-06 22:00:00,0.07009999454021454
2022-01-06 23:00:00,0.07009999454021454
2022-01-07 00:00:00,0.07009999454021454
2022-01-07 01:00:00,0.00870000012218952
2022-01-07 02:00:00,0.00870000012218952
2022-01-07 03:00:00,0.00870000012218952
2022-01-07 04:00:00,0.01049997564405202
2022-01-07 05:00:00,0.01049997564405202
2022-01-07 06:00:00,0.01049997564405202
2022-01-07 07:00:00,0.00740000000223517
2022-01-07 08:00:00,0.00740000000223517
2022-01-07 09:00:00,0.00740000000223517
2022-01-07 10:00:00,0.00389999989420175
2022-01-07 11:00:00,0.00389999989420175
2022-01-07 12:00:00,0.00389999989420175
2022-01-07 13:00:00,-0.00609999988228082
2022-01-07 14:00:00,-0.00609999988228082
2022-01-07 15:00:00,-0.00609999988228082
2022-01-07 16:00:00,0.12619999051094055
2022-01-07 17:00:00,0.12619999051094055
2022-01-07 18:00:00,0.12619999051094055
2022-01-07 19:00:00,0.16849999129772186
2022-01-07 20:00:00,0.16849999129772186
2022-01-07 21:00:00,0.16849999129772186
2022-01-07 22:00:00,0.11249999701976776
2022-01-07 23:00:00,0.11249999701976776
2022-01-08 00:00:00,0.11249999701976776
2022-01-08 01:00:00,0.00109999999403953
2022-01-08 02:00:00,0.00109999999403953
2022-01-08 03:00:00,0.00109999999403953
2022-01-08 04:00:00,9.999999747378752e-5
2022-01-08 05:00:00,9.999999747378752e-5
2022-01-08 06:00:00,9.999999747378752e-5
2022-01-08 07:00:00,-0.01099999994039535
2022-01-08 08:00:00,-0.01099999994039535
2022-01-08 09:00:00,-0.01099999994039535
2022-01-08 10:00:00,-0.01069999951869249
2022-01-08 11:00:00,-0.01069999951869249
2022-01-08 12:00:00,-0.01069999951869249
2022-01-08 13:00:00,-0.01409999933093786
2022-01-08 14:00:00,-0.01409999933093786
2022-01-08 15:00:00,-0.01409999933093786
2022-01-08 16:00:00,0.05799999833106994
2022-01-08 17:00:00,0.05799999833106994
2022-01-08 18:00:00,0.05799999833106994
2022-01-08 19:00:00,0.07279999554157257
2022-01-08 20:00:00,0.07279999554157257
2022-01-08 21:00:00,0.07279999554157257
2022-01-08 22:00:00,0.0397999994456768
2022-01-08 23:00:00,0.0397999994456768
2022-01-09 00:00:00,0.0397999994456768
2022-01-09 01:00:00,-0.00769999995827674
2022-01-09 02:00:00,-0.00769999995827674
2022-01-09 03:00:00,-0.00769999995827674
2022-01-09 04:00:00,-0.0182999987155199
2022-01-09 05:00:00,-0.0182999987155199
2022-01-09 06:00:00,-0.0182999987155199
2022-01-09 07:00:00,-0.01649999991059303
2022-01-09 08:00:00,-0.01649999991059303
2022-01-09 09:00:00,-0.01649999991059303
2022-01-09 10:00:00,-0.01439999975264072
2022-01-09 11:00:00,-0.01439999975264072
2022-01-09 12:00:00,-0.01439999975264072
2022-01-09 13:00:00,-0.01099999994039535
2022-01-09 14:00:00,-0.01099999994039535
2022-01-09 15:00:00,-0.01099999994039535
2022-01-09 16:00:00,0.07660000026226044
2022-01-09 17:00:00,0.07660000026226044
2022-01-09 18:00:00,0.07660000026226044
2022-01-09 19:00:00,0.13179999589920044
2022-01-09 20:00:00,0.13179999589920044
2022-01-09 21:00:00,0.13179999589920044
2022-01-09 22:00:00,0.05260000005364418
2022-01-09 23:00:00,0.05260000005364418
2022-01-10 00:00:00,0.05260000005364418
2022-01-10 01:00:00,-0.00559999980032444
2022-01-10 02:00:00,-0.00559999980032444
2022-01-10 03:00:00,-0.00559999980032444
2022-01-10 04:00:00,-0.0052000000141561
2022-01-10 05:00:00,-0.0052000000141561
2022-01-10 06:00:00,-0.0052000000141561
2022-01-10 07:00:00,-0.00300000002607703
2022-01-10 08:00:00,-0.00300000002607703
2022-01-10 09:00:00,-0.00300000002607703
2022-01-10 10:00:00,-0.00419999985024333
2022-01-10 11:00:00,-0.00419999985024333
2022-01-10 12:00:00,-0.00419999985024333
2022-01-10 13:00:00,-0.00749999983236193
2022-01-10 14:00:00,-0.00749999983236193
2022-01-10 15:00:00,-0.00749999983236193
2022-01-10 16:00:00,0.0722000002861023
2022-01-10 17:00:00,0.0722000002861023
2022-01-10 18:00:00,0.0722000002861023
2022-01-10 19:00:00,0.12229999899864195
2022-01-10 20:00:00,0.12229999899864195
2022-01-10 21:00:00,0.12229999899864195
2022-01-10 22:00:00,0.03749999776482582
2022-01-10 23:00:00,0.03749999776482582
2022-01-11 00:00:00,0.03749999776482582
2022-01-11 01:00:00,-0.00810000021010637
2022-01-11 02:00:00,-0.00810000021010637
2022-01-11 03:00:00,-0.00810000021010637
2022-01-11 04:00:00,-3.9999998989515007e-4
2022-01-11 05:00:00,-3.9999998989515007e-4
2022-01-11 06:00:00,-3.9999998989515007e-4
2022-01-11 07:00:00,0.00119999994058161
2022-01-11 08:00:00,0.00119999994058161
2022-01-11 09:00:00,0.00119999994058161
2022-01-11 10:00:00,0.00410000002011656
2022-01-11 11:00:00,0.00410000002011656
2022-01-11 12:00:00,0.00410000002011656
2022-01-11 13:00:00,0.006000024266541
2022-01-11 14:00:00,0.006000024266541
2022-01-11 15:00:00,0.006000024266541
2022-01-11 16:00:00,0.093299999833107
2022-01-11 17:00:00,0.093299999833107
2022-01-11 18:00:00,0.093299999833107
2022-01-11 19:00:00,0.16249999403953552
2022-01-11 20:00:00,0.16249999403953552
2022-01-11 21:00:00,0.16249999403953552
2022-01-11 22:00:00,0.05319999903440475
2022-01-11 23:00:00,0.05319999903440475
2022-01-12 00:00:00,0.05319999903440475
2022-01-12 01:00:00,0.00309999985620379
2022-01-12 02:00:00,0.00309999985620379
2022-01-12 03:00:00,0.00309999985620379
2022-01-12 04:00:00,0.01159997563809156
2022-01-12 05:00:00,0.01159997563809156
2022-01-12 06:00:00,0.01159997563809156
2022-01-12 07:00:00,0.03260000050067901
2022-01-12 08:00:00,0.03260000050067901
2022-01-12 09:00:00,0.03260000050067901
2022-01-12 10:00:00,0.01129999943077564
2022-01-12 11:00:00,0.01129999943077564
2022-01-12 12:00:00,0.01129999943077564
2022-01-12 13:00:00,0.01929999887943267
2022-01-12 14:00:00,0.01929999887943267
2022-01-12 15:00:00,0.01929999887943267
2022-01-12 16:00:00,0.1039999946951866
2022-01-12 17:00:00,0.1039999946951866
2022-01-12 18:00:00,0.1039999946951866
2022-01-12 19:00:00,0.14100000262260437
2022-01-12 20:00:00,0.14100000262260437
2022-01-12 21:00:00,0.14100000262260437
2022-01-12 22:00:00,0.06749999523162842
2022-01-12 23:00:00,0.06749999523162842
2022-01-13 00:00:00,0.06749999523162842
2022-01-13 01:00:00,-0.00619999971240758
2022-01-13 02:00:00,-0.00619999971240758
2022-01-13 03:00:00,-0.00619999971240758
2022-01-13 04:00:00,-0.00799999944865703
2022-01-13 05:00:00,-0.00799999944865703
2022-01-13 06:00:00,-0.00799999944865703
2022-01-13 07:00:00,-0.00689999992027878
2022-01-13 08:00:00,-0.00689999992027878
2022-01-13 09:00:00,-0.00689999992027878
2022-01-13 10:00:00,-0.00789999961853027
2022-01-13 11:00:00,-0.00789999961853027
2022-01-13 12:00:00,-0.00789999961853027
2022-01-13 13:00:00,-0.00429999968037009
2022-01-13 14:00:00,-0.00429999968037009
2022-01-13 15:00:00,-0.00429999968037009
2022-01-13 16:00:00,0.04199999943375587
2022-01-13 17:00:00,0.04199999943375587
2022-01-13 18:00:00,0.04199999943375587
2022-01-13 19:00:00,0.05129997432231903
2022-01-13 20:00:00,0.05129997432231903
2022-01-13 21:00:00,0.05129997432231903
2022-01-13 22:00:00,0.04030000045895576
2022-01-13 23:00:00,0.04030000045895576
2022-01-14 00:00:00,0.04030000045895576
2022-01-14 01:00:00,-4.999999655410647e-4
2022-01-14 02:00:00,-4.999999655410647e-4
2022-01-14 03:00:00,-4.999999655410647e-4
2022-01-14 04:00:00,0.01229999959468841
2022-01-14 05:00:00,0.01229999959468841
2022-01-14 06:00:00,0.01229999959468841
2022-01-14 07:00:00,0.01809999905526638
2022-01-14 08:00:00,0.01809999905526638
2022-01-14 09:00:00,0.01809999905526638
2022-01-14 10:00:00,3.9999998989515007e-4
2022-01-14 11:00:00,3.9999998989515007e-4
2022-01-14 12:00:00,3.9999998989515007e-4
2022-01-14 13:00:00,0.01289999950677156
2022-01-14 14:00:00,0.01289999950677156
2022-01-14 15:00:00,0.01289999950677156
2022-01-14 16:00:00,0.07639999687671661
2022-01-14 17:00:00,0.07639999687671661
2022-01-14 18:00:00,0.07639999687671661
2022-01-14 19:00:00,0.07739999890327454
2022-01-14 20:00:00,0.07739999890327454
2022-01-14 21:00:00,0.07739999890327454
2022-01-14 22:00:00,0.05999999865889549
2022-01-14 23:00:00,0.05999999865889549
2022-01-15 00:00:00,0.05999999865889549
2022-01-15 01:00:00,0.01319999992847442
2022-01-15 02:00:00,0.01319999992847442
2022-01-15 03:00:00,0.01319999992847442
2022-01-15 04:00:00,2.9999998514540493e-4
2022-01-15 05:00:00,2.9999998514540493e-4
2022-01-15 06:00:00,2.9999998514540493e-4
2022-01-15 07:00:00,-0.01310000009834766
2022-01-15 08:00:00,-0.01310000009834766
2022-01-15 09:00:00,-0.01310000009834766
2022-01-15 10:00:00,-0.01289999950677156
2022-01-15 11:00:00,-0.01289999950677156
2022-01-15 12:00:00,-0.01289999950677156
2022-01-15 13:00:00,-0.00479999976232647
2022-01-15 14:00:00,-0.00479999976232647
2022-01-15 15:00:00,-0.00479999976232647
2022-01-15 16:00:00,0.10319999605417252
2022-01-15 17:00:00,0.10319999605417252
2022-01-15 18:00:00,0.10319999605417252
2022-01-15 19:00:00,0.17569999396800995
2022-01-15 20:00:00,0.17569999396800995
2022-01-15 21:00:00,0.17569999396800995
2022-01-15 22:00:00,0.07840000092983246
2022-01-15 23:00:00,0.07840000092983246
2022-01-16 00:00:00,0.07840000092983246
2022-01-16 01:00:00,0.01539999991655349
2022-01-16 02:00:00,0.01539999991655349
2022-01-16 03:00:00,0.01539999991655349
2022-01-16 04:00:00,0.01730000041425228
2022-01-16 05:00:00,0.01730000041425228
2022-01-16 06:00:00,0.01730000041425228
2022-01-16 07:00:00,0.01649999991059303
2022-01-16 08:00:00,0.01649999991059303
2022-01-16 09:00:00,0.01649999991059303
2022-01-16 10:00:00,0.01539999991655349
2022-01-16 11:00:00,0.01539999991655349
2022-01-16 12:00:00,0.01539999991655349
2022-01-16 13:00:00,0.02139999903738498
2022-01-16 14:00:00,0.02139999903738498
2022-01-16 15:00:00,0.02139999903738498
2022-01-16 16:00:00,0.10199999809265135
2022-01-16 17:00:00,0.10199999809265135
2022-01-16 18:00:00,0.10199999809265135
2022-01-16 19:00:00,0.1694999933242798
2022-01-16 20:00:00,0.1694999933242798
2022-01-16 21:00:00,0.1694999933242798
2022-01-16 22:00:00,0.06949999928474426
2022-01-16 23:00:00,0.06949999928474426
2022-01-17 00:00:00,0.06949999928474426
2022-01-17 01:00:00,-1.9999999494757503e-4
2022-01-17 02:00:00,-1.9999999494757503e-4
2022-01-17 03:00:00,-1.9999999494757503e-4
2022-01-17 04:00:00,0.00529999984428286
2022-01-17 05:00:00,0.00529999984428286
2022-01-17 06:00:00,0.00529999984428286
2022-01-17 07:00:00,0.0115999998524785
2022-01-17 08:00:00,0.0115999998524785
2022-01-17 09:00:00,0.0115999998524785
2022-01-17 10:00:00,0.01359997503459453
2022-01-17 11:00:00,0.01359997503459453
2022-01-17 12:00:00,0.01359997503459453
2022-01-17 13:00:00,0.01950000040233135
2022-01-17 14:00:00,0.01950000040233135
2022-01-17 15:00:00,0.01950000040233135
2022-01-17 16:00:00,0.11299999803304672
2022-01-17 17:00:00,0.11299999803304672
2022-01-17 18:00:00,0.11299999803304672
2022-01-17 19:00:00,0.14219999313354492
2022-01-17 20:00:00,0.14219999313354492
2022-01-17 21:00:00,0.14219999313354492
2022-01-17 22:00:00,0.06879999488592148
2022-01-17 23:00:00,0.06879999488592148
2022-01-18 00:00:00,0.06879999488592148
2022-01-18 01:00:00,-0.00150000001303851
2022-01-18 02:00:00,-0.00150000001303851
2022-01-18 03:00:00,-0.00150000001303851
2022-01-18 04:00:00,-9.999999310821297e-4
2022-01-18 05:00:00,-9.999999310821297e-4
2022-01-18 06:00:00,-9.999999310821297e-4
2022-01-18 07:00:00,-0.00429999968037009
2022-01-18 08:00:00,-0.00429999968037009
2022-01-18 09:00:00,-0.00429999968037009
2022-01-18 10:00:00,0.00269999983720481
2022-01-18 11:00:00,0.00269999983720481
2022-01-18 12:00:00,0.00269999983720481
2022-01-18 13:00:00,0.01249999925494194
2022-01-18 14:00:00,0.01249999925494194
2022-01-18 15:00:00,0.01249999925494194
2022-01-18 16:00:00,0.0989999994635582
2022-01-18 17:00:00,0.0989999994635582
2022-01-18 18:00:00,0.0989999994635582
2022-01-18 19:00:00,0.16539999842643738
2022-01-18 20:00:00,0.16539999842643738
2022-01-18 21:00:00,0.16539999842643738
2022-01-18 22:00:00,0.07090000063180923
2022-01-18 23:00:00,0.07090000063180923
2022-01-19 00:00:00,0.07090000063180923
2022-01-19 01:00:00,0.00949999969452619
2022-01-19 02:00:00,0.00949999969452619
2022-01-19 03:00:00,0.00949999969452619
2022-01-19 04:00:00,-0.00289999996311962
2022-01-19 05:00:00,-0.00289999996311962
2022-01-19 06:00:00,-0.00289999996311962
2022-01-19 07:00:00,-0.00659999996423721
2022-01-19 08:00:00,-0.00659999996423721
2022-01-19 09:00:00,-0.00659999996423721
2022-01-19 10:00:00,-0.0032999999821186
2022-01-19 11:00:00,-0.0032999999821186
2022-01-19 12:00:00,-0.0032999999821186
2022-01-19 13:00:00,-0.00870000012218952
2022-01-19 14:00:00,-0.00870000012218952
2022-01-19 15:00:00,-0.00870000012218952
2022-01-19 16:00:00,0.06480000168085098
2022-01-19 17:00:00,0.06480000168085098
2022-01-19 18:00:00,0.06480000168085098
2022-01-19 19:00:00,0.1128999963402748
2022-01-19 20:00:00,0.1128999963402748
2022-01-19 21:00:00,0.1128999963402748
2022-01-19 22:00:00,0.04259999841451645
2022-01-19 23:00:00,0.04259999841451645
2022-01-20 00:00:00,0.04259999841451645
2022-01-20 01:00:00,-0.01509999949485063
2022-01-20 02:00:00,-0.01509999949485063
2022-01-20 03:00:00,-0.01509999949485063
2022-01-20 04:00:00,-0.01339999958872795
2022-01-20 05:00:00,-0.01339999958872795
2022-01-20 06:00:00,-0.01339999958872795
2022-01-20 07:00:00,-0.01370000001043081
2022-01-20 08:00:00,-0.01370000001043081
2022-01-20 09:00:00,-0.01370000001043081
2022-01-20 10:00:00,-0.01329999975860118
2022-01-20 11:00:00,-0.01329999975860118
2022-01-20 12:00:00,-0.01329999975860118
2022-01-20 13:00:00,-0.0113999992609024
2022-01-20 14:00:00,-0.0113999992609024
2022-01-20 15:00:00,-0.0113999992609024
2022-01-20 16:00:00,0.0746999979019165
2022-01-20 17:00:00,0.0746999979019165
2022-01-20 18:00:00,0.0746999979019165
2022-01-20 19:00:00,0.1330000013113022
2022-01-20 20:00:00,0.1330000013113022
2022-01-20 21:00:00,0.1330000013113022
2022-01-20 22:00:00,0.06079999729990959
2022-01-20 23:00:00,0.06079999729990959
2022-01-21 00:00:00,0.06079999729990959
2022-01-21 01:00:00,-0.00279999990016222
2022-01-21 02:00:00,-0.00279999990016222
2022-01-21 03:00:00,-0.00279999990016222
2022-01-21 04:00:00,-7.999999797903001e-4
2022-01-21 05:00:00,-7.999999797903001e-4
2022-01-21 06:00:00,-7.999999797903001e-4
2022-01-21 07:00:00,0.01200000010430812
2022-01-21 08:00:00,0.01200000010430812
2022-01-21 09:00:00,0.01200000010430812
2022-01-21 10:00:00,0.01519999932497739
2022-01-21 11:00:00,0.01519999932497739
2022-01-21 12:00:00,0.01519999932497739
2022-01-21 13:00:00,0.0092000002041459
2022-01-21 14:00:00,0.0092000002041459
2022-01-21 15:00:00,0.0092000002041459
2022-01-21 16:00:00,0.05810000002384186
2022-01-21 17:00:00,0.05810000002384186
2022-01-21 18:00:00,0.05810000002384186
2022-01-21 19:00:00,0.11819999665021896
2022-01-21 20:00:00,0.11819999665021896
2022-01-21 21:00:00,0.11819999665021896
2022-01-21 22:00:00,0.05889999866485596
2022-01-21 23:00:00,0.05889999866485596
2022-01-22 00:00:00,0.05889999866485596
2022-01-22 01:00:00,-0.00289999996311962
2022-01-22 02:00:00,-0.00289999996311962
2022-01-22 03:00:00,-0.00289999996311962
2022-01-22 04:00:00,-0.00810000021010637
2022-01-22 05:00:00,-0.00810000021010637
2022-01-22 06:00:00,-0.00810000021010637
2022-01-22 07:00:00,-0.01379999984055757
2022-01-22 08:00:00,-0.01379999984055757
2022-01-22 09:00:00,-0.01379999984055757
2022-01-22 10:00:00,-0.01379999984055757
2022-01-22 11:00:00,-0.01379999984055757
2022-01-22 12:00:00,-0.01379999984055757
2022-01-22 13:00:00,-0.0142000000923872
2022-01-22 14:00:00,-0.0142000000923872
2022-01-22 15:00:00,-0.0142000000923872
2022-01-22 16:00:00,0.0731000006198883
2022-01-22 17:00:00,0.0731000006198883
2022-01-22 18:00:00,0.0731000006198883
2022-01-22 19:00:00,0.13030000030994415
2022-01-22 20:00:00,0.13030000030994415
2022-01-22 21:00:00,0.13030000030994415
2022-01-22 22:00:00,0.06469999998807907
2022-01-22 23:00:00,0.06469999998807907
2022-01-23 00:00:00,0.06469999998807907
2022-01-23 01:00:00,-0.00729999970644712
2022-01-23 02:00:00,-0.00729999970644712
2022-01-23 03:00:00,-0.00729999970644712
2022-01-23 04:00:00,-0.00589999975636601
2022-01-23 05:00:00,-0.00589999975636601
2022-01-23 06:00:00,-0.00589999975636601
2022-01-23 07:00:00,-0.00729999970644712
2022-01-23 08:00:00,-0.00729999970644712
2022-01-23 09:00:00,-0.00729999970644712
2022-01-23 10:00:00,-0.00679999962449073
2022-01-23 11:00:00,-0.00679999962449073
2022-01-23 12:00:00,-0.00679999962449073
2022-01-23 13:00:00,-0.00779999978840351
2022-01-23 14:00:00,-0.00779999978840351
2022-01-23 15:00:00,-0.00779999978840351
2022-01-23 16:00:00,0.0843999981880188
2022-01-23 17:00:00,0.0843999981880188
2022-01-23 18:00:00,0.0843999981880188
2022-01-23 19:00:00,0.14949999749660492
2022-01-23 20:00:00,0.14949999749660492
2022-01-23 21:00:00,0.14949999749660492
2022-01-23 22:00:00,0.06369999796152115
2022-01-23 23:00:00,0.06369999796152115
2022-01-24 00:00:00,0.06369999796152115
2022-01-24 01:00:00,-0.00389999989420175
2022-01-24 02:00:00,-0.00389999989420175
2022-01-24 03:00:00,-0.00389999989420175
2022-01-24 04:00:00,-5.999999702908099e-4
2022-01-24 05:00:00,-5.999999702908099e-4
2022-01-24 06:00:00,-5.999999702908099e-4
2022-01-24 07:00:00,-0.00389999989420175
2022-01-24 08:00:00,-0.00389999989420175
2022-01-24 09:00:00,-0.00389999989420175
2022-01-24 10:00:00,-0.00479999976232647
2022-01-24 11:00:00,-0.00479999976232647
2022-01-24 12:00:00,-0.00479999976232647
2022-01-24 13:00:00,-0.00859999936074018
2022-01-24 14:00:00,-0.00859999936074018
2022-01-24 15:00:00,-0.00859999936074018
2022-01-24 16:00:00,0.07559999823570251
2022-01-24 17:00:00,0.07559999823570251
2022-01-24 18:00:00,0.07559999823570251
2022-01-24 19:00:00,0.13819999992847443
2022-01-24 20:00:00,0.13819999992847443
2022-01-24 21:00:00,0.13819999992847443
2022-01-24 22:00:00,0.06560000032186508
2022-01-24 23:00:00,0.06560000032186508
2022-01-25 00:00:00,0.06560000032186508
2022-01-25 01:00:00,-0.00399999972432851
2022-01-25 02:00:00,-0.00399999972432851
2022-01-25 03:00:00,-0.00399999972432851
2022-01-25 04:00:00,-0.00230000005103647
2022-01-25 05:00:00,-0.00230000005103647
2022-01-25 06:00:00,-0.00230000005103647
2022-01-25 07:00:00,0.00410000002011656
2022-01-25 08:00:00,0.00410000002011656
2022-01-25 09:00:00,0.00410000002011656
2022-01-25 10:00:00,-8.999999845400453e-4
2022-01-25 11:00:00,-8.999999845400453e-4
2022-01-25 12:00:00,-8.999999845400453e-4
2022-01-25 13:00:00,-4.999999655410647e-4
2022-01-25 14:00:00,-4.999999655410647e-4
2022-01-25 15:00:00,-4.999999655410647e-4
2022-01-25 16:00:00,0.07339999824762344
2022-01-25 17:00:00,0.07339999824762344
2022-01-25 18:00:00,0.07339999824762344
2022-01-25 19:00:00,0.11710000038146973
2022-01-25 20:00:00,0.11710000038146973
2022-01-25 21:00:00,0.11710000038146973
2022-01-25 22:00:00,0.06049999967217445
2022-01-25 23:00:00,0.06049999967217445
2022-01-26 00:00:00,0.06049999967217445
2022-01-26 01:00:00,-0.00799999944865703
2022-01-26 02:00:00,-0.00799999944865703
2022-01-26 03:00:00,-0.00799999944865703
2022-01-26 04:00:00,-0.01239999942481517
2022-01-26 05:00:00,-0.01239999942481517
2022-01-26 06:00:00,-0.01239999942481517
2022-01-26 07:00:00,-0.01539999991655349
2022-01-26 08:00:00,-0.01539999991655349
2022-01-26 09:00:00,-0.01539999991655349
2022-01-26 10:00:00,-0.01319999992847442
2022-01-26 11:00:00,-0.01319999992847442
2022-01-26 12:00:00,-0.01319999992847442
2022-01-26 13:00:00,-0.00490000005811452
2022-01-26 14:00:00,-0.00490000005811452
2022-01-26 15:00:00,-0.00490000005811452
2022-01-26 16:00:00,0.10329999774694444
2022-01-26 17:00:00,0.10329999774694444
2022-01-26 18:00:00,0.10329999774694444
2022-01-26 19:00:00,0.1501999944448471
2022-01-26 20:00:00,0.1501999944448471
2022-01-26 21:00:00,0.1501999944448471
2022-01-26 22:00:00,0.05700000002980232
2022-01-26 23:00:00,0.05700000002980232
2022-01-27 00:00:00,0.05700000002980232
2022-01-27 01:00:00,-0.0032999999821186
2022-01-27 02:00:00,-0.0032999999821186
2022-01-27 03:00:00,-0.0032999999821186
2022-01-27 04:00:00,0.00460000010207295
2022-01-27 05:00:00,0.00460000010207295
2022-01-27 06:00:00,0.00460000010207295
2022-01-27 07:00:00,0.00589999975636601
2022-01-27 08:00:00,0.00589999975636601
2022-01-27 09:00:00,0.00589999975636601
2022-01-27 10:00:00,0.00529999984428286
2022-01-27 11:00:00,0.00529999984428286
2022-01-27 12:00:00,0.00529999984428286
2022-01-27 13:00:00,-4.999999655410647e-4
2022-01-27 14:00:00,-4.999999655410647e-4
2022-01-27 15:00:00,-4.999999655410647e-4
2022-01-27 16:00:00,0.04459999874234199
2022-01-27 17:00:00,0.04459999874234199
2022-01-27 18:00:00,0.04459999874234199
2022-01-27 19:00:00,0.07339999824762344
2022-01-27 20:00:00,0.07339999824762344
2022-01-27 21:00:00,0.07339999824762344
2022-01-27 22:00:00,0.03790000081062317
2022-01-27 23:00:00,0.03790000081062317
2022-01-28 00:00:00,0.03790000081062317
2022-01-28 01:00:00,-0.01299999933689832
2022-01-28 02:00:00,-0.01299999933689832
2022-01-28 03:00:00,-0.01299999933689832
2022-01-28 04:00:00,-0.00729999970644712
2022-01-28 05:00:00,-0.00729999970644712
2022-01-28 06:00:00,-0.00729999970644712
2022-01-28 07:00:00,0.00239999988116323
2022-01-28 08:00:00,0.00239999988116323
2022-01-28 09:00:00,0.00239999988116323
2022-01-28 10:00:00,0.00839999970048666
2022-01-28 11:00:00,0.00839999970048666
2022-01-28 12:00:00,0.00839999970048666
2022-01-28 13:00:00,0.01579999923706054
2022-01-28 14:00:00,0.01579999923706054
2022-01-28 15:00:00,0.01579999923706054
2022-01-28 16:00:00,0.11400000005960464
2022-01-28 17:00:00,0.11400000005960464
2022-01-28 18:00:00,0.11400000005960464
2022-01-28 19:00:00,0.16669999063014984
2022-01-28 20:00:00,0.16669999063014984
2022-01-28 21:00:00,0.16669999063014984
2022-01-28 22:00:00,0.08089999854564667
2022-01-28 23:00:00,0.08089999854564667
2022-01-29 00:00:00,0.08089999854564667
2022-01-29 01:00:00,0.00769999995827674
2022-01-29 02:00:00,0.00769999995827674
2022-01-29 03:00:00,0.00769999995827674
2022-01-29 04:00:00,0.01169999968260526
2022-01-29 05:00:00,0.01169999968260526
2022-01-29 06:00:00,0.01169999968260526
2022-01-29 07:00:00,0.00839999970048666
2022-01-29 08:00:00,0.00839999970048666
2022-01-29 09:00:00,0.00839999970048666
2022-01-29 10:00:00,0.0104000000283122
2022-01-29 11:00:00,0.0104000000283122
2022-01-29 12:00:00,0.0104000000283122
2022-01-29 13:00:00,0.00469999993219971
2022-01-29 14:00:00,0.00469999993219971
2022-01-29 15:00:00,0.00469999993219971
2022-01-29 16:00:00,0.11939999461174013
2022-01-29 17:00:00,0.11939999461174013
2022-01-29 18:00:00,0.11939999461174013
2022-01-29 19:00:00,0.17189998924732208
2022-01-29 20:00:00,0.17189998924732208
2022-01-29 21:00:00,0.17189998924732208
2022-01-29 22:00:00,0.08190000057220459
2022-01-29 23:00:00,0.08190000057220459
2022-01-30 00:00:00,0.08190000057220459
2022-01-30 01:00:00,-0.00179999996908009
2022-01-30 02:00:00,-0.00179999996908009
2022-01-30 03:00:00,-0.00179999996908009
2022-01-30 04:00:00,-8.999999845400453e-4
2022-01-30 05:00:00,-8.999999845400453e-4
2022-01-30 06:00:00,-8.999999845400453e-4
2022-01-30 07:00:00,-0.00239999988116323
2022-01-30 08:00:00,-0.00239999988116323
2022-01-30 09:00:00,-0.00239999988116323
2022-01-30 10:00:00,-6.99999975040555e-4
2022-01-30 11:00:00,-6.99999975040555e-4
2022-01-30 12:00:00,-6.99999975040555e-4
2022-01-30 13:00:00,4.999999655410647e-4
2022-01-30 14:00:00,4.999999655410647e-4
2022-01-30 15:00:00,4.999999655410647e-4
2022-01-30 16:00:00,0.09309999644756316
2022-01-30 17:00:00,0.09309999644756316
2022-01-30 18:00:00,0.09309999644756316
2022-01-30 19:00:00,0.13009999692440033
2022-01-30 20:00:00,0.13009999692440033
2022-01-30 21:00:00,0.13009999692440033
2022-01-30 22:00:00,0.06669997423887253
2022-01-30 23:00:00,0.06669997423887253
2022-01-31 00:00:00,0.06669997423887253
2022-01-31 01:00:00,-0.00779999978840351
2022-01-31 02:00:00,-0.00779999978840351
2022-01-31 03:00:00,-0.00779999978840351
2022-01-31 04:00:00,-0.00309999985620379
2022-01-31 05:00:00,-0.00309999985620379
2022-01-31 06:00:00,-0.00309999985620379
2022-01-31 07:00:00,0.00600000005215406
2022-01-31 08:00:00,0.00600000005215406
2022-01-31 09:00:00,0.00600000005215406
2022-01-31 10:00:00,0.0092000002041459
2022-01-31 11:00:00,0.0092000002041459
2022-01-31 12:00:00,0.0092000002041459
2022-01-31 13:00:00,0.02359999902546405
2022-01-31 14:00:00,0.02359999902546405
2022-01-31 15:00:00,0.02359999902546405
2022-01-31 16:00:00,0.17219999432563782
2022-01-31 17:00:00,0.17219999432563782
2022-01-31 18:00:00,0.17219999432563782
2022-01-31 19:00:00,0.23639999330043793
2022-01-31 20:00:00,0.23639999330043793
2022-01-31 21:00:00,0.23639999330043793
2022-01-31 22:00:00,0.13570000231266022
2022-01-31 23:00:00,0.13570000231266022
2022-02-01 00:00:00,0.13570000231266022
2022-02-01 01:00:00,0.03469999879598617
2022-02-01 02:00:00,0.03469999879598617
2022-02-01 03:00:00,0.03469999879598617
2022-02-01 04:00:00,0.00579999992623925
2022-02-01 05:00:00,0.00579999992623925
2022-02-01 06:00:00,0.00579999992623925
2022-02-01 07:00:00,-0.00349999987520277
2022-02-01 08:00:00,-0.00349999987520277
2022-02-01 09:00:00,-0.00349999987520277
2022-02-01 10:00:00,-0.00759999966248869
2022-02-01 11:00:00,-0.00759999966248869
2022-02-01 12:00:00,-0.00759999966248869
2022-02-01 13:00:00,-0.00249999994412064
2022-02-01 14:00:00,-0.00249999994412064
2022-02-01 15:00:00,-0.00249999994412064
2022-02-01 16:00:00,0.0697999969124794
2022-02-01 17:00:00,0.0697999969124794
2022-02-01 18:00:00,0.0697999969124794
2022-02-01 19:00:00,0.116799995303154
2022-02-01 20:00:00,0.116799995303154
2022-02-01 21:00:00,0.116799995303154
2022-02-01 22:00:00,0.06439999490976334
2022-02-01 23:00:00,0.06439999490976334
2022-02-02 00:00:00,0.06439999490976334
2022-02-02 01:00:00,0.00499999988824129
2022-02-02 02:00:00,0.00499999988824129
2022-02-02 03:00:00,0.00499999988824129
2022-02-02 04:00:00,0.00810000021010637
2022-02-02 05:00:00,0.00810000021010637
2022-02-02 06:00:00,0.00810000021010637
2022-02-02 07:00:00,0.0044999998062849
2022-02-02 08:00:00,0.0044999998062849
2022-02-02 09:00:00,0.0044999998062849
2022-02-02 10:00:00,0.00609999988228082
2022-02-02 11:00:00,0.00609999988228082
2022-02-02 12:00:00,0.00609999988228082
2022-02-02 13:00:00,0.00769999995827674
2022-02-02 14:00:00,0.00769999995827674
2022-02-02 15:00:00,0.00769999995827674
2022-02-02 16:00:00,0.0559999980032444
2022-02-02 17:00:00,0.0559999980032444
2022-02-02 18:00:00,0.0559999980032444
2022-02-02 19:00:00,0.10009999573230743
2022-02-02 20:00:00,0.10009999573230743
2022-02-02 21:00:00,0.10009999573230743
2022-02-02 22:00:00,0.04979999735951423
2022-02-02 23:00:00,0.04979999735951423
2022-02-03 00:00:00,0.04979999735951423
2022-02-03 01:00:00,0.00339999981224536
2022-02-03 02:00:00,0.00339999981224536
2022-02-03 03:00:00,0.00339999981224536
2022-02-03 04:00:00,-0.00150000001303851
2022-02-03 05:00:00,-0.00150000001303851
2022-02-03 06:00:00,-0.00150000001303851
2022-02-03 07:00:00,-0.00879999995231628
2022-02-03 08:00:00,-0.00879999995231628
2022-02-03 09:00:00,-0.00879999995231628
2022-02-03 10:00:00,-0.0089999996125698
2022-02-03 11:00:00,-0.0089999996125698
2022-02-03 12:00:00,-0.0089999996125698
2022-02-03 13:00:00,-0.00529999984428286
2022-02-03 14:00:00,-0.00529999984428286
2022-02-03 15:00:00,-0.00529999984428286
2022-02-03 16:00:00,0.05549999698996544
2022-02-03 17:00:00,0.05549999698996544
2022-02-03 18:00:00,0.05549999698996544
2022-02-03 19:00:00,0.1152999997138977
2022-02-03 20:00:00,0.1152999997138977
2022-02-03 21:00:00,0.1152999997138977
2022-02-03 22:00:00,0.05209999904036522
2022-02-03 23:00:00,0.05209999904036522
2022-02-04 00:00:00,0.05209999904036522
2022-02-04 01:00:00,-0.00549999997019767
2022-02-04 02:00:00,-0.00549999997019767
2022-02-04 03:00:00,-0.00549999997019767
2022-02-04 04:00:00,-0.00469999993219971
2022-02-04 05:00:00,-0.00469999993219971
2022-02-04 06:00:00,-0.00469999993219971
2022-02-04 07:00:00,-0.00460000010207295
2022-02-04 08:00:00,-0.00460000010207295
2022-02-04 09:00:00,-0.00460000010207295
2022-02-04 10:00:00,-0.00539999967440962
2022-02-04 11:00:00,-0.00539999967440962
2022-02-04 12:00:00,-0.00539999967440962
2022-02-04 13:00:00,-0.00269999983720481
2022-02-04 14:00:00,-0.00269999983720481
2022-02-04 15:00:00,-0.00269999983720481
2022-02-04 16:00:00,0.0940999984741211
2022-02-04 17:00:00,0.0940999984741211
2022-02-04 18:00:00,0.0940999984741211
2022-02-04 19:00:00,0.1597999930381775
2022-02-04 20:00:00,0.1597999930381775
2022-02-04 21:00:00,0.1597999930381775
2022-02-04 22:00:00,0.09759999811649324
2022-02-04 23:00:00,0.09759999811649324
2022-02-05 00:00:00,0.09759999811649324
2022-02-05 01:00:00,2.9999998514540493e-4
2022-02-05 02:00:00,2.9999998514540493e-4
2022-02-05 03:00:00,2.9999998514540493e-4
2022-02-05 04:00:00,0.00389999989420175
2022-02-05 05:00:00,0.00389999989420175
2022-02-05 06:00:00,0.00389999989420175
2022-02-05 07:00:00,0.00719999987632036
2022-02-05 08:00:00,0.00719999987632036
2022-02-05 09:00:00,0.00719999987632036
2022-02-05 10:00:00,0.00410000002011656
2022-02-05 11:00:00,0.00410000002011656
2022-02-05 12:00:00,0.00410000002011656
2022-02-05 13:00:00,0.0175000000745058
2022-02-05 14:00:00,0.0175000000745058
2022-02-05 15:00:00,0.0175000000745058
2022-02-05 16:00:00,0.12439999729394911
2022-02-05 17:00:00,0.12439999729394911
2022-02-05 18:00:00,0.12439999729394911
2022-02-05 19:00:00,0.17109999060630798
2022-02-05 20:00:00,0.17109999060630798
2022-02-05 21:00:00,0.17109999060630798
2022-02-05 22:00:00,0.08649999648332596
2022-02-05 23:00:00,0.08649999648332596
2022-02-06 00:00:00,0.08649999648332596
2022-02-06 01:00:00,0.00109999999403953
2022-02-06 02:00:00,0.00109999999403953
2022-02-06 03:00:00,0.00109999999403953
2022-02-06 04:00:00,-0.00729999970644712
2022-02-06 05:00:00,-0.00729999970644712
2022-02-06 06:00:00,-0.00729999970644712
2022-02-06 07:00:00,0.00980000011622905
2022-02-06 08:00:00,0.00980000011622905
2022-02-06 09:00:00,0.00980000011622905
2022-02-06 10:00:00,0.00539999967440962
2022-02-06 11:00:00,0.00539999967440962
2022-02-06 12:00:00,0.00539999967440962
2022-02-06 13:00:00,0.0089999996125698
2022-02-06 14:00:00,0.0089999996125698
2022-02-06 15:00:00,0.0089999996125698
2022-02-06 16:00:00,0.07189999520778656
2022-02-06 17:00:00,0.07189999520778656
2022-02-06 18:00:00,0.07189999520778656
2022-02-06 19:00:00,0.12610000371932983
2022-02-06 20:00:00,0.12610000371932983
2022-02-06 21:00:00,0.12610000371932983
2022-02-06 22:00:00,0.07229999452829361
2022-02-06 23:00:00,0.07229999452829361
2022-02-07 00:00:00,0.07229999452829361
2022-02-07 01:00:00,-0.0089999996125698
2022-02-07 02:00:00,-0.0089999996125698
2022-02-07 03:00:00,-0.0089999996125698
2022-02-07 04:00:00,-0.00679999962449073
2022-02-07 05:00:00,-0.00679999962449073
2022-02-07 06:00:00,-0.00679999962449073
2022-02-07 07:00:00,-0.0032999999821186
2022-02-07 08:00:00,-0.0032999999821186
2022-02-07 09:00:00,-0.0032999999821186
2022-02-07 10:00:00,-0.00370000000111758
2022-02-07 11:00:00,-0.00370000000111758
2022-02-07 12:00:00,-0.00370000000111758
2022-02-07 13:00:00,-0.00339999981224536
2022-02-07 14:00:00,-0.00339999981224536
2022-02-07 15:00:00,-0.00339999981224536
2022-02-07 16:00:00,0.10809999704360962
2022-02-07 17:00:00,0.10809999704360962
2022-02-07 18:00:00,0.10809999704360962
2022-02-07 19:00:00,0.17889998853206637
2022-02-07 20:00:00,0.17889998853206637
2022-02-07 21:00:00,0.17889998853206637
2022-02-07 22:00:00,0.0940999984741211
2022-02-07 23:00:00,0.0940999984741211
2022-02-08 00:00:00,0.0940999984741211
2022-02-08 01:00:00,0.00529999984428286
2022-02-08 02:00:00,0.00529999984428286
2022-02-08 03:00:00,0.00529999984428286
2022-02-08 04:00:00,0.00810000021010637
2022-02-08 05:00:00,0.00810000021010637
2022-02-08 06:00:00,0.00810000021010637
2022-02-08 07:00:00,0.03610000014305115
2022-02-08 08:00:00,0.03610000014305115
2022-02-08 09:00:00,0.03610000014305115
2022-02-08 10:00:00,0.0421999990940094
2022-02-08 11:00:00,0.0421999990940094
2022-02-08 12:00:00,0.0421999990940094
2022-02-08 13:00:00,0.02620000019669532
2022-02-08 14:00:00,0.02620000019669532
2022-02-08 15:00:00,0.02620000019669532
2022-02-08 16:00:00,0.1143999993801117
2022-02-08 17:00:00,0.1143999993801117
2022-02-08 18:00:00,0.1143999993801117
2022-02-08 19:00:00,0.17870000004768372
2022-02-08 20:00:00,0.17870000004768372
2022-02-08 21:00:00,0.17870000004768372
2022-02-08 22:00:00,0.10119999945163728
2022-02-08 23:00:00,0.10119999945163728
2022-02-09 00:00:00,0.10119999945163728
2022-02-09 01:00:00,-0.0015999999595806
2022-02-09 02:00:00,-0.0015999999595806
2022-02-09 03:00:00,-0.0015999999595806
2022-02-09 04:00:00,0.01719999872148037
2022-02-09 05:00:00,0.01719999872148037
2022-02-09 06:00:00,0.01719999872148037
2022-02-09 07:00:00,0.01529999915510416
2022-02-09 08:00:00,0.01529999915510416
2022-02-09 09:00:00,0.01529999915510416
2022-02-09 10:00:00,0.00529999984428286
2022-02-09 11:00:00,0.00529999984428286
2022-02-09 12:00:00,0.00529999984428286
2022-02-09 13:00:00,0.00410000002011656
2022-02-09 14:00:00,0.00410000002011656
2022-02-09 15:00:00,0.00410000002011656
2022-02-09 16:00:00,0.1111999973654747
2022-02-09 17:00:00,0.1111999973654747
2022-02-09 18:00:00,0.1111999973654747
2022-02-09 19:00:00,0.16899996995925903
2022-02-09 20:00:00,0.16899996995925903
2022-02-09 21:00:00,0.16899996995925903
2022-02-09 22:00:00,0.07880000025033951
2022-02-09 23:00:00,0.07880000025033951
2022-02-10 00:00:00,0.07880000025033951
2022-02-10 01:00:00,-0.00549999997019767
2022-02-10 02:00:00,-0.00549999997019767
2022-02-10 03:00:00,-0.00549999997019767
2022-02-10 04:00:00,-0.01179999951273202
2022-02-10 05:00:00,-0.01179999951273202
2022-02-10 06:00:00,-0.01179999951273202
2022-02-10 07:00:00,-0.00649999966844916
2022-02-10 08:00:00,-0.00649999966844916
2022-02-10 09:00:00,-0.00649999966844916
2022-02-10 10:00:00,-0.01609999872744083
2022-02-10 11:00:00,-0.01609999872744083
2022-02-10 12:00:00,-0.01609999872744083
2022-02-10 13:00:00,-8.999999845400453e-4
2022-02-10 14:00:00,-8.999999845400453e-4
2022-02-10 15:00:00,-8.999999845400453e-4
2022-02-10 16:00:00,0.119999997317791
2022-02-10 17:00:00,0.119999997317791
2022-02-10 18:00:00,0.119999997317791
2022-02-10 19:00:00,0.14970000088214874
2022-02-10 20:00:00,0.14970000088214874
2022-02-10 21:00:00,0.14970000088214874
2022-02-10 22:00:00,0.08540000021457672
2022-02-10 23:00:00,0.08540000021457672
2022-02-11 00:00:00,0.08540000021457672
2022-02-11 01:00:00,0.00309999985620379
2022-02-11 02:00:00,0.00309999985620379
2022-02-11 03:00:00,0.00309999985620379
2022-02-11 04:00:00,0.01090000011026859
2022-02-11 05:00:00,0.01090000011026859
2022-02-11 06:00:00,0.01090000011026859
2022-02-11 07:00:00,0.01730000041425228
2022-02-11 08:00:00,0.01730000041425228
2022-02-11 09:00:00,0.01730000041425228
2022-02-11 10:00:00,0.00359999993816018
2022-02-11 11:00:00,0.00359999993816018
2022-02-11 12:00:00,0.00359999993816018
2022-02-11 13:00:00,-0.00189999991562217
2022-02-11 14:00:00,-0.00189999991562217
2022-02-11 15:00:00,-0.00189999991562217
2022-02-11 16:00:00,0.09529999643564224
2022-02-11 17:00:00,0.09529999643564224
2022-02-11 18:00:00,0.09529999643564224
2022-02-11 19:00:00,0.14790000021457672
2022-02-11 20:00:00,0.14790000021457672
2022-02-11 21:00:00,0.14790000021457672
2022-02-11 22:00:00,0.08240000158548355
2022-02-11 23:00:00,0.08240000158548355
2022-02-12 00:00:00,0.08240000158548355
2022-02-12 01:00:00,0.0015999999595806
2022-02-12 02:00:00,0.0015999999595806
2022-02-12 03:00:00,0.0015999999595806
2022-02-12 04:00:00,0.00499999988824129
2022-02-12 05:00:00,0.00499999988824129
2022-02-12 06:00:00,0.00499999988824129
2022-02-12 07:00:00,0.00219999998807907
2022-02-12 08:00:00,0.00219999998807907
2022-02-12 09:00:00,0.00219999998807907
2022-02-12 10:00:00,-0.00769999995827674
2022-02-12 11:00:00,-0.00769999995827674
2022-02-12 12:00:00,-0.00769999995827674
2022-02-12 13:00:00,3.9999998989515007e-4
2022-02-12 14:00:00,3.9999998989515007e-4
2022-02-12 15:00:00,3.9999998989515007e-4
2022-02-12 16:00:00,0.12280000001192092
2022-02-12 17:00:00,0.12280000001192092
2022-02-12 18:00:00,0.12280000001192092
2022-02-12 19:00:00,0.1784999966621399
2022-02-12 20:00:00,0.1784999966621399
2022-02-12 21:00:00,0.1784999966621399
2022-02-12 22:00:00,0.1184000000357628
2022-02-12 23:00:00,0.1184000000357628
2022-02-13 00:00:00,0.1184000000357628
2022-02-13 01:00:00,0.01469999924302101
2022-02-13 02:00:00,0.01469999924302101
2022-02-13 03:00:00,0.01469999924302101
2022-02-13 04:00:00,1.9999999494757503e-4
2022-02-13 05:00:00,1.9999999494757503e-4
2022-02-13 06:00:00,1.9999999494757503e-4
2022-02-13 07:00:00,0.0056999996304512
2022-02-13 08:00:00,0.0056999996304512
2022-02-13 09:00:00,0.0056999996304512
2022-02-13 10:00:00,0.00810000021010637
2022-02-13 11:00:00,0.00810000021010637
2022-02-13 12:00:00,0.00810000021010637
2022-02-13 13:00:00,0.01299999933689832
2022-02-13 14:00:00,0.01299999933689832
2022-02-13 15:00:00,0.01299999933689832
2022-02-13 16:00:00,0.14790000021457672
2022-02-13 17:00:00,0.14790000021457672
2022-02-13 18:00:00,0.14790000021457672
2022-02-13 19:00:00,0.21689999103546145
2022-02-13 20:00:00,0.21689999103546145
2022-02-13 21:00:00,0.21689999103546145
2022-02-13 22:00:00,0.11620000004768372
2022-02-13 23:00:00,0.11620000004768372
2022-02-14 00:00:00,0.11620000004768372
2022-02-14 01:00:00,5.999999702908099e-4
2022-02-14 02:00:00,5.999999702908099e-4
2022-02-14 03:00:00,5.999999702908099e-4
2022-02-14 04:00:00,-0.00419999985024333
2022-02-14 05:00:00,-0.00419999985024333
2022-02-14 06:00:00,-0.00419999985024333
2022-02-14 07:00:00,0
2022-02-14 08:00:00,0
2022-02-14 09:00:00,0
2022-02-14 10:00:00,-0.00260000000707805
2022-02-14 11:00:00,-0.00260000000707805
2022-02-14 12:00:00,-0.00260000000707805
2022-02-14 13:00:00,0.00359999993816018
2022-02-14 14:00:00,0.00359999993816018
2022-02-14 15:00:00,0.00359999993816018
2022-02-14 16:00:00,0.1322999894618988
2022-02-14 17:00:00,0.1322999894618988
2022-02-14 18:00:00,0.1322999894618988
2022-02-14 19:00:00,0.17589999735355377
2022-02-14 20:00:00,0.17589999735355377
2022-02-14 21:00:00,0.17589999735355377
2022-02-14 22:00:00,0.10639999806880952
2022-02-14 23:00:00,0.10639999806880952
2022-02-15 00:00:00,0.10639999806880952
2022-02-15 01:00:00,-0.00429999968037009
2022-02-15 02:00:00,-0.00429999968037009
2022-02-15 03:00:00,-0.00429999968037009
2022-02-15 04:00:00,-0.00339999981224536
2022-02-15 05:00:00,-0.00339999981224536
2022-02-15 06:00:00,-0.00339999981224536
2022-02-15 07:00:00,0.00429999968037009
2022-02-15 08:00:00,0.00429999968037009
2022-02-15 09:00:00,0.00429999968037009
2022-02-15 10:00:00,0.00209999992512166
2022-02-15 11:00:00,0.00209999992512166
2022-02-15 12:00:00,0.00209999992512166
2022-02-15 13:00:00,0.00579999992623925
2022-02-15 14:00:00,0.00579999992623925
2022-02-15 15:00:00,0.00579999992623925
2022-02-15 16:00:00,0.1096000000834465
2022-02-15 17:00:00,0.1096000000834465
2022-02-15 18:00:00,0.1096000000834465
2022-02-15 19:00:00,0.12929999828338623
2022-02-15 20:00:00,0.12929999828338623
2022-02-15 21:00:00,0.12929999828338623
2022-02-15 22:00:00,0.08869999647140503
2022-02-15 23:00:00,0.08869999647140503
2022-02-16 00:00:00,0.08869999647140503
2022-02-16 01:00:00,-0.00679999962449073
2022-02-16 02:00:00,-0.00679999962449073
2022-02-16 03:00:00,-0.00679999962449073
2022-02-16 04:00:00,-0.00370000000111758
2022-02-16 05:00:00,-0.00370000000111758
2022-02-16 06:00:00,-0.00370000000111758
2022-02-16 07:00:00,-0.00150000001303851
2022-02-16 08:00:00,-0.00150000001303851
2022-02-16 09:00:00,-0.00150000001303851
2022-02-16 10:00:00,0.00189999991562217
2022-02-16 11:00:00,0.00189999991562217
2022-02-16 12:00:00,0.00189999991562217
2022-02-16 13:00:00,0.00179999996908009
2022-02-16 14:00:00,0.00179999996908009
2022-02-16 15:00:00,0.00179999996908009
2022-02-16 16:00:00,0.1119999960064888
2022-02-16 17:00:00,0.1119999960064888
2022-02-16 18:00:00,0.1119999960064888
2022-02-16 19:00:00,0.1428000032901764
2022-02-16 20:00:00,0.1428000032901764
2022-02-16 21:00:00,0.1428000032901764
2022-02-16 22:00:00,0.08969999849796295
2022-02-16 23:00:00,0.08969999849796295
2022-02-17 00:00:00,0.08969999849796295
2022-02-17 01:00:00,0.00320002436637878
2022-02-17 02:00:00,0.00320002436637878
2022-02-17 03:00:00,0.00320002436637878
2022-02-17 04:00:00,0.00460000010207295
2022-02-17 05:00:00,0.00460000010207295
2022-02-17 06:00:00,0.00460000010207295
2022-02-17 07:00:00,0.00619999971240758
2022-02-17 08:00:00,0.00619999971240758
2022-02-17 09:00:00,0.00619999971240758
2022-02-17 10:00:00,0.00300000002607703
2022-02-17 11:00:00,0.00300000002607703
2022-02-17 12:00:00,0.00300000002607703
2022-02-17 13:00:00,-0.00119999994058161
2022-02-17 14:00:00,-0.00119999994058161
2022-02-17 15:00:00,-0.00119999994058161
2022-02-17 16:00:00,0.09459999948740004
2022-02-17 17:00:00,0.09459999948740004
2022-02-17 18:00:00,0.09459999948740004
2022-02-17 19:00:00,0.15160000324249268
2022-02-17 20:00:00,0.15160000324249268
2022-02-17 21:00:00,0.15160000324249268
2022-02-17 22:00:00,0.09439999610185625
2022-02-17 23:00:00,0.09439999610185625
2022-02-18 00:00:00,0.09439999610185625
2022-02-18 01:00:00,0.01359999924898147
2022-02-18 02:00:00,0.01359999924898147
2022-02-18 03:00:00,0.01359999924898147
2022-02-18 04:00:00,0.00969999935477972
2022-02-18 05:00:00,0.00969999935477972
2022-02-18 06:00:00,0.00969999935477972
2022-02-18 07:00:00,0.01109999977052211
2022-02-18 08:00:00,0.01109999977052211
2022-02-18 09:00:00,0.01109999977052211
2022-02-18 10:00:00,0.0032999999821186
2022-02-18 11:00:00,0.0032999999821186
2022-02-18 12:00:00,0.0032999999821186
2022-02-18 13:00:00,0.01009999960660934
2022-02-18 14:00:00,0.01009999960660934
2022-02-18 15:00:00,0.01009999960660934
2022-02-18 16:00:00,0.12099999934434892
2022-02-18 17:00:00,0.12099999934434892
2022-02-18 18:00:00,0.12099999934434892
2022-02-18 19:00:00,0.1655000001192093
2022-02-18 20:00:00,0.1655000001192093
2022-02-18 21:00:00,0.1655000001192093
2022-02-18 22:00:00,0.09339999407529832
2022-02-18 23:00:00,0.09339999407529832
2022-02-19 00:00:00,0.09339999407529832
2022-02-19 01:00:00,-0.01269999984651804
2022-02-19 02:00:00,-0.01269999984651804
2022-02-19 03:00:00,-0.01269999984651804
2022-02-19 04:00:00,-0.0127999996766448
2022-02-19 05:00:00,-0.0127999996766448
2022-02-19 06:00:00,-0.0127999996766448
2022-02-19 07:00:00,-0.01059999968856573
2022-02-19 08:00:00,-0.01059999968856573
2022-02-19 09:00:00,-0.01059999968856573
2022-02-19 10:00:00,-0.00789999961853027
2022-02-19 11:00:00,-0.00789999961853027
2022-02-19 12:00:00,-0.00789999961853027
2022-02-19 13:00:00,-0.0015999999595806
2022-02-19 14:00:00,-0.0015999999595806
2022-02-19 15:00:00,-0.0015999999595806
2022-02-19 16:00:00,0.12960000336170197
2022-02-19 17:00:00,0.12960000336170197
2022-02-19 18:00:00,0.12960000336170197
2022-02-19 19:00:00,0.19179999828338623
2022-02-19 20:00:00,0.19179999828338623
2022-02-19 21:00:00,0.19179999828338623
2022-02-19 22:00:00,0.125900000333786
2022-02-19 23:00:00,0.125900000333786
2022-02-20 00:00:00,0.125900000333786
2022-02-20 01:00:00,0.02819999866187572
2022-02-20 02:00:00,0.02819999866187572
2022-02-20 03:00:00,0.02819999866187572
2022-02-20 04:00:00,0.01879999972879886
2022-02-20 05:00:00,0.01879999972879886
2022-02-20 06:00:00,0.01879999972879886
2022-02-20 07:00:00,0.02359999902546405
2022-02-20 08:00:00,0.02359999902546405
2022-02-20 09:00:00,0.02359999902546405
2022-02-20 10:00:00,0.03079999983310699
2022-02-20 11:00:00,0.03079999983310699
2022-02-20 12:00:00,0.03079999983310699
2022-02-20 13:00:00,0.0163000002503395
2022-02-20 14:00:00,0.0163000002503395
2022-02-20 15:00:00,0.0163000002503395
2022-02-20 16:00:00,0.1591999977827072
2022-02-20 17:00:00,0.1591999977827072
2022-02-20 18:00:00,0.1591999977827072
2022-02-20 19:00:00,0.20509999990463257
2022-02-20 20:00:00,0.20509999990463257
2022-02-20 21:00:00,0.20509999990463257
2022-02-20 22:00:00,0.11819997429847716
2022-02-20 23:00:00,0.11819997429847716
2022-02-21 00:00:00,0.11819997429847716
2022-02-21 01:00:00,0.00150000001303851
2022-02-21 02:00:00,0.00150000001303851
2022-02-21 03:00:00,0.00150000001303851
2022-02-21 04:00:00,6.99999975040555e-4
2022-02-21 05:00:00,6.99999975040555e-4
2022-02-21 06:00:00,6.99999975040555e-4
2022-02-21 07:00:00,0.00359999993816018
2022-02-21 08:00:00,0.00359999993816018
2022-02-21 09:00:00,0.00359999993816018
2022-02-21 10:00:00,0.00289999996311962
2022-02-21 11:00:00,0.00289999996311962
2022-02-21 12:00:00,0.00289999996311962
2022-02-21 13:00:00,0.01069999951869249
2022-02-21 14:00:00,0.01069999951869249
2022-02-21 15:00:00,0.01069999951869249
2022-02-21 16:00:00,0.13979999721050262
2022-02-21 17:00:00,0.13979999721050262
2022-02-21 18:00:00,0.13979999721050262
2022-02-21 19:00:00,0.1639000028371811
2022-02-21 20:00:00,0.1639000028371811
2022-02-21 21:00:00,0.1639000028371811
2022-02-21 22:00:00,0.13179999589920044
2022-02-21 23:00:00,0.13179999589920044
2022-02-22 00:00:00,0.13179999589920044
2022-02-22 01:00:00,0.01730000041425228
2022-02-22 02:00:00,0.01730000041425228
2022-02-22 03:00:00,0.01730000041425228
2022-02-22 04:00:00,0.00600000005215406
2022-02-22 05:00:00,0.00600000005215406
2022-02-22 06:00:00,0.00600000005215406
2022-02-22 07:00:00,0.00630000000819563
2022-02-22 08:00:00,0.00630000000819563
2022-02-22 09:00:00,0.00630000000819563
2022-02-22 10:00:00,0.00260000000707805
2022-02-22 11:00:00,0.00260000000707805
2022-02-22 12:00:00,0.00260000000707805
2022-02-22 13:00:00,0.01219999976456165
2022-02-22 14:00:00,0.01219999976456165
2022-02-22 15:00:00,0.01219999976456165
2022-02-22 16:00:00,0.07779999822378159
2022-02-22 17:00:00,0.07779999822378159
2022-02-22 18:00:00,0.07779999822378159
2022-02-22 19:00:00,0.1449999958276749
2022-02-22 20:00:00,0.1449999958276749
2022-02-22 21:00:00,0.1449999958276749
2022-02-22 22:00:00,0.0819999948143959
2022-02-22 23:00:00,0.0819999948143959
2022-02-23 00:00:00,0.0819999948143959
2022-02-23 01:00:00,0.01549999974668026
2022-02-23 02:00:00,0.01549999974668026
2022-02-23 03:00:00,0.01549999974668026
2022-02-23 04:00:00,0.01439999975264072
2022-02-23 05:00:00,0.01439999975264072
2022-02-23 06:00:00,0.01439999975264072
2022-02-23 07:00:00,0.00989999994635582
2022-02-23 08:00:00,0.00989999994635582
2022-02-23 09:00:00,0.00989999994635582
2022-02-23 10:00:00,0.00740000000223517
2022-02-23 11:00:00,0.00740000000223517
2022-02-23 12:00:00,0.00740000000223517
2022-02-23 13:00:00,0.00889999978244304
2022-02-23 14:00:00,0.00889999978244304
2022-02-23 15:00:00,0.00889999978244304
2022-02-23 16:00:00,0.10009999573230743
2022-02-23 17:00:00,0.10009999573230743
2022-02-23 18:00:00,0.10009999573230743
2022-02-23 19:00:00,0.14999999105930328
2022-02-23 20:00:00,0.14999999105930328
2022-02-23 21:00:00,0.14999999105930328
2022-02-23 22:00:00,0.09119999408721924
2022-02-23 23:00:00,0.09119999408721924
2022-02-24 00:00:00,0.09119999408721924
2022-02-24 01:00:00,-7.999999797903001e-4
2022-02-24 02:00:00,-7.999999797903001e-4
2022-02-24 03:00:00,-7.999999797903001e-4
2022-02-24 04:00:00,-0.00130000000353902
2022-02-24 05:00:00,-0.00130000000353902
2022-02-24 06:00:00,-0.00130000000353902
2022-02-24 07:00:00,0.00130000000353902
2022-02-24 08:00:00,0.00130000000353902
2022-02-24 09:00:00,0.00130000000353902
2022-02-24 10:00:00,0.00870000012218952
2022-02-24 11:00:00,0.00870000012218952
2022-02-24 12:00:00,0.00870000012218952
2022-02-24 13:00:00,0.01599999889731407
2022-02-24 14:00:00,0.01599999889731407
2022-02-24 15:00:00,0.01599999889731407
2022-02-24 16:00:00,0.09369999915361404
2022-02-24 17:00:00,0.09369999915361404
2022-02-24 18:00:00,0.09369999915361404
2022-02-24 19:00:00,0.14970000088214874
2022-02-24 20:00:00,0.14970000088214874
2022-02-24 21:00:00,0.14970000088214874
2022-02-24 22:00:00,0.0957999974489212
2022-02-24 23:00:00,0.0957999974489212
2022-02-25 00:00:00,0.0957999974489212
2022-02-25 01:00:00,0
2022-02-25 02:00:00,0
2022-02-25 03:00:00,0
2022-02-25 04:00:00,-0.00150000001303851
2022-02-25 05:00:00,-0.00150000001303851
2022-02-25 06:00:00,-0.00150000001303851
2022-02-25 07:00:00,0.00549999997019767
2022-02-25 08:00:00,0.00549999997019767
2022-02-25 09:00:00,0.00549999997019767
2022-02-25 10:00:00,-0.00269999983720481
2022-02-25 11:00:00,-0.00269999983720481
2022-02-25 12:00:00,-0.00269999983720481
2022-02-25 13:00:00,0.00199999986216425
2022-02-25 14:00:00,0.00199999986216425
2022-02-25 15:00:00,0.00199999986216425
2022-02-25 16:00:00,0.08209999650716782
2022-02-25 17:00:00,0.08209999650716782
2022-02-25 18:00:00,0.08209999650716782
2022-02-25 19:00:00,0.12950000166893005
2022-02-25 20:00:00,0.12950000166893005
2022-02-25 21:00:00,0.12950000166893005
2022-02-25 22:00:00,0.08479999750852585
2022-02-25 23:00:00,0.08479999750852585
2022-02-26 00:00:00,0.08479999750852585
2022-02-26 01:00:00,0.00969999935477972
2022-02-26 02:00:00,0.00969999935477972
2022-02-26 03:00:00,0.00969999935477972
2022-02-26 04:00:00,0.00260000000707805
2022-02-26 05:00:00,0.00260000000707805
2022-02-26 06:00:00,0.00260000000707805
2022-02-26 07:00:00,-0.00139999995008111
2022-02-26 08:00:00,-0.00139999995008111
2022-02-26 09:00:00,-0.00139999995008111
2022-02-26 10:00:00,-0.00529999984428286
2022-02-26 11:00:00,-0.00529999984428286
2022-02-26 12:00:00,-0.00529999984428286
2022-02-26 13:00:00,0.01090000011026859
2022-02-26 14:00:00,0.01090000011026859
2022-02-26 15:00:00,0.01090000011026859
2022-02-26 16:00:00,0.118599995970726
2022-02-26 17:00:00,0.118599995970726
2022-02-26 18:00:00,0.118599995970726
2022-02-26 19:00:00,0.17679999768733978
2022-02-26 20:00:00,0.17679999768733978
2022-02-26 21:00:00,0.17679999768733978
2022-02-26 22:00:00,0.10859999805688858
2022-02-26 23:00:00,0.10859999805688858
2022-02-27 00:00:00,0.10859999805688858
2022-02-27 01:00:00,0.00389997544698417
2022-02-27 02:00:00,0.00389997544698417
2022-02-27 03:00:00,0.00389997544698417
2022-02-27 04:00:00,0.00539999967440962
2022-02-27 05:00:00,0.00539999967440962
2022-02-27 06:00:00,0.00539999967440962
2022-02-27 07:00:00,0.00289999996311962
2022-02-27 08:00:00,0.00289999996311962
2022-02-27 09:00:00,0.00289999996311962
2022-02-27 10:00:00,0.00150000001303851
2022-02-27 11:00:00,0.00150000001303851
2022-02-27 12:00:00,0.00150000001303851
2022-02-27 13:00:00,0.01109999977052211
2022-02-27 14:00:00,0.01109999977052211
2022-02-27 15:00:00,0.01109999977052211
2022-02-27 16:00:00,0.16279999911785126
2022-02-27 17:00:00,0.16279999911785126
2022-02-27 18:00:00,0.16279999911785126
2022-02-27 19:00:00,0.18769998848438263
2022-02-27 20:00:00,0.18769998848438263
2022-02-27 21:00:00,0.18769998848438263
2022-02-27 22:00:00,0.12309999763965608
2022-02-27 23:00:00,0.12309999763965608
2022-02-28 00:00:00,0.12309999763965608
2022-02-28 01:00:00,0.00119997560977935
2022-02-28 02:00:00,0.00119997560977935
2022-02-28 03:00:00,0.00119997560977935
2022-02-28 04:00:00,0.00589999975636601
2022-02-28 05:00:00,0.00589999975636601
2022-02-28 06:00:00,0.00589999975636601
2022-02-28 07:00:00,0.01239999942481517
2022-02-28 08:00:00,0.01239999942481517
2022-02-28 09:00:00,0.01239999942481517
2022-02-28 10:00:00,0.01879999972879886
2022-02-28 11:00:00,0.01879999972879886
2022-02-28 12:00:00,0.01879999972879886
2022-02-28 13:00:00,0.02960000000894069
2022-02-28 14:00:00,0.02960000000894069
2022-02-28 15:00:00,0.02960000000894069
2022-02-28 16:00:00,0.140299990773201
2022-02-28 17:00:00,0.140299990773201
2022-02-28 18:00:00,0.140299990773201
2022-02-28 19:00:00,0.16619999706745148
2022-02-28 20:00:00,0.16619999706745148
2022-02-28 21:00:00,0.16619999706745148
2022-02-28 22:00:00,0.12150002270936966
2022-02-28 23:00:00,0.12150002270936966
2022-03-01 00:00:00,0.12150002270936966
2022-03-01 01:00:00,0.00829999987035989
2022-03-01 02:00:00,0.00829999987035989
2022-03-01 03:00:00,0.00829999987035989
2022-03-01 04:00:00,0.0031999999191612
2022-03-01 05:00:00,0.0031999999191612
2022-03-01 06:00:00,0.0031999999191612
2022-03-01 07:00:00,0.00160002440679818
2022-03-01 08:00:00,0.00160002440679818
2022-03-01 09:00:00,0.00160002440679818
2022-03-01 10:00:00,6.99999975040555e-4
2022-03-01 11:00:00,6.99999975040555e-4
2022-03-01 12:00:00,6.99999975040555e-4
2022-03-01 13:00:00,0.01239999942481517
2022-03-01 14:00:00,0.01239999942481517
2022-03-01 15:00:00,0.01239999942481517
2022-03-01 16:00:00,0.07769999653100967
2022-03-01 17:00:00,0.07769999653100967
2022-03-01 18:00:00,0.07769999653100967
2022-03-01 19:00:00,0.07750000059604645
2022-03-01 20:00:00,0.07750000059604645
2022-03-01 21:00:00,0.07750000059604645
2022-03-01 22:00:00,0.04309999942779541
2022-03-01 23:00:00,0.04309999942779541
2022-03-02 00:00:00,0.04309999942779541
2022-03-02 01:00:00,-0.01549999974668026
2022-03-02 02:00:00,-0.01549999974668026
2022-03-02 03:00:00,-0.01549999974668026
2022-03-02 04:00:00,-0.01950000040233135
2022-03-02 05:00:00,-0.01950000040233135
2022-03-02 06:00:00,-0.01950000040233135
2022-03-02 07:00:00,-0.0175000000745058
2022-03-02 08:00:00,-0.0175000000745058
2022-03-02 09:00:00,-0.0175000000745058
2022-03-02 10:00:00,-0.01349999941885471
2022-03-02 11:00:00,-0.01349999941885471
2022-03-02 12:00:00,-0.01349999941885471
2022-03-02 13:00:00,-6.99999975040555e-4
2022-03-02 14:00:00,-6.99999975040555e-4
2022-03-02 15:00:00,-6.99999975040555e-4
2022-03-02 16:00:00,0.05079999938607216
2022-03-02 17:00:00,0.05079999938607216
2022-03-02 18:00:00,0.05079999938607216
2022-03-02 19:00:00,0.08549999445676804
2022-03-02 20:00:00,0.08549999445676804
2022-03-02 21:00:00,0.08549999445676804
2022-03-02 22:00:00,0.04549997299909592
2022-03-02 23:00:00,0.04549997299909592
2022-03-03 00:00:00,0.04549997299909592
2022-03-03 01:00:00,-0.01189999934285879
2022-03-03 02:00:00,-0.01189999934285879
2022-03-03 03:00:00,-0.01189999934285879
2022-03-03 04:00:00,-0.01730000041425228
2022-03-03 05:00:00,-0.01730000041425228
2022-03-03 06:00:00,-0.01730000041425228
2022-03-03 07:00:00,-0.01480000000447034
2022-03-03 08:00:00,-0.01480000000447034
2022-03-03 09:00:00,-0.01480000000447034
2022-03-03 10:00:00,-0.01249999925494194
2022-03-03 11:00:00,-0.01249999925494194
2022-03-03 12:00:00,-0.01249999925494194
2022-03-03 13:00:00,0.00479999976232647
2022-03-03 14:00:00,0.00479999976232647
2022-03-03 15:00:00,0.00479999976232647
2022-03-03 16:00:00,0.11659999936819077
2022-03-03 17:00:00,0.11659999936819077
2022-03-03 18:00:00,0.11659999936819077
2022-03-03 19:00:00,0.20969998836517337
2022-03-03 20:00:00,0.20969998836517337
2022-03-03 21:00:00,0.20969998836517337
2022-03-03 22:00:00,0.14729999005794525
2022-03-03 23:00:00,0.14729999005794525
2022-03-04 00:00:00,0.14729999005794525
2022-03-04 01:00:00,0.00609999988228082
2022-03-04 02:00:00,0.00609999988228082
2022-03-04 03:00:00,0.00609999988228082
2022-03-04 04:00:00,0.00719999987632036
2022-03-04 05:00:00,0.00719999987632036
2022-03-04 06:00:00,0.00719999987632036
2022-03-04 07:00:00,0.00349999987520277
2022-03-04 08:00:00,0.00349999987520277
2022-03-04 09:00:00,0.00349999987520277
2022-03-04 10:00:00,0.00179999996908009
2022-03-04 11:00:00,0.00179999996908009
2022-03-04 12:00:00,0.00179999996908009
2022-03-04 13:00:00,0.01329999975860118
2022-03-04 14:00:00,0.01329999975860118
2022-03-04 15:00:00,0.01329999975860118
2022-03-04 16:00:00,0.13019996881484985
2022-03-04 17:00:00,0.13019996881484985
2022-03-04 18:00:00,0.13019996881484985
2022-03-04 19:00:00,0.23680000007152557
2022-03-04 20:00:00,0.23680000007152557
2022-03-04 21:00:00,0.23680000007152557
2022-03-04 22:00:00,0.18219999969005585
2022-03-04 23:00:00,0.18219999969005585
2022-03-05 00:00:00,0.18219999969005585
2022-03-05 01:00:00,0.01579999923706054
2022-03-05 02:00:00,0.01579999923706054
2022-03-05 03:00:00,0.01579999923706054
2022-03-05 04:00:00,0.00139999995008111
2022-03-05 05:00:00,0.00139999995008111
2022-03-05 06:00:00,0.00139999995008111
2022-03-05 07:00:00,0.01079999934881925
2022-03-05 08:00:00,0.01079999934881925
2022-03-05 09:00:00,0.01079999934881925
2022-03-05 10:00:00,0.0092000002041459
2022-03-05 11:00:00,0.0092000002041459
2022-03-05 12:00:00,0.0092000002041459
2022-03-05 13:00:00,0.02569999918341636
2022-03-05 14:00:00,0.02569999918341636
2022-03-05 15:00:00,0.02569999918341636
2022-03-05 16:00:00,0.11539999395608902
2022-03-05 17:00:00,0.11539999395608902
2022-03-05 18:00:00,0.11539999395608902
2022-03-05 19:00:00,0.13199999928474426
2022-03-05 20:00:00,0.13199999928474426
2022-03-05 21:00:00,0.13199999928474426
2022-03-05 22:00:00,0.12129999697208405
2022-03-05 23:00:00,0.12129999697208405
2022-03-06 00:00:00,0.12129999697208405
2022-03-06 01:00:00,0.01659999974071979
2022-03-06 02:00:00,0.01659999974071979
2022-03-06 03:00:00,0.01659999974071979
2022-03-06 04:00:00,0.01449999958276748
2022-03-06 05:00:00,0.01449999958276748
2022-03-06 06:00:00,0.01449999958276748
2022-03-06 07:00:00,0.00959999952465295
2022-03-06 08:00:00,0.00959999952465295
2022-03-06 09:00:00,0.00959999952465295
2022-03-06 10:00:00,0.00169999990612268
2022-03-06 11:00:00,0.00169999990612268
2022-03-06 12:00:00,0.00169999990612268
2022-03-06 13:00:00,0.0182999987155199
2022-03-06 14:00:00,0.0182999987155199
2022-03-06 15:00:00,0.0182999987155199
2022-03-06 16:00:00,0.13750000298023224
2022-03-06 17:00:00,0.13750000298023224
2022-03-06 18:00:00,0.13750000298023224
2022-03-06 19:00:00,0.1525000035762787
2022-03-06 20:00:00,0.1525000035762787
2022-03-06 21:00:00,0.1525000035762787
2022-03-06 22:00:00,0.125900000333786
2022-03-06 23:00:00,0.125900000333786
2022-03-07 00:00:00,0.125900000333786
2022-03-07 01:00:00,0.01970000006258487
2022-03-07 02:00:00,0.01970000006258487
2022-03-07 03:00:00,0.01970000006258487
2022-03-07 04:00:00,0.01030000019818544
2022-03-07 05:00:00,0.01030000019818544
2022-03-07 06:00:00,0.01030000019818544
2022-03-07 07:00:00,0.00879999995231628
2022-03-07 08:00:00,0.00879999995231628
2022-03-07 09:00:00,0.00879999995231628
2022-03-07 10:00:00,7.999999797903001e-4
2022-03-07 11:00:00,7.999999797903001e-4
2022-03-07 12:00:00,7.999999797903001e-4
2022-03-07 13:00:00,0.00839999970048666
2022-03-07 14:00:00,0.00839999970048666
2022-03-07 15:00:00,0.00839999970048666
2022-03-07 16:00:00,0.10920000076293944
2022-03-07 17:00:00,0.10920000076293944
2022-03-07 18:00:00,0.10920000076293944
2022-03-07 19:00:00,0.1972000002861023
2022-03-07 20:00:00,0.1972000002861023
2022-03-07 21:00:00,0.1972000002861023
2022-03-07 22:00:00,0.12860000133514404
2022-03-07 23:00:00,0.12860000133514404
2022-03-08 00:00:00,0.12860000133514404
2022-03-08 01:00:00,0.00849999953061342
2022-03-08 02:00:00,0.00849999953061342
2022-03-08 03:00:00,0.00849999953061342
2022-03-08 04:00:00,0.00139999995008111
2022-03-08 05:00:00,0.00139999995008111
2022-03-08 06:00:00,0.00139999995008111
2022-03-08 07:00:00,-0.00130000000353902
2022-03-08 08:00:00,-0.00130000000353902
2022-03-08 09:00:00,-0.00130000000353902
2022-03-08 10:00:00,-0.00169999990612268
2022-03-08 11:00:00,-0.00169999990612268
2022-03-08 12:00:00,-0.00169999990612268
2022-03-08 13:00:00,0.01609999872744083
2022-03-08 14:00:00,0.01609999872744083
2022-03-08 15:00:00,0.01609999872744083
2022-03-08 16:00:00,0.11299999803304672
2022-03-08 17:00:00,0.11299999803304672
2022-03-08 18:00:00,0.11299999803304672
2022-03-08 19:00:00,0.17069999873638153
2022-03-08 20:00:00,0.17069999873638153
2022-03-08 21:00:00,0.17069999873638153
2022-03-08 22:00:00,0.11789999902248384
2022-03-08 23:00:00,0.11789999902248384
2022-03-09 00:00:00,0.11789999902248384
2022-03-09 01:00:00,0.01030000019818544
2022-03-09 02:00:00,0.01030000019818544
2022-03-09 03:00:00,0.01030000019818544
2022-03-09 04:00:00,0.01620000042021274
2022-03-09 05:00:00,0.01620000042021274
2022-03-09 06:00:00,0.01620000042021274
2022-03-09 07:00:00,0.0115999998524785
2022-03-09 08:00:00,0.0115999998524785
2022-03-09 09:00:00,0.0115999998524785
2022-03-09 10:00:00,0.00119999994058161
2022-03-09 11:00:00,0.00119999994058161
2022-03-09 12:00:00,0.00119999994058161
2022-03-09 13:00:00,0.01740000024437904
2022-03-09 14:00:00,0.01740000024437904
2022-03-09 15:00:00,0.01740000024437904
2022-03-09 16:00:00,0.14319999516010284
2022-03-09 17:00:00,0.14319999516010284
2022-03-09 18:00:00,0.14319999516010284
2022-03-09 19:00:00,0.2330999970436096
2022-03-09 20:00:00,0.2330999970436096
2022-03-09 21:00:00,0.2330999970436096
2022-03-09 22:00:00,0.12239999324083328
2022-03-09 23:00:00,0.12239999324083328
2022-03-10 00:00:00,0.12239999324083328
2022-03-10 01:00:00,0.01339999958872795
2022-03-10 02:00:00,0.01339999958872795
2022-03-10 03:00:00,0.01339999958872795
2022-03-10 04:00:00,0.00999999977648258
2022-03-10 05:00:00,0.00999999977648258
2022-03-10 06:00:00,0.00999999977648258
2022-03-10 07:00:00,0.00699999975040555
2022-03-10 08:00:00,0.00699999975040555
2022-03-10 09:00:00,0.00699999975040555
2022-03-10 10:00:00,0.0044999998062849
2022-03-10 11:00:00,0.0044999998062849
2022-03-10 12:00:00,0.0044999998062849
2022-03-10 13:00:00,0.01569999940693378
2022-03-10 14:00:00,0.01569999940693378
2022-03-10 15:00:00,0.01569999940693378
2022-03-10 16:00:00,0.11899999529123306
2022-03-10 17:00:00,0.11899999529123306
2022-03-10 18:00:00,0.11899999529123306
2022-03-10 19:00:00,0.18029999732971191
2022-03-10 20:00:00,0.18029999732971191
2022-03-10 21:00:00,0.18029999732971191
2022-03-10 22:00:00,0.125
2022-03-10 23:00:00,0.125
2022-03-11 00:00:00,0.125
2022-03-11 01:00:00,0.01889999955892563
2022-03-11 02:00:00,0.01889999955892563
2022-03-11 03:00:00,0.01889999955892563
2022-03-11 04:00:00,0.0032999999821186
2022-03-11 05:00:00,0.0032999999821186
2022-03-11 06:00:00,0.0032999999821186
2022-03-11 07:00:00,0.00279999990016222
2022-03-11 08:00:00,0.00279999990016222
2022-03-11 09:00:00,0.00279999990016222
2022-03-11 10:00:00,2.9999998514540493e-4
2022-03-11 11:00:00,2.9999998514540493e-4
2022-03-11 12:00:00,2.9999998514540493e-4
2022-03-11 13:00:00,0.02689999900758266
2022-03-11 14:00:00,0.02689999900758266
2022-03-11 15:00:00,0.02689999900758266
2022-03-11 16:00:00,0.13509999215602875
2022-03-11 17:00:00,0.13509999215602875
2022-03-11 18:00:00,0.13509999215602875
2022-03-11 19:00:00,0.18639999628067017
2022-03-11 20:00:00,0.18639999628067017
2022-03-11 21:00:00,0.18639999628067017
2022-03-11 22:00:00,0.1356000006198883
2022-03-11 23:00:00,0.1356000006198883
2022-03-12 00:00:00,0.1356000006198883
2022-03-12 01:00:00,0.01439999975264072
2022-03-12 02:00:00,0.01439999975264072
2022-03-12 03:00:00,0.01439999975264072
2022-03-12 04:00:00,0.02279999852180481
2022-03-12 05:00:00,0.02279999852180481
2022-03-12 06:00:00,0.02279999852180481
2022-03-12 07:00:00,0.02499999850988388
2022-03-12 08:00:00,0.02499999850988388
2022-03-12 09:00:00,0.02499999850988388
2022-03-12 10:00:00,0.01699999906122684
2022-03-12 11:00:00,0.01699999906122684
2022-03-12 12:00:00,0.01699999906122684
2022-03-12 13:00:00,0.03659999743103981
2022-03-12 14:00:00,0.03659999743103981
2022-03-12 15:00:00,0.03659999743103981
2022-03-12 16:00:00,0.19869999587535855
2022-03-12 17:00:00,0.19869999587535855
2022-03-12 18:00:00,0.19869999587535855
2022-03-12 19:00:00,0.26999998092651367
2022-03-12 20:00:00,0.26999998092651367
2022-03-12 21:00:00,0.26999998092651367
2022-03-12 22:00:00,0.17919999361038208
2022-03-12 23:00:00,0.17919999361038208
2022-03-13 00:00:00,0.17919999361038208
2022-03-13 01:00:00,0.00300000002607703
2022-03-13 02:00:00,0.00300000002607703
2022-03-13 03:00:00,0.00300000002607703
2022-03-13 04:00:00,-0.00379999983124434
2022-03-13 05:00:00,-0.00379999983124434
2022-03-13 06:00:00,-0.00379999983124434
2022-03-13 07:00:00,-0.00460000010207295
2022-03-13 08:00:00,-0.00460000010207295
2022-03-13 09:00:00,-0.00460000010207295
2022-03-13 10:00:00,-0.00219999998807907
2022-03-13 11:00:00,-0.00219999998807907
2022-03-13 12:00:00,-0.00219999998807907
2022-03-13 13:00:00,0.01850000023841858
2022-03-13 14:00:00,0.01850000023841858
2022-03-13 15:00:00,0.01850000023841858
2022-03-13 16:00:00,0.20579999685287476
2022-03-13 17:00:00,0.20579999685287476
2022-03-13 18:00:00,0.20579999685287476
2022-03-13 19:00:00,0.2433999925851822
2022-03-13 20:00:00,0.2433999925851822
2022-03-13 21:00:00,0.2433999925851822
2022-03-13 22:00:00,0.2061999887228012
2022-03-13 23:00:00,0.2061999887228012
2022-03-14 00:00:00,0.2061999887228012
2022-03-14 01:00:00,0.04250000044703483
2022-03-14 02:00:00,0.04250000044703483
2022-03-14 03:00:00,0.04250000044703483
2022-03-14 04:00:00,0.02019999921321869
2022-03-14 05:00:00,0.02019999921321869
2022-03-14 06:00:00,0.02019999921321869
2022-03-14 07:00:00,0.01389999967068433
2022-03-14 08:00:00,0.01389999967068433
2022-03-14 09:00:00,0.01389999967068433
2022-03-14 10:00:00,-9.999999747378752e-5
2022-03-14 11:00:00,-9.999999747378752e-5
2022-03-14 12:00:00,-9.999999747378752e-5
2022-03-14 13:00:00,0.03039999864995479
2022-03-14 14:00:00,0.03039999864995479
2022-03-14 15:00:00,0.03039999864995479
2022-03-14 16:00:00,0.2101999968290329
2022-03-14 17:00:00,0.2101999968290329
2022-03-14 18:00:00,0.2101999968290329
2022-03-14 19:00:00,0.25290000438690186
2022-03-14 20:00:00,0.25290000438690186
2022-03-14 21:00:00,0.25290000438690186
2022-03-14 22:00:00,0.2044999897480011
2022-03-14 23:00:00,0.2044999897480011
2022-03-15 00:00:00,0.2044999897480011
2022-03-15 01:00:00,0.00889999978244304
2022-03-15 02:00:00,0.00889999978244304
2022-03-15 03:00:00,0.00889999978244304
2022-03-15 04:00:00,0.00879999995231628
2022-03-15 05:00:00,0.00879999995231628
2022-03-15 06:00:00,0.00879999995231628
2022-03-15 07:00:00,0.02029999904334545
2022-03-15 08:00:00,0.02029999904334545
2022-03-15 09:00:00,0.02029999904334545
2022-03-15 10:00:00,0.01899999938905239
2022-03-15 11:00:00,0.01899999938905239
2022-03-15 12:00:00,0.01899999938905239
2022-03-15 13:00:00,0.04979999735951423
2022-03-15 14:00:00,0.04979999735951423
2022-03-15 15:00:00,0.04979999735951423
2022-03-15 16:00:00,0.2662999927997589
2022-03-15 17:00:00,0.2662999927997589
2022-03-15 18:00:00,0.2662999927997589
2022-03-15 19:00:00,0.3052999973297119
2022-03-15 20:00:00,0.3052999973297119
2022-03-15 21:00:00,0.3052999973297119
2022-03-15 22:00:00,0.21449999511241913
2022-03-15 23:00:00,0.21449999511241913
2022-03-16 00:00:00,0.21449999511241913
2022-03-16 01:00:00,0.01850000023841858
2022-03-16 02:00:00,0.01850000023841858
2022-03-16 03:00:00,0.01850000023841858
2022-03-16 04:00:00,0.02009999938309192
2022-03-16 05:00:00,0.02009999938309192
2022-03-16 06:00:00,0.02009999938309192
2022-03-16 07:00:00,0.00909999944269657
2022-03-16 08:00:00,0.00909999944269657
2022-03-16 09:00:00,0.00909999944269657
2022-03-16 10:00:00,0.00150000001303851
2022-03-16 11:00:00,0.00150000001303851
2022-03-16 12:00:00,0.00150000001303851
2022-03-16 13:00:00,0.0332999974489212
2022-03-16 14:00:00,0.0332999974489212
2022-03-16 15:00:00,0.0332999974489212
2022-03-16 16:00:00,0.17239999771118164
2022-03-16 17:00:00,0.17239999771118164
2022-03-16 18:00:00,0.17239999771118164
2022-03-16 19:00:00,0.20789998769760132
2022-03-16 20:00:00,0.20789998769760132
2022-03-16 21:00:00,0.20789998769760132
2022-03-16 22:00:00,0.13269999623298645
2022-03-16 23:00:00,0.13269999623298645
2022-03-17 00:00:00,0.13269999623298645
2022-03-17 01:00:00,0.0243999995291233
2022-03-17 02:00:00,0.0243999995291233
2022-03-17 03:00:00,0.0243999995291233
2022-03-17 04:00:00,0.00429999968037009
2022-03-17 05:00:00,0.00429999968037009
2022-03-17 06:00:00,0.00429999968037009
2022-03-17 07:00:00,0.00479999976232647
2022-03-17 08:00:00,0.00479999976232647
2022-03-17 09:00:00,0.00479999976232647
2022-03-17 10:00:00,0.00529999984428286
2022-03-17 11:00:00,0.00529999984428286
2022-03-17 12:00:00,0.00529999984428286
2022-03-17 13:00:00,0.02199999988079071
2022-03-17 14:00:00,0.02199999988079071
2022-03-17 15:00:00,0.02199999988079071
2022-03-17 16:00:00,0.12269999831914902
2022-03-17 17:00:00,0.12269999831914902
2022-03-17 18:00:00,0.12269999831914902
2022-03-17 19:00:00,0.11620000004768372
2022-03-17 20:00:00,0.11620000004768372
2022-03-17 21:00:00,0.11620000004768372
2022-03-17 22:00:00,0.10480000078678132
2022-03-17 23:00:00,0.10480000078678132
2022-03-18 00:00:00,0.10480000078678132
2022-03-18 01:00:00,0.00949999969452619
2022-03-18 02:00:00,0.00949999969452619
2022-03-18 03:00:00,0.00949999969452619
2022-03-18 04:00:00,-0.00630000000819563
2022-03-18 05:00:00,-0.00630000000819563
2022-03-18 06:00:00,-0.00630000000819563
2022-03-18 07:00:00,-0.01189999934285879
2022-03-18 08:00:00,-0.01189999934285879
2022-03-18 09:00:00,-0.01189999934285879
2022-03-18 10:00:00,-0.00740000000223517
2022-03-18 11:00:00,-0.00740000000223517
2022-03-18 12:00:00,-0.00740000000223517
2022-03-18 13:00:00,0.02180000022053718
2022-03-18 14:00:00,0.02180000022053718
2022-03-18 15:00:00,0.02180000022053718
2022-03-18 16:00:00,0.2020999938249588
2022-03-18 17:00:00,0.2020999938249588
2022-03-18 18:00:00,0.2020999938249588
2022-03-18 19:00:00,0.2985999882221222
2022-03-18 20:00:00,0.2985999882221222
2022-03-18 21:00:00,0.2985999882221222
2022-03-18 22:00:00,0.2400999665260315
2022-03-18 23:00:00,0.2400999665260315
2022-03-19 00:00:00,0.2400999665260315
2022-03-19 01:00:00,0.02699999883770942
2022-03-19 02:00:00,0.02699999883770942
2022-03-19 03:00:00,0.02699999883770942
2022-03-19 04:00:00,0.0186999998986721
2022-03-19 05:00:00,0.0186999998986721
2022-03-19 06:00:00,0.0186999998986721
2022-03-19 07:00:00,0.00879999995231628
2022-03-19 08:00:00,0.00879999995231628
2022-03-19 09:00:00,0.00879999995231628
2022-03-19 10:00:00,0.00930000003427267
2022-03-19 11:00:00,0.00930000003427267
2022-03-19 12:00:00,0.00930000003427267
2022-03-19 13:00:00,0.0340999998152256
2022-03-19 14:00:00,0.0340999998152256
2022-03-19 15:00:00,0.0340999998152256
2022-03-19 16:00:00,0.2336999922990799
2022-03-19 17:00:00,0.2336999922990799
2022-03-19 18:00:00,0.2336999922990799
2022-03-19 19:00:00,0.27890002727508545
2022-03-19 20:00:00,0.27890002727508545
2022-03-19 21:00:00,0.27890002727508545
2022-03-19 22:00:00,0.2043999880552292
2022-03-19 23:00:00,0.2043999880552292
2022-03-20 00:00:00,0.2043999880552292
2022-03-20 01:00:00,0.00969999935477972
2022-03-20 02:00:00,0.00969999935477972
2022-03-20 03:00:00,0.00969999935477972
2022-03-20 04:00:00,0.00399999972432851
2022-03-20 05:00:00,0.00399999972432851
2022-03-20 06:00:00,0.00399999972432851
2022-03-20 07:00:00,0.01669999957084655
2022-03-20 08:00:00,0.01669999957084655
2022-03-20 09:00:00,0.01669999957084655
2022-03-20 10:00:00,0.00659999996423721
2022-03-20 11:00:00,0.00659999996423721
2022-03-20 12:00:00,0.00659999996423721
2022-03-20 13:00:00,0.03579999879002571
2022-03-20 14:00:00,0.03579999879002571
2022-03-20 15:00:00,0.03579999879002571
2022-03-20 16:00:00,0.21519999206066132
2022-03-20 17:00:00,0.21519999206066132
2022-03-20 18:00:00,0.21519999206066132
2022-03-20 19:00:00,0.2854999899864197
2022-03-20 20:00:00,0.2854999899864197
2022-03-20 21:00:00,0.2854999899864197
2022-03-20 22:00:00,0.23079998791217804
2022-03-20 23:00:00,0.23079998791217804
2022-03-21 00:00:00,0.23079998791217804
2022-03-21 01:00:00,0.04050000011920929
2022-03-21 02:00:00,0.04050000011920929
2022-03-21 03:00:00,0.04050000011920929
2022-03-21 04:00:00,0.00820000004023313
2022-03-21 05:00:00,0.00820000004023313
2022-03-21 06:00:00,0.00820000004023313
2022-03-21 07:00:00,0.01009999960660934
2022-03-21 08:00:00,0.01009999960660934
2022-03-21 09:00:00,0.01009999960660934
2022-03-21 10:00:00,0.01499999966472387
2022-03-21 11:00:00,0.01499999966472387
2022-03-21 12:00:00,0.01499999966472387
2022-03-21 13:00:00,0.04509999975562095
2022-03-21 14:00:00,0.04509999975562095
2022-03-21 15:00:00,0.04509999975562095
2022-03-21 16:00:00,0.15449999272823334
2022-03-21 17:00:00,0.15449999272823334
2022-03-21 18:00:00,0.15449999272823334
2022-03-21 19:00:00,0.1825999915599823
2022-03-21 20:00:00,0.1825999915599823
2022-03-21 21:00:00,0.1825999915599823
2022-03-21 22:00:00,0.18129999935626984
2022-03-21 23:00:00,0.18129999935626984
2022-03-22 00:00:00,0.18129999935626984
2022-03-22 01:00:00,0.02239997498691082
2022-03-22 02:00:00,0.02239997498691082
2022-03-22 03:00:00,0.02239997498691082
2022-03-22 04:00:00,0.00959999952465295
2022-03-22 05:00:00,0.00959999952465295
2022-03-22 06:00:00,0.00959999952465295
2022-03-22 07:00:00,-0.00359999993816018
2022-03-22 08:00:00,-0.00359999993816018
2022-03-22 09:00:00,-0.00359999993816018
2022-03-22 10:00:00,-0.00549999997019767
2022-03-22 11:00:00,-0.00549999997019767
2022-03-22 12:00:00,-0.00549999997019767
2022-03-22 13:00:00,0.02969999983906746
2022-03-22 14:00:00,0.02969999983906746
2022-03-22 15:00:00,0.02969999983906746
2022-03-22 16:00:00,0.17069999873638153
2022-03-22 17:00:00,0.17069999873638153
2022-03-22 18:00:00,0.17069999873638153
2022-03-22 19:00:00,0.19249996542930603
2022-03-22 20:00:00,0.19249996542930603
2022-03-22 21:00:00,0.19249996542930603
2022-03-22 22:00:00,0.16189999878406525
2022-03-22 23:00:00,0.16189999878406525
2022-03-23 00:00:00,0.16189999878406525
2022-03-23 01:00:00,0.03280000016093254
2022-03-23 02:00:00,0.03280000016093254
2022-03-23 03:00:00,0.03280000016093254
2022-03-23 04:00:00,0.0056999996304512
2022-03-23 05:00:00,0.0056999996304512
2022-03-23 06:00:00,0.0056999996304512
2022-03-23 07:00:00,-1.9999999494757503e-4
2022-03-23 08:00:00,-1.9999999494757503e-4
2022-03-23 09:00:00,-1.9999999494757503e-4
2022-03-23 10:00:00,0.01640000008046627
2022-03-23 11:00:00,0.01640000008046627
2022-03-23 12:00:00,0.01640000008046627
2022-03-23 13:00:00,0.05419999733567238
2022-03-23 14:00:00,0.05419999733567238
2022-03-23 15:00:00,0.05419999733567238
2022-03-23 16:00:00,0.2807999849319458
2022-03-23 17:00:00,0.2807999849319458
2022-03-23 18:00:00,0.2807999849319458
2022-03-23 19:00:00,0.376800000667572
2022-03-23 20:00:00,0.376800000667572
2022-03-23 21:00:00,0.376800000667572
2022-03-23 22:00:00,0.25189998745918274
2022-03-23 23:00:00,0.25189998745918274
2022-03-24 00:00:00,0.25189998745918274
2022-03-24 01:00:00,0.02339999936521053
2022-03-24 02:00:00,0.02339999936521053
2022-03-24 03:00:00,0.02339999936521053
2022-03-24 04:00:00,0.00859997514635324
2022-03-24 05:00:00,0.00859997514635324
2022-03-24 06:00:00,0.00859997514635324
2022-03-24 07:00:00,6.999755860306323e-4
2022-03-24 08:00:00,6.999755860306323e-4
2022-03-24 09:00:00,6.999755860306323e-4
2022-03-24 10:00:00,0.0092000002041459
2022-03-24 11:00:00,0.0092000002041459
2022-03-24 12:00:00,0.0092000002041459
2022-03-24 13:00:00,0.04580000042915344
2022-03-24 14:00:00,0.04580000042915344
2022-03-24 15:00:00,0.04580000042915344
2022-03-24 16:00:00,0.2445999979972839
2022-03-24 17:00:00,0.2445999979972839
2022-03-24 18:00:00,0.2445999979972839
2022-03-24 19:00:00,0.3005000054836273
2022-03-24 20:00:00,0.3005000054836273
2022-03-24 21:00:00,0.3005000054836273
2022-03-24 22:00:00,0.23829999566078183
2022-03-24 23:00:00,0.23829999566078183
2022-03-25 00:00:00,0.23829999566078183
2022-03-25 01:00:00,0.01310000009834766
2022-03-25 02:00:00,0.01310000009834766
2022-03-25 03:00:00,0.01310000009834766
2022-03-25 04:00:00,-0.00889999978244304
2022-03-25 05:00:00,-0.00889999978244304
2022-03-25 06:00:00,-0.00889999978244304
2022-03-25 07:00:00,-0.00839999970048666
2022-03-25 08:00:00,-0.00839999970048666
2022-03-25 09:00:00,-0.00839999970048666
2022-03-25 10:00:00,-0.01359999924898147
2022-03-25 11:00:00,-0.01359999924898147
2022-03-25 12:00:00,-0.01359999924898147
2022-03-25 13:00:00,0.02769999951124191
2022-03-25 14:00:00,0.02769999951124191
2022-03-25 15:00:00,0.02769999951124191
2022-03-25 16:00:00,0.20069999992847443
2022-03-25 17:00:00,0.20069999992847443
2022-03-25 18:00:00,0.20069999992847443
2022-03-25 19:00:00,0.2703000009059906
2022-03-25 20:00:00,0.2703000009059906
2022-03-25 21:00:00,0.2703000009059906
2022-03-25 22:00:00,0.23479999601840973
2022-03-25 23:00:00,0.23479999601840973
2022-03-26 00:00:00,0.23479999601840973
2022-03-26 01:00:00,0.03070000000298023
2022-03-26 02:00:00,0.03070000000298023
2022-03-26 03:00:00,0.03070000000298023
2022-03-26 04:00:00,0.01119999960064888
2022-03-26 05:00:00,0.01119999960064888
2022-03-26 06:00:00,0.01119999960064888
2022-03-26 07:00:00,0.01589999906718731
2022-03-26 08:00:00,0.01589999906718731
2022-03-26 09:00:00,0.01589999906718731
2022-03-26 10:00:00,0.01960000023245811
2022-03-26 11:00:00,0.01960000023245811
2022-03-26 12:00:00,0.01960000023245811
2022-03-26 13:00:00,0.06579999625682831
2022-03-26 14:00:00,0.06579999625682831
2022-03-26 15:00:00,0.06579999625682831
2022-03-26 16:00:00,0.25200000405311584
2022-03-26 17:00:00,0.25200000405311584
2022-03-26 18:00:00,0.25200000405311584
2022-03-26 19:00:00,0.33570000529289246
2022-03-26 20:00:00,0.33570000529289246
2022-03-26 21:00:00,0.33570000529289246
2022-03-26 22:00:00,0.2655999958515167
2022-03-26 23:00:00,0.2655999958515167
2022-03-27 00:00:00,0.2655999958515167
2022-03-27 01:00:00,0.03500000014901161
2022-03-27 02:00:00,0.03500000014901161
2022-03-27 03:00:00,0.03500000014901161
2022-03-27 04:00:00,-0.00309999985620379
2022-03-27 05:00:00,-0.00309999985620379
2022-03-27 06:00:00,-0.00309999985620379
2022-03-27 07:00:00,-0.00419999985024333
2022-03-27 08:00:00,-0.00419999985024333
2022-03-27 09:00:00,-0.00419999985024333
2022-03-27 10:00:00,0.00109999999403953
2022-03-27 11:00:00,0.00109999999403953
2022-03-27 12:00:00,0.00109999999403953
2022-03-27 13:00:00,0.04209999740123749
2022-03-27 14:00:00,0.04209999740123749
2022-03-27 15:00:00,0.04209999740123749
2022-03-27 16:00:00,0.1931999921798706
2022-03-27 17:00:00,0.1931999921798706
2022-03-27 18:00:00,0.1931999921798706
2022-03-27 19:00:00,0.2766999900341034
2022-03-27 20:00:00,0.2766999900341034
2022-03-27 21:00:00,0.2766999900341034
2022-03-27 22:00:00,0.21159999072551727
2022-03-27 23:00:00,0.21159999072551727
2022-03-28 00:00:00,0.21159999072551727
2022-03-28 01:00:00,0.02829999849200248
2022-03-28 02:00:00,0.02829999849200248
2022-03-28 03:00:00,0.02829999849200248
2022-03-28 04:00:00,0.00799999944865703
2022-03-28 05:00:00,0.00799999944865703
2022-03-28 06:00:00,0.00799999944865703
2022-03-28 07:00:00,0.00669999979436397
2022-03-28 08:00:00,0.00669999979436397
2022-03-28 09:00:00,0.00669999979436397
2022-03-28 10:00:00,0.01659999974071979
2022-03-28 11:00:00,0.01659999974071979
2022-03-28 12:00:00,0.01659999974071979
2022-03-28 13:00:00,0.06939999759197235
2022-03-28 14:00:00,0.06939999759197235
2022-03-28 15:00:00,0.06939999759197235
2022-03-28 16:00:00,0.2696000039577484
2022-03-28 17:00:00,0.2696000039577484
2022-03-28 18:00:00,0.2696000039577484
2022-03-28 19:00:00,0.4001999795436859
2022-03-28 20:00:00,0.4001999795436859
2022-03-28 21:00:00,0.4001999795436859
2022-03-28 22:00:00,0.3702999949455261
2022-03-28 23:00:00,0.3702999949455261
2022-03-29 00:00:00,0.3702999949455261
2022-03-29 01:00:00,0.02950000017881393
2022-03-29 02:00:00,0.02950000017881393
2022-03-29 03:00:00,0.02950000017881393
2022-03-29 04:00:00,0.01579999923706054
2022-03-29 05:00:00,0.01579999923706054
2022-03-29 06:00:00,0.01579999923706054
2022-03-29 07:00:00,0.0198999997228384
2022-03-29 08:00:00,0.0198999997228384
2022-03-29 09:00:00,0.0198999997228384
2022-03-29 10:00:00,0.00839999970048666
2022-03-29 11:00:00,0.00839999970048666
2022-03-29 12:00:00,0.00839999970048666
2022-03-29 13:00:00,0.04749999940395355
2022-03-29 14:00:00,0.04749999940395355
2022-03-29 15:00:00,0.04749999940395355
2022-03-29 16:00:00,0.16409999132156372
2022-03-29 17:00:00,0.16409999132156372
2022-03-29 18:00:00,0.16409999132156372
2022-03-29 19:00:00,0.17899999022483826
2022-03-29 20:00:00,0.17899999022483826
2022-03-29 21:00:00,0.17899999022483826
2022-03-29 22:00:00,0.15189999341964722
2022-03-29 23:00:00,0.15189999341964722
2022-03-30 00:00:00,0.15189999341964722
2022-03-30 01:00:00,0.04439999908208847
2022-03-30 02:00:00,0.04439999908208847
2022-03-30 03:00:00,0.04439999908208847
2022-03-30 04:00:00,0.0186999998986721
2022-03-30 05:00:00,0.0186999998986721
2022-03-30 06:00:00,0.0186999998986721
2022-03-30 07:00:00,0.00139999995008111
2022-03-30 08:00:00,0.00139999995008111
2022-03-30 09:00:00,0.00139999995008111
2022-03-30 10:00:00,-0.0044999998062849
2022-03-30 11:00:00,-0.0044999998062849
2022-03-30 12:00:00,-0.0044999998062849
2022-03-30 13:00:00,0.0494999997317791
2022-03-30 14:00:00,0.0494999997317791
2022-03-30 15:00:00,0.0494999997317791
2022-03-30 16:00:00,0.2002999931573868
2022-03-30 17:00:00,0.2002999931573868
2022-03-30 18:00:00,0.2002999931573868
2022-03-30 19:00:00,0.2943999767303467
2022-03-30 20:00:00,0.2943999767303467
2022-03-30 21:00:00,0.2943999767303467
2022-03-30 22:00:00,0.15559999644756317
2022-03-30 23:00:00,0.15559999644756317
2022-03-31 00:00:00,0.15559999644756317
2022-03-31 01:00:00,0.0674000009894371
2022-03-31 02:00:00,0.0674000009894371
2022-03-31 03:00:00,0.0674000009894371
2022-03-31 04:00:00,0.02070000022649765
2022-03-31 05:00:00,0.02070000022649765
2022-03-31 06:00:00,0.02070000022649765
2022-03-31 07:00:00,0.01489999983459711
2022-03-31 08:00:00,0.01489999983459711
2022-03-31 09:00:00,0.01489999983459711
2022-03-31 10:00:00,0.01589999906718731
2022-03-31 11:00:00,0.01589999906718731
2022-03-31 12:00:00,0.01589999906718731
2022-03-31 13:00:00,0.06260000169277191
2022-03-31 14:00:00,0.06260000169277191
2022-03-31 15:00:00,0.06260000169277191
2022-03-31 16:00:00,0.244499996304512
2022-03-31 17:00:00,0.244499996304512
2022-03-31 18:00:00,0.244499996304512
2022-03-31 19:00:00,0.28390002250671387
2022-03-31 20:00:00,0.28390002250671387
2022-03-31 21:00:00,0.28390002250671387
2022-03-31 22:00:00,0.2294999957084656
2022-03-31 23:00:00,0.2294999957084656
2022-04-01 00:00:00,0.2294999957084656
2022-04-01 01:00:00,0.04490000009536743
2022-04-01 02:00:00,0.04490000009536743
2022-04-01 03:00:00,0.04490000009536743
2022-04-01 04:00:00,0.01950000040233135
2022-04-01 05:00:00,0.01950000040233135
2022-04-01 06:00:00,0.01950000040233135
2022-04-01 07:00:00,0.0115999998524785
2022-04-01 08:00:00,0.0115999998524785
2022-04-01 09:00:00,0.0115999998524785
2022-04-01 10:00:00,0.01129999943077564
2022-04-01 11:00:00,0.01129999943077564
2022-04-01 12:00:00,0.01129999943077564
2022-04-01 13:00:00,0.0648999959230423
2022-04-01 14:00:00,0.0648999959230423
2022-04-01 15:00:00,0.0648999959230423
2022-04-01 16:00:00,0.23979999125003815
2022-04-01 17:00:00,0.23979999125003815
2022-04-01 18:00:00,0.23979999125003815
2022-04-01 19:00:00,0.3197000026702881
2022-04-01 20:00:00,0.3197000026702881
2022-04-01 21:00:00,0.3197000026702881
2022-04-01 22:00:00,0.2541999816894531
2022-04-01 23:00:00,0.2541999816894531
2022-04-02 00:00:00,0.2541999816894531
2022-04-02 01:00:00,0.03119999915361404
2022-04-02 02:00:00,0.03119999915361404
2022-04-02 03:00:00,0.03119999915361404
2022-04-02 04:00:00,0.00279999990016222
2022-04-02 05:00:00,0.00279999990016222
2022-04-02 06:00:00,0.00279999990016222
2022-04-02 07:00:00,0.00769999995827674
2022-04-02 08:00:00,0.00769999995827674
2022-04-02 09:00:00,0.00769999995827674
2022-04-02 10:00:00,0.00849999953061342
2022-04-02 11:00:00,0.00849999953061342
2022-04-02 12:00:00,0.00849999953061342
2022-04-02 13:00:00,0.07339999824762344
2022-04-02 14:00:00,0.07339999824762344
2022-04-02 15:00:00,0.07339999824762344
2022-04-02 16:00:00,0.26819998025894165
2022-04-02 17:00:00,0.26819998025894165
2022-04-02 18:00:00,0.26819998025894165
2022-04-02 19:00:00,0.3317999839782715
2022-04-02 20:00:00,0.3317999839782715
2022-04-02 21:00:00,0.3317999839782715
2022-04-02 22:00:00,0.250900000333786
2022-04-02 23:00:00,0.250900000333786
2022-04-03 00:00:00,0.250900000333786
2022-04-03 01:00:00,0.02809999883174896
2022-04-03 02:00:00,0.02809999883174896
2022-04-03 03:00:00,0.02809999883174896
2022-04-03 04:00:00,0.01099999994039535
2022-04-03 05:00:00,0.01099999994039535
2022-04-03 06:00:00,0.01099999994039535
2022-04-03 07:00:00,0.00399999972432851
2022-04-03 08:00:00,0.00399999972432851
2022-04-03 09:00:00,0.00399999972432851
2022-04-03 10:00:00,0.00169999990612268
2022-04-03 11:00:00,0.00169999990612268
2022-04-03 12:00:00,0.00169999990612268
2022-04-03 13:00:00,0.06759999692440033
2022-04-03 14:00:00,0.06759999692440033
2022-04-03 15:00:00,0.06759999692440033
2022-04-03 16:00:00,0.2230999916791916
2022-04-03 17:00:00,0.2230999916791916
2022-04-03 18:00:00,0.2230999916791916
2022-04-03 19:00:00,0.27709999680519104
2022-04-03 20:00:00,0.27709999680519104
2022-04-03 21:00:00,0.27709999680519104
2022-04-03 22:00:00,0.23229999840259552
2022-04-03 23:00:00,0.23229999840259552
2022-04-04 00:00:00,0.23229999840259552
2022-04-04 01:00:00,0.03189999982714653
2022-04-04 02:00:00,0.03189999982714653
2022-04-04 03:00:00,0.03189999982714653
2022-04-04 04:00:00,0.00119999994058161
2022-04-04 05:00:00,0.00119999994058161
2022-04-04 06:00:00,0.00119999994058161
2022-04-04 07:00:00,-0.00349999987520277
2022-04-04 08:00:00,-0.00349999987520277
2022-04-04 09:00:00,-0.00349999987520277
2022-04-04 10:00:00,-0.00589999975636601
2022-04-04 11:00:00,-0.00589999975636601
2022-04-04 12:00:00,-0.00589999975636601
2022-04-04 13:00:00,0.06390000134706497
2022-04-04 14:00:00,0.06390000134706497
2022-04-04 15:00:00,0.06390000134706497
2022-04-04 16:00:00,0.2538999915122986
2022-04-04 17:00:00,0.2538999915122986
2022-04-04 18:00:00,0.2538999915122986
2022-04-04 19:00:00,0.3856000006198883
2022-04-04 20:00:00,0.3856000006198883
2022-04-04 21:00:00,0.3856000006198883
2022-04-04 22:00:00,0.3328999876976013
2022-04-04 23:00:00,0.3328999876976013
2022-04-05 00:00:00,0.3328999876976013
2022-04-05 01:00:00,0.10659999400377274
2022-04-05 02:00:00,0.10659999400377274
2022-04-05 03:00:00,0.10659999400377274
2022-04-05 04:00:00,0.07599999755620956
2022-04-05 05:00:00,0.07599999755620956
2022-04-05 06:00:00,0.07599999755620956
2022-04-05 07:00:00,0.08909999579191208
2022-04-05 08:00:00,0.08909999579191208
2022-04-05 09:00:00,0.08909999579191208
2022-04-05 10:00:00,0.09839999675750732
2022-04-05 11:00:00,0.09839999675750732
2022-04-05 12:00:00,0.09839999675750732
2022-04-05 13:00:00,0.1306999921798706
2022-04-05 14:00:00,0.1306999921798706
2022-04-05 15:00:00,0.1306999921798706
2022-04-05 16:00:00,0.24279999732971191
2022-04-05 17:00:00,0.24279999732971191
2022-04-05 18:00:00,0.24279999732971191
2022-04-05 19:00:00,0.3028999865055084
2022-04-05 20:00:00,0.3028999865055084
2022-04-05 21:00:00,0.3028999865055084
2022-04-05 22:00:00,0.2726999819278717
2022-04-05 23:00:00,0.2726999819278717
2022-04-06 00:00:00,0.2726999819278717
2022-04-06 01:00:00,0.11419999599456788
2022-04-06 02:00:00,0.11419999599456788
2022-04-06 03:00:00,0.11419999599456788
2022-04-06 04:00:00,0.07649999856948853
2022-04-06 05:00:00,0.07649999856948853
2022-04-06 06:00:00,0.07649999856948853
2022-04-06 07:00:00,0.06219999864697456
2022-04-06 08:00:00,0.06219999864697456
2022-04-06 09:00:00,0.06219999864697456
2022-04-06 10:00:00,0.05289999768137932
2022-04-06 11:00:00,0.05289999768137932
2022-04-06 12:00:00,0.05289999768137932
2022-04-06 13:00:00,0.1143999695777893
2022-04-06 14:00:00,0.1143999695777893
2022-04-06 15:00:00,0.1143999695777893
2022-04-06 16:00:00,0.3122999966144562
2022-04-06 17:00:00,0.3122999966144562
2022-04-06 18:00:00,0.3122999966144562
2022-04-06 19:00:00,0.4359999895095825
2022-04-06 20:00:00,0.4359999895095825
2022-04-06 21:00:00,0.4359999895095825
2022-04-06 22:00:00,0.3027999997138977
2022-04-06 23:00:00,0.3027999997138977
2022-04-07 00:00:00,0.3027999997138977
2022-04-07 01:00:00,0.08639999479055405
2022-04-07 02:00:00,0.08639999479055405
2022-04-07 03:00:00,0.08639999479055405
2022-04-07 04:00:00,0.03199999779462814
2022-04-07 05:00:00,0.03199999779462814
2022-04-07 06:00:00,0.03199999779462814
2022-04-07 07:00:00,0.01960000023245811
2022-04-07 08:00:00,0.01960000023245811
2022-04-07 09:00:00,0.01960000023245811
2022-04-07 10:00:00,0.02070000022649765
2022-04-07 11:00:00,0.02070000022649765
2022-04-07 12:00:00,0.02070000022649765
2022-04-07 13:00:00,0.07970000058412552
2022-04-07 14:00:00,0.07970000058412552
2022-04-07 15:00:00,0.07970000058412552
2022-04-07 16:00:00,0.3181000053882599
2022-04-07 17:00:00,0.3181000053882599
2022-04-07 18:00:00,0.3181000053882599
2022-04-07 19:00:00,0.40629997849464417
2022-04-07 20:00:00,0.40629997849464417
2022-04-07 21:00:00,0.40629997849464417
2022-04-07 22:00:00,0.3246999979019165
2022-04-07 23:00:00,0.3246999979019165
2022-04-08 00:00:00,0.3246999979019165
2022-04-08 01:00:00,0.06599999964237213
2022-04-08 02:00:00,0.06599999964237213
2022-04-08 03:00:00,0.06599999964237213
2022-04-08 04:00:00,0.01799999922513961
2022-04-08 05:00:00,0.01799999922513961
2022-04-08 06:00:00,0.01799999922513961
2022-04-08 07:00:00,0.00959999952465295
2022-04-08 08:00:00,0.00959999952465295
2022-04-08 09:00:00,0.00959999952465295
2022-04-08 10:00:00,0.00959999952465295
2022-04-08 11:00:00,0.00959999952465295
2022-04-08 12:00:00,0.00959999952465295
2022-04-08 13:00:00,0.08649999648332596
2022-04-08 14:00:00,0.08649999648332596
2022-04-08 15:00:00,0.08649999648332596
2022-04-08 16:00:00,0.28610000014305115
2022-04-08 17:00:00,0.28610000014305115
2022-04-08 18:00:00,0.28610000014305115
2022-04-08 19:00:00,0.3369999825954437
2022-04-08 20:00:00,0.3369999825954437
2022-04-08 21:00:00,0.3369999825954437
2022-04-08 22:00:00,0.26739999651908875
2022-04-08 23:00:00,0.26739999651908875
2022-04-09 00:00:00,0.26739999651908875
2022-04-09 01:00:00,0.0429999977350235
2022-04-09 02:00:00,0.0429999977350235
2022-04-09 03:00:00,0.0429999977350235
2022-04-09 04:00:00,0.01889999955892563
2022-04-09 05:00:00,0.01889999955892563
2022-04-09 06:00:00,0.01889999955892563
2022-04-09 07:00:00,0.01699999906122684
2022-04-09 08:00:00,0.01699999906122684
2022-04-09 09:00:00,0.01699999906122684
2022-04-09 10:00:00,0.02119999937713146
2022-04-09 11:00:00,0.02119999937713146
2022-04-09 12:00:00,0.02119999937713146
2022-04-09 13:00:00,0.1200999990105629
2022-04-09 14:00:00,0.1200999990105629
2022-04-09 15:00:00,0.1200999990105629
2022-04-09 16:00:00,0.3400000035762787
2022-04-09 17:00:00,0.3400000035762787
2022-04-09 18:00:00,0.3400000035762787
2022-04-09 19:00:00,0.4025000035762787
2022-04-09 20:00:00,0.4025000035762787
2022-04-09 21:00:00,0.4025000035762787
2022-04-09 22:00:00,0.31439998745918274
2022-04-09 23:00:00,0.31439998745918274
2022-04-10 00:00:00,0.31439998745918274
2022-04-10 01:00:00,0.04820000007748604
2022-04-10 02:00:00,0.04820000007748604
2022-04-10 03:00:00,0.04820000007748604
2022-04-10 04:00:00,0.03009999915957451
2022-04-10 05:00:00,0.03009999915957451
2022-04-10 06:00:00,0.03009999915957451
2022-04-10 07:00:00,0.03219999745488167
2022-04-10 08:00:00,0.03219999745488167
2022-04-10 09:00:00,0.03219999745488167
2022-04-10 10:00:00,-0.00499999988824129
2022-04-10 11:00:00,-0.00499999988824129
2022-04-10 12:00:00,-0.00499999988824129
2022-04-10 13:00:00,0.06439999490976334
2022-04-10 14:00:00,0.06439999490976334
2022-04-10 15:00:00,0.06439999490976334
2022-04-10 16:00:00,0.28949999809265137
2022-04-10 17:00:00,0.28949999809265137
2022-04-10 18:00:00,0.28949999809265137
2022-04-10 19:00:00,0.4235999882221222
2022-04-10 20:00:00,0.4235999882221222
2022-04-10 21:00:00,0.4235999882221222
2022-04-10 22:00:00,0.3334999978542328
2022-04-10 23:00:00,0.3334999978542328
2022-04-11 00:00:00,0.3334999978542328
2022-04-11 01:00:00,0.08249999582767487
2022-04-11 02:00:00,0.08249999582767487
2022-04-11 03:00:00,0.08249999582767487
2022-04-11 04:00:00,0.01779999956488609
2022-04-11 05:00:00,0.01779999956488609
2022-04-11 06:00:00,0.01779999956488609
2022-04-11 07:00:00,0.01370000001043081
2022-04-11 08:00:00,0.01370000001043081
2022-04-11 09:00:00,0.01370000001043081
2022-04-11 10:00:00,0.02400000020861625
2022-04-11 11:00:00,0.02400000020861625
2022-04-11 12:00:00,0.02400000020861625
2022-04-11 13:00:00,0.08899999409914017
2022-04-11 14:00:00,0.08899999409914017
2022-04-11 15:00:00,0.08899999409914017
2022-04-11 16:00:00,0.3021000027656555
2022-04-11 17:00:00,0.3021000027656555
2022-04-11 18:00:00,0.3021000027656555
2022-04-11 19:00:00,0.37289997935295105
2022-04-11 20:00:00,0.37289997935295105
2022-04-11 21:00:00,0.37289997935295105
2022-04-11 22:00:00,0.29889997839927673
2022-04-11 23:00:00,0.29889997839927673
2022-04-12 00:00:00,0.29889997839927673
2022-04-12 01:00:00,0.0697999969124794
2022-04-12 02:00:00,0.0697999969124794
2022-04-12 03:00:00,0.0697999969124794
2022-04-12 04:00:00,0.03929999843239784
2022-04-12 05:00:00,0.03929999843239784
2022-04-12 06:00:00,0.03929999843239784
2022-04-12 07:00:00,0.04259999841451645
2022-04-12 08:00:00,0.04259999841451645
2022-04-12 09:00:00,0.04259999841451645
2022-04-12 10:00:00,0.01640000008046627
2022-04-12 11:00:00,0.01640000008046627
2022-04-12 12:00:00,0.01640000008046627
2022-04-12 13:00:00,0.09380000084638596
2022-04-12 14:00:00,0.09380000084638596
2022-04-12 15:00:00,0.09380000084638596
2022-04-12 16:00:00,0.22179999947547913
2022-04-12 17:00:00,0.22179999947547913
2022-04-12 18:00:00,0.22179999947547913
2022-04-12 19:00:00,0.24859999120235443
2022-04-12 20:00:00,0.24859999120235443
2022-04-12 21:00:00,0.24859999120235443
2022-04-12 22:00:00,0.19419999420642853
2022-04-12 23:00:00,0.19419999420642853
2022-04-13 00:00:00,0.19419999420642853
2022-04-13 01:00:00,0.08069999516010284
2022-04-13 02:00:00,0.08069999516010284
2022-04-13 03:00:00,0.08069999516010284
2022-04-13 04:00:00,0.03289999812841415
2022-04-13 05:00:00,0.03289999812841415
2022-04-13 06:00:00,0.03289999812841415
2022-04-13 07:00:00,0.01439999975264072
2022-04-13 08:00:00,0.01439999975264072
2022-04-13 09:00:00,0.01439999975264072
2022-04-13 10:00:00,0.0163000002503395
2022-04-13 11:00:00,0.0163000002503395
2022-04-13 12:00:00,0.0163000002503395
2022-04-13 13:00:00,0.0697999969124794
2022-04-13 14:00:00,0.0697999969124794
2022-04-13 15:00:00,0.0697999969124794
2022-04-13 16:00:00,0.23489999771118164
2022-04-13 17:00:00,0.23489999771118164
2022-04-13 18:00:00,0.23489999771118164
2022-04-13 19:00:00,0.30539998412132263
2022-04-13 20:00:00,0.30539998412132263
2022-04-13 21:00:00,0.30539998412132263
2022-04-13 22:00:00,0.24289999902248385
2022-04-13 23:00:00,0.24289999902248385
2022-04-14 00:00:00,0.24289999902248385
2022-04-14 01:00:00,0.06830000132322311
2022-04-14 02:00:00,0.06830000132322311
2022-04-14 03:00:00,0.06830000132322311
2022-04-14 04:00:00,0.03599999845027923
2022-04-14 05:00:00,0.03599999845027923
2022-04-14 06:00:00,0.03599999845027923
2022-04-14 07:00:00,0.02719999849796295
2022-04-14 08:00:00,0.02719999849796295
2022-04-14 09:00:00,0.02719999849796295
2022-04-14 10:00:00,0.02049999870359897
2022-04-14 11:00:00,0.02049999870359897
2022-04-14 12:00:00,0.02049999870359897
2022-04-14 13:00:00,0.09519999474287032
2022-04-14 14:00:00,0.09519999474287032
2022-04-14 15:00:00,0.09519999474287032
2022-04-14 16:00:00,0.32409998774528503
2022-04-14 17:00:00,0.32409998774528503
2022-04-14 18:00:00,0.32409998774528503
2022-04-14 19:00:00,0.38419997692108154
2022-04-14 20:00:00,0.38419997692108154
2022-04-14 21:00:00,0.38419997692108154
2022-04-14 22:00:00,0.34369999170303345
2022-04-14 23:00:00,0.34369999170303345
2022-04-15 00:00:00,0.34369999170303345
2022-04-15 01:00:00,0.07660000026226044
2022-04-15 02:00:00,0.07660000026226044
2022-04-15 03:00:00,0.07660000026226044
2022-04-15 04:00:00,0.01090000011026859
2022-04-15 05:00:00,0.01090000011026859
2022-04-15 06:00:00,0.01090000011026859
2022-04-15 07:00:00,0.0210999995470047
2022-04-15 08:00:00,0.0210999995470047
2022-04-15 09:00:00,0.0210999995470047
2022-04-15 10:00:00,0.0324999988079071
2022-04-15 11:00:00,0.0324999988079071
2022-04-15 12:00:00,0.0324999988079071
2022-04-15 13:00:00,0.12919999659061432
2022-04-15 14:00:00,0.12919999659061432
2022-04-15 15:00:00,0.12919999659061432
2022-04-15 16:00:00,0.32909998297691345
2022-04-15 17:00:00,0.32909998297691345
2022-04-15 18:00:00,0.32909998297691345
2022-04-15 19:00:00,0.3978999853134155
2022-04-15 20:00:00,0.3978999853134155
2022-04-15 21:00:00,0.3978999853134155
2022-04-15 22:00:00,0.2969000041484833
2022-04-15 23:00:00,0.2969000041484833
2022-04-16 00:00:00,0.2969000041484833
2022-04-16 01:00:00,0.04959999769926071
2022-04-16 02:00:00,0.04959999769926071
2022-04-16 03:00:00,0.04959999769926071
2022-04-16 04:00:00,0
2022-04-16 05:00:00,0
2022-04-16 06:00:00,0
2022-04-16 07:00:00,-0.00429999968037009
2022-04-16 08:00:00,-0.00429999968037009
2022-04-16 09:00:00,-0.00429999968037009
2022-04-16 10:00:00,-0.00109999999403953
2022-04-16 11:00:00,-0.00109999999403953
2022-04-16 12:00:00,-0.00109999999403953
2022-04-16 13:00:00,0.06610000133514404
2022-04-16 14:00:00,0.06610000133514404
2022-04-16 15:00:00,0.06610000133514404
2022-04-16 16:00:00,0.2256999909877777
2022-04-16 17:00:00,0.2256999909877777
2022-04-16 18:00:00,0.2256999909877777
2022-04-16 19:00:00,0.3197999894618988
2022-04-16 20:00:00,0.3197999894618988
2022-04-16 21:00:00,0.3197999894618988
2022-04-16 22:00:00,0.2532999813556671
2022-04-16 23:00:00,0.2532999813556671
2022-04-17 00:00:00,0.2532999813556671
2022-04-17 01:00:00,0.06390000134706497
2022-04-17 02:00:00,0.06390000134706497
2022-04-17 03:00:00,0.06390000134706497
2022-04-17 04:00:00,0.03720000013709068
2022-04-17 05:00:00,0.03720000013709068
2022-04-17 06:00:00,0.03720000013709068
2022-04-17 07:00:00,0.00980000011622905
2022-04-17 08:00:00,0.00980000011622905
2022-04-17 09:00:00,0.00980000011622905
2022-04-17 10:00:00,0.01559999957680702
2022-04-17 11:00:00,0.01559999957680702
2022-04-17 12:00:00,0.01559999957680702
2022-04-17 13:00:00,0.09239999949932098
2022-04-17 14:00:00,0.09239999949932098
2022-04-17 15:00:00,0.09239999949932098
2022-04-17 16:00:00,0.27730000019073486
2022-04-17 17:00:00,0.27730000019073486
2022-04-17 18:00:00,0.27730000019073486
2022-04-17 19:00:00,0.33550000190734863
2022-04-17 20:00:00,0.33550000190734863
2022-04-17 21:00:00,0.33550000190734863
2022-04-17 22:00:00,0.29319998621940613
2022-04-17 23:00:00,0.29319998621940613
2022-04-18 00:00:00,0.29319998621940613
2022-04-18 01:00:00,0.08049999922513962
2022-04-18 02:00:00,0.08049999922513962
2022-04-18 03:00:00,0.08049999922513962
2022-04-18 04:00:00,0.01169999968260526
2022-04-18 05:00:00,0.01169999968260526
2022-04-18 06:00:00,0.01169999968260526
2022-04-18 07:00:00,-0.0063999998383224
2022-04-18 08:00:00,-0.0063999998383224
2022-04-18 09:00:00,-0.0063999998383224
2022-04-18 10:00:00,-0.00879999995231628
2022-04-18 11:00:00,-0.00879999995231628
2022-04-18 12:00:00,-0.00879999995231628
2022-04-18 13:00:00,0.08829999715089798
2022-04-18 14:00:00,0.08829999715089798
2022-04-18 15:00:00,0.08829999715089798
2022-04-18 16:00:00,0.21609999239444733
2022-04-18 17:00:00,0.21609999239444733
2022-04-18 18:00:00,0.21609999239444733
2022-04-18 19:00:00,0.29110002517700195
2022-04-18 20:00:00,0.29110002517700195
2022-04-18 21:00:00,0.29110002517700195
2022-04-18 22:00:00,0.24059998989105225
2022-04-18 23:00:00,0.24059998989105225
2022-04-19 00:00:00,0.24059998989105225
2022-04-19 01:00:00,0.03509999811649322
2022-04-19 02:00:00,0.03509999811649322
2022-04-19 03:00:00,0.03509999811649322
2022-04-19 04:00:00,-0.00239999988116323
2022-04-19 05:00:00,-0.00239999988116323
2022-04-19 06:00:00,-0.00239999988116323
2022-04-19 07:00:00,0.00499999988824129
2022-04-19 08:00:00,0.00499999988824129
2022-04-19 09:00:00,0.00499999988824129
2022-04-19 10:00:00,6.99999975040555e-4
2022-04-19 11:00:00,6.99999975040555e-4
2022-04-19 12:00:00,6.99999975040555e-4
2022-04-19 13:00:00,0.1046999990940094
2022-04-19 14:00:00,0.1046999990940094
2022-04-19 15:00:00,0.1046999990940094
2022-04-19 16:00:00,0.31379997730255127
2022-04-19 17:00:00,0.31379997730255127
2022-04-19 18:00:00,0.31379997730255127
2022-04-19 19:00:00,0.4122999906539917
2022-04-19 20:00:00,0.4122999906539917
2022-04-19 21:00:00,0.4122999906539917
2022-04-19 22:00:00,0.3330000042915344
2022-04-19 23:00:00,0.3330000042915344
2022-04-20 00:00:00,0.3330000042915344
2022-04-20 01:00:00,0.04019997641444206
2022-04-20 02:00:00,0.04019997641444206
2022-04-20 03:00:00,0.04019997641444206
2022-04-20 04:00:00,0.00589999975636601
2022-04-20 05:00:00,0.00589999975636601
2022-04-20 06:00:00,0.00589999975636601
2022-04-20 07:00:00,0.01929999887943267
2022-04-20 08:00:00,0.01929999887943267
2022-04-20 09:00:00,0.01929999887943267
2022-04-20 10:00:00,0.00810000021010637
2022-04-20 11:00:00,0.00810000021010637
2022-04-20 12:00:00,0.00810000021010637
2022-04-20 13:00:00,0.09959999471902849
2022-04-20 14:00:00,0.09959999471902849
2022-04-20 15:00:00,0.09959999471902849
2022-04-20 16:00:00,0.29979997873306274
2022-04-20 17:00:00,0.29979997873306274
2022-04-20 18:00:00,0.29979997873306274
2022-04-20 19:00:00,0.3693999946117401
2022-04-20 20:00:00,0.3693999946117401
2022-04-20 21:00:00,0.3693999946117401
2022-04-20 22:00:00,0.2865000069141388
2022-04-20 23:00:00,0.2865000069141388
2022-04-21 00:00:00,0.2865000069141388
2022-04-21 01:00:00,0.05240000039339065
2022-04-21 02:00:00,0.05240000039339065
2022-04-21 03:00:00,0.05240000039339065
2022-04-21 04:00:00,0.00339997559785842
2022-04-21 05:00:00,0.00339997559785842
2022-04-21 06:00:00,0.00339997559785842
2022-04-21 07:00:00,0.00199999986216425
2022-04-21 08:00:00,0.00199999986216425
2022-04-21 09:00:00,0.00199999986216425
2022-04-21 10:00:00,0.00980000011622905
2022-04-21 11:00:00,0.00980000011622905
2022-04-21 12:00:00,0.00980000011622905
2022-04-21 13:00:00,0.08729999512434006
2022-04-21 14:00:00,0.08729999512434006
2022-04-21 15:00:00,0.08729999512434006
2022-04-21 16:00:00,0.2849999964237213
2022-04-21 17:00:00,0.2849999964237213
2022-04-21 18:00:00,0.2849999964237213
2022-04-21 19:00:00,0.5223999619483948
2022-04-21 20:00:00,0.5223999619483948
2022-04-21 21:00:00,0.5223999619483948
2022-04-21 22:00:00,0.5126999616622925
2022-04-21 23:00:00,0.5126999616622925
2022-04-22 00:00:00,0.5126999616622925
2022-04-22 01:00:00,0.05969999730587005
2022-04-22 02:00:00,0.05969999730587005
2022-04-22 03:00:00,0.05969999730587005
2022-04-22 04:00:00,0.03299999982118606
2022-04-22 05:00:00,0.03299999982118606
2022-04-22 06:00:00,0.03299999982118606
2022-04-22 07:00:00,0.02219999954104423
2022-04-22 08:00:00,0.02219999954104423
2022-04-22 09:00:00,0.02219999954104423
2022-04-22 10:00:00,0.02049999870359897
2022-04-22 11:00:00,0.02049999870359897
2022-04-22 12:00:00,0.02049999870359897
2022-04-22 13:00:00,0.12629999220371246
2022-04-22 14:00:00,0.12629999220371246
2022-04-22 15:00:00,0.12629999220371246
2022-04-22 16:00:00,0.3684999942779541
2022-04-22 17:00:00,0.3684999942779541
2022-04-22 18:00:00,0.3684999942779541
2022-04-22 19:00:00,0.7798999547958374
2022-04-22 20:00:00,0.7798999547958374
2022-04-22 21:00:00,0.7798999547958374
2022-04-22 22:00:00,0.6514999866485596
2022-04-22 23:00:00,0.6514999866485596
2022-04-23 00:00:00,0.6514999866485596
2022-04-23 01:00:00,0.1906999945640564
2022-04-23 02:00:00,0.1906999945640564
2022-04-23 03:00:00,0.1906999945640564
2022-04-23 04:00:00,0.0835999995470047
2022-04-23 05:00:00,0.0835999995470047
2022-04-23 06:00:00,0.0835999995470047
2022-04-23 07:00:00,0.04919999837875366
2022-04-23 08:00:00,0.04919999837875366
2022-04-23 09:00:00,0.04919999837875366
2022-04-23 10:00:00,0.07180000096559525
2022-04-23 11:00:00,0.07180000096559525
2022-04-23 12:00:00,0.07180000096559525
2022-04-23 13:00:00,0.1680999994277954
2022-04-23 14:00:00,0.1680999994277954
2022-04-23 15:00:00,0.1680999994277954
2022-04-23 16:00:00,0.3084999918937683
2022-04-23 17:00:00,0.3084999918937683
2022-04-23 18:00:00,0.3084999918937683
2022-04-23 19:00:00,0.3197999894618988
2022-04-23 20:00:00,0.3197999894618988
2022-04-23 21:00:00,0.3197999894618988
2022-04-23 22:00:00,0.28380000591278076
2022-04-23 23:00:00,0.28380000591278076
2022-04-24 00:00:00,0.28380000591278076
2022-04-24 01:00:00,0.09380000084638596
2022-04-24 02:00:00,0.09380000084638596
2022-04-24 03:00:00,0.09380000084638596
2022-04-24 04:00:00,0.00959999952465295
2022-04-24 05:00:00,0.00959999952465295
2022-04-24 06:00:00,0.00959999952465295
2022-04-24 07:00:00,0.00889999978244304
2022-04-24 08:00:00,0.00889999978244304
2022-04-24 09:00:00,0.00889999978244304
2022-04-24 10:00:00,-0.00230000005103647
2022-04-24 11:00:00,-0.00230000005103647
2022-04-24 12:00:00,-0.00230000005103647
2022-04-24 13:00:00,0.07490000128746033
2022-04-24 14:00:00,0.07490000128746033
2022-04-24 15:00:00,0.07490000128746033
2022-04-24 16:00:00,0.18129999935626984
2022-04-24 17:00:00,0.18129999935626984
2022-04-24 18:00:00,0.18129999935626984
2022-04-24 19:00:00,0.17059999704360962
2022-04-24 20:00:00,0.17059999704360962
2022-04-24 21:00:00,0.17059999704360962
2022-04-24 22:00:00,0.21559999883174896
2022-04-24 23:00:00,0.21559999883174896
2022-04-25 00:00:00,0.21559999883174896
2022-04-25 01:00:00,0.06969999521970749
2022-04-25 02:00:00,0.06969999521970749
2022-04-25 03:00:00,0.06969999521970749
2022-04-25 04:00:00,0.01789999939501285
2022-04-25 05:00:00,0.01789999939501285
2022-04-25 06:00:00,0.01789999939501285
2022-04-25 07:00:00,0.00890002399682998
2022-04-25 08:00:00,0.00890002399682998
2022-04-25 09:00:00,0.00890002399682998
2022-04-25 10:00:00,0.01150000002235174
2022-04-25 11:00:00,0.01150000002235174
2022-04-25 12:00:00,0.01150000002235174
2022-04-25 13:00:00,0.06589999794960022
2022-04-25 14:00:00,0.06589999794960022
2022-04-25 15:00:00,0.06589999794960022
2022-04-25 16:00:00,0.21319998800754547
2022-04-25 17:00:00,0.21319998800754547
2022-04-25 18:00:00,0.21319998800754547
2022-04-25 19:00:00,0.2847999930381775
2022-04-25 20:00:00,0.2847999930381775
2022-04-25 21:00:00,0.2847999930381775
2022-04-25 22:00:00,0.226700022816658
2022-04-25 23:00:00,0.226700022816658
2022-04-26 00:00:00,0.226700022816658
2022-04-26 01:00:00,0.0510999970138073
2022-04-26 02:00:00,0.0510999970138073
2022-04-26 03:00:00,0.0510999970138073
2022-04-26 04:00:00,0.00669997557997703
2022-04-26 05:00:00,0.00669997557997703
2022-04-26 06:00:00,0.00669997557997703
2022-04-26 07:00:00,0.00740000000223517
2022-04-26 08:00:00,0.00740000000223517
2022-04-26 09:00:00,0.00740000000223517
2022-04-26 10:00:00,0.01099999994039535
2022-04-26 11:00:00,0.01099999994039535
2022-04-26 12:00:00,0.01099999994039535
2022-04-26 13:00:00,0.13130000233650208
2022-04-26 14:00:00,0.13130000233650208
2022-04-26 15:00:00,0.13130000233650208
2022-04-26 16:00:00,0.3199000060558319
2022-04-26 17:00:00,0.3199000060558319
2022-04-26 18:00:00,0.3199000060558319
2022-04-26 19:00:00,0.3789999783039093
2022-04-26 20:00:00,0.3789999783039093
2022-04-26 21:00:00,0.3789999783039093
2022-04-26 22:00:00,0.3252999782562256
2022-04-26 23:00:00,0.3252999782562256
2022-04-27 00:00:00,0.3252999782562256
2022-04-27 01:00:00,0.04230000078678131
2022-04-27 02:00:00,0.04230000078678131
2022-04-27 03:00:00,0.04230000078678131
2022-04-27 04:00:00,0.01059999968856573
2022-04-27 05:00:00,0.01059999968856573
2022-04-27 06:00:00,0.01059999968856573
2022-04-27 07:00:00,0.00410000002011656
2022-04-27 08:00:00,0.00410000002011656
2022-04-27 09:00:00,0.00410000002011656
2022-04-27 10:00:00,-0.00189999991562217
2022-04-27 11:00:00,-0.00189999991562217
2022-04-27 12:00:00,-0.00189999991562217
2022-04-27 13:00:00,0.08329999446868896
2022-04-27 14:00:00,0.08329999446868896
2022-04-27 15:00:00,0.08329999446868896
2022-04-27 16:00:00,0.2874999940395355
2022-04-27 17:00:00,0.2874999940395355
2022-04-27 18:00:00,0.2874999940395355
2022-04-27 19:00:00,0.3694999814033508
2022-04-27 20:00:00,0.3694999814033508
2022-04-27 21:00:00,0.3694999814033508
2022-04-27 22:00:00,0.3391999900341034
2022-04-27 23:00:00,0.3391999900341034
2022-04-28 00:00:00,0.3391999900341034
2022-04-28 01:00:00,0.05900000035762787
2022-04-28 02:00:00,0.05900000035762787
2022-04-28 03:00:00,0.05900000035762787
2022-04-28 04:00:00,0.01359999924898147
2022-04-28 05:00:00,0.01359999924898147
2022-04-28 06:00:00,0.01359999924898147
2022-04-28 07:00:00,0.02879999950528145
2022-04-28 08:00:00,0.02879999950528145
2022-04-28 09:00:00,0.02879999950528145
2022-04-28 10:00:00,0.01459999941289424
2022-04-28 11:00:00,0.01459999941289424
2022-04-28 12:00:00,0.01459999941289424
2022-04-28 13:00:00,0.07919999957084656
2022-04-28 14:00:00,0.07919999957084656
2022-04-28 15:00:00,0.07919999957084656
2022-04-28 16:00:00,0.2883000075817108
2022-04-28 17:00:00,0.2883000075817108
2022-04-28 18:00:00,0.2883000075817108
2022-04-28 19:00:00,0.3743999898433686
2022-04-28 20:00:00,0.3743999898433686
2022-04-28 21:00:00,0.3743999898433686
2022-04-28 22:00:00,0.4630999863147736
2022-04-28 23:00:00,0.4630999863147736
2022-04-29 00:00:00,0.4630999863147736
2022-04-29 01:00:00,0.1233999952673912
2022-04-29 02:00:00,0.1233999952673912
2022-04-29 03:00:00,0.1233999952673912
2022-04-29 04:00:00,0.03009999915957451
2022-04-29 05:00:00,0.03009999915957451
2022-04-29 06:00:00,0.03009999915957451
2022-04-29 07:00:00,0.0142000000923872
2022-04-29 08:00:00,0.0142000000923872
2022-04-29 09:00:00,0.0142000000923872
2022-04-29 10:00:00,0.03350000083446503
2022-04-29 11:00:00,0.03350000083446503
2022-04-29 12:00:00,0.03350000083446503
2022-04-29 13:00:00,0.2222999930381775
2022-04-29 14:00:00,0.2222999930381775
2022-04-29 15:00:00,0.2222999930381775
2022-04-29 16:00:00,0.4301999807357788
2022-04-29 17:00:00,0.4301999807357788
2022-04-29 18:00:00,0.4301999807357788
2022-04-29 19:00:00,0.4477999806404114
2022-04-29 20:00:00,0.4477999806404114
2022-04-29 21:00:00,0.4477999806404114
2022-04-29 22:00:00,0.4079999923706054
2022-04-29 23:00:00,0.4079999923706054
2022-04-30 00:00:00,0.4079999923706054
2022-04-30 01:00:00,0.14890000224113464
2022-04-30 02:00:00,0.14890000224113464
2022-04-30 03:00:00,0.14890000224113464
2022-04-30 04:00:00,0.06159999966621399
2022-04-30 05:00:00,0.06159999966621399
2022-04-30 06:00:00,0.06159999966621399
2022-04-30 07:00:00,0.04779999703168869
2022-04-30 08:00:00,0.04779999703168869
2022-04-30 09:00:00,0.04779999703168869
2022-04-30 10:00:00,0.02099999971687793
2022-04-30 11:00:00,0.02099999971687793
2022-04-30 12:00:00,0.02099999971687793
2022-04-30 13:00:00,0.1348000019788742
2022-04-30 14:00:00,0.1348000019788742
2022-04-30 15:00:00,0.1348000019788742
2022-04-30 16:00:00,0.3215000033378601
2022-04-30 17:00:00,0.3215000033378601
2022-04-30 18:00:00,0.3215000033378601
2022-04-30 19:00:00,0.4968999922275543
2022-04-30 20:00:00,0.4968999922275543
2022-04-30 21:00:00,0.4968999922275543
2022-04-30 22:00:00,0.4396999776363373
2022-04-30 23:00:00,0.4396999776363373
2022-05-01 00:00:00,0.4396999776363373
2022-05-01 01:00:00,0.05879999697208404
2022-05-01 02:00:00,0.05879999697208404
2022-05-01 03:00:00,0.05879999697208404
2022-05-01 04:00:00,0.0092000002041459
2022-05-01 05:00:00,0.0092000002041459
2022-05-01 06:00:00,0.0092000002041459
2022-05-01 07:00:00,0.00479999976232647
2022-05-01 08:00:00,0.00479999976232647
2022-05-01 09:00:00,0.00479999976232647
2022-05-01 10:00:00,0.00179999996908009
2022-05-01 11:00:00,0.00179999996908009
2022-05-01 12:00:00,0.00179999996908009
2022-05-01 13:00:00,0.11180000007152556
2022-05-01 14:00:00,0.11180000007152556
2022-05-01 15:00:00,0.11180000007152556
2022-05-01 16:00:00,0.27539998292922974
2022-05-01 17:00:00,0.27539998292922974
2022-05-01 18:00:00,0.27539998292922974
2022-05-01 19:00:00,0.3352999985218048
2022-05-01 20:00:00,0.3352999985218048
2022-05-01 21:00:00,0.3352999985218048
2022-05-01 22:00:00,0.4324999749660492
2022-05-01 23:00:00,0.4324999749660492
2022-05-02 00:00:00,0.4324999749660492
2022-05-02 01:00:00,0.09209999442100524
2022-05-02 02:00:00,0.09209999442100524
2022-05-02 03:00:00,0.09209999442100524
2022-05-02 04:00:00,0.07109999656677246
2022-05-02 05:00:00,0.07109999656677246
2022-05-02 06:00:00,0.07109999656677246
2022-05-02 07:00:00,0.00269999983720481
2022-05-02 08:00:00,0.00269999983720481
2022-05-02 09:00:00,0.00269999983720481
2022-05-02 10:00:00,-0.00189999991562217
2022-05-02 11:00:00,-0.00189999991562217
2022-05-02 12:00:00,-0.00189999991562217
2022-05-02 13:00:00,0.08060000091791153
2022-05-02 14:00:00,0.08060000091791153
2022-05-02 15:00:00,0.08060000091791153
2022-05-02 16:00:00,0.16439999639987946
2022-05-02 17:00:00,0.16439999639987946
2022-05-02 18:00:00,0.16439999639987946
2022-05-02 19:00:00,0.16740000247955322
2022-05-02 20:00:00,0.16740000247955322
2022-05-02 21:00:00,0.16740000247955322
2022-05-02 22:00:00,0.16129998862743378
2022-05-02 23:00:00,0.16129998862743378
2022-05-03 00:00:00,0.16129998862743378
2022-05-03 01:00:00,0.02879999950528145
2022-05-03 02:00:00,0.02879999950528145
2022-05-03 03:00:00,0.02879999950528145
2022-05-03 04:00:00,-0.0104000000283122
2022-05-03 05:00:00,-0.0104000000283122
2022-05-03 06:00:00,-0.0104000000283122
2022-05-03 07:00:00,-0.01150000002235174
2022-05-03 08:00:00,-0.01150000002235174
2022-05-03 09:00:00,-0.01150000002235174
2022-05-03 10:00:00,-0.00769999995827674
2022-05-03 11:00:00,-0.00769999995827674
2022-05-03 12:00:00,-0.00769999995827674
2022-05-03 13:00:00,0.08639999479055405
2022-05-03 14:00:00,0.08639999479055405
2022-05-03 15:00:00,0.08639999479055405
2022-05-03 16:00:00,0.23569996654987335
2022-05-03 17:00:00,0.23569996654987335
2022-05-03 18:00:00,0.23569996654987335
2022-05-03 19:00:00,0.44369998574256897
2022-05-03 20:00:00,0.44369998574256897
2022-05-03 21:00:00,0.44369998574256897
2022-05-03 22:00:00,0.4569000005722046
2022-05-03 23:00:00,0.4569000005722046
2022-05-04 00:00:00,0.4569000005722046
2022-05-04 01:00:00,0.07119999825954437
2022-05-04 02:00:00,0.07119999825954437
2022-05-04 03:00:00,0.07119999825954437
2022-05-04 04:00:00,0.00839999970048666
2022-05-04 05:00:00,0.00839999970048666
2022-05-04 06:00:00,0.00839999970048666
2022-05-04 07:00:00,0.00600000005215406
2022-05-04 08:00:00,0.00600000005215406
2022-05-04 09:00:00,0.00600000005215406
2022-05-04 10:00:00,-0.0127999996766448
2022-05-04 11:00:00,-0.0127999996766448
2022-05-04 12:00:00,-0.0127999996766448
2022-05-04 13:00:00,0.04380000010132789
2022-05-04 14:00:00,0.04380000010132789
2022-05-04 15:00:00,0.04380000010132789
2022-05-04 16:00:00,0.13849999010562897
2022-05-04 17:00:00,0.13849999010562897
2022-05-04 18:00:00,0.13849999010562897
2022-05-04 19:00:00,0.19020000100135803
2022-05-04 20:00:00,0.19020000100135803
2022-05-04 21:00:00,0.19020000100135803
2022-05-04 22:00:00,0.18119999766349792
2022-05-04 23:00:00,0.18119999766349792
2022-05-05 00:00:00,0.18119999766349792
2022-05-05 01:00:00,0.04930000007152557
2022-05-05 02:00:00,0.04930000007152557
2022-05-05 03:00:00,0.04930000007152557
2022-05-05 04:00:00,0.01769999973475933
2022-05-05 05:00:00,0.01769999973475933
2022-05-05 06:00:00,0.01769999973475933
2022-05-05 07:00:00,0.01840000040829181
2022-05-05 08:00:00,0.01840000040829181
2022-05-05 09:00:00,0.01840000040829181
2022-05-05 10:00:00,0.01919999904930591
2022-05-05 11:00:00,0.01919999904930591
2022-05-05 12:00:00,0.01919999904930591
2022-05-05 13:00:00,0.07649999856948853
2022-05-05 14:00:00,0.07649999856948853
2022-05-05 15:00:00,0.07649999856948853
2022-05-05 16:00:00,0.23829999566078183
2022-05-05 17:00:00,0.23829999566078183
2022-05-05 18:00:00,0.23829999566078183
2022-05-05 19:00:00,0.4302999973297119
2022-05-05 20:00:00,0.4302999973297119
2022-05-05 21:00:00,0.4302999973297119
2022-05-05 22:00:00,0.4724999964237213
2022-05-05 23:00:00,0.4724999964237213
2022-05-06 00:00:00,0.4724999964237213
2022-05-06 01:00:00,0.05399999767541885
2022-05-06 02:00:00,0.05399999767541885
2022-05-06 03:00:00,0.05399999767541885
2022-05-06 04:00:00,0.01239999942481517
2022-05-06 05:00:00,0.01239999942481517
2022-05-06 06:00:00,0.01239999942481517
2022-05-06 07:00:00,0.01840000040829181
2022-05-06 08:00:00,0.01840000040829181
2022-05-06 09:00:00,0.01840000040829181
2022-05-06 10:00:00,0.02449999935925007
2022-05-06 11:00:00,0.02449999935925007
2022-05-06 12:00:00,0.02449999935925007
2022-05-06 13:00:00,0.1550000011920929
2022-05-06 14:00:00,0.1550000011920929
2022-05-06 15:00:00,0.1550000011920929
2022-05-06 16:00:00,0.33469998836517334
2022-05-06 17:00:00,0.33469998836517334
2022-05-06 18:00:00,0.33469998836517334
2022-05-06 19:00:00,0.7353999614715576
2022-05-06 20:00:00,0.7353999614715576
2022-05-06 21:00:00,0.7353999614715576
2022-05-06 22:00:00,0.6028000116348267
2022-05-06 23:00:00,0.6028000116348267
2022-05-07 00:00:00,0.6028000116348267
2022-05-07 01:00:00,0.07559999823570251
2022-05-07 02:00:00,0.07559999823570251
2022-05-07 03:00:00,0.07559999823570251
2022-05-07 04:00:00,0.02649997547268867
2022-05-07 05:00:00,0.02649997547268867
2022-05-07 06:00:00,0.02649997547268867
2022-05-07 07:00:00,0.02339999936521053
2022-05-07 08:00:00,0.02339999936521053
2022-05-07 09:00:00,0.02339999936521053
2022-05-07 10:00:00,0.02719999849796295
2022-05-07 11:00:00,0.02719999849796295
2022-05-07 12:00:00,0.02719999849796295
2022-05-07 13:00:00,0.15680000185966492
2022-05-07 14:00:00,0.15680000185966492
2022-05-07 15:00:00,0.15680000185966492
2022-05-07 16:00:00,0.43549999594688416
2022-05-07 17:00:00,0.43549999594688416
2022-05-07 18:00:00,0.43549999594688416
2022-05-07 19:00:00,0.8848999738693237
2022-05-07 20:00:00,0.8848999738693237
2022-05-07 21:00:00,0.8848999738693237
2022-05-07 22:00:00,0.6868999600410461
2022-05-07 23:00:00,0.6868999600410461
2022-05-08 00:00:00,0.6868999600410461
2022-05-08 01:00:00,0.19029998779296875
2022-05-08 02:00:00,0.19029998779296875
2022-05-08 03:00:00,0.19029998779296875
2022-05-08 04:00:00,0.05580002442002296
2022-05-08 05:00:00,0.05580002442002296
2022-05-08 06:00:00,0.05580002442002296
2022-05-08 07:00:00,0.03869999945163727
2022-05-08 08:00:00,0.03869999945163727
2022-05-08 09:00:00,0.03869999945163727
2022-05-08 10:00:00,0.02639997564256191
2022-05-08 11:00:00,0.02639997564256191
2022-05-08 12:00:00,0.02639997564256191
2022-05-08 13:00:00,0.16290000081062317
2022-05-08 14:00:00,0.16290000081062317
2022-05-08 15:00:00,0.16290000081062317
2022-05-08 16:00:00,0.515999972820282
2022-05-08 17:00:00,0.515999972820282
2022-05-08 18:00:00,0.515999972820282
2022-05-08 19:00:00,0.7419999837875366
2022-05-08 20:00:00,0.7419999837875366
2022-05-08 21:00:00,0.7419999837875366
2022-05-08 22:00:00,0.6051999926567078
2022-05-08 23:00:00,0.6051999926567078
2022-05-09 00:00:00,0.6051999926567078
2022-05-09 01:00:00,0.2069000005722046
2022-05-09 02:00:00,0.2069000005722046
2022-05-09 03:00:00,0.2069000005722046
2022-05-09 04:00:00,0.1039999946951866
2022-05-09 05:00:00,0.1039999946951866
2022-05-09 06:00:00,0.1039999946951866
2022-05-09 07:00:00,0.09349999576807022
2022-05-09 08:00:00,0.09349999576807022
2022-05-09 09:00:00,0.09349999576807022
2022-05-09 10:00:00,0.0794999971985817
2022-05-09 11:00:00,0.0794999971985817
2022-05-09 12:00:00,0.0794999971985817
2022-05-09 13:00:00,0.2361999899148941
2022-05-09 14:00:00,0.2361999899148941
2022-05-09 15:00:00,0.2361999899148941
2022-05-09 16:00:00,0.5947999954223633
2022-05-09 17:00:00,0.5947999954223633
2022-05-09 18:00:00,0.5947999954223633
2022-05-09 19:00:00,0.7651999592781067
2022-05-09 20:00:00,0.7651999592781067
2022-05-09 21:00:00,0.7651999592781067
2022-05-09 22:00:00,0.5819000005722046
2022-05-09 23:00:00,0.5819000005722046
2022-05-10 00:00:00,0.5819000005722046
2022-05-10 01:00:00,0.12559999525547028
2022-05-10 02:00:00,0.12559999525547028
2022-05-10 03:00:00,0.12559999525547028
2022-05-10 04:00:00,0.02850000001490116
2022-05-10 05:00:00,0.02850000001490116
2022-05-10 06:00:00,0.02850000001490116
2022-05-10 07:00:00,0.0230999756604433
2022-05-10 08:00:00,0.0230999756604433
2022-05-10 09:00:00,0.0230999756604433
2022-05-10 10:00:00,0.0071000000461936
2022-05-10 11:00:00,0.0071000000461936
2022-05-10 12:00:00,0.0071000000461936
2022-05-10 13:00:00,0.1818999946117401
2022-05-10 14:00:00,0.1818999946117401
2022-05-10 15:00:00,0.1818999946117401
2022-05-10 16:00:00,0.5583999752998352
2022-05-10 17:00:00,0.5583999752998352
2022-05-10 18:00:00,0.5583999752998352
2022-05-10 19:00:00,0.770799994468689
2022-05-10 20:00:00,0.770799994468689
2022-05-10 21:00:00,0.770799994468689
2022-05-10 22:00:00,0.5823000073432922
2022-05-10 23:00:00,0.5823000073432922
2022-05-11 00:00:00,0.5823000073432922
2022-05-11 01:00:00,0.13199999928474426
2022-05-11 02:00:00,0.13199999928474426
2022-05-11 03:00:00,0.13199999928474426
2022-05-11 04:00:00,0.02479999884963035
2022-05-11 05:00:00,0.02479999884963035
2022-05-11 06:00:00,0.02479999884963035
2022-05-11 07:00:00,0.02080000005662441
2022-05-11 08:00:00,0.02080000005662441
2022-05-11 09:00:00,0.02080000005662441
2022-05-11 10:00:00,0.01599999889731407
2022-05-11 11:00:00,0.01599999889731407
2022-05-11 12:00:00,0.01599999889731407
2022-05-11 13:00:00,0.2533999979496002
2022-05-11 14:00:00,0.2533999979496002
2022-05-11 15:00:00,0.2533999979496002
2022-05-11 16:00:00,0.715999960899353
2022-05-11 17:00:00,0.715999960899353
2022-05-11 18:00:00,0.715999960899353
2022-05-11 19:00:00,0.9018999934196472
2022-05-11 20:00:00,0.9018999934196472
2022-05-11 21:00:00,0.9018999934196472
2022-05-11 22:00:00,0.7145999670028687
2022-05-11 23:00:00,0.7145999670028687
2022-05-12 00:00:00,0.7145999670028687
2022-05-12 01:00:00,0.21819999814033508
2022-05-12 02:00:00,0.21819999814033508
2022-05-12 03:00:00,0.21819999814033508
2022-05-12 04:00:00,0.06509999930858612
2022-05-12 05:00:00,0.06509999930858612
2022-05-12 06:00:00,0.06509999930858612
2022-05-12 07:00:00,0.04470000043511391
2022-05-12 08:00:00,0.04470000043511391
2022-05-12 09:00:00,0.04470000043511391
2022-05-12 10:00:00,0.03480000048875809
2022-05-12 11:00:00,0.03480000048875809
2022-05-12 12:00:00,0.03480000048875809
2022-05-12 13:00:00,0.2791999876499176
2022-05-12 14:00:00,0.2791999876499176
2022-05-12 15:00:00,0.2791999876499176
2022-05-12 16:00:00,0.7071999907493591
2022-05-12 17:00:00,0.7071999907493591
2022-05-12 18:00:00,0.7071999907493591
2022-05-12 19:00:00,0.8086000084877014
2022-05-12 20:00:00,0.8086000084877014
2022-05-12 21:00:00,0.8086000084877014
2022-05-12 22:00:00,0.5819000005722046
2022-05-12 23:00:00,0.5819000005722046
2022-05-13 00:00:00,0.5819000005722046
2022-05-13 01:00:00,0.20960000157356265
2022-05-13 02:00:00,0.20960000157356265
2022-05-13 03:00:00,0.20960000157356265
2022-05-13 04:00:00,0.06700000166893005
2022-05-13 05:00:00,0.06700000166893005
2022-05-13 06:00:00,0.06700000166893005
2022-05-13 07:00:00,0.06889999657869339
2022-05-13 08:00:00,0.06889999657869339
2022-05-13 09:00:00,0.06889999657869339
2022-05-13 10:00:00,0.05309999734163284
2022-05-13 11:00:00,0.05309999734163284
2022-05-13 12:00:00,0.05309999734163284
2022-05-13 13:00:00,0.23279999196529388
2022-05-13 14:00:00,0.23279999196529388
2022-05-13 15:00:00,0.23279999196529388
2022-05-13 16:00:00,0.6310999989509583
2022-05-13 17:00:00,0.6310999989509583
2022-05-13 18:00:00,0.6310999989509583
2022-05-13 19:00:00,0.7815999984741211
2022-05-13 20:00:00,0.7815999984741211
2022-05-13 21:00:00,0.7815999984741211
2022-05-13 22:00:00,0.5954999923706055
2022-05-13 23:00:00,0.5954999923706055
2022-05-14 00:00:00,0.5954999923706055
2022-05-14 01:00:00,0.10329999774694444
2022-05-14 02:00:00,0.10329999774694444
2022-05-14 03:00:00,0.10329999774694444
2022-05-14 04:00:00,0.02759999968111515
2022-05-14 05:00:00,0.02759999968111515
2022-05-14 06:00:00,0.02759999968111515
2022-05-14 07:00:00,0.02410000003874302
2022-05-14 08:00:00,0.02410000003874302
2022-05-14 09:00:00,0.02410000003874302
2022-05-14 10:00:00,0.02730000019073486
2022-05-14 11:00:00,0.02730000019073486
2022-05-14 12:00:00,0.02730000019073486
2022-05-14 13:00:00,0.15850000083446503
2022-05-14 14:00:00,0.15850000083446503
2022-05-14 15:00:00,0.15850000083446503
2022-05-14 16:00:00,0.3585999608039856
2022-05-14 17:00:00,0.3585999608039856
2022-05-14 18:00:00,0.3585999608039856
2022-05-14 19:00:00,0.7793999910354614
2022-05-14 20:00:00,0.7793999910354614
2022-05-14 21:00:00,0.7793999910354614
2022-05-14 22:00:00,0.6435999870300293
2022-05-14 23:00:00,0.6435999870300293
2022-05-15 00:00:00,0.6435999870300293
2022-05-15 01:00:00,0.15219996869564056
2022-05-15 02:00:00,0.15219996869564056
2022-05-15 03:00:00,0.15219996869564056
2022-05-15 04:00:00,0.02999999932944774
2022-05-15 05:00:00,0.02999999932944774
2022-05-15 06:00:00,0.02999999932944774
2022-05-15 07:00:00,0.01909999921917915
2022-05-15 08:00:00,0.01909999921917915
2022-05-15 09:00:00,0.01909999921917915
2022-05-15 10:00:00,0.01299999933689832
2022-05-15 11:00:00,0.01299999933689832
2022-05-15 12:00:00,0.01299999933689832
2022-05-15 13:00:00,0.18529999256134033
2022-05-15 14:00:00,0.18529999256134033
2022-05-15 15:00:00,0.18529999256134033
2022-05-15 16:00:00,0.5911999940872192
2022-05-15 17:00:00,0.5911999940872192
2022-05-15 18:00:00,0.5911999940872192
2022-05-15 19:00:00,0.8007999658584595
2022-05-15 20:00:00,0.8007999658584595
2022-05-15 21:00:00,0.8007999658584595
2022-05-15 22:00:00,0.6424999833106995
2022-05-15 23:00:00,0.6424999833106995
2022-05-16 00:00:00,0.6424999833106995
2022-05-16 01:00:00,0.14839999377727509
2022-05-16 02:00:00,0.14839999377727509
2022-05-16 03:00:00,0.14839999377727509
2022-05-16 04:00:00,0.02159999869763851
2022-05-16 05:00:00,0.02159999869763851
2022-05-16 06:00:00,0.02159999869763851
2022-05-16 07:00:00,0.01079999934881925
2022-05-16 08:00:00,0.01079999934881925
2022-05-16 09:00:00,0.01079999934881925
2022-05-16 10:00:00,0.00460000010207295
2022-05-16 11:00:00,0.00460000010207295
2022-05-16 12:00:00,0.00460000010207295
2022-05-16 13:00:00,0.19990000128746033
2022-05-16 14:00:00,0.19990000128746033
2022-05-16 15:00:00,0.19990000128746033
2022-05-16 16:00:00,0.6407999992370605
2022-05-16 17:00:00,0.6407999992370605
2022-05-16 18:00:00,0.6407999992370605
2022-05-16 19:00:00,0.8780999779701233
2022-05-16 20:00:00,0.8780999779701233
2022-05-16 21:00:00,0.8780999779701233
2022-05-16 22:00:00,0.6830999851226807
2022-05-16 23:00:00,0.6830999851226807
2022-05-17 00:00:00,0.6830999851226807
2022-05-17 01:00:00,0.17440000176429749
2022-05-17 02:00:00,0.17440000176429749
2022-05-17 03:00:00,0.17440000176429749
2022-05-17 04:00:00,0.02779999934136867
2022-05-17 05:00:00,0.02779999934136867
2022-05-17 06:00:00,0.02779999934136867
2022-05-17 07:00:00,0.03039999864995479
2022-05-17 08:00:00,0.03039999864995479
2022-05-17 09:00:00,0.03039999864995479
2022-05-17 10:00:00,0.03929999843239784
2022-05-17 11:00:00,0.03929999843239784
2022-05-17 12:00:00,0.03929999843239784
2022-05-17 13:00:00,0.26569998264312744
2022-05-17 14:00:00,0.26569998264312744
2022-05-17 15:00:00,0.26569998264312744
2022-05-17 16:00:00,0.7269999980926514
2022-05-17 17:00:00,0.7269999980926514
2022-05-17 18:00:00,0.7269999980926514
2022-05-17 19:00:00,0.9409999847412108
2022-05-17 20:00:00,0.9409999847412108
2022-05-17 21:00:00,0.9409999847412108
2022-05-17 22:00:00,0.6739000082015991
2022-05-17 23:00:00,0.6739000082015991
2022-05-18 00:00:00,0.6739000082015991
2022-05-18 01:00:00,0.1826999932527542
2022-05-18 02:00:00,0.1826999932527542
2022-05-18 03:00:00,0.1826999932527542
2022-05-18 04:00:00,0.02939999848604202
2022-05-18 05:00:00,0.02939999848604202
2022-05-18 06:00:00,0.02939999848604202
2022-05-18 07:00:00,0.00999999977648258
2022-05-18 08:00:00,0.00999999977648258
2022-05-18 09:00:00,0.00999999977648258
2022-05-18 10:00:00,0.0127999996766448
2022-05-18 11:00:00,0.0127999996766448
2022-05-18 12:00:00,0.0127999996766448
2022-05-18 13:00:00,0.21599999070167544
2022-05-18 14:00:00,0.21599999070167544
2022-05-18 15:00:00,0.21599999070167544
2022-05-18 16:00:00,0.6481999754905701
2022-05-18 17:00:00,0.6481999754905701
2022-05-18 18:00:00,0.6481999754905701
2022-05-18 19:00:00,0.8455999493598938
2022-05-18 20:00:00,0.8455999493598938
2022-05-18 21:00:00,0.8455999493598938
2022-05-18 22:00:00,0.6658999919891357
2022-05-18 23:00:00,0.6658999919891357
2022-05-19 00:00:00,0.6658999919891357
2022-05-19 01:00:00,0.15619999170303345
2022-05-19 02:00:00,0.15619999170303345
2022-05-19 03:00:00,0.15619999170303345
2022-05-19 04:00:00,0.031700000166893
2022-05-19 05:00:00,0.031700000166893
2022-05-19 06:00:00,0.031700000166893
2022-05-19 07:00:00,0.03549999743700027
2022-05-19 08:00:00,0.03549999743700027
2022-05-19 09:00:00,0.03549999743700027
2022-05-19 10:00:00,0.03929999843239784
2022-05-19 11:00:00,0.03929999843239784
2022-05-19 12:00:00,0.03929999843239784
2022-05-19 13:00:00,0.28129997849464417
2022-05-19 14:00:00,0.28129997849464417
2022-05-19 15:00:00,0.28129997849464417
2022-05-19 16:00:00,0.7615000009536743
2022-05-19 17:00:00,0.7615000009536743
2022-05-19 18:00:00,0.7615000009536743
2022-05-19 19:00:00,0.9727999567985536
2022-05-19 20:00:00,0.9727999567985536
2022-05-19 21:00:00,0.9727999567985536
2022-05-19 22:00:00,0.7270999550819397
2022-05-19 23:00:00,0.7270999550819397
2022-05-20 00:00:00,0.7270999550819397
2022-05-20 01:00:00,0.2361999899148941
2022-05-20 02:00:00,0.2361999899148941
2022-05-20 03:00:00,0.2361999899148941
2022-05-20 04:00:00,0.05790000036358833
2022-05-20 05:00:00,0.05790000036358833
2022-05-20 06:00:00,0.05790000036358833
2022-05-20 07:00:00,0.03610000014305115
2022-05-20 08:00:00,0.03610000014305115
2022-05-20 09:00:00,0.03610000014305115
2022-05-20 10:00:00,0.02559997513890266
2022-05-20 11:00:00,0.02559997513890266
2022-05-20 12:00:00,0.02559997513890266
2022-05-20 13:00:00,0.07530000060796738
2022-05-20 14:00:00,0.07530000060796738
2022-05-20 15:00:00,0.07530000060796738
2022-05-20 16:00:00,0.1347000002861023
2022-05-20 17:00:00,0.1347000002861023
2022-05-20 18:00:00,0.1347000002861023
2022-05-20 19:00:00,0.11869999766349792
2022-05-20 20:00:00,0.11869999766349792
2022-05-20 21:00:00,0.11869999766349792
2022-05-20 22:00:00,0.1410999894142151
2022-05-20 23:00:00,0.1410999894142151
2022-05-21 00:00:00,0.1410999894142151
2022-05-21 01:00:00,0.06509999930858612
2022-05-21 02:00:00,0.06509999930858612
2022-05-21 03:00:00,0.06509999930858612
2022-05-21 04:00:00,0.01129999943077564
2022-05-21 05:00:00,0.01129999943077564
2022-05-21 06:00:00,0.01129999943077564
2022-05-21 07:00:00,0.00980000011622905
2022-05-21 08:00:00,0.00980000011622905
2022-05-21 09:00:00,0.00980000011622905
2022-05-21 10:00:00,0.00729999970644712
2022-05-21 11:00:00,0.00729999970644712
2022-05-21 12:00:00,0.00729999970644712
2022-05-21 13:00:00,0.05289999768137932
2022-05-21 14:00:00,0.05289999768137932
2022-05-21 15:00:00,0.05289999768137932
2022-05-21 16:00:00,0.11059999465942384
2022-05-21 17:00:00,0.11059999465942384
2022-05-21 18:00:00,0.11059999465942384
2022-05-21 19:00:00,0.14019998908042908
2022-05-21 20:00:00,0.14019998908042908
2022-05-21 21:00:00,0.14019998908042908
2022-05-21 22:00:00,0.13030000030994415
2022-05-21 23:00:00,0.13030000030994415
2022-05-22 00:00:00,0.13030000030994415
2022-05-22 01:00:00,0.07369999587535858
2022-05-22 02:00:00,0.07369999587535858
2022-05-22 03:00:00,0.07369999587535858
2022-05-22 04:00:00,0.02300000004470348
2022-05-22 05:00:00,0.02300000004470348
2022-05-22 06:00:00,0.02300000004470348
2022-05-22 07:00:00,0.02609999850392341
2022-05-22 08:00:00,0.02609999850392341
2022-05-22 09:00:00,0.02609999850392341
2022-05-22 10:00:00,0.04039999842643738
2022-05-22 11:00:00,0.04039999842643738
2022-05-22 12:00:00,0.04039999842643738
2022-05-22 13:00:00,0.11009999364614488
2022-05-22 14:00:00,0.11009999364614488
2022-05-22 15:00:00,0.11009999364614488
2022-05-22 16:00:00,0.17539998888969421
2022-05-22 17:00:00,0.17539998888969421
2022-05-22 18:00:00,0.17539998888969421
2022-05-22 19:00:00,0.18949998915195465
2022-05-22 20:00:00,0.18949998915195465
2022-05-22 21:00:00,0.18949998915195465
2022-05-22 22:00:00,0.1662999987602234
2022-05-22 23:00:00,0.1662999987602234
2022-05-23 00:00:00,0.1662999987602234
2022-05-23 01:00:00,0.05529999732971191
2022-05-23 02:00:00,0.05529999732971191
2022-05-23 03:00:00,0.05529999732971191
2022-05-23 04:00:00,0.01819999888539314
2022-05-23 05:00:00,0.01819999888539314
2022-05-23 06:00:00,0.01819999888539314
2022-05-23 07:00:00,0.00549999997019767
2022-05-23 08:00:00,0.00549999997019767
2022-05-23 09:00:00,0.00549999997019767
2022-05-23 10:00:00,-0.00370000000111758
2022-05-23 11:00:00,-0.00370000000111758
2022-05-23 12:00:00,-0.00370000000111758
2022-05-23 13:00:00,0.09860000014305116
2022-05-23 14:00:00,0.09860000014305116
2022-05-23 15:00:00,0.09860000014305116
2022-05-23 16:00:00,0.2004999965429306
2022-05-23 17:00:00,0.2004999965429306
2022-05-23 18:00:00,0.2004999965429306
2022-05-23 19:00:00,0.29499998688697815
2022-05-23 20:00:00,0.29499998688697815
2022-05-23 21:00:00,0.29499998688697815
2022-05-23 22:00:00,0.24609999358654025
2022-05-23 23:00:00,0.24609999358654025
2022-05-24 00:00:00,0.24609999358654025
2022-05-24 01:00:00,0.06629999727010727
2022-05-24 02:00:00,0.06629999727010727
2022-05-24 03:00:00,0.06629999727010727
2022-05-24 04:00:00,0.00109999999403953
2022-05-24 05:00:00,0.00109999999403953
2022-05-24 06:00:00,0.00109999999403953
2022-05-24 07:00:00,0.00289999996311962
2022-05-24 08:00:00,0.00289999996311962
2022-05-24 09:00:00,0.00289999996311962
2022-05-24 10:00:00,9.999999310821297e-4
2022-05-24 11:00:00,9.999999310821297e-4
2022-05-24 12:00:00,9.999999310821297e-4
2022-05-24 13:00:00,0.07759999483823776
2022-05-24 14:00:00,0.07759999483823776
2022-05-24 15:00:00,0.07759999483823776
2022-05-24 16:00:00,0.19579999148845673
2022-05-24 17:00:00,0.19579999148845673
2022-05-24 18:00:00,0.19579999148845673
2022-05-24 19:00:00,0.24809999763965607
2022-05-24 20:00:00,0.24809999763965607
2022-05-24 21:00:00,0.24809999763965607
2022-05-24 22:00:00,0.19280000030994415
2022-05-24 23:00:00,0.19280000030994415
2022-05-25 00:00:00,0.19280000030994415
2022-05-25 01:00:00,0.090999998152256
2022-05-25 02:00:00,0.090999998152256
2022-05-25 03:00:00,0.090999998152256
2022-05-25 04:00:00,0.01679999940097332
2022-05-25 05:00:00,0.01679999940097332
2022-05-25 06:00:00,0.01679999940097332
2022-05-25 07:00:00,0.00399999972432851
2022-05-25 08:00:00,0.00399999972432851
2022-05-25 09:00:00,0.00399999972432851
2022-05-25 10:00:00,-0.0056999996304512
2022-05-25 11:00:00,-0.0056999996304512
2022-05-25 12:00:00,-0.0056999996304512
2022-05-25 13:00:00,0.10799999535083772
2022-05-25 14:00:00,0.10799999535083772
2022-05-25 15:00:00,0.10799999535083772
2022-05-25 16:00:00,0.2622999846935272
2022-05-25 17:00:00,0.2622999846935272
2022-05-25 18:00:00,0.2622999846935272
2022-05-25 19:00:00,0.346699982881546
2022-05-25 20:00:00,0.346699982881546
2022-05-25 21:00:00,0.346699982881546
2022-05-25 22:00:00,0.3401999771595001
2022-05-25 23:00:00,0.3401999771595001
2022-05-26 00:00:00,0.3401999771595001
2022-05-26 01:00:00,0.07660000026226044
2022-05-26 02:00:00,0.07660000026226044
2022-05-26 03:00:00,0.07660000026226044
2022-05-26 04:00:00,0.0063999998383224
2022-05-26 05:00:00,0.0063999998383224
2022-05-26 06:00:00,0.0063999998383224
2022-05-26 07:00:00,0.00279999990016222
2022-05-26 08:00:00,0.00279999990016222
2022-05-26 09:00:00,0.00279999990016222
2022-05-26 10:00:00,0.00230000005103647
2022-05-26 11:00:00,0.00230000005103647
2022-05-26 12:00:00,0.00230000005103647
2022-05-26 13:00:00,0.104000024497509
2022-05-26 14:00:00,0.104000024497509
2022-05-26 15:00:00,0.104000024497509
2022-05-26 16:00:00,0.2784999907016754
2022-05-26 17:00:00,0.2784999907016754
2022-05-26 18:00:00,0.2784999907016754
2022-05-26 19:00:00,0.4057999849319458
2022-05-26 20:00:00,0.4057999849319458
2022-05-26 21:00:00,0.4057999849319458
2022-05-26 22:00:00,0.6050999760627747
2022-05-26 23:00:00,0.6050999760627747
2022-05-27 00:00:00,0.6050999760627747
2022-05-27 01:00:00,0.06499999761581421
2022-05-27 02:00:00,0.06499999761581421
2022-05-27 03:00:00,0.06499999761581421
2022-05-27 04:00:00,-0.00630000000819563
2022-05-27 05:00:00,-0.00630000000819563
2022-05-27 06:00:00,-0.00630000000819563
2022-05-27 07:00:00,-0.00779999978840351
2022-05-27 08:00:00,-0.00779999978840351
2022-05-27 09:00:00,-0.00779999978840351
2022-05-27 10:00:00,-0.00590002443641424
2022-05-27 11:00:00,-0.00590002443641424
2022-05-27 12:00:00,-0.00590002443641424
2022-05-27 13:00:00,0.119999997317791
2022-05-27 14:00:00,0.119999997317791
2022-05-27 15:00:00,0.119999997317791
2022-05-27 16:00:00,0.2996000051498413
2022-05-27 17:00:00,0.2996000051498413
2022-05-27 18:00:00,0.2996000051498413
2022-05-27 19:00:00,0.583299994468689
2022-05-27 20:00:00,0.583299994468689
2022-05-27 21:00:00,0.583299994468689
2022-05-27 22:00:00,0.6644999980926514
2022-05-27 23:00:00,0.6644999980926514
2022-05-28 00:00:00,0.6644999980926514
2022-05-28 01:00:00,0.14669999480247498
2022-05-28 02:00:00,0.14669999480247498
2022-05-28 03:00:00,0.14669999480247498
2022-05-28 04:00:00,0.01589999906718731
2022-05-28 05:00:00,0.01589999906718731
2022-05-28 06:00:00,0.01589999906718731
2022-05-28 07:00:00,0.01840000040829181
2022-05-28 08:00:00,0.01840000040829181
2022-05-28 09:00:00,0.01840000040829181
2022-05-28 10:00:00,0.0142000000923872
2022-05-28 11:00:00,0.0142000000923872
2022-05-28 12:00:00,0.0142000000923872
2022-05-28 13:00:00,0.24869999289512632
2022-05-28 14:00:00,0.24869999289512632
2022-05-28 15:00:00,0.24869999289512632
2022-05-28 16:00:00,0.7127999663352966
2022-05-28 17:00:00,0.7127999663352966
2022-05-28 18:00:00,0.7127999663352966
2022-05-28 19:00:00,0.8786999583244324
2022-05-28 20:00:00,0.8786999583244324
2022-05-28 21:00:00,0.8786999583244324
2022-05-28 22:00:00,0.6603999733924866
2022-05-28 23:00:00,0.6603999733924866
2022-05-29 00:00:00,0.6603999733924866
2022-05-29 01:00:00,0.22199998795986176
2022-05-29 02:00:00,0.22199998795986176
2022-05-29 03:00:00,0.22199998795986176
2022-05-29 04:00:00,0.04649999737739563
2022-05-29 05:00:00,0.04649999737739563
2022-05-29 06:00:00,0.04649999737739563
2022-05-29 07:00:00,0.03869999945163727
2022-05-29 08:00:00,0.03869999945163727
2022-05-29 09:00:00,0.03869999945163727
2022-05-29 10:00:00,0.01549999974668026
2022-05-29 11:00:00,0.01549999974668026
2022-05-29 12:00:00,0.01549999974668026
2022-05-29 13:00:00,0.19999998807907104
2022-05-29 14:00:00,0.19999998807907104
2022-05-29 15:00:00,0.19999998807907104
2022-05-29 16:00:00,0.5882999897003174
2022-05-29 17:00:00,0.5882999897003174
2022-05-29 18:00:00,0.5882999897003174
2022-05-29 19:00:00,0.7092999815940857
2022-05-29 20:00:00,0.7092999815940857
2022-05-29 21:00:00,0.7092999815940857
2022-05-29 22:00:00,0.5205000042915344
2022-05-29 23:00:00,0.5205000042915344
2022-05-30 00:00:00,0.5205000042915344
2022-05-30 01:00:00,0.1363999992609024
2022-05-30 02:00:00,0.1363999992609024
2022-05-30 03:00:00,0.1363999992609024
2022-05-30 04:00:00,0.03779999911785126
2022-05-30 05:00:00,0.03779999911785126
2022-05-30 06:00:00,0.03779999911785126
2022-05-30 07:00:00,0.03810000047087669
2022-05-30 08:00:00,0.03810000047087669
2022-05-30 09:00:00,0.03810000047087669
2022-05-30 10:00:00,0.02809999883174896
2022-05-30 11:00:00,0.02809999883174896
2022-05-30 12:00:00,0.02809999883174896
2022-05-30 13:00:00,0.18299999833106995
2022-05-30 14:00:00,0.18299999833106995
2022-05-30 15:00:00,0.18299999833106995
2022-05-30 16:00:00,0.36239999532699585
2022-05-30 17:00:00,0.36239999532699585
2022-05-30 18:00:00,0.36239999532699585
2022-05-30 19:00:00,0.49719998240470886
2022-05-30 20:00:00,0.49719998240470886
2022-05-30 21:00:00,0.49719998240470886
2022-05-30 22:00:00,0.4998999834060669
2022-05-30 23:00:00,0.4998999834060669
2022-05-31 00:00:00,0.4998999834060669
2022-05-31 01:00:00,0.1388999968767166
2022-05-31 02:00:00,0.1388999968767166
2022-05-31 03:00:00,0.1388999968767166
2022-05-31 04:00:00,0.01609999872744083
2022-05-31 05:00:00,0.01609999872744083
2022-05-31 06:00:00,0.01609999872744083
2022-05-31 07:00:00,0.0032999999821186
2022-05-31 08:00:00,0.0032999999821186
2022-05-31 09:00:00,0.0032999999821186
2022-05-31 10:00:00,-0.00250002439133822
2022-05-31 11:00:00,-0.00250002439133822
2022-05-31 12:00:00,-0.00250002439133822
2022-05-31 13:00:00,0.0998999997973442
2022-05-31 14:00:00,0.0998999997973442
2022-05-31 15:00:00,0.0998999997973442
2022-05-31 16:00:00,0.26649999618530273
2022-05-31 17:00:00,0.26649999618530273
2022-05-31 18:00:00,0.26649999618530273
2022-05-31 19:00:00,0.28279998898506165
2022-05-31 20:00:00,0.28279998898506165
2022-05-31 21:00:00,0.28279998898506165
2022-05-31 22:00:00,0.2087000012397766
2022-05-31 23:00:00,0.2087000012397766
2022-06-01 00:00:00,0.2087000012397766
2022-06-01 01:00:00,0.05559999868273735
2022-06-01 02:00:00,0.05559999868273735
2022-06-01 03:00:00,0.05559999868273735
2022-06-01 04:00:00,0.01689999923110008
2022-06-01 05:00:00,0.01689999923110008
2022-06-01 06:00:00,0.01689999923110008
2022-06-01 07:00:00,0.01249999925494194
2022-06-01 08:00:00,0.01249999925494194
2022-06-01 09:00:00,0.01249999925494194
2022-06-01 10:00:00,0.00839999970048666
2022-06-01 11:00:00,0.00839999970048666
2022-06-01 12:00:00,0.00839999970048666
2022-06-01 13:00:00,0.05379999801516533
2022-06-01 14:00:00,0.05379999801516533
2022-06-01 15:00:00,0.05379999801516533
2022-06-01 16:00:00,0.16249999403953552
2022-06-01 17:00:00,0.16249999403953552
2022-06-01 18:00:00,0.16249999403953552
2022-06-01 19:00:00,0.5091999769210815
2022-06-01 20:00:00,0.5091999769210815
2022-06-01 21:00:00,0.5091999769210815
2022-06-01 22:00:00,0.4730999767780304
2022-06-01 23:00:00,0.4730999767780304
2022-06-02 00:00:00,0.4730999767780304
2022-06-02 01:00:00,0.04119997471570968
2022-06-02 02:00:00,0.04119997471570968
2022-06-02 03:00:00,0.04119997471570968
2022-06-02 04:00:00,-0.0089999996125698
2022-06-02 05:00:00,-0.0089999996125698
2022-06-02 06:00:00,-0.0089999996125698
2022-06-02 07:00:00,-0.0139999995008111
2022-06-02 08:00:00,-0.0139999995008111
2022-06-02 09:00:00,-0.0139999995008111
2022-06-02 10:00:00,-0.01370000001043081
2022-06-02 11:00:00,-0.01370000001043081
2022-06-02 12:00:00,-0.01370000001043081
2022-06-02 13:00:00,0.06179997324943542
2022-06-02 14:00:00,0.06179997324943542
2022-06-02 15:00:00,0.06179997324943542
2022-06-02 16:00:00,0.21130000054836273
2022-06-02 17:00:00,0.21130000054836273
2022-06-02 18:00:00,0.21130000054836273
2022-06-02 19:00:00,0.6739000082015991
2022-06-02 20:00:00,0.6739000082015991
2022-06-02 21:00:00,0.6739000082015991
2022-06-02 22:00:00,0.5286999940872192
2022-06-02 23:00:00,0.5286999940872192
2022-06-03 00:00:00,0.5286999940872192
2022-06-03 01:00:00,0.11749999970197678
2022-06-03 02:00:00,0.11749999970197678
2022-06-03 03:00:00,0.11749999970197678
2022-06-03 04:00:00,9.999999310821297e-4
2022-06-03 05:00:00,9.999999310821297e-4
2022-06-03 06:00:00,9.999999310821297e-4
2022-06-03 07:00:00,-0.00559999980032444
2022-06-03 08:00:00,-0.00559999980032444
2022-06-03 09:00:00,-0.00559999980032444
2022-06-03 10:00:00,-0.00460000010207295
2022-06-03 11:00:00,-0.00460000010207295
2022-06-03 12:00:00,-0.00460000010207295
2022-06-03 13:00:00,0.1809999942779541
2022-06-03 14:00:00,0.1809999942779541
2022-06-03 15:00:00,0.1809999942779541
2022-06-03 16:00:00,0.6263999938964844
2022-06-03 17:00:00,0.6263999938964844
2022-06-03 18:00:00,0.6263999938964844
2022-06-03 19:00:00,0.7960000038146973
2022-06-03 20:00:00,0.7960000038146973
2022-06-03 21:00:00,0.7960000038146973
2022-06-03 22:00:00,0.5979999899864197
2022-06-03 23:00:00,0.5979999899864197
2022-06-04 00:00:00,0.5979999899864197
2022-06-04 01:00:00,0.17229999601840973
2022-06-04 02:00:00,0.17229999601840973
2022-06-04 03:00:00,0.17229999601840973
2022-06-04 04:00:00,0.01269999984651804
2022-06-04 05:00:00,0.01269999984651804
2022-06-04 06:00:00,0.01269999984651804
2022-06-04 07:00:00,0.00980000011622905
2022-06-04 08:00:00,0.00980000011622905
2022-06-04 09:00:00,0.00980000011622905
2022-06-04 10:00:00,0.01289999950677156
2022-06-04 11:00:00,0.01289999950677156
2022-06-04 12:00:00,0.01289999950677156
2022-06-04 13:00:00,0.2052999883890152
2022-06-04 14:00:00,0.2052999883890152
2022-06-04 15:00:00,0.2052999883890152
2022-06-04 16:00:00,0.6624999642372131
2022-06-04 17:00:00,0.6624999642372131
2022-06-04 18:00:00,0.6624999642372131
2022-06-04 19:00:00,0.8854999542236328
2022-06-04 20:00:00,0.8854999542236328
2022-06-04 21:00:00,0.8854999542236328
2022-06-04 22:00:00,0.6072999835014343
2022-06-04 23:00:00,0.6072999835014343
2022-06-05 00:00:00,0.6072999835014343
2022-06-05 01:00:00,0.15699999034404755
2022-06-05 02:00:00,0.15699999034404755
2022-06-05 03:00:00,0.15699999034404755
2022-06-05 04:00:00,0.02339999936521053
2022-06-05 05:00:00,0.02339999936521053
2022-06-05 06:00:00,0.02339999936521053
2022-06-05 07:00:00,0.02589999884366989
2022-06-05 08:00:00,0.02589999884366989
2022-06-05 09:00:00,0.02589999884366989
2022-06-05 10:00:00,0.03189999982714653
2022-06-05 11:00:00,0.03189999982714653
2022-06-05 12:00:00,0.03189999982714653
2022-06-05 13:00:00,0.19449999928474423
2022-06-05 14:00:00,0.19449999928474423
2022-06-05 15:00:00,0.19449999928474423
2022-06-05 16:00:00,0.49549999833106995
2022-06-05 17:00:00,0.49549999833106995
2022-06-05 18:00:00,0.49549999833106995
2022-06-05 19:00:00,0.7128999829292297
2022-06-05 20:00:00,0.7128999829292297
2022-06-05 21:00:00,0.7128999829292297
2022-06-05 22:00:00,0.5911999940872192
2022-06-05 23:00:00,0.5911999940872192
2022-06-06 00:00:00,0.5911999940872192
2022-06-06 01:00:00,0.19859999418258667
2022-06-06 02:00:00,0.19859999418258667
2022-06-06 03:00:00,0.19859999418258667
2022-06-06 04:00:00,0.03480000048875809
2022-06-06 05:00:00,0.03480000048875809
2022-06-06 06:00:00,0.03480000048875809
2022-06-06 07:00:00,0.00769999995827674
2022-06-06 08:00:00,0.00769999995827674
2022-06-06 09:00:00,0.00769999995827674
2022-06-06 10:00:00,0.0113999992609024
2022-06-06 11:00:00,0.0113999992609024
2022-06-06 12:00:00,0.0113999992609024
2022-06-06 13:00:00,0.22859999537467957
2022-06-06 14:00:00,0.22859999537467957
2022-06-06 15:00:00,0.22859999537467957
2022-06-06 16:00:00,0.6423999667167664
2022-06-06 17:00:00,0.6423999667167664
2022-06-06 18:00:00,0.6423999667167664
2022-06-06 19:00:00,0.7532999515533447
2022-06-06 20:00:00,0.7532999515533447
2022-06-06 21:00:00,0.7532999515533447
2022-06-06 22:00:00,0.5133000016212463
2022-06-06 23:00:00,0.5133000016212463
2022-06-07 00:00:00,0.5133000016212463
2022-06-07 01:00:00,0.2013999968767166
2022-06-07 02:00:00,0.2013999968767166
2022-06-07 03:00:00,0.2013999968767166
2022-06-07 04:00:00,0.01669999957084655
2022-06-07 05:00:00,0.01669999957084655
2022-06-07 06:00:00,0.01669999957084655
2022-06-07 07:00:00,0.00389999989420175
2022-06-07 08:00:00,0.00389999989420175
2022-06-07 09:00:00,0.00389999989420175
2022-06-07 10:00:00,-0.0044999998062849
2022-06-07 11:00:00,-0.0044999998062849
2022-06-07 12:00:00,-0.0044999998062849
2022-06-07 13:00:00,0.1874999701976776
2022-06-07 14:00:00,0.1874999701976776
2022-06-07 15:00:00,0.1874999701976776
2022-06-07 16:00:00,0.6162999868392944
2022-06-07 17:00:00,0.6162999868392944
2022-06-07 18:00:00,0.6162999868392944
2022-06-07 19:00:00,0.8592000007629395
2022-06-07 20:00:00,0.8592000007629395
2022-06-07 21:00:00,0.8592000007629395
2022-06-07 22:00:00,0.6650999784469604
2022-06-07 23:00:00,0.6650999784469604
2022-06-08 00:00:00,0.6650999784469604
2022-06-08 01:00:00,0.19359999895095825
2022-06-08 02:00:00,0.19359999895095825
2022-06-08 03:00:00,0.19359999895095825
2022-06-08 04:00:00,0.01850000023841858
2022-06-08 05:00:00,0.01850000023841858
2022-06-08 06:00:00,0.01850000023841858
2022-06-08 07:00:00,0.00980000011622905
2022-06-08 08:00:00,0.00980000011622905
2022-06-08 09:00:00,0.00980000011622905
2022-06-08 10:00:00,0.00410000002011656
2022-06-08 11:00:00,0.00410000002011656
2022-06-08 12:00:00,0.00410000002011656
2022-06-08 13:00:00,0.202799990773201
2022-06-08 14:00:00,0.202799990773201
2022-06-08 15:00:00,0.202799990773201
2022-06-08 16:00:00,0.6288999915122986
2022-06-08 17:00:00,0.6288999915122986
2022-06-08 18:00:00,0.6288999915122986
2022-06-08 19:00:00,0.8312999606132507
2022-06-08 20:00:00,0.8312999606132507
2022-06-08 21:00:00,0.8312999606132507
2022-06-08 22:00:00,0.6402999758720398
2022-06-08 23:00:00,0.6402999758720398
2022-06-09 00:00:00,0.6402999758720398
2022-06-09 01:00:00,0.15629999339580536
2022-06-09 02:00:00,0.15629999339580536
2022-06-09 03:00:00,0.15629999339580536
2022-06-09 04:00:00,0.00980000011622905
2022-06-09 05:00:00,0.00980000011622905
2022-06-09 06:00:00,0.00980000011622905
2022-06-09 07:00:00,0.00619999971240758
2022-06-09 08:00:00,0.00619999971240758
2022-06-09 09:00:00,0.00619999971240758
2022-06-09 10:00:00,0.0056999996304512
2022-06-09 11:00:00,0.0056999996304512
2022-06-09 12:00:00,0.0056999996304512
2022-06-09 13:00:00,0.25759997963905334
2022-06-09 14:00:00,0.25759997963905334
2022-06-09 15:00:00,0.25759997963905334
2022-06-09 16:00:00,0.7224000096321106
2022-06-09 17:00:00,0.7224000096321106
2022-06-09 18:00:00,0.7224000096321106
2022-06-09 19:00:00,0.9769999980926514
2022-06-09 20:00:00,0.9769999980926514
2022-06-09 21:00:00,0.9769999980926514
2022-06-09 22:00:00,0.7483999729156494
2022-06-09 23:00:00,0.7483999729156494
2022-06-10 00:00:00,0.7483999729156494
2022-06-10 01:00:00,0.1931999921798706
2022-06-10 02:00:00,0.1931999921798706
2022-06-10 03:00:00,0.1931999921798706
2022-06-10 04:00:00,0.03439999744296074
2022-06-10 05:00:00,0.03439999744296074
2022-06-10 06:00:00,0.03439999744296074
2022-06-10 07:00:00,0.01209999993443489
2022-06-10 08:00:00,0.01209999993443489
2022-06-10 09:00:00,0.01209999993443489
2022-06-10 10:00:00,0.00529999984428286
2022-06-10 11:00:00,0.00529999984428286
2022-06-10 12:00:00,0.00529999984428286
2022-06-10 13:00:00,0.24289999902248385
2022-06-10 14:00:00,0.24289999902248385
2022-06-10 15:00:00,0.24289999902248385
2022-06-10 16:00:00,0.7595999836921692
2022-06-10 17:00:00,0.7595999836921692
2022-06-10 18:00:00,0.7595999836921692
2022-06-10 19:00:00,0.9693999886512756
2022-06-10 20:00:00,0.9693999886512756
2022-06-10 21:00:00,0.9693999886512756
2022-06-10 22:00:00,0.7669999599456787
2022-06-10 23:00:00,0.7669999599456787
2022-06-11 00:00:00,0.7669999599456787
2022-06-11 01:00:00,0.1956999897956848
2022-06-11 02:00:00,0.1956999897956848
2022-06-11 03:00:00,0.1956999897956848
2022-06-11 04:00:00,0.03819999843835831
2022-06-11 05:00:00,0.03819999843835831
2022-06-11 06:00:00,0.03819999843835831
2022-06-11 07:00:00,0.03280000016093254
2022-06-11 08:00:00,0.03280000016093254
2022-06-11 09:00:00,0.03280000016093254
2022-06-11 10:00:00,0.01979999989271164
2022-06-11 11:00:00,0.01979999989271164
2022-06-11 12:00:00,0.01979999989271164
2022-06-11 13:00:00,0.2784000039100647
2022-06-11 14:00:00,0.2784000039100647
2022-06-11 15:00:00,0.2784000039100647
2022-06-11 16:00:00,0.8041999936103821
2022-06-11 17:00:00,0.8041999936103821
2022-06-11 18:00:00,0.8041999936103821
2022-06-11 19:00:00,1.042099952697754
2022-06-11 20:00:00,1.042099952697754
2022-06-11 21:00:00,1.042099952697754
2022-06-11 22:00:00,0.8003000020980835
2022-06-11 23:00:00,0.8003000020980835
2022-06-12 00:00:00,0.8003000020980835
2022-06-12 01:00:00,0.1891999989748001
2022-06-12 02:00:00,0.1891999989748001
2022-06-12 03:00:00,0.1891999989748001
2022-06-12 04:00:00,0.0170999988913536
2022-06-12 05:00:00,0.0170999988913536
2022-06-12 06:00:00,0.0170999988913536
2022-06-12 07:00:00,0.01449999958276748
2022-06-12 08:00:00,0.01449999958276748
2022-06-12 09:00:00,0.01449999958276748
2022-06-12 10:00:00,0.01549999974668026
2022-06-12 11:00:00,0.01549999974668026
2022-06-12 12:00:00,0.01549999974668026
2022-06-12 13:00:00,0.25
2022-06-12 14:00:00,0.25
2022-06-12 15:00:00,0.25
2022-06-12 16:00:00,0.7901999950408936
2022-06-12 17:00:00,0.7901999950408936
2022-06-12 18:00:00,0.7901999950408936
2022-06-12 19:00:00,0.9961999654769896
2022-06-12 20:00:00,0.9961999654769896
2022-06-12 21:00:00,0.9961999654769896
2022-06-12 22:00:00,0.7554999589920044
2022-06-12 23:00:00,0.7554999589920044
2022-06-13 00:00:00,0.7554999589920044
2022-06-13 01:00:00,0.1966999918222427
2022-06-13 02:00:00,0.1966999918222427
2022-06-13 03:00:00,0.1966999918222427
2022-06-13 04:00:00,0.05849999934434891
2022-06-13 05:00:00,0.05849999934434891
2022-06-13 06:00:00,0.05849999934434891
2022-06-13 07:00:00,0.04800000041723251
2022-06-13 08:00:00,0.04800000041723251
2022-06-13 09:00:00,0.04800000041723251
2022-06-13 10:00:00,0.04459999874234199
2022-06-13 11:00:00,0.04459999874234199
2022-06-13 12:00:00,0.04459999874234199
2022-06-13 13:00:00,0.343099981546402
2022-06-13 14:00:00,0.343099981546402
2022-06-13 15:00:00,0.343099981546402
2022-06-13 16:00:00,0.8466999530792236
2022-06-13 17:00:00,0.8466999530792236
2022-06-13 18:00:00,0.8466999530792236
2022-06-13 19:00:00,1.044700026512146
2022-06-13 20:00:00,1.044700026512146
2022-06-13 21:00:00,1.044700026512146
2022-06-13 22:00:00,0.8215000033378601
2022-06-13 23:00:00,0.8215000033378601
2022-06-14 00:00:00,0.8215000033378601
2022-06-14 01:00:00,0.22669999301433563
2022-06-14 02:00:00,0.22669999301433563
2022-06-14 03:00:00,0.22669999301433563
2022-06-14 04:00:00,0.04010000079870224
2022-06-14 05:00:00,0.04010000079870224
2022-06-14 06:00:00,0.04010000079870224
2022-06-14 07:00:00,0.03319999948143959
2022-06-14 08:00:00,0.03319999948143959
2022-06-14 09:00:00,0.03319999948143959
2022-06-14 10:00:00,0.01229999959468841
2022-06-14 11:00:00,0.01229999959468841
2022-06-14 12:00:00,0.01229999959468841
2022-06-14 13:00:00,0.2257999926805496
2022-06-14 14:00:00,0.2257999926805496
2022-06-14 15:00:00,0.2257999926805496
2022-06-14 16:00:00,0.6437999606132507
2022-06-14 17:00:00,0.6437999606132507
2022-06-14 18:00:00,0.6437999606132507
2022-06-14 19:00:00,0.8873999714851379
2022-06-14 20:00:00,0.8873999714851379
2022-06-14 21:00:00,0.8873999714851379
2022-06-14 22:00:00,0.6929000020027161
2022-06-14 23:00:00,0.6929000020027161
2022-06-15 00:00:00,0.6929000020027161
2022-06-15 01:00:00,0.18279999494552612
2022-06-15 02:00:00,0.18279999494552612
2022-06-15 03:00:00,0.18279999494552612
2022-06-15 04:00:00,0.0340999998152256
2022-06-15 05:00:00,0.0340999998152256
2022-06-15 06:00:00,0.0340999998152256
2022-06-15 07:00:00,0.01179999951273202
2022-06-15 08:00:00,0.01179999951273202
2022-06-15 09:00:00,0.01179999951273202
2022-06-15 10:00:00,0.00359999993816018
2022-06-15 11:00:00,0.00359999993816018
2022-06-15 12:00:00,0.00359999993816018
2022-06-15 13:00:00,0.28049999475479126
2022-06-15 14:00:00,0.28049999475479126
2022-06-15 15:00:00,0.28049999475479126
2022-06-15 16:00:00,0.729200005531311
2022-06-15 17:00:00,0.729200005531311
2022-06-15 18:00:00,0.729200005531311
2022-06-15 19:00:00,0.9179999828338624
2022-06-15 20:00:00,0.9179999828338624
2022-06-15 21:00:00,0.9179999828338624
2022-06-15 22:00:00,0.7019999623298645
2022-06-15 23:00:00,0.7019999623298645
2022-06-16 00:00:00,0.7019999623298645
2022-06-16 01:00:00,0.14630000293254852
2022-06-16 02:00:00,0.14630000293254852
2022-06-16 03:00:00,0.14630000293254852
2022-06-16 04:00:00,0.00600000005215406
2022-06-16 05:00:00,0.00600000005215406
2022-06-16 06:00:00,0.00600000005215406
2022-06-16 07:00:00,-0.0031999999191612
2022-06-16 08:00:00,-0.0031999999191612
2022-06-16 09:00:00,-0.0031999999191612
2022-06-16 10:00:00,-0.00509999971836805
2022-06-16 11:00:00,-0.00509999971836805
2022-06-16 12:00:00,-0.00509999971836805
2022-06-16 13:00:00,0.22929999232292175
2022-06-16 14:00:00,0.22929999232292175
2022-06-16 15:00:00,0.22929999232292175
2022-06-16 16:00:00,0.7288999557495117
2022-06-16 17:00:00,0.7288999557495117
2022-06-16 18:00:00,0.7288999557495117
2022-06-16 19:00:00,0.9646999835968018
2022-06-16 20:00:00,0.9646999835968018
2022-06-16 21:00:00,0.9646999835968018
2022-06-16 22:00:00,0.7513999938964844
2022-06-16 23:00:00,0.7513999938964844
2022-06-17 00:00:00,0.7513999938964844
2022-06-17 01:00:00,0.21229998767375943
2022-06-17 02:00:00,0.21229998767375943
2022-06-17 03:00:00,0.21229998767375943
2022-06-17 04:00:00,0.03780002519488335
2022-06-17 05:00:00,0.03780002519488335
2022-06-17 06:00:00,0.03780002519488335
2022-06-17 07:00:00,0.02659999951720237
2022-06-17 08:00:00,0.02659999951720237
2022-06-17 09:00:00,0.02659999951720237
2022-06-17 10:00:00,0.00439999997615814
2022-06-17 11:00:00,0.00439999997615814
2022-06-17 12:00:00,0.00439999997615814
2022-06-17 13:00:00,0.244499996304512
2022-06-17 14:00:00,0.244499996304512
2022-06-17 15:00:00,0.244499996304512
2022-06-17 16:00:00,0.7900999784469604
2022-06-17 17:00:00,0.7900999784469604
2022-06-17 18:00:00,0.7900999784469604
2022-06-17 19:00:00,0.9436999559402466
2022-06-17 20:00:00,0.9436999559402466
2022-06-17 21:00:00,0.9436999559402466
2022-06-17 22:00:00,0.6886000037193298
2022-06-17 23:00:00,0.6886000037193298
2022-06-18 00:00:00,0.6886000037193298
2022-06-18 01:00:00,0.21299999952316284
2022-06-18 02:00:00,0.21299999952316284
2022-06-18 03:00:00,0.21299999952316284
2022-06-18 04:00:00,0.03879999741911888
2022-06-18 05:00:00,0.03879999741911888
2022-06-18 06:00:00,0.03879999741911888
2022-06-18 07:00:00,0.0210999995470047
2022-06-18 08:00:00,0.0210999995470047
2022-06-18 09:00:00,0.0210999995470047
2022-06-18 10:00:00,0.0142000000923872
2022-06-18 11:00:00,0.0142000000923872
2022-06-18 12:00:00,0.0142000000923872
2022-06-18 13:00:00,0.26409998536109924
2022-06-18 14:00:00,0.26409998536109924
2022-06-18 15:00:00,0.26409998536109924
2022-06-18 16:00:00,0.7008999586105347
2022-06-18 17:00:00,0.7008999586105347
2022-06-18 18:00:00,0.7008999586105347
2022-06-18 19:00:00,0.8395999670028687
2022-06-18 20:00:00,0.8395999670028687
2022-06-18 21:00:00,0.8395999670028687
2022-06-18 22:00:00,0.6625999808311462
2022-06-18 23:00:00,0.6625999808311462
2022-06-19 00:00:00,0.6625999808311462
2022-06-19 01:00:00,0.17629998922348022
2022-06-19 02:00:00,0.17629998922348022
2022-06-19 03:00:00,0.17629998922348022
2022-06-19 04:00:00,0.04109999909996986
2022-06-19 05:00:00,0.04109999909996986
2022-06-19 06:00:00,0.04109999909996986
2022-06-19 07:00:00,0.0348999984562397
2022-06-19 08:00:00,0.0348999984562397
2022-06-19 09:00:00,0.0348999984562397
2022-06-19 10:00:00,0.01599999889731407
2022-06-19 11:00:00,0.01599999889731407
2022-06-19 12:00:00,0.01599999889731407
2022-06-19 13:00:00,0.28039997816085815
2022-06-19 14:00:00,0.28039997816085815
2022-06-19 15:00:00,0.28039997816085815
2022-06-19 16:00:00,0.7013999819755554
2022-06-19 17:00:00,0.7013999819755554
2022-06-19 18:00:00,0.7013999819755554
2022-06-19 19:00:00,0.8333999514579773
2022-06-19 20:00:00,0.8333999514579773
2022-06-19 21:00:00,0.8333999514579773
2022-06-19 22:00:00,0.7051999568939209
2022-06-19 23:00:00,0.7051999568939209
2022-06-20 00:00:00,0.7051999568939209
2022-06-20 01:00:00,0.20499999821186063
2022-06-20 02:00:00,0.20499999821186063
2022-06-20 03:00:00,0.20499999821186063
2022-06-20 04:00:00,0.02199999988079071
2022-06-20 05:00:00,0.02199999988079071
2022-06-20 06:00:00,0.02199999988079071
2022-06-20 07:00:00,0.01549999974668026
2022-06-20 08:00:00,0.01549999974668026
2022-06-20 09:00:00,0.01549999974668026
2022-06-20 10:00:00,0.00820000004023313
2022-06-20 11:00:00,0.00820000004023313
2022-06-20 12:00:00,0.00820000004023313
2022-06-20 13:00:00,0.26330000162124634
2022-06-20 14:00:00,0.26330000162124634
2022-06-20 15:00:00,0.26330000162124634
2022-06-20 16:00:00,0.7716999650001526
2022-06-20 17:00:00,0.7716999650001526
2022-06-20 18:00:00,0.7716999650001526
2022-06-20 19:00:00,0.9837999939918518
2022-06-20 20:00:00,0.9837999939918518
2022-06-20 21:00:00,0.9837999939918518
2022-06-20 22:00:00,0.7705000042915344
2022-06-20 23:00:00,0.7705000042915344
2022-06-21 00:00:00,0.7705000042915344
2022-06-21 01:00:00,0.20569999516010284
2022-06-21 02:00:00,0.20569999516010284
2022-06-21 03:00:00,0.20569999516010284
2022-06-21 04:00:00,0.02379999868571758
2022-06-21 05:00:00,0.02379999868571758
2022-06-21 06:00:00,0.02379999868571758
2022-06-21 07:00:00,0.02219999954104423
2022-06-21 08:00:00,0.02219999954104423
2022-06-21 09:00:00,0.02219999954104423
2022-06-21 10:00:00,0.0089999996125698
2022-06-21 11:00:00,0.0089999996125698
2022-06-21 12:00:00,0.0089999996125698
2022-06-21 13:00:00,0.23569999635219577
2022-06-21 14:00:00,0.23569999635219577
2022-06-21 15:00:00,0.23569999635219577
2022-06-21 16:00:00,0.6937999725341797
2022-06-21 17:00:00,0.6937999725341797
2022-06-21 18:00:00,0.6937999725341797
2022-06-21 19:00:00,0.8598999977111816
2022-06-21 20:00:00,0.8598999977111816
2022-06-21 21:00:00,0.8598999977111816
2022-06-21 22:00:00,0.6697999835014343
2022-06-21 23:00:00,0.6697999835014343
2022-06-22 00:00:00,0.6697999835014343
2022-06-22 01:00:00,0.2101999968290329
2022-06-22 02:00:00,0.2101999968290329
2022-06-22 03:00:00,0.2101999968290329
2022-06-22 04:00:00,0.02829999849200248
2022-06-22 05:00:00,0.02829999849200248
2022-06-22 06:00:00,0.02829999849200248
2022-06-22 07:00:00,0.01090000011026859
2022-06-22 08:00:00,0.01090000011026859
2022-06-22 09:00:00,0.01090000011026859
2022-06-22 10:00:00,0.00589999975636601
2022-06-22 11:00:00,0.00589999975636601
2022-06-22 12:00:00,0.00589999975636601
2022-06-22 13:00:00,0.21889999508857727
2022-06-22 14:00:00,0.21889999508857727
2022-06-22 15:00:00,0.21889999508857727
2022-06-22 16:00:00,0.7091999650001526
2022-06-22 17:00:00,0.7091999650001526
2022-06-22 18:00:00,0.7091999650001526
2022-06-22 19:00:00,0.887499988079071
2022-06-22 20:00:00,0.887499988079071
2022-06-22 21:00:00,0.887499988079071
2022-06-22 22:00:00,0.6431999802589417
2022-06-22 23:00:00,0.6431999802589417
2022-06-23 00:00:00,0.6431999802589417
2022-06-23 01:00:00,0.1841999888420105
2022-06-23 02:00:00,0.1841999888420105
2022-06-23 03:00:00,0.1841999888420105
2022-06-23 04:00:00,0.02129999920725822
2022-06-23 05:00:00,0.02129999920725822
2022-06-23 06:00:00,0.02129999920725822
2022-06-23 07:00:00,0.01379999984055757
2022-06-23 08:00:00,0.01379999984055757
2022-06-23 09:00:00,0.01379999984055757
2022-06-23 10:00:00,0.00679999962449073
2022-06-23 11:00:00,0.00679999962449073
2022-06-23 12:00:00,0.00679999962449073
2022-06-23 13:00:00,0.25439998507499695
2022-06-23 14:00:00,0.25439998507499695
2022-06-23 15:00:00,0.25439998507499695
2022-06-23 16:00:00,0.7518999576568604
2022-06-23 17:00:00,0.7518999576568604
2022-06-23 18:00:00,0.7518999576568604
2022-06-23 19:00:00,0.9039999842643738
2022-06-23 20:00:00,0.9039999842643738
2022-06-23 21:00:00,0.9039999842643738
2022-06-23 22:00:00,0.6236000061035156
2022-06-23 23:00:00,0.6236000061035156
2022-06-24 00:00:00,0.6236000061035156
2022-06-24 01:00:00,0.19539999961853027
2022-06-24 02:00:00,0.19539999961853027
2022-06-24 03:00:00,0.19539999961853027
2022-06-24 04:00:00,0.04609999805688858
2022-06-24 05:00:00,0.04609999805688858
2022-06-24 06:00:00,0.04609999805688858
2022-06-24 07:00:00,0.04309999942779541
2022-06-24 08:00:00,0.04309999942779541
2022-06-24 09:00:00,0.04309999942779541
2022-06-24 10:00:00,0.01649999991059303
2022-06-24 11:00:00,0.01649999991059303
2022-06-24 12:00:00,0.01649999991059303
2022-06-24 13:00:00,0.26159998774528503
2022-06-24 14:00:00,0.26159998774528503
2022-06-24 15:00:00,0.26159998774528503
2022-06-24 16:00:00,0.7312999963760376
2022-06-24 17:00:00,0.7312999963760376
2022-06-24 18:00:00,0.7312999963760376
2022-06-24 19:00:00,0.8072999715805054
2022-06-24 20:00:00,0.8072999715805054
2022-06-24 21:00:00,0.8072999715805054
2022-06-24 22:00:00,0.6024999618530273
2022-06-24 23:00:00,0.6024999618530273
2022-06-25 00:00:00,0.6024999618530273
2022-06-25 01:00:00,0.19439999759197235
2022-06-25 02:00:00,0.19439999759197235
2022-06-25 03:00:00,0.19439999759197235
2022-06-25 04:00:00,0.02829999849200248
2022-06-25 05:00:00,0.02829999849200248
2022-06-25 06:00:00,0.02829999849200248
2022-06-25 07:00:00,0.02269999869167804
2022-06-25 08:00:00,0.02269999869167804
2022-06-25 09:00:00,0.02269999869167804
2022-06-25 10:00:00,0.00600000005215406
2022-06-25 11:00:00,0.00600000005215406
2022-06-25 12:00:00,0.00600000005215406
2022-06-25 13:00:00,0.1964999884366989
2022-06-25 14:00:00,0.1964999884366989
2022-06-25 15:00:00,0.1964999884366989
2022-06-25 16:00:00,0.6042999625205994
2022-06-25 17:00:00,0.6042999625205994
2022-06-25 18:00:00,0.6042999625205994
2022-06-25 19:00:00,0.8366000056266785
2022-06-25 20:00:00,0.8366000056266785
2022-06-25 21:00:00,0.8366000056266785
2022-06-25 22:00:00,0.5670999884605408
2022-06-25 23:00:00,0.5670999884605408
2022-06-26 00:00:00,0.5670999884605408
2022-06-26 01:00:00,0.1589999943971634
2022-06-26 02:00:00,0.1589999943971634
2022-06-26 03:00:00,0.1589999943971634
2022-06-26 04:00:00,0.02369999885559082
2022-06-26 05:00:00,0.02369999885559082
2022-06-26 06:00:00,0.02369999885559082
2022-06-26 07:00:00,0.0186999998986721
2022-06-26 08:00:00,0.0186999998986721
2022-06-26 09:00:00,0.0186999998986721
2022-06-26 10:00:00,-0.00289999996311962
2022-06-26 11:00:00,-0.00289999996311962
2022-06-26 12:00:00,-0.00289999996311962
2022-06-26 13:00:00,0.18649999797344208
2022-06-26 14:00:00,0.18649999797344208
2022-06-26 15:00:00,0.18649999797344208
2022-06-26 16:00:00,0.5636999607086182
2022-06-26 17:00:00,0.5636999607086182
2022-06-26 18:00:00,0.5636999607086182
2022-06-26 19:00:00,0.6283999681472778
2022-06-26 20:00:00,0.6283999681472778
2022-06-26 21:00:00,0.6283999681472778
2022-06-26 22:00:00,0.4337999820709229
2022-06-26 23:00:00,0.4337999820709229
2022-06-27 00:00:00,0.4337999820709229
2022-06-27 01:00:00,0.16300000250339508
2022-06-27 02:00:00,0.16300000250339508
2022-06-27 03:00:00,0.16300000250339508
2022-06-27 04:00:00,0.0198999997228384
2022-06-27 05:00:00,0.0198999997228384
2022-06-27 06:00:00,0.0198999997228384
2022-06-27 07:00:00,0.01379999984055757
2022-06-27 08:00:00,0.01379999984055757
2022-06-27 09:00:00,0.01379999984055757
2022-06-27 10:00:00,-0.00719999987632036
2022-06-27 11:00:00,-0.00719999987632036
2022-06-27 12:00:00,-0.00719999987632036
2022-06-27 13:00:00,0.19119998812675476
2022-06-27 14:00:00,0.19119998812675476
2022-06-27 15:00:00,0.19119998812675476
2022-06-27 16:00:00,0.6279000043869019
2022-06-27 17:00:00,0.6279000043869019
2022-06-27 18:00:00,0.6279000043869019
2022-06-27 19:00:00,0.8294000029563904
2022-06-27 20:00:00,0.8294000029563904
2022-06-27 21:00:00,0.8294000029563904
2022-06-27 22:00:00,0.6366999745368958
2022-06-27 23:00:00,0.6366999745368958
2022-06-28 00:00:00,0.6366999745368958
2022-06-28 01:00:00,0.1887999922037125
2022-06-28 02:00:00,0.1887999922037125
2022-06-28 03:00:00,0.1887999922037125
2022-06-28 04:00:00,0.0127999996766448
2022-06-28 05:00:00,0.0127999996766448
2022-06-28 06:00:00,0.0127999996766448
2022-06-28 07:00:00,0.00719999987632036
2022-06-28 08:00:00,0.00719999987632036
2022-06-28 09:00:00,0.00719999987632036
2022-06-28 10:00:00,0.00300000002607703
2022-06-28 11:00:00,0.00300000002607703
2022-06-28 12:00:00,0.00300000002607703
2022-06-28 13:00:00,0.24529999494552612
2022-06-28 14:00:00,0.24529999494552612
2022-06-28 15:00:00,0.24529999494552612
2022-06-28 16:00:00,0.7495999932289124
2022-06-28 17:00:00,0.7495999932289124
2022-06-28 18:00:00,0.7495999932289124
2022-06-28 19:00:00,0.974399983882904
2022-06-28 20:00:00,0.974399983882904
2022-06-28 21:00:00,0.974399983882904
2022-06-28 22:00:00,0.7398999929428101
2022-06-28 23:00:00,0.7398999929428101
2022-06-29 00:00:00,0.7398999929428101
2022-06-29 01:00:00,0.19179999828338623
2022-06-29 02:00:00,0.19179999828338623
2022-06-29 03:00:00,0.19179999828338623
2022-06-29 04:00:00,0.03879999741911888
2022-06-29 05:00:00,0.03879999741911888
2022-06-29 06:00:00,0.03879999741911888
2022-06-29 07:00:00,0.03700000047683716
2022-06-29 08:00:00,0.03700000047683716
2022-06-29 09:00:00,0.03700000047683716
2022-06-29 10:00:00,0.02070000022649765
2022-06-29 11:00:00,0.02070000022649765
2022-06-29 12:00:00,0.02070000022649765
2022-06-29 13:00:00,0.27300000190734863
2022-06-29 14:00:00,0.27300000190734863
2022-06-29 15:00:00,0.27300000190734863
2022-06-29 16:00:00,0.7745999693870544
2022-06-29 17:00:00,0.7745999693870544
2022-06-29 18:00:00,0.7745999693870544
2022-06-29 19:00:00,0.9785999655723572
2022-06-29 20:00:00,0.9785999655723572
2022-06-29 21:00:00,0.9785999655723572
2022-06-29 22:00:00,0.7405999898910522
2022-06-29 23:00:00,0.7405999898910522
2022-06-30 00:00:00,0.7405999898910522
2022-06-30 01:00:00,0.21629999577999115
2022-06-30 02:00:00,0.21629999577999115
2022-06-30 03:00:00,0.21629999577999115
2022-06-30 04:00:00,0.05049999803304672
2022-06-30 05:00:00,0.05049999803304672
2022-06-30 06:00:00,0.05049999803304672
2022-06-30 07:00:00,0.045499999076128
2022-06-30 08:00:00,0.045499999076128
2022-06-30 09:00:00,0.045499999076128
2022-06-30 10:00:00,0.03250002488493919
2022-06-30 11:00:00,0.03250002488493919
2022-06-30 12:00:00,0.03250002488493919
2022-06-30 13:00:00,0.2092999964952469
2022-06-30 14:00:00,0.2092999964952469
2022-06-30 15:00:00,0.2092999964952469
2022-06-30 16:00:00,0.561199963092804
2022-06-30 17:00:00,0.561199963092804
2022-06-30 18:00:00,0.561199963092804
2022-06-30 19:00:00,0.726099967956543
2022-06-30 20:00:00,0.726099967956543
2022-06-30 21:00:00,0.726099967956543
2022-06-30 22:00:00,0.6141999959945679
2022-06-30 23:00:00,0.6141999959945679
2022-07-01 00:00:00,0.6141999959945679
2022-07-01 01:00:00,0.20589999854564667
2022-07-01 02:00:00,0.20589999854564667
2022-07-01 03:00:00,0.20589999854564667
2022-07-01 04:00:00,0.02929999865591526
2022-07-01 05:00:00,0.02929999865591526
2022-07-01 06:00:00,0.02929999865591526
2022-07-01 07:00:00,0.01960000023245811
2022-07-01 08:00:00,0.01960000023245811
2022-07-01 09:00:00,0.01960000023245811
2022-07-01 10:00:00,0.01579999923706054
2022-07-01 11:00:00,0.01579999923706054
2022-07-01 12:00:00,0.01579999923706054
2022-07-01 13:00:00,0.1889999955892563
2022-07-01 14:00:00,0.1889999955892563
2022-07-01 15:00:00,0.1889999955892563
2022-07-01 16:00:00,0.6074999570846558
2022-07-01 17:00:00,0.6074999570846558
2022-07-01 18:00:00,0.6074999570846558
2022-07-01 19:00:00,0.8198999762535095
2022-07-01 20:00:00,0.8198999762535095
2022-07-01 21:00:00,0.8198999762535095
2022-07-01 22:00:00,0.6071999669075012
2022-07-01 23:00:00,0.6071999669075012
2022-07-02 00:00:00,0.6071999669075012
2022-07-02 01:00:00,0.19939999282360077
2022-07-02 02:00:00,0.19939999282360077
2022-07-02 03:00:00,0.19939999282360077
2022-07-02 04:00:00,0.03720000013709068
2022-07-02 05:00:00,0.03720000013709068
2022-07-02 06:00:00,0.03720000013709068
2022-07-02 07:00:00,0.01569999940693378
2022-07-02 08:00:00,0.01569999940693378
2022-07-02 09:00:00,0.01569999940693378
2022-07-02 10:00:00,0.00539999967440962
2022-07-02 11:00:00,0.00539999967440962
2022-07-02 12:00:00,0.00539999967440962
2022-07-02 13:00:00,0.19619999825954437
2022-07-02 14:00:00,0.19619999825954437
2022-07-02 15:00:00,0.19619999825954437
2022-07-02 16:00:00,0.6645999550819397
2022-07-02 17:00:00,0.6645999550819397
2022-07-02 18:00:00,0.6645999550819397
2022-07-02 19:00:00,0.8912000060081482
2022-07-02 20:00:00,0.8912000060081482
2022-07-02 21:00:00,0.8912000060081482
2022-07-02 22:00:00,0.6523999571800232
2022-07-02 23:00:00,0.6523999571800232
2022-07-03 00:00:00,0.6523999571800232
2022-07-03 01:00:00,0.2034000009298325
2022-07-03 02:00:00,0.2034000009298325
2022-07-03 03:00:00,0.2034000009298325
2022-07-03 04:00:00,0.05419999733567238
2022-07-03 05:00:00,0.05419999733567238
2022-07-03 06:00:00,0.05419999733567238
2022-07-03 07:00:00,0.04470000043511391
2022-07-03 08:00:00,0.04470000043511391
2022-07-03 09:00:00,0.04470000043511391
2022-07-03 10:00:00,0.02609999850392341
2022-07-03 11:00:00,0.02609999850392341
2022-07-03 12:00:00,0.02609999850392341
2022-07-03 13:00:00,0.25110000371932983
2022-07-03 14:00:00,0.25110000371932983
2022-07-03 15:00:00,0.25110000371932983
2022-07-03 16:00:00,0.6825999617576599
2022-07-03 17:00:00,0.6825999617576599
2022-07-03 18:00:00,0.6825999617576599
2022-07-03 19:00:00,0.8223999738693237
2022-07-03 20:00:00,0.8223999738693237
2022-07-03 21:00:00,0.8223999738693237
2022-07-03 22:00:00,0.5536999702453613
2022-07-03 23:00:00,0.5536999702453613
2022-07-04 00:00:00,0.5536999702453613
2022-07-04 01:00:00,0.17260000109672546
2022-07-04 02:00:00,0.17260000109672546
2022-07-04 03:00:00,0.17260000109672546
2022-07-04 04:00:00,0.02229999937117099
2022-07-04 05:00:00,0.02229999937117099
2022-07-04 06:00:00,0.02229999937117099
2022-07-04 07:00:00,0.01499999966472387
2022-07-04 08:00:00,0.01499999966472387
2022-07-04 09:00:00,0.01499999966472387
2022-07-04 10:00:00,0.00849999953061342
2022-07-04 11:00:00,0.00849999953061342
2022-07-04 12:00:00,0.00849999953061342
2022-07-04 13:00:00,0.20069999992847443
2022-07-04 14:00:00,0.20069999992847443
2022-07-04 15:00:00,0.20069999992847443
2022-07-04 16:00:00,0.644599974155426
2022-07-04 17:00:00,0.644599974155426
2022-07-04 18:00:00,0.644599974155426
2022-07-04 19:00:00,0.8543999791145325
2022-07-04 20:00:00,0.8543999791145325
2022-07-04 21:00:00,0.8543999791145325
2022-07-04 22:00:00,0.6240000128746033
2022-07-04 23:00:00,0.6240000128746033
2022-07-05 00:00:00,0.6240000128746033
2022-07-05 01:00:00,0.1808999925851822
2022-07-05 02:00:00,0.1808999925851822
2022-07-05 03:00:00,0.1808999925851822
2022-07-05 04:00:00,0.04109999909996986
2022-07-05 05:00:00,0.04109999909996986
2022-07-05 06:00:00,0.04109999909996986
2022-07-05 07:00:00,0.01409999933093786
2022-07-05 08:00:00,0.01409999933093786
2022-07-05 09:00:00,0.01409999933093786
2022-07-05 10:00:00,0.00539999967440962
2022-07-05 11:00:00,0.00539999967440962
2022-07-05 12:00:00,0.00539999967440962
2022-07-05 13:00:00,0.2213999629020691
2022-07-05 14:00:00,0.2213999629020691
2022-07-05 15:00:00,0.2213999629020691
2022-07-05 16:00:00,0.6645999550819397
2022-07-05 17:00:00,0.6645999550819397
2022-07-05 18:00:00,0.6645999550819397
2022-07-05 19:00:00,0.7608999609947205
2022-07-05 20:00:00,0.7608999609947205
2022-07-05 21:00:00,0.7608999609947205
2022-07-05 22:00:00,0.57089996337890625
2022-07-05 23:00:00,0.57089996337890625
2022-07-06 00:00:00,0.57089996337890625
2022-07-06 01:00:00,0.1679999977350235
2022-07-06 02:00:00,0.1679999977350235
2022-07-06 03:00:00,0.1679999977350235
2022-07-06 04:00:00,0.02749999985098838
2022-07-06 05:00:00,0.02749999985098838
2022-07-06 06:00:00,0.02749999985098838
2022-07-06 07:00:00,0.01229999959468841
2022-07-06 08:00:00,0.01229999959468841
2022-07-06 09:00:00,0.01229999959468841
2022-07-06 10:00:00,-0.00419999985024333
2022-07-06 11:00:00,-0.00419999985024333
2022-07-06 12:00:00,-0.00419999985024333
2022-07-06 13:00:00,0.15940000116825104
2022-07-06 14:00:00,0.15940000116825104
2022-07-06 15:00:00,0.15940000116825104
2022-07-06 16:00:00,0.5641999840736389
2022-07-06 17:00:00,0.5641999840736389
2022-07-06 18:00:00,0.5641999840736389
2022-07-06 19:00:00,0.7319999933242798
2022-07-06 20:00:00,0.7319999933242798
2022-07-06 21:00:00,0.7319999933242798
2022-07-06 22:00:00,0.4749999940395355
2022-07-06 23:00:00,0.4749999940395355
2022-07-07 00:00:00,0.4749999940395355
2022-07-07 01:00:00,0.14959999918937683
2022-07-07 02:00:00,0.14959999918937683
2022-07-07 03:00:00,0.14959999918937683
2022-07-07 04:00:00,0.00490000005811452
2022-07-07 05:00:00,0.00490000005811452
2022-07-07 06:00:00,0.00490000005811452
2022-07-07 07:00:00,-0.0032999999821186
2022-07-07 08:00:00,-0.0032999999821186
2022-07-07 09:00:00,-0.0032999999821186
2022-07-07 10:00:00,-0.00719999987632036
2022-07-07 11:00:00,-0.00719999987632036
2022-07-07 12:00:00,-0.00719999987632036
2022-07-07 13:00:00,0.20239999890327456
2022-07-07 14:00:00,0.20239999890327456
2022-07-07 15:00:00,0.20239999890327456
2022-07-07 16:00:00,0.6413999795913696
2022-07-07 17:00:00,0.6413999795913696
2022-07-07 18:00:00,0.6413999795913696
2022-07-07 19:00:00,0.7525999546051025
2022-07-07 20:00:00,0.7525999546051025
2022-07-07 21:00:00,0.7525999546051025
2022-07-07 22:00:00,0.5471000075340271
2022-07-07 23:00:00,0.5471000075340271
2022-07-08 00:00:00,0.5471000075340271
2022-07-08 01:00:00,0.1591999977827072
2022-07-08 02:00:00,0.1591999977827072
2022-07-08 03:00:00,0.1591999977827072
2022-07-08 04:00:00,0.00699999975040555
2022-07-08 05:00:00,0.00699999975040555
2022-07-08 06:00:00,0.00699999975040555
2022-07-08 07:00:00,-0.00130000000353902
2022-07-08 08:00:00,-0.00130000000353902
2022-07-08 09:00:00,-0.00130000000353902
2022-07-08 10:00:00,-0.00300002424046397
2022-07-08 11:00:00,-0.00300002424046397
2022-07-08 12:00:00,-0.00300002424046397
2022-07-08 13:00:00,0.18699999153614044
2022-07-08 14:00:00,0.18699999153614044
2022-07-08 15:00:00,0.18699999153614044
2022-07-08 16:00:00,0.6399999856948853
2022-07-08 17:00:00,0.6399999856948853
2022-07-08 18:00:00,0.6399999856948853
2022-07-08 19:00:00,0.8888999819755554
2022-07-08 20:00:00,0.8888999819755554
2022-07-08 21:00:00,0.8888999819755554
2022-07-08 22:00:00,0.6949999928474426
2022-07-08 23:00:00,0.6949999928474426
2022-07-09 00:00:00,0.6949999928474426
2022-07-09 01:00:00,0.19359999895095825
2022-07-09 02:00:00,0.19359999895095825
2022-07-09 03:00:00,0.19359999895095825
2022-07-09 04:00:00,0.02459999918937683
2022-07-09 05:00:00,0.02459999918937683
2022-07-09 06:00:00,0.02459999918937683
2022-07-09 07:00:00,0.00829999987035989
2022-07-09 08:00:00,0.00829999987035989
2022-07-09 09:00:00,0.00829999987035989
2022-07-09 10:00:00,0.00179999996908009
2022-07-09 11:00:00,0.00179999996908009
2022-07-09 12:00:00,0.00179999996908009
2022-07-09 13:00:00,0.23089998960494995
2022-07-09 14:00:00,0.23089998960494995
2022-07-09 15:00:00,0.23089998960494995
2022-07-09 16:00:00,0.7389000058174133
2022-07-09 17:00:00,0.7389000058174133
2022-07-09 18:00:00,0.7389000058174133
2022-07-09 19:00:00,0.9546999931335448
2022-07-09 20:00:00,0.9546999931335448
2022-07-09 21:00:00,0.9546999931335448
2022-07-09 22:00:00,0.7224000096321106
2022-07-09 23:00:00,0.7224000096321106
2022-07-10 00:00:00,0.7224000096321106
2022-07-10 01:00:00,0.17419999837875366
2022-07-10 02:00:00,0.17419999837875366
2022-07-10 03:00:00,0.17419999837875366
2022-07-10 04:00:00,0.04069999977946281
2022-07-10 05:00:00,0.04069999977946281
2022-07-10 06:00:00,0.04069999977946281
2022-07-10 07:00:00,0.02620000019669532
2022-07-10 08:00:00,0.02620000019669532
2022-07-10 09:00:00,0.02620000019669532
2022-07-10 10:00:00,0.01960000023245811
2022-07-10 11:00:00,0.01960000023245811
2022-07-10 12:00:00,0.01960000023245811
2022-07-10 13:00:00,0.23979999125003815
2022-07-10 14:00:00,0.23979999125003815
2022-07-10 15:00:00,0.23979999125003815
2022-07-10 16:00:00,0.7613999843597412
2022-07-10 17:00:00,0.7613999843597412
2022-07-10 18:00:00,0.7613999843597412
2022-07-10 19:00:00,0.9705999493598938
2022-07-10 20:00:00,0.9705999493598938
2022-07-10 21:00:00,0.9705999493598938
2022-07-10 22:00:00,0.6960999965667725
2022-07-10 23:00:00,0.6960999965667725
2022-07-11 00:00:00,0.6960999965667725
2022-07-11 01:00:00,0.18940000236034393
2022-07-11 02:00:00,0.18940000236034393
2022-07-11 03:00:00,0.18940000236034393
2022-07-11 04:00:00,0.04509999975562095
2022-07-11 05:00:00,0.04509999975562095
2022-07-11 06:00:00,0.04509999975562095
2022-07-11 07:00:00,0.04139997437596321
2022-07-11 08:00:00,0.04139997437596321
2022-07-11 09:00:00,0.04139997437596321
2022-07-11 10:00:00,0.0255999993532896
2022-07-11 11:00:00,0.0255999993532896
2022-07-11 12:00:00,0.0255999993532896
2022-07-11 13:00:00,0.23099999129772184
2022-07-11 14:00:00,0.23099999129772184
2022-07-11 15:00:00,0.23099999129772184
2022-07-11 16:00:00,0.6485999822616577
2022-07-11 17:00:00,0.6485999822616577
2022-07-11 18:00:00,0.6485999822616577
2022-07-11 19:00:00,0.8504999876022339
2022-07-11 20:00:00,0.8504999876022339
2022-07-11 21:00:00,0.8504999876022339
2022-07-11 22:00:00,0.6513000130653381
2022-07-11 23:00:00,0.6513000130653381
2022-07-12 00:00:00,0.6513000130653381
2022-07-12 01:00:00,0.16539999842643738
2022-07-12 02:00:00,0.16539999842643738
2022-07-12 03:00:00,0.16539999842643738
2022-07-12 04:00:00,0.01310000009834766
2022-07-12 05:00:00,0.01310000009834766
2022-07-12 06:00:00,0.01310000009834766
2022-07-12 07:00:00,0.00279999990016222
2022-07-12 08:00:00,0.00279999990016222
2022-07-12 09:00:00,0.00279999990016222
2022-07-12 10:00:00,-0.00769999995827674
2022-07-12 11:00:00,-0.00769999995827674
2022-07-12 12:00:00,-0.00769999995827674
2022-07-12 13:00:00,0.18299999833106995
2022-07-12 14:00:00,0.18299999833106995
2022-07-12 15:00:00,0.18299999833106995
2022-07-12 16:00:00,0.6801999807357788
2022-07-12 17:00:00,0.6801999807357788
2022-07-12 18:00:00,0.6801999807357788
2022-07-12 19:00:00,0.8960999846458435
2022-07-12 20:00:00,0.8960999846458435
2022-07-12 21:00:00,0.8960999846458435
2022-07-12 22:00:00,0.6717999577522278
2022-07-12 23:00:00,0.6717999577522278
2022-07-13 00:00:00,0.6717999577522278
2022-07-13 01:00:00,0.1761000007390976
2022-07-13 02:00:00,0.1761000007390976
2022-07-13 03:00:00,0.1761000007390976
2022-07-13 04:00:00,0.01809999905526638
2022-07-13 05:00:00,0.01809999905526638
2022-07-13 06:00:00,0.01809999905526638
2022-07-13 07:00:00,0.0101999994367361
2022-07-13 08:00:00,0.0101999994367361
2022-07-13 09:00:00,0.0101999994367361
2022-07-13 10:00:00,0.02089999988675117
2022-07-13 11:00:00,0.02089999988675117
2022-07-13 12:00:00,0.02089999988675117
2022-07-13 13:00:00,0.2179999947547913
2022-07-13 14:00:00,0.2179999947547913
2022-07-13 15:00:00,0.2179999947547913
2022-07-13 16:00:00,0.7292999625205994
2022-07-13 17:00:00,0.7292999625205994
2022-07-13 18:00:00,0.7292999625205994
2022-07-13 19:00:00,0.930899977684021
2022-07-13 20:00:00,0.930899977684021
2022-07-13 21:00:00,0.930899977684021
2022-07-13 22:00:00,0.6940999627113342
2022-07-13 23:00:00,0.6940999627113342
2022-07-14 00:00:00,0.6940999627113342
2022-07-14 01:00:00,0.17559999227523804
2022-07-14 02:00:00,0.17559999227523804
2022-07-14 03:00:00,0.17559999227523804
2022-07-14 04:00:00,0.02979999966919422
2022-07-14 05:00:00,0.02979999966919422
2022-07-14 06:00:00,0.02979999966919422
2022-07-14 07:00:00,0.02909999899566173
2022-07-14 08:00:00,0.02909999899566173
2022-07-14 09:00:00,0.02909999899566173
2022-07-14 10:00:00,0.0127999996766448
2022-07-14 11:00:00,0.0127999996766448
2022-07-14 12:00:00,0.0127999996766448
2022-07-14 13:00:00,0.21279996633529663
2022-07-14 14:00:00,0.21279996633529663
2022-07-14 15:00:00,0.21279996633529663
2022-07-14 16:00:00,0.6880999803543091
2022-07-14 17:00:00,0.6880999803543091
2022-07-14 18:00:00,0.6880999803543091
2022-07-14 19:00:00,0.9149999618530272
2022-07-14 20:00:00,0.9149999618530272
2022-07-14 21:00:00,0.9149999618530272
2022-07-14 22:00:00,0.6539999842643738
2022-07-14 23:00:00,0.6539999842643738
2022-07-15 00:00:00,0.6539999842643738
2022-07-15 01:00:00,0.1696999967098236
2022-07-15 02:00:00,0.1696999967098236
2022-07-15 03:00:00,0.1696999967098236
2022-07-15 04:00:00,0.04739999771118164
2022-07-15 05:00:00,0.04739999771118164
2022-07-15 06:00:00,0.04739999771118164
2022-07-15 07:00:00,0.02410000003874302
2022-07-15 08:00:00,0.02410000003874302
2022-07-15 09:00:00,0.02410000003874302
2022-07-15 10:00:00,0.01509999949485063
2022-07-15 11:00:00,0.01509999949485063
2022-07-15 12:00:00,0.01509999949485063
2022-07-15 13:00:00,0.20419999957084656
2022-07-15 14:00:00,0.20419999957084656
2022-07-15 15:00:00,0.20419999957084656
2022-07-15 16:00:00,0.684499979019165
2022-07-15 17:00:00,0.684499979019165
2022-07-15 18:00:00,0.684499979019165
2022-07-15 19:00:00,0.8109999895095825
2022-07-15 20:00:00,0.8109999895095825
2022-07-15 21:00:00,0.8109999895095825
2022-07-15 22:00:00,0.5221999883651733
2022-07-15 23:00:00,0.5221999883651733
2022-07-16 00:00:00,0.5221999883651733
2022-07-16 01:00:00,0.16369996964931488
2022-07-16 02:00:00,0.16369996964931488
2022-07-16 03:00:00,0.16369996964931488
2022-07-16 04:00:00,0.01929999887943267
2022-07-16 05:00:00,0.01929999887943267
2022-07-16 06:00:00,0.01929999887943267
2022-07-16 07:00:00,0.02979999966919422
2022-07-16 08:00:00,0.02979999966919422
2022-07-16 09:00:00,0.02979999966919422
2022-07-16 10:00:00,-1.9999999494757503e-4
2022-07-16 11:00:00,-1.9999999494757503e-4
2022-07-16 12:00:00,-1.9999999494757503e-4
2022-07-16 13:00:00,0.19789999723434448
2022-07-16 14:00:00,0.19789999723434448
2022-07-16 15:00:00,0.19789999723434448
2022-07-16 16:00:00,0.6301000118255615
2022-07-16 17:00:00,0.6301000118255615
2022-07-16 18:00:00,0.6301000118255615
2022-07-16 19:00:00,0.7651999592781067
2022-07-16 20:00:00,0.7651999592781067
2022-07-16 21:00:00,0.7651999592781067
2022-07-16 22:00:00,0.5465999841690063
2022-07-16 23:00:00,0.5465999841690063
2022-07-17 00:00:00,0.5465999841690063
2022-07-17 01:00:00,0.1615999937057495
2022-07-17 02:00:00,0.1615999937057495
2022-07-17 03:00:00,0.1615999937057495
2022-07-17 04:00:00,0.00370000000111758
2022-07-17 05:00:00,0.00370000000111758
2022-07-17 06:00:00,0.00370000000111758
2022-07-17 07:00:00,-0.00439999997615814
2022-07-17 08:00:00,-0.00439999997615814
2022-07-17 09:00:00,-0.00439999997615814
2022-07-17 10:00:00,-0.00949999969452619
2022-07-17 11:00:00,-0.00949999969452619
2022-07-17 12:00:00,-0.00949999969452619
2022-07-17 13:00:00,0.17309999465942383
2022-07-17 14:00:00,0.17309999465942383
2022-07-17 15:00:00,0.17309999465942383
2022-07-17 16:00:00,0.6552000045776367
2022-07-17 17:00:00,0.6552000045776367
2022-07-17 18:00:00,0.6552000045776367
2022-07-17 19:00:00,0.899399995803833
2022-07-17 20:00:00,0.899399995803833
2022-07-17 21:00:00,0.899399995803833
2022-07-17 22:00:00,0.6994999647140503
2022-07-17 23:00:00,0.6994999647140503
2022-07-18 00:00:00,0.6994999647140503
2022-07-18 01:00:00,0.18629999458789823
2022-07-18 02:00:00,0.18629999458789823
2022-07-18 03:00:00,0.18629999458789823
2022-07-18 04:00:00,0.03959999978542328
2022-07-18 05:00:00,0.03959999978542328
2022-07-18 06:00:00,0.03959999978542328
2022-07-18 07:00:00,0.02159999869763851
2022-07-18 08:00:00,0.02159999869763851
2022-07-18 09:00:00,0.02159999869763851
2022-07-18 10:00:00,0.02209999971091747
2022-07-18 11:00:00,0.02209999971091747
2022-07-18 12:00:00,0.02209999971091747
2022-07-18 13:00:00,0.23819999396800995
2022-07-18 14:00:00,0.23819999396800995
2022-07-18 15:00:00,0.23819999396800995
2022-07-18 16:00:00,0.6495000123977661
2022-07-18 17:00:00,0.6495000123977661
2022-07-18 18:00:00,0.6495000123977661
2022-07-18 19:00:00,0.9286999702453612
2022-07-18 20:00:00,0.9286999702453612
2022-07-18 21:00:00,0.9286999702453612
2022-07-18 22:00:00,0.6839999556541443
2022-07-18 23:00:00,0.6839999556541443
2022-07-19 00:00:00,0.6839999556541443
2022-07-19 01:00:00,0.2069999873638153
2022-07-19 02:00:00,0.2069999873638153
2022-07-19 03:00:00,0.2069999873638153
2022-07-19 04:00:00,0.04979999735951423
2022-07-19 05:00:00,0.04979999735951423
2022-07-19 06:00:00,0.04979999735951423
2022-07-19 07:00:00,0.03849997371435165
2022-07-19 08:00:00,0.03849997371435165
2022-07-19 09:00:00,0.03849997371435165
2022-07-19 10:00:00,0.03089999966323375
2022-07-19 11:00:00,0.03089999966323375
2022-07-19 12:00:00,0.03089999966323375
2022-07-19 13:00:00,0.24319997429847717
2022-07-19 14:00:00,0.24319997429847717
2022-07-19 15:00:00,0.24319997429847717
2022-07-19 16:00:00,0.7265999913215637
2022-07-19 17:00:00,0.7265999913215637
2022-07-19 18:00:00,0.7265999913215637
2022-07-19 19:00:00,0.9212999939918518
2022-07-19 20:00:00,0.9212999939918518
2022-07-19 21:00:00,0.9212999939918518
2022-07-19 22:00:00,0.6908000111579895
2022-07-19 23:00:00,0.6908000111579895
2022-07-20 00:00:00,0.6908000111579895
2022-07-20 01:00:00,0.17329999804496765
2022-07-20 02:00:00,0.17329999804496765
2022-07-20 03:00:00,0.17329999804496765
2022-07-20 04:00:00,0.03749999776482582
2022-07-20 05:00:00,0.03749999776482582
2022-07-20 06:00:00,0.03749999776482582
2022-07-20 07:00:00,0.02209999971091747
2022-07-20 08:00:00,0.02209999971091747
2022-07-20 09:00:00,0.02209999971091747
2022-07-20 10:00:00,0.00479999976232647
2022-07-20 11:00:00,0.00479999976232647
2022-07-20 12:00:00,0.00479999976232647
2022-07-20 13:00:00,0.2039999961853027
2022-07-20 14:00:00,0.2039999961853027
2022-07-20 15:00:00,0.2039999961853027
2022-07-20 16:00:00,0.6825999617576599
2022-07-20 17:00:00,0.6825999617576599
2022-07-20 18:00:00,0.6825999617576599
2022-07-20 19:00:00,0.8416999578475952
2022-07-20 20:00:00,0.8416999578475952
2022-07-20 21:00:00,0.8416999578475952
2022-07-20 22:00:00,0.599299967288971
2022-07-20 23:00:00,0.599299967288971
2022-07-21 00:00:00,0.599299967288971
2022-07-21 01:00:00,0.17389999330043793
2022-07-21 02:00:00,0.17389999330043793
2022-07-21 03:00:00,0.17389999330043793
2022-07-21 04:00:00,0.01689999923110008
2022-07-21 05:00:00,0.01689999923110008
2022-07-21 06:00:00,0.01689999923110008
2022-07-21 07:00:00,0.00230000005103647
2022-07-21 08:00:00,0.00230000005103647
2022-07-21 09:00:00,0.00230000005103647
2022-07-21 10:00:00,0.00389999989420175
2022-07-21 11:00:00,0.00389999989420175
2022-07-21 12:00:00,0.00389999989420175
2022-07-21 13:00:00,0.1776999980211258
2022-07-21 14:00:00,0.1776999980211258
2022-07-21 15:00:00,0.1776999980211258
2022-07-21 16:00:00,0.6872999668121338
2022-07-21 17:00:00,0.6872999668121338
2022-07-21 18:00:00,0.6872999668121338
2022-07-21 19:00:00,0.8822000026702881
2022-07-21 20:00:00,0.8822000026702881
2022-07-21 21:00:00,0.8822000026702881
2022-07-21 22:00:00,0.6503999829292297
2022-07-21 23:00:00,0.6503999829292297
2022-07-22 00:00:00,0.6503999829292297
2022-07-22 01:00:00,0.17249999940395355
2022-07-22 02:00:00,0.17249999940395355
2022-07-22 03:00:00,0.17249999940395355
2022-07-22 04:00:00,0.02789999917149543
2022-07-22 05:00:00,0.02789999917149543
2022-07-22 06:00:00,0.02789999917149543
2022-07-22 07:00:00,0.02639999985694885
2022-07-22 08:00:00,0.02639999985694885
2022-07-22 09:00:00,0.02639999985694885
2022-07-22 10:00:00,0.01719999872148037
2022-07-22 11:00:00,0.01719999872148037
2022-07-22 12:00:00,0.01719999872148037
2022-07-22 13:00:00,0.21139998733997345
2022-07-22 14:00:00,0.21139998733997345
2022-07-22 15:00:00,0.21139998733997345
2022-07-22 16:00:00,0.6897000074386597
2022-07-22 17:00:00,0.6897000074386597
2022-07-22 18:00:00,0.6897000074386597
2022-07-22 19:00:00,0.935099959373474
2022-07-22 20:00:00,0.935099959373474
2022-07-22 21:00:00,0.935099959373474
2022-07-22 22:00:00,0.6518999934196472
2022-07-22 23:00:00,0.6518999934196472
2022-07-23 00:00:00,0.6518999934196472
2022-07-23 01:00:00,0.1680999994277954
2022-07-23 02:00:00,0.1680999994277954
2022-07-23 03:00:00,0.1680999994277954
2022-07-23 04:00:00,0.02479999884963035
2022-07-23 05:00:00,0.02479999884963035
2022-07-23 06:00:00,0.02479999884963035
2022-07-23 07:00:00,0.01439999975264072
2022-07-23 08:00:00,0.01439999975264072
2022-07-23 09:00:00,0.01439999975264072
2022-07-23 10:00:00,0.01979999989271164
2022-07-23 11:00:00,0.01979999989271164
2022-07-23 12:00:00,0.01979999989271164
2022-07-23 13:00:00,0.2143999934196472
2022-07-23 14:00:00,0.2143999934196472
2022-07-23 15:00:00,0.2143999934196472
2022-07-23 16:00:00,0.7181999683380127
2022-07-23 17:00:00,0.7181999683380127
2022-07-23 18:00:00,0.7181999683380127
2022-07-23 19:00:00,0.8784999847412109
2022-07-23 20:00:00,0.8784999847412109
2022-07-23 21:00:00,0.8784999847412109
2022-07-23 22:00:00,0.5866000056266785
2022-07-23 23:00:00,0.5866000056266785
2022-07-24 00:00:00,0.5866000056266785
2022-07-24 01:00:00,0.1770000010728836
2022-07-24 02:00:00,0.1770000010728836
2022-07-24 03:00:00,0.1770000010728836
2022-07-24 04:00:00,0.04539999738335609
2022-07-24 05:00:00,0.04539999738335609
2022-07-24 06:00:00,0.04539999738335609
2022-07-24 07:00:00,0.02410000003874302
2022-07-24 08:00:00,0.02410000003874302
2022-07-24 09:00:00,0.02410000003874302
2022-07-24 10:00:00,0.0163000002503395
2022-07-24 11:00:00,0.0163000002503395
2022-07-24 12:00:00,0.0163000002503395
2022-07-24 13:00:00,0.17489999532699585
2022-07-24 14:00:00,0.17489999532699585
2022-07-24 15:00:00,0.17489999532699585
2022-07-24 16:00:00,0.5550000071525574
2022-07-24 17:00:00,0.5550000071525574
2022-07-24 18:00:00,0.5550000071525574
2022-07-24 19:00:00,0.6401000022888184
2022-07-24 20:00:00,0.6401000022888184
2022-07-24 21:00:00,0.6401000022888184
2022-07-24 22:00:00,0.3671000003814697
2022-07-24 23:00:00,0.3671000003814697
2022-07-25 00:00:00,0.3671000003814697
2022-07-25 01:00:00,0.1119999960064888
2022-07-25 02:00:00,0.1119999960064888
2022-07-25 03:00:00,0.1119999960064888
2022-07-25 04:00:00,0.00949999969452619
2022-07-25 05:00:00,0.00949999969452619
2022-07-25 06:00:00,0.00949999969452619
2022-07-25 07:00:00,0.00169999990612268
2022-07-25 08:00:00,0.00169999990612268
2022-07-25 09:00:00,0.00169999990612268
2022-07-25 10:00:00,-0.00820000004023313
2022-07-25 11:00:00,-0.00820000004023313
2022-07-25 12:00:00,-0.00820000004023313
2022-07-25 13:00:00,0.1371999979019165
2022-07-25 14:00:00,0.1371999979019165
2022-07-25 15:00:00,0.1371999979019165
2022-07-25 16:00:00,0.5259999632835388
2022-07-25 17:00:00,0.5259999632835388
2022-07-25 18:00:00,0.5259999632835388
2022-07-25 19:00:00,0.8048999905586243
2022-07-25 20:00:00,0.8048999905586243
2022-07-25 21:00:00,0.8048999905586243
2022-07-25 22:00:00,0.6132000088691711
2022-07-25 23:00:00,0.6132000088691711
2022-07-26 00:00:00,0.6132000088691711
2022-07-26 01:00:00,0.16249999403953552
2022-07-26 02:00:00,0.16249999403953552
2022-07-26 03:00:00,0.16249999403953552
2022-07-26 04:00:00,0.01960000023245811
2022-07-26 05:00:00,0.01960000023245811
2022-07-26 06:00:00,0.01960000023245811
2022-07-26 07:00:00,0.01079999934881925
2022-07-26 08:00:00,0.01079999934881925
2022-07-26 09:00:00,0.01079999934881925
2022-07-26 10:00:00,0.00419999985024333
2022-07-26 11:00:00,0.00419999985024333
2022-07-26 12:00:00,0.00419999985024333
2022-07-26 13:00:00,0.1826999932527542
2022-07-26 14:00:00,0.1826999932527542
2022-07-26 15:00:00,0.1826999932527542
2022-07-26 16:00:00,0.6423999667167664
2022-07-26 17:00:00,0.6423999667167664
2022-07-26 18:00:00,0.6423999667167664
2022-07-26 19:00:00,0.8270999789237976
2022-07-26 20:00:00,0.8270999789237976
2022-07-26 21:00:00,0.8270999789237976
2022-07-26 22:00:00,0.6008999943733215
2022-07-26 23:00:00,0.6008999943733215
2022-07-27 00:00:00,0.6008999943733215
2022-07-27 01:00:00,0.15359999239444733
2022-07-27 02:00:00,0.15359999239444733
2022-07-27 03:00:00,0.15359999239444733
2022-07-27 04:00:00,0.02269999869167804
2022-07-27 05:00:00,0.02269999869167804
2022-07-27 06:00:00,0.02269999869167804
2022-07-27 07:00:00,0.00439999997615814
2022-07-27 08:00:00,0.00439999997615814
2022-07-27 09:00:00,0.00439999997615814
2022-07-27 10:00:00,-0.00810000021010637
2022-07-27 11:00:00,-0.00810000021010637
2022-07-27 12:00:00,-0.00810000021010637
2022-07-27 13:00:00,0.15839999914169312
2022-07-27 14:00:00,0.15839999914169312
2022-07-27 15:00:00,0.15839999914169312
2022-07-27 16:00:00,0.6509000062942505
2022-07-27 17:00:00,0.6509000062942505
2022-07-27 18:00:00,0.6509000062942505
2022-07-27 19:00:00,0.8315999507904053
2022-07-27 20:00:00,0.8315999507904053
2022-07-27 21:00:00,0.8315999507904053
2022-07-27 22:00:00,0.6003999710083008
2022-07-27 23:00:00,0.6003999710083008
2022-07-28 00:00:00,0.6003999710083008
2022-07-28 01:00:00,0.15129999816417694
2022-07-28 02:00:00,0.15129999816417694
2022-07-28 03:00:00,0.15129999816417694
2022-07-28 04:00:00,0.04419997334480285
2022-07-28 05:00:00,0.04419997334480285
2022-07-28 06:00:00,0.04419997334480285
2022-07-28 07:00:00,0.02219999954104423
2022-07-28 08:00:00,0.02219999954104423
2022-07-28 09:00:00,0.02219999954104423
2022-07-28 10:00:00,0.00889999978244304
2022-07-28 11:00:00,0.00889999978244304
2022-07-28 12:00:00,0.00889999978244304
2022-07-28 13:00:00,0.15039999783039093
2022-07-28 14:00:00,0.15039999783039093
2022-07-28 15:00:00,0.15039999783039093
2022-07-28 16:00:00,0.5015000104904175
2022-07-28 17:00:00,0.5015000104904175
2022-07-28 18:00:00,0.5015000104904175
2022-07-28 19:00:00,0.5839999914169312
2022-07-28 20:00:00,0.5839999914169312
2022-07-28 21:00:00,0.5839999914169312
2022-07-28 22:00:00,0.38329997658729553
2022-07-28 23:00:00,0.38329997658729553
2022-07-29 00:00:00,0.38329997658729553
2022-07-29 01:00:00,0.13159999251365662
2022-07-29 02:00:00,0.13159999251365662
2022-07-29 03:00:00,0.13159999251365662
2022-07-29 04:00:00,0.00820000004023313
2022-07-29 05:00:00,0.00820000004023313
2022-07-29 06:00:00,0.00820000004023313
2022-07-29 07:00:00,4.999999655410647e-4
2022-07-29 08:00:00,4.999999655410647e-4
2022-07-29 09:00:00,4.999999655410647e-4
2022-07-29 10:00:00,-0.00249999994412064
2022-07-29 11:00:00,-0.00249999994412064
2022-07-29 12:00:00,-0.00249999994412064
2022-07-29 13:00:00,0.13339999318122864
2022-07-29 14:00:00,0.13339999318122864
2022-07-29 15:00:00,0.13339999318122864
2022-07-29 16:00:00,0.51910001039505
2022-07-29 17:00:00,0.51910001039505
2022-07-29 18:00:00,0.51910001039505
2022-07-29 19:00:00,0.6328999996185303
2022-07-29 20:00:00,0.6328999996185303
2022-07-29 21:00:00,0.6328999996185303
2022-07-29 22:00:00,0.4805999994277954
2022-07-29 23:00:00,0.4805999994277954
2022-07-30 00:00:00,0.4805999994277954
2022-07-30 01:00:00,0.13159999251365662
2022-07-30 02:00:00,0.13159999251365662
2022-07-30 03:00:00,0.13159999251365662
2022-07-30 04:00:00,3.9999998989515007e-4
2022-07-30 05:00:00,3.9999998989515007e-4
2022-07-30 06:00:00,3.9999998989515007e-4
2022-07-30 07:00:00,-0.00719999987632036
2022-07-30 08:00:00,-0.00719999987632036
2022-07-30 09:00:00,-0.00719999987632036
2022-07-30 10:00:00,-0.01229999959468841
2022-07-30 11:00:00,-0.01229999959468841
2022-07-30 12:00:00,-0.01229999959468841
2022-07-30 13:00:00,0.13609999418258667
2022-07-30 14:00:00,0.13609999418258667
2022-07-30 15:00:00,0.13609999418258667
2022-07-30 16:00:00,0.6018999814987183
2022-07-30 17:00:00,0.6018999814987183
2022-07-30 18:00:00,0.6018999814987183
2022-07-30 19:00:00,0.8222000002861023
2022-07-30 20:00:00,0.8222000002861023
2022-07-30 21:00:00,0.8222000002861023
2022-07-30 22:00:00,0.6247999668121338
2022-07-30 23:00:00,0.6247999668121338
2022-07-31 00:00:00,0.6247999668121338
2022-07-31 01:00:00,0.14720000326633453
2022-07-31 02:00:00,0.14720000326633453
2022-07-31 03:00:00,0.14720000326633453
2022-07-31 04:00:00,0.02209999971091747
2022-07-31 05:00:00,0.02209999971091747
2022-07-31 06:00:00,0.02209999971091747
2022-07-31 07:00:00,0.01239999942481517
2022-07-31 08:00:00,0.01239999942481517
2022-07-31 09:00:00,0.01239999942481517
2022-07-31 10:00:00,0.00379999983124434
2022-07-31 11:00:00,0.00379999983124434
2022-07-31 12:00:00,0.00379999983124434
2022-07-31 13:00:00,0.16259999573230743
2022-07-31 14:00:00,0.16259999573230743
2022-07-31 15:00:00,0.16259999573230743
2022-07-31 16:00:00,0.6283999681472778
2022-07-31 17:00:00,0.6283999681472778
2022-07-31 18:00:00,0.6283999681472778
2022-07-31 19:00:00,0.7407000064849854
2022-07-31 20:00:00,0.7407000064849854
2022-07-31 21:00:00,0.7407000064849854
2022-07-31 22:00:00,0.524899959564209
2022-07-31 23:00:00,0.524899959564209
2022-08-01 00:00:00,0.5249000191688538
2022-08-01 01:00:00,0.12759999930858612
2022-08-01 02:00:00,0.12759999930858612
2022-08-01 03:00:00,0.12759999930858612
2022-08-01 04:00:00,0.02449999935925007
2022-08-01 05:00:00,0.02449999935925007
2022-08-01 06:00:00,0.02449999935925007
2022-08-01 07:00:00,0.0198999997228384
2022-08-01 08:00:00,0.0198999997228384
2022-08-01 09:00:00,0.0198999997228384
2022-08-01 10:00:00,0.01659999974071979
2022-08-01 11:00:00,0.01659999974071979
2022-08-01 12:00:00,0.01659999974071979
2022-08-01 13:00:00,0.17829999327659607
2022-08-01 14:00:00,0.17829999327659607
2022-08-01 15:00:00,0.17829999327659607
2022-08-01 16:00:00,0.6198999881744385
2022-08-01 17:00:00,0.6198999881744385
2022-08-01 18:00:00,0.6198999881744385
2022-08-01 19:00:00,0.826200008392334
2022-08-01 20:00:00,0.826200008392334
2022-08-01 21:00:00,0.826200008392334
2022-08-01 22:00:00,0.5967000126838684
2022-08-01 23:00:00,0.5967000126838684
2022-08-02 00:00:00,0.5967000126838684
2022-08-02 01:00:00,0.15150000154972076
2022-08-02 02:00:00,0.15150000154972076
2022-08-02 03:00:00,0.15150000154972076
2022-08-02 04:00:00,0.03579999879002571
2022-08-02 05:00:00,0.03579999879002571
2022-08-02 06:00:00,0.03579999879002571
2022-08-02 07:00:00,0.0406000018119812
2022-08-02 08:00:00,0.0406000018119812
2022-08-02 09:00:00,0.0406000018119812
2022-08-02 10:00:00,0.02800000086426735
2022-08-02 11:00:00,0.02800000086426735
2022-08-02 12:00:00,0.02800000086426735
2022-08-02 13:00:00,0.17020000517368317
2022-08-02 14:00:00,0.17020000517368317
2022-08-02 15:00:00,0.17020000517368317
2022-08-02 16:00:00,0.6340000033378601
2022-08-02 17:00:00,0.6340000033378601
2022-08-02 18:00:00,0.6340000033378601
2022-08-02 19:00:00,0.8256000280380249
2022-08-02 20:00:00,0.8256000280380249
2022-08-02 21:00:00,0.8256000280380249
2022-08-02 22:00:00,0.6391000151634216
2022-08-02 23:00:00,0.6391000151634216
2022-08-03 00:00:00,0.6391000151634216
2022-08-03 01:00:00,0.17649999260902405
2022-08-03 02:00:00,0.17649999260902405
2022-08-03 03:00:00,0.17649999260902405
2022-08-03 04:00:00,0.05110000073909759
2022-08-03 05:00:00,0.05110000073909759
2022-08-03 06:00:00,0.05110000073909759
2022-08-03 07:00:00,0.04479999840259552
2022-08-03 08:00:00,0.04479999840259552
2022-08-03 09:00:00,0.04479999840259552
2022-08-03 10:00:00,0.00270000007003545
2022-08-03 11:00:00,0.00270000007003545
2022-08-03 12:00:00,0.00270000007003545
2022-08-03 13:00:00,0.1607999950647354
2022-08-03 14:00:00,0.1607999950647354
2022-08-03 15:00:00,0.1607999950647354
2022-08-03 16:00:00,0.5917999744415283
2022-08-03 17:00:00,0.5917999744415283
2022-08-03 18:00:00,0.5917999744415283
2022-08-03 19:00:00,0.7329000234603882
2022-08-03 20:00:00,0.7329000234603882
2022-08-03 21:00:00,0.7329000234603882
2022-08-03 22:00:00,0.5794000029563904
2022-08-03 23:00:00,0.5794000029563904
2022-08-04 00:00:00,0.5794000029563904
2022-08-04 01:00:00,0.14749999344348907
2022-08-04 02:00:00,0.14749999344348907
2022-08-04 03:00:00,0.14749999344348907
2022-08-04 04:00:00,0.0210999995470047
2022-08-04 05:00:00,0.0210999995470047
2022-08-04 06:00:00,0.0210999995470047
2022-08-04 07:00:00,0.01700000092387199
2022-08-04 08:00:00,0.01700000092387199
2022-08-04 09:00:00,0.01700000092387199
2022-08-04 10:00:00,0.00219999998807907
2022-08-04 11:00:00,0.00219999998807907
2022-08-04 12:00:00,0.00219999998807907
2022-08-04 13:00:00,0.15569999814033508
2022-08-04 14:00:00,0.15569999814033508
2022-08-04 15:00:00,0.15569999814033508
2022-08-04 16:00:00,0.612500011920929
2022-08-04 17:00:00,0.612500011920929
2022-08-04 18:00:00,0.612500011920929
2022-08-04 19:00:00,0.8529000282287598
2022-08-04 20:00:00,0.8529000282287598
2022-08-04 21:00:00,0.8529000282287598
2022-08-04 22:00:00,0.6593000292778015
2022-08-04 23:00:00,0.6593000292778015
2022-08-05 00:00:00,0.6593000292778015
2022-08-05 01:00:00,0.14589999616146088
2022-08-05 02:00:00,0.14589999616146088
2022-08-05 03:00:00,0.14589999616146088
2022-08-05 04:00:00,0.03099999949336052
2022-08-05 05:00:00,0.03099999949336052
2022-08-05 06:00:00,0.03099999949336052
2022-08-05 07:00:00,0.02319999970495701
2022-08-05 08:00:00,0.02319999970495701
2022-08-05 09:00:00,0.02319999970495701
2022-08-05 10:00:00,0.00680000009015202
2022-08-05 11:00:00,0.00680000009015202
2022-08-05 12:00:00,0.00680000009015202
2022-08-05 13:00:00,0.1648000031709671
2022-08-05 14:00:00,0.1648000031709671
2022-08-05 15:00:00,0.1648000031709671
2022-08-05 16:00:00,0.6442999839782715
2022-08-05 17:00:00,0.6442999839782715
2022-08-05 18:00:00,0.6442999839782715
2022-08-05 19:00:00,0.8507000207901001
2022-08-05 20:00:00,0.8507000207901001
2022-08-05 21:00:00,0.8507000207901001
2022-08-05 22:00:00,0.5777999758720398
2022-08-05 23:00:00,0.5777999758720398
2022-08-06 00:00:00,0.5777999758720398
2022-08-06 01:00:00,0.14180000126361847
2022-08-06 02:00:00,0.14180000126361847
2022-08-06 03:00:00,0.14180000126361847
2022-08-06 04:00:00,0.03830000013113022
2022-08-06 05:00:00,0.03830000013113022
2022-08-06 06:00:00,0.03830000013113022
2022-08-06 07:00:00,0.01850000023841858
2022-08-06 08:00:00,0.01850000023841858
2022-08-06 09:00:00,0.01850000023841858
2022-08-06 10:00:00,0.00410000002011656
2022-08-06 11:00:00,0.00410000002011656
2022-08-06 12:00:00,0.00410000002011656
2022-08-06 13:00:00,0.14980000257492063
2022-08-06 14:00:00,0.14980000257492063
2022-08-06 15:00:00,0.14980000257492063
2022-08-06 16:00:00,0.5715000033378601
2022-08-06 17:00:00,0.5715000033378601
2022-08-06 18:00:00,0.5715000033378601
2022-08-06 19:00:00,0.8392999768257141
2022-08-06 20:00:00,0.8392999768257141
2022-08-06 21:00:00,0.8392999768257141
2022-08-06 22:00:00,0.5534999966621399
2022-08-06 23:00:00,0.5534999966621399
2022-08-07 00:00:00,0.5534999966621399
2022-08-07 01:00:00,0.12540000677108765
2022-08-07 02:00:00,0.12540000677108765
2022-08-07 03:00:00,0.12540000677108765
2022-08-07 04:00:00,0.01250000018626451
2022-08-07 05:00:00,0.01250000018626451
2022-08-07 06:00:00,0.01250000018626451
2022-08-07 07:00:00,0.00510000018402934
2022-08-07 08:00:00,0.00510000018402934
2022-08-07 09:00:00,0.00510000018402934
2022-08-07 10:00:00,0.00340000004507601
2022-08-07 11:00:00,0.00340000004507601
2022-08-07 12:00:00,0.00340000004507601
2022-08-07 13:00:00,0.16329999268054962
2022-08-07 14:00:00,0.16329999268054962
2022-08-07 15:00:00,0.16329999268054962
2022-08-07 16:00:00,0.6161999702453613
2022-08-07 17:00:00,0.6161999702453613
2022-08-07 18:00:00,0.6161999702453613
2022-08-07 19:00:00,0.8208000063896179
2022-08-07 20:00:00,0.8208000063896179
2022-08-07 21:00:00,0.8208000063896179
2022-08-07 22:00:00,0.5152999758720398
2022-08-07 23:00:00,0.5152999758720398
2022-08-08 00:00:00,0.5152999758720398
2022-08-08 01:00:00,0.13660000264644623
2022-08-08 02:00:00,0.13660000264644623
2022-08-08 03:00:00,0.13660000264644623
2022-08-08 04:00:00,0.02590000070631504
2022-08-08 05:00:00,0.02590000070631504
2022-08-08 06:00:00,0.02590000070631504
2022-08-08 07:00:00,0.00150000001303851
2022-08-08 08:00:00,0.00150000001303851
2022-08-08 09:00:00,0.00150000001303851
2022-08-08 10:00:00,-0.00769999995827674
2022-08-08 11:00:00,-0.00769999995827674
2022-08-08 12:00:00,-0.00769999995827674
2022-08-08 13:00:00,0.1298999935388565
2022-08-08 14:00:00,0.1298999935388565
2022-08-08 15:00:00,0.1298999935388565
2022-08-08 16:00:00,0.5612000226974487
2022-08-08 17:00:00,0.5612000226974487
2022-08-08 18:00:00,0.5612000226974487
2022-08-08 19:00:00,0.8113999962806702
2022-08-08 20:00:00,0.8113999962806702
2022-08-08 21:00:00,0.8113999962806702
2022-08-08 22:00:00,0.613099992275238
2022-08-08 23:00:00,0.613099992275238
2022-08-09 00:00:00,0.613099992275238
2022-08-09 01:00:00,0.13009999692440033
2022-08-09 02:00:00,0.13009999692440033
2022-08-09 03:00:00,0.13009999692440033
2022-08-09 04:00:00,0.00980000011622905
2022-08-09 05:00:00,0.00980000011622905
2022-08-09 06:00:00,0.00980000011622905
2022-08-09 07:00:00,3.000000142492354e-4
2022-08-09 08:00:00,3.000000142492354e-4
2022-08-09 09:00:00,3.000000142492354e-4
2022-08-09 10:00:00,-0.00860000029206276
2022-08-09 11:00:00,-0.00860000029206276
2022-08-09 12:00:00,-0.00860000029206276
2022-08-09 13:00:00,0.12370000034570694
2022-08-09 14:00:00,0.12370000034570694
2022-08-09 15:00:00,0.12370000034570694
2022-08-09 16:00:00,0.6258000135421753
2022-08-09 17:00:00,0.6258000135421753
2022-08-09 18:00:00,0.6258000135421753
2022-08-09 19:00:00,0.8622999787330627
2022-08-09 20:00:00,0.8622999787330627
2022-08-09 21:00:00,0.8622999787330627
2022-08-09 22:00:00,0.6432999968528748
2022-08-09 23:00:00,0.6432999968528748
2022-08-10 00:00:00,0.6432999968528748
2022-08-10 01:00:00,0.14309999346733093
2022-08-10 02:00:00,0.14309999346733093
2022-08-10 03:00:00,0.14309999346733093
2022-08-10 04:00:00,0.03480000048875809
2022-08-10 05:00:00,0.03480000048875809
2022-08-10 06:00:00,0.03480000048875809
2022-08-10 07:00:00,0.01260000001639127
2022-08-10 08:00:00,0.01260000001639127
2022-08-10 09:00:00,0.01260000001639127
2022-08-10 10:00:00,-0.00240000011399388
2022-08-10 11:00:00,-0.00240000011399388
2022-08-10 12:00:00,-0.00240000011399388
2022-08-10 13:00:00,0.14409999549388883
2022-08-10 14:00:00,0.14409999549388883
2022-08-10 15:00:00,0.14409999549388883
2022-08-10 16:00:00,0.6169000267982483
2022-08-10 17:00:00,0.6169000267982483
2022-08-10 18:00:00,0.6169000267982483
2022-08-10 19:00:00,0.8532999753952026
2022-08-10 20:00:00,0.8532999753952026
2022-08-10 21:00:00,0.8532999753952026
2022-08-10 22:00:00,0.6523000001907349
2022-08-10 23:00:00,0.6523000001907349
2022-08-11 00:00:00,0.6523000001907349
2022-08-11 01:00:00,0.1469999998807907
2022-08-11 02:00:00,0.1469999998807907
2022-08-11 03:00:00,0.1469999998807907
2022-08-11 04:00:00,0.02500000037252903
2022-08-11 05:00:00,0.02500000037252903
2022-08-11 06:00:00,0.02500000037252903
2022-08-11 07:00:00,0.01339999958872795
2022-08-11 08:00:00,0.01339999958872795
2022-08-11 09:00:00,0.01339999958872795
2022-08-11 10:00:00,-0.00219999998807907
2022-08-11 11:00:00,-0.00219999998807907
2022-08-11 12:00:00,-0.00219999998807907
2022-08-11 13:00:00,0.1414999961853027
2022-08-11 14:00:00,0.1414999961853027
2022-08-11 15:00:00,0.1414999961853027
2022-08-11 16:00:00,0.6256999969482422
2022-08-11 17:00:00,0.6256999969482422
2022-08-11 18:00:00,0.6256999969482422
2022-08-11 19:00:00,0.8393999934196472
2022-08-11 20:00:00,0.8393999934196472
2022-08-11 21:00:00,0.8393999934196472
2022-08-11 22:00:00,0.5936999917030334
2022-08-11 23:00:00,0.5936999917030334
2022-08-12 00:00:00,0.5936999917030334
2022-08-12 01:00:00,0.12780000269412994
2022-08-12 02:00:00,0.12780000269412994
2022-08-12 03:00:00,0.12780000269412994
2022-08-12 04:00:00,0.02400000020861625
2022-08-12 05:00:00,0.02400000020861625
2022-08-12 06:00:00,0.02400000020861625
2022-08-12 07:00:00,0.01569999940693378
2022-08-12 08:00:00,0.01569999940693378
2022-08-12 09:00:00,0.01569999940693378
2022-08-12 10:00:00,0.00100000004749745
2022-08-12 11:00:00,0.00100000004749745
2022-08-12 12:00:00,0.00100000004749745
2022-08-12 13:00:00,0.14730000495910645
2022-08-12 14:00:00,0.14730000495910645
2022-08-12 15:00:00,0.14730000495910645
2022-08-12 16:00:00,0.5947999954223633
2022-08-12 17:00:00,0.5947999954223633
2022-08-12 18:00:00,0.5947999954223633
2022-08-12 19:00:00,0.8278999924659729
2022-08-12 20:00:00,0.8278999924659729
2022-08-12 21:00:00,0.8278999924659729
2022-08-12 22:00:00,0.5771999955177307
2022-08-12 23:00:00,0.5771999955177307
2022-08-13 00:00:00,0.5771999955177307
2022-08-13 01:00:00,0.1387999951839447
2022-08-13 02:00:00,0.1387999951839447
2022-08-13 03:00:00,0.1387999951839447
2022-08-13 04:00:00,0.01799999922513961
2022-08-13 05:00:00,0.01799999922513961
2022-08-13 06:00:00,0.01799999922513961
2022-08-13 07:00:00,0.00939999986439943
2022-08-13 08:00:00,0.00939999986439943
2022-08-13 09:00:00,0.00939999986439943
2022-08-13 10:00:00,-0.00209999992512166
2022-08-13 11:00:00,-0.00209999992512166
2022-08-13 12:00:00,-0.00209999992512166
2022-08-13 13:00:00,0.1354999989271164
2022-08-13 14:00:00,0.1354999989271164
2022-08-13 15:00:00,0.1354999989271164
2022-08-13 16:00:00,0.597599983215332
2022-08-13 17:00:00,0.597599983215332
2022-08-13 18:00:00,0.597599983215332
2022-08-13 19:00:00,0.7932999730110168
2022-08-13 20:00:00,0.7932999730110168
2022-08-13 21:00:00,0.7932999730110168
2022-08-13 22:00:00,0.57669997215271
2022-08-13 23:00:00,0.57669997215271
2022-08-14 00:00:00,0.57669997215271
2022-08-14 01:00:00,0.12399999797344208
2022-08-14 02:00:00,0.12399999797344208
2022-08-14 03:00:00,0.12399999797344208
2022-08-14 04:00:00,0.02060000039637088
2022-08-14 05:00:00,0.02060000039637088
2022-08-14 06:00:00,0.02060000039637088
2022-08-14 07:00:00,0.00800000037997961
2022-08-14 08:00:00,0.00800000037997961
2022-08-14 09:00:00,0.00800000037997961
2022-08-14 10:00:00,6.000000284984708e-4
2022-08-14 11:00:00,6.000000284984708e-4
2022-08-14 12:00:00,6.000000284984708e-4
2022-08-14 13:00:00,0.14869999885559082
2022-08-14 14:00:00,0.14869999885559082
2022-08-14 15:00:00,0.14869999885559082
2022-08-14 16:00:00,0.5751000046730042
2022-08-14 17:00:00,0.5751000046730042
2022-08-14 18:00:00,0.5751000046730042
2022-08-14 19:00:00,0.8151999711990356
2022-08-14 20:00:00,0.8151999711990356
2022-08-14 21:00:00,0.8151999711990356
2022-08-14 22:00:00,0.5282999873161316
2022-08-14 23:00:00,0.5282999873161316
2022-08-15 00:00:00,0.5282999873161316
2022-08-15 01:00:00,0.1274999976158142
2022-08-15 02:00:00,0.1274999976158142
2022-08-15 03:00:00,0.1274999976158142
2022-08-15 04:00:00,0.02319999970495701
2022-08-15 05:00:00,0.02319999970495701
2022-08-15 06:00:00,0.02319999970495701
2022-08-15 07:00:00,0.02969999983906746
2022-08-15 08:00:00,0.02969999983906746
2022-08-15 09:00:00,0.02969999983906746
2022-08-15 10:00:00,0.0118000004440546
2022-08-15 11:00:00,0.0118000004440546
2022-08-15 12:00:00,0.0118000004440546
2022-08-15 13:00:00,0.14010000228881836
2022-08-15 14:00:00,0.14010000228881836
2022-08-15 15:00:00,0.14010000228881836
2022-08-15 16:00:00,0.5030999779701233
2022-08-15 17:00:00,0.5030999779701233
2022-08-15 18:00:00,0.5030999779701233
2022-08-15 19:00:00,0.6373000144958496
2022-08-15 20:00:00,0.6373000144958496
2022-08-15 21:00:00,0.6373000144958496
2022-08-15 22:00:00,0.3668000102043152
2022-08-15 23:00:00,0.3668000102043152
2022-08-16 00:00:00,0.3668000102043152
2022-08-16 01:00:00,0.10909999907016754
2022-08-16 02:00:00,0.10909999907016754
2022-08-16 03:00:00,0.10909999907016754
2022-08-16 04:00:00,0.02500000037252903
2022-08-16 05:00:00,0.02500000037252903
2022-08-16 06:00:00,0.02500000037252903
2022-08-16 07:00:00,0.02040000073611736
2022-08-16 08:00:00,0.02040000073611736
2022-08-16 09:00:00,0.02040000073611736
2022-08-16 10:00:00,0.0127999996766448
2022-08-16 11:00:00,0.0127999996766448
2022-08-16 12:00:00,0.0127999996766448
2022-08-16 13:00:00,0.1080000028014183
2022-08-16 14:00:00,0.1080000028014183
2022-08-16 15:00:00,0.1080000028014183
2022-08-16 16:00:00,0.3230000138282776
2022-08-16 17:00:00,0.3230000138282776
2022-08-16 18:00:00,0.3230000138282776
2022-08-16 19:00:00,0.4325000047683716
2022-08-16 20:00:00,0.4325000047683716
2022-08-16 21:00:00,0.4325000047683716
2022-08-16 22:00:00,0.3377000093460083
2022-08-16 23:00:00,0.3377000093460083
2022-08-17 00:00:00,0.3377000093460083
2022-08-17 01:00:00,0.08290000259876251
2022-08-17 02:00:00,0.08290000259876251
2022-08-17 03:00:00,0.08290000259876251
2022-08-17 04:00:00,0.00430000014603138
2022-08-17 05:00:00,0.00430000014603138
2022-08-17 06:00:00,0.00430000014603138
2022-08-17 07:00:00,-0.00600000005215406
2022-08-17 08:00:00,-0.00600000005215406
2022-08-17 09:00:00,-0.00600000005215406
2022-08-17 10:00:00,-0.01059999968856573
2022-08-17 11:00:00,-0.01059999968856573
2022-08-17 12:00:00,-0.01059999968856573
2022-08-17 13:00:00,0.10010000318288804
2022-08-17 14:00:00,0.10010000318288804
2022-08-17 15:00:00,0.10010000318288804
2022-08-17 16:00:00,0.487199991941452
2022-08-17 17:00:00,0.487199991941452
2022-08-17 18:00:00,0.487199991941452
2022-08-17 19:00:00,0.704800009727478
2022-08-17 20:00:00,0.704800009727478
2022-08-17 21:00:00,0.704800009727478
2022-08-17 22:00:00,0.5270000100135803
2022-08-17 23:00:00,0.5270000100135803
2022-08-18 00:00:00,0.5270000100135803
2022-08-18 01:00:00,0.09640000015497208
2022-08-18 02:00:00,0.09640000015497208
2022-08-18 03:00:00,0.09640000015497208
2022-08-18 04:00:00,0.00389999989420175
2022-08-18 05:00:00,0.00389999989420175
2022-08-18 06:00:00,0.00389999989420175
2022-08-18 07:00:00,-0.00300000002607703
2022-08-18 08:00:00,-0.00300000002607703
2022-08-18 09:00:00,-0.00300000002607703
2022-08-18 10:00:00,-0.00680000009015202
2022-08-18 11:00:00,-0.00680000009015202
2022-08-18 12:00:00,-0.00680000009015202
2022-08-18 13:00:00,0.12389999628067017
2022-08-18 14:00:00,0.12389999628067017
2022-08-18 15:00:00,0.12389999628067017
2022-08-18 16:00:00,0.5950999855995178
2022-08-18 17:00:00,0.5950999855995178
2022-08-18 18:00:00,0.5950999855995178
2022-08-18 19:00:00,0.8136000037193298
2022-08-18 20:00:00,0.8136000037193298
2022-08-18 21:00:00,0.8136000037193298
2022-08-18 22:00:00,0.5956000089645386
2022-08-18 23:00:00,0.5956000089645386
2022-08-19 00:00:00,0.5956000089645386
2022-08-19 01:00:00,0.10649999976158142
2022-08-19 02:00:00,0.10649999976158142
2022-08-19 03:00:00,0.10649999976158142
2022-08-19 04:00:00,0.0127999996766448
2022-08-19 05:00:00,0.0127999996766448
2022-08-19 06:00:00,0.0127999996766448
2022-08-19 07:00:00,7.999999797903001e-4
2022-08-19 08:00:00,7.999999797903001e-4
2022-08-19 09:00:00,7.999999797903001e-4
2022-08-19 10:00:00,-0.00219999998807907
2022-08-19 11:00:00,-0.00219999998807907
2022-08-19 12:00:00,-0.00219999998807907
2022-08-19 13:00:00,0.11909999698400496
2022-08-19 14:00:00,0.11909999698400496
2022-08-19 15:00:00,0.11909999698400496
2022-08-19 16:00:00,0.579200029373169
2022-08-19 17:00:00,0.579200029373169
2022-08-19 18:00:00,0.579200029373169
2022-08-19 19:00:00,0.7258999943733215
2022-08-19 20:00:00,0.7258999943733215
2022-08-19 21:00:00,0.7258999943733215
2022-08-19 22:00:00,0.49799999594688416
2022-08-19 23:00:00,0.49799999594688416
2022-08-20 00:00:00,0.49799999594688416
2022-08-20 01:00:00,0.11209999769926073
2022-08-20 02:00:00,0.11209999769926073
2022-08-20 03:00:00,0.11209999769926073
2022-08-20 04:00:00,0.02969999983906746
2022-08-20 05:00:00,0.02969999983906746
2022-08-20 06:00:00,0.02969999983906746
2022-08-20 07:00:00,0.01219999976456165
2022-08-20 08:00:00,0.01219999976456165
2022-08-20 09:00:00,0.01219999976456165
2022-08-20 10:00:00,-0.00359999993816018
2022-08-20 11:00:00,-0.00359999993816018
2022-08-20 12:00:00,-0.00359999993816018
2022-08-20 13:00:00,0.11710000038146973
2022-08-20 14:00:00,0.11710000038146973
2022-08-20 15:00:00,0.11710000038146973
2022-08-20 16:00:00,0.4880999922752381
2022-08-20 17:00:00,0.4880999922752381
2022-08-20 18:00:00,0.4880999922752381
2022-08-20 19:00:00,0.63919997215271
2022-08-20 20:00:00,0.63919997215271
2022-08-20 21:00:00,0.63919997215271
2022-08-20 22:00:00,0.421999990940094
2022-08-20 23:00:00,0.421999990940094
2022-08-21 00:00:00,0.421999990940094
2022-08-21 01:00:00,0.08829999715089798
2022-08-21 02:00:00,0.08829999715089798
2022-08-21 03:00:00,0.08829999715089798
2022-08-21 04:00:00,0.01999999955296516
2022-08-21 05:00:00,0.01999999955296516
2022-08-21 06:00:00,0.01999999955296516
2022-08-21 07:00:00,-0.00289999996311962
2022-08-21 08:00:00,-0.00289999996311962
2022-08-21 09:00:00,-0.00289999996311962
2022-08-21 10:00:00,-0.00779999978840351
2022-08-21 11:00:00,-0.00779999978840351
2022-08-21 12:00:00,-0.00779999978840351
2022-08-21 13:00:00,0.0949999988079071
2022-08-21 14:00:00,0.0949999988079071
2022-08-21 15:00:00,0.0949999988079071
2022-08-21 16:00:00,0.4629000127315521
2022-08-21 17:00:00,0.4629000127315521
2022-08-21 18:00:00,0.4629000127315521
2022-08-21 19:00:00,0.567799985408783
2022-08-21 20:00:00,0.567799985408783
2022-08-21 21:00:00,0.567799985408783
2022-08-21 22:00:00,0.3939000070095062
2022-08-21 23:00:00,0.3939000070095062
2022-08-22 00:00:00,0.3939000070095062
2022-08-22 01:00:00,0.08470000326633453
2022-08-22 02:00:00,0.08470000326633453
2022-08-22 03:00:00,0.08470000326633453
2022-08-22 04:00:00,0.01200000010430812
2022-08-22 05:00:00,0.01200000010430812
2022-08-22 06:00:00,0.01200000010430812
2022-08-22 07:00:00,0.00480000022798776
2022-08-22 08:00:00,0.00480000022798776
2022-08-22 09:00:00,0.00480000022798776
2022-08-22 10:00:00,-0.00100000004749745
2022-08-22 11:00:00,-0.00100000004749745
2022-08-22 12:00:00,-0.00100000004749745
2022-08-22 13:00:00,0.0948999971151352
2022-08-22 14:00:00,0.0948999971151352
2022-08-22 15:00:00,0.0948999971151352
2022-08-22 16:00:00,0.5141000151634216
2022-08-22 17:00:00,0.5141000151634216
2022-08-22 18:00:00,0.5141000151634216
2022-08-22 19:00:00,0.6668000221252441
2022-08-22 20:00:00,0.6668000221252441
2022-08-22 21:00:00,0.6668000221252441
2022-08-22 22:00:00,0.4889999926090241
2022-08-22 23:00:00,0.4889999926090241
2022-08-23 00:00:00,0.4889999926090241
2022-08-23 01:00:00,0.10000000149011612
2022-08-23 02:00:00,0.10000000149011612
2022-08-23 03:00:00,0.10000000149011612
2022-08-23 04:00:00,0.01059999968856573
2022-08-23 05:00:00,0.01059999968856573
2022-08-23 06:00:00,0.01059999968856573
2022-08-23 07:00:00,0.00249999994412064
2022-08-23 08:00:00,0.00249999994412064
2022-08-23 09:00:00,0.00249999994412064
2022-08-23 10:00:00,-0.00680000009015202
2022-08-23 11:00:00,-0.00680000009015202
2022-08-23 12:00:00,-0.00680000009015202
2022-08-23 13:00:00,0.09390000253915788
2022-08-23 14:00:00,0.09390000253915788
2022-08-23 15:00:00,0.09390000253915788
2022-08-23 16:00:00,0.534500002861023
2022-08-23 17:00:00,0.534500002861023
2022-08-23 18:00:00,0.534500002861023
2022-08-23 19:00:00,0.7468000054359436
2022-08-23 20:00:00,0.7468000054359436
2022-08-23 21:00:00,0.7468000054359436
2022-08-23 22:00:00,0.5221999883651733
2022-08-23 23:00:00,0.5221999883651733
2022-08-24 00:00:00,0.5221999883651733
2022-08-24 01:00:00,0.10199999809265135
2022-08-24 02:00:00,0.10199999809265135
2022-08-24 03:00:00,0.10199999809265135
2022-08-24 04:00:00,0.02219999954104423
2022-08-24 05:00:00,0.02219999954104423
2022-08-24 06:00:00,0.02219999954104423
2022-08-24 07:00:00,0.01319999992847442
2022-08-24 08:00:00,0.01319999992847442
2022-08-24 09:00:00,0.01319999992847442
2022-08-24 10:00:00,-0.00230000005103647
2022-08-24 11:00:00,-0.00230000005103647
2022-08-24 12:00:00,-0.00230000005103647
2022-08-24 13:00:00,0.09019999951124193
2022-08-24 14:00:00,0.09019999951124193
2022-08-24 15:00:00,0.09019999951124193
2022-08-24 16:00:00,0.5339999794960022
2022-08-24 17:00:00,0.5339999794960022
2022-08-24 18:00:00,0.5339999794960022
2022-08-24 19:00:00,0.6654000282287598
2022-08-24 20:00:00,0.6654000282287598
2022-08-24 21:00:00,0.6654000282287598
2022-08-24 22:00:00,0.4909999966621399
2022-08-24 23:00:00,0.4909999966621399
2022-08-25 00:00:00,0.4909999966621399
2022-08-25 01:00:00,0.0966000035405159
2022-08-25 02:00:00,0.0966000035405159
2022-08-25 03:00:00,0.0966000035405159
2022-08-25 04:00:00,0.02260000072419643
2022-08-25 05:00:00,0.02260000072419643
2022-08-25 06:00:00,0.02260000072419643
2022-08-25 07:00:00,0.01290000043809413
2022-08-25 08:00:00,0.01290000043809413
2022-08-25 09:00:00,0.01290000043809413
2022-08-25 10:00:00,0.00209999992512166
2022-08-25 11:00:00,0.00209999992512166
2022-08-25 12:00:00,0.00209999992512166
2022-08-25 13:00:00,0.10750000178813934
2022-08-25 14:00:00,0.10750000178813934
2022-08-25 15:00:00,0.10750000178813934
2022-08-25 16:00:00,0.5630999803543091
2022-08-25 17:00:00,0.5630999803543091
2022-08-25 18:00:00,0.5630999803543091
2022-08-25 19:00:00,0.7226999998092651
2022-08-25 20:00:00,0.7226999998092651
2022-08-25 21:00:00,0.7226999998092651
2022-08-25 22:00:00,0.4763000011444092
2022-08-25 23:00:00,0.4763000011444092
2022-08-26 00:00:00,0.4763000011444092
2022-08-26 01:00:00,0.10670000314712524
2022-08-26 02:00:00,0.10670000314712524
2022-08-26 03:00:00,0.10670000314712524
2022-08-26 04:00:00,0.05270000174641609
2022-08-26 05:00:00,0.05270000174641609
2022-08-26 06:00:00,0.05270000174641609
2022-08-26 07:00:00,0.045499999076128
2022-08-26 08:00:00,0.045499999076128
2022-08-26 09:00:00,0.045499999076128
2022-08-26 10:00:00,0.01499999966472387
2022-08-26 11:00:00,0.01499999966472387
2022-08-26 12:00:00,0.01499999966472387
2022-08-26 13:00:00,0.11420000344514848
2022-08-26 14:00:00,0.11420000344514848
2022-08-26 15:00:00,0.11420000344514848
2022-08-26 16:00:00,0.5192999839782715
2022-08-26 17:00:00,0.5192999839782715
2022-08-26 18:00:00,0.5192999839782715
2022-08-26 19:00:00,0.6784999966621399
2022-08-26 20:00:00,0.6784999966621399
2022-08-26 21:00:00,0.6784999966621399
2022-08-26 22:00:00,0.4753000140190125
2022-08-26 23:00:00,0.4753000140190125
2022-08-27 00:00:00,0.4753000140190125
2022-08-27 01:00:00,0.11150000244379044
2022-08-27 02:00:00,0.11150000244379044
2022-08-27 03:00:00,0.11150000244379044
2022-08-27 04:00:00,0.03220000118017197
2022-08-27 05:00:00,0.03220000118017197
2022-08-27 06:00:00,0.03220000118017197
2022-08-27 07:00:00,0.02899999916553497
2022-08-27 08:00:00,0.02899999916553497
2022-08-27 09:00:00,0.02899999916553497
2022-08-27 10:00:00,0.0163000002503395
2022-08-27 11:00:00,0.0163000002503395
2022-08-27 12:00:00,0.0163000002503395
2022-08-27 13:00:00,0.1395999938249588
2022-08-27 14:00:00,0.1395999938249588
2022-08-27 15:00:00,0.1395999938249588
2022-08-27 16:00:00,0.5870000123977661
2022-08-27 17:00:00,0.5870000123977661
2022-08-27 18:00:00,0.5870000123977661
2022-08-27 19:00:00,0.7972000241279602
2022-08-27 20:00:00,0.7972000241279602
2022-08-27 21:00:00,0.7972000241279602
2022-08-27 22:00:00,0.5922999978065491
2022-08-27 23:00:00,0.5922999978065491
2022-08-28 00:00:00,0.5922999978065491
2022-08-28 01:00:00,0.09549999982118608
2022-08-28 02:00:00,0.09549999982118608
2022-08-28 03:00:00,0.09549999982118608
2022-08-28 04:00:00,0.03469999879598617
2022-08-28 05:00:00,0.03469999879598617
2022-08-28 06:00:00,0.03469999879598617
2022-08-28 07:00:00,0.02639999985694885
2022-08-28 08:00:00,0.02639999985694885
2022-08-28 09:00:00,0.02639999985694885
2022-08-28 10:00:00,0.02170000039041042
2022-08-28 11:00:00,0.02170000039041042
2022-08-28 12:00:00,0.02170000039041042
2022-08-28 13:00:00,0.15219999849796295
2022-08-28 14:00:00,0.15219999849796295
2022-08-28 15:00:00,0.15219999849796295
2022-08-28 16:00:00,0.6229000091552734
2022-08-28 17:00:00,0.6229000091552734
2022-08-28 18:00:00,0.6229000091552734
2022-08-28 19:00:00,0.8007000088691711
2022-08-28 20:00:00,0.8007000088691711
2022-08-28 21:00:00,0.8007000088691711
2022-08-28 22:00:00,0.5544999837875366
2022-08-28 23:00:00,0.5544999837875366
2022-08-29 00:00:00,0.5544999837875366
2022-08-29 01:00:00,0.1071000024676323
2022-08-29 02:00:00,0.1071000024676323
2022-08-29 03:00:00,0.1071000024676323
2022-08-29 04:00:00,0.02620000019669532
2022-08-29 05:00:00,0.02620000019669532
2022-08-29 06:00:00,0.02620000019669532
2022-08-29 07:00:00,0.01649999991059303
2022-08-29 08:00:00,0.01649999991059303
2022-08-29 09:00:00,0.01649999991059303
2022-08-29 10:00:00,0.01140000019222498
2022-08-29 11:00:00,0.01140000019222498
2022-08-29 12:00:00,0.01140000019222498
2022-08-29 13:00:00,0.13050000369548798
2022-08-29 14:00:00,0.13050000369548798
2022-08-29 15:00:00,0.13050000369548798
2022-08-29 16:00:00,0.5512999892234802
2022-08-29 17:00:00,0.5512999892234802
2022-08-29 18:00:00,0.5512999892234802
2022-08-29 19:00:00,0.7705000042915344
2022-08-29 20:00:00,0.7705000042915344
2022-08-29 21:00:00,0.7705000042915344
2022-08-29 22:00:00,0.5548999905586243
2022-08-29 23:00:00,0.5548999905586243
2022-08-30 00:00:00,0.5548999905586243
2022-08-30 01:00:00,0.08389999717473984
2022-08-30 02:00:00,0.08389999717473984
2022-08-30 03:00:00,0.08389999717473984
2022-08-30 04:00:00,0.01899999938905239
2022-08-30 05:00:00,0.01899999938905239
2022-08-30 06:00:00,0.01899999938905239
2022-08-30 07:00:00,0.00749999983236193
2022-08-30 08:00:00,0.00749999983236193
2022-08-30 09:00:00,0.00749999983236193
2022-08-30 10:00:00,0.00230000005103647
2022-08-30 11:00:00,0.00230000005103647
2022-08-30 12:00:00,0.00230000005103647
2022-08-30 13:00:00,0.11299999803304672
2022-08-30 14:00:00,0.11299999803304672
2022-08-30 15:00:00,0.11299999803304672
2022-08-30 16:00:00,0.5534999966621399
2022-08-30 17:00:00,0.5534999966621399
2022-08-30 18:00:00,0.5534999966621399
2022-08-30 19:00:00,0.7829999923706055
2022-08-30 20:00:00,0.7829999923706055
2022-08-30 21:00:00,0.7829999923706055
2022-08-30 22:00:00,0.5703999996185303
2022-08-30 23:00:00,0.5703999996185303
2022-08-31 00:00:00,0.5703999996185303
2022-08-31 01:00:00,0.08550000190734863
2022-08-31 02:00:00,0.08550000190734863
2022-08-31 03:00:00,0.08550000190734863
2022-08-31 04:00:00,0.02309999987483024
2022-08-31 05:00:00,0.02309999987483024
2022-08-31 06:00:00,0.02309999987483024
2022-08-31 07:00:00,0.01049999985843896
2022-08-31 08:00:00,0.01049999985843896
2022-08-31 09:00:00,0.01049999985843896
2022-08-31 10:00:00,0.001700000022538
2022-08-31 11:00:00,0.001700000022538
2022-08-31 12:00:00,0.001700000022538
2022-08-31 13:00:00,0.12120000272989272
2022-08-31 14:00:00,0.12120000272989272
2022-08-31 15:00:00,0.12120000272989272
2022-08-31 16:00:00,0.6449999809265137
2022-08-31 17:00:00,0.6449999809265137
2022-08-31 18:00:00,0.6449999809265137
2022-08-31 19:00:00,0.910700023174286
2022-08-31 20:00:00,0.910700023174286
2022-08-31 21:00:00,0.910700023174286
2022-08-31 22:00:00,0.6201000213623047
2022-08-31 23:00:00,0.6201000213623047
2022-09-01 00:00:00,0.6201000213623047
2022-09-01 01:00:00,0.10140000283718108
2022-09-01 02:00:00,0.10140000283718108
2022-09-01 03:00:00,0.10140000283718108
2022-09-01 04:00:00,0.01960000023245811
2022-09-01 05:00:00,0.01960000023245811
2022-09-01 06:00:00,0.01960000023245811
2022-09-01 07:00:00,0.00430000014603138
2022-09-01 08:00:00,0.00430000014603138
2022-09-01 09:00:00,0.00430000014603138
2022-09-01 10:00:00,0.001700000022538
2022-09-01 11:00:00,0.001700000022538
2022-09-01 12:00:00,0.001700000022538
2022-09-01 13:00:00,0.13130000233650208
2022-09-01 14:00:00,0.13130000233650208
2022-09-01 15:00:00,0.13130000233650208
2022-09-01 16:00:00,0.6365000009536743
2022-09-01 17:00:00,0.6365000009536743
2022-09-01 18:00:00,0.6365000009536743
2022-09-01 19:00:00,0.8729000091552734
2022-09-01 20:00:00,0.8729000091552734
2022-09-01 21:00:00,0.8729000091552734
2022-09-01 22:00:00,0.6370999813079834
2022-09-01 23:00:00,0.6370999813079834
2022-09-02 00:00:00,0.6370999813079834
2022-09-02 01:00:00,0.07460000365972519
2022-09-02 02:00:00,0.07460000365972519
2022-09-02 03:00:00,0.07460000365972519
2022-09-02 04:00:00,0.01970000006258487
2022-09-02 05:00:00,0.01970000006258487
2022-09-02 06:00:00,0.01970000006258487
2022-09-02 07:00:00,0.01920000091195106
2022-09-02 08:00:00,0.01920000091195106
2022-09-02 09:00:00,0.01920000091195106
2022-09-02 10:00:00,0.00820000004023313
2022-09-02 11:00:00,0.00820000004023313
2022-09-02 12:00:00,0.00820000004023313
2022-09-02 13:00:00,0.13619999587535858
2022-09-02 14:00:00,0.13619999587535858
2022-09-02 15:00:00,0.13619999587535858
2022-09-02 16:00:00,0.6636000275611877
2022-09-02 17:00:00,0.6636000275611877
2022-09-02 18:00:00,0.6636000275611877
2022-09-02 19:00:00,0.9027000069618224
2022-09-02 20:00:00,0.9027000069618224
2022-09-02 21:00:00,0.9027000069618224
2022-09-02 22:00:00,0.6312999725341797
2022-09-02 23:00:00,0.6312999725341797
2022-09-03 00:00:00,0.6312999725341797
2022-09-03 01:00:00,0.1094999983906746
2022-09-03 02:00:00,0.1094999983906746
2022-09-03 03:00:00,0.1094999983906746
2022-09-03 04:00:00,0.0658000037074089
2022-09-03 05:00:00,0.0658000037074089
2022-09-03 06:00:00,0.0658000037074089
2022-09-03 07:00:00,0.01950000040233135
2022-09-03 08:00:00,0.01950000040233135
2022-09-03 09:00:00,0.01950000040233135
2022-09-03 10:00:00,0.00490000005811452
2022-09-03 11:00:00,0.00490000005811452
2022-09-03 12:00:00,0.00490000005811452
2022-09-03 13:00:00,0.12039999663829803
2022-09-03 14:00:00,0.12039999663829803
2022-09-03 15:00:00,0.12039999663829803
2022-09-03 16:00:00,0.6115000247955322
2022-09-03 17:00:00,0.6115000247955322
2022-09-03 18:00:00,0.6115000247955322
2022-09-03 19:00:00,0.816100001335144
2022-09-03 20:00:00,0.816100001335144
2022-09-03 21:00:00,0.816100001335144
2022-09-03 22:00:00,0.5612999796867371
2022-09-03 23:00:00,0.5612999796867371
2022-09-04 00:00:00,0.5612999796867371
2022-09-04 01:00:00,0.08410000056028366
2022-09-04 02:00:00,0.08410000056028366
2022-09-04 03:00:00,0.08410000056028366
2022-09-04 04:00:00,0.01620000042021274
2022-09-04 05:00:00,0.01620000042021274
2022-09-04 06:00:00,0.01620000042021274
2022-09-04 07:00:00,-0.00100000004749745
2022-09-04 08:00:00,-0.00100000004749745
2022-09-04 09:00:00,-0.00100000004749745
2022-09-04 10:00:00,-0.00630000000819563
2022-09-04 11:00:00,-0.00630000000819563
2022-09-04 12:00:00,-0.00630000000819563
2022-09-04 13:00:00,0.1266999989748001
2022-09-04 14:00:00,0.1266999989748001
2022-09-04 15:00:00,0.1266999989748001
2022-09-04 16:00:00,0.6453999876976013
2022-09-04 17:00:00,0.6453999876976013
2022-09-04 18:00:00,0.6453999876976013
2022-09-04 19:00:00,0.9090999960899352
2022-09-04 20:00:00,0.9090999960899352
2022-09-04 21:00:00,0.9090999960899352
2022-09-04 22:00:00,0.6492999792098999
2022-09-04 23:00:00,0.6492999792098999
2022-09-05 00:00:00,0.6492999792098999
2022-09-05 01:00:00,0.07760000228881836
2022-09-05 02:00:00,0.07760000228881836
2022-09-05 03:00:00,0.07760000228881836
2022-09-05 04:00:00,0.02529999986290931
2022-09-05 05:00:00,0.02529999986290931
2022-09-05 06:00:00,0.02529999986290931
2022-09-05 07:00:00,0.0142000000923872
2022-09-05 08:00:00,0.0142000000923872
2022-09-05 09:00:00,0.0142000000923872
2022-09-05 10:00:00,0.01730000041425228
2022-09-05 11:00:00,0.01730000041425228
2022-09-05 12:00:00,0.01730000041425228
2022-09-05 13:00:00,0.15369999408721924
2022-09-05 14:00:00,0.15369999408721924
2022-09-05 15:00:00,0.15369999408721924
2022-09-05 16:00:00,0.6664000153541565
2022-09-05 17:00:00,0.6664000153541565
2022-09-05 18:00:00,0.6664000153541565
2022-09-05 19:00:00,0.9239000082015992
2022-09-05 20:00:00,0.9239000082015992
2022-09-05 21:00:00,0.9239000082015992
2022-09-05 22:00:00,0.6244999766349792
2022-09-05 23:00:00,0.6244999766349792
2022-09-06 00:00:00,0.6244999766349792
2022-09-06 01:00:00,0.07840000092983246
2022-09-06 02:00:00,0.07840000092983246
2022-09-06 03:00:00,0.07840000092983246
2022-09-06 04:00:00,0.02260000072419643
2022-09-06 05:00:00,0.02260000072419643
2022-09-06 06:00:00,0.02260000072419643
2022-09-06 07:00:00,0.0089999996125698
2022-09-06 08:00:00,0.0089999996125698
2022-09-06 09:00:00,0.0089999996125698
2022-09-06 10:00:00,0.001700000022538
2022-09-06 11:00:00,0.001700000022538
2022-09-06 12:00:00,0.001700000022538
2022-09-06 13:00:00,0.11559999734163284
2022-09-06 14:00:00,0.11559999734163284
2022-09-06 15:00:00,0.11559999734163284
2022-09-06 16:00:00,0.633400022983551
2022-09-06 17:00:00,0.633400022983551
2022-09-06 18:00:00,0.633400022983551
2022-09-06 19:00:00,0.9046000242233276
2022-09-06 20:00:00,0.9046000242233276
2022-09-06 21:00:00,0.9046000242233276
2022-09-06 22:00:00,0.6326000094413757
2022-09-06 23:00:00,0.6326000094413757
2022-09-07 00:00:00,0.6326000094413757
2022-09-07 01:00:00,0.06530000269412994
2022-09-07 02:00:00,0.06530000269412994
2022-09-07 03:00:00,0.06530000269412994
2022-09-07 04:00:00,0.01759999990463257
2022-09-07 05:00:00,0.01759999990463257
2022-09-07 06:00:00,0.01759999990463257
2022-09-07 07:00:00,0.00480000022798776
2022-09-07 08:00:00,0.00480000022798776
2022-09-07 09:00:00,0.00480000022798776
2022-09-07 10:00:00,-0.00359999993816018
2022-09-07 11:00:00,-0.00359999993816018
2022-09-07 12:00:00,-0.00359999993816018
2022-09-07 13:00:00,0.09759999811649324
2022-09-07 14:00:00,0.09759999811649324
2022-09-07 15:00:00,0.09759999811649324
2022-09-07 16:00:00,0.6269999742507935
2022-09-07 17:00:00,0.6269999742507935
2022-09-07 18:00:00,0.6269999742507935
2022-09-07 19:00:00,0.9104999899864196
2022-09-07 20:00:00,0.9104999899864196
2022-09-07 21:00:00,0.9104999899864196
2022-09-07 22:00:00,0.6298999786376953
2022-09-07 23:00:00,0.6298999786376953
2022-09-08 00:00:00,0.6298999786376953
2022-09-08 01:00:00,0.07159999758005142
2022-09-08 02:00:00,0.07159999758005142
2022-09-08 03:00:00,0.07159999758005142
2022-09-08 04:00:00,0.03519999980926514
2022-09-08 05:00:00,0.03519999980926514
2022-09-08 06:00:00,0.03519999980926514
2022-09-08 07:00:00,0.0333000011742115
2022-09-08 08:00:00,0.0333000011742115
2022-09-08 09:00:00,0.0333000011742115
2022-09-08 10:00:00,0.01879999972879886
2022-09-08 11:00:00,0.01879999972879886
2022-09-08 12:00:00,0.01879999972879886
2022-09-08 13:00:00,0.147599995136261
2022-09-08 14:00:00,0.147599995136261
2022-09-08 15:00:00,0.147599995136261
2022-09-08 16:00:00,0.6980000138282776
2022-09-08 17:00:00,0.6980000138282776
2022-09-08 18:00:00,0.6980000138282776
2022-09-08 19:00:00,0.8223000168800354
2022-09-08 20:00:00,0.8223000168800354
2022-09-08 21:00:00,0.8223000168800354
2022-09-08 22:00:00,0.511900007724762
2022-09-08 23:00:00,0.511900007724762
2022-09-09 00:00:00,0.511900007724762
2022-09-09 01:00:00,0.0723000019788742
2022-09-09 02:00:00,0.0723000019788742
2022-09-09 03:00:00,0.0723000019788742
2022-09-09 04:00:00,0.02620000019669532
2022-09-09 05:00:00,0.02620000019669532
2022-09-09 06:00:00,0.02620000019669532
2022-09-09 07:00:00,0.02659999951720237
2022-09-09 08:00:00,0.02659999951720237
2022-09-09 09:00:00,0.02659999951720237
2022-09-09 10:00:00,0.01329999975860118
2022-09-09 11:00:00,0.01329999975860118
2022-09-09 12:00:00,0.01329999975860118
2022-09-09 13:00:00,0.12150000035762788
2022-09-09 14:00:00,0.12150000035762788
2022-09-09 15:00:00,0.12150000035762788
2022-09-09 16:00:00,0.5422999858856201
2022-09-09 17:00:00,0.5422999858856201
2022-09-09 18:00:00,0.5422999858856201
2022-09-09 19:00:00,0.7365999817848206
2022-09-09 20:00:00,0.7365999817848206
2022-09-09 21:00:00,0.7365999817848206
2022-09-09 22:00:00,0.4871000051498413
2022-09-09 23:00:00,0.4871000051498413
2022-09-10 00:00:00,0.4871000051498413
2022-09-10 01:00:00,0.07989999651908875
2022-09-10 02:00:00,0.07989999651908875
2022-09-10 03:00:00,0.07989999651908875
2022-09-10 04:00:00,0.02810000069439411
2022-09-10 05:00:00,0.02810000069439411
2022-09-10 06:00:00,0.02810000069439411
2022-09-10 07:00:00,0.0130000002682209
2022-09-10 08:00:00,0.0130000002682209
2022-09-10 09:00:00,0.0130000002682209
2022-09-10 10:00:00,-9.999999747378752e-5
2022-09-10 11:00:00,-9.999999747378752e-5
2022-09-10 12:00:00,-9.999999747378752e-5
2022-09-10 13:00:00,0.06750000268220901
2022-09-10 14:00:00,0.06750000268220901
2022-09-10 15:00:00,0.06750000268220901
2022-09-10 16:00:00,0.3553999960422516
2022-09-10 17:00:00,0.3553999960422516
2022-09-10 18:00:00,0.3553999960422516
2022-09-10 19:00:00,0.5410000085830688
2022-09-10 20:00:00,0.5410000085830688
2022-09-10 21:00:00,0.5410000085830688
2022-09-10 22:00:00,0.33739998936653137
2022-09-10 23:00:00,0.33739998936653137
2022-09-11 00:00:00,0.33739998936653137
2022-09-11 01:00:00,0.04039999842643738
2022-09-11 02:00:00,0.04039999842643738
2022-09-11 03:00:00,0.04039999842643738
2022-09-11 04:00:00,-3.000000142492354e-4
2022-09-11 05:00:00,-3.000000142492354e-4
2022-09-11 06:00:00,-3.000000142492354e-4
2022-09-11 07:00:00,-0.00310000008903443
2022-09-11 08:00:00,-0.00310000008903443
2022-09-11 09:00:00,-0.00310000008903443
2022-09-11 10:00:00,-7.999999797903001e-4
2022-09-11 11:00:00,-7.999999797903001e-4
2022-09-11 12:00:00,-7.999999797903001e-4
2022-09-11 13:00:00,0.09390000253915788
2022-09-11 14:00:00,0.09390000253915788
2022-09-11 15:00:00,0.09390000253915788
2022-09-11 16:00:00,0.4902999997138977
2022-09-11 17:00:00,0.4902999997138977
2022-09-11 18:00:00,0.4902999997138977
2022-09-11 19:00:00,0.7368000149726868
2022-09-11 20:00:00,0.7368000149726868
2022-09-11 21:00:00,0.7368000149726868
2022-09-11 22:00:00,0.5281000137329102
2022-09-11 23:00:00,0.5281000137329102
2022-09-12 00:00:00,0.5281000137329102
2022-09-12 01:00:00,0.03669999912381172
2022-09-12 02:00:00,0.03669999912381172
2022-09-12 03:00:00,0.03669999912381172
2022-09-12 04:00:00,0.00630000000819563
2022-09-12 05:00:00,0.00630000000819563
2022-09-12 06:00:00,0.00630000000819563
2022-09-12 07:00:00,0.00230000005103647
2022-09-12 08:00:00,0.00230000005103647
2022-09-12 09:00:00,0.00230000005103647
2022-09-12 10:00:00,0.00230000005103647
2022-09-12 11:00:00,0.00230000005103647
2022-09-12 12:00:00,0.00230000005103647
2022-09-12 13:00:00,0.10409999638795853
2022-09-12 14:00:00,0.10409999638795853
2022-09-12 15:00:00,0.10409999638795853
2022-09-12 16:00:00,0.5681999921798706
2022-09-12 17:00:00,0.5681999921798706
2022-09-12 18:00:00,0.5681999921798706
2022-09-12 19:00:00,0.7858999967575073
2022-09-12 20:00:00,0.7858999967575073
2022-09-12 21:00:00,0.7858999967575073
2022-09-12 22:00:00,0.5482000112533569
2022-09-12 23:00:00,0.5482000112533569
2022-09-13 00:00:00,0.5482000112533569
2022-09-13 01:00:00,0.04380000010132789
2022-09-13 02:00:00,0.04380000010132789
2022-09-13 03:00:00,0.04380000010132789
2022-09-13 04:00:00,0.01600000075995922
2022-09-13 05:00:00,0.01600000075995922
2022-09-13 06:00:00,0.01600000075995922
2022-09-13 07:00:00,0.01370000001043081
2022-09-13 08:00:00,0.01370000001043081
2022-09-13 09:00:00,0.01370000001043081
2022-09-13 10:00:00,0.00359999993816018
2022-09-13 11:00:00,0.00359999993816018
2022-09-13 12:00:00,0.00359999993816018
2022-09-13 13:00:00,0.10130000114440918
2022-09-13 14:00:00,0.10130000114440918
2022-09-13 15:00:00,0.10130000114440918
2022-09-13 16:00:00,0.5860999822616577
2022-09-13 17:00:00,0.5860999822616577
2022-09-13 18:00:00,0.5860999822616577
2022-09-13 19:00:00,0.8241999745368958
2022-09-13 20:00:00,0.8241999745368958
2022-09-13 21:00:00,0.8241999745368958
2022-09-13 22:00:00,0.5817000269889832
2022-09-13 23:00:00,0.5817000269889832
2022-09-14 00:00:00,0.5817000269889832
2022-09-14 01:00:00,0.1370999962091446
2022-09-14 02:00:00,0.1370999962091446
2022-09-14 03:00:00,0.1370999962091446
2022-09-14 04:00:00,0.09759999811649324
2022-09-14 05:00:00,0.09759999811649324
2022-09-14 06:00:00,0.09759999811649324
2022-09-14 07:00:00,0.06069999933242798
2022-09-14 08:00:00,0.06069999933242798
2022-09-14 09:00:00,0.06069999933242798
2022-09-14 10:00:00,0.02319999970495701
2022-09-14 11:00:00,0.02319999970495701
2022-09-14 12:00:00,0.02319999970495701
2022-09-14 13:00:00,0.10890000313520432
2022-09-14 14:00:00,0.10890000313520432
2022-09-14 15:00:00,0.10890000313520432
2022-09-14 16:00:00,0.5109999775886536
2022-09-14 17:00:00,0.5109999775886536
2022-09-14 18:00:00,0.5109999775886536
2022-09-14 19:00:00,0.542900025844574
2022-09-14 20:00:00,0.542900025844574
2022-09-14 21:00:00,0.542900025844574
2022-09-14 22:00:00,0.35850000381469727
2022-09-14 23:00:00,0.35850000381469727
2022-09-15 00:00:00,0.35850000381469727
2022-09-15 01:00:00,0.06289999932050705
2022-09-15 02:00:00,0.06289999932050705
2022-09-15 03:00:00,0.06289999932050705
2022-09-15 04:00:00,0.0089999996125698
2022-09-15 05:00:00,0.0089999996125698
2022-09-15 06:00:00,0.0089999996125698
2022-09-15 07:00:00,-0.00109999999403953
2022-09-15 08:00:00,-0.00109999999403953
2022-09-15 09:00:00,-0.00109999999403953
2022-09-15 10:00:00,0.00190000003203749
2022-09-15 11:00:00,0.00190000003203749
2022-09-15 12:00:00,0.00190000003203749
2022-09-15 13:00:00,0.07750000059604645
2022-09-15 14:00:00,0.07750000059604645
2022-09-15 15:00:00,0.07750000059604645
2022-09-15 16:00:00,0.37209999561309814
2022-09-15 17:00:00,0.37209999561309814
2022-09-15 18:00:00,0.37209999561309814
2022-09-15 19:00:00,0.5830000042915344
2022-09-15 20:00:00,0.5830000042915344
2022-09-15 21:00:00,0.5830000042915344
2022-09-15 22:00:00,0.3970000147819519
2022-09-15 23:00:00,0.3970000147819519
2022-09-16 00:00:00,0.3970000147819519
2022-09-16 01:00:00,0.04890000075101852
2022-09-16 02:00:00,0.04890000075101852
2022-09-16 03:00:00,0.04890000075101852
2022-09-16 04:00:00,-3.000000142492354e-4
2022-09-16 05:00:00,-3.000000142492354e-4
2022-09-16 06:00:00,-3.000000142492354e-4
2022-09-16 07:00:00,-0.00630000000819563
2022-09-16 08:00:00,-0.00630000000819563
2022-09-16 09:00:00,-0.00630000000819563
2022-09-16 10:00:00,-0.00510000018402934
2022-09-16 11:00:00,-0.00510000018402934
2022-09-16 12:00:00,-0.00510000018402934
2022-09-16 13:00:00,0.07900000363588333
2022-09-16 14:00:00,0.07900000363588333
2022-09-16 15:00:00,0.07900000363588333
2022-09-16 16:00:00,0.4875999987125397
2022-09-16 17:00:00,0.4875999987125397
2022-09-16 18:00:00,0.4875999987125397
2022-09-16 19:00:00,0.5964999794960022
2022-09-16 20:00:00,0.5964999794960022
2022-09-16 21:00:00,0.5964999794960022
2022-09-16 22:00:00,0.376800000667572
2022-09-16 23:00:00,0.376800000667572
2022-09-17 00:00:00,0.376800000667572
2022-09-17 01:00:00,0.04780000075697899
2022-09-17 02:00:00,0.04780000075697899
2022-09-17 03:00:00,0.04780000075697899
2022-09-17 04:00:00,0.0089999996125698
2022-09-17 05:00:00,0.0089999996125698
2022-09-17 06:00:00,0.0089999996125698
2022-09-17 07:00:00,0.00289999996311962
2022-09-17 08:00:00,0.00289999996311962
2022-09-17 09:00:00,0.00289999996311962
2022-09-17 10:00:00,0.00190000003203749
2022-09-17 11:00:00,0.00190000003203749
2022-09-17 12:00:00,0.00190000003203749
2022-09-17 13:00:00,0.0738999992609024
2022-09-17 14:00:00,0.0738999992609024
2022-09-17 15:00:00,0.0738999992609024
2022-09-17 16:00:00,0.49470001459121704
2022-09-17 17:00:00,0.49470001459121704
2022-09-17 18:00:00,0.49470001459121704
2022-09-17 19:00:00,0.7050999999046326
2022-09-17 20:00:00,0.7050999999046326
2022-09-17 21:00:00,0.7050999999046326
2022-09-17 22:00:00,0.4620999991893768
2022-09-17 23:00:00,0.4620999991893768
2022-09-18 00:00:00,0.4620999991893768
2022-09-18 01:00:00,0.05160000175237655
2022-09-18 02:00:00,0.05160000175237655
2022-09-18 03:00:00,0.05160000175237655
2022-09-18 04:00:00,0.02700000070035457
2022-09-18 05:00:00,0.02700000070035457
2022-09-18 06:00:00,0.02700000070035457
2022-09-18 07:00:00,0.01779999956488609
2022-09-18 08:00:00,0.01779999956488609
2022-09-18 09:00:00,0.01779999956488609
2022-09-18 10:00:00,0.00150000001303851
2022-09-18 11:00:00,0.00150000001303851
2022-09-18 12:00:00,0.00150000001303851
2022-09-18 13:00:00,0.09189999848604202
2022-09-18 14:00:00,0.09189999848604202
2022-09-18 15:00:00,0.09189999848604202
2022-09-18 16:00:00,0.5249999761581421
2022-09-18 17:00:00,0.5249999761581421
2022-09-18 18:00:00,0.5249999761581421
2022-09-18 19:00:00,0.7577000260353088
2022-09-18 20:00:00,0.7577000260353088
2022-09-18 21:00:00,0.7577000260353088
2022-09-18 22:00:00,0.5188999772071838
2022-09-18 23:00:00,0.5188999772071838
2022-09-19 00:00:00,0.5188999772071838
2022-09-19 01:00:00,0.0593000017106533
2022-09-19 02:00:00,0.0593000017106533
2022-09-19 03:00:00,0.0593000017106533
2022-09-19 04:00:00,0.0272000003606081
2022-09-19 05:00:00,0.0272000003606081
2022-09-19 06:00:00,0.0272000003606081
2022-09-19 07:00:00,0.00889999978244304
2022-09-19 08:00:00,0.00889999978244304
2022-09-19 09:00:00,0.00889999978244304
2022-09-19 10:00:00,0.00989999994635582
2022-09-19 11:00:00,0.00989999994635582
2022-09-19 12:00:00,0.00989999994635582
2022-09-19 13:00:00,0.10729999840259552
2022-09-19 14:00:00,0.10729999840259552
2022-09-19 15:00:00,0.10729999840259552
2022-09-19 16:00:00,0.5878999829292297
2022-09-19 17:00:00,0.5878999829292297
2022-09-19 18:00:00,0.5878999829292297
2022-09-19 19:00:00,0.7804999947547913
2022-09-19 20:00:00,0.7804999947547913
2022-09-19 21:00:00,0.7804999947547913
2022-09-19 22:00:00,0.5095999836921692
2022-09-19 23:00:00,0.5095999836921692
2022-09-20 00:00:00,0.5095999836921692
2022-09-20 01:00:00,0.03070000000298023
2022-09-20 02:00:00,0.03070000000298023
2022-09-20 03:00:00,0.03070000000298023
2022-09-20 04:00:00,0.01260000001639127
2022-09-20 05:00:00,0.01260000001639127
2022-09-20 06:00:00,0.01260000001639127
2022-09-20 07:00:00,0.00570000009611249
2022-09-20 08:00:00,0.00570000009611249
2022-09-20 09:00:00,0.00570000009611249
2022-09-20 10:00:00,-0.00289999996311962
2022-09-20 11:00:00,-0.00289999996311962
2022-09-20 12:00:00,-0.00289999996311962
2022-09-20 13:00:00,0.08060000091791153
2022-09-20 14:00:00,0.08060000091791153
2022-09-20 15:00:00,0.08060000091791153
2022-09-20 16:00:00,0.5511000156402588
2022-09-20 17:00:00,0.5511000156402588
2022-09-20 18:00:00,0.5511000156402588
2022-09-20 19:00:00,0.7278000116348267
2022-09-20 20:00:00,0.7278000116348267
2022-09-20 21:00:00,0.7278000116348267
2022-09-20 22:00:00,0.4566000103950501
2022-09-20 23:00:00,0.4566000103950501
2022-09-21 00:00:00,0.4566000103950501
2022-09-21 01:00:00,0.09210000187158585
2022-09-21 02:00:00,0.09210000187158585
2022-09-21 03:00:00,0.09210000187158585
2022-09-21 04:00:00,0.07569999992847443
2022-09-21 05:00:00,0.07569999992847443
2022-09-21 06:00:00,0.07569999992847443
2022-09-21 07:00:00,0.05889999866485596
2022-09-21 08:00:00,0.05889999866485596
2022-09-21 09:00:00,0.05889999866485596
2022-09-21 10:00:00,0.02960000000894069
2022-09-21 11:00:00,0.02960000000894069
2022-09-21 12:00:00,0.02960000000894069
2022-09-21 13:00:00,0.08290000259876251
2022-09-21 14:00:00,0.08290000259876251
2022-09-21 15:00:00,0.08290000259876251
2022-09-21 16:00:00,0.4514999985694885
2022-09-21 17:00:00,0.4514999985694885
2022-09-21 18:00:00,0.4514999985694885
2022-09-21 19:00:00,0.4934000074863434
2022-09-21 20:00:00,0.4934000074863434
2022-09-21 21:00:00,0.4934000074863434
2022-09-21 22:00:00,0.2477000057697296
2022-09-21 23:00:00,0.2477000057697296
2022-09-22 00:00:00,0.2477000057697296
2022-09-22 01:00:00,0.06639999896287918
2022-09-22 02:00:00,0.06639999896287918
2022-09-22 03:00:00,0.06639999896287918
2022-09-22 04:00:00,0.03759999945759773
2022-09-22 05:00:00,0.03759999945759773
2022-09-22 06:00:00,0.03759999945759773
2022-09-22 07:00:00,0.02789999917149543
2022-09-22 08:00:00,0.02789999917149543
2022-09-22 09:00:00,0.02789999917149543
2022-09-22 10:00:00,0.00999999977648258
2022-09-22 11:00:00,0.00999999977648258
2022-09-22 12:00:00,0.00999999977648258
2022-09-22 13:00:00,0.07590000331401825
2022-09-22 14:00:00,0.07590000331401825
2022-09-22 15:00:00,0.07590000331401825
2022-09-22 16:00:00,0.3849000036716461
2022-09-22 17:00:00,0.3849000036716461
2022-09-22 18:00:00,0.3849000036716461
2022-09-22 19:00:00,0.5710999965667725
2022-09-22 20:00:00,0.5710999965667725
2022-09-22 21:00:00,0.5710999965667725
2022-09-22 22:00:00,0.4307000041007995
2022-09-22 23:00:00,0.4307000041007995
2022-09-23 00:00:00,0.4307000041007995
2022-09-23 01:00:00,0.03510000184178352
2022-09-23 02:00:00,0.03510000184178352
2022-09-23 03:00:00,0.03510000184178352
2022-09-23 04:00:00,0.00529999984428286
2022-09-23 05:00:00,0.00529999984428286
2022-09-23 06:00:00,0.00529999984428286
2022-09-23 07:00:00,0.0059000002220273
2022-09-23 08:00:00,0.0059000002220273
2022-09-23 09:00:00,0.0059000002220273
2022-09-23 10:00:00,0.00310000008903443
2022-09-23 11:00:00,0.00310000008903443
2022-09-23 12:00:00,0.00310000008903443
2022-09-23 13:00:00,0.1128000020980835
2022-09-23 14:00:00,0.1128000020980835
2022-09-23 15:00:00,0.1128000020980835
2022-09-23 16:00:00,0.5498999953269958
2022-09-23 17:00:00,0.5498999953269958
2022-09-23 18:00:00,0.5498999953269958
2022-09-23 19:00:00,0.7461000084877014
2022-09-23 20:00:00,0.7461000084877014
2022-09-23 21:00:00,0.7461000084877014
2022-09-23 22:00:00,0.49140000343322754
2022-09-23 23:00:00,0.49140000343322754
2022-09-24 00:00:00,0.49140000343322754
2022-09-24 01:00:00,0.0649000033736229
2022-09-24 02:00:00,0.0649000033736229
2022-09-24 03:00:00,0.0649000033736229
2022-09-24 04:00:00,0.01889999955892563
2022-09-24 05:00:00,0.01889999955892563
2022-09-24 06:00:00,0.01889999955892563
2022-09-24 07:00:00,0.01449999958276748
2022-09-24 08:00:00,0.01449999958276748
2022-09-24 09:00:00,0.01449999958276748
2022-09-24 10:00:00,0.01549999974668026
2022-09-24 11:00:00,0.01549999974668026
2022-09-24 12:00:00,0.01549999974668026
2022-09-24 13:00:00,0.0917000025510788
2022-09-24 14:00:00,0.0917000025510788
2022-09-24 15:00:00,0.0917000025510788
2022-09-24 16:00:00,0.5145000219345093
2022-09-24 17:00:00,0.5145000219345093
2022-09-24 18:00:00,0.5145000219345093
2022-09-24 19:00:00,0.7069000005722046
2022-09-24 20:00:00,0.7069000005722046
2022-09-24 21:00:00,0.7069000005722046
2022-09-24 22:00:00,0.4668999910354614
2022-09-24 23:00:00,0.4668999910354614
2022-09-25 00:00:00,0.4668999910354614
2022-09-25 01:00:00,0.0421999990940094
2022-09-25 02:00:00,0.0421999990940094
2022-09-25 03:00:00,0.0421999990940094
2022-09-25 04:00:00,0.02140000090003013
2022-09-25 05:00:00,0.02140000090003013
2022-09-25 06:00:00,0.02140000090003013
2022-09-25 07:00:00,0.01080000028014183
2022-09-25 08:00:00,0.01080000028014183
2022-09-25 09:00:00,0.01080000028014183
2022-09-25 10:00:00,0.0031999999191612
2022-09-25 11:00:00,0.0031999999191612
2022-09-25 12:00:00,0.0031999999191612
2022-09-25 13:00:00,0.07559999823570251
2022-09-25 14:00:00,0.07559999823570251
2022-09-25 15:00:00,0.07559999823570251
2022-09-25 16:00:00,0.4515999853610992
2022-09-25 17:00:00,0.4515999853610992
2022-09-25 18:00:00,0.4515999853610992
2022-09-25 19:00:00,0.6362000107765198
2022-09-25 20:00:00,0.6362000107765198
2022-09-25 21:00:00,0.6362000107765198
2022-09-25 22:00:00,0.4180999994277954
2022-09-25 23:00:00,0.4180999994277954
2022-09-26 00:00:00,0.4180999994277954
2022-09-26 01:00:00,0.02229999937117099
2022-09-26 02:00:00,0.02229999937117099
2022-09-26 03:00:00,0.02229999937117099
2022-09-26 04:00:00,0.00700000021606683
2022-09-26 05:00:00,0.00700000021606683
2022-09-26 06:00:00,0.00700000021606683
2022-09-26 07:00:00,-0.00120000005699694
2022-09-26 08:00:00,-0.00120000005699694
2022-09-26 09:00:00,-0.00120000005699694
2022-09-26 10:00:00,-0.00179999996908009
2022-09-26 11:00:00,-0.00179999996908009
2022-09-26 12:00:00,-0.00179999996908009
2022-09-26 13:00:00,0.07970000058412552
2022-09-26 14:00:00,0.07970000058412552
2022-09-26 15:00:00,0.07970000058412552
2022-09-26 16:00:00,0.4806999862194062
2022-09-26 17:00:00,0.4806999862194062
2022-09-26 18:00:00,0.4806999862194062
2022-09-26 19:00:00,0.671500027179718
2022-09-26 20:00:00,0.671500027179718
2022-09-26 21:00:00,0.671500027179718
2022-09-26 22:00:00,0.4399999976158142
2022-09-26 23:00:00,0.4399999976158142
2022-09-27 00:00:00,0.4399999976158142
2022-09-27 01:00:00,0.02319999970495701
2022-09-27 02:00:00,0.02319999970495701
2022-09-27 03:00:00,0.02319999970495701
2022-09-27 04:00:00,0.00630000000819563
2022-09-27 05:00:00,0.00630000000819563
2022-09-27 06:00:00,0.00630000000819563
2022-09-27 07:00:00,-0.00190000003203749
2022-09-27 08:00:00,-0.00190000003203749
2022-09-27 09:00:00,-0.00190000003203749
2022-09-27 10:00:00,-0.00609999988228082
2022-09-27 11:00:00,-0.00609999988228082
2022-09-27 12:00:00,-0.00609999988228082
2022-09-27 13:00:00,0.06379999965429306
2022-09-27 14:00:00,0.06379999965429306
2022-09-27 15:00:00,0.06379999965429306
2022-09-27 16:00:00,0.44449999928474426
2022-09-27 17:00:00,0.44449999928474426
2022-09-27 18:00:00,0.44449999928474426
2022-09-27 19:00:00,0.6376000046730042
2022-09-27 20:00:00,0.6376000046730042
2022-09-27 21:00:00,0.6376000046730042
2022-09-27 22:00:00,0.41659998893737793
2022-09-27 23:00:00,0.41659998893737793
2022-09-28 00:00:00,0.41659998893737793
2022-09-28 01:00:00,0.03759999945759773
2022-09-28 02:00:00,0.03759999945759773
2022-09-28 03:00:00,0.03759999945759773
2022-09-28 04:00:00,0.02459999918937683
2022-09-28 05:00:00,0.02459999918937683
2022-09-28 06:00:00,0.02459999918937683
2022-09-28 07:00:00,0.01410000026226043
2022-09-28 08:00:00,0.01410000026226043
2022-09-28 09:00:00,0.01410000026226043
2022-09-28 10:00:00,-0.00139999995008111
2022-09-28 11:00:00,-0.00139999995008111
2022-09-28 12:00:00,-0.00139999995008111
2022-09-28 13:00:00,0.07349999994039536
2022-09-28 14:00:00,0.07349999994039536
2022-09-28 15:00:00,0.07349999994039536
2022-09-28 16:00:00,0.5149000287055969
2022-09-28 17:00:00,0.5149000287055969
2022-09-28 18:00:00,0.5149000287055969
2022-09-28 19:00:00,0.7052000164985657
2022-09-28 20:00:00,0.7052000164985657
2022-09-28 21:00:00,0.7052000164985657
2022-09-28 22:00:00,0.44760000705718994
2022-09-28 23:00:00,0.44760000705718994
2022-09-29 00:00:00,0.44760000705718994
2022-09-29 01:00:00,0.03689999878406525
2022-09-29 02:00:00,0.03689999878406525
2022-09-29 03:00:00,0.03689999878406525
2022-09-29 04:00:00,0.01950000040233135
2022-09-29 05:00:00,0.01950000040233135
2022-09-29 06:00:00,0.01950000040233135
2022-09-29 07:00:00,0.01370000001043081
2022-09-29 08:00:00,0.01370000001043081
2022-09-29 09:00:00,0.01370000001043081
2022-09-29 10:00:00,0.01090000011026859
2022-09-29 11:00:00,0.01090000011026859
2022-09-29 12:00:00,0.01090000011026859
2022-09-29 13:00:00,0.08179999887943268
2022-09-29 14:00:00,0.08179999887943268
2022-09-29 15:00:00,0.08179999887943268
2022-09-29 16:00:00,0.4950999915599823
2022-09-29 17:00:00,0.4950999915599823
2022-09-29 18:00:00,0.4950999915599823
2022-09-29 19:00:00,0.6208999752998352
2022-09-29 20:00:00,0.6208999752998352
2022-09-29 21:00:00,0.6208999752998352
2022-09-29 22:00:00,0.4074999988079071
2022-09-29 23:00:00,0.4074999988079071
2022-09-30 00:00:00,0.4074999988079071
2022-09-30 01:00:00,0.04170000180602074
2022-09-30 02:00:00,0.04170000180602074
2022-09-30 03:00:00,0.04170000180602074
2022-09-30 04:00:00,0.01850000023841858
2022-09-30 05:00:00,0.01850000023841858
2022-09-30 06:00:00,0.01850000023841858
2022-09-30 07:00:00,0.0032999999821186
2022-09-30 08:00:00,0.0032999999821186
2022-09-30 09:00:00,0.0032999999821186
2022-09-30 10:00:00,0.00270000007003545
2022-09-30 11:00:00,0.00270000007003545
2022-09-30 12:00:00,0.00270000007003545
2022-09-30 13:00:00,0.07020000368356705
2022-09-30 14:00:00,0.07020000368356705
2022-09-30 15:00:00,0.07020000368356705
2022-09-30 16:00:00,0.4271000027656555
2022-09-30 17:00:00,0.4271000027656555
2022-09-30 18:00:00,0.4271000027656555
2022-09-30 19:00:00,0.5770000219345093
2022-09-30 20:00:00,0.5770000219345093
2022-09-30 21:00:00,0.5770000219345093
2022-09-30 22:00:00,0.3269999921321869
2022-09-30 23:00:00,0.3269999921321869
2022-10-01 00:00:00,0.3269999921321869
2022-10-01 01:00:00,0.04210000112652778
2022-10-01 02:00:00,0.04210000112652778
2022-10-01 03:00:00,0.04210000112652778
2022-10-01 04:00:00,0.02710000053048134
2022-10-01 05:00:00,0.02710000053048134
2022-10-01 06:00:00,0.02710000053048134
2022-10-01 07:00:00,0.02339999936521053
2022-10-01 08:00:00,0.02339999936521053
2022-10-01 09:00:00,0.02339999936521053
2022-10-01 10:00:00,0.01510000042617321
2022-10-01 11:00:00,0.01510000042617321
2022-10-01 12:00:00,0.01510000042617321
2022-10-01 13:00:00,0.05609999969601631
2022-10-01 14:00:00,0.05609999969601631
2022-10-01 15:00:00,0.05609999969601631
2022-10-01 16:00:00,0.3831999897956848
2022-10-01 17:00:00,0.3831999897956848
2022-10-01 18:00:00,0.3831999897956848
2022-10-01 19:00:00,0.5163000226020813
2022-10-01 20:00:00,0.5163000226020813
2022-10-01 21:00:00,0.5163000226020813
2022-10-01 22:00:00,0.28279998898506165
2022-10-01 23:00:00,0.28279998898506165
2022-10-02 00:00:00,0.28279998898506165
2022-10-02 01:00:00,0.02229999937117099
2022-10-02 02:00:00,0.02229999937117099
2022-10-02 03:00:00,0.02229999937117099
2022-10-02 04:00:00,-9.999999747378752e-5
2022-10-02 05:00:00,-9.999999747378752e-5
2022-10-02 06:00:00,-9.999999747378752e-5
2022-10-02 07:00:00,6.000000284984708e-4
2022-10-02 08:00:00,6.000000284984708e-4
2022-10-02 09:00:00,6.000000284984708e-4
2022-10-02 10:00:00,0.00650000013411045
2022-10-02 11:00:00,0.00650000013411045
2022-10-02 12:00:00,0.00650000013411045
2022-10-02 13:00:00,0.06350000202655792
2022-10-02 14:00:00,0.06350000202655792
2022-10-02 15:00:00,0.06350000202655792
2022-10-02 16:00:00,0.3564000129699707
2022-10-02 17:00:00,0.3564000129699707
2022-10-02 18:00:00,0.3564000129699707
2022-10-02 19:00:00,0.5346999764442444
2022-10-02 20:00:00,0.5346999764442444
2022-10-02 21:00:00,0.5346999764442444
2022-10-02 22:00:00,0.3662999868392944
2022-10-02 23:00:00,0.3662999868392944
2022-10-03 00:00:00,0.3662999868392944
2022-10-03 01:00:00,0.02690000087022781
2022-10-03 02:00:00,0.02690000087022781
2022-10-03 03:00:00,0.02690000087022781
2022-10-03 04:00:00,0.01090000011026859
2022-10-03 05:00:00,0.01090000011026859
2022-10-03 06:00:00,0.01090000011026859
2022-10-03 07:00:00,0.0052000000141561
2022-10-03 08:00:00,0.0052000000141561
2022-10-03 09:00:00,0.0052000000141561
2022-10-03 10:00:00,-0.00270000007003545
2022-10-03 11:00:00,-0.00270000007003545
2022-10-03 12:00:00,-0.00270000007003545
2022-10-03 13:00:00,0.05409999936819076
2022-10-03 14:00:00,0.05409999936819076
2022-10-03 15:00:00,0.05409999936819076
2022-10-03 16:00:00,0.3774999976158142
2022-10-03 17:00:00,0.3774999976158142
2022-10-03 18:00:00,0.3774999976158142
2022-10-03 19:00:00,0.5496000051498413
2022-10-03 20:00:00,0.5496000051498413
2022-10-03 21:00:00,0.5496000051498413
2022-10-03 22:00:00,0.31360000371932983
2022-10-03 23:00:00,0.31360000371932983
2022-10-04 00:00:00,0.31360000371932983
2022-10-04 01:00:00,0.03310000151395798
2022-10-04 02:00:00,0.03310000151395798
2022-10-04 03:00:00,0.03310000151395798
2022-10-04 04:00:00,0.00700000021606683
2022-10-04 05:00:00,0.00700000021606683
2022-10-04 06:00:00,0.00700000021606683
2022-10-04 07:00:00,-0.00380000006407499
2022-10-04 08:00:00,-0.00380000006407499
2022-10-04 09:00:00,-0.00380000006407499
2022-10-04 10:00:00,-0.00579999992623925
2022-10-04 11:00:00,-0.00579999992623925
2022-10-04 12:00:00,-0.00579999992623925
2022-10-04 13:00:00,0.03770000115036964
2022-10-04 14:00:00,0.03770000115036964
2022-10-04 15:00:00,0.03770000115036964
2022-10-04 16:00:00,0.35269999504089355
2022-10-04 17:00:00,0.35269999504089355
2022-10-04 18:00:00,0.35269999504089355
2022-10-04 19:00:00,0.531000018119812
2022-10-04 20:00:00,0.531000018119812
2022-10-04 21:00:00,0.531000018119812
2022-10-04 22:00:00,0.32019999623298645
2022-10-04 23:00:00,0.32019999623298645
2022-10-05 00:00:00,0.32019999623298645
2022-10-05 01:00:00,0.01950000040233135
2022-10-05 02:00:00,0.01950000040233135
2022-10-05 03:00:00,0.01950000040233135
2022-10-05 04:00:00,0.00549999997019767
2022-10-05 05:00:00,0.00549999997019767
2022-10-05 06:00:00,0.00549999997019767
2022-10-05 07:00:00,-0.00270000007003545
2022-10-05 08:00:00,-0.00270000007003545
2022-10-05 09:00:00,-0.00270000007003545
2022-10-05 10:00:00,-0.00579999992623925
2022-10-05 11:00:00,-0.00579999992623925
2022-10-05 12:00:00,-0.00579999992623925
2022-10-05 13:00:00,0.03139999881386757
2022-10-05 14:00:00,0.03139999881386757
2022-10-05 15:00:00,0.03139999881386757
2022-10-05 16:00:00,0.3402999937534332
2022-10-05 17:00:00,0.3402999937534332
2022-10-05 18:00:00,0.3402999937534332
2022-10-05 19:00:00,0.5121999979019165
2022-10-05 20:00:00,0.5121999979019165
2022-10-05 21:00:00,0.5121999979019165
2022-10-05 22:00:00,0.29679998755455017
2022-10-05 23:00:00,0.29679998755455017
2022-10-06 00:00:00,0.29679998755455017
2022-10-06 01:00:00,0.00820000004023313
2022-10-06 02:00:00,0.00820000004023313
2022-10-06 03:00:00,0.00820000004023313
2022-10-06 04:00:00,-0.00380000006407499
2022-10-06 05:00:00,-0.00380000006407499
2022-10-06 06:00:00,-0.00380000006407499
2022-10-06 07:00:00,-0.00760000012814998
2022-10-06 08:00:00,-0.00760000012814998
2022-10-06 09:00:00,-0.00760000012814998
2022-10-06 10:00:00,-0.00829999987035989
2022-10-06 11:00:00,-0.00829999987035989
2022-10-06 12:00:00,-0.00829999987035989
2022-10-06 13:00:00,0.03209999948740005
2022-10-06 14:00:00,0.03209999948740005
2022-10-06 15:00:00,0.03209999948740005
2022-10-06 16:00:00,0.34389999508857727
2022-10-06 17:00:00,0.34389999508857727
2022-10-06 18:00:00,0.34389999508857727
2022-10-06 19:00:00,0.5199000239372253
2022-10-06 20:00:00,0.5199000239372253
2022-10-06 21:00:00,0.5199000239372253
2022-10-06 22:00:00,0.311599999666214
2022-10-06 23:00:00,0.311599999666214
2022-10-07 00:00:00,0.311599999666214
2022-10-07 01:00:00,0.02319999970495701
2022-10-07 02:00:00,0.02319999970495701
2022-10-07 03:00:00,0.02319999970495701
2022-10-07 04:00:00,0.01820000074803829
2022-10-07 05:00:00,0.01820000074803829
2022-10-07 06:00:00,0.01820000074803829
2022-10-07 07:00:00,0.00179999996908009
2022-10-07 08:00:00,0.00179999996908009
2022-10-07 09:00:00,0.00179999996908009
2022-10-07 10:00:00,-0.0059000002220273
2022-10-07 11:00:00,-0.0059000002220273
2022-10-07 12:00:00,-0.0059000002220273
2022-10-07 13:00:00,0.04030000045895576
2022-10-07 14:00:00,0.04030000045895576
2022-10-07 15:00:00,0.04030000045895576
2022-10-07 16:00:00,0.33250001072883606
2022-10-07 17:00:00,0.33250001072883606
2022-10-07 18:00:00,0.33250001072883606
2022-10-07 19:00:00,0.49810001254081726
2022-10-07 20:00:00,0.49810001254081726
2022-10-07 21:00:00,0.49810001254081726
2022-10-07 22:00:00,0.2816999852657318
2022-10-07 23:00:00,0.2816999852657318
2022-10-08 00:00:00,0.2816999852657318
2022-10-08 01:00:00,0.01319999992847442
2022-10-08 02:00:00,0.01319999992847442
2022-10-08 03:00:00,0.01319999992847442
2022-10-08 04:00:00,-6.000000284984708e-4
2022-10-08 05:00:00,-6.000000284984708e-4
2022-10-08 06:00:00,-6.000000284984708e-4
2022-10-08 07:00:00,-0.0063999998383224
2022-10-08 08:00:00,-0.0063999998383224
2022-10-08 09:00:00,-0.0063999998383224
2022-10-08 10:00:00,-0.00689999992027878
2022-10-08 11:00:00,-0.00689999992027878
2022-10-08 12:00:00,-0.00689999992027878
2022-10-08 13:00:00,0.03559999912977218
2022-10-08 14:00:00,0.03559999912977218
2022-10-08 15:00:00,0.03559999912977218
2022-10-08 16:00:00,0.3366999924182892
2022-10-08 17:00:00,0.3366999924182892
2022-10-08 18:00:00,0.3366999924182892
2022-10-08 19:00:00,0.5116999745368958
2022-10-08 20:00:00,0.5116999745368958
2022-10-08 21:00:00,0.5116999745368958
2022-10-08 22:00:00,0.3005000054836273
2022-10-08 23:00:00,0.3005000054836273
2022-10-09 00:00:00,0.3005000054836273
2022-10-09 01:00:00,0.01339999958872795
2022-10-09 02:00:00,0.01339999958872795
2022-10-09 03:00:00,0.01339999958872795
2022-10-09 04:00:00,0.00230000005103647
2022-10-09 05:00:00,0.00230000005103647
2022-10-09 06:00:00,0.00230000005103647
2022-10-09 07:00:00,7.999999797903001e-4
2022-10-09 08:00:00,7.999999797903001e-4
2022-10-09 09:00:00,7.999999797903001e-4
2022-10-09 10:00:00,-0.00139999995008111
2022-10-09 11:00:00,-0.00139999995008111
2022-10-09 12:00:00,-0.00139999995008111
2022-10-09 13:00:00,0.04109999909996986
2022-10-09 14:00:00,0.04109999909996986
2022-10-09 15:00:00,0.04109999909996986
2022-10-09 16:00:00,0.34279999136924744
2022-10-09 17:00:00,0.34279999136924744
2022-10-09 18:00:00,0.34279999136924744
2022-10-09 19:00:00,0.5196999907493591
2022-10-09 20:00:00,0.5196999907493591
2022-10-09 21:00:00,0.5196999907493591
2022-10-09 22:00:00,0.31139999628067017
2022-10-09 23:00:00,0.31139999628067017
2022-10-10 00:00:00,0.31139999628067017
2022-10-10 01:00:00,0.01389999967068433
2022-10-10 02:00:00,0.01389999967068433
2022-10-10 03:00:00,0.01389999967068433
2022-10-10 04:00:00,0.0032999999821186
2022-10-10 05:00:00,0.0032999999821186
2022-10-10 06:00:00,0.0032999999821186
2022-10-10 07:00:00,0.00230000005103647
2022-10-10 08:00:00,0.00230000005103647
2022-10-10 09:00:00,0.00230000005103647
2022-10-10 10:00:00,0.00300000002607703
2022-10-10 11:00:00,0.00300000002607703
2022-10-10 12:00:00,0.00300000002607703
2022-10-10 13:00:00,0.05059999972581863
2022-10-10 14:00:00,0.05059999972581863
2022-10-10 15:00:00,0.05059999972581863
2022-10-10 16:00:00,0.3975000083446502
2022-10-10 17:00:00,0.3975000083446502
2022-10-10 18:00:00,0.3975000083446502
2022-10-10 19:00:00,0.5715000033378601
2022-10-10 20:00:00,0.5715000033378601
2022-10-10 21:00:00,0.5715000033378601
2022-10-10 22:00:00,0.3402999937534332
2022-10-10 23:00:00,0.3402999937534332
2022-10-11 00:00:00,0.3402999937534332
2022-10-11 01:00:00,0.0324999988079071
2022-10-11 02:00:00,0.0324999988079071
2022-10-11 03:00:00,0.0324999988079071
2022-10-11 04:00:00,0.02610000036656856
2022-10-11 05:00:00,0.02610000036656856
2022-10-11 06:00:00,0.02610000036656856
2022-10-11 07:00:00,0.01720000058412552
2022-10-11 08:00:00,0.01720000058412552
2022-10-11 09:00:00,0.01720000058412552
2022-10-11 10:00:00,0.01889999955892563
2022-10-11 11:00:00,0.01889999955892563
2022-10-11 12:00:00,0.01889999955892563
2022-10-11 13:00:00,0.08489999920129776
2022-10-11 14:00:00,0.08489999920129776
2022-10-11 15:00:00,0.08489999920129776
2022-10-11 16:00:00,0.4621999859809875
2022-10-11 17:00:00,0.4621999859809875
2022-10-11 18:00:00,0.4621999859809875
2022-10-11 19:00:00,0.6297000050544739
2022-10-11 20:00:00,0.6297000050544739
2022-10-11 21:00:00,0.6297000050544739
2022-10-11 22:00:00,0.3964000046253204
2022-10-11 23:00:00,0.3964000046253204
2022-10-12 00:00:00,0.3964000046253204
2022-10-12 01:00:00,0.08959999680519104
2022-10-12 02:00:00,0.08959999680519104
2022-10-12 03:00:00,0.08959999680519104
2022-10-12 04:00:00,0.03030000068247318
2022-10-12 05:00:00,0.03030000068247318
2022-10-12 06:00:00,0.03030000068247318
2022-10-12 07:00:00,0.0255999993532896
2022-10-12 08:00:00,0.0255999993532896
2022-10-12 09:00:00,0.0255999993532896
2022-10-12 10:00:00,0.01840000040829181
2022-10-12 11:00:00,0.01840000040829181
2022-10-12 12:00:00,0.01840000040829181
2022-10-12 13:00:00,0.08349999785423279
2022-10-12 14:00:00,0.08349999785423279
2022-10-12 15:00:00,0.08349999785423279
2022-10-12 16:00:00,0.4293999969959259
2022-10-12 17:00:00,0.4293999969959259
2022-10-12 18:00:00,0.4293999969959259
2022-10-12 19:00:00,0.5751000046730042
2022-10-12 20:00:00,0.5751000046730042
2022-10-12 21:00:00,0.5751000046730042
2022-10-12 22:00:00,0.33329999446868896
2022-10-12 23:00:00,0.33329999446868896
2022-10-13 00:00:00,0.33329999446868896
2022-10-13 01:00:00,0.06230000033974647
2022-10-13 02:00:00,0.06230000033974647
2022-10-13 03:00:00,0.06230000033974647
2022-10-13 04:00:00,0.06109999865293503
2022-10-13 05:00:00,0.06109999865293503
2022-10-13 06:00:00,0.06109999865293503
2022-10-13 07:00:00,0.0502999983727932
2022-10-13 08:00:00,0.0502999983727932
2022-10-13 09:00:00,0.0502999983727932
2022-10-13 10:00:00,0.01899999938905239
2022-10-13 11:00:00,0.01899999938905239
2022-10-13 12:00:00,0.01899999938905239
2022-10-13 13:00:00,0.05099999904632568
2022-10-13 14:00:00,0.05099999904632568
2022-10-13 15:00:00,0.05099999904632568
2022-10-13 16:00:00,0.3499000072479248
2022-10-13 17:00:00,0.3499000072479248
2022-10-13 18:00:00,0.3499000072479248
2022-10-13 19:00:00,0.4909999966621399
2022-10-13 20:00:00,0.4909999966621399
2022-10-13 21:00:00,0.4909999966621399
2022-10-13 22:00:00,0.2955000102519989
2022-10-13 23:00:00,0.2955000102519989
2022-10-14 00:00:00,0.2955000102519989
2022-10-14 01:00:00,0.0260000005364418
2022-10-14 02:00:00,0.0260000005364418
2022-10-14 03:00:00,0.0260000005364418
2022-10-14 04:00:00,0.01879999972879886
2022-10-14 05:00:00,0.01879999972879886
2022-10-14 06:00:00,0.01879999972879886
2022-10-14 07:00:00,0.02329999953508377
2022-10-14 08:00:00,0.02329999953508377
2022-10-14 09:00:00,0.02329999953508377
2022-10-14 10:00:00,0.02630000002682209
2022-10-14 11:00:00,0.02630000002682209
2022-10-14 12:00:00,0.02630000002682209
2022-10-14 13:00:00,0.08309999853372574
2022-10-14 14:00:00,0.08309999853372574
2022-10-14 15:00:00,0.08309999853372574
2022-10-14 16:00:00,0.4481000006198883
2022-10-14 17:00:00,0.4481000006198883
2022-10-14 18:00:00,0.4481000006198883
2022-10-14 19:00:00,0.5922999978065491
2022-10-14 20:00:00,0.5922999978065491
2022-10-14 21:00:00,0.5922999978065491
2022-10-14 22:00:00,0.3375000059604645
2022-10-14 23:00:00,0.3375000059604645
2022-10-15 00:00:00,0.3375000059604645
2022-10-15 01:00:00,0.02690000087022781
2022-10-15 02:00:00,0.02690000087022781
2022-10-15 03:00:00,0.02690000087022781
2022-10-15 04:00:00,0.01659999974071979
2022-10-15 05:00:00,0.01659999974071979
2022-10-15 06:00:00,0.01659999974071979
2022-10-15 07:00:00,0.01360000018030405
2022-10-15 08:00:00,0.01360000018030405
2022-10-15 09:00:00,0.01360000018030405
2022-10-15 10:00:00,0.01850000023841858
2022-10-15 11:00:00,0.01850000023841858
2022-10-15 12:00:00,0.01850000023841858
2022-10-15 13:00:00,0.04659999907016754
2022-10-15 14:00:00,0.04659999907016754
2022-10-15 15:00:00,0.04659999907016754
2022-10-15 16:00:00,0.36149999499320984
2022-10-15 17:00:00,0.36149999499320984
2022-10-15 18:00:00,0.36149999499320984
2022-10-15 19:00:00,0.5117999911308289
2022-10-15 20:00:00,0.5117999911308289
2022-10-15 21:00:00,0.5117999911308289
2022-10-15 22:00:00,0.289000004529953
2022-10-15 23:00:00,0.289000004529953
2022-10-16 00:00:00,0.289000004529953
2022-10-16 01:00:00,0.02349999919533729
2022-10-16 02:00:00,0.02349999919533729
2022-10-16 03:00:00,0.02349999919533729
2022-10-16 04:00:00,0.02019999921321869
2022-10-16 05:00:00,0.02019999921321869
2022-10-16 06:00:00,0.02019999921321869
2022-10-16 07:00:00,0.01209999993443489
2022-10-16 08:00:00,0.01209999993443489
2022-10-16 09:00:00,0.01209999993443489
2022-10-16 10:00:00,6.99999975040555e-4
2022-10-16 11:00:00,6.99999975040555e-4
2022-10-16 12:00:00,6.99999975040555e-4
2022-10-16 13:00:00,0.0272000003606081
2022-10-16 14:00:00,0.0272000003606081
2022-10-16 15:00:00,0.0272000003606081
2022-10-16 16:00:00,0.28790000081062317
2022-10-16 17:00:00,0.28790000081062317
2022-10-16 18:00:00,0.28790000081062317
2022-10-16 19:00:00,0.41690000891685486
2022-10-16 20:00:00,0.41690000891685486
2022-10-16 21:00:00,0.41690000891685486
2022-10-16 22:00:00,0.2152000069618225
2022-10-16 23:00:00,0.2152000069618225
2022-10-17 00:00:00,0.2152000069618225
2022-10-17 01:00:00,0.00549999997019767
2022-10-17 02:00:00,0.00549999997019767
2022-10-17 03:00:00,0.00549999997019767
2022-10-17 04:00:00,0.00340000004507601
2022-10-17 05:00:00,0.00340000004507601
2022-10-17 06:00:00,0.00340000004507601
2022-10-17 07:00:00,0.00289999996311962
2022-10-17 08:00:00,0.00289999996311962
2022-10-17 09:00:00,0.00289999996311962
2022-10-17 10:00:00,0.00230000005103647
2022-10-17 11:00:00,0.00230000005103647
2022-10-17 12:00:00,0.00230000005103647
2022-10-17 13:00:00,0.03620000183582306
2022-10-17 14:00:00,0.03620000183582306
2022-10-17 15:00:00,0.03620000183582306
2022-10-17 16:00:00,0.3000999987125397
2022-10-17 17:00:00,0.3000999987125397
2022-10-17 18:00:00,0.3000999987125397
2022-10-17 19:00:00,0.4596000015735626
2022-10-17 20:00:00,0.4596000015735626
2022-10-17 21:00:00,0.4596000015735626
2022-10-17 22:00:00,0.2354000061750412
2022-10-17 23:00:00,0.2354000061750412
2022-10-18 00:00:00,0.2354000061750412
2022-10-18 01:00:00,0.0059000002220273
2022-10-18 02:00:00,0.0059000002220273
2022-10-18 03:00:00,0.0059000002220273
2022-10-18 04:00:00,0.00209999992512166
2022-10-18 05:00:00,0.00209999992512166
2022-10-18 06:00:00,0.00209999992512166
2022-10-18 07:00:00,9.999999747378752e-5
2022-10-18 08:00:00,9.999999747378752e-5
2022-10-18 09:00:00,9.999999747378752e-5
2022-10-18 10:00:00,8.999999845400453e-4
2022-10-18 11:00:00,8.999999845400453e-4
2022-10-18 12:00:00,8.999999845400453e-4
2022-10-18 13:00:00,0.04010000079870224
2022-10-18 14:00:00,0.04010000079870224
2022-10-18 15:00:00,0.04010000079870224
2022-10-18 16:00:00,0.3546999990940094
2022-10-18 17:00:00,0.3546999990940094
2022-10-18 18:00:00,0.3546999990940094
2022-10-18 19:00:00,0.5130000114440918
2022-10-18 20:00:00,0.5130000114440918
2022-10-18 21:00:00,0.5130000114440918
2022-10-18 22:00:00,0.26649999618530273
2022-10-18 23:00:00,0.26649999618530273
2022-10-19 00:00:00,0.26649999618530273
2022-10-19 01:00:00,0.0127999996766448
2022-10-19 02:00:00,0.0127999996766448
2022-10-19 03:00:00,0.0127999996766448
2022-10-19 04:00:00,0.01009999960660934
2022-10-19 05:00:00,0.01009999960660934
2022-10-19 06:00:00,0.01009999960660934
2022-10-19 07:00:00,0.01449999958276748
2022-10-19 08:00:00,0.01449999958276748
2022-10-19 09:00:00,0.01449999958276748
2022-10-19 10:00:00,0.0115999998524785
2022-10-19 11:00:00,0.0115999998524785
2022-10-19 12:00:00,0.0115999998524785
2022-10-19 13:00:00,0.04800000041723251
2022-10-19 14:00:00,0.04800000041723251
2022-10-19 15:00:00,0.04800000041723251
2022-10-19 16:00:00,0.42809998989105225
2022-10-19 17:00:00,0.42809998989105225
2022-10-19 18:00:00,0.42809998989105225
2022-10-19 19:00:00,0.5874000191688538
2022-10-19 20:00:00,0.5874000191688538
2022-10-19 21:00:00,0.5874000191688538
2022-10-19 22:00:00,0.31839999556541443
2022-10-19 23:00:00,0.31839999556541443
2022-10-20 00:00:00,0.31839999556541443
2022-10-20 01:00:00,0.02830000035464763
2022-10-20 02:00:00,0.02830000035464763
2022-10-20 03:00:00,0.02830000035464763
2022-10-20 04:00:00,0.01389999967068433
2022-10-20 05:00:00,0.01389999967068433
2022-10-20 06:00:00,0.01389999967068433
2022-10-20 07:00:00,0.01219999976456165
2022-10-20 08:00:00,0.01219999976456165
2022-10-20 09:00:00,0.01219999976456165
2022-10-20 10:00:00,0.01950000040233135
2022-10-20 11:00:00,0.01950000040233135
2022-10-20 12:00:00,0.01950000040233135
2022-10-20 13:00:00,0.06019999831914902
2022-10-20 14:00:00,0.06019999831914902
2022-10-20 15:00:00,0.06019999831914902
2022-10-20 16:00:00,0.4316000044345856
2022-10-20 17:00:00,0.4316000044345856
2022-10-20 18:00:00,0.4316000044345856
2022-10-20 19:00:00,0.5855000019073486
2022-10-20 20:00:00,0.5855000019073486
2022-10-20 21:00:00,0.5855000019073486
2022-10-20 22:00:00,0.3244999945163727
2022-10-20 23:00:00,0.3244999945163727
2022-10-21 00:00:00,0.3244999945163727
2022-10-21 01:00:00,0.03819999843835831
2022-10-21 02:00:00,0.03819999843835831
2022-10-21 03:00:00,0.03819999843835831
2022-10-21 04:00:00,0.03370000049471855
2022-10-21 05:00:00,0.03370000049471855
2022-10-21 06:00:00,0.03370000049471855
2022-10-21 07:00:00,0.02569999918341636
2022-10-21 08:00:00,0.02569999918341636
2022-10-21 09:00:00,0.02569999918341636
2022-10-21 10:00:00,0.01640000008046627
2022-10-21 11:00:00,0.01640000008046627
2022-10-21 12:00:00,0.01640000008046627
2022-10-21 13:00:00,0.0723000019788742
2022-10-21 14:00:00,0.0723000019788742
2022-10-21 15:00:00,0.0723000019788742
2022-10-21 16:00:00,0.46239998936653137
2022-10-21 17:00:00,0.46239998936653137
2022-10-21 18:00:00,0.46239998936653137
2022-10-21 19:00:00,0.6265000104904175
2022-10-21 20:00:00,0.6265000104904175
2022-10-21 21:00:00,0.6265000104904175
2022-10-21 22:00:00,0.3562999963760376
2022-10-21 23:00:00,0.3562999963760376
2022-10-22 00:00:00,0.3562999963760376
2022-10-22 01:00:00,0.05590000003576279
2022-10-22 02:00:00,0.05590000003576279
2022-10-22 03:00:00,0.05590000003576279
2022-10-22 04:00:00,0.07180000096559525
2022-10-22 05:00:00,0.07180000096559525
2022-10-22 06:00:00,0.07180000096559525
2022-10-22 07:00:00,0.03579999879002571
2022-10-22 08:00:00,0.03579999879002571
2022-10-22 09:00:00,0.03579999879002571
2022-10-22 10:00:00,0.03070000000298023
2022-10-22 11:00:00,0.03070000000298023
2022-10-22 12:00:00,0.03070000000298023
2022-10-22 13:00:00,0.06830000132322311
2022-10-22 14:00:00,0.06830000132322311
2022-10-22 15:00:00,0.06830000132322311
2022-10-22 16:00:00,0.4156999886035919
2022-10-22 17:00:00,0.4156999886035919
2022-10-22 18:00:00,0.4156999886035919
2022-10-22 19:00:00,0.5587000250816345
2022-10-22 20:00:00,0.5587000250816345
2022-10-22 21:00:00,0.5587000250816345
2022-10-22 22:00:00,0.30219998955726624
2022-10-22 23:00:00,0.30219998955726624
2022-10-23 00:00:00,0.30219998955726624
2022-10-23 01:00:00,0.04039999842643738
2022-10-23 02:00:00,0.04039999842643738
2022-10-23 03:00:00,0.04039999842643738
2022-10-23 04:00:00,0.02510000020265579
2022-10-23 05:00:00,0.02510000020265579
2022-10-23 06:00:00,0.02510000020265579
2022-10-23 07:00:00,0.01820000074803829
2022-10-23 08:00:00,0.01820000074803829
2022-10-23 09:00:00,0.01820000074803829
2022-10-23 10:00:00,0.02710000053048134
2022-10-23 11:00:00,0.02710000053048134
2022-10-23 12:00:00,0.02710000053048134
2022-10-23 13:00:00,0.06679999828338623
2022-10-23 14:00:00,0.06679999828338623
2022-10-23 15:00:00,0.06679999828338623
2022-10-23 16:00:00,0.35120001435279846
2022-10-23 17:00:00,0.35120001435279846
2022-10-23 18:00:00,0.35120001435279846
2022-10-23 19:00:00,0.47360000014305115
2022-10-23 20:00:00,0.47360000014305115
2022-10-23 21:00:00,0.47360000014305115
2022-10-23 22:00:00,0.26440000534057617
2022-10-23 23:00:00,0.26440000534057617
2022-10-24 00:00:00,0.26440000534057617
2022-10-24 01:00:00,0.04690000042319298
2022-10-24 02:00:00,0.04690000042319298
2022-10-24 03:00:00,0.04690000042319298
2022-10-24 04:00:00,0.0551999993622303
2022-10-24 05:00:00,0.0551999993622303
2022-10-24 06:00:00,0.0551999993622303
2022-10-24 07:00:00,0.03550000116229057
2022-10-24 08:00:00,0.03550000116229057
2022-10-24 09:00:00,0.03550000116229057
2022-10-24 10:00:00,0.02549999952316284
2022-10-24 11:00:00,0.02549999952316284
2022-10-24 12:00:00,0.02549999952316284
2022-10-24 13:00:00,0.03269999846816063
2022-10-24 14:00:00,0.03269999846816063
2022-10-24 15:00:00,0.03269999846816063
2022-10-24 16:00:00,0.2667999863624573
2022-10-24 17:00:00,0.2667999863624573
2022-10-24 18:00:00,0.2667999863624573
2022-10-24 19:00:00,0.34209999442100525
2022-10-24 20:00:00,0.34209999442100525
2022-10-24 21:00:00,0.34209999442100525
2022-10-24 22:00:00,0.21459999680519104
2022-10-24 23:00:00,0.21459999680519104
2022-10-25 00:00:00,0.21459999680519104
2022-10-25 01:00:00,0.02960000000894069
2022-10-25 02:00:00,0.02960000000894069
2022-10-25 03:00:00,0.02960000000894069
2022-10-25 04:00:00,0.03220000118017197
2022-10-25 05:00:00,0.03220000118017197
2022-10-25 06:00:00,0.03220000118017197
2022-10-25 07:00:00,0.03640000149607658
2022-10-25 08:00:00,0.03640000149607658
2022-10-25 09:00:00,0.03640000149607658
2022-10-25 10:00:00,0.03099999949336052
2022-10-25 11:00:00,0.03099999949336052
2022-10-25 12:00:00,0.03099999949336052
2022-10-25 13:00:00,0.05880000069737434
2022-10-25 14:00:00,0.05880000069737434
2022-10-25 15:00:00,0.05880000069737434
2022-10-25 16:00:00,0.2703999876976013
2022-10-25 17:00:00,0.2703999876976013
2022-10-25 18:00:00,0.2703999876976013
2022-10-25 19:00:00,0.350600004196167
2022-10-25 20:00:00,0.350600004196167
2022-10-25 21:00:00,0.350600004196167
2022-10-25 22:00:00,0.1467999964952469
2022-10-25 23:00:00,0.1467999964952469
2022-10-26 00:00:00,0.1467999964952469
2022-10-26 01:00:00,0.01640000008046627
2022-10-26 02:00:00,0.01640000008046627
2022-10-26 03:00:00,0.01640000008046627
2022-10-26 04:00:00,0.01080000028014183
2022-10-26 05:00:00,0.01080000028014183
2022-10-26 06:00:00,0.01080000028014183
2022-10-26 07:00:00,0.00419999985024333
2022-10-26 08:00:00,0.00419999985024333
2022-10-26 09:00:00,0.00419999985024333
2022-10-26 10:00:00,0.00669999979436397
2022-10-26 11:00:00,0.00669999979436397
2022-10-26 12:00:00,0.00669999979436397
2022-10-26 13:00:00,0.03620000183582306
2022-10-26 14:00:00,0.03620000183582306
2022-10-26 15:00:00,0.03620000183582306
2022-10-26 16:00:00,0.17299999296665192
2022-10-26 17:00:00,0.17299999296665192
2022-10-26 18:00:00,0.17299999296665192
2022-10-26 19:00:00,0.18219999969005585
2022-10-26 20:00:00,0.18219999969005585
2022-10-26 21:00:00,0.18219999969005585
2022-10-26 22:00:00,0.1420000046491623
2022-10-26 23:00:00,0.1420000046491623
2022-10-27 00:00:00,0.1420000046491623
2022-10-27 01:00:00,0.01269999984651804
2022-10-27 02:00:00,0.01269999984651804
2022-10-27 03:00:00,0.01269999984651804
2022-10-27 04:00:00,0.00820000004023313
2022-10-27 05:00:00,0.00820000004023313
2022-10-27 06:00:00,0.00820000004023313
2022-10-27 07:00:00,0.00719999987632036
2022-10-27 08:00:00,0.00719999987632036
2022-10-27 09:00:00,0.00719999987632036
2022-10-27 10:00:00,0.01429999992251396
2022-10-27 11:00:00,0.01429999992251396
2022-10-27 12:00:00,0.01429999992251396
2022-10-27 13:00:00,0.04329999908804893
2022-10-27 14:00:00,0.04329999908804893
2022-10-27 15:00:00,0.04329999908804893
2022-10-27 16:00:00,0.16349999606609344
2022-10-27 17:00:00,0.16349999606609344
2022-10-27 18:00:00,0.16349999606609344
2022-10-27 19:00:00,0.1825000047683716
2022-10-27 20:00:00,0.1825000047683716
2022-10-27 21:00:00,0.1825000047683716
2022-10-27 22:00:00,0.09709999710321426
2022-10-27 23:00:00,0.09709999710321426
2022-10-28 00:00:00,0.09709999710321426
2022-10-28 01:00:00,6.99999975040555e-4
2022-10-28 02:00:00,6.99999975040555e-4
2022-10-28 03:00:00,6.99999975040555e-4
2022-10-28 04:00:00,-0.0020000000949949
2022-10-28 05:00:00,-0.0020000000949949
2022-10-28 06:00:00,-0.0020000000949949
2022-10-28 07:00:00,-6.000000284984708e-4
2022-10-28 08:00:00,-6.000000284984708e-4
2022-10-28 09:00:00,-6.000000284984708e-4
2022-10-28 10:00:00,5.000000237487257e-4
2022-10-28 11:00:00,5.000000237487257e-4
2022-10-28 12:00:00,5.000000237487257e-4
2022-10-28 13:00:00,0.02019999921321869
2022-10-28 14:00:00,0.02019999921321869
2022-10-28 15:00:00,0.02019999921321869
2022-10-28 16:00:00,0.24580000340938568
2022-10-28 17:00:00,0.24580000340938568
2022-10-28 18:00:00,0.24580000340938568
2022-10-28 19:00:00,0.39809998869895935
2022-10-28 20:00:00,0.39809998869895935
2022-10-28 21:00:00,0.39809998869895935
2022-10-28 22:00:00,0.17560000717639923
2022-10-28 23:00:00,0.17560000717639923
2022-10-29 00:00:00,0.17560000717639923
2022-10-29 01:00:00,0.00179999996908009
2022-10-29 02:00:00,0.00179999996908009
2022-10-29 03:00:00,0.00179999996908009
2022-10-29 04:00:00,0.00389999989420175
2022-10-29 05:00:00,0.00389999989420175
2022-10-29 06:00:00,0.00389999989420175
2022-10-29 07:00:00,0.00570000009611249
2022-10-29 08:00:00,0.00570000009611249
2022-10-29 09:00:00,0.00570000009611249
2022-10-29 10:00:00,0.01310000009834766
2022-10-29 11:00:00,0.01310000009834766
2022-10-29 12:00:00,0.01310000009834766
2022-10-29 13:00:00,0.01710000075399875
2022-10-29 14:00:00,0.01710000075399875
2022-10-29 15:00:00,0.01710000075399875
2022-10-29 16:00:00,0.27889999747276306
2022-10-29 17:00:00,0.27889999747276306
2022-10-29 18:00:00,0.27889999747276306
2022-10-29 19:00:00,0.40119999647140503
2022-10-29 20:00:00,0.40119999647140503
2022-10-29 21:00:00,0.40119999647140503
2022-10-29 22:00:00,0.1934999972581863
2022-10-29 23:00:00,0.1934999972581863
2022-10-30 00:00:00,0.1934999972581863
2022-10-30 01:00:00,0.01960000023245811
2022-10-30 02:00:00,0.01960000023245811
2022-10-30 03:00:00,0.01960000023245811
2022-10-30 04:00:00,0.01590000092983246
2022-10-30 05:00:00,0.01590000092983246
2022-10-30 06:00:00,0.01590000092983246
2022-10-30 07:00:00,0.01520000025629997
2022-10-30 08:00:00,0.01520000025629997
2022-10-30 09:00:00,0.01520000025629997
2022-10-30 10:00:00,0.01830000057816505
2022-10-30 11:00:00,0.01830000057816505
2022-10-30 12:00:00,0.01830000057816505
2022-10-30 13:00:00,0.03460000082850456
2022-10-30 14:00:00,0.03460000082850456
2022-10-30 15:00:00,0.03460000082850456
2022-10-30 16:00:00,0.20589999854564667
2022-10-30 17:00:00,0.20589999854564667
2022-10-30 18:00:00,0.20589999854564667
2022-10-30 19:00:00,0.3578000068664551
2022-10-30 20:00:00,0.3578000068664551
2022-10-30 21:00:00,0.3578000068664551
2022-10-30 22:00:00,0.19580000638961792
2022-10-30 23:00:00,0.19580000638961792
2022-10-31 00:00:00,0.19580000638961792
2022-10-31 01:00:00,0.01410000026226043
2022-10-31 02:00:00,0.01410000026226043
2022-10-31 03:00:00,0.01410000026226043
2022-10-31 04:00:00,0.0142000000923872
2022-10-31 05:00:00,0.0142000000923872
2022-10-31 06:00:00,0.0142000000923872
2022-10-31 07:00:00,0.01379999984055757
2022-10-31 08:00:00,0.01379999984055757
2022-10-31 09:00:00,0.01379999984055757
2022-10-31 10:00:00,0.01480000000447034
2022-10-31 11:00:00,0.01480000000447034
2022-10-31 12:00:00,0.01480000000447034
2022-10-31 13:00:00,0.05710000172257423
2022-10-31 14:00:00,0.05710000172257423
2022-10-31 15:00:00,0.05710000172257423
2022-10-31 16:00:00,0.30160000920295715
2022-10-31 17:00:00,0.30160000920295715
2022-10-31 18:00:00,0.30160000920295715
2022-10-31 19:00:00,0.4309000074863434
2022-10-31 20:00:00,0.4309000074863434
2022-10-31 21:00:00,0.4309000074863434
2022-10-31 22:00:00,0.2003999948501587
2022-10-31 23:00:00,0.2003999948501587
2022-11-01 00:00:00,0.2003999948501587
2022-11-01 01:00:00,0.00760000012814998
2022-11-01 02:00:00,0.00760000012814998
2022-11-01 03:00:00,0.00760000012814998
2022-11-01 04:00:00,0.001700000022538
2022-11-01 05:00:00,0.001700000022538
2022-11-01 06:00:00,0.001700000022538
2022-11-01 07:00:00,0.00219999998807907
2022-11-01 08:00:00,0.00219999998807907
2022-11-01 09:00:00,0.00219999998807907
2022-11-01 10:00:00,-5.000000237487257e-4
2022-11-01 11:00:00,-5.000000237487257e-4
2022-11-01 12:00:00,-5.000000237487257e-4
2022-11-01 13:00:00,0.01779999956488609
2022-11-01 14:00:00,0.01779999956488609
2022-11-01 15:00:00,0.01779999956488609
2022-11-01 16:00:00,0.18400000035762787
2022-11-01 17:00:00,0.18400000035762787
2022-11-01 18:00:00,0.18400000035762787
2022-11-01 19:00:00,0.2630999982357025
2022-11-01 20:00:00,0.2630999982357025
2022-11-01 21:00:00,0.2630999982357025
2022-11-01 22:00:00,0.18529999256134033
2022-11-01 23:00:00,0.18529999256134033
2022-11-02 00:00:00,0.18529999256134033
2022-11-02 01:00:00,0.02190000005066394
2022-11-02 02:00:00,0.02190000005066394
2022-11-02 03:00:00,0.02190000005066394
2022-11-02 04:00:00,0.02859999984502792
2022-11-02 05:00:00,0.02859999984502792
2022-11-02 06:00:00,0.02859999984502792
2022-11-02 07:00:00,0.03319999948143959
2022-11-02 08:00:00,0.03319999948143959
2022-11-02 09:00:00,0.03319999948143959
2022-11-02 10:00:00,0.02380000054836273
2022-11-02 11:00:00,0.02380000054836273
2022-11-02 12:00:00,0.02380000054836273
2022-11-02 13:00:00,0.04149999842047691
2022-11-02 14:00:00,0.04149999842047691
2022-11-02 15:00:00,0.04149999842047691
2022-11-02 16:00:00,0.2475000023841858
2022-11-02 17:00:00,0.2475000023841858
2022-11-02 18:00:00,0.2475000023841858
2022-11-02 19:00:00,0.3824999928474426
2022-11-02 20:00:00,0.3824999928474426
2022-11-02 21:00:00,0.3824999928474426
2022-11-02 22:00:00,0.2013999968767166
2022-11-02 23:00:00,0.2013999968767166
2022-11-03 00:00:00,0.2013999968767166
2022-11-03 01:00:00,0.02070000022649765
2022-11-03 02:00:00,0.02070000022649765
2022-11-03 03:00:00,0.02070000022649765
2022-11-03 04:00:00,0.02569999918341636
2022-11-03 05:00:00,0.02569999918341636
2022-11-03 06:00:00,0.02569999918341636
2022-11-03 07:00:00,0.0255999993532896
2022-11-03 08:00:00,0.0255999993532896
2022-11-03 09:00:00,0.0255999993532896
2022-11-03 10:00:00,0.01200000010430812
2022-11-03 11:00:00,0.01200000010430812
2022-11-03 12:00:00,0.01200000010430812
2022-11-03 13:00:00,0.01810000091791153
2022-11-03 14:00:00,0.01810000091791153
2022-11-03 15:00:00,0.01810000091791153
2022-11-03 16:00:00,0.15539999306201935
2022-11-03 17:00:00,0.15539999306201935
2022-11-03 18:00:00,0.15539999306201935
2022-11-03 19:00:00,0.15379999577999115
2022-11-03 20:00:00,0.15379999577999115
2022-11-03 21:00:00,0.15379999577999115
2022-11-03 22:00:00,0.0966000035405159
2022-11-03 23:00:00,0.0966000035405159
2022-11-04 00:00:00,0.0966000035405159
2022-11-04 01:00:00,0.01379999984055757
2022-11-04 02:00:00,0.01379999984055757
2022-11-04 03:00:00,0.01379999984055757
2022-11-04 04:00:00,0.00570000009611249
2022-11-04 05:00:00,0.00570000009611249
2022-11-04 06:00:00,0.00570000009611249
2022-11-04 07:00:00,0.00260000000707805
2022-11-04 08:00:00,0.00260000000707805
2022-11-04 09:00:00,0.00260000000707805
2022-11-04 10:00:00,0.01130000036209821
2022-11-04 11:00:00,0.01130000036209821
2022-11-04 12:00:00,0.01130000036209821
2022-11-04 13:00:00,0.01759999990463257
2022-11-04 14:00:00,0.01759999990463257
2022-11-04 15:00:00,0.01759999990463257
2022-11-04 16:00:00,0.09910000115633012
2022-11-04 17:00:00,0.09910000115633012
2022-11-04 18:00:00,0.09910000115633012
2022-11-04 19:00:00,0.18060000240802765
2022-11-04 20:00:00,0.18060000240802765
2022-11-04 21:00:00,0.18060000240802765
2022-11-04 22:00:00,0.08560000360012054
2022-11-04 23:00:00,0.08560000360012054
2022-11-05 00:00:00,0.08560000360012054
2022-11-05 01:00:00,0.03500000014901161
2022-11-05 02:00:00,0.03500000014901161
2022-11-05 03:00:00,0.03500000014901161
2022-11-05 04:00:00,0.04179999977350235
2022-11-05 05:00:00,0.04179999977350235
2022-11-05 06:00:00,0.04179999977350235
2022-11-05 07:00:00,0.045499999076128
2022-11-05 08:00:00,0.045499999076128
2022-11-05 09:00:00,0.045499999076128
2022-11-05 10:00:00,0.03240000084042549
2022-11-05 11:00:00,0.03240000084042549
2022-11-05 12:00:00,0.03240000084042549
2022-11-05 13:00:00,0.04890000075101852
2022-11-05 14:00:00,0.04890000075101852
2022-11-05 15:00:00,0.04890000075101852
2022-11-05 16:00:00,0.23260000348091123
2022-11-05 17:00:00,0.23260000348091123
2022-11-05 18:00:00,0.23260000348091123
2022-11-05 19:00:00,0.27810001373291016
2022-11-05 20:00:00,0.27810001373291016
2022-11-05 21:00:00,0.27810001373291016
2022-11-05 22:00:00,0.1378999948501587
2022-11-05 23:00:00,0.1378999948501587
2022-11-06 00:00:00,0.1378999948501587
2022-11-06 01:00:00,0.02969999983906746
2022-11-06 02:00:00,0.02969999983906746
2022-11-06 03:00:00,0.02969999983906746
2022-11-06 04:00:00,0.02060000039637088
2022-11-06 05:00:00,0.02060000039637088
2022-11-06 06:00:00,0.02060000039637088
2022-11-06 07:00:00,0.01520000025629997
2022-11-06 08:00:00,0.01520000025629997
2022-11-06 09:00:00,0.01520000025629997
2022-11-06 10:00:00,0.0063999998383224
2022-11-06 11:00:00,0.0063999998383224
2022-11-06 12:00:00,0.0063999998383224
2022-11-06 13:00:00,0.01439999975264072
2022-11-06 14:00:00,0.01439999975264072
2022-11-06 15:00:00,0.01439999975264072
2022-11-06 16:00:00,0.09459999948740004
2022-11-06 17:00:00,0.09459999948740004
2022-11-06 18:00:00,0.09459999948740004
2022-11-06 19:00:00,0.10920000076293944
2022-11-06 20:00:00,0.10920000076293944
2022-11-06 21:00:00,0.10920000076293944
2022-11-06 22:00:00,0.06350000202655792
2022-11-06 23:00:00,0.06350000202655792
2022-11-07 00:00:00,0.06350000202655792
2022-11-07 01:00:00,0.0044999998062849
2022-11-07 02:00:00,0.0044999998062849
2022-11-07 03:00:00,0.0044999998062849
2022-11-07 04:00:00,-0.0071000000461936
2022-11-07 05:00:00,-0.0071000000461936
2022-11-07 06:00:00,-0.0071000000461936
2022-11-07 07:00:00,-0.00370000000111758
2022-11-07 08:00:00,-0.00370000000111758
2022-11-07 09:00:00,-0.00370000000111758
2022-11-07 10:00:00,-0.00410000002011656
2022-11-07 11:00:00,-0.00410000002011656
2022-11-07 12:00:00,-0.00410000002011656
2022-11-07 13:00:00,0.01370000001043081
2022-11-07 14:00:00,0.01370000001043081
2022-11-07 15:00:00,0.01370000001043081
2022-11-07 16:00:00,0.15209999680519104
2022-11-07 17:00:00,0.15209999680519104
2022-11-07 18:00:00,0.15209999680519104
2022-11-07 19:00:00,0.22179999947547913
2022-11-07 20:00:00,0.22179999947547913
2022-11-07 21:00:00,0.22179999947547913
2022-11-07 22:00:00,0.10180000215768814
2022-11-07 23:00:00,0.10180000215768814
2022-11-08 00:00:00,0.10180000215768814
2022-11-08 01:00:00,0.00510000018402934
2022-11-08 02:00:00,0.00510000018402934
2022-11-08 03:00:00,0.00510000018402934
2022-11-08 04:00:00,0.00549999997019767
2022-11-08 05:00:00,0.00549999997019767
2022-11-08 06:00:00,0.00549999997019767
2022-11-08 07:00:00,0.00439999997615814
2022-11-08 08:00:00,0.00439999997615814
2022-11-08 09:00:00,0.00439999997615814
2022-11-08 10:00:00,0.00650000013411045
2022-11-08 11:00:00,0.00650000013411045
2022-11-08 12:00:00,0.00650000013411045
2022-11-08 13:00:00,0.02400000020861625
2022-11-08 14:00:00,0.02400000020861625
2022-11-08 15:00:00,0.02400000020861625
2022-11-08 16:00:00,0.21639999747276303
2022-11-08 17:00:00,0.21639999747276303
2022-11-08 18:00:00,0.21639999747276303
2022-11-08 19:00:00,0.28299999237060547
2022-11-08 20:00:00,0.28299999237060547
2022-11-08 21:00:00,0.28299999237060547
2022-11-08 22:00:00,0.14419999718666077
2022-11-08 23:00:00,0.14419999718666077
2022-11-09 00:00:00,0.14419999718666077
2022-11-09 01:00:00,0.02730000019073486
2022-11-09 02:00:00,0.02730000019073486
2022-11-09 03:00:00,0.02730000019073486
2022-11-09 04:00:00,0.03770000115036964
2022-11-09 05:00:00,0.03770000115036964
2022-11-09 06:00:00,0.03770000115036964
2022-11-09 07:00:00,0.03420000150799751
2022-11-09 08:00:00,0.03420000150799751
2022-11-09 09:00:00,0.03420000150799751
2022-11-09 10:00:00,0.02639999985694885
2022-11-09 11:00:00,0.02639999985694885
2022-11-09 12:00:00,0.02639999985694885
2022-11-09 13:00:00,0.04470000043511391
2022-11-09 14:00:00,0.04470000043511391
2022-11-09 15:00:00,0.04470000043511391
2022-11-09 16:00:00,0.25609999895095825
2022-11-09 17:00:00,0.25609999895095825
2022-11-09 18:00:00,0.25609999895095825
2022-11-09 19:00:00,0.3456000089645386
2022-11-09 20:00:00,0.3456000089645386
2022-11-09 21:00:00,0.3456000089645386
2022-11-09 22:00:00,0.20350000262260437
2022-11-09 23:00:00,0.20350000262260437
2022-11-10 00:00:00,0.20350000262260437
2022-11-10 01:00:00,0.07509999722242355
2022-11-10 02:00:00,0.07509999722242355
2022-11-10 03:00:00,0.07509999722242355
2022-11-10 04:00:00,0.04910000041127205
2022-11-10 05:00:00,0.04910000041127205
2022-11-10 06:00:00,0.04910000041127205
2022-11-10 07:00:00,0.02590000070631504
2022-11-10 08:00:00,0.02590000070631504
2022-11-10 09:00:00,0.02590000070631504
2022-11-10 10:00:00,0.04080000147223472
2022-11-10 11:00:00,0.04080000147223472
2022-11-10 12:00:00,0.04080000147223472
2022-11-10 13:00:00,0.04259999841451645
2022-11-10 14:00:00,0.04259999841451645
2022-11-10 15:00:00,0.04259999841451645
2022-11-10 16:00:00,0.1850000023841858
2022-11-10 17:00:00,0.1850000023841858
2022-11-10 18:00:00,0.1850000023841858
2022-11-10 19:00:00,0.2953999936580658
2022-11-10 20:00:00,0.2953999936580658
2022-11-10 21:00:00,0.2953999936580658
2022-11-10 22:00:00,0.1266999989748001
2022-11-10 23:00:00,0.1266999989748001
2022-11-11 00:00:00,0.1266999989748001
2022-11-11 01:00:00,0.04410000145435333
2022-11-11 02:00:00,0.04410000145435333
2022-11-11 03:00:00,0.04410000145435333
2022-11-11 04:00:00,0.02400000020861625
2022-11-11 05:00:00,0.02400000020861625
2022-11-11 06:00:00,0.02400000020861625
2022-11-11 07:00:00,0.00789999961853027
2022-11-11 08:00:00,0.00789999961853027
2022-11-11 09:00:00,0.00789999961853027
2022-11-11 10:00:00,0.00529999984428286
2022-11-11 11:00:00,0.00529999984428286
2022-11-11 12:00:00,0.00529999984428286
2022-11-11 13:00:00,0.01339999958872795
2022-11-11 14:00:00,0.01339999958872795
2022-11-11 15:00:00,0.01339999958872795
2022-11-11 16:00:00,0.1216999962925911
2022-11-11 17:00:00,0.1216999962925911
2022-11-11 18:00:00,0.1216999962925911
2022-11-11 19:00:00,0.19910000264644623
2022-11-11 20:00:00,0.19910000264644623
2022-11-11 21:00:00,0.19910000264644623
2022-11-11 22:00:00,0.0803999975323677
2022-11-11 23:00:00,0.0803999975323677
2022-11-12 00:00:00,0.0803999975323677
2022-11-12 01:00:00,0.00219999998807907
2022-11-12 02:00:00,0.00219999998807907
2022-11-12 03:00:00,0.00219999998807907
2022-11-12 04:00:00,0.0040000001899898
2022-11-12 05:00:00,0.0040000001899898
2022-11-12 06:00:00,0.0040000001899898
2022-11-12 07:00:00,0.00719999987632036
2022-11-12 08:00:00,0.00719999987632036
2022-11-12 09:00:00,0.00719999987632036
2022-11-12 10:00:00,0.00839999970048666
2022-11-12 11:00:00,0.00839999970048666
2022-11-12 12:00:00,0.00839999970048666
2022-11-12 13:00:00,0.01710000075399875
2022-11-12 14:00:00,0.01710000075399875
2022-11-12 15:00:00,0.01710000075399875
2022-11-12 16:00:00,0.17010000348091123
2022-11-12 17:00:00,0.17010000348091123
2022-11-12 18:00:00,0.17010000348091123
2022-11-12 19:00:00,0.21040000021457672
2022-11-12 20:00:00,0.21040000021457672
2022-11-12 21:00:00,0.21040000021457672
2022-11-12 22:00:00,0.0982000008225441
2022-11-12 23:00:00,0.0982000008225441
2022-11-13 00:00:00,0.0982000008225441
2022-11-13 01:00:00,0.02270000055432319
2022-11-13 02:00:00,0.02270000055432319
2022-11-13 03:00:00,0.02270000055432319
2022-11-13 04:00:00,0.02070000022649765
2022-11-13 05:00:00,0.02070000022649765
2022-11-13 06:00:00,0.02070000022649765
2022-11-13 07:00:00,0.02380000054836273
2022-11-13 08:00:00,0.02380000054836273
2022-11-13 09:00:00,0.02380000054836273
2022-11-13 10:00:00,0.02700000070035457
2022-11-13 11:00:00,0.02700000070035457
2022-11-13 12:00:00,0.02700000070035457
2022-11-13 13:00:00,0.02089999988675117
2022-11-13 14:00:00,0.02089999988675117
2022-11-13 15:00:00,0.02089999988675117
2022-11-13 16:00:00,0.1843000054359436
2022-11-13 17:00:00,0.1843000054359436
2022-11-13 18:00:00,0.1843000054359436
2022-11-13 19:00:00,0.24650000035762787
2022-11-13 20:00:00,0.24650000035762787
2022-11-13 21:00:00,0.24650000035762787
2022-11-13 22:00:00,0.12919999659061432
2022-11-13 23:00:00,0.12919999659061432
2022-11-14 00:00:00,0.12919999659061432
2022-11-14 01:00:00,0.03260000050067901
2022-11-14 02:00:00,0.03260000050067901
2022-11-14 03:00:00,0.03260000050067901
2022-11-14 04:00:00,0.02979999966919422
2022-11-14 05:00:00,0.02979999966919422
2022-11-14 06:00:00,0.02979999966919422
2022-11-14 07:00:00,0.01260000001639127
2022-11-14 08:00:00,0.01260000001639127
2022-11-14 09:00:00,0.01260000001639127
2022-11-14 10:00:00,0.0040000001899898
2022-11-14 11:00:00,0.0040000001899898
2022-11-14 12:00:00,0.0040000001899898
2022-11-14 13:00:00,0.01080000028014183
2022-11-14 14:00:00,0.01080000028014183
2022-11-14 15:00:00,0.01080000028014183
2022-11-14 16:00:00,0.11980000138282776
2022-11-14 17:00:00,0.11980000138282776
2022-11-14 18:00:00,0.11980000138282776
2022-11-14 19:00:00,0.18119999766349792
2022-11-14 20:00:00,0.18119999766349792
2022-11-14 21:00:00,0.18119999766349792
2022-11-14 22:00:00,0.08470000326633453
2022-11-14 23:00:00,0.08470000326633453
2022-11-15 00:00:00,0.08470000326633453
2022-11-15 01:00:00,0.02410000003874302
2022-11-15 02:00:00,0.02410000003874302
2022-11-15 03:00:00,0.02410000003874302
2022-11-15 04:00:00,0.02199999988079071
2022-11-15 05:00:00,0.02199999988079071
2022-11-15 06:00:00,0.02199999988079071
2022-11-15 07:00:00,0.01480000000447034
2022-11-15 08:00:00,0.01480000000447034
2022-11-15 09:00:00,0.01480000000447034
2022-11-15 10:00:00,0.0130000002682209
2022-11-15 11:00:00,0.0130000002682209
2022-11-15 12:00:00,0.0130000002682209
2022-11-15 13:00:00,0.00620000017806887
2022-11-15 14:00:00,0.00620000017806887
2022-11-15 15:00:00,0.00620000017806887
2022-11-15 16:00:00,0.09390000253915788
2022-11-15 17:00:00,0.09390000253915788
2022-11-15 18:00:00,0.09390000253915788
2022-11-15 19:00:00,0.14810000360012054
2022-11-15 20:00:00,0.14810000360012054
2022-11-15 21:00:00,0.14810000360012054
2022-11-15 22:00:00,0.0714000016450882
2022-11-15 23:00:00,0.0714000016450882
2022-11-16 00:00:00,0.0714000016450882
2022-11-16 01:00:00,0.00230000005103647
2022-11-16 02:00:00,0.00230000005103647
2022-11-16 03:00:00,0.00230000005103647
2022-11-16 04:00:00,-3.9999998989515007e-4
2022-11-16 05:00:00,-3.9999998989515007e-4
2022-11-16 06:00:00,-3.9999998989515007e-4
2022-11-16 07:00:00,0.0015999999595806
2022-11-16 08:00:00,0.0015999999595806
2022-11-16 09:00:00,0.0015999999595806
2022-11-16 10:00:00,0.00260000000707805
2022-11-16 11:00:00,0.00260000000707805
2022-11-16 12:00:00,0.00260000000707805
2022-11-16 13:00:00,0.01389999967068433
2022-11-16 14:00:00,0.01389999967068433
2022-11-16 15:00:00,0.01389999967068433
2022-11-16 16:00:00,0.12780000269412994
2022-11-16 17:00:00,0.12780000269412994
2022-11-16 18:00:00,0.12780000269412994
2022-11-16 19:00:00,0.19050000607967377
2022-11-16 20:00:00,0.19050000607967377
2022-11-16 21:00:00,0.19050000607967377
2022-11-16 22:00:00,0.06800000369548798
2022-11-16 23:00:00,0.06800000369548798
2022-11-17 00:00:00,0.06800000369548798
2022-11-17 01:00:00,-0.00410000002011656
2022-11-17 02:00:00,-0.00410000002011656
2022-11-17 03:00:00,-0.00410000002011656
2022-11-17 04:00:00,0.00179999996908009
2022-11-17 05:00:00,0.00179999996908009
2022-11-17 06:00:00,0.00179999996908009
2022-11-17 07:00:00,0.00340000004507601
2022-11-17 08:00:00,0.00340000004507601
2022-11-17 09:00:00,0.00340000004507601
2022-11-17 10:00:00,0.00980000011622905
2022-11-17 11:00:00,0.00980000011622905
2022-11-17 12:00:00,0.00980000011622905
2022-11-17 13:00:00,0.0203000009059906
2022-11-17 14:00:00,0.0203000009059906
2022-11-17 15:00:00,0.0203000009059906
2022-11-17 16:00:00,0.06459999829530716
2022-11-17 17:00:00,0.06459999829530716
2022-11-17 18:00:00,0.06459999829530716
2022-11-17 19:00:00,0.10300000011920928
2022-11-17 20:00:00,0.10300000011920928
2022-11-17 21:00:00,0.10300000011920928
2022-11-17 22:00:00,0.04289999976754188
2022-11-17 23:00:00,0.04289999976754188
2022-11-18 00:00:00,0.04289999976754188
2022-11-18 01:00:00,0.0059000002220273
2022-11-18 02:00:00,0.0059000002220273
2022-11-18 03:00:00,0.0059000002220273
2022-11-18 04:00:00,0.00209999992512166
2022-11-18 05:00:00,0.00209999992512166
2022-11-18 06:00:00,0.00209999992512166
2022-11-18 07:00:00,0.00139999995008111
2022-11-18 08:00:00,0.00139999995008111
2022-11-18 09:00:00,0.00139999995008111
2022-11-18 10:00:00,0.0015999999595806
2022-11-18 11:00:00,0.0015999999595806
2022-11-18 12:00:00,0.0015999999595806
2022-11-18 13:00:00,0.0052000000141561
2022-11-18 14:00:00,0.0052000000141561
2022-11-18 15:00:00,0.0052000000141561
2022-11-18 16:00:00,0.06159999966621399
2022-11-18 17:00:00,0.06159999966621399
2022-11-18 18:00:00,0.06159999966621399
2022-11-18 19:00:00,0.12870000302791595
2022-11-18 20:00:00,0.12870000302791595
2022-11-18 21:00:00,0.12870000302791595
2022-11-18 22:00:00,0.04380000010132789
2022-11-18 23:00:00,0.04380000010132789
2022-11-19 00:00:00,0.04380000010132789
2022-11-19 01:00:00,-0.00389999989420175
2022-11-19 02:00:00,-0.00389999989420175
2022-11-19 03:00:00,-0.00389999989420175
2022-11-19 04:00:00,-0.00270000007003545
2022-11-19 05:00:00,-0.00270000007003545
2022-11-19 06:00:00,-0.00270000007003545
2022-11-19 07:00:00,0.00150000001303851
2022-11-19 08:00:00,0.00150000001303851
2022-11-19 09:00:00,0.00150000001303851
2022-11-19 10:00:00,0
2022-11-19 11:00:00,0
2022-11-19 12:00:00,0
2022-11-19 13:00:00,0.00730000017210841
2022-11-19 14:00:00,0.00730000017210841
2022-11-19 15:00:00,0.00730000017210841
2022-11-19 16:00:00,0.13379999995231628
2022-11-19 17:00:00,0.13379999995231628
2022-11-19 18:00:00,0.13379999995231628
2022-11-19 19:00:00,0.20829999446868896
2022-11-19 20:00:00,0.20829999446868896
2022-11-19 21:00:00,0.20829999446868896
2022-11-19 22:00:00,0.06790000200271606
2022-11-19 23:00:00,0.06790000200271606
2022-11-20 00:00:00,0.06790000200271606
2022-11-20 01:00:00,0.00570000009611249
2022-11-20 02:00:00,0.00570000009611249
2022-11-20 03:00:00,0.00570000009611249
2022-11-20 04:00:00,0.00949999969452619
2022-11-20 05:00:00,0.00949999969452619
2022-11-20 06:00:00,0.00949999969452619
2022-11-20 07:00:00,0.01099999994039535
2022-11-20 08:00:00,0.01099999994039535
2022-11-20 09:00:00,0.01099999994039535
2022-11-20 10:00:00,0.01250000018626451
2022-11-20 11:00:00,0.01250000018626451
2022-11-20 12:00:00,0.01250000018626451
2022-11-20 13:00:00,0.01410000026226043
2022-11-20 14:00:00,0.01410000026226043
2022-11-20 15:00:00,0.01410000026226043
2022-11-20 16:00:00,0.14489999413490295
2022-11-20 17:00:00,0.14489999413490295
2022-11-20 18:00:00,0.14489999413490295
2022-11-20 19:00:00,0.17919999361038208
2022-11-20 20:00:00,0.17919999361038208
2022-11-20 21:00:00,0.17919999361038208
2022-11-20 22:00:00,0.05860000103712082
2022-11-20 23:00:00,0.05860000103712082
2022-11-21 00:00:00,0.05860000103712082
2022-11-21 01:00:00,0.00529999984428286
2022-11-21 02:00:00,0.00529999984428286
2022-11-21 03:00:00,0.00529999984428286
2022-11-21 04:00:00,0.00820000004023313
2022-11-21 05:00:00,0.00820000004023313
2022-11-21 06:00:00,0.00820000004023313
2022-11-21 07:00:00,0.00300000002607703
2022-11-21 08:00:00,0.00300000002607703
2022-11-21 09:00:00,0.00300000002607703
2022-11-21 10:00:00,0.0020000000949949
2022-11-21 11:00:00,0.0020000000949949
2022-11-21 12:00:00,0.0020000000949949
2022-11-21 13:00:00,0.00760000012814998
2022-11-21 14:00:00,0.00760000012814998
2022-11-21 15:00:00,0.00760000012814998
2022-11-21 16:00:00,0.13330000638961792
2022-11-21 17:00:00,0.13330000638961792
2022-11-21 18:00:00,0.13330000638961792
2022-11-21 19:00:00,0.16359999775886536
2022-11-21 20:00:00,0.16359999775886536
2022-11-21 21:00:00,0.16359999775886536
2022-11-21 22:00:00,0.0625
2022-11-21 23:00:00,0.0625
2022-11-22 00:00:00,0.0625
2022-11-22 01:00:00,0.00949999969452619
2022-11-22 02:00:00,0.00949999969452619
2022-11-22 03:00:00,0.00949999969452619
2022-11-22 04:00:00,0.01539999991655349
2022-11-22 05:00:00,0.01539999991655349
2022-11-22 06:00:00,0.01539999991655349
2022-11-22 07:00:00,0.01970000006258487
2022-11-22 08:00:00,0.01970000006258487
2022-11-22 09:00:00,0.01970000006258487
2022-11-22 10:00:00,0.01250000018626451
2022-11-22 11:00:00,0.01250000018626451
2022-11-22 12:00:00,0.01250000018626451
2022-11-22 13:00:00,0.0130000002682209
2022-11-22 14:00:00,0.0130000002682209
2022-11-22 15:00:00,0.0130000002682209
2022-11-22 16:00:00,0.1216999962925911
2022-11-22 17:00:00,0.1216999962925911
2022-11-22 18:00:00,0.1216999962925911
2022-11-22 19:00:00,0.16019999980926514
2022-11-22 20:00:00,0.16019999980926514
2022-11-22 21:00:00,0.16019999980926514
2022-11-22 22:00:00,0.0617000013589859
2022-11-22 23:00:00,0.0617000013589859
2022-11-23 00:00:00,0.0617000013589859
2022-11-23 01:00:00,-0.00260000000707805
2022-11-23 02:00:00,-0.00260000000707805
2022-11-23 03:00:00,-0.00260000000707805
2022-11-23 04:00:00,0.00340000004507601
2022-11-23 05:00:00,0.00340000004507601
2022-11-23 06:00:00,0.00340000004507601
2022-11-23 07:00:00,0.00800000037997961
2022-11-23 08:00:00,0.00800000037997961
2022-11-23 09:00:00,0.00800000037997961
2022-11-23 10:00:00,0.00559999980032444
2022-11-23 11:00:00,0.00559999980032444
2022-11-23 12:00:00,0.00559999980032444
2022-11-23 13:00:00,0.02040000073611736
2022-11-23 14:00:00,0.02040000073611736
2022-11-23 15:00:00,0.02040000073611736
2022-11-23 16:00:00,0.15219999849796295
2022-11-23 17:00:00,0.15219999849796295
2022-11-23 18:00:00,0.15219999849796295
2022-11-23 19:00:00,0.21389999985694885
2022-11-23 20:00:00,0.21389999985694885
2022-11-23 21:00:00,0.21389999985694885
2022-11-23 22:00:00,0.0980999991297722
2022-11-23 23:00:00,0.0980999991297722
2022-11-24 00:00:00,0.0980999991297722
2022-11-24 01:00:00,0.01840000040829181
2022-11-24 02:00:00,0.01840000040829181
2022-11-24 03:00:00,0.01840000040829181
2022-11-24 04:00:00,0.01439999975264072
2022-11-24 05:00:00,0.01439999975264072
2022-11-24 06:00:00,0.01439999975264072
2022-11-24 07:00:00,0.00579999992623925
2022-11-24 08:00:00,0.00579999992623925
2022-11-24 09:00:00,0.00579999992623925
2022-11-24 10:00:00,7.999999797903001e-4
2022-11-24 11:00:00,7.999999797903001e-4
2022-11-24 12:00:00,7.999999797903001e-4
2022-11-24 13:00:00,-0.00300000002607703
2022-11-24 14:00:00,-0.00300000002607703
2022-11-24 15:00:00,-0.00300000002607703
2022-11-24 16:00:00,0.08609999716281891
2022-11-24 17:00:00,0.08609999716281891
2022-11-24 18:00:00,0.08609999716281891
2022-11-24 19:00:00,0.1430000066757202
2022-11-24 20:00:00,0.1430000066757202
2022-11-24 21:00:00,0.1430000066757202
2022-11-24 22:00:00,0.04619999974966049
2022-11-24 23:00:00,0.04619999974966049
2022-11-25 00:00:00,0.04619999974966049
2022-11-25 01:00:00,-0.01640000008046627
2022-11-25 02:00:00,-0.01640000008046627
2022-11-25 03:00:00,-0.01640000008046627
2022-11-25 04:00:00,-0.01059999968856573
2022-11-25 05:00:00,-0.01059999968856573
2022-11-25 06:00:00,-0.01059999968856573
2022-11-25 07:00:00,-0.00689999992027878
2022-11-25 08:00:00,-0.00689999992027878
2022-11-25 09:00:00,-0.00689999992027878
2022-11-25 10:00:00,-0.00559999980032444
2022-11-25 11:00:00,-0.00559999980032444
2022-11-25 12:00:00,-0.00559999980032444
2022-11-25 13:00:00,-6.99999975040555e-4
2022-11-25 14:00:00,-6.99999975040555e-4
2022-11-25 15:00:00,-6.99999975040555e-4
2022-11-25 16:00:00,0.08640000224113464
2022-11-25 17:00:00,0.08640000224113464
2022-11-25 18:00:00,0.08640000224113464
2022-11-25 19:00:00,0.14550000429153442
2022-11-25 20:00:00,0.14550000429153442
2022-11-25 21:00:00,0.14550000429153442
2022-11-25 22:00:00,0.03709999844431877
2022-11-25 23:00:00,0.03709999844431877
2022-11-26 00:00:00,0.03709999844431877
2022-11-26 01:00:00,-0.01319999992847442
2022-11-26 02:00:00,-0.01319999992847442
2022-11-26 03:00:00,-0.01319999992847442
2022-11-26 04:00:00,-0.00889999978244304
2022-11-26 05:00:00,-0.00889999978244304
2022-11-26 06:00:00,-0.00889999978244304
2022-11-26 07:00:00,-0.00620000017806887
2022-11-26 08:00:00,-0.00620000017806887
2022-11-26 09:00:00,-0.00620000017806887
2022-11-26 10:00:00,-0.00190000003203749
2022-11-26 11:00:00,-0.00190000003203749
2022-11-26 12:00:00,-0.00190000003203749
2022-11-26 13:00:00,0.00300000002607703
2022-11-26 14:00:00,0.00300000002607703
2022-11-26 15:00:00,0.00300000002607703
2022-11-26 16:00:00,0.11150000244379044
2022-11-26 17:00:00,0.11150000244379044
2022-11-26 18:00:00,0.11150000244379044
2022-11-26 19:00:00,0.21729999780654907
2022-11-26 20:00:00,0.21729999780654907
2022-11-26 21:00:00,0.21729999780654907
2022-11-26 22:00:00,0.08309999853372574
2022-11-26 23:00:00,0.08309999853372574
2022-11-27 00:00:00,0.08309999853372574
2022-11-27 01:00:00,0.01460000034421682
2022-11-27 02:00:00,0.01460000034421682
2022-11-27 03:00:00,0.01460000034421682
2022-11-27 04:00:00,0.00839999970048666
2022-11-27 05:00:00,0.00839999970048666
2022-11-27 06:00:00,0.00839999970048666
2022-11-27 07:00:00,0.00499999988824129
2022-11-27 08:00:00,0.00499999988824129
2022-11-27 09:00:00,0.00499999988824129
2022-11-27 10:00:00,0.00209999992512166
2022-11-27 11:00:00,0.00209999992512166
2022-11-27 12:00:00,0.00209999992512166
2022-11-27 13:00:00,0.00879999995231628
2022-11-27 14:00:00,0.00879999995231628
2022-11-27 15:00:00,0.00879999995231628
2022-11-27 16:00:00,0.09709999710321426
2022-11-27 17:00:00,0.09709999710321426
2022-11-27 18:00:00,0.09709999710321426
2022-11-27 19:00:00,0.18369999527931213
2022-11-27 20:00:00,0.18369999527931213
2022-11-27 21:00:00,0.18369999527931213
2022-11-27 22:00:00,0.07699999958276749
2022-11-27 23:00:00,0.07699999958276749
2022-11-28 00:00:00,0.07699999958276749
2022-11-28 01:00:00,0.00820000004023313
2022-11-28 02:00:00,0.00820000004023313
2022-11-28 03:00:00,0.00820000004023313
2022-11-28 04:00:00,0.01720000058412552
2022-11-28 05:00:00,0.01720000058412552
2022-11-28 06:00:00,0.01720000058412552
2022-11-28 07:00:00,0.02510000020265579
2022-11-28 08:00:00,0.02510000020265579
2022-11-28 09:00:00,0.02510000020265579
2022-11-28 10:00:00,0.02659999951720237
2022-11-28 11:00:00,0.02659999951720237
2022-11-28 12:00:00,0.02659999951720237
2022-11-28 13:00:00,0.01779999956488609
2022-11-28 14:00:00,0.01779999956488609
2022-11-28 15:00:00,0.01779999956488609
2022-11-28 16:00:00,0.17970000207424164
2022-11-28 17:00:00,0.17970000207424164
2022-11-28 18:00:00,0.17970000207424164
2022-11-28 19:00:00,0.2605000138282776
2022-11-28 20:00:00,0.2605000138282776
2022-11-28 21:00:00,0.2605000138282776
2022-11-28 22:00:00,0.08579999953508377
2022-11-28 23:00:00,0.08579999953508377
2022-11-29 00:00:00,0.08579999953508377
2022-11-29 01:00:00,0.01520000025629997
2022-11-29 02:00:00,0.01520000025629997
2022-11-29 03:00:00,0.01520000025629997
2022-11-29 04:00:00,0.01960000023245811
2022-11-29 05:00:00,0.01960000023245811
2022-11-29 06:00:00,0.01960000023245811
2022-11-29 07:00:00,0.01030000019818544
2022-11-29 08:00:00,0.01030000019818544
2022-11-29 09:00:00,0.01030000019818544
2022-11-29 10:00:00,0.0031999999191612
2022-11-29 11:00:00,0.0031999999191612
2022-11-29 12:00:00,0.0031999999191612
2022-11-29 13:00:00,0.0044999998062849
2022-11-29 14:00:00,0.0044999998062849
2022-11-29 15:00:00,0.0044999998062849
2022-11-29 16:00:00,0.05160000175237655
2022-11-29 17:00:00,0.05160000175237655
2022-11-29 18:00:00,0.05160000175237655
2022-11-29 19:00:00,0.0989999994635582
2022-11-29 20:00:00,0.0989999994635582
2022-11-29 21:00:00,0.0989999994635582
2022-11-29 22:00:00,0.04769999906420708
2022-11-29 23:00:00,0.04769999906420708
2022-11-30 00:00:00,0.04769999906420708
2022-11-30 01:00:00,0.01219999976456165
2022-11-30 02:00:00,0.01219999976456165
2022-11-30 03:00:00,0.01219999976456165
2022-11-30 04:00:00,0.00600000005215406
2022-11-30 05:00:00,0.00600000005215406
2022-11-30 06:00:00,0.00600000005215406
2022-11-30 07:00:00,0.01389999967068433
2022-11-30 08:00:00,0.01389999967068433
2022-11-30 09:00:00,0.01389999967068433
2022-11-30 10:00:00,0.01260000001639127
2022-11-30 11:00:00,0.01260000001639127
2022-11-30 12:00:00,0.01260000001639127
2022-11-30 13:00:00,0.02129999920725822
2022-11-30 14:00:00,0.02129999920725822
2022-11-30 15:00:00,0.02129999920725822
2022-11-30 16:00:00,0.12809999287128448
2022-11-30 17:00:00,0.12809999287128448
2022-11-30 18:00:00,0.12809999287128448
2022-11-30 19:00:00,0.2062000036239624
2022-11-30 20:00:00,0.2062000036239624
2022-11-30 21:00:00,0.2062000036239624
2022-11-30 22:00:00,0.06239999830722809
2022-11-30 23:00:00,0.06239999830722809
2022-12-01 00:00:00,0.06239999830722809
2022-12-01 01:00:00,-0.0031999999191612
2022-12-01 02:00:00,-0.0031999999191612
2022-12-01 03:00:00,-0.0031999999191612
2022-12-01 04:00:00,0.01850000023841858
2022-12-01 05:00:00,0.01850000023841858
2022-12-01 06:00:00,0.01850000023841858
2022-12-01 07:00:00,0.02009999938309192
2022-12-01 08:00:00,0.02009999938309192
2022-12-01 09:00:00,0.02009999938309192
2022-12-01 10:00:00,0.0059000002220273
2022-12-01 11:00:00,0.0059000002220273
2022-12-01 12:00:00,0.0059000002220273
2022-12-01 13:00:00,0.00490000005811452
2022-12-01 14:00:00,0.00490000005811452
2022-12-01 15:00:00,0.00490000005811452
2022-12-01 16:00:00,0.164900004863739
2022-12-01 17:00:00,0.164900004863739
2022-12-01 18:00:00,0.164900004863739
2022-12-01 19:00:00,0.2483000010251999
2022-12-01 20:00:00,0.2483000010251999
2022-12-01 21:00:00,0.2483000010251999
2022-12-01 22:00:00,0.09679999947547913
2022-12-01 23:00:00,0.09679999947547913
2022-12-02 00:00:00,0.09679999947547913
2022-12-02 01:00:00,0.02920000068843364
2022-12-02 02:00:00,0.02920000068843364
2022-12-02 03:00:00,0.02920000068843364
2022-12-02 04:00:00,0.05889999866485596
2022-12-02 05:00:00,0.05889999866485596
2022-12-02 06:00:00,0.05889999866485596
2022-12-02 07:00:00,0.05669999867677688
2022-12-02 08:00:00,0.05669999867677688
2022-12-02 09:00:00,0.05669999867677688
2022-12-02 10:00:00,0.05090000107884407
2022-12-02 11:00:00,0.05090000107884407
2022-12-02 12:00:00,0.05090000107884407
2022-12-02 13:00:00,0.04879999905824661
2022-12-02 14:00:00,0.04879999905824661
2022-12-02 15:00:00,0.04879999905824661
2022-12-02 16:00:00,0.13379999995231628
2022-12-02 17:00:00,0.13379999995231628
2022-12-02 18:00:00,0.13379999995231628
2022-12-02 19:00:00,0.13860000669956207
2022-12-02 20:00:00,0.13860000669956207
2022-12-02 21:00:00,0.13860000669956207
2022-12-02 22:00:00,0.06230000033974647
2022-12-02 23:00:00,0.06230000033974647
2022-12-03 00:00:00,0.06230000033974647
2022-12-03 01:00:00,0.01579999923706054
2022-12-03 02:00:00,0.01579999923706054
2022-12-03 03:00:00,0.01579999923706054
2022-12-03 04:00:00,0.00410000002011656
2022-12-03 05:00:00,0.00410000002011656
2022-12-03 06:00:00,0.00410000002011656
2022-12-03 07:00:00,0.0071000000461936
2022-12-03 08:00:00,0.0071000000461936
2022-12-03 09:00:00,0.0071000000461936
2022-12-03 10:00:00,0.00980000011622905
2022-12-03 11:00:00,0.00980000011622905
2022-12-03 12:00:00,0.00980000011622905
2022-12-03 13:00:00,0.01720000058412552
2022-12-03 14:00:00,0.01720000058412552
2022-12-03 15:00:00,0.01720000058412552
2022-12-03 16:00:00,0.13590000569820404
2022-12-03 17:00:00,0.13590000569820404
2022-12-03 18:00:00,0.13590000569820404
2022-12-03 19:00:00,0.14830000698566437
2022-12-03 20:00:00,0.14830000698566437
2022-12-03 21:00:00,0.14830000698566437
2022-12-03 22:00:00,0.06669999659061432
2022-12-03 23:00:00,0.06669999659061432
2022-12-04 00:00:00,0.06669999659061432
2022-12-04 01:00:00,-0.00100000004749745
2022-12-04 02:00:00,-0.00100000004749745
2022-12-04 03:00:00,-0.00100000004749745
2022-12-04 04:00:00,-0.00219999998807907
2022-12-04 05:00:00,-0.00219999998807907
2022-12-04 06:00:00,-0.00219999998807907
2022-12-04 07:00:00,-0.00410000002011656
2022-12-04 08:00:00,-0.00410000002011656
2022-12-04 09:00:00,-0.00410000002011656
2022-12-04 10:00:00,-0.00740000000223517
2022-12-04 11:00:00,-0.00740000000223517
2022-12-04 12:00:00,-0.00740000000223517
2022-12-04 13:00:00,-0.00939999986439943
2022-12-04 14:00:00,-0.00939999986439943
2022-12-04 15:00:00,-0.00939999986439943
2022-12-04 16:00:00,0.11010000109672546
2022-12-04 17:00:00,0.11010000109672546
2022-12-04 18:00:00,0.11010000109672546
2022-12-04 19:00:00,0.15209999680519104
2022-12-04 20:00:00,0.15209999680519104
2022-12-04 21:00:00,0.15209999680519104
2022-12-04 22:00:00,0.0697999969124794
2022-12-04 23:00:00,0.0697999969124794
2022-12-05 00:00:00,0.0697999969124794
2022-12-05 01:00:00,-0.00749999983236193
2022-12-05 02:00:00,-0.00749999983236193
2022-12-05 03:00:00,-0.00749999983236193
2022-12-05 04:00:00,-0.00889999978244304
2022-12-05 05:00:00,-0.00889999978244304
2022-12-05 06:00:00,-0.00889999978244304
2022-12-05 07:00:00,-0.00499999988824129
2022-12-05 08:00:00,-0.00499999988824129
2022-12-05 09:00:00,-0.00499999988824129
2022-12-05 10:00:00,-0.0127999996766448
2022-12-05 11:00:00,-0.0127999996766448
2022-12-05 12:00:00,-0.0127999996766448
2022-12-05 13:00:00,-0.00719999987632036
2022-12-05 14:00:00,-0.00719999987632036
2022-12-05 15:00:00,-0.00719999987632036
2022-12-05 16:00:00,0.09529999643564224
2022-12-05 17:00:00,0.09529999643564224
2022-12-05 18:00:00,0.09529999643564224
2022-12-05 19:00:00,0.14839999377727509
2022-12-05 20:00:00,0.14839999377727509
2022-12-05 21:00:00,0.14839999377727509
2022-12-05 22:00:00,0.0763000026345253
2022-12-05 23:00:00,0.0763000026345253
2022-12-06 00:00:00,0.0763000026345253
2022-12-06 01:00:00,-0.00249999994412064
2022-12-06 02:00:00,-0.00249999994412064
2022-12-06 03:00:00,-0.00249999994412064
2022-12-06 04:00:00,-0.00279999990016222
2022-12-06 05:00:00,-0.00279999990016222
2022-12-06 06:00:00,-0.00279999990016222
2022-12-06 07:00:00,0
2022-12-06 08:00:00,0
2022-12-06 09:00:00,0
2022-12-06 10:00:00,0
2022-12-06 11:00:00,0
2022-12-06 12:00:00,0
2022-12-06 13:00:00,-0.00370000000111758
2022-12-06 14:00:00,-0.00370000000111758
2022-12-06 15:00:00,-0.00370000000111758
2022-12-06 16:00:00,0.0843999981880188
2022-12-06 17:00:00,0.0843999981880188
2022-12-06 18:00:00,0.0843999981880188
2022-12-06 19:00:00,0.17790000140666962
2022-12-06 20:00:00,0.17790000140666962
2022-12-06 21:00:00,0.17790000140666962
2022-12-06 22:00:00,0.07370000332593918
2022-12-06 23:00:00,0.07370000332593918
2022-12-07 00:00:00,0.07370000332593918
2022-12-07 01:00:00,-0.00120000005699694
2022-12-07 02:00:00,-0.00120000005699694
2022-12-07 03:00:00,-0.00120000005699694
2022-12-07 04:00:00,7.999999797903001e-4
2022-12-07 05:00:00,7.999999797903001e-4
2022-12-07 06:00:00,7.999999797903001e-4
2022-12-07 07:00:00,-0.0040000001899898
2022-12-07 08:00:00,-0.0040000001899898
2022-12-07 09:00:00,-0.0040000001899898
2022-12-07 10:00:00,-0.0040000001899898
2022-12-07 11:00:00,-0.0040000001899898
2022-12-07 12:00:00,-0.0040000001899898
2022-12-07 13:00:00,-0.00490000005811452
2022-12-07 14:00:00,-0.00490000005811452
2022-12-07 15:00:00,-0.00490000005811452
2022-12-07 16:00:00,0.0989999994635582
2022-12-07 17:00:00,0.0989999994635582
2022-12-07 18:00:00,0.0989999994635582
2022-12-07 19:00:00,0.16699999570846558
2022-12-07 20:00:00,0.16699999570846558
2022-12-07 21:00:00,0.16699999570846558
2022-12-07 22:00:00,0.07410000264644623
2022-12-07 23:00:00,0.07410000264644623
2022-12-08 00:00:00,0.07410000264644623
2022-12-08 01:00:00,0.00109999999403953
2022-12-08 02:00:00,0.00109999999403953
2022-12-08 03:00:00,0.00109999999403953
2022-12-08 04:00:00,-0.0071000000461936
2022-12-08 05:00:00,-0.0071000000461936
2022-12-08 06:00:00,-0.0071000000461936
2022-12-08 07:00:00,-0.00960000045597553
2022-12-08 08:00:00,-0.00960000045597553
2022-12-08 09:00:00,-0.00960000045597553
2022-12-08 10:00:00,-0.01310000009834766
2022-12-08 11:00:00,-0.01310000009834766
2022-12-08 12:00:00,-0.01310000009834766
2022-12-08 13:00:00,0.00109999999403953
2022-12-08 14:00:00,0.00109999999403953
2022-12-08 15:00:00,0.00109999999403953
2022-12-08 16:00:00,0.125
2022-12-08 17:00:00,0.125
2022-12-08 18:00:00,0.125
2022-12-08 19:00:00,0.19419999420642853
2022-12-08 20:00:00,0.19419999420642853
2022-12-08 21:00:00,0.19419999420642853
2022-12-08 22:00:00,0.08299999684095383
2022-12-08 23:00:00,0.08299999684095383
2022-12-09 00:00:00,0.08299999684095383
2022-12-09 01:00:00,-0.00380000006407499
2022-12-09 02:00:00,-0.00380000006407499
2022-12-09 03:00:00,-0.00380000006407499
2022-12-09 04:00:00,-0.00249999994412064
2022-12-09 05:00:00,-0.00249999994412064
2022-12-09 06:00:00,-0.00249999994412064
2022-12-09 07:00:00,-0.00150000001303851
2022-12-09 08:00:00,-0.00150000001303851
2022-12-09 09:00:00,-0.00150000001303851
2022-12-09 10:00:00,0.0032999999821186
2022-12-09 11:00:00,0.0032999999821186
2022-12-09 12:00:00,0.0032999999821186
2022-12-09 13:00:00,0.00579999992623925
2022-12-09 14:00:00,0.00579999992623925
2022-12-09 15:00:00,0.00579999992623925
2022-12-09 16:00:00,0.13609999418258667
2022-12-09 17:00:00,0.13609999418258667
2022-12-09 18:00:00,0.13609999418258667
2022-12-09 19:00:00,0.227400004863739
2022-12-09 20:00:00,0.227400004863739
2022-12-09 21:00:00,0.227400004863739
2022-12-09 22:00:00,0.05790000036358833
2022-12-09 23:00:00,0.05790000036358833
2022-12-10 00:00:00,0.05790000036358833
2022-12-10 01:00:00,-0.00219999998807907
2022-12-10 02:00:00,-0.00219999998807907
2022-12-10 03:00:00,-0.00219999998807907
2022-12-10 04:00:00,0.00289999996311962
2022-12-10 05:00:00,0.00289999996311962
2022-12-10 06:00:00,0.00289999996311962
2022-12-10 07:00:00,0.01099999994039535
2022-12-10 08:00:00,0.01099999994039535
2022-12-10 09:00:00,0.01099999994039535
2022-12-10 10:00:00,0.01579999923706054
2022-12-10 11:00:00,0.01579999923706054
2022-12-10 12:00:00,0.01579999923706054
2022-12-10 13:00:00,0.00359999993816018
2022-12-10 14:00:00,0.00359999993816018
2022-12-10 15:00:00,0.00359999993816018
2022-12-10 16:00:00,0.11190000176429749
2022-12-10 17:00:00,0.11190000176429749
2022-12-10 18:00:00,0.11190000176429749
2022-12-10 19:00:00,0.19599999487400055
2022-12-10 20:00:00,0.19599999487400055
2022-12-10 21:00:00,0.19599999487400055
2022-12-10 22:00:00,0.04919999837875366
2022-12-10 23:00:00,0.04919999837875366
2022-12-11 00:00:00,0.04919999837875366
2022-12-11 01:00:00,0.0020000000949949
2022-12-11 02:00:00,0.0020000000949949
2022-12-11 03:00:00,0.0020000000949949
2022-12-11 04:00:00,0.01140000019222498
2022-12-11 05:00:00,0.01140000019222498
2022-12-11 06:00:00,0.01140000019222498
2022-12-11 07:00:00,0.01030000019818544
2022-12-11 08:00:00,0.01030000019818544
2022-12-11 09:00:00,0.01030000019818544
2022-12-11 10:00:00,0.00930000003427267
2022-12-11 11:00:00,0.00930000003427267
2022-12-11 12:00:00,0.00930000003427267
2022-12-11 13:00:00,0.00260000000707805
2022-12-11 14:00:00,0.00260000000707805
2022-12-11 15:00:00,0.00260000000707805
2022-12-11 16:00:00,0.10189999639987946
2022-12-11 17:00:00,0.10189999639987946
2022-12-11 18:00:00,0.10189999639987946
2022-12-11 19:00:00,0.16030000150203705
2022-12-11 20:00:00,0.16030000150203705
2022-12-11 21:00:00,0.16030000150203705
2022-12-11 22:00:00,0.0494999997317791
2022-12-11 23:00:00,0.0494999997317791
2022-12-12 00:00:00,0.0494999997317791
2022-12-12 01:00:00,0.01020000036805868
2022-12-12 02:00:00,0.01020000036805868
2022-12-12 03:00:00,0.01020000036805868
2022-12-12 04:00:00,0.01549999974668026
2022-12-12 05:00:00,0.01549999974668026
2022-12-12 06:00:00,0.01549999974668026
2022-12-12 07:00:00,0.01290000043809413
2022-12-12 08:00:00,0.01290000043809413
2022-12-12 09:00:00,0.01290000043809413
2022-12-12 10:00:00,0.0089999996125698
2022-12-12 11:00:00,0.0089999996125698
2022-12-12 12:00:00,0.0089999996125698
2022-12-12 13:00:00,0.00939999986439943
2022-12-12 14:00:00,0.00939999986439943
2022-12-12 15:00:00,0.00939999986439943
2022-12-12 16:00:00,0.10040000081062316
2022-12-12 17:00:00,0.10040000081062316
2022-12-12 18:00:00,0.10040000081062316
2022-12-12 19:00:00,0.1387999951839447
2022-12-12 20:00:00,0.1387999951839447
2022-12-12 21:00:00,0.1387999951839447
2022-12-12 22:00:00,0.03770000115036964
2022-12-12 23:00:00,0.03770000115036964
2022-12-13 00:00:00,0.03770000115036964
2022-12-13 01:00:00,0.00439999997615814
2022-12-13 02:00:00,0.00439999997615814
2022-12-13 03:00:00,0.00439999997615814
2022-12-13 04:00:00,0.01850000023841858
2022-12-13 05:00:00,0.01850000023841858
2022-12-13 06:00:00,0.01850000023841858
2022-12-13 07:00:00,0.01310000009834766
2022-12-13 08:00:00,0.01310000009834766
2022-12-13 09:00:00,0.01310000009834766
2022-12-13 10:00:00,0.02119999937713146
2022-12-13 11:00:00,0.02119999937713146
2022-12-13 12:00:00,0.02119999937713146
2022-12-13 13:00:00,0.02309999987483024
2022-12-13 14:00:00,0.02309999987483024
2022-12-13 15:00:00,0.02309999987483024
2022-12-13 16:00:00,0.08609999716281891
2022-12-13 17:00:00,0.08609999716281891
2022-12-13 18:00:00,0.08609999716281891
2022-12-13 19:00:00,0.13529999554157257
2022-12-13 20:00:00,0.13529999554157257
2022-12-13 21:00:00,0.13529999554157257
2022-12-13 22:00:00,0.06610000133514404
2022-12-13 23:00:00,0.06610000133514404
2022-12-14 00:00:00,0.06610000133514404
2022-12-14 01:00:00,0.01899999938905239
2022-12-14 02:00:00,0.01899999938905239
2022-12-14 03:00:00,0.01899999938905239
2022-12-14 04:00:00,0.02449999935925007
2022-12-14 05:00:00,0.02449999935925007
2022-12-14 06:00:00,0.02449999935925007
2022-12-14 07:00:00,0.0284000001847744
2022-12-14 08:00:00,0.0284000001847744
2022-12-14 09:00:00,0.0284000001847744
2022-12-14 10:00:00,0.0215000007301569
2022-12-14 11:00:00,0.0215000007301569
2022-12-14 12:00:00,0.0215000007301569
2022-12-14 13:00:00,0.01489999983459711
2022-12-14 14:00:00,0.01489999983459711
2022-12-14 15:00:00,0.01489999983459711
2022-12-14 16:00:00,0.09430000185966492
2022-12-14 17:00:00,0.09430000185966492
2022-12-14 18:00:00,0.09430000185966492
2022-12-14 19:00:00,0.13249999284744263
2022-12-14 20:00:00,0.13249999284744263
2022-12-14 21:00:00,0.13249999284744263
2022-12-14 22:00:00,0.07649999856948853
2022-12-14 23:00:00,0.07649999856948853
2022-12-15 00:00:00,0.07649999856948853
2022-12-15 01:00:00,0.00889999978244304
2022-12-15 02:00:00,0.00889999978244304
2022-12-15 03:00:00,0.00889999978244304
2022-12-15 04:00:00,0.0044999998062849
2022-12-15 05:00:00,0.0044999998062849
2022-12-15 06:00:00,0.0044999998062849
2022-12-15 07:00:00,-0.00279999990016222
2022-12-15 08:00:00,-0.00279999990016222
2022-12-15 09:00:00,-0.00279999990016222
2022-12-15 10:00:00,-0.0040000001899898
2022-12-15 11:00:00,-0.0040000001899898
2022-12-15 12:00:00,-0.0040000001899898
2022-12-15 13:00:00,-0.00249999994412064
2022-12-15 14:00:00,-0.00249999994412064
2022-12-15 15:00:00,-0.00249999994412064
2022-12-15 16:00:00,0.07599999755620956
2022-12-15 17:00:00,0.07599999755620956
2022-12-15 18:00:00,0.07599999755620956
2022-12-15 19:00:00,0.13500000536441803
2022-12-15 20:00:00,0.13500000536441803
2022-12-15 21:00:00,0.13500000536441803
2022-12-15 22:00:00,0.06049999967217445
2022-12-15 23:00:00,0.06049999967217445
2022-12-16 00:00:00,0.06049999967217445
2022-12-16 01:00:00,0.02910000085830688
2022-12-16 02:00:00,0.02910000085830688
2022-12-16 03:00:00,0.02910000085830688
2022-12-16 04:00:00,0.02190000005066394
2022-12-16 05:00:00,0.02190000005066394
2022-12-16 06:00:00,0.02190000005066394
2022-12-16 07:00:00,0.01480000000447034
2022-12-16 08:00:00,0.01480000000447034
2022-12-16 09:00:00,0.01480000000447034
2022-12-16 10:00:00,0.0015999999595806
2022-12-16 11:00:00,0.0015999999595806
2022-12-16 12:00:00,0.0015999999595806
2022-12-16 13:00:00,0.00769999995827674
2022-12-16 14:00:00,0.00769999995827674
2022-12-16 15:00:00,0.00769999995827674
2022-12-16 16:00:00,0.08349999785423279
2022-12-16 17:00:00,0.08349999785423279
2022-12-16 18:00:00,0.08349999785423279
2022-12-16 19:00:00,0.14309999346733093
2022-12-16 20:00:00,0.14309999346733093
2022-12-16 21:00:00,0.14309999346733093
2022-12-16 22:00:00,0.06480000168085098
2022-12-16 23:00:00,0.06480000168085098
2022-12-17 00:00:00,0.06480000168085098
2022-12-17 01:00:00,1.9999999494757503e-4
2022-12-17 02:00:00,1.9999999494757503e-4
2022-12-17 03:00:00,1.9999999494757503e-4
2022-12-17 04:00:00,0.0015999999595806
2022-12-17 05:00:00,0.0015999999595806
2022-12-17 06:00:00,0.0015999999595806
2022-12-17 07:00:00,0.00650000013411045
2022-12-17 08:00:00,0.00650000013411045
2022-12-17 09:00:00,0.00650000013411045
2022-12-17 10:00:00,0.00570000009611249
2022-12-17 11:00:00,0.00570000009611249
2022-12-17 12:00:00,0.00570000009611249
2022-12-17 13:00:00,0.0163000002503395
2022-12-17 14:00:00,0.0163000002503395
2022-12-17 15:00:00,0.0163000002503395
2022-12-17 16:00:00,0.08129999786615372
2022-12-17 17:00:00,0.08129999786615372
2022-12-17 18:00:00,0.08129999786615372
2022-12-17 19:00:00,0.12229999899864195
2022-12-17 20:00:00,0.12229999899864195
2022-12-17 21:00:00,0.12229999899864195
2022-12-17 22:00:00,0.03849999979138374
2022-12-17 23:00:00,0.03849999979138374
2022-12-18 00:00:00,0.03849999979138374
2022-12-18 01:00:00,6.000000284984708e-4
2022-12-18 02:00:00,6.000000284984708e-4
2022-12-18 03:00:00,6.000000284984708e-4
2022-12-18 04:00:00,0.00370000000111758
2022-12-18 05:00:00,0.00370000000111758
2022-12-18 06:00:00,0.00370000000111758
2022-12-18 07:00:00,0.00389999989420175
2022-12-18 08:00:00,0.00389999989420175
2022-12-18 09:00:00,0.00389999989420175
2022-12-18 10:00:00,-6.000000284984708e-4
2022-12-18 11:00:00,-6.000000284984708e-4
2022-12-18 12:00:00,-6.000000284984708e-4
2022-12-18 13:00:00,5.000000237487257e-4
2022-12-18 14:00:00,5.000000237487257e-4
2022-12-18 15:00:00,5.000000237487257e-4
2022-12-18 16:00:00,0.09130000323057176
2022-12-18 17:00:00,0.09130000323057176
2022-12-18 18:00:00,0.09130000323057176
2022-12-18 19:00:00,0.14800000190734863
2022-12-18 20:00:00,0.14800000190734863
2022-12-18 21:00:00,0.14800000190734863
2022-12-18 22:00:00,0.04309999942779541
2022-12-18 23:00:00,0.04309999942779541
2022-12-19 00:00:00,0.04309999942779541
2022-12-19 01:00:00,-0.0063999998383224
2022-12-19 02:00:00,-0.0063999998383224
2022-12-19 03:00:00,-0.0063999998383224
2022-12-19 04:00:00,-0.00289999996311962
2022-12-19 05:00:00,-0.00289999996311962
2022-12-19 06:00:00,-0.00289999996311962
2022-12-19 07:00:00,0.00370000000111758
2022-12-19 08:00:00,0.00370000000111758
2022-12-19 09:00:00,0.00370000000111758
2022-12-19 10:00:00,0.00850000046193599
2022-12-19 11:00:00,0.00850000046193599
2022-12-19 12:00:00,0.00850000046193599
2022-12-19 13:00:00,0.00870000012218952
2022-12-19 14:00:00,0.00870000012218952
2022-12-19 15:00:00,0.00870000012218952
2022-12-19 16:00:00,0.11599999666213988
2022-12-19 17:00:00,0.11599999666213988
2022-12-19 18:00:00,0.11599999666213988
2022-12-19 19:00:00,0.19629999995231628
2022-12-19 20:00:00,0.19629999995231628
2022-12-19 21:00:00,0.19629999995231628
2022-12-19 22:00:00,0.0640999972820282
2022-12-19 23:00:00,0.0640999972820282
2022-12-20 00:00:00,0.0640999972820282
2022-12-20 01:00:00,-0.00100000004749745
2022-12-20 02:00:00,-0.00100000004749745
2022-12-20 03:00:00,-0.00100000004749745
2022-12-20 04:00:00,-7.999999797903001e-4
2022-12-20 05:00:00,-7.999999797903001e-4
2022-12-20 06:00:00,-7.999999797903001e-4
2022-12-20 07:00:00,0.00380000006407499
2022-12-20 08:00:00,0.00380000006407499
2022-12-20 09:00:00,0.00380000006407499
2022-12-20 10:00:00,0.0044999998062849
2022-12-20 11:00:00,0.0044999998062849
2022-12-20 12:00:00,0.0044999998062849
2022-12-20 13:00:00,0.00419999985024333
2022-12-20 14:00:00,0.00419999985024333
2022-12-20 15:00:00,0.00419999985024333
2022-12-20 16:00:00,0.10249999910593031
2022-12-20 17:00:00,0.10249999910593031
2022-12-20 18:00:00,0.10249999910593031
2022-12-20 19:00:00,0.17739999294281006
2022-12-20 20:00:00,0.17739999294281006
2022-12-20 21:00:00,0.17739999294281006
2022-12-20 22:00:00,0.05860000103712082
2022-12-20 23:00:00,0.05860000103712082
2022-12-21 00:00:00,0.05860000103712082
2022-12-21 01:00:00,0.01379999984055757
2022-12-21 02:00:00,0.01379999984055757
2022-12-21 03:00:00,0.01379999984055757
2022-12-21 04:00:00,0.02290000021457672
2022-12-21 05:00:00,0.02290000021457672
2022-12-21 06:00:00,0.02290000021457672
2022-12-21 07:00:00,0.04039999842643738
2022-12-21 08:00:00,0.04039999842643738
2022-12-21 09:00:00,0.04039999842643738
2022-12-21 10:00:00,0.0272000003606081
2022-12-21 11:00:00,0.0272000003606081
2022-12-21 12:00:00,0.0272000003606081
2022-12-21 13:00:00,0.01640000008046627
2022-12-21 14:00:00,0.01640000008046627
2022-12-21 15:00:00,0.01640000008046627
2022-12-21 16:00:00,0.12099999934434892
2022-12-21 17:00:00,0.12099999934434892
2022-12-21 18:00:00,0.12099999934434892
2022-12-21 19:00:00,0.18870000541210177
2022-12-21 20:00:00,0.18870000541210177
2022-12-21 21:00:00,0.18870000541210177
2022-12-21 22:00:00,0.08590000122785568
2022-12-21 23:00:00,0.08590000122785568
2022-12-22 00:00:00,0.08590000122785568
2022-12-22 01:00:00,0.03350000083446503
2022-12-22 02:00:00,0.03350000083446503
2022-12-22 03:00:00,0.03350000083446503
2022-12-22 04:00:00,0.00430000014603138
2022-12-22 05:00:00,0.00430000014603138
2022-12-22 06:00:00,0.00430000014603138
2022-12-22 07:00:00,0.00930000003427267
2022-12-22 08:00:00,0.00930000003427267
2022-12-22 09:00:00,0.00930000003427267
2022-12-22 10:00:00,0.01489999983459711
2022-12-22 11:00:00,0.01489999983459711
2022-12-22 12:00:00,0.01489999983459711
2022-12-22 13:00:00,0.02140000090003013
2022-12-22 14:00:00,0.02140000090003013
2022-12-22 15:00:00,0.02140000090003013
2022-12-22 16:00:00,0.04580000042915344
2022-12-22 17:00:00,0.04580000042915344
2022-12-22 18:00:00,0.04580000042915344
2022-12-22 19:00:00,0.06080000102519989
2022-12-22 20:00:00,0.06080000102519989
2022-12-22 21:00:00,0.06080000102519989
2022-12-22 22:00:00,0.03350000083446503
2022-12-22 23:00:00,0.03350000083446503
2022-12-23 00:00:00,0.03350000083446503
2022-12-23 01:00:00,0.01429999992251396
2022-12-23 02:00:00,0.01429999992251396
2022-12-23 03:00:00,0.01429999992251396
2022-12-23 04:00:00,0.01240000035613775
2022-12-23 05:00:00,0.01240000035613775
2022-12-23 06:00:00,0.01240000035613775
2022-12-23 07:00:00,0.0198999997228384
2022-12-23 08:00:00,0.0198999997228384
2022-12-23 09:00:00,0.0198999997228384
2022-12-23 10:00:00,0.02180000022053718
2022-12-23 11:00:00,0.02180000022053718
2022-12-23 12:00:00,0.02180000022053718
2022-12-23 13:00:00,0.02270000055432319
2022-12-23 14:00:00,0.02270000055432319
2022-12-23 15:00:00,0.02270000055432319
2022-12-23 16:00:00,0.08560000360012054
2022-12-23 17:00:00,0.08560000360012054
2022-12-23 18:00:00,0.08560000360012054
2022-12-23 19:00:00,0.1168999969959259
2022-12-23 20:00:00,0.1168999969959259
2022-12-23 21:00:00,0.1168999969959259
2022-12-23 22:00:00,0.04890000075101852
2022-12-23 23:00:00,0.04890000075101852
2022-12-24 00:00:00,0.04890000075101852
2022-12-24 01:00:00,0.01499999966472387
2022-12-24 02:00:00,0.01499999966472387
2022-12-24 03:00:00,0.01499999966472387
2022-12-24 04:00:00,0.00999999977648258
2022-12-24 05:00:00,0.00999999977648258
2022-12-24 06:00:00,0.00999999977648258
2022-12-24 07:00:00,0.0104000000283122
2022-12-24 08:00:00,0.0104000000283122
2022-12-24 09:00:00,0.0104000000283122
2022-12-24 10:00:00,0.01009999960660934
2022-12-24 11:00:00,0.01009999960660934
2022-12-24 12:00:00,0.01009999960660934
2022-12-24 13:00:00,-0.00289999996311962
2022-12-24 14:00:00,-0.00289999996311962
2022-12-24 15:00:00,-0.00289999996311962
2022-12-24 16:00:00,0.07190000265836716
2022-12-24 17:00:00,0.07190000265836716
2022-12-24 18:00:00,0.07190000265836716
2022-12-24 19:00:00,0.11339999735355376
2022-12-24 20:00:00,0.11339999735355376
2022-12-24 21:00:00,0.11339999735355376
2022-12-24 22:00:00,0.03260000050067901
2022-12-24 23:00:00,0.03260000050067901
2022-12-25 00:00:00,0.03260000050067901
2022-12-25 01:00:00,-0.01510000042617321
2022-12-25 02:00:00,-0.01510000042617321
2022-12-25 03:00:00,-0.01510000042617321
2022-12-25 04:00:00,-0.0130000002682209
2022-12-25 05:00:00,-0.0130000002682209
2022-12-25 06:00:00,-0.0130000002682209
2022-12-25 07:00:00,-0.00839999970048666
2022-12-25 08:00:00,-0.00839999970048666
2022-12-25 09:00:00,-0.00839999970048666
2022-12-25 10:00:00,-0.00380000006407499
2022-12-25 11:00:00,-0.00380000006407499
2022-12-25 12:00:00,-0.00380000006407499
2022-12-25 13:00:00,0.00340000004507601
2022-12-25 14:00:00,0.00340000004507601
2022-12-25 15:00:00,0.00340000004507601
2022-12-25 16:00:00,0.07580000162124634
2022-12-25 17:00:00,0.07580000162124634
2022-12-25 18:00:00,0.07580000162124634
2022-12-25 19:00:00,0.12189999967813492
2022-12-25 20:00:00,0.12189999967813492
2022-12-25 21:00:00,0.12189999967813492
2022-12-25 22:00:00,0.05559999868273735
2022-12-25 23:00:00,0.05559999868273735
2022-12-26 00:00:00,0.05559999868273735
2022-12-26 01:00:00,0.00980000011622905
2022-12-26 02:00:00,0.00980000011622905
2022-12-26 03:00:00,0.00980000011622905
2022-12-26 04:00:00,0.0040000001899898
2022-12-26 05:00:00,0.0040000001899898
2022-12-26 06:00:00,0.0040000001899898
2022-12-26 07:00:00,0.00350000010803341
2022-12-26 08:00:00,0.00350000010803341
2022-12-26 09:00:00,0.00350000010803341
2022-12-26 10:00:00,0.00370000000111758
2022-12-26 11:00:00,0.00370000000111758
2022-12-26 12:00:00,0.00370000000111758
2022-12-26 13:00:00,-0.00529999984428286
2022-12-26 14:00:00,-0.00529999984428286
2022-12-26 15:00:00,-0.00529999984428286
2022-12-26 16:00:00,0.06750000268220901
2022-12-26 17:00:00,0.06750000268220901
2022-12-26 18:00:00,0.06750000268220901
2022-12-26 19:00:00,0.1145000010728836
2022-12-26 20:00:00,0.1145000010728836
2022-12-26 21:00:00,0.1145000010728836
2022-12-26 22:00:00,0.03909999877214432
2022-12-26 23:00:00,0.03909999877214432
2022-12-27 00:00:00,0.03909999877214432
2022-12-27 01:00:00,-0.00350000010803341
2022-12-27 02:00:00,-0.00350000010803341
2022-12-27 03:00:00,-0.00350000010803341
2022-12-27 04:00:00,0.00700000021606683
2022-12-27 05:00:00,0.00700000021606683
2022-12-27 06:00:00,0.00700000021606683
2022-12-27 07:00:00,-0.0044999998062849
2022-12-27 08:00:00,-0.0044999998062849
2022-12-27 09:00:00,-0.0044999998062849
2022-12-27 10:00:00,-5.000000237487257e-4
2022-12-27 11:00:00,-5.000000237487257e-4
2022-12-27 12:00:00,-5.000000237487257e-4
2022-12-27 13:00:00,0.0032999999821186
2022-12-27 14:00:00,0.0032999999821186
2022-12-27 15:00:00,0.0032999999821186
2022-12-27 16:00:00,0.11050000041723251
2022-12-27 17:00:00,0.11050000041723251
2022-12-27 18:00:00,0.11050000041723251
2022-12-27 19:00:00,0.16140000522136688
2022-12-27 20:00:00,0.16140000522136688
2022-12-27 21:00:00,0.16140000522136688
2022-12-27 22:00:00,0.10000000149011612
2022-12-27 23:00:00,0.10000000149011612
2022-12-28 00:00:00,0.10000000149011612
2022-12-28 01:00:00,0.02290000021457672
2022-12-28 02:00:00,0.02290000021457672
2022-12-28 03:00:00,0.02290000021457672
2022-12-28 04:00:00,0.01740000024437904
2022-12-28 05:00:00,0.01740000024437904
2022-12-28 06:00:00,0.01740000024437904
2022-12-28 07:00:00,7.999999797903001e-4
2022-12-28 08:00:00,7.999999797903001e-4
2022-12-28 09:00:00,7.999999797903001e-4
2022-12-28 10:00:00,-0.01659999974071979
2022-12-28 11:00:00,-0.01659999974071979
2022-12-28 12:00:00,-0.01659999974071979
2022-12-28 13:00:00,-0.01539999991655349
2022-12-28 14:00:00,-0.01539999991655349
2022-12-28 15:00:00,-0.01539999991655349
2022-12-28 16:00:00,0.05829999968409538
2022-12-28 17:00:00,0.05829999968409538
2022-12-28 18:00:00,0.05829999968409538
2022-12-28 19:00:00,0.08009999990463257
2022-12-28 20:00:00,0.08009999990463257
2022-12-28 21:00:00,0.08009999990463257
2022-12-28 22:00:00,0.03220000118017197
2022-12-28 23:00:00,0.03220000118017197
2022-12-29 00:00:00,0.03220000118017197
2022-12-29 01:00:00,-0.00209999992512166
2022-12-29 02:00:00,-0.00209999992512166
2022-12-29 03:00:00,-0.00209999992512166
2022-12-29 04:00:00,-0.00310000008903443
2022-12-29 05:00:00,-0.00310000008903443
2022-12-29 06:00:00,-0.00310000008903443
2022-12-29 07:00:00,-7.999999797903001e-4
2022-12-29 08:00:00,-7.999999797903001e-4
2022-12-29 09:00:00,-7.999999797903001e-4
2022-12-29 10:00:00,0.0071000000461936
2022-12-29 11:00:00,0.0071000000461936
2022-12-29 12:00:00,0.0071000000461936
2022-12-29 13:00:00,-0.00130000000353902
2022-12-29 14:00:00,-0.00130000000353902
2022-12-29 15:00:00,-0.00130000000353902
2022-12-29 16:00:00,0.06440000236034393
2022-12-29 17:00:00,0.06440000236034393
2022-12-29 18:00:00,0.06440000236034393
2022-12-29 19:00:00,0.11029999703168868
2022-12-29 20:00:00,0.11029999703168868
2022-12-29 21:00:00,0.11029999703168868
2022-12-29 22:00:00,0.04820000007748604
2022-12-29 23:00:00,0.04820000007748604
2022-12-30 00:00:00,0.04820000007748604
2022-12-30 01:00:00,-0.00910000037401914
2022-12-30 02:00:00,-0.00910000037401914
2022-12-30 03:00:00,-0.00910000037401914
2022-12-30 04:00:00,-0.00850000046193599
2022-12-30 05:00:00,-0.00850000046193599
2022-12-30 06:00:00,-0.00850000046193599
2022-12-30 07:00:00,-0.00340000004507601
2022-12-30 08:00:00,-0.00340000004507601
2022-12-30 09:00:00,-0.00340000004507601
2022-12-30 10:00:00,-0.0020000000949949
2022-12-30 11:00:00,-0.0020000000949949
2022-12-30 12:00:00,-0.0020000000949949
2022-12-30 13:00:00,-0.00289999996311962
2022-12-30 14:00:00,-0.00289999996311962
2022-12-30 15:00:00,-0.00289999996311962
2022-12-30 16:00:00,0.07699999958276749
2022-12-30 17:00:00,0.07699999958276749
2022-12-30 18:00:00,0.07699999958276749
2022-12-30 19:00:00,0.12479999661445618
2022-12-30 20:00:00,0.12479999661445618
2022-12-30 21:00:00,0.12479999661445618
2022-12-30 22:00:00,0.0502999983727932
2022-12-30 23:00:00,0.0502999983727932
2022-12-31 00:00:00,0.0502999983727932
2022-12-31 01:00:00,0.00689999992027878
2022-12-31 02:00:00,0.00689999992027878
2022-12-31 03:00:00,0.00689999992027878
2022-12-31 04:00:00,-8.999999845400453e-4
2022-12-31 05:00:00,-8.999999845400453e-4
2022-12-31 06:00:00,-8.999999845400453e-4
2022-12-31 07:00:00,0.00249999994412064
2022-12-31 08:00:00,0.00249999994412064
2022-12-31 09:00:00,0.00249999994412064
2022-12-31 10:00:00,0.01970000006258487
2022-12-31 11:00:00,0.01970000006258487
2022-12-31 12:00:00,0.01970000006258487
2022-12-31 13:00:00,0.01999999955296516
2022-12-31 14:00:00,0.01999999955296516
2022-12-31 15:00:00,0.01999999955296516
2022-12-31 16:00:00,0.07959999889135361
2022-12-31 17:00:00,0.07959999889135361
2022-12-31 18:00:00,0.07959999889135361
2022-12-31 19:00:00,0.08760000020265579
2022-12-31 20:00:00,0.08760000020265579
2022-12-31 21:00:00,0.08760000020265579
2022-12-31 22:00:00,0.04309999942779541
2022-12-31 23:00:00,0.04309999942779541
