time,AirTemp,ShortWave,LongWave,RelHum,WindSpeed,Rain,Snow
2020-01-01T00:00:00Z,3.1499877929687727,0,311.04998779296875,86.8513580466593,6.352676431006595,0,0
2020-01-01T01:00:00Z,2.9599853515625227,0,311.07000732421875,82.75357564370837,6.492803322570351,0.0012096000015735626,0
2020-01-01T02:00:00Z,2.7699829101562727,0,311.0899963378906,78.53219402617438,6.644471272264587,0,0
2020-01-01T03:00:00Z,2.5799804687500227,0,306.9100036621094,74.17603232197757,6.812825800106383,0,0
2020-01-01T04:00:00Z,2.4299865722656477,0,306.91998291015625,73.7757350987213,6.655238380949033,0,0
2020-01-01T05:00:00Z,2.2799926757812727,0,306.92999267578125,73.35874275872794,6.496429588194663,0,0
2020-01-01T06:00:00Z,2.1199890136718977,0,277.8899841308594,72.97952182549389,6.350307054199599,0.0014208000004291535,0
2020-01-01T07:00:00Z,1.7399841308593977,0,277.9100036621094,71.78450306366385,6.130660501191227,0,0
2020-01-01T08:00:00Z,1.3500000000000227,0,277.92999267578125,70.51571762690496,5.948218135427254,0,0
2020-01-01T09:00:00Z,0.9699951171875227,0,268.8999938964844,69.06797701337197,5.796153892092972,0,0
2020-01-01T10:00:00Z,0.6499877929687727,0,268.9100036621094,68.9547701289612,5.903837371396125,0,0
2020-01-01T11:00:00Z,0.32998046875002274,0,268.92999267578125,68.8038995229875,6.0295936656450655,0,0
2020-01-01T12:00:00Z,0.010003662109397737,0,296.1499938964844,68.60847680252333,6.161590551171353,0,0
2020-01-01T13:00:00Z,0.45000610351564774,27.06800079345703,296.1300048828125,67.14623240431757,6.573043129724766,0,0
2020-01-01T14:00:00Z,0.8999877929687727,72.73600006103516,296.1099853515625,65.65673363967225,6.974847458569438,0,0
2020-01-01T15:00:00Z,1.3500000000000227,108.04800415039064,297.17999267578125,64.21522337635662,7.386934049147453,0,0
2020-01-01T16:00:00Z,1.4599853515625227,135.66400146484375,297.16998291015625,64.90963637853957,7.170174411669297,0,0
2020-01-01T17:00:00Z,1.5799804687500227,150.71800231933594,297.16998291015625,65.53770481549589,6.963799288181028,0,0
2020-01-01T18:00:00Z,1.7000061035156477,249.95401000976565,276.0400085449219,66.14927209862883,6.769239247527932,0,0
2020-01-01T19:00:00Z,1.7999816894531477,199.91900634765625,276.0400085449219,66.04353198042206,6.529815999282205,0,0
2020-01-01T20:00:00Z,1.8999877929687727,133.8780059814453,276.0299987792969,65.92995090139532,6.287670260996512,0,0
2020-01-01T21:00:00Z,2.0100036621093977,34.944000244140625,274.92999267578125,65.76815939270833,6.066176756733634,0,0
2020-01-01T22:00:00Z,1.6099792480468977,0,274.94000244140625,67.64554068376769,5.910972563681699,0,0
2020-01-01T23:00:00Z,1.2099853515625227,0,274.9599914550781,69.58009115110886,5.767850639554879,0,0
2020-01-02T00:00:00Z,0.8099914550781477,0,265.57000732421875,71.5864146467863,5.623068548362014,0,0
2020-01-02T01:00:00Z,0.43999633789064774,0,265.5799865722656,72.84676331635403,5.07970450069384,0,0
2020-01-02T02:00:00Z,0.07000122070314774,0,265.5899963378906,74.14076973275533,4.536353218326527,0,0
2020-01-02T03:00:00Z,-0.29999389648435226,0,216.77999877929688,75.44411263056105,4.002811353637001,0,0
2020-01-02T04:00:00Z,-0.7399963378906023,0,216.7899932861328,77.55794293332136,3.8010655922920336,0,0
2020-01-02T05:00:00Z,-1.1900085449218523,0,216.80999755859375,79.78563931154284,3.7433940023392887,0,0
2020-01-02T06:00:00Z,-1.6300109863281023,0,209.92999267578125,82.03656800163633,3.8260814834642995,0,0
2020-01-02T07:00:00Z,-1.5499938964843523,0,209.92999267578125,80.9646538064264,3.897178381373206,0,0
2020-01-02T08:00:00Z,-1.4700073242187273,0,209.9199981689453,79.91683064382644,3.9670895615485975,0,0
2020-01-02T09:00:00Z,-1.3800109863281023,0,216.83999633789065,78.82004536966328,4.053553917065698,0,0
2020-01-02T10:00:00Z,-1.2600158691406023,0,216.83999633789065,78.27567754362424,3.996861225023909,0,0
2020-01-02T11:00:00Z,-1.1400207519531023,0,216.8300018310547,77.73595882612462,3.968689897577751,0,0
2020-01-02T12:00:00Z,-1.0199951171874773,0,243.84999084472656,77.2001654689376,3.969647260076211,0,0
2020-01-02T13:00:00Z,0.29998168945314774,63.02800369262695,243.79998779296875,72.06819253268404,4.594605547024844,0,0
2020-01-02T14:00:00Z,1.6299987792968977,169.71200561523438,243.75,67.24356442345602,5.217911213461227,0,0
2020-01-02T15:00:00Z,2.9500061035156477,306.4000244140625,239.9099884033203,62.80093742927234,5.85875417161862,0,0
2020-01-02T16:00:00Z,4.260003662109398,384.96002197265625,239.8699951171875,59.78519141755321,6.372511155996819,0,0
2020-01-02T17:00:00Z,5.570001220703148,427.9770202636719,239.8199920654297,56.86489315836632,6.884337324499102,0,0
2020-01-02T18:00:00Z,6.890008544921898,378.9880065917969,243.97000122070313,54.00557934203655,7.413615693165541,0,0
2020-01-02T19:00:00Z,6.390008544921898,303.6340026855469,243.97999572753903,57.50077526862448,6.877790198074383,0,0
2020-01-02T20:00:00Z,5.890008544921898,204.10101318359375,243.989990234375,61.18826841544368,6.398014985674257,0,0
2020-01-02T21:00:00Z,5.390008544921898,48.112003326416016,245.8999938964844,65.07484252023734,6.00470652727879,0,0
2020-01-02T22:00:00Z,4.640008544921898,0,245.9199981689453,68.83015983007866,6.453657611198193,0,0
2020-01-02T23:00:00Z,3.8900085449218977,0,245.9499969482422,72.82827069399782,6.918792866299249,0,0
2020-01-03T00:00:00Z,3.1400085449218977,0,262.57000732421875,77.09077757574298,7.372116100733134,0,0
2020-01-03T01:00:00Z,3.1099792480468977,0,262.57000732421875,77.7654271276175,7.1686537752220385,0,0
2020-01-03T02:00:00Z,3.0799804687500227,0,262.57000732421875,78.43445187462356,6.9633106516402865,0,0
2020-01-03T03:00:00Z,3.0599914550781477,0,308.989990234375,79.06212494024128,6.784408309327627,0,0
2020-01-03T04:00:00Z,3.2600036621093977,0,308.97998046875,79.66429172577467,5.767503648681548,0,0
2020-01-03T05:00:00Z,3.4599853515625227,0,308.9700012207031,80.23592238621956,4.806349816445373,0,0
2020-01-03T06:00:00Z,3.6700073242187727,0,326.97998046875,80.71450508137069,3.927810893681009,0,0
2020-01-03T07:00:00Z,3.8799987792968977,0,326.9599914550781,81.247184776915,3.9265886814445343,0,0
2020-01-03T08:00:00Z,4.089990234375023,0,326.9499816894531,81.74903309831062,3.9524295012082002,0,0
2020-01-03T09:00:00Z,4.299981689453148,0,340.32000732421875,82.22521073642015,4.004809575774659,0,0
2020-01-03T10:00:00Z,4.179986572265648,0,340.32000732421875,85.30427404737138,3.5071498073118335,0.002304000020027161,0
2020-01-03T11:00:00Z,4.059991455078148,0,340.32000732421875,88.435050731074,3.0120424671244246,0.0018431999087333679,0
2020-01-03T12:00:00Z,3.9399963378906477,0,347.07000732421875,91.61540114294368,2.5285766469356648,5.951999723911284e-4,0
2020-01-03T13:00:00Z,4.219995117187523,20.264001846313477,346.6099853515625,88.99601751844527,2.429814739464996,0.008822399854660034,0
2020-01-03T14:00:00Z,4.689996337890648,54.63200378417969,346.5899963378906,86.9818863244177,2.299304156299493,0,0
2020-01-03T15:00:00Z,5.149987792968773,70.68800354003906,348.9499816894531,85.07175731023486,2.2240727176836264,2.879999857395864e-5,0
2020-01-03T16:00:00Z,5.369989013671898,88.84800720214844,348.94000244140625,85.10219019575348,2.0752348519096278,0,0
2020-01-03T17:00:00Z,5.589990234375023,98.858001708984375,348.92999267578125,85.11142677354978,1.947434167789856,0,0
2020-01-03T18:00:00Z,5.799981689453148,120.0320053100586,346.28997802734375,85.16172758191206,1.8252944880613868,0,0
2020-01-03T19:00:00Z,5.969995117187523,96.33100128173828,346.2799987792969,85.46573608167824,1.6443843229718975,0,0
2020-01-03T20:00:00Z,6.140008544921898,64.99300384521484,346.2699890136719,85.74812518065389,1.52947701604979,0,0
2020-01-03T21:00:00Z,6.309991455078148,33.85600280761719,330.29998779296875,86.01647159554287,1.4897315385885763,0,0
2020-01-03T22:00:00Z,6.010003662109398,0,330.32000732421875,87.7573127807323,1.7772169061021925,0,0
2020-01-03T23:00:00Z,5.709985351562523,0,330.3299865722656,89.53946841272725,2.124923460580523,0,0
2020-01-04T00:00:00Z,5.409997558593773,0,342.9700012207031,91.36197305419287,2.495135168425688,0,0
2020-01-04T01:00:00Z,5.439996337890648,0,342.9599914550781,92.1743711735876,2.4447698081076505,0,0
2020-01-04T02:00:00Z,5.469995117187523,0,342.9599914550781,92.97693653898554,2.4002707043011,0,0
2020-01-04T03:00:00Z,5.499993896484398,0,331,93.77919913500729,2.386063580559897,0,0
2020-01-04T04:00:00Z,5.429986572265648,0,331,94.47190790892472,2.1315016940103697,0,0
2020-01-04T05:00:00Z,5.359979248046898,0,331.0099792480469,95.16344438035874,1.9185932176758387,0,0
2020-01-04T06:00:00Z,5.290002441406273,0,346.6600036621094,95.86595388650491,1.7489710980923272,0.007727999925613403,0
2020-01-04T07:00:00Z,5.320001220703148,0,346.6600036621094,95.9295166970287,1.3243866161072846,0.009148799657821656,0
2020-01-04T08:00:00Z,5.350000000000023,0,346.6600036621094,95.98785087255895,1.5100331026817144,0.003950399994850159,0
2020-01-04T09:00:00Z,5.379998779296898,0,341.82000732421875,96.05207388156816,2.1416114491148854,0.002803199887275696,0
2020-01-04T10:00:00Z,5.219995117187523,0,341.8299865722656,96.61435351692266,1.9749682899536989,0.018057599544525148,0
2020-01-04T11:00:00Z,5.070001220703148,0,341.8399963378906,97.10265519174546,1.8813824478112506,0.021964799880981444,0
2020-01-04T12:00:00Z,4.909997558593773,0,345,97.66930650876219,1.8638937154171435,0.01921919918060303,0
2020-01-04T13:00:00Z,5.719995117187523,18.272001266479492,344.9499816894531,97.29554248385324,1.4946571663169763,0.027273599624633788,0
2020-01-04T14:00:00Z,6.540002441406273,49.28800201416016,344.9100036621094,96.62485045880685,1.2050725503307245,0.01429919958114624,0
2020-01-04T15:00:00Z,7.350000000000023,99.2480010986328,351.4700012207031,95.82687615545663,1.0501904403916884,0.020212799549102784,0
2020-01-04T16:00:00Z,7.640008544921898,124.8320083618164,351.4599914550781,94.43100530779019,0.6573431386688635,0.008476799726486206,0
2020-01-04T17:00:00Z,7.939996337890648,138.9739990234375,351.44000244140625,92.99564781306518,0.964209499073669,0.012537599086761475,0
2020-01-04T18:00:00Z,8.239984130859398,159.27301025390625,348.03997802734375,91.57888379012948,1.6130095455114286,0,0
2020-01-04T19:00:00Z,8.159997558593773,128.04400634765625,348.03997802734375,91.67713152808052,1.824965672496741,0,0
2020-01-04T20:00:00Z,8.079980468750023,86.71700286865234,348.04998779296875,91.77497259602595,2.0632256108516556,0,0
2020-01-04T21:00:00Z,7.999993896484398,26.032001495361328,326.7599792480469,91.86871949783986,2.304126723209429,0,0
2020-01-04T22:00:00Z,7.290002441406273,0,326.79998779296875,92.19573584632853,2.582789180477263,0,0
2020-01-04T23:00:00Z,6.570001220703148,0,326.8399963378906,92.40885332993014,2.870835955954043,0,0
2020-01-05T00:00:00Z,5.859979248046898,0,288.22998046875,92.35785634266993,3.1565961679510424,7.199999643489718e-6,0
2020-01-05T01:00:00Z,5.189996337890648,0,288.2599792480469,92.07367057307468,3.3288584759607156,0.0016223999261856079,0
2020-01-05T02:00:00Z,4.510003662109398,0,288.29998779296875,91.64461980317049,3.5400564860831993,0.002291999995708466,0
2020-01-05T03:00:00Z,3.8299804687500227,0,310.1999816894531,90.96403777173731,3.7758441815458648,9.3599997460842e-5,0
2020-01-05T04:00:00Z,3.3299804687500227,0,310.22998046875,89.26546775010898,4.450674074692834,2.51999996602535e-4,0
2020-01-05T05:00:00Z,2.8299804687500227,0,310.2599792480469,87.33741865626152,5.165578360954526,0,0
2020-01-05T06:00:00Z,2.3299804687500227,0,292.8899841308594,85.15504178470546,5.914092989763619,0,0
2020-01-05T07:00:00Z,1.7699829101562727,0,292.92999267578125,82.9950676340735,6.3843714694752345,0,0
2020-01-05T08:00:00Z,1.2099853515625227,0,292.9599914550781,80.52402270537179,6.847086594725014,0,0
2020-01-05T09:00:00Z,0.6499877929687727,0,284.3299865722656,77.71215059507244,7.312482375268814,0,0
2020-01-05T10:00:00Z,0.30999145507814774,0,284.3500061035156,75.31743863970281,7.503172283819615,0,0
2020-01-05T11:00:00Z,-0.019995117187477263,0,284.3699951171875,72.69104086966766,7.722959177154563,0,0
2020-01-05T12:00:00Z,-0.35999145507810226,0,292.67999267578125,69.94241740794885,7.962034740419162,0,0
2020-01-05T13:00:00Z,-0.010015869140602263,44.26000213623047,292.66998291015625,66.61042562277959,8.61720360368208,0,0
2020-01-05T14:00:00Z,0.35000000000002274,119.3600082397461,292.6600036621094,63.35013120800624,9.281228307258097,0,0
2020-01-05T15:00:00Z,0.7000061035156477,210.3520050048828,280.67999267578125,60.25931090654021,9.952336045548273,0,0
2020-01-05T16:00:00Z,0.7900024414062727,264.6880187988281,280.67999267578125,59.52773816332214,9.628649748956649,0,0
2020-01-05T17:00:00Z,0.8799987792968977,294.87200927734375,280.66998291015625,58.81300361669991,9.319334645035866,0,0
2020-01-05T18:00:00Z,0.9699951171875227,327.23602294921875,254.62998962402344,58.093594646349594,9.01033297642174,0,0
2020-01-05T19:00:00Z,0.8900085449218977,263.5250244140625,254.62998962402344,59.389834932868546,8.188296472192254,0,0
2020-01-05T20:00:00Z,0.7999816894531477,179.17300415039065,254.62998962402344,60.73783564288875,7.417229797435544,0,0
2020-01-05T21:00:00Z,0.7199951171875227,49.29600143432617,220.75,62.05861549937283,6.728595624411031,0,0
2020-01-05T22:00:00Z,-6.1035156022626325e-6,0,220.76998901367188,64.99544639843447,5.776028165076266,0,0
2020-01-05T23:00:00Z,-0.7200073242187273,0,220.7899932861328,68.0841855230344,4.860720029031729,0,0
2020-01-06T00:00:00Z,-1.4400085449218523,0,210.87998962402344,71.3358316237638,3.984934032377595,0,0
2020-01-06T01:00:00Z,-1.7500061035156023,0,210.88999938964844,72.32347135958729,3.372506477428915,0,0
2020-01-06T02:00:00Z,-2.0600036621093523,0,210.8999938964844,73.31759489384467,2.8155460215678705,0,0
2020-01-06T03:00:00Z,-2.3700012207031023,0,238.47000122070313,74.31994410869807,2.3572229756387975,0,0
2020-01-06T04:00:00Z,-2.0799926757812273,0,238.45999145507813,75.88507122459734,2.480080662919376,0,0
2020-01-06T05:00:00Z,-1.7800048828124773,0,238.4399871826172,77.29732931213437,2.868100399694059,0,0
2020-01-06T06:00:00Z,-1.4899963378906023,0,292.9700012207031,78.65990214668716,3.417206400780197,0,0
2020-01-06T07:00:00Z,-1.1400207519531023,0,292.9499816894531,81.03909783855161,3.7782800047372196,0,0.0012048000097274777
2020-01-06T08:00:00Z,-0.7900146484374773,0,292.92999267578125,83.23949185268451,4.216277839326714,0,0.0013295999765396116
2020-01-06T09:00:00Z,-0.44000854492185226,0,307.2599792480469,85.2770393999947,4.6989040423790085,0,0
2020-01-06T10:00:00Z,-0.29999389648435226,0,307.25,85.73818720265936,4.630010627235925,0,0
2020-01-06T11:00:00Z,-0.16000976562497726,0,307.239990234375,86.18828077617212,4.5887797148679486,0,0
2020-01-06T12:00:00Z,-0.019995117187477263,0,309.17999267578125,86.61401067427614,4.5759586049730245,0,0
2020-01-06T13:00:00Z,0.33999023437502274,16.940000534057617,309.1600036621094,86.33397089278127,4.777823650110817,0,0
2020-01-06T14:00:00Z,0.7099853515625227,45.63200378417969,309.1399841308594,85.95180637150371,5.055887567004899,0,0
2020-01-06T15:00:00Z,1.0700012207031477,99.34400177001952,311.989990234375,85.6047323503682,5.4022677814827125,0,0
2020-01-06T16:00:00Z,1.4999938964843977,125.0560073852539,311.9700012207031,85.14692772384223,5.580259779348727,0,0
2020-01-06T17:00:00Z,1.9299865722656477,139.41000366210938,311.9499816894531,84.64826884356907,5.778183080287445,0,0
2020-01-06T18:00:00Z,2.3599792480468977,161.07101440429688,311.3299865722656,84.10091751271865,5.979732419186412,0,0
2020-01-06T19:00:00Z,2.4500061035156477,129.94100952148438,311.3299865722656,81.01507732482247,5.759313931634529,0,0
2020-01-06T20:00:00Z,2.5499816894531477,88.70100402832031,311.3299865722656,77.90830518280225,5.71189958740947,0,0
2020-01-06T21:00:00Z,2.6400085449218977,43.74400329589844,296.04998779296875,74.89102177588244,5.8289792703335035,0,0
2020-01-06T22:00:00Z,2.1400085449218977,0,296.07000732421875,75.85360660411713,5.52423753766121,0,0
2020-01-06T23:00:00Z,1.6400085449218977,0,296.1000061035156,76.8040873480758,5.25130424704861,0,0
2020-01-07T00:00:00Z,1.1400085449218977,0,273.4700012207031,77.71545772644082,5.0058865107901855,0,0
2020-01-07T01:00:00Z,0.9699951171875227,0,273.4700012207031,78.05895090949267,5.285952738578418,0,0
2020-01-07T02:00:00Z,0.7900024414062727,0,273.47998046875,78.45812216998115,5.61022269560034,0,0
2020-01-07T03:00:00Z,0.6199890136718977,0,216.67999267578125,78.79160608337595,5.979732419186412,0,0
2020-01-07T04:00:00Z,0.27999267578127274,0,216.69000244140625,79.77221436142018,6.083460944687998,0,0
2020-01-07T05:00:00Z,-0.06000366210935226,0,216.6999969482422,80.76562492020162,6.205618270330963,0,0
2020-01-07T06:00:00Z,-0.39999999999997726,0,214.95999145507813,81.76159089669115,6.337325754783661,0,0
2020-01-07T07:00:00Z,-0.5100158691406023,0,214.97000122070313,81.58505853344161,5.666815783977089,0,0
2020-01-07T08:00:00Z,-0.6200012207031023,0,214.97000122070313,81.40311725907536,5.164958745029092,0,0
2020-01-07T09:00:00Z,-0.7200073242187273,0,220.61000061035156,81.15319269684893,4.878985206313312,0,0
2020-01-07T10:00:00Z,-0.7900146484374773,0,220.6199951171875,79.72326606045151,3.790329762771034,0,0
2020-01-07T11:00:00Z,-0.8599914550781023,0,220.6199951171875,78.27342832636137,2.7399452813194483,0,0
2020-01-07T12:00:00Z,-0.9299987792968523,0,219.5399932861328,76.80196137309743,1.8054638901714848,0,0
2020-01-07T13:00:00Z,-0.07999267578122726,65.3280029296875,219.5099945068359,72.46710596469414,1.6909759906257713,0,0
2020-01-07T14:00:00Z,0.7699829101562727,175.64801025390625,219.47999572753903,68.39524977062572,1.6183942487247727,0,0
2020-01-07T15:00:00Z,1.6199890136718977,296.6240234375,236.83999633789065,64.58779237048037,1.5814233365552555,0,0
2020-01-07T16:00:00Z,2.4899841308593977,373.52001953125,236.80999755859375,60.33240221121003,1.9863533885688298,0,0
2020-01-07T17:00:00Z,3.3699890136718977,416.6120300292969,236.7899932861328,56.348487987522525,2.4768123325772486,0,0
2020-01-07T18:00:00Z,4.239984130859398,375.4770202636719,248.76998901367188,52.68670423844152,3.0152943627342457,0,0
2020-01-07T19:00:00Z,4.010003662109398,303.4410095214844,248.76998901367188,56.13342767291161,2.2970633039812745,0,0
2020-01-07T20:00:00Z,3.7799926757812727,207.94500732421875,248.77999877929688,59.68567748719517,1.7978875613046645,0,0
2020-01-07T21:00:00Z,3.5400024414062727,67.21600341796875,270.3399963378906,63.376334314862234,1.728872370329782,0,0
2020-01-07T22:00:00Z,2.8099914550781477,0,270.3699951171875,66.30770374892234,1.6620769887563867,0,0
2020-01-07T23:00:00Z,2.0700012207031477,0,270.3999938964844,69.44531338474425,1.9093715391236972,0,0
2020-01-08T00:00:00Z,1.3399902343750227,0,287.80999755859375,72.69698482914437,2.368396071954906,0,0
2020-01-08T01:00:00Z,1.1000000000000227,0,287.82000732421875,74.39355333536608,1.5352198248281421,0,0
2020-01-08T02:00:00Z,0.8599792480468977,0,287.82000732421875,76.12281500121964,0.9070832327207604,0,0
2020-01-08T03:00:00Z,0.6199890136718977,0,288.8399963378906,77.9076185472738,0.9831073081091322,0,0
2020-01-08T04:00:00Z,0.48998413085939774,0,288.8399963378906,80.44930095151376,1.1257885471824924,0,0
2020-01-08T05:00:00Z,0.35997924804689774,0,288.8399963378906,83.02779311869732,1.4499999284744265,0,0
2020-01-08T06:00:00Z,0.23000488281252274,0,257.92999267578125,85.64506163083043,1.8631692667580801,0,0
2020-01-08T07:00:00Z,-0.07999267578122726,0,257.9499816894531,84.94742257342024,2.7291939434309436,0,0
2020-01-08T08:00:00Z,-0.38001098632810226,0,257.9599914550781,84.11791419077677,3.618839507107818,0,0
2020-01-08T09:00:00Z,-0.6799987792968523,0,281.8299865722656,83.21546370081865,4.526068616286265,0,0
2020-01-08T10:00:00Z,-0.6200012207031023,0,281.8299865722656,82.9317660668267,4.823649846302796,0,0
2020-01-08T11:00:00Z,-0.5600036621093523,0,281.8299865722656,82.63820312048774,5.143277167557277,0,0
2020-01-08T12:00:00Z,-0.5000061035156023,0,268.05999755859375,82.35123823610974,5.4646591297128095,0,0
2020-01-08T13:00:00Z,0.17998657226564774,39.78000259399414,268.0299987792969,80.80773271489356,5.941826303671124,0,0
2020-01-08T14:00:00Z,0.8500000000000227,106.67200469970705,268,79.29634689435511,6.443756284664442,0,0
2020-01-08T15:00:00Z,1.5299926757812727,201.8880157470703,264.2900085449219,77.70576200957584,6.982299030893267,0,0
2020-01-08T16:00:00Z,1.9699951171875227,254.2880096435547,264.2799987792969,71.78911101925254,7.584279388730433,0,0
2020-01-08T17:00:00Z,2.4200073242187727,283.791015625,264.2699890136719,66.12485449663538,8.370817786407548,0,0
2020-01-08T18:00:00Z,2.8599792480468977,257.50201416015625,261.41998291015625,60.79518933676034,9.277784800381658,0,0
2020-01-08T19:00:00Z,2.2099853515625227,208.46600341796875,261.4499816894531,59.52104446992396,9.117554193829353,0,0
2020-01-08T20:00:00Z,1.5499816894531477,143.4320068359375,261.47998046875,58.037125427981074,8.992624646135056,0,0
2020-01-08T21:00:00Z,0.8900085449218977,40.73600006103515,246.92999267578125,56.260835562737256,8.911946401600998,0,0
2020-01-08T22:00:00Z,0.17000732421877274,0,246.95999145507813,55.109781178608564,9.287674818105897,0,0
2020-01-08T23:00:00Z,-0.5499938964843523,0,247,53.665346097596135,9.743346452324626,0,0
2020-01-09T00:00:00Z,-1.2800048828124773,0,244.01998901367188,51.92185761879498,10.277130063283549,0,0
2020-01-09T01:00:00Z,-2.1200012207031023,0,244.04998779296875,53.89645057363898,9.878633005056908,0,0
2020-01-09T02:00:00Z,-2.9599975585937273,0,244.0800018310547,55.92947186855841,9.526069275919081,0,0
2020-01-09T03:00:00Z,-3.7999938964843523,0,231.67999267578125,58.027589916457565,9.19556386814917,0,0
2020-01-09T04:00:00Z,-4.500006103515602,0,231.70999145507813,57.45272217764624,8.858769673502852,0,0
2020-01-09T05:00:00Z,-5.200018310546852,0,231.739990234375,56.655442062812895,8.53583600104883,0,0
2020-01-09T06:00:00Z,-5.899999999999977,0,240.08999633789065,55.58932456312659,8.243936891440102,0,0
2020-01-09T07:00:00Z,-6.560003662109352,0,240.11000061035156,56.093484792607164,8.094893364890206,0,0
2020-01-09T08:00:00Z,-7.220007324218727,0,240.13999938964844,56.51032009665486,7.992027332718346,0,0
2020-01-09T09:00:00Z,-7.880010986328102,0,180.83999633789065,56.82791926425704,7.917183899153829,0,0
2020-01-09T10:00:00Z,-8.070013427734352,0,180.83999633789065,58.750383532878494,7.033413027116011,0,0
2020-01-09T11:00:00Z,-8.250006103515602,0,180.84999084472656,60.65567541693977,6.141375771245391,0,0
2020-01-09T12:00:00Z,-8.440008544921852,0,172.36000061035156,62.661477505706905,5.263392124914703,0,0
2020-01-09T13:00:00Z,-7.959997558593727,74.71600341796875,172.34999084472656,61.8395794559983,5.122352886330858,0,0
2020-01-09T14:00:00Z,-7.489996337890602,199.67201232910156,172.3300018310547,61.04230125091166,4.996258314811509,0,0
2020-01-09T15:00:00Z,-7.019995117187477,320.6400146484375,190.33999633789065,60.2374587668129,4.876925259020372,0,0
2020-01-09T16:00:00Z,-6.239996337890602,403.9360046386719,190.30999755859375,60.07832225547742,3.9816704758638792,0,0
2020-01-09T17:00:00Z,-5.459997558593727,451.0580139160156,190.2899932861328,59.74809410732458,3.1069759937309867,0,0
2020-01-09T18:00:00Z,-4.670019531249977,396.03802490234375,211.4099884033203,59.22880492142004,2.2849288537841055,0,0
2020-01-09T19:00:00Z,-4.149999999999977,321.1930236816406,211.38999938964844,58.72437601335507,1.104400235499262,0,0
2020-01-09T20:00:00Z,-3.6300109863281023,221.87301635742188,211.3699951171875,58.192009056436795,0.4964876612112566,0,0
2020-01-09T21:00:00Z,-3.1099914550781023,58.176002502441406,243.59999084472656,57.60685356972295,1.5170036192544651,0,0
2020-01-09T22:00:00Z,-3.2999938964843523,0,243.61000061035156,58.78832549088513,2.0467779342000387,0,0
2020-01-09T23:00:00Z,-3.4899963378906023,0,243.61000061035156,59.98652385471161,2.6601690149673223,0,0
2020-01-10T00:00:00Z,-3.6799987792968523,0,262.2200012207031,61.218517598482435,3.321821732403492,0,0
2020-01-10T01:00:00Z,-3.6799987792968523,0,262.22998046875,60.29128238334878,4.0131905026118515,0,0
2020-01-10T02:00:00Z,-3.6700195312499773,0,262.22998046875,59.305962155914024,4.710169886455579,0,0
2020-01-10T03:00:00Z,-3.6600097656249773,0,240.54998779296875,58.346590356196764,5.420452086963604,0,0
2020-01-10T04:00:00Z,-3.5400146484374773,0,240.5399932861328,61.73554977264678,6.139323758868063,0,0
2020-01-10T05:00:00Z,-3.4200195312499773,0,240.52999877929688,65.06608420486253,6.949193990144158,0,0
2020-01-10T06:00:00Z,-3.2999938964843523,0,247.6699981689453,68.33162650379114,7.821847461659584,0,0
2020-01-10T07:00:00Z,-2.8400024414062273,0,247.6499938964844,72.52978668075062,7.863078041357909,0,0
2020-01-10T08:00:00Z,-2.3800109863281023,0,247.6199951171875,76.35019823546821,7.921142399667949,0,0
2020-01-10T09:00:00Z,-1.9200195312499773,0,275.75,79.83816020829481,7.996830568906449,0,0
2020-01-10T10:00:00Z,-1.4599975585937273,0,275.7200012207031,84.13578303079686,8.012970666543906,0,0
2020-01-10T11:00:00Z,-1.0000061035156023,0,275.69000244140625,88.06995895844886,8.038320416476974,0,0
2020-01-10T12:00:00Z,-0.5300048828124773,0,280.8399963378906,91.59751281719838,8.055221477958739,0,0
2020-01-10T13:00:00Z,0.6199890136718977,63.84400177001953,280.7799987792969,89.44407584778402,8.038718618498672,0,0
2020-01-10T14:00:00Z,1.7799926757812727,169.91200256347656,280.72998046875,87.02783567481566,8.033791080130626,0,0
2020-01-10T15:00:00Z,2.9299865722656477,168.49600219726565,312.29998779296875,84.54141133974316,8.046048782959325,0,0
2020-01-10T16:00:00Z,3.6700073242187727,212.30401611328125,312.2599792480469,84.76092485858352,8.158737738044728,0,0
2020-01-10T17:00:00Z,4.409997558593773,237.1890106201172,312.2200012207031,84.75222464481539,8.26758730071433,0,0
2020-01-10T18:00:00Z,5.140008544921898,156.77000427246094,340.8299865722656,84.60520503061554,8.392115163334742,0,0
2020-01-10T19:00:00Z,5.239984130859398,127.36600494384766,340.82000732421875,86.77599230376163,7.750954351128103,0,0
2020-01-10T20:00:00Z,5.339990234375023,88.33100128173828,340.80999755859375,88.91400017539036,7.127250319021031,6.623999923467636e-4,0
2020-01-10T21:00:00Z,5.450006103515648,23.040000915527344,349.22998046875,90.9483743472003,6.501545672581252,0,0
2020-01-10T22:00:00Z,5.390008544921898,0,349.22998046875,91.86638594038008,6.282395968230499,0,0
2020-01-10T23:00:00Z,5.339990234375023,0,349.22998046875,92.73277726887954,6.060115499434448,0,0
2020-01-11T00:00:00Z,5.290002441406273,0,341.94000244140625,93.59919979607223,5.844082340373864,0,0
2020-01-11T01:00:00Z,5.320001220703148,0,341.94000244140625,93.52289499392272,5.7264037336003435,0,0
2020-01-11T02:00:00Z,5.339990234375023,0,341.94000244140625,93.51215424643975,5.602017253247207,0,0
2020-01-11T03:00:00Z,5.369989013671898,0,342.2200012207031,93.43161194168367,5.486948017556146,0,0
2020-01-11T04:00:00Z,5.540002441406273,0,342.2099914550781,93.67429522976576,5.720707835770191,0,0
2020-01-11T05:00:00Z,5.709985351562523,0,342.1999816894531,93.89077655882609,5.955249594286974,0,0
2020-01-11T06:00:00Z,5.879998779296898,0,332.239990234375,94.09887444220125,6.1821840686033696,0,0
2020-01-11T07:00:00Z,5.920007324218773,0,332.22998046875,94.37584129802966,6.003040858110469,0,0
2020-01-11T08:00:00Z,5.969995117187523,0,332.22998046875,94.58476244956361,5.818977584813395,0,0
2020-01-11T09:00:00Z,6.019982910156273,0,334.7799987792969,94.78833057001712,5.6386257830911894,0,0
2020-01-11T10:00:00Z,6.559991455078148,0,334.75,94.34998603660578,6.420669808266216,0,0
2020-01-11T11:00:00Z,7.100000000000023,0,334.7200012207031,93.81999312216234,7.214166456703354,0,0
2020-01-11T12:00:00Z,7.640008544921898,0,331.7799987792969,93.21703400001657,7.996198934964773,0,0
2020-01-11T13:00:00Z,8.540002441406273,53.90800094604492,331.739990234375,91.10864672746803,8.234682470151256,0,0
2020-01-11T14:00:00Z,9.429986572265648,142.76800537109375,331.69000244140625,89.00012061928325,8.480618803033419,0,0
2020-01-11T15:00:00Z,10.320001220703148,223.3440093994141,345.91998291015625,86.8477740076551,8.745861674432028,0,0
2020-01-11T16:00:00Z,11.379998779296898,281.42401123046875,345.8699951171875,84.15919855559301,9.375681035627267,0,0
2020-01-11T17:00:00Z,12.429986572265648,314.5680236816406,345.80999755859375,81.52064333206495,10.01047908198615,0,0
2020-01-11T18:00:00Z,13.480004882812523,206.8350067138672,364.8199768066406,78.8892401343766,10.65200930464564,0,0
2020-01-11T19:00:00Z,13.429986572265648,168.33200073242188,364.8199768066406,79.98197853057313,10.394229072728649,0,0
2020-01-11T20:00:00Z,13.379998779296898,117.21700286865234,364.8199768066406,81.08073204491616,10.132610550453125,0,0
2020-01-11T21:00:00Z,13.329980468750023,45.26400375366211,364.5,82.18465865116345,9.877150264989277,0,0
2020-01-11T22:00:00Z,13.109979248046898,0,364.5099792480469,84.20170579803111,10.02319749566523,0,0
2020-01-11T23:00:00Z,12.899987792968773,0,364.5199890136719,86.21040106363428,10.174182902901801,0,0
2020-01-12T00:00:00Z,12.679986572265648,0,361.4299926757813,88.31420744519853,10.311764575513383,0,0
2020-01-12T01:00:00Z,13.019982910156273,0,361.3999938964844,90.9882377973528,9.764230175036975,0,0
2020-01-12T02:00:00Z,13.359979248046898,0,361.3699951171875,93.49278298049356,9.246934355116952,0,0
2020-01-12T03:00:00Z,13.700006103515648,0,376.239990234375,95.84390060660856,8.74542710346909,0,0
2020-01-12T04:00:00Z,14.100000000000023,0,376.2099914550781,95.43351019819724,9.203178169809341,0,0
2020-01-12T05:00:00Z,14.489984130859398,0,376.19000244140625,95.05279141817832,9.658239919237612,0,0
2020-01-12T06:00:00Z,14.890008544921898,0,370.0499877929687,94.56646758898636,10.117469599937133,0,0
2020-01-12T07:00:00Z,15.159997558593773,0,370.0299987792969,94.85205784170877,10.394969455046603,0,0
2020-01-12T08:00:00Z,15.439996337890648,0,370.0099792480469,95.04181090116545,10.676216029354439,0,0
2020-01-12T09:00:00Z,15.709985351562523,0,388.6799926757813,95.25076851163821,10.960920841835744,0.010444799423217773,0
2020-01-12T10:00:00Z,15.899987792968773,0,388.66998291015625,95.16014233448517,11.194176619876567,0.0032160000801086425,0
2020-01-12T11:00:00Z,16.079980468750023,0,388.6600036621094,95.1186151148425,11.757839598085733,0.020030399322509766,0
2020-01-12T12:00:00Z,16.269982910156273,0,346.5099792480469,95.01305598798388,12.632758751896768,0.07764479827880859,0
2020-01-12T13:00:00Z,15.700006103515648,57.4160041809082,346.55999755859375,87.47089101665927,12.218714544064348,0.0173951997756958,0
2020-01-12T14:00:00Z,15.140008544921898,151.21600341796875,346.6199951171875,79.15816191834088,12.348255077274905,0,0
2020-01-12T15:00:00Z,14.579980468750023,311.2480163574219,290.989990234375,70.09255800175393,12.995248792830886,0,0
2020-01-12T16:00:00Z,14.260003662109398,392.1920166015625,291.0099792480469,68.1634026282908,12.436048290976098,0,0
2020-01-12T17:00:00Z,13.950006103515648,438.5570068359375,291.0299987792969,66.06671134798891,11.900605140177827,0,0
2020-01-12T18:00:00Z,13.629998779296898,397.0790100097656,280.1999816894531,63.88804616576368,11.390631505564038,0,0
2020-01-12T19:00:00Z,12.820001220703148,323.7490234375,280.22998046875,64.69140983636002,9.988953936493642,0,0
2020-01-12T20:00:00Z,12.010003662109398,226.3440093994141,280.2599792480469,65.40270140982672,8.694164671370379,0,0
2020-01-12T21:00:00Z,11.200006103515648,60.096004486083984,259.8299865722656,66.0059084990307,7.540039460777119,0,0
2020-01-12T22:00:00Z,9.809991455078148,0,259.8800048828125,68.76321802327807,6.857011082805919,0,0
2020-01-12T23:00:00Z,8.429986572265648,0,259.92999267578125,71.42630520706243,6.257770887966611,0,0
2020-01-13T00:00:00Z,7.040002441406273,0,222.8999938964844,74.04608895165264,5.794928517793536,0,0
2020-01-13T01:00:00Z,5.309991455078148,0,222.95999145507813,76.5526325595843,4.286315447935358,0,0
2020-01-13T02:00:00Z,3.5799804687500227,0,223.01998901367188,78.61006614355773,3.1630364344087702,0,0
2020-01-13T03:00:00Z,1.8599792480468977,0,227.62998962402344,79.96949185618703,2.911717762808995,0,0
2020-01-13T04:00:00Z,1.7900024414062727,0,227.63999938964844,80.40310546210634,2.357159257254583,0,0
2020-01-13T05:00:00Z,1.7300048828125227,0,227.63999938964844,80.78416097660221,2.1470909809598453,0,0
2020-01-13T06:00:00Z,1.6700073242187727,0,240.97000122070313,81.15721379272846,2.370084272242694,0,0
2020-01-13T07:00:00Z,1.7399841308593977,0,240.97000122070313,81.89888518483365,2.3920701091923346,0,0
2020-01-13T08:00:00Z,1.8200012207031477,0,240.95999145507813,82.57215302583137,2.4438083705711637,0,0
2020-01-13T09:00:00Z,1.8900085449218977,0,251.6499938964844,83.30499041779943,2.533080973813201,0,0
2020-01-13T10:00:00Z,1.7999816894531477,0,251.6599884033203,82.63378468994277,2.5273305215339046,0,0
2020-01-13T11:00:00Z,1.7199951171875227,0,251.6599884033203,81.90085368176061,2.5409446306167305,0,0
2020-01-13T12:00:00Z,1.6299987792968977,0,243.17999267578125,81.21610232577193,2.5506862042465297,0,0
2020-01-13T13:00:00Z,2.3200012207031477,76.03600311279297,243.1499938964844,78.38751263868839,3.0116107728673,0,0
2020-01-13T14:00:00Z,3.0199829101562727,199.0080108642578,243.12998962402344,75.61011540482306,3.47798778110396,0,0
2020-01-13T15:00:00Z,3.7099853515625227,184.67201232910156,314.739990234375,72.989405469589,3.942144096822013,0,0
2020-01-13T16:00:00Z,4.260003662109398,232.68800354003903,314.6999816894531,76.68780891491768,3.532095568777746,0,0
2020-01-13T17:00:00Z,4.799981689453148,260.3160095214844,314.6600036621094,80.03723575474004,3.122851152947168,0,0
2020-01-13T18:00:00Z,5.350000000000023,276.9800109863281,324.2099914550781,82.97149784114023,2.7372430563230763,0,0
2020-01-13T19:00:00Z,5.790002441406273,226.2340087890625,324.19000244140625,83.56752518378102,1.9465353159063514,0,0
2020-01-13T20:00:00Z,6.230004882812523,158.79701232910156,324.1600036621094,84.0506706989474,1.545477234147287,0,0
2020-01-13T21:00:00Z,6.679986572265648,80.08000183105469,282.8899841308594,84.37889362865337,1.8081205405830705,0,0
2020-01-13T22:00:00Z,5.890008544921898,0,282.91998291015625,86.87133812636182,1.9708373677196975,0,0
2020-01-13T23:00:00Z,5.100000000000023,0,282.9599914550781,89.40055486711364,2.133565086728143,0,0
2020-01-14T00:00:00Z,4.309991455078148,0,245.72999572753903,91.96355296512988,2.288776891603521,0,0
2020-01-14T01:00:00Z,3.7499938964843977,0,245.75,93.77132271683257,1.6770509873898036,0,0
2020-01-14T02:00:00Z,3.1799865722656477,0,245.76998901367188,95.64646352751299,1.1113955018226223,0,0
2020-01-14T03:00:00Z,2.6099792480468977,0,245.26998901367188,97.54358747167788,0.6802940612041213,0,0
2020-01-14T04:00:00Z,2.4699951171875227,0,245.26998901367188,97.37948997498839,1.1569356100670665,0,0
2020-01-14T05:00:00Z,2.3299804687500227,0,245.27999877929688,97.1946303520614,1.654116028150744,0,0
2020-01-14T06:00:00Z,2.1899963378906477,0,233.75,97.00623179978835,2.1615734982345165,0,0
2020-01-14T07:00:00Z,2.0299926757812727,0,233.75,96.7299482126958,2.072727616836742,0,0
2020-01-14T08:00:00Z,1.8699890136718977,0,233.7599945068359,96.43528718138924,2.0140009557822136,0,0
2020-01-14T09:00:00Z,1.7099853515625227,0,231.92999267578125,96.11520483015714,1.9940912244336322,0,0
2020-01-14T10:00:00Z,1.4699951171875227,0,231.94000244140625,96.34950278978326,1.5163443030666162,0,0
2020-01-14T11:00:00Z,1.2399841308593977,0,231.9499969482422,96.49701175214382,1.7442762900087077,0,0
2020-01-14T12:00:00Z,1.0100036621093977,0,231.58999633789065,96.62271597802325,2.478910964206335,0,0
2020-01-14T13:00:00Z,2.1499877929687727,79.96800231933594,231.54998779296875,90.4866132472262,2.18155908024499,0,0
2020-01-14T14:00:00Z,3.2900024414062727,207.8800048828125,231.51998901367188,84.76908655883291,1.9732713984207955,0,0
2020-01-14T15:00:00Z,4.429986572265648,289.6960144042969,264.0199890136719,79.4524753983055,1.8838258893611142,0,0
2020-01-14T16:00:00Z,5.059991455078148,364.97601318359375,264,76.98991380956907,2.624576167740654,0,0
2020-01-14T17:00:00Z,5.700006103515648,408.45501708984375,263.97998046875,74.54369326384452,3.876712371327697,0,0
2020-01-14T18:00:00Z,6.329980468750023,213.5670166015625,329.3500061035156,72.23562698793211,5.2977070262901895,0,0
2020-01-14T19:00:00Z,6.269982910156273,174.7340087890625,329.3399963378906,74.98559421541007,5.108306885597422,0,0
2020-01-14T20:00:00Z,6.200006103515648,123.15300750732422,329.3399963378906,77.8110134227757,4.952544505262608,0,0
2020-01-14T21:00:00Z,6.140008544921898,27.520000457763672,333.67999267578125,80.60131314477375,4.861213920098402,0,0
2020-01-14T22:00:00Z,5.799981689453148,0,333.69000244140625,84.83368973117929,4.749999923706055,0.002495999872684478,0
2020-01-14T23:00:00Z,5.469995117187523,0,333.6999816894531,89.17852569118999,4.645600092161758,0,0
2020-01-15T00:00:00Z,5.140008544921898,0,333.989990234375,93.68086651821918,4.53441276209623,0,0
2020-01-15T01:00:00Z,4.820001220703148,0,334,94.78029116006532,3.9478220666077837,0,0
2020-01-15T02:00:00Z,4.499993896484398,0,334.0199890136719,95.8804756500578,3.4015436342107868,0,0
2020-01-15T03:00:00Z,4.189996337890648,0,320.7599792480469,96.92085716423159,2.9282757815253064,0,0
2020-01-15T04:00:00Z,4.079980468750023,0,320.7699890136719,97.5501170710203,2.6189500941397132,0,0
2020-01-15T05:00:00Z,3.9699951171875227,0,320.7699890136719,98.1843308723805,2.3534230381956034,0,0
2020-01-15T06:00:00Z,3.8599792480468977,0,282.16998291015625,98.82269463240047,2.120023536079143,0,0
2020-01-15T07:00:00Z,3.4500061035156477,0,282.19000244140625,98.85191577552975,2.32690779143125,0,0
2020-01-15T08:00:00Z,3.0499816894531477,0,282.2099914550781,98.73839641756192,2.71582392444446,0,0
2020-01-15T09:00:00Z,2.6499877929687727,0,233.1499938964844,98.54528613905855,3.223864165965861,0,0
2020-01-15T10:00:00Z,2.3599792480468977,0,233.1599884033203,98.40950481442812,3.3079599573624785,0,0
2020-01-15T11:00:00Z,2.0799804687500227,0,233.1699981689453,98.15499699153025,3.405304618518969,0,0
2020-01-15T12:00:00Z,1.7900024414062727,0,229.17999267578125,97.92550690806756,3.529660054708489,0,0
2020-01-15T13:00:00Z,2.8799987792968977,78.26800537109375,229.13999938964844,90.94449067998637,3.634968926829527,0,0
2020-01-15T14:00:00Z,3.9699951171875227,201.9440155029297,229.11000061035156,84.50899461469997,3.9121604837630044,0,0
2020-01-15T15:00:00Z,5.070001220703148,331.3280029296875,238,78.52555441245644,4.311159771124105,0,0
2020-01-15T16:00:00Z,5.649987792968773,417.3600158691406,237.989990234375,74.16395679554908,3.9022555800732954,0,0
2020-01-15T17:00:00Z,6.230004882812523,467.2490234375,237.97000122070313,70.03770004626702,3.5459554621257587,0,0
2020-01-15T18:00:00Z,6.820001220703148,418.1020202636719,244.9199981689453,66.08801889869054,3.2374836096403947,0,0
2020-01-15T19:00:00Z,6.899987792968773,342.69403076171875,244.9099884033203,66.63520103338054,3.106444817464743,0,0
2020-01-15T20:00:00Z,6.980004882812523,242.47500610351565,244.9099884033203,67.18055607599176,2.9754495739560545,0,0
2020-01-15T21:00:00Z,7.059991455078148,71.26399993896484,241.989990234375,67.71398629801268,2.854487599423273,0,0
2020-01-15T22:00:00Z,6.040002441406273,0,242.01998901367188,70.7723359671388,2.445587723275112,0,0
2020-01-15T23:00:00Z,5.029992675781273,0,242.05999755859375,73.89643297561425,2.109502225076752,0,0
2020-01-16T00:00:00Z,4.010003662109398,0,244.70999145507813,77.19544489339218,1.876272899785287,0,0
2020-01-16T01:00:00Z,3.4299865722656477,0,244.72999572753903,79.47952873793886,0.7736924447698901,0,0
2020-01-16T02:00:00Z,2.8399902343750227,0,244.75,81.88797155509373,1.470033922613455,0,0
2020-01-16T03:00:00Z,2.2600036621093977,0,298.1499938964844,84.31730029024179,2.858478608520281,0,0
2020-01-16T04:00:00Z,2.5899902343750227,0,298.1300048828125,85.66890599218543,2.921660418687819,0,0
2020-01-16T05:00:00Z,2.9200073242187727,0,298.1099853515625,86.9127425214012,2.9876076240706215,0.008659199953079226,0
2020-01-16T06:00:00Z,3.2499938964843977,0,326.2799987792969,88.04427869026603,3.0412002552274373,0.029702399253845217,0
2020-01-16T07:00:00Z,3.4200073242187727,0,326.2699890136719,90.04061404501552,3.755063048022647,0.0036863998174667357,0
2020-01-16T08:00:00Z,3.5799804687500227,0,326.25,92.02770785347893,4.50998891232242,0.014495999336242675,0
2020-01-16T09:00:00Z,3.7399841308593977,0,326.1199951171875,93.9571960784013,5.290085027328464,0.011145599842071533,0
2020-01-16T10:00:00Z,3.9800048828125227,0,326.1099853515625,94.2079530024218,5.259248674912153,0,0
2020-01-16T11:00:00Z,4.230004882812523,0,326.0899963378906,94.36357754997145,6.002932633296008,0,0
2020-01-16T12:00:00Z,4.480004882812523,0,326.91998291015625,94.48735339545198,7.28881327233143,0,0
2020-01-16T13:00:00Z,4.779992675781273,38.0160026550293,326.9100036621094,88.51358928902687,7.467589867009285,0,0
2020-01-16T14:00:00Z,5.079980468750023,97.31200408935548,326.9100036621094,82.75020478179502,8.729765060634673,0,0
2020-01-16T15:00:00Z,5.390008544921898,198.1760101318359,293.239990234375,77.13990950384492,10.707772495918137,0,0
2020-01-16T16:00:00Z,5.049981689453148,249.58401489257813,293.2599792480469,74.94985349322988,10.20675284680894,0,0
2020-01-16T17:00:00Z,4.709985351562523,279.50701904296875,293.2799987792969,72.61061710395565,9.826703438297539,0,0
2020-01-16T18:00:00Z,4.369989013671898,247.3830108642578,278.82000732421875,70.09938922504045,9.593002442142401,0,0
2020-01-16T19:00:00Z,3.7000061035156477,203.1110076904297,278.8599853515625,68.65852898988045,9.718621142273399,0,0
2020-01-16T20:00:00Z,3.0299926757812727,144.28900146484375,278.8899841308594,66.90737265796837,9.857078715180869,0,0
2020-01-16T21:00:00Z,2.3599792480468977,46.73600387573242,260.739990234375,64.84044081898107,10.000739873943111,3.359999880194664e-5,0
2020-01-16T22:00:00Z,1.5100036621093977,0,260.7699890136719,64.92868918043807,10.00632790188603,0,0
2020-01-16T23:00:00Z,0.6499877929687727,0,260.80999755859375,64.82695593791667,10.022758828729716,0,0
2020-01-17T00:00:00Z,-0.20001831054685226,0,262.79998779296875,64.42306515927339,10.035202776652012,0,0
2020-01-17T01:00:00Z,-0.8400024414062273,0,262.8399963378906,62.30756449084018,10.433795776851753,0,0
2020-01-17T02:00:00Z,-1.4800170898437273,0,262.8699951171875,59.85763114544375,10.83533573024813,0,0
2020-01-17T03:00:00Z,-2.1099914550781023,0,221.97000122070313,56.97042519826163,11.239506225481716,0,0
2020-01-17T04:00:00Z,-2.9100097656249773,0,222,55.27708169484403,11.034862665774575,0,0
2020-01-17T05:00:00Z,-3.7000183105468523,0,222.02999877929688,53.12750565326409,10.839764206581055,0,0
2020-01-17T06:00:00Z,-4.489996337890602,0,202.67999267578125,50.50270609742512,10.660136112360464,0,0
2020-01-17T07:00:00Z,-5.299993896484352,0,202.70999145507813,49.679927659745395,10.838173174338843,0,0
2020-01-17T08:00:00Z,-6.109991455078102,0,202.739990234375,48.56297866437771,11.055136377674568,0,0
2020-01-17T09:00:00Z,-6.910009765624977,0,183.6699981689453,47.068770321724536,11.295742367567552,0,0
2020-01-17T10:00:00Z,-7.519995117187477,0,183.69000244140625,47.70813702211381,10.904677766554263,0,0
2020-01-17T11:00:00Z,-8.130010986328102,0,183.70999145507813,48.300539249544926,10.515226765725572,0,0
2020-01-17T12:00:00Z,-8.730017089843727,0,159.4499969482422,48.810405396916174,10.14270641663159,0,0
2020-01-17T13:00:00Z,-8.560003662109352,85.656005859375,159.4499969482422,47.23360642831955,10.130493709832061,0,0
2020-01-17T14:00:00Z,-8.380010986328102,217.3920135498047,159.4499969482422,45.66896330619828,10.108926233043437,0,0
2020-01-17T15:00:00Z,-8.209997558593727,352.31201171875,165.69000244140625,44.157274138465574,10.096850939330913,0,0
2020-01-17T16:00:00Z,-7.329992675781227,443.5520324707031,165.66000366210938,42.27937049389639,9.332871483093205,0,0
2020-01-17T17:00:00Z,-6.459997558593727,496.8990173339844,165.63999938964844,40.50911007506545,8.569830698079214,0,0
2020-01-17T18:00:00Z,-5.579992675781227,443.2960205078125,180.4499969482422,38.77670450367746,7.808002098006025,0,0
2020-01-17T19:00:00Z,-5.390020751953102,364.6000061035156,180.4499969482422,39.785137241143346,7.297019694100598,0,0
2020-01-17T20:00:00Z,-5.190008544921852,260.010009765625,180.44000244140625,40.730961161683716,6.787230407671958,0,0
2020-01-17T21:00:00Z,-4.989996337890602,82.608001708984375,175.95999145507813,41.6285914069274,6.278924777533436,0,0
2020-01-17T22:00:00Z,-5.670019531249977,0,175.97999572753906,44.35110888183238,5.751286534817456,0,0
2020-01-17T23:00:00Z,-6.340002441406227,0,176,47.22729759821908,5.226872635133482,0,0
2020-01-18T00:00:00Z,-7.010015869140602,0,160.19000244140625,50.298723390594425,4.700233813851493,0,0
2020-01-18T01:00:00Z,-7.500006103515602,0,160.1999969482422,49.632452429528,4.337061305482907,0,0
2020-01-18T02:00:00Z,-7.989996337890602,0,160.22000122070313,48.847766064438,3.976895715424839,0,0
2020-01-18T03:00:00Z,-8.480017089843727,0,167.39999389648438,47.92009767361152,3.614000578208417,0,0
2020-01-18T04:00:00Z,-8.859991455078102,0,167.41000366210938,48.831454853371575,3.2577599148611514,0,0
2020-01-18T05:00:00Z,-9.230017089843727,0,167.4199981689453,49.74194253378776,2.90193023878833,0,0
2020-01-18T06:00:00Z,-9.600012207031227,0,179.44000244140625,50.64085587716684,2.5778285397879053,0,0
2020-01-18T07:00:00Z,-9.700018310546852,0,179.44000244140625,50.50265544511705,2.321249582006103,0,0
2020-01-18T08:00:00Z,-9.799993896484352,0,179.4499969482422,50.35978810019402,2.085425553037732,0,0
2020-01-18T09:00:00Z,-9.890020751953102,0,206.989990234375,50.166520307239516,1.8469434125335167,0,0
2020-01-18T10:00:00Z,-9.760015869140602,0,206.989990234375,48.89855439511756,1.2692123800359953,0,0
2020-01-18T11:00:00Z,-9.620001220703102,0,206.97999572753903,47.62064736618192,0.6923149633567813,0,0
2020-01-18T12:00:00Z,-9.489996337890602,0,260.17999267578125,46.40877547411786,0.1612451545963187,0,0
2020-01-18T13:00:00Z,-8.320013427734352,66.52799987792969,260.1300048828125,40.972242601357046,0.6795586769181008,0,0
2020-01-18T14:00:00Z,-7.149999999999977,167.34400939941406,260.0899963378906,36.158768628545246,1.384088094461305,0,0
2020-01-18T15:00:00Z,-5.970007324218727,202.83201599121097,291.5,31.866580429008348,2.09609154254173,0,0
2020-01-18T16:00:00Z,-5.299993896484352,255.2800140380859,291.4499816894531,36.183931996160304,3.289011821930876,0,0
2020-01-18T17:00:00Z,-4.630010986328102,286.0470275878906,291.4100036621094,39.97995277761387,5.000089999185992,0,5.232000052928922e-4
2020-01-18T18:00:00Z,-3.9500183105468523,175.8920135498047,297.0099792480469,43.2572145277837,6.8492624491457965,0,0
2020-01-18T19:00:00Z,-3.8800109863281023,144.9110107421875,296.97998046875,58.28768608281186,6.829999923706055,0,0.015571198940277099
2020-01-18T20:00:00Z,-3.8100036621093523,103.7540054321289,296.94000244140625,73.13026602248803,6.900101351847084,0,0.025708800315856935
2020-01-18T21:00:00Z,-3.7399963378906023,38.4640007019043,297,87.76582175970822,7.065366115701554,0,0.02085119962692261
2020-01-18T22:00:00Z,-3.3100036621093523,0,296.9700012207031,89.25880305114343,7.527668754585782,0,0.027993598937988275
2020-01-18T23:00:00Z,-2.8800109863281023,0,296.9499816894531,90.5591248136436,8.06248047354058,0,0.03770880031585693
2020-01-19T00:00:00Z,-2.4500183105468523,0,304.9499816894531,91.68442414461589,8.675597808643582,0,0.02999039840698242
2020-01-19T01:00:00Z,-1.7900146484374773,0,304.9100036621094,92.17003286790319,8.442866464409866,0,0.033854398727416996
2020-01-19T02:00:00Z,-1.1400207519531023,0,304.8800048828125,92.4756429815084,8.2793354033765,0,0.01171199941635132
2020-01-19T03:00:00Z,-0.48001708984372726,0,316.0899963378906,92.465969386244,8.165353614860999,0,0
2020-01-19T04:00:00Z,-0.07001342773435226,0,316.05999755859375,93.29769493252839,7.509687060174012,0,0
2020-01-19T05:00:00Z,0.33999023437502274,0,316.03997802734375,93.99017576699812,7.023424876030942,0,0
2020-01-19T06:00:00Z,0.7499938964843977,0,300.67999267578125,94.55767422149276,6.717648060639519,0,0
2020-01-19T07:00:00Z,0.5799804687500227,0,300.69000244140625,94.99270224994308,6.177782651825379,0,0
2020-01-19T08:00:00Z,0.40999755859377274,0,300.6999816894531,95.44079332320429,5.708134260254689,0,0
2020-01-19T09:00:00Z,0.23998413085939774,0,276.7699890136719,95.87801278901074,5.340636370205377,0,0
2020-01-19T10:00:00Z,0.10997924804689774,0,276.7699890136719,95.53654590358398,5.543365474951061,0,0
2020-01-19T11:00:00Z,-0.030004882812477263,0,276.7799987792969,95.24008242733636,5.788350090434089,0,0
2020-01-19T12:00:00Z,-0.16000976562497726,0,284.0899963378906,94.87418482139208,6.056417945706247,0,0
2020-01-19T13:00:00Z,0.7199951171875227,47.50400161743164,284.05999755859375,88.79447864408785,6.153584416441013,0,0
2020-01-19T14:00:00Z,1.6000000000000227,118.37600708007813,284.0299987792969,83.14324867443172,6.476117279516577,0,0
2020-01-19T15:00:00Z,2.4800048828125227,233.2160186767578,259.80999755859375,77.88659102609154,7.010827213542988,0,0
2020-01-19T16:00:00Z,2.5700012207031477,293.40802001953125,259.80999755859375,75.98410654897907,7.250744515976095,9.599999757483601e-6,0
2020-01-19T17:00:00Z,2.6700073242187727,328.8490295410156,259.80999755859375,74.04939823237527,7.513361309864534,9.599999757483601e-6,0
2020-01-19T18:00:00Z,2.7600036621093977,343.81402587890625,260.739990234375,72.19205200456351,7.7835723816010605,0,0
2020-01-19T19:00:00Z,2.4099975585937727,283.7480163574219,260.75,73.30896427501345,7.458270294646213,0,0
2020-01-19T20:00:00Z,2.0700012207031477,203.9320068359375,260.7699890136719,74.37969063221314,7.146726252066666,0,0
2020-01-19T21:00:00Z,1.7199951171875227,70.496002197265625,264.9700012207031,75.52538805451444,6.863526592491861,0,0
2020-01-19T22:00:00Z,1.1400085449218977,0,265,76.34084496350997,6.756248864102335,0,0
2020-01-19T23:00:00Z,0.5599914550781477,0,265.0199890136719,77.09445050561433,6.644222734113385,0,0
2020-01-20T00:00:00Z,-0.010015869140602263,0,284.0899963378906,77.72186248176904,6.544386554642616,0,0
2020-01-20T01:00:00Z,-0.8400024414062273,0,284.1399841308594,72.62944639056842,6.480277551958804,0,0
2020-01-20T02:00:00Z,-1.6600097656249773,0,284.19000244140625,66.53211263882359,6.465949007289279,0,0
2020-01-20T03:00:00Z,-2.4899963378906023,0,272.2599792480469,59.40800438602152,6.517153974418964,0,0
2020-01-20T04:00:00Z,-3.1600097656249773,0,272.2900085449219,59.298481447597865,6.984897816264901,0,0
2020-01-20T05:00:00Z,-3.8299926757812273,0,272.3299865722656,59.028223847970565,7.499633180421655,0,0
2020-01-20T06:00:00Z,-4.510015869140602,0,250.739990234375,58.63124531037653,8.057301041670419,0,0
2020-01-20T07:00:00Z,-5.160009765624977,0,250.76998901367188,59.15434474715389,7.835508803916156,0,0
2020-01-20T08:00:00Z,-5.820013427734352,0,250.79998779296875,59.65115081731568,7.637865861161828,0,0
2020-01-20T09:00:00Z,-6.470007324218727,0,194.63999938964844,59.999568883273525,7.4851649758881695,0,0
2020-01-20T10:00:00Z,-7.000006103515602,0,194.6599884033203,61.41765909915618,7.279574006528283,0,0
2020-01-20T11:00:00Z,-7.530004882812477,0,194.6699981689453,62.857907708640866,7.0740158718126285,0,0
2020-01-20T12:00:00Z,-8.060003662109352,0,170.75,64.31076746865668,6.877972084990412,0,0
2020-01-20T13:00:00Z,-7.739996337890602,89.100006103515625,170.75,61.35489451244709,7.269449481623547,0,0
2020-01-20T14:00:00Z,-7.420019531249977,219.85601806640625,170.739990234375,58.48280469438758,7.666159263557784,0,0
2020-01-20T15:00:00Z,-7.100012207031227,355.42401123046875,178.55999755859375,55.71914141109817,8.074155962267596,0,0
2020-01-20T16:00:00Z,-6.060003662109352,446.9280090332031,178.52999877929688,52.26461490769672,7.8853849581794435,0,0
2020-01-20T17:00:00Z,-5.010015869140602,501.02001953125,178.5,48.99746859540723,7.694394120078043,0,0
2020-01-20T18:00:00Z,-3.9700073242187273,447.4110107421875,190.62998962402344,46.00474116455439,7.510825445943521,0,0
2020-01-20T19:00:00Z,-3.8800109863281023,369.8620300292969,190.6199951171875,46.73519080535995,6.947611034092182,0,0
2020-01-20T20:00:00Z,-3.7900146484374773,266.83001708984375,190.6199951171875,47.44582711131116,6.384645586729958,0,0
2020-01-20T21:00:00Z,-3.7000183105468523,88.28800201416016,188.75,48.154254851191986,5.818934565320281,0,0
2020-01-20T22:00:00Z,-4.310003662109352,0,188.7599945068359,51.544563400290414,5.0100696445429,0,0
2020-01-20T23:00:00Z,-4.910009765624977,0,188.77999877929688,55.108749640289204,4.207897175919608,0,0
2020-01-21T00:00:00Z,-5.510015869140602,0,177,58.93584028825364,3.4128139802321593,0,0
2020-01-21T01:00:00Z,-6.140020751953102,0,177.01998901367188,61.77311941908342,3.5661884541086146,0,0
2020-01-21T02:00:00Z,-6.769995117187477,0,177.02999877929688,64.7625587047261,3.72022835299814,0,0
2020-01-21T03:00:00Z,-7.399999999999977,0,173.63999938964844,67.91931567740397,3.8656693565149,0,0
2020-01-21T04:00:00Z,-7.750006103515602,0,173.64999389648438,70.58721375266774,3.725332060280078,0,0
2020-01-21T05:00:00Z,-8.100012207031227,0,173.64999389648438,73.35548046814253,3.5761011830566547,0,0
2020-01-21T06:00:00Z,-8.450018310546852,0,172.62998962402344,76.22893264888508,3.4271999021020374,0,0
2020-01-21T07:00:00Z,-8.709997558593727,0,172.63999938964844,77.3315045598989,3.17592502034896,0,0
2020-01-21T08:00:00Z,-8.980017089843727,0,172.64999389648438,78.49665414629905,2.925816115550771,0,0
2020-01-21T09:00:00Z,-9.239996337890602,0,172.20999145507813,79.61175193100105,2.691189339676574,0,0
2020-01-21T10:00:00Z,-9.429998779296852,0,172.22000122070313,80.26043378319827,2.7320687864155913,0,0
2020-01-21T11:00:00Z,-9.609991455078102,0,172.22000122070313,80.82030631501992,2.767995539652673,0,0
2020-01-21T12:00:00Z,-9.790014648437477,0,178.44000244140625,81.38635163753567,2.815759258308218,0,0
2020-01-21T13:00:00Z,-8.739996337890602,89.436004638671875,178.4099884033203,79.0315890136097,3.0782624920650665,0,0
2020-01-21T14:00:00Z,-7.690008544921852,218.4480133056641,178.37998962402344,76.58414212266148,3.336645037809297,0,0
2020-01-21T15:00:00Z,-6.640020751953102,345.21600341796875,191.5,74.06437136642322,3.595622374548402,0,0
2020-01-21T16:00:00Z,-5.570013427734352,433.87200927734375,191.47000122070313,69.86007491021633,3.6495478096258154,0,0
2020-01-21T17:00:00Z,-4.500006103515602,486.4720153808594,191.42999267578125,65.90995805659429,3.7138927328799514,0,0
2020-01-21T18:00:00Z,-3.4200195312499773,377.8910217285156,216.4199981689453,62.147872844978146,3.8064418538917715,0,0
2020-01-21T19:00:00Z,-3.1700195312499773,312.9020080566406,216.4199981689453,60.46510848408469,3.7190993266185126,0,0
2020-01-21T20:00:00Z,-2.9200195312499773,226.6020050048828,216.4099884033203,58.82921875610539,3.7320235649542433,0,0
2020-01-21T21:00:00Z,-2.6700195312499773,79.5040054321289,217.739990234375,57.232148415622376,3.8442684306662778,0,0
2020-01-21T22:00:00Z,-3.1900085449218523,0,217.75,60.6277457416453,3.311464942293551,0,0
2020-01-21T23:00:00Z,-3.7099975585937273,0,217.76998901367188,64.22207995761222,2.795299678630222,0,0
2020-01-22T00:00:00Z,-4.230017089843727,0,200.0800018310547,68.01915483453547,2.27771802116206,0,0
2020-01-22T01:00:00Z,-4.670019531249977,0,200.08999633789065,72.7716031839697,2.422663836957215,0,0
2020-01-22T02:00:00Z,-5.100012207031227,0,200.09999084472656,77.71675234391522,2.5625377598097154,0,0
2020-01-22T03:00:00Z,-5.540014648437477,0,212.3300018310547,82.98655426172134,2.722590536148215,0,0
2020-01-22T04:00:00Z,-5.739996337890602,0,212.33999633789065,83.8560724624192,2.1720036623381205,0,0
2020-01-22T05:00:00Z,-5.950018310546852,0,212.33999633789065,84.79628684839787,1.680148804125823,0,0
2020-01-22T06:00:00Z,-6.160009765624977,0,213.489990234375,85.75135313208958,1.3167384120622476,0,0
2020-01-22T07:00:00Z,-6.299993896484352,0,213.5,86.22341566977413,1.5071164543148141,0,0
2020-01-22T08:00:00Z,-6.440008544921852,0,213.5,86.70139683376424,1.7132716437408393,0,0
2020-01-22T09:00:00Z,-6.570013427734352,0,196.63999938964844,87.10943437216737,1.92210810368811,0,0
2020-01-22T10:00:00Z,-6.709997558593727,0,196.6499938964844,87.06674038543619,1.869358168041244,0,0
2020-01-22T11:00:00Z,-6.840002441406227,0,196.6499938964844,86.93710384318126,1.9293780952159403,0,0
2020-01-22T12:00:00Z,-6.970007324218727,0,197.989990234375,86.80984167056573,2.106110072211,0,0
2020-01-22T13:00:00Z,-5.609991455078102,89.6760025024414,197.94000244140625,87.27949645703359,2.365417516682575,0,0
2020-01-22T14:00:00Z,-4.239996337890602,216.75201416015625,197.88999938964844,86.82214633207548,2.692953654601905,0,0
2020-01-22T15:00:00Z,-2.8700012207031023,350.2720031738281,212.20999145507813,85.6923267525606,3.0819636308144363,0,0
2020-01-22T16:00:00Z,-1.6499999999999773,439.9840087890625,212.1699981689453,81.88607100402382,2.755884439113527,0,0
2020-01-22T17:00:00Z,-0.42999877929685226,493.3870239257813,212.12998962402344,78.15998649829746,2.4767921996829827,0,0
2020-01-22T18:00:00Z,0.7900024414062727,449.5750122070313,219.1699981689453,74.5234274033738,2.2522877532423466,0,0
2020-01-22T19:00:00Z,1.0700012207031477,372.8750305175781,219.1499938964844,76.75164892052362,2.1736603930860126,0,0
2020-01-22T20:00:00Z,1.3600402832031477,271.0500183105469,219.13999938964844,78.80340994283073,2.104400126400962,0,0
2020-01-22T21:00:00Z,1.6499877929687727,94.09600067138672,209.6699981689453,80.72858167178363,2.040220535117443,0,0
2020-01-22T22:00:00Z,0.5799804687500227,0,209.6999969482422,81.99797392168412,2.2610837054746233,0,0
2020-01-22T23:00:00Z,-0.48999633789060226,0,209.739990234375,82.99280222847943,2.6108427318858807,0,0
2020-01-23T00:00:00Z,-1.5600036621093523,0,200.1499938964844,83.64181182656448,3.0536862278235337,0,0
2020-01-23T01:00:00Z,-1.9299987792968523,0,200.1699981689453,82.7707758403962,3.0180952659117106,0,0
2020-01-23T02:00:00Z,-2.3100036621093523,0,200.17999267578125,81.85402905881259,2.9990831258306425,0,0
2020-01-23T03:00:00Z,-2.6799987792968523,0,206.2599945068359,80.74997533464312,2.9914710540965093,0,0
2020-01-23T04:00:00Z,-2.8700012207031023,0,206.26998901367188,80.53719306085179,2.8872130501586204,0,0
2020-01-23T05:00:00Z,-3.0600036621093523,0,206.26998901367188,80.28122368395924,2.798928230406761,0,0
2020-01-23T06:00:00Z,-3.2500061035156023,0,210.1499938964844,80.01444518310473,2.714424420916296,0,0
2020-01-23T07:00:00Z,-3.4299987792968523,0,210.1599884033203,79.3543636170368,2.728552660898935,0,0
2020-01-23T08:00:00Z,-3.6200012207031023,0,210.1599884033203,78.7048090321641,2.745359717686555,0,0
2020-01-23T09:00:00Z,-3.8100036621093523,0,211.8699951171875,78.0404557747303,2.780017948761637,0,0
2020-01-23T10:00:00Z,-3.8599914550781023,0,211.8699951171875,76.75225437169837,2.542616721093132,0,0
2020-01-23T11:00:00Z,-3.9200195312499773,0,211.87998962402344,75.5214353595668,2.375920796333752,0,0
2020-01-23T12:00:00Z,-3.9700073242187273,0,203.9499969482422,74.21160048868124,2.2865914125114766,0,0
2020-01-23T13:00:00Z,-2.4299987792968523,93.84400177001952,203.8999938964844,73.2857711138935,2.031772527395909,0,0
2020-01-23T14:00:00Z,-0.8800109863281023,224.4080047607422,203.84999084472656,71.71352859303678,1.816947944496933,0,0
2020-01-23T15:00:00Z,0.6599975585937727,351.20001220703125,220.29998779296875,69.75325955997874,1.6483021014250114,0,0
2020-01-23T16:00:00Z,1.9699951171875227,440.8960266113281,220.2599945068359,63.79973953394361,1.8707217618245318,0,0
2020-01-23T17:00:00Z,3.2900024414062727,494.4650268554687,220.22000122070313,58.37177456089671,2.2348600408822756,0,0
2020-01-23T18:00:00Z,4.609979248046898,447.4410095214844,230.75,53.446849962519465,2.678002836016169,0,0
2020-01-23T19:00:00Z,4.399987792968773,371.7020263671875,230.75,57.41840124605304,2.3890164361708113,0,0
2020-01-23T20:00:00Z,4.200006103515648,271.18402099609375,230.75,61.451717541550224,2.1102606007698728,0,0
2020-01-23T21:00:00Z,3.9999938964843977,114.32000732421876,236.6499938964844,65.58675911320864,1.8516209174489553,0,0
2020-01-23T22:00:00Z,2.9800048828125227,0,236.6899871826172,66.18469515068301,2.2260727743838196,0,0
2020-01-23T23:00:00Z,1.9500061035156477,0,236.72999572753903,66.56821621801774,2.7272146298416438,0,0
2020-01-24T00:00:00Z,0.9299865722656477,0,239.3999938964844,66.60665329932073,3.2921876903184466,0,0
2020-01-24T01:00:00Z,0.8500000000000227,0,239.3999938964844,65.67733948175021,2.8155460215678705,0,0
2020-01-24T02:00:00Z,0.7799926757812727,0,239.4099884033203,64.69189881732926,2.3461031020591343,0,0
2020-01-24T03:00:00Z,0.7000061035156477,0,245.01998901367188,63.74014289768616,1.8747266189657534,0,0
2020-01-24T04:00:00Z,0.5799804687500227,0,245.01998901367188,64.06887677086345,1.8665743416308875,0,0
2020-01-24T05:00:00Z,0.45000610351564774,0,245.02999877929688,64.46056802792052,1.8835338106242288,0,0
2020-01-24T06:00:00Z,0.32998046875002274,0,253,64.79773022981053,1.9162724501706248,0,0
2020-01-24T07:00:00Z,0.23998413085939774,0,253,65.52494510698385,1.8850197903077432,0,0
2020-01-24T08:00:00Z,0.14000854492189774,0,253,66.31017836977092,1.8836665596103246,0,0
2020-01-24T09:00:00Z,0.04998168945314774,0,248.8999938964844,67.05307935626335,1.9007892295208968,0,0
2020-01-24T10:00:00Z,0.019982910156272737,0,248.9099884033203,65.62435231408159,1.461095471397955,0,0
2020-01-24T11:00:00Z,-6.1035156022626325e-6,0,248.9099884033203,64.14622979860945,1.0580169651874314,0,0
2020-01-24T12:00:00Z,-0.030004882812477263,0,269.80999755859375,62.707959588135296,0.7499999684095383,0,0
2020-01-24T13:00:00Z,0.9599853515625227,68.13600158691406,269.7599792480469,63.98258941503514,0.48918299127316184,0,0
2020-01-24T14:00:00Z,1.9399963378906477,161.14401245117188,269.7099914550781,64.86719542999641,0.4410215389997221,0,0
2020-01-24T15:00:00Z,2.9299865722656477,298.8160095214844,258.0799865722656,65.31011508559335,0.6363175375041814,0,0
2020-01-24T16:00:00Z,3.6700073242187727,374.864013671875,258.04998779296875,62.99675694339822,1.2955693346699284,0,0
2020-01-24T17:00:00Z,4.409997558593773,420.4430236816406,258.0199890136719,60.76742264830754,2.118135934307909,0,0
2020-01-24T18:00:00Z,5.149987792968773,424.4640197753906,251.20999145507813,58.61664923758885,2.967187181132271,0,0
2020-01-24T19:00:00Z,4.989984130859398,353.16302490234375,251.20999145507813,62.06947254647878,2.7049583970570743,0,0
2020-01-24T20:00:00Z,4.829980468750023,258.60302734375,251.20999145507813,65.58475588229909,2.4512240337764832,0,0
2020-01-24T21:00:00Z,4.659997558593773,100.2560043334961,237.95999145507813,69.22826964950683,2.2189411567331447,0,0
2020-01-24T22:00:00Z,3.5199829101562727,0,238,71.89753796787656,2.488634138337024,0,0
2020-01-24T23:00:00Z,2.3699890136718977,0,238.0399932861328,74.63176024653049,2.8026414448096735,0,0
2020-01-25T00:00:00Z,1.2199951171875227,0,240.6199951171875,77.35963352482247,3.153569321191181,0,0
2020-01-25T01:00:00Z,0.9099975585937727,0,240.62998962402344,78.61844503410107,3.1705045477998928,0,0
2020-01-25T02:00:00Z,0.6000000000000227,0,240.63999938964844,79.89120070711887,3.2112614724133244,0,0
2020-01-25T03:00:00Z,0.29000244140627274,0,229,81.1865723994016,3.2644294966239356,0,0
2020-01-25T04:00:00Z,0.10997924804689774,0,229.0099945068359,83.56446416059977,3.2900607515629616,0,0
2020-01-25T05:00:00Z,-0.07001342773435226,0,229.0099945068359,85.99047524108782,3.317303064339471,0,0
2020-01-25T06:00:00Z,-0.26001586914060226,0,224.63999938964844,88.53265392284985,3.355145226208514,0,0
2020-01-25T07:00:00Z,-0.29999389648435226,0,224.62998962402344,90.17884797603853,3.8126237211508243,0,0
2020-01-25T08:00:00Z,-0.35001220703122726,0,224.62998962402344,91.89906564515587,4.265172667626363,0,0
2020-01-25T09:00:00Z,-0.39002075195310226,0,238.6999969482422,93.561460287158,4.731056983301204,0,0
2020-01-25T10:00:00Z,-0.14002075195310226,0,238.6899871826172,94.1729916224169,5.1166098626221705,0,0
2020-01-25T11:00:00Z,0.11998901367189774,0,238.67999267578125,94.65506402099946,5.506041906475336,0,0
2020-01-25T12:00:00Z,0.36998901367189774,0,274.5199890136719,95.1611499808426,5.908535835455409,0,0
2020-01-25T13:00:00Z,1.3599792480468977,79.73200225830078,274.47998046875,92.63299255902295,6.684497065274481,0,0
2020-01-25T14:00:00Z,2.3399902343750227,186.47201538085935,274.44000244140625,90.09441071385797,7.476021458953583,0,0
2020-01-25T15:00:00Z,3.3299804687500227,151.07200622558594,317.7799987792969,87.45267179885596,8.26154972023915,0.0038783998489379883,0
2020-01-25T16:00:00Z,3.6899963378906477,189.3920135498047,317.7599792480469,88.00647586158736,8.694969162241945,0.0039647998809814455,0
2020-01-25T17:00:00Z,4.040002441406273,212.42901611328125,317.739990234375,88.54575526588333,9.130591585222323,0.016195199489593505,0
2020-01-25T18:00:00Z,4.399987792968773,126.73900604248048,338.2799987792969,88.93964194389717,9.576747871998574,0.025377599716186524,0
2020-01-25T19:00:00Z,4.739984130859398,105.61700439453124,338.25,89.76877140989929,8.619721217017432,0.07006559944152832,0
2020-01-25T20:00:00Z,5.070001220703148,77.61000061035156,338.22998046875,90.57178975181516,7.820057569447976,0.08933759880065918,0
2020-01-25T21:00:00Z,5.399987792968773,40.928001403808594,340.0799865722656,91.2911240459638,7.215607747436894,0.1811615982055664,0
2020-01-25T22:00:00Z,5.100000000000023,0,340.1000061035156,91.99487013395496,5.780657181651779,0.08395199775695801,0
2020-01-25T23:00:00Z,4.810021972656273,0,340.1099853515625,92.62216966771548,4.3651917575170796,0.014611199855804443,0
2020-01-26T00:00:00Z,4.510003662109398,0,335.25,93.30912670028349,2.97692780509726,0.012403199672698975,0
2020-01-26T01:00:00Z,4.279992675781273,0,335.2599792480469,94.15298711562654,2.1130073186943523,0.00355679976940155,0
2020-01-26T02:00:00Z,4.049981689453148,0,335.2699890136719,94.99423924018215,2.1088858994118693,0,0
2020-01-26T03:00:00Z,3.8299804687500227,0,261.69000244140625,95.77581102988894,2.9689222503483137,0,0
2020-01-26T04:00:00Z,3.0700012207031477,0,261.7200012207031,96.24369498825166,3.0754836495128735,0,0
2020-01-26T05:00:00Z,2.3200012207031477,0,261.7599792480469,96.43867059539032,3.3535950438296074,0,0
2020-01-26T06:00:00Z,1.5599914550781477,0,234.33999633789065,96.454320204129,3.7604786833756627,0,0
2020-01-26T07:00:00Z,1.2999816894531477,0,234.36000061035156,95.71849984891844,3.6723015683308797,0,0
2020-01-26T08:00:00Z,1.0499816894531477,0,234.3699951171875,94.8549485061719,3.604233535601991,0,0
2020-01-26T09:00:00Z,0.7900024414062727,0,229.1699981689453,93.99893471340553,3.536961971844272,0,0
2020-01-26T10:00:00Z,0.5899902343750227,0,229.17999267578125,94.08609692193662,3.301060396098993,0,0
2020-01-26T11:00:00Z,0.39998779296877274,0,229.17999267578125,94.08244866572996,3.0801460241340943,0,0
2020-01-26T12:00:00Z,0.20998535156252274,0,271.69000244140625,94.06810509774951,2.86698437302678,0,0
2020-01-26T13:00:00Z,0.9699951171875227,44.000003814697266,271.6600036621094,92.31874078289736,3.3339765812412336,0,0
2020-01-26T14:00:00Z,1.7300048828125227,101.73600769042967,271.6199951171875,90.5117770945363,3.8313051121592108,0,0
2020-01-26T15:00:00Z,2.4899841308593977,185.5360107421875,290.8500061035156,88.6677251341765,4.351608598940921,0,0
2020-01-26T16:00:00Z,2.9999938964843977,232.4320068359375,290.8299865722656,85.05830085045393,4.993245199325048,0,0
2020-01-26T17:00:00Z,3.5100036621093977,260.7090148925781,290.80999755859375,81.60603137433144,5.641639659161446,0,0
2020-01-26T18:00:00Z,4.019982910156273,299.927001953125,285.0299987792969,78.30550534153807,6.306956159965221,0,0
2020-01-26T19:00:00Z,3.8699890136718977,250.3170166015625,285.0400085449219,78.36257596817329,6.041671830416699,0,0
2020-01-26T20:00:00Z,3.7199951171875227,184.59901428222656,285.04998779296875,78.4144579855105,5.782335265666698,0,0
2020-01-26T21:00:00Z,3.5700012207031477,92.32000732421876,275.8699951171875,78.4521477420104,5.526825316293288,0,0
2020-01-26T22:00:00Z,2.8699890136718977,0,275.8899841308594,81.44787377629152,5.2315293390034165,0,0
2020-01-26T23:00:00Z,2.1700073242187727,0,275.91998291015625,84.56728813878706,4.953160598453674,0,0
2020-01-27T00:00:00Z,1.4699951171875227,0,302.0899963378906,87.8105996066468,4.7004785555839455,0,0
2020-01-27T01:00:00Z,1.5400024414062727,0,302.0899963378906,87.69157522037025,4.595736936142163,0,0
2020-01-27T02:00:00Z,1.6199890136718977,0,302.0899963378906,87.50622307842875,4.508347725897549,0,0
2020-01-27T03:00:00Z,1.6899963378906477,0,303.6600036621094,87.37557905875386,4.429446746903937,0,0
2020-01-27T04:00:00Z,1.5599914550781477,0,303.6600036621094,88.33717930290602,4.48929815752092,0,0
2020-01-27T05:00:00Z,1.4200073242187727,0,303.66998291015625,89.38345566299773,4.544722048587423,0,0
2020-01-27T06:00:00Z,1.2799926757812727,0,286.1199951171875,90.43355237759667,4.605442417049432,0,0
2020-01-27T07:00:00Z,1.1299987792968977,0,286.1300048828125,90.97905564307227,4.7613861883330015,0,0
2020-01-27T08:00:00Z,0.9899841308593977,0,286.1300048828125,91.46166242723623,4.915221154717902,0,0
2020-01-27T09:00:00Z,0.8399902343750227,0,306.0199890136719,92.02214200627849,5.080678826468258,0,0
2020-01-27T10:00:00Z,0.9399963378906477,0,306.0199890136719,91.38510656290298,4.742847152948324,0,0
2020-01-27T11:00:00Z,1.0499816894531477,0,306.0099792480469,90.68038532486703,4.420644607597543,0,0
2020-01-27T12:00:00Z,1.1599975585937727,0,311.2799987792969,89.98872400902472,4.105459633068125,1.9199999514967202e-5,0
2020-01-27T13:00:00Z,1.6499877929687727,27.272001266479492,311.2599792480469,86.7622144760572,4.370926730840258,0,0
2020-01-27T14:00:00Z,2.1299987792968977,62.33600234985352,311.239990234375,83.71415089976158,4.636421099046255,0,0
2020-01-27T15:00:00Z,2.6199890136718977,108.4000015258789,309.0299987792969,80.73428442345705,4.901938467688568,0,0
2020-01-27T16:00:00Z,2.9099975585937727,135.6959991455078,309.0099792480469,79.27992382851356,4.747567899418303,0,0
2020-01-27T17:00:00Z,3.2000061035156477,152.2030029296875,309,77.86039535064451,4.630356038237672,0,0
2020-01-27T18:00:00Z,3.4800048828125227,128.88101196289065,311.5299987792969,76.5154057670093,4.5531744307765285,0,0
2020-01-27T19:00:00Z,3.2600036621093977,107.72300720214844,311.53997802734375,77.88600790989318,4.397328847305426,0,0
2020-01-27T20:00:00Z,3.0400024414062727,79.7280044555664,311.53997802734375,79.27267907065534,4.325609576298791,0,0
2020-01-27T21:00:00Z,2.8299804687500227,46.04800033569336,300.1999816894531,80.63937139596828,4.331708612841925,0,0
2020-01-27T22:00:00Z,2.3399902343750227,0,300.2200012207031,82.286191824719225,4.228297349077259,0,0
2020-01-27T23:00:00Z,1.8500000000000227,0,300.239990234375,83.95242745480634,4.126996448225541,0,0
2020-01-28T00:00:00Z,1.3599792480468977,0,296.1399841308594,85.65382872171377,4.037077981133798,0,0
2020-01-28T01:00:00Z,1.1700073242187727,0,296.1499938964844,84.87165699551596,3.985097169421334,0,0
2020-01-28T02:00:00Z,0.9699951171875227,0,296.1600036621094,84.11363379426885,3.9403172198265892,0,0
2020-01-28T03:00:00Z,0.7799926757812727,0,287.1600036621094,83.25585441802639,3.9026656112378437,0,0
2020-01-28T04:00:00Z,0.6400085449218977,0,287.16998291015625,83.83793546362423,3.8448016574881057,0,0
2020-01-28T05:00:00Z,0.49999389648439774,0,287.17999267578125,84.44194302817401,3.8041029963323436,0,0
2020-01-28T06:00:00Z,0.35997924804689774,0,272.5199890136719,85.03271361465099,3.7876113150073616,0,0
2020-01-28T07:00:00Z,0.26000366210939774,0,272.5199890136719,85.40679904044417,3.533893055403548,0,0
2020-01-28T08:00:00Z,0.15999755859377274,0,272.5299987792969,85.78552246096984,3.28161537911742,0,0
2020-01-28T09:00:00Z,0.04998168945314774,0,266.80999755859375,86.21489934022844,3.0282997579940507,0,0
2020-01-28T10:00:00Z,0.04000244140627274,0,266.80999755859375,86.06733016880112,2.942413865467883,0,0
2020-01-28T11:00:00Z,0.019982910156272737,0,266.80999755859375,85.97158109627618,2.9041348602727846,0,0
2020-01-28T12:00:00Z,-6.1035156022626325e-6,0,302.4499816894531,85.88284646592851,2.9138633569001477,0,0
2020-01-28T13:00:00Z,0.5199829101562727,49.05600357055664,302.42999267578125,82.65628711693661,3.7200134713431465,0,0
2020-01-28T14:00:00Z,1.0299926757812727,110.84000396728516,302.4100036621094,79.61340963792219,4.5413652729972815,0,0
2020-01-28T15:00:00Z,1.5499816894531477,192.7200164794922,297.6499938964844,76.64147220837391,5.349813008115495,0,0
2020-01-28T16:00:00Z,1.9599853515625227,241.0240173339844,297.6300048828125,74.536575262261,5.234424552186453,0,0
2020-01-28T17:00:00Z,2.3599792480468977,270.343017578125,297.6199951171875,72.55050493673724,5.1140981900572084,0,0
2020-01-28T18:00:00Z,2.7699829101562727,305.3970031738281,281.8899841308594,70.56460718625871,4.9992496733343295,0,0
2020-01-28T19:00:00Z,2.7199951171875227,255.6590118408203,281.8899841308594,69.98427639007876,5.006575727326839,0,0
2020-01-28T20:00:00Z,2.6799865722656477,189.8310089111328,281.8999938964844,69.34896249036055,5.049287030171082,0,0
2020-01-28T21:00:00Z,2.6400085449218977,70.8800048828125,273.6399841308594,68.70862605179994,5.106476142236672,0,0
2020-01-28T22:00:00Z,2.0100036621093977,0,273.66998291015625,71.05396701637872,4.518517364275259,0,0
2020-01-28T23:00:00Z,1.3799987792968977,0,273.69000244140625,73.4846099201419,3.916439518949882,0,0
2020-01-29T00:00:00Z,0.7499938964843977,0,268.92999267578125,75.99805247403894,3.3284831713009924,0,0
2020-01-29T01:00:00Z,0.39000854492189774,0,268.94000244140625,77.79924580787598,3.826042269077907,0,0
2020-01-29T02:00:00Z,0.029992675781272737,0,268.9499816894531,79.64889649436451,4.3377988119839,0,0
2020-01-29T03:00:00Z,-0.34000244140622726,0,252.95999145507813,81.61038176747911,4.860329069056478,0,0
2020-01-29T04:00:00Z,-0.5700134277343523,0,252.97000122070313,82.60260919930346,4.351367503713549,0,0
2020-01-29T05:00:00Z,-0.7999938964843523,0,252.97999572753903,83.59325050808675,3.832831715501036,0,0
2020-01-29T06:00:00Z,-1.0300048828124773,0,231.62998962402344,84.61246460134488,3.3336166226568094,0,0
2020-01-29T07:00:00Z,-1.3400024414062273,0,231.6499938964844,85.28428134898688,3.2980145562239924,0,0
2020-01-29T08:00:00Z,-1.6400207519531023,0,231.6599884033203,85.87945826437135,3.2624224487821594,0,0
2020-01-29T09:00:00Z,-1.9500183105468523,0,214.9499969482422,86.51412026293909,3.2400771674927262,0,0
2020-01-29T10:00:00Z,-2.1300109863281023,0,214.9499969482422,85.67169343774273,3.307234439381575,0,0
2020-01-29T11:00:00Z,-2.2999938964843523,0,214.95999145507813,84.7057013927399,3.3776025337083966,0,0
2020-01-29T12:00:00Z,-2.4700073242187273,0,199.0500030517578,83.71141462225047,3.457759335350071,0,0
2020-01-29T13:00:00Z,-2.0300048828124773,106.91600799560548,199.0399932861328,80.66169483713287,4.0984873868499925,0,0
2020-01-29T14:00:00Z,-1.6000122070312273,238.7440185546875,199.02999877929688,77.79725654221227,4.7403056743903935,0,0
2020-01-29T15:00:00Z,-1.1600097656249773,378.0320129394531,206.13999938964844,74.97455695327194,5.38282445589684,0,0
2020-01-29T16:00:00Z,-0.35999145507810226,472.3680114746094,206.1199951171875,70.03925887390558,5.352382520859022,0,0
2020-01-29T17:00:00Z,0.42998657226564774,529.78302001953125,206.09999084472656,65.49043356325551,5.328648817697701,0,0
2020-01-29T18:00:00Z,1.2300048828125227,474.9020080566406,216.9099884033203,61.20742111735396,5.315072724696206,0,0
2020-01-29T19:00:00Z,1.3999877929687727,398.1290283203125,216.9099884033203,60.037454123855746,5.258373942855676,0,0
2020-01-29T20:00:00Z,1.5700012207031477,296.6230163574219,216.8999938964844,58.903657361537036,5.215639945601346,0,0
2020-01-29T21:00:00Z,1.7399841308593977,115.64800262451172,209.72000122070313,57.77364071972581,5.191078987014476,0,0
2020-01-29T22:00:00Z,0.6599975585937727,1.312000036239624,209.75,62.46104519487069,4.537245758374144,0,0
2020-01-29T23:00:00Z,-0.42001953124997726,0,209.77999877929688,67.57783201123738,3.914715752063074,0,0
2020-01-30T00:00:00Z,-1.5100158691406023,0,188.87998962402344,73.22179549429464,3.3254322450807696,0,0
2020-01-30T01:00:00Z,-2.0100158691406023,0,188.88999938964844,74.01526028594985,3.182655951716097,0,0
2020-01-30T02:00:00Z,-2.5000061035156023,0,188.9099884033203,74.72696310072998,3.050803125272272,0,0
2020-01-30T03:00:00Z,-3.0000061035156023,0,184.87998962402344,75.44621656082671,2.921591878921386,0,0
2020-01-30T04:00:00Z,-3.2600158691406023,0,184.88999938964844,75.53436620281416,2.8345192832351422,0,0
2020-01-30T05:00:00Z,-3.5300048828124773,0,184.8999938964844,75.66600183708928,2.750454507840836,0,0
2020-01-30T06:00:00Z,-3.7999938964843523,0,182.9199981689453,75.76266631811389,2.670673910100885,0,0
2020-01-30T07:00:00Z,-4.030004882812477,0,182.92999267578125,75.35346005159491,2.931381754969316,0,0
2020-01-30T08:00:00Z,-4.260015869140602,0,182.94000244140625,74.90693413547308,3.1898117355470483,0,0
2020-01-30T09:00:00Z,-4.489996337890602,0,183.26998901367188,74.42211069316218,3.4631775487669527,0,0
2020-01-30T10:00:00Z,-4.769995117187477,0,183.27999877929688,73.95144456826105,3.6428148430486798,0,0
2020-01-30T11:00:00Z,-5.040014648437477,0,183.2899932861328,73.37250895718134,3.915418186738863,0,0
2020-01-30T12:00:00Z,-5.320013427734352,0,181.36000061035156,72.79501925414937,4.256994152471011,0,0
2020-01-30T13:00:00Z,-4.620001220703102,112.29600524902344,181.34999084472656,67.47654672355559,3.7867135809345047,0,0
2020-01-30T14:00:00Z,-3.9299987792968523,247.82400512695313,181.3300018310547,62.57198563102578,3.3205118882142095,0,0
2020-01-30T15:00:00Z,-3.2300170898437273,384.9120178222656,193.80999755859375,57.965375744086614,2.8555910048253224,0,0
2020-01-30T16:00:00Z,-1.9700073242187273,480.5120239257813,193.77999877929688,51.727797853249335,2.0491949578553617,0,0
2020-01-30T17:00:00Z,-0.7000183105468523,538.86004638671875,193.75,46.158884761965794,1.2568610926673915,0,0
2020-01-30T18:00:00Z,0.5700012207031477,488.7980346679687,206.6199951171875,41.204331262043986,0.6008327478925346,0,0
2020-01-30T19:00:00Z,0.9599853515625227,410.3780212402344,206.61000061035156,38.59910101933978,0.17204650236142596,0,0
2020-01-30T20:00:00Z,1.3399902343750227,306.7510070800781,206.59999084472656,36.13952828385415,0.8969392124808534,0,0
2020-01-30T21:00:00Z,1.7300048828125227,134.4320068359375,210.6499938964844,33.75477054289104,1.646481019612399,0,0
2020-01-30T22:00:00Z,0.8299804687500227,4.464000225067139,210.6699981689453,37.25313048658947,1.8514858566710284,0,0
2020-01-30T23:00:00Z,-0.07001342773435226,0,210.6999969482422,41.09109961862821,2.0541178050532967,0,0
2020-01-31T00:00:00Z,-0.9700073242187273,0,218.45999145507813,45.30526803075375,2.2716072758654002,0,0
2020-01-31T01:00:00Z,-1.2600158691406023,0,218.45999145507813,50.07268553505905,2.300804239890711,0,0
2020-01-31T02:00:00Z,-1.5499938964843523,0,218.45999145507813,55.02974559092703,2.3542301652924893,0,0
2020-01-31T03:00:00Z,-1.8299926757812273,0,225.34999084472656,60.14492904984081,2.4446063643363187,0,0
2020-01-31T04:00:00Z,-1.8500122070312273,0,225.34999084472656,62.184993123524656,2.373204480202308,0,0
2020-01-31T05:00:00Z,-1.8800109863281023,0,225.34999084472656,64.26603127786316,2.3736048166191446,0,0
2020-01-31T06:00:00Z,-1.8999999999999773,0,228.2899932861328,66.30452244568004,2.44204833869049,0,0
2020-01-31T07:00:00Z,-2.0900024414062273,0,228.2899932861328,69.49842597213014,2.4294236711043413,0,0
2020-01-31T08:00:00Z,-2.2699951171874773,0,228.2899932861328,72.71395095679907,2.430164534528239,0,0
2020-01-31T09:00:00Z,-2.4599975585937273,0,208.30999755859375,76.05096788860084,2.4268909495279307,0,0
2020-01-31T10:00:00Z,-2.6600097656249773,0,208.30999755859375,77.80627673516504,2.438954556390189,0,0
2020-01-31T11:00:00Z,-2.8700012207031023,0,208.3199920654297,79.65596811431004,2.4662927605488725,0,0
2020-01-31T12:00:00Z,-3.0700134277343523,0,230.72000122070313,81.47624718203716,2.50503482227145,0,0
2020-01-31T13:00:00Z,-1.9200195312499773,92.9520034790039,230.67999267578125,78.57897246074991,2.491906785688093,0,0
2020-01-31T14:00:00Z,-0.7800048828124773,202.7360076904297,230.63999938964844,75.70256468579872,2.4698379576962597,0,0
2020-01-31T15:00:00Z,0.36998901367189774,250.59201049804688,283.47998046875,72.78852533679901,2.457824140808517,0,0
2020-01-31T16:00:00Z,1.2399841308593977,312.54400634765625,283.4499816894531,70.8593170721433,2.639109654133479,0,0
2020-01-31T17:00:00Z,2.1199890136718977,350.44403076171875,283.4100036621094,68.8703146596988,2.825774224704724,0,0
2020-01-31T18:00:00Z,2.9900451660156477,320.70001220703125,299.97998046875,66.92518350985722,3.012407724526374,0,0
2020-01-31T19:00:00Z,3.2099853515625227,269.61102294921875,299.9700012207031,68.31463052561737,2.8853075131910657,0,0
2020-01-31T20:00:00Z,3.4200073242187727,202.1820068359375,299.9599914550781,69.68472981208258,2.7762564608890767,0,0
2020-01-31T21:00:00Z,3.6400085449218977,96.751007080078125,294.5099792480469,70.95835152097298,2.6636815103160028,0,0
2020-01-31T22:00:00Z,2.8699890136718977,5.264000415802002,294.5299987792969,76.48059804544592,2.6084668871457097,0,0
2020-01-31T23:00:00Z,2.1099792480468977,0,294.55999755859375,82.36110304708298,2.589092479681879,0,0
2020-02-01T00:00:00Z,1.3399902343750227,0,284.2599792480469,88.76371955892904,2.6288590868320028,0,0
2020-02-01T01:00:00Z,1.1000000000000227,0,284.2699890136719,90.13531009935127,2.396330454534859,0,0
2020-02-01T02:00:00Z,0.8599792480468977,0,284.2799987792969,91.52357945159447,2.180733667849309,0,0
2020-02-01T03:00:00Z,0.6199890136718977,0,278.19000244140625,92.93285035144555,2.009999990463257,8.880000114440918e-4,0
2020-02-01T04:00:00Z,0.49999389648439774,0,278.19000244140625,92.99643377407472,1.4716656519230051,0,0
2020-02-01T05:00:00Z,0.39000854492189774,0,278.1999816894531,92.97732738910847,1.417779935311892,0,0
2020-02-01T06:00:00Z,0.27999267578127274,0,259.0099792480469,92.95314501371931,1.900236803496003,0,0
2020-02-01T07:00:00Z,0.15999755859377274,0,259.0199890136719,93.68424044202524,1.4400346598147218,0,0
2020-02-01T08:00:00Z,0.04000244140627274,0,259.0199890136719,94.41912626053433,0.9700515140271496,0,0
2020-02-01T09:00:00Z,-0.07999267578122726,0,257.1999816894531,95.1606425689581,0.5108815814181296,0,0
2020-02-01T10:00:00Z,-0.07999267578122726,0,257.1999816894531,94.95931546113421,0.6155485181983837,0,0
2020-02-01T11:00:00Z,-0.07001342773435226,0,257.1999816894531,94.67876407595735,0.9666436636807694,0,0
2020-02-01T12:00:00Z,-0.06000366210935226,0,311.8800048828125,94.39856100871744,1.3824614903879355,0,0
2020-02-01T13:00:00Z,0.9200073242187727,47.952003479003906,311.8299865722656,91.09264339769226,1.0941663141799638,0,0
2020-02-01T14:00:00Z,1.8999877929687727,103.3600082397461,311.78997802734375,87.83264483966583,0.823468276518209,0,0
2020-02-01T15:00:00Z,2.8799987792968977,184.4480133056641,304.2099914550781,84.64084816792851,0.5640035387327225,0,0
2020-02-01T16:00:00Z,3.4599853515625227,233.968017578125,304.19000244140625,81.77692211423961,0.39204590135656964,0,0
2020-02-01T17:00:00Z,4.049981689453148,248.2360076904297,304.1600036621094,78.96480855052444,0.5813776692288363,0,0
2020-02-01T18:00:00Z,4.640008544921898,240.8020172119141,311.03997802734375,76.25142763930562,0.9349331204571719,0,0
2020-02-01T19:00:00Z,4.659997558593773,199.72500610351565,311.03997802734375,77.03757911996533,1.1225417543559446,0,0
2020-02-01T20:00:00Z,4.679986572265648,143.91900634765625,311.03997802734375,77.82388074964832,1.3078225447292928,0,0
2020-02-01T21:00:00Z,4.700006103515648,80.50700378417969,313.17999267578125,78.59882182050555,1.4969635609846874,0,0
2020-02-01T22:00:00Z,4.010003662109398,6.016000270843506,313.2099914550781,81.80878779177367,1.8292347508694602,0,0
2020-02-01T23:00:00Z,3.3299804687500227,0,313.239990234375,85.10445565118933,2.1535551191777467,0,0
2020-02-02T00:00:00Z,2.6499877929687727,0,292.6199951171875,88.55030407830796,2.487810257545422,0,0
2020-02-02T01:00:00Z,2.2900024414062727,0,292.6399841308594,90.01984402457248,2.2242302051138,0,0
2020-02-02T02:00:00Z,1.9399963378906477,0,292.6600036621094,91.44462581218879,2.092008564186619,0,0
2020-02-02T03:00:00Z,1.5899902343750227,0,281.5400085449219,92.88641177135301,2.130187790656117,0,0
2020-02-02T04:00:00Z,1.4099975585937727,0,281.5400085449219,93.09801755256795,2.1148285035569185,0,0
2020-02-02T05:00:00Z,1.2300048828125227,0,281.54998779296875,93.30423483584958,2.225241596692484,0,0
2020-02-02T06:00:00Z,1.0400024414062727,0,268.94000244140625,93.56905802371352,2.4476110078226543,0,0
2020-02-02T07:00:00Z,0.8799987792968977,0,268.9499816894531,93.99271605589448,2.3749736625315303,0,0
2020-02-02T08:00:00Z,0.7099853515625227,0,268.9599914550781,94.48673490752468,2.302694122009224,0,0
2020-02-02T09:00:00Z,0.5499816894531477,0,289.6600036621094,94.90575817296194,2.2404016110670733,0,0
2020-02-02T10:00:00Z,0.46999511718752274,0,289.6600036621094,94.90865158867226,2.1953813811495486,0,0
2020-02-02T11:00:00Z,0.37999877929689774,0,289.66998291015625,94.97509384970694,2.1684324809377955,0,0
2020-02-02T12:00:00Z,0.29998168945314774,0,302.92999267578125,94.97736971233907,2.149325341540921,0,0
2020-02-02T13:00:00Z,0.7099853515625227,40.87200164794922,302.91998291015625,90.95739637381924,2.0905979146956275,0,0
2020-02-02T14:00:00Z,1.1199890136718977,87.06400299072266,302.8999938964844,87.10416929909498,2.073306491084944,0,0
2020-02-02T15:00:00Z,1.5299926757812727,182.40000915527344,300.3399963378906,83.41114426647914,2.0796393898573102,0,0
2020-02-02T16:00:00Z,2.1400085449218977,231.13601684570313,300.30999755859375,80.96252471547508,2.8552406869303404,0,0
2020-02-02T17:00:00Z,2.7499938964843977,245.18801879882813,300.2799987792969,78.59145131009862,3.6715117605198455,0,0
2020-02-02T18:00:00Z,3.3500000000000227,281.2080078125,303.5199890136719,76.33958153811957,4.499788761945404,0,0
2020-02-02T19:00:00Z,3.4500061035156477,233.5520172119141,303.5199890136719,75.38412270957944,4.076529121119732,0,0
2020-02-02T20:00:00Z,3.5400024414062727,168.81201171875,303.5099792480469,74.48976641772433,3.6656501899896563,0,0
2020-02-02T21:00:00Z,3.6299987792968977,36.928001403808594,311.75,73.60910235621441,3.2512457465584395,0,0
2020-02-02T22:00:00Z,2.9700256347656477,3.4720001220703125,311.7699890136719,78.37826422682005,3.094155673577628,0.0024479999542236326,0
2020-02-02T23:00:00Z,2.3099914550781477,0,311.78997802734375,83.46033964193164,2.952219406929473,0.004924800038337707,0
2020-02-03T00:00:00Z,1.6400390625000227,0,311.97998046875,88.93969373015008,2.8503507516253896,0,0
2020-02-03T01:00:00Z,1.6499877929687727,0,311.97998046875,88.38889723412333,2.4041629548818255,0,0
2020-02-03T02:00:00Z,1.6499877929687727,0,311.97998046875,87.90407209809199,1.9597192707020041,0,0
2020-02-03T03:00:00Z,1.6599975585937727,0,314.44000244140625,87.35548576381466,1.5174319905779252,0,0
2020-02-03T04:00:00Z,1.5899902343750227,0,314.44000244140625,89.20448271242407,1.628895304383751,0.002040000021457672,0
2020-02-03T05:00:00Z,1.5199829101562727,0,314.44000244140625,91.06913199316206,1.7910890019984593,0,0
2020-02-03T06:00:00Z,1.4500061035156477,0,313.8399963378906,92.95347156551806,1.9832296130951286,0,0
2020-02-03T07:00:00Z,1.5299926757812727,0,313.8299865722656,92.97116692731221,2.8060826389133764,0,0
2020-02-03T08:00:00Z,1.6199890136718977,0,313.8299865722656,92.91671107326098,3.752998800601699,0,0
2020-02-03T09:00:00Z,1.7000061035156477,0,298.6000061035156,92.92490933983677,4.738142902464738,0,0
2020-02-03T10:00:00Z,1.8500000000000227,0,298.6000061035156,90.83608881599373,5.4134092890830106,0,0
2020-02-03T11:00:00Z,1.9899841308593977,0,298.5899963378906,88.84041270837767,6.183922472958859,0,0
2020-02-03T12:00:00Z,2.1400085449218977,0,272.5,86.81065313043075,7.012938073440084,0,0
2020-02-03T13:00:00Z,3.1400085449218977,108.44800567626952,272.4700012207031,81.11257019630725,6.572183631430405,0,0
2020-02-03T14:00:00Z,4.149987792968773,228.31201171875,272.42999267578125,75.77383508647608,6.166311447715862,0,0
2020-02-03T15:00:00Z,5.149987792968773,390.416015625,243.63999938964844,70.87940357888142,5.808200786444649,0,0
2020-02-03T16:00:00Z,5.829980468750023,494.2240295410156,243.61000061035156,68.72345814883666,5.317461741264531,0,0
2020-02-03T17:00:00Z,6.510003662109398,524.177001953125,243.58999633789065,66.63865644914016,5.267409037875994,0,0
2020-02-03T18:00:00Z,7.189996337890648,495.1690368652344,250.6199951171875,64.61036692803745,5.679656542120393,0,0
2020-02-03T19:00:00Z,7.209985351562523,411.79400634765625,250.6199951171875,65.19278741843225,5.547332674587106,0,0
2020-02-03T20:00:00Z,7.239984130859398,298.57501220703125,250.6199951171875,65.73040444340624,5.4163088001842485,0,0
2020-02-03T21:00:00Z,7.269982910156273,115.16800689697266,258.739990234375,66.26613493980565,5.298499748577535,0,0
2020-02-03T22:00:00Z,6.089990234375023,13.02400016784668,258.7799987792969,70.36151367460178,4.590479201850899,0,0
2020-02-03T23:00:00Z,4.899987792968773,0,258.8299865722656,74.78265025921773,3.893173388555373,0,0
2020-02-04T00:00:00Z,3.7199951171875227,0,248.739990234375,79.4379118271577,3.197076617351973,0,0
2020-02-04T01:00:00Z,3.7099853515625227,0,248.739990234375,79.01394711469617,2.72244379222005,0,0
2020-02-04T02:00:00Z,3.7099853515625227,0,248.75,78.53765278617881,2.247220514309869,0,0
2020-02-04T03:00:00Z,3.7000061035156477,0,251.27999877929688,78.11484014634195,1.7734147660230895,0,0
2020-02-04T04:00:00Z,3.6499877929687727,0,251.27999877929688,78.44854537170117,0.8395236658250371,0,0
2020-02-04T05:00:00Z,3.5899902343750227,0,251.27999877929688,78.83719034509507,0.28178005387220617,0,0
2020-02-04T06:00:00Z,3.5400024414062727,0,255.02999877929688,79.1736493167892,1.1264101520438494,0,0
2020-02-04T07:00:00Z,3.3200012207031477,0,255.0399932861328,81.43567836890516,1.5160804666650622,0,0
2020-02-04T08:00:00Z,3.1000000000000227,0,255.0399932861328,83.75898235431002,2.4030396088706416,0,0
2020-02-04T09:00:00Z,2.8900085449218977,0,267.7799987792969,86.07438292939524,3.423740482268351,0,0
2020-02-04T10:00:00Z,2.9099975585937727,0,267.7799987792969,87.24095527930102,3.2849505556789533,0,0
2020-02-04T11:00:00Z,2.9299865722656477,0,267.7799987792969,88.401437452004,3.224484435381821,0,0
2020-02-04T12:00:00Z,2.9599853515625227,0,299.1099853515625,89.4914806039277,3.252199200377939,0,0
2020-02-04T13:00:00Z,4.769982910156273,102.19200134277344,299.0299987792969,83.11160961631545,3.45463448002855,0,0
2020-02-04T14:00:00Z,6.589990234375023,212.64801025390625,298.9499816894531,77.06057439342952,3.765912855284671,0,0
2020-02-04T15:00:00Z,8.399987792968773,276.54400634765625,329.4499816894531,71.43564812152502,4.154912760354643,0,0
2020-02-04T16:00:00Z,9.230004882812523,349.6960144042969,329.3999938964844,71.53227939144305,4.09068444721573,0,0
2020-02-04T17:00:00Z,10.049981689453148,370.801025390625,329.3599853515625,71.47021453323975,4.227256850745852,0,0
2020-02-04T18:00:00Z,10.869989013671898,290.8740234375,346.239990234375,71.225434048233,4.559879097710855,0,0
2020-02-04T19:00:00Z,10.640008544921898,242.19900512695313,346.25,71.34380132938047,4.473533384446058,0,0
2020-02-04T20:00:00Z,10.409997558593773,176.135009765625,346.2599792480469,71.45424586573925,4.479397306965549,0,0
2020-02-04T21:00:00Z,10.179986572265648,74.88200378417969,329.4499816894531,71.54834740202016,4.585302287467161,0,0
2020-02-04T22:00:00Z,8.850000000000023,9.824000358581545,329.5199890136719,74.13621957141807,4.007056223999191,0,0
2020-02-04T23:00:00Z,7.529992675781273,0,329.5799865722656,76.58730522759247,3.52863997103759,0,0
2020-02-05T00:00:00Z,6.209985351562523,0,337.0299987792969,78.89838503219323,3.180000012775638,0,0
2020-02-05T01:00:00Z,5.929986572265648,0,337.03997802734375,79.66293986894878,2.898499426364766,0,0
2020-02-05T02:00:00Z,5.659997558593773,0,337.04998779296875,80.36778037155905,2.610153145188536,0,0
2020-02-05T03:00:00Z,5.390008544921898,0,336.1099853515625,81.07844568786,2.3262201089183847,0,0
2020-02-05T04:00:00Z,5.070001220703148,0,336.1300048828125,80.4516433675075,2.499539823103076,7.391999959945678e-4,0
2020-02-05T05:00:00Z,4.749993896484398,0,336.1499938964844,79.76353547535209,2.6817344104878815,3.024000003933905e-4,0
2020-02-05T06:00:00Z,4.429986572265648,0,330.9599914550781,79.00101275381596,2.8845276056755047,4.704000055789946e-4,0
2020-02-05T07:00:00Z,4.200006103515648,0,330.97998046875,78.37419148555172,3.2077717505169443,8.255999386310577e-4,0
2020-02-05T08:00:00Z,3.9800048828125227,0,330.989990234375,77.65948768342503,3.606937700214788,4.992000013589858e-4,0
2020-02-05T09:00:00Z,3.7600036621093977,0,323.72998046875,76.89606419642602,4.056525320719227,4.3199998140335064e-4,0
2020-02-05T10:00:00Z,3.3500000000000227,0,323.7599792480469,76.25197584721609,4.068734160818756,0,0
2020-02-05T11:00:00Z,2.9399963378906477,0,323.7799987792969,75.49389547905695,4.078627182575376,0,0
2020-02-05T12:00:00Z,2.5299926757812727,0,316.8899841308594,74.62645284752064,4.0938121357868775,0,0
2020-02-05T13:00:00Z,2.2399841308593977,34.112003326416016,316.91998291015625,70.66549752362025,4.721493534051795,0,0
2020-02-05T14:00:00Z,1.9500061035156477,70.1520004272461,316.94000244140625,66.48522068884293,5.35770476892918,0,0
2020-02-05T15:00:00Z,1.6499877929687727,187.0880126953125,305.55999755859375,62.12983054124081,5.99581518764105,0,0
2020-02-05T16:00:00Z,1.9899841308593977,236.30401611328125,305.54998779296875,57.68711440744985,5.738379330746639,0,0
2020-02-05T17:00:00Z,2.3200012207031477,250.5170135498047,305.53997802734375,53.471263589651436,5.473947180885503,0,0
2020-02-05T18:00:00Z,2.6499877929687727,368.5790100097656,284.17999267578125,49.42723303322181,5.218620582483488,0,0
2020-02-05T19:00:00Z,2.5799804687500227,307.2900085449219,284.17999267578125,49.84669958891822,4.667601099170841,0,0
2020-02-05T20:00:00Z,2.5100036621093977,224.11801147460935,284.17999267578125,50.2717853419866,4.1423903354064135,0,0
2020-02-05T21:00:00Z,2.4399963378906477,123.87000274658205,286.8800048828125,50.70870843574435,3.636715446731265,0,0
2020-02-05T22:00:00Z,1.9299865722656477,18.400001525878903,286.8999938964844,52.79090655559726,3.1400157900120647,0,0
2020-02-05T23:00:00Z,1.4200073242187727,0,286.91998291015625,54.963576941877456,2.699481277670099,0,0
2020-02-06T00:00:00Z,0.8999877929687727,0,273.0400085449219,57.273031856941095,2.375394740177174,0,0
2020-02-06T01:00:00Z,0.7999816894531477,0,273.0400085449219,57.576388155579814,2.0372530499916595,0,0
2020-02-06T02:00:00Z,0.7000061035156477,0,273.04998779296875,57.86893925019112,2.0315757314699727,0,0
2020-02-06T03:00:00Z,0.5899902343750227,0,316.30999755859375,58.21297019204831,2.370759257577439,0,0
2020-02-06T04:00:00Z,0.45998535156252274,0,316.29998779296875,65.45496031785927,2.9624987853486395,0,0
2020-02-06T05:00:00Z,0.32998046875002274,0,316.28997802734375,72.8277448945406,3.6282916196534734,0,0
2020-02-06T06:00:00Z,0.20000610351564774,0,317.1499938964844,80.3166115660836,4.330415672047158,0.014822399139404297,0
2020-02-06T07:00:00Z,0.18999633789064774,0,317.1399841308594,85.34888116382413,4.303765635022993,0.04271999931335449,0
2020-02-06T08:00:00Z,0.17000732421877274,0,317.1300048828125,90.43598535640648,4.277066726055256,0.04617599773406983,0
2020-02-06T09:00:00Z,0.15999755859377274,0,321.16998291015625,95.4618747378943,4.272107101039962,0.03298560047149658,0
2020-02-06T10:00:00Z,0.5299926757812727,0,321.1499938964844,95.67183884203267,3.962953296088741,0.021004799365997313,0
2020-02-06T11:00:00Z,0.8999877929687727,0,321.1300048828125,95.80770213178475,3.735465058248188,0.022127999782562257,0
2020-02-06T12:00:00Z,1.2699829101562727,0,326.55999755859375,95.86285868687642,3.6051351393145756,0.010492799520492552,0
2020-02-06T13:00:00Z,1.5499816894531477,46.89600372314453,326.54998779296875,94.47842338202297,3.313396990781267,0,0
2020-02-06T14:00:00Z,1.8399902343750227,95.3520050048828,326.5299987792969,93.04087638831582,3.030263986280813,0.0017471998929977418,0
2020-02-06T15:00:00Z,2.1199890136718977,164.0800018310547,331.78997802734375,91.69411083774855,2.7596014196011596,0,0
2020-02-06T16:00:00Z,2.6799865722656477,207.0080108642578,331.7599792480469,90.43527560328312,2.5312644774788224,0,0
2020-02-06T17:00:00Z,3.2499938964843977,219.3830108642578,331.72998046875,89.08452330327827,2.34437618921708,0,0
2020-02-06T18:00:00Z,3.8099914550781477,209.91700744628903,339.91998291015625,87.77293715548542,2.207305962198679,0,0
2020-02-06T19:00:00Z,4.049981689453148,175.22000122070313,339.8999938964844,87.47069979448277,1.5373352669180316,0,0
2020-02-06T20:00:00Z,4.299981689453148,128.15200805664065,339.8899841308594,87.08665862427846,0.861220038685966,0,0
2020-02-06T21:00:00Z,4.549981689453148,62.936004638671875,344.6099853515625,86.69316628457209,0.2213594300859774,0,0
2020-02-06T22:00:00Z,4.149987792968773,10.40000057220459,344.6199951171875,89.13505351595313,0.7553806982592457,0.008399999856948852,0
2020-02-06T23:00:00Z,3.7600036621093977,0,344.6399841308594,91.59101434568325,1.2856126656633728,0.027475198745727545,0
2020-02-07T00:00:00Z,3.3599792480468977,0,343.1300048828125,94.17889642271425,1.8253766069418886,0.015225600242614747,0
2020-02-07T01:00:00Z,3.2399841308593977,0,343.1399841308594,94.68681822515518,1.7702541999497208,0,0
2020-02-07T02:00:00Z,3.1099792480468977,0,343.1399841308594,95.26102078837104,1.7426990742065964,0,0
2020-02-07T03:00:00Z,2.9800048828125227,0,341.8899841308594,95.83670774159168,1.722440077371932,0,0
2020-02-07T04:00:00Z,3.0799804687500227,0,341.8899841308594,96.4925668358494,1.7299999715275847,0.004195199847221375,0
2020-02-07T05:00:00Z,3.1799865722656477,0,341.8800048828125,97.1333694708983,1.7400287359703912,0.006604799509048462,0
2020-02-07T06:00:00Z,3.2900024414062727,0,342.03997802734375,97.68853297253484,1.7709883349749078,0.0019487999081611634,0
2020-02-07T07:00:00Z,3.4699951171875227,0,342.0299987792969,97.35790692762255,2.0847061658231483,0.010127999782562257,0
2020-02-07T08:00:00Z,3.6599975585937727,0,342.0199890136719,96.94536270204465,2.6256045869044224,0.011639999628067015,0
2020-02-07T09:00:00Z,3.8399902343750227,0,345.739990234375,96.601776103209545,3.278810613321352,0.06814080047607422,0
2020-02-07T10:00:00Z,3.7999816894531477,0,345.739990234375,96.22329641795267,2.77395018492555,0.008006399631500244,0
2020-02-07T11:00:00Z,3.7499938964843977,0,345.739990234375,95.91098975440677,2.6552965758785487,0,0
2020-02-07T12:00:00Z,3.7000061035156477,0,347.07000732421875,95.58729687665648,2.971346339002774,5.7599997147917515e-5,0
2020-02-07T13:00:00Z,4.379998779296898,40.39200210571289,347.0299987792969,94.25717468021094,3.1631786442737666,0.010655999422073363,0
2020-02-07T14:00:00Z,5.049981689453148,81.19200134277344,347,92.91853360971874,3.483518188245658,0.03147359848022461,0
2020-02-07T15:00:00Z,5.719995117187523,71.61600494384766,347.0099792480469,91.51072771928084,3.90083306854015,0.039312000274658206,0
2020-02-07T16:00:00Z,5.859979248046898,90.2560043334961,347,92.40428758647691,2.722590724534215,0.024691200256347655,0
2020-02-07T17:00:00Z,5.999993896484398,95.61500549316406,346.989990234375,93.26325445069031,4.534423808828256,0.014208000183105468,0
2020-02-07T18:00:00Z,6.140008544921898,149.14401245117188,319.7099914550781,94.08804280519125,7.406159266229144,0.050630395889282226,0
2020-02-07T19:00:00Z,4.640008544921898,124.65200805664064,319.79998779296875,90.1134832908164,8.353059509049155,0.0052319998741149915,0
2020-02-07T20:00:00Z,3.1299987792968977,91.4280014038086,319.8899841308594,84.16301787256043,9.807099694944206,0,0
2020-02-07T21:00:00Z,1.6199890136718977,109.42100524902344,262.489990234375,75.69098737759445,11.588463622006856,0,0
2020-02-07T22:00:00Z,0.5100036621093977,19.856000900268555,262.5400085449219,75.93966558051177,11.08152084180534,3.983999937772749e-4,0
2020-02-07T23:00:00Z,-0.6099914550781023,0,262.5899963378906,75.73877388674838,10.587374753109877,0,0
2020-02-08T00:00:00Z,-1.7200073242187273,0,249.36000061035156,74.8785069060804,10.093963691381584,0,0
2020-02-08T01:00:00Z,-2.0900024414062273,0,249.37998962402344,71.73148459893302,9.863229561629726,0,0
2020-02-08T02:00:00Z,-2.4599975585937273,0,249.3999938964844,68.3411978113984,9.730169376102685,0,0
2020-02-08T03:00:00Z,-2.8299926757812273,0,247.4099884033203,64.67240496839155,9.68865803952132,0,0
2020-02-08T04:00:00Z,-3.0199951171874773,0,247.4199981689453,62.60282921897646,9.10214235197739,0,0
2020-02-08T05:00:00Z,-3.2200073242187273,0,247.42999267578125,60.50011138011599,8.534189815047204,0,0
2020-02-08T06:00:00Z,-3.4100097656249773,0,227.80999755859375,58.276828327023885,7.978182623900543,0,0
2020-02-08T07:00:00Z,-3.5799926757812273,0,227.80999755859375,59.435639539850364,7.723794433075769,0,0
2020-02-08T08:00:00Z,-3.7500061035156023,0,227.8199920654297,60.62744788291456,7.481991363530612,0,0
2020-02-08T09:00:00Z,-3.9200195312499773,0,206.7899932861328,61.838772629715,7.254033156591851,0,0
2020-02-08T10:00:00Z,-4.019995117187477,0,206.79998779296875,61.9748363840529,7.061338027632319,0,0
2020-02-08T11:00:00Z,-4.109991455078102,0,206.79998779296875,62.07259506328704,6.8900652668564915,0,0
2020-02-08T12:00:00Z,-4.200018310546852,0,224.36000061035156,62.16003185298581,6.7319091471595,0,0
2020-02-08T13:00:00Z,-3.5100158691406023,112.63600158691406,224.33999633789065,59.41468892107512,6.852481274723604,0,0
2020-02-08T14:00:00Z,-2.8100036621093523,223.84800720214844,224.3199920654297,56.772430833372944,6.9856566410418095,0,0
2020-02-08T15:00:00Z,-2.1099914550781023,238.62400817871097,256.8500061035156,54.26542760195512,7.128379723151404,0,0
2020-02-08T16:00:00Z,-1.6600097656249773,300.3330078125,256.8299865722656,53.74979048286607,6.760177320251113,0,0
2020-02-08T17:00:00Z,-1.2099975585937273,318.1130065917969,256.80999755859375,53.226812759861176,6.471305686168767,0,0
2020-02-08T18:00:00Z,-0.7500061035156023,305.78900146484375,268.2699890136719,52.64504427615544,6.272734421705114,0,0
2020-02-08T19:00:00Z,-0.44000854492185226,255.8450164794922,268.2599792480469,51.9351184651485,5.593362082071993,0,0
2020-02-08T20:00:00Z,-0.13001098632810226,188.17201232910156,268.25,51.2444213727055,4.903243709748839,0,0
2020-02-08T21:00:00Z,0.17998657226564774,81.14300537109375,280.7599792480469,50.55395112605256,4.224653883847613,0,0
2020-02-08T22:00:00Z,-0.09000244140622726,15.984001159667969,280.7599792480469,57.614812078831875,3.4996142839290245,0,0
2020-02-08T23:00:00Z,-0.35001220703122726,0,280.7599792480469,64.902449541573,2.7779488641044403,0,0.00172079998254776
2020-02-09T00:00:00Z,-0.6200012207031023,0,295.57000732421875,72.49799384793279,2.060388255688764,0,0
2020-02-09T01:00:00Z,-0.7600158691406023,0,295.5799865722656,70.84791499287766,1.638841049358685,0,0
2020-02-09T02:00:00Z,-0.8900207519531023,0,295.5899963378906,69.10555815847793,1.2587294485768838,0,0
2020-02-09T03:00:00Z,-1.0300048828124773,0,293.3500061035156,67.37034094998054,0.970051513931142,0,0
2020-02-09T04:00:00Z,-0.9299987792968523,0,293.3399963378906,67.48648895995494,0.4609772067020659,0,0
2020-02-09T05:00:00Z,-0.8400024414062273,0,293.3399963378906,67.65974482893094,0.21633306859278942,0,0
2020-02-09T06:00:00Z,-0.7399963378906023,0,297.6199951171875,67.77335506292134,0.6609840908538231,0,0
2020-02-09T07:00:00Z,-0.9299987792968523,0,297.6300048828125,69.09038112576867,0.9398404016601585,0,0
2020-02-09T08:00:00Z,-1.1099914550781023,0,297.6300048828125,70.37007126154641,1.234382432862128,0,0
2020-02-09T09:00:00Z,-1.2999938964843523,0,297.8899841308594,71.72558155938441,1.5356105528335504,0,0
2020-02-09T10:00:00Z,-1.2699951171874773,0,297.8899841308594,72.56652121543216,1.4892279641123838,0,0
2020-02-09T11:00:00Z,-1.2399963378906023,0,297.8899841308594,73.41236980488979,1.504160820358766,0,0
2020-02-09T12:00:00Z,-1.2000183105468523,0,301.53997802734375,74.18917532710793,1.5786702871095193,0,0
2020-02-09T13:00:00Z,-0.7999938964843523,48.544002532958984,301.5199890136719,72.42212103286292,2.052754182572264,0,0
2020-02-09T14:00:00Z,-0.39002075195310226,95.4000015258789,301.5,70.65333094677825,2.517955517456243,0,0
2020-02-09T15:00:00Z,0.019982910156272737,151.34400939941406,306.94000244140625,68.93879555304588,2.9875071928185144,0,0
2020-02-09T16:00:00Z,0.6499877929687727,190.2550048828125,306.8999938964844,69.48939141453108,3.570770232941,0,0
2020-02-09T17:00:00Z,1.2699829101562727,201.44500732421875,306.8699951171875,69.91493443988635,4.306692180426345,0,0
2020-02-09T18:00:00Z,1.8999877929687727,254.15301513671875,307.9499816894531,70.12542412020647,5.1299901387378295,0,0
2020-02-09T19:00:00Z,2.2699829101562727,212.87501525878903,307.92999267578125,70.71227636679465,5.143150651563927,0,0
2020-02-09T20:00:00Z,2.6499877929687727,156.98500061035156,307.9100036621094,71.17995305483886,5.160242089766232,0,0
2020-02-09T21:00:00Z,3.0299926757812727,94.04100799560548,309.3500061035156,71.57168765922155,5.180781622582715,0,0
2020-02-09T22:00:00Z,2.4899841308593977,19.93600082397461,309.3699951171875,76.35496727255148,4.88082996182473,0,0
2020-02-09T23:00:00Z,1.9500061035156477,0,309.3899841308594,81.4158072488738,4.5979339939903605,0,0
2020-02-10T00:00:00Z,1.4099975585937727,0,304.2799987792969,86.7623844642643,4.314591481584081,0,0
2020-02-10T01:00:00Z,1.3799987792968977,0,304.2799987792969,86.82676137945225,4.752178219788491,0,0
2020-02-10T02:00:00Z,1.3399902343750227,0,304.2799987792969,86.95122155769795,5.204651574873474,0,0
2020-02-10T03:00:00Z,1.3099914550781477,0,305.6000061035156,87.01845518527425,5.650716863987667,0,0
2020-02-10T04:00:00Z,1.4599853515625227,0,305.5899963378906,87.40359531497407,6.5367653335984945,2.879999857395864e-5,0
2020-02-10T05:00:00Z,1.6199890136718977,0,305.5799865722656,87.69916017973951,7.557909568114384,0.0033983999490737916,0
2020-02-10T06:00:00Z,1.7699829101562727,0,313.5799865722656,88.04692623018458,8.682315188582027,0.009695999622344971,0
2020-02-10T07:00:00Z,1.8900085449218977,0,313.57000732421875,88.50948184743193,8.640844639933137,0.023654399871826173,0
2020-02-10T08:00:00Z,2.0199829101562727,0,313.55999755859375,88.88896230347885,8.598278400605288,0.009907199621200562,0
2020-02-10T09:00:00Z,2.1400085449218977,0,320.47998046875,89.31569509561565,8.565838578988917,0.01190399980545044,0
2020-02-10T10:00:00Z,2.3500000000000227,0,320.4700012207031,90.22559765296849,8.722528354580104,0.01701119899749756,0
2020-02-10T11:00:00Z,2.5599914550781477,0,320.4499816894531,91.08772405650504,8.897696300097923,0.0256127986907959,0
2020-02-10T12:00:00Z,2.7699829101562727,0,324.3699951171875,91.90563104173621,9.078221078828452,0.008659199953079226,0
2020-02-10T13:00:00Z,3.1599975585937727,46.48800277709961,324.3500061035156,91.07966518789087,8.608977658499251,0.007295999765396118,0
2020-02-10T14:00:00Z,3.5499816894531477,90.3520050048828,324.3299865722656,90.24744004979436,8.162799462332513,0.01313279914855957,0
2020-02-10T15:00:00Z,3.9399963378906477,130.8000030517578,333.8999938964844,89.3869243986837,7.749193390740249,0.02369279909133911,0
2020-02-10T16:00:00Z,4.390008544921898,164.22201538085938,333.8800048828125,87.22301660405148,7.2187599909989935,0.012815999507904052,0
2020-02-10T17:00:00Z,4.850000000000023,173.80801391601565,333.8599853515625,85.0605972407504,6.800889738188881,0,0
2020-02-10T18:00:00Z,5.299981689453148,166.80300903320313,339.3299865722656,83.01475745863435,6.5016917072522356,0,0
2020-02-10T19:00:00Z,5.329980468750023,139.85800170898438,339.32000732421875,83.78463085580626,5.707888991425282,0,0
2020-02-10T20:00:00Z,5.359979248046898,103.41100311279295,339.32000732421875,84.55034210943224,4.914956575281403,1.9199999514967202e-5,0
2020-02-10T21:00:00Z,5.390008544921898,57.95000457763672,329.25,85.31359765160258,4.12339669339022,0,0
2020-02-10T22:00:00Z,4.809991455078148,13.120000839233398,329.2799987792969,87.92668816380812,3.7394785270660975,0.006479999542236328,0
2020-02-10T23:00:00Z,4.239984130859398,0,329.29998779296875,90.56431103951697,3.370771309881224,0,0
2020-02-11T00:00:00Z,3.6599975585937727,0,287.0799865722656,93.35223959548874,3.0412002552274373,0,0
2020-02-11T01:00:00Z,3.3099914550781477,0,287.0899963378906,93.60132740942768,2.6910591483138386,0,0
2020-02-11T02:00:00Z,2.9599853515625227,0,287.1099853515625,93.8029139791253,2.3678259114498226,0,0
2020-02-11T03:00:00Z,2.6099792480468977,0,269.72998046875,93.96805827152174,2.059999942779541,0,0
2020-02-11T04:00:00Z,2.6700073242187727,0,269.7200012207031,94.31561124133394,1.2159357726399325,0,0
2020-02-11T05:00:00Z,2.7300048828125227,0,269.7200012207031,94.65856059287889,0.4410215425052096,0,0
2020-02-11T06:00:00Z,2.7900024414062727,0,323.3299865722656,94.99744298192138,0.5999999821186066,0,0
2020-02-11T07:00:00Z,2.8500000000000227,0,323.32000732421875,95.29776497334417,1.1136426227197302,0.0027839999198913568,0
2020-02-11T08:00:00Z,2.9099975585937727,0,323.32000732421875,95.59568975052501,1.6428329015738152,0,0
2020-02-11T09:00:00Z,2.9699951171875227,0,328.5799865722656,95.87889129604692,2.1653867950774432,0,0
2020-02-11T10:00:00Z,3.0100036621093977,0,328.5799865722656,95.96283790474614,1.7489710571965276,0,0
2020-02-11T11:00:00Z,3.0499816894531477,0,328.57000732421875,96.04304717249856,1.3395894389905765,0,0
2020-02-11T12:00:00Z,3.0899902343750227,0,336.07000732421875,96.12855976903285,0.9464142767137703,0,0
2020-02-11T13:00:00Z,3.6199890136718977,62.400001525878906,336.03997802734375,93.14068387866247,0.845990550291096,0,0
2020-02-11T14:00:00Z,4.159997558593773,119.9600067138672,336.0199890136719,90.19097838127325,0.8945389727896274,8.687999546527863e-4,0
2020-02-11T15:00:00Z,4.689996337890648,214.8000030517578,333.6999816894531,87.4118440859013,1.0673330867537918,0.0018527998924255371,0
2020-02-11T16:00:00Z,5.140008544921898,269.33001708984375,333.67999267578125,85.61011613225361,0.7990619466076286,0,0
2020-02-11T17:00:00Z,5.589990234375023,284.97802734375,333.6600036621094,83.83221468756483,0.8956003424211064,0.0012096000015735626,0
2020-02-11T18:00:00Z,6.049981689453148,177.14401245117188,326.53997802734375,82.0465270003687,1.2720063123471406,0.0051647998094558716,0
2020-02-11T19:00:00Z,5.790032958984398,148.69100952148438,326.54998779296875,81.90013628051322,1.4103191282935221,0.003619199752807617,0
2020-02-11T20:00:00Z,5.529992675781273,110.21700286865234,326.55999755859375,81.72767971711612,1.6056151421624085,9.503999948501587e-4,0
2020-02-11T21:00:00Z,5.270043945312523,81.2540054321289,312.0899963378906,81.52532503097693,1.8398369667916277,0,0
2020-02-11T22:00:00Z,4.650018310546898,19.536001205444336,312.1099853515625,84.23824926060232,2.1720036623381205,0,0
2020-02-11T23:00:00Z,4.040002441406273,0,312.1399841308594,86.9859460318737,2.5564428577747926,0,0
2020-02-12T00:00:00Z,3.4200073242187727,0,317.4100036621094,89.89606669968349,2.9729446654753393,0,0
2020-02-12T01:00:00Z,3.2499938964843977,0,317.41998291015625,89.03846860461623,3.6694684470546246,0,0
2020-02-12T02:00:00Z,3.0899902343750227,0,317.42999267578125,88.08452135477705,4.374528370749438,0,0
2020-02-12T03:00:00Z,2.9200073242187727,0,290.989990234375,87.1663424970925,5.08956759180588,0,0
2020-02-12T04:00:00Z,2.3599792480468977,0,291.0299987792969,84.20350319410218,5.7877456968814744,0,0
2020-02-12T05:00:00Z,1.7900024414062727,0,291.05999755859375,80.9092908423877,6.505397533361822,0,0
2020-02-12T06:00:00Z,1.2199951171875227,0,217.08999633789065,77.19534271845998,7.251882209475076,0,0
2020-02-12T07:00:00Z,0.6599975585937727,0,217.11000061035156,77.4018491804181,7.0817652807673825,0,0
2020-02-12T08:00:00Z,0.10000000000002274,0,217.12998962402344,77.49178234445841,6.932026929248888,0,0
2020-02-12T09:00:00Z,-0.45999755859372726,0,216.63999938964844,77.46737282517991,6.812260856672686,0,0
2020-02-12T10:00:00Z,-0.6200012207031023,0,216.63999938964844,77.87685585335558,5.8472727796256105,0,0
2020-02-12T11:00:00Z,-0.7800048828124773,0,216.6499938964844,78.27455312181914,4.886235688940734,0,0
2020-02-12T12:00:00Z,-0.9400085449218523,0,212.12998962402344,78.67014825640804,3.932047786818091,0,0
2020-02-12T13:00:00Z,-0.17001953124997726,154.864013671875,212.11000061035156,73.08277270003431,4.329214640087522,0,0
2020-02-12T14:00:00Z,0.5899902343750227,294.52001953125,212.08999633789065,67.94076520728375,4.801135332882972,0,0
2020-02-12T15:00:00Z,1.3500000000000227,435.280029296875,217.1999969482422,63.170365314301065,5.338408029885029,0,0
2020-02-12T16:00:00Z,2.0299926757812727,545.10302734375,217.1699981689453,61.83979705617359,3.5084468467875367,0,0
2020-02-12T17:00:00Z,2.7099853515625227,576.531005859375,217.1499938964844,60.507997788333185,1.864537384923321,0,0
2020-02-12T18:00:00Z,3.3900085449218977,530.927001953125,237.9499969482422,59.18051437889763,1.388416362209176,0,0
2020-02-12T19:00:00Z,3.9699951171875227,446.1360168457031,237.92999267578125,59.00065297003845,2.3330880554527855,0,0
2020-02-12T20:00:00Z,4.540002441406273,331.4990234375,237.8999938964844,58.79573691923818,3.3283178919811425,0,0
2020-02-12T21:00:00Z,5.109979248046898,178.1890106201172,263.3500061035156,58.52459453281596,4.329457079634008,0,0
2020-02-12T22:00:00Z,4.119989013671898,45.21600341796875,263.3800048828125,63.87295804251742,3.8661866430079606,0,0
2020-02-12T23:00:00Z,3.1299987792968977,0,263.4100036621094,69.73169362839643,3.417557495180497,0,0
2020-02-13T00:00:00Z,2.1299987792968977,0,311.22998046875,76.20385832737024,3.001482894866515,0,0
2020-02-13T01:00:00Z,2.2900024414062727,0,311.2200012207031,75.65721344382675,3.7518261495571745,8.639999851584432e-5,0
2020-02-13T02:00:00Z,2.4500061035156477,0,311.2099914550781,75.12442397799896,4.5001885558255275,0.0028416000008583075,0
2020-02-13T03:00:00Z,2.6099792480468977,0,321.69000244140625,74.58698871452042,5.258174488737514,0.003206399917602539,0
2020-02-13T04:00:00Z,2.5599914550781477,0,321.69000244140625,79.1218430170231,5.585713769003101,0.010492799520492552,0
2020-02-13T05:00:00Z,2.5100036621093977,0,321.67999267578125,83.67734579146561,5.913408289623889,0.040991998672485354,0
2020-02-13T06:00:00Z,2.4599853515625227,0,322.489990234375,88.25319932551503,6.2412335980713864,0.03761759948730468,0
2020-02-13T07:00:00Z,2.4999938964843977,0,322.47998046875,91.47682412755557,4.7958834192487165,0.06983040046691895,0
2020-02-13T08:00:00Z,2.5299926757812727,0,322.47998046875,94.7364435170105,3.463697484312486,0.0880319995880127,0
2020-02-13T09:00:00Z,2.5700012207031477,0,329.8299865722656,97.90063566669174,2.406345614626755,0.055852798461914065,0
2020-02-13T10:00:00Z,2.7099853515625227,0,329.82000732421875,97.46514918298247,2.2053116927348833,0.049459196090698244,0
2020-02-13T11:00:00Z,2.8500000000000227,0,329.80999755859375,97.02965943868517,2.011889662462543,0.014755199432373047,0
2020-02-13T12:00:00Z,2.9899841308593977,0,334.0299987792969,96.58712749404405,1.8194504505527491,0.016838398933410645,0
2020-02-13T13:00:00Z,3.5599914550781477,66.07200622558594,334,94.28220995180698,1.5781317401402144,0.0016127999424934388,0
2020-02-13T14:00:00Z,4.129998779296898,124.32000732421876,333.9700012207031,92.02267283061231,2.0896889336000504,0.0013247999846935272,0
2020-02-13T15:00:00Z,4.700006103515648,182.01600646972656,339.6000061035156,89.80338097419585,2.995463222669489,0.0015983998775482178,0
2020-02-13T16:00:00Z,5.290002441406273,227.6320037841797,339.57000732421875,89.22954708308404,3.76107696373516,0.001977600038051605,0
2020-02-13T17:00:00Z,5.890008544921898,240.6640167236328,339.5299987792969,88.49590586203048,4.532239911443728,0.00462720000743866,0
2020-02-13T18:00:00Z,6.489984130859398,264.46002197265625,329.0799865722656,87.69780567971229,5.3112899156248,0.0020351999402046204,0
2020-02-13T19:00:00Z,6.529992675781273,222.43600463867188,329.0799865722656,85.76578131373245,5.431841106543881,8.159999549388886e-4,0
2020-02-13T20:00:00Z,6.579980468750023,165.6790008544922,329.0799865722656,83.778329550358,5.763445169730943,0,0
2020-02-13T21:00:00Z,6.619989013671898,135.18099975585938,309.16998291015625,81.86606497614834,6.269226180162213,0,0
2020-02-13T22:00:00Z,5.709985351562523,36.04800033569336,309.2200012207031,82.22427856839057,5.812271164522128,0,0
2020-02-13T23:00:00Z,4.799981689453148,0,309.2599792480469,82.29309349566495,5.647264880976457,0,0
2020-02-14T00:00:00Z,3.8900085449218977,0,307.7099914550781,82.02981065356346,5.79918085118002,0,0
2020-02-14T01:00:00Z,2.7999816894531477,0,307.7599792480469,83.8268622980244,5.805385121130892,0,0
2020-02-14T02:00:00Z,1.7099853515625227,0,307.80999755859375,85.41089311120528,5.822318978253481,0,0
2020-02-14T03:00:00Z,0.6199890136718977,0,255.8300018310547,86.73115022260684,5.850298994851684,0,0
2020-02-14T04:00:00Z,0.010003662109397737,0,255.86000061035156,85.56731590029503,5.43948515089596,0,0
2020-02-14T05:00:00Z,-0.5900024414062273,0,255.88999938964844,84.06216764988847,5.034778960564947,0,0
2020-02-14T06:00:00Z,-1.1900085449218523,0,226.58999633789065,82.25749531824619,4.663142665987562,0,0
2020-02-14T07:00:00Z,-1.6200012207031023,0,226.61000061035156,81.12694332494088,4.883287722577471,0,0
2020-02-14T08:00:00Z,-2.0400146484374773,0,226.62998962402344,79.76585854678608,5.112376993989321,0,0
2020-02-14T09:00:00Z,-2.4700073242187273,0,202.5099945068359,78.28489069928644,5.335259872460283,0,0
2020-02-14T10:00:00Z,-3.1200012207031023,0,202.52999877929688,77.01662264875006,5.635645502329628,0,0
2020-02-14T11:00:00Z,-3.7699951171874773,0,202.55999755859375,75.44072678074048,5.943483562093434,0,0
2020-02-14T12:00:00Z,-4.429998779296852,1.8940000534057615,191.19000244140625,73.56893954453999,6.257675240562691,0,0
2020-02-14T13:00:00Z,-4.290014648437477,161.0800018310547,191.19000244140625,67.08635117561353,6.9951555472824385,0,0
2020-02-14T14:00:00Z,-4.160009765624977,299.9520263671875,191.19000244140625,60.769150177997176,7.727315243030619,0,0
2020-02-14T15:00:00Z,-4.019995117187477,442.08001708984375,194.11000061035156,54.508487801996125,8.46041373149787,0,0
2020-02-14T16:00:00Z,-4.130010986328102,552.17303466796875,194.1199951171875,52.1786628474443,8.388712257410633,0,0
2020-02-14T17:00:00Z,-4.239996337890602,583.5250244140625,194.12998962402344,49.80177408907634,8.329423438516939,0,0
2020-02-14T18:00:00Z,-4.350012207031227,555.62200927734375,194.34999084472656,47.38134167959843,8.298011767887719,0,0
2020-02-14T19:00:00Z,-4.750006103515602,467.79302978515625,194.36000061035156,47.200209201455905,7.799948557708518,0,0
2020-02-14T20:00:00Z,-5.160009765624977,349.2650146484375,194.37998962402344,46.99264293321638,7.334609460581718,0,0
2020-02-14T21:00:00Z,-5.570013427734352,176.10800170898438,203.3199920654297,46.725731255205524,6.928563876569284,0,0
2020-02-14T22:00:00Z,-6.269995117187477,49.16800308227539,203.33999633789065,47.23633527804857,6.451573409688664,0,0
2020-02-14T23:00:00Z,-6.970007324218727,0,203.36000061035156,47.666653196071216,5.978042813587132,0,0
2020-02-15T00:00:00Z,-7.670019531249977,0,160.22999572753906,47.994307192952405,5.5088653421672475,0,0
2020-02-15T01:00:00Z,-8.590002441406227,0,160.25,53.59567828015352,5.648406904082318,0,0
2020-02-15T02:00:00Z,-9.500006103515602,0,160.25999450683594,59.78181715712988,5.794833816452743,0,0
2020-02-15T03:00:00Z,-10.420019531249977,0,155.69000244140625,66.6543669551127,5.942457143302452,0,0
2020-02-15T04:00:00Z,-10.829992675781227,0,155.6999969482422,68.70620455699735,5.044055620787556,0,0
2020-02-15T05:00:00Z,-11.250006103515602,0,155.70999145507813,70.89268969204123,4.198487716300671,0,0
2020-02-15T06:00:00Z,-11.660009765624977,0,158.3000030517578,73.09165229740158,3.4197367445948696,0,0
2020-02-15T07:00:00Z,-11.899999999999977,0,158.3000030517578,74.91604869056096,3.0537844043469162,0,0
2020-02-15T08:00:00Z,-12.140020751953102,0,158.30999755859375,76.76024477945965,2.7079512870603653,0,0
2020-02-15T09:00:00Z,-12.380010986328102,0,160.239990234375,78.67873607044402,2.3879907535556875,0,0
2020-02-15T10:00:00Z,-12.540014648437477,0,160.25,79.12502046463305,1.5148926859639373,0,0
2020-02-15T11:00:00Z,-12.690008544921852,0,160.25,79.53462629256488,0.6530696515080464,0,0
2020-02-15T12:00:00Z,-12.850012207031227,5.822000503540039,152.30999755859375,79.98709691071898,0.266833271688448,0,0
2020-02-15T13:00:00Z,-11.590002441406227,173.20001220703125,152.26998901367188,74.0750043943226,0.458039292232569,0,0
2020-02-15T14:00:00Z,-10.329992675781227,319.21600341796875,152.239990234375,68.66996298122046,0.6788224947662201,0,0
2020-02-15T15:00:00Z,-9.070013427734352,471.39202880859375,166.5500030517578,63.64801777207377,0.9013878063021683,0,0
2020-02-15T16:00:00Z,-7.540014648437477,588.0050048828125,166.50999450683594,63.44874625947417,2.417705416231536,0,0
2020-02-15T17:00:00Z,-6.000006103515602,621.10601806640625,166.45999145507813,62.49398319009341,3.949645510327409,0,0
2020-02-15T18:00:00Z,-4.459997558593727,587.09100341796875,181.0500030517578,61.01816998150265,5.476421880403981,0,0
2020-02-15T19:00:00Z,-3.6099914550781023,494.75103759765625,181.0399932861328,50.19058384448236,5.982641411659074,0,0
2020-02-15T20:00:00Z,-2.7500061035156023,370.239013671875,181.02999877929688,40.46099877199551,6.5520225249492485,0,0
2020-02-15T21:00:00Z,-1.8999999999999773,205.16200256347656,194.09999084472656,31.812961870776576,7.149636047623663,0,0
2020-02-15T22:00:00Z,-2.4299987792968523,59.74400329589844,194.1199951171875,33.73577729253653,6.971398704985222,0,0
2020-02-15T23:00:00Z,-2.9599975585937273,0,194.12998962402344,35.763796875044655,6.79627111471298,0,0
2020-02-16T00:00:00Z,-3.4899963378906023,0,199.19000244140625,37.9061568453803,6.636821421913398,0,0
2020-02-16T01:00:00Z,-4.019995117187477,0,199.19000244140625,47.84551290919139,6.8075910568871905,0,0
2020-02-16T02:00:00Z,-4.549993896484352,0,199.19000244140625,58.55880614453709,7.021288970409904,0,0
2020-02-16T03:00:00Z,-5.090002441406227,0,212.6599884033203,70.12082297420638,7.281895159123038,0,0
2020-02-16T04:00:00Z,-4.959997558593727,0,212.6499938964844,72.17918251153418,7.607798582893596,0,0
2020-02-16T05:00:00Z,-4.840002441406227,0,212.63999938964844,74.24158909021399,7.963999999323668,0,0
2020-02-16T06:00:00Z,-4.709997558593727,0,246.27999877929688,76.22004230064402,8.339124485505264,0,0
2020-02-16T07:00:00Z,-4.410009765624977,0,246.2599945068359,78.16035479228677,8.21326346338524,0,0
2020-02-16T08:00:00Z,-4.109991455078102,0,246.239990234375,79.98405710769862,8.096276499010049,0,0
2020-02-16T09:00:00Z,-3.7999938964843523,0,304.94000244140625,81.62722468380053,7.96648575078837,0,0
2020-02-16T10:00:00Z,-3.3800109863281023,0,304.91998291015625,82.597120370398315,7.3263152232356035,0,0
2020-02-16T11:00:00Z,-2.9599975585937273,0,304.8899841308594,83.42524180683507,6.672158502620512,0,0
2020-02-16T12:00:00Z,-2.5400146484374773,7.1610002517700195,273.3899841308594,84.14018584335963,6.032055908026246,0,0
2020-02-16T13:00:00Z,-1.5000061035156023,130.46400451660156,273.3399963378906,81.2357638184948,5.834654960335236,0,0
2020-02-16T14:00:00Z,-0.45999755859372726,238.03201293945313,273.29998779296875,78.353798155857,5.642632051020476,0,0
2020-02-16T15:00:00Z,0.5899902343750227,374.0480041503906,260.5,75.42504941259463,5.453604002473175,0,0
2020-02-16T16:00:00Z,1.6499877929687727,465.9660339355469,260.4599914550781,72.16988913074506,5.528697835291058,0,0
2020-02-16T17:00:00Z,2.7199951171875227,491.9630126953125,260.41998291015625,68.96953077622803,5.602008475582219,0,0
2020-02-16T18:00:00Z,3.7900024414062727,332.24700927734375,289.2699890136719,65.88723754026029,5.686000031289114,0,0
2020-02-16T19:00:00Z,3.8599792480468977,280.24200439453125,289.2599792480469,67.75794241824161,5.032891745596287,0,0
2020-02-16T20:00:00Z,3.9399963378906477,210.18600463867188,289.25,69.56364726957042,4.413456531233242,0,0
2020-02-16T21:00:00Z,4.010003662109398,132.38999938964844,278.5400085449219,71.39568462871163,3.836000439359424,0,0
2020-02-16T22:00:00Z,3.1400085449218977,40.09600067138672,278.57000732421875,75.37683641612735,3.6863123922413528,0,0
2020-02-16T23:00:00Z,2.2699829101562727,0,278.6099853515625,79.60304888983576,3.535774330463809,0,0
2020-02-17T00:00:00Z,1.4099975585937727,0,251.72000122070313,84.04392464430752,3.39425967609718,0,0
2020-02-17T01:00:00Z,1.0499816894531477,0,251.739990234375,83.4253331238399,3.3590027990065483,0,0
2020-02-17T02:00:00Z,0.7000061035156477,0,251.75,82.64961241326043,3.3664816778996896,0,0
2020-02-17T03:00:00Z,0.35000000000002274,0,230.739990234375,81.78884731246853,3.38923286626742,0,0
2020-02-17T04:00:00Z,0.23998413085939774,0,230.739990234375,82.26886185316827,3.167601575735702,0,0
2020-02-17T05:00:00Z,0.11998901367189774,0,230.75,82.8193673488988,3.0166372068838903,0,0
2020-02-17T06:00:00Z,0.010003662109397737,0,218.44000244140625,83.31372191272551,2.931381754969316,0,0
2020-02-17T07:00:00Z,-0.23001708984372726,0,218.44000244140625,83.987791086762,2.870888277426824,0,0
2020-02-17T08:00:00Z,-0.47000732421872726,0,218.4499969482422,84.6649580349963,2.853086045934148,0,0
2020-02-17T09:00:00Z,-0.7099975585937273,0,213.5399932861328,85.3387903586802,2.8746650693598723,0,0
2020-02-17T10:00:00Z,-0.8900207519531023,0,213.54998779296875,85.4729716434978,2.675069939777489,0,0
2020-02-17T11:00:00Z,-1.0700134277343523,0,213.55999755859375,85.58337309578694,2.4884533588958493,0,0
2020-02-17T12:00:00Z,-1.2500061035156023,13.076000213623049,211.0800018310547,85.67984645076683,2.316246904164206,0,0
2020-02-17T13:00:00Z,0.029992675781272737,173.01600646972656,211.0399932861328,79.32059316562788,2.2557703351568414,0,0
2020-02-17T14:00:00Z,1.3200012207031477,312.5360107421875,211.0099945068359,73.42298456444556,2.317174942219226,0,0
2020-02-17T15:00:00Z,2.6000000000000227,462.8160095214844,220.38999938964844,68.0590032634507,2.4802015207788024,0,0
2020-02-17T16:00:00Z,3.1000000000000227,575.75201416015625,220.37998962402344,64.63473542859066,2.5453093824654376,0,0
2020-02-17T17:00:00Z,3.5899902343750227,607.593017578125,220.36000061035156,61.42484235364147,2.6633250277639986,0,0
2020-02-17T18:00:00Z,4.089990234375023,575.77105712890625,225.7899932861328,58.31714099522251,2.8260395502142774,0,0
2020-02-17T19:00:00Z,4.029992675781273,486.0890197753906,225.7899932861328,59.21402324215331,2.902033719732506,0,0
2020-02-17T20:00:00Z,3.9800048828125227,365.3710021972656,225.7899932861328,60.08011553692872,2.9966146788120422,0,0
2020-02-17T21:00:00Z,3.9200073242187727,192.2010040283203,217.9199981689453,60.99705418741447,3.117707449382161,0,0
2020-02-17T22:00:00Z,2.4399963378906477,60.35200119018555,217.97000122070313,66.0045041894504,2.9156816473034133,0,0
2020-02-17T23:00:00Z,0.9500061035156477,0,218.01998901367188,71.51319026220756,2.9328823694148705,0,0
2020-02-18T00:00:00Z,-0.5400146484374773,0,202.45999145507813,77.51531670764449,3.1474592711621505,0,0
2020-02-18T01:00:00Z,-0.8599914550781023,0,202.47000122070313,76.90568511727399,2.796515686482237,0,0
2020-02-18T02:00:00Z,-1.1799987792968523,0,202.489990234375,76.22408359897625,2.5837375845239414,0,0
2020-02-18T03:00:00Z,-1.5100158691406023,0,225.59999084472656,75.51368752377454,2.544032119252821,0,0
2020-02-18T04:00:00Z,-1.4299987792968523,0,225.59999084472656,76.23356353580373,2.3402991378449585,0,0
2020-02-18T05:00:00Z,-1.3500122070312273,0,225.58999633789065,76.9263623478647,2.3107790321622166,0,0
2020-02-18T06:00:00Z,-1.2699951171874773,0,266.7799987792969,77.62419578330056,2.4714569149406147,0,0
2020-02-18T07:00:00Z,-1.0799926757812273,0,266.7799987792969,77.47470687912133,3.292567302664802,0,0
2020-02-18T08:00:00Z,-0.8800109863281023,0,266.7699890136719,77.255911929828315,4.137269631740485,0,0
2020-02-18T09:00:00Z,-0.6799987792968523,0,269.75,77.02983269379655,5.007204829147153,0,0
2020-02-18T10:00:00Z,-0.5600036621093523,0,269.739990234375,78.50844999702231,5.303168833671152,0,0
2020-02-18T11:00:00Z,-0.42999877929685226,0,269.72998046875,79.91054020885572,5.632059745057165,0,0
2020-02-18T12:00:00Z,-0.31000366210935226,9.926000595092772,307.97998046875,81.3224539045405,5.98406186360751,0,0
2020-02-18T13:00:00Z,0.5299926757812727,103.74400329589844,307.92999267578125,81.36423702299568,6.919204960889805,0.0043727999925613405,0
2020-02-18T14:00:00Z,1.3699890136718977,185.58401489257813,307.8899841308594,81.14072634702184,7.91334309984144,0.0039359997510910035,0
2020-02-18T15:00:00Z,2.2099853515625227,148.17601013183594,326.0799865722656,80.68403307266821,8.960758554245997,0.004281599879264832,0
2020-02-18T16:00:00Z,2.8900085449218977,184.07501220703125,326.03997802734375,82.22855236859398,8.794020245334218,8.111999630928037e-4,0
2020-02-18T17:00:00Z,3.5799804687500227,194.1640167236328,326,83.38159233761789,8.658879591637175,0.006086400032043457,0
2020-02-18T18:00:00Z,4.260003662109398,173.82301330566406,325.0899963378906,84.30235159149534,8.533351859738193,0.014937599658966065,0
2020-02-18T19:00:00Z,4.489984130859398,146.86900329589844,325.07000732421875,87.35935831448464,7.37086134764626,0.009705599784851074,0
2020-02-18T20:00:00Z,4.730004882812523,110.62600708007813,325.04998779296875,90.22076963379514,6.214989996063455,0.0027264000177383424,0
2020-02-18T21:00:00Z,4.969995117187523,37.81300354003906,340.72998046875,92.95428061745373,5.079616110331432,0.012854400157928467,0
2020-02-18T22:00:00Z,4.899987792968773,12.288000106811523,340.739990234375,93.76571228622493,4.192278479590901,0.017827199935913085,0
2020-02-18T23:00:00Z,4.839990234375023,0,340.739990234375,94.51558989152443,3.5539414522277077,0.02572800064086914,0
2020-02-19T00:00:00Z,4.769982910156273,0,338.05999755859375,95.33738398461236,3.335415880575256,0.016550399780273437,0
2020-02-19T01:00:00Z,4.600000000000023,0,338.07000732421875,95.68801181627026,3.389173915609226,0.008630399465560913,0
2020-02-19T02:00:00Z,4.429986572265648,0,338.0799865722656,96.03568688327809,3.729932883249407,0,0
2020-02-19T03:00:00Z,4.260003662109398,0,322.9599914550781,96.37985346418485,4.312644280339337,0,0
2020-02-19T04:00:00Z,4.029992675781273,0,322.97998046875,94.23928388694644,4.313536792699251,0,0
2020-02-19T05:00:00Z,3.7999816894531477,0,322.989990234375,91.98697524080457,4.8373650679781965,0,0
2020-02-19T06:00:00Z,3.5700012207031477,0,298,89.63986348840362,5.753607513566251,0,0
2020-02-19T07:00:00Z,2.8799987792968977,0,298.0400085449219,86.33632685846409,5.8526060781271845,0,0
2020-02-19T08:00:00Z,2.1799865722656477,0,298.0899963378906,82.54928069165508,5.961383967399073,0,0
2020-02-19T09:00:00Z,1.4899841308593977,0,225.5399932861328,78.09080444804863,6.074240642042543,0,0
2020-02-19T10:00:00Z,0.45000610351564774,0,225.5800018310547,80.12468670303572,5.276712850365358,0,0
2020-02-19T11:00:00Z,-0.5900024414062273,0,225.6199951171875,82.03392337444082,4.479731922388449,0,0
2020-02-19T12:00:00Z,-1.6300109863281023,20.986000061035156,211.3999938964844,83.77558701882428,3.6772270977384154,0,0
2020-02-19T13:00:00Z,-0.35001220703122726,182.14401245117188,211.36000061035156,78.39902155939608,4.874104976225614,0,0
2020-02-19T14:00:00Z,0.9299865722656477,322.7040100097656,211.3199920654297,73.38806471349235,6.0774336932012325,0,0
2020-02-19T15:00:00Z,2.2000061035156477,447.7760314941406,227.51998901367188,68.75489479945182,7.275781621467047,0,0
2020-02-19T16:00:00Z,2.3699890136718977,555.54400634765625,227.5099945068359,67.0125063082906,7.60285468079805,0,0
2020-02-19T17:00:00Z,2.5400024414062727,585.677001953125,227.5099945068359,65.30327036071756,7.920226868501256,0,0
2020-02-19T18:00:00Z,2.7099853515625227,498.8070373535156,257.739990234375,63.620412394132,8.247550919333099,0,0
2020-02-19T19:00:00Z,2.4299865722656477,421.8190307617187,257.75,60.75431504325678,7.928681700471109,0,0
2020-02-19T20:00:00Z,2.1499877929687727,318.3960266113281,257.7699890136719,57.723707320271465,7.618043922232614,0,0
2020-02-19T21:00:00Z,1.8599792480468977,165.61000061035156,263.3599853515625,54.57666662175679,7.301540649172393,0,0
2020-02-19T22:00:00Z,0.9500061035156477,55.53600311279297,263.3999938964844,55.15266790611161,6.629999967721796,0,0
2020-02-19T23:00:00Z,0.029992675781272737,0,263.44000244140625,55.61026507478644,5.9834769371814325,0,0
2020-02-20T00:00:00Z,-0.8900207519531023,0,263.91998291015625,55.886896841164834,5.38205344738358,0,0
2020-02-20T01:00:00Z,-1.2600158691406023,0,263.92999267578125,57.40885020589641,5.211957326308134,0,0
2020-02-20T02:00:00Z,-1.6300109863281023,0,263.9499816894531,58.977356434068454,5.07252376889244,0,0
2020-02-20T03:00:00Z,-2.0100158691406023,0,249.75,60.63857218433221,4.990010088793814,0,0
2020-02-20T04:00:00Z,-2.1000122070312273,0,249.7599945068359,60.87582826266153,4.812525233373504,0,0
2020-02-20T05:00:00Z,-2.2000183105468523,0,249.7599945068359,61.15298469552211,4.6414221459479155,0,0
2020-02-20T06:00:00Z,-2.2900146484374773,0,248.27999877929688,61.385524558052765,4.470100460011697,0,0
2020-02-20T07:00:00Z,-2.3500122070312273,0,248.27999877929688,62.35375929864609,4.351574175155025,0,0
2020-02-20T08:00:00Z,-2.4100097656249773,0,248.27999877929688,63.3391264573775,4.270128727966971,0,0
2020-02-20T09:00:00Z,-2.4700073242187273,0,246.25,64.31958214127691,4.240047018458472,0,0
2020-02-20T10:00:00Z,-2.4400085449218523,0,246.25,64.54974814591989,4.679337235404473,0,0
2020-02-20T11:00:00Z,-2.4100097656249773,0,246.25,64.78850562032716,5.126499508880872,0,0
2020-02-20T12:00:00Z,-2.3700012207031023,23.830001831054688,216.86000061035156,64.96545362001417,5.563856600749568,0,0
2020-02-20T13:00:00Z,-2.1700195312499773,177.56800842285156,216.86000061035156,62.138113973303454,5.43824424455961,0,0
2020-02-20T14:00:00Z,-1.9700073242187273,311.64801025390625,216.84999084472656,59.38231738360331,5.608172551511162,0,0
2020-02-20T15:00:00Z,-1.7600158691406023,366.1920166015625,243.8199920654297,56.64797823770715,6.0329178654564855,0,0
2020-02-20T16:00:00Z,-1.4299987792968523,453.6740112304687,243.8199920654297,52.40389930330049,5.794928517793536,0,0
2020-02-20T17:00:00Z,-1.1000122070312273,478.03802490234375,243.80999755859375,48.33370938856121,5.557634316801984,0,0
2020-02-20T18:00:00Z,-0.7699951171874773,393.9440307617187,260.94000244140625,44.430318202172465,5.321127517326459,0,0
2020-02-20T19:00:00Z,-0.7600158691406023,333.40301513671875,260.94000244140625,42.950250681196685,5.51632120554574,0,0
2020-02-20T20:00:00Z,-0.7500061035156023,252.17501831054688,260.94000244140625,41.47434485320679,5.719589096695962,0,0
2020-02-20T21:00:00Z,-0.7399963378906023,145.03500366210938,251.30999755859375,39.99699131422581,5.944047210498819,0,0
2020-02-20T22:00:00Z,-1.4400085449218523,50.09600067138672,251.3300018310547,40.92986936456684,5.610605906101003,0,0
2020-02-20T23:00:00Z,-2.1400207519531023,0,251.36000061035156,41.8559047619601,5.319069463457368,0,0
2020-02-21T00:00:00Z,-2.8400024414062273,0,263.1099853515625,42.780570598320786,5.076662408626991,0,0
2020-02-21T01:00:00Z,-3.4899963378906023,0,263.1399841308594,44.04925463874715,5.0646321393382205,0,0
2020-02-21T02:00:00Z,-4.140020751953102,0,263.1600036621094,45.36062023964103,5.105536037757595,0,0
2020-02-21T03:00:00Z,-4.790014648437477,0,214.4499969482422,46.69345166352554,5.186521058610857,0,0
2020-02-21T04:00:00Z,-5.380010986328102,0,214.47000122070313,46.977832051813394,5.484997582361182,0,0
2020-02-21T05:00:00Z,-5.970007324218727,0,214.489990234375,47.19128005629007,5.793558832959509,0,0
2020-02-21T06:00:00Z,-6.560003662109352,0,202.51998901367188,47.34288557405424,6.093316087503604,0,0
2020-02-21T07:00:00Z,-6.929998779296852,0,202.52999877929688,48.89079155341939,5.830137240837616,0,0
2020-02-21T08:00:00Z,-7.310003662109352,0,202.5399932861328,50.53686191374059,5.578386595469561,0,0
2020-02-21T09:00:00Z,-7.679998779296852,0,171.63999938964844,52.197363235608705,5.319492170459521,0,0
2020-02-21T10:00:00Z,-8.030004882812477,0,171.64999389648438,53.980734286978596,5.086462289988194,0,0
2020-02-21T11:00:00Z,-8.370001220703102,0,171.66000366210938,55.793514187176314,4.855563843217135,0,0
2020-02-21T12:00:00Z,-8.709997558593727,30.198001861572266,166.76998901367188,57.66931893893052,4.642466972795426,0,0
2020-02-21T13:00:00Z,-7.709997558593727,197.8400115966797,166.75,52.74204987172726,4.641572688227736,0,0
2020-02-21T14:00:00Z,-6.700018310546852,344.0160217285156,166.72000122070313,48.22861010950378,4.658969709063519,0,0
2020-02-21T15:00:00Z,-5.690008544921852,493.5680236816406,179.8300018310547,44.13285580778594,4.692089144176057,0,0
2020-02-21T16:00:00Z,-4.709997558593727,610.65301513671875,179.8000030517578,43.18311111188916,4.094449763354909,0,0
2020-02-21T17:00:00Z,-3.7300170898437273,643.112060546875,179.77999877929688,42.15957191479634,3.5634978336158305,0,0
2020-02-21T18:00:00Z,-2.7500061035156023,612.967041015625,191.6599884033203,41.08622765667055,3.104593290945211,0,0
2020-02-21T19:00:00Z,-2.2900146484374773,519.16802978515625,191.63999938964844,42.28806526909576,2.801786688852614,0,0
2020-02-21T20:00:00Z,-1.8299926757812273,393.4530334472656,191.6199951171875,43.35871711542871,3.1120732311679484,0,0
2020-02-21T21:00:00Z,-1.3700012207031023,210.60101318359375,192.8999938964844,44.30435448762888,3.9039722015202694,0,0
2020-02-21T22:00:00Z,-2.0300048828124773,74.80000305175781,192.9099884033203,48.557223499172224,3.7483327687982433,0,0
2020-02-21T23:00:00Z,-2.6900085449218523,0,192.92999267578125,53.14349496032854,3.616213481163554,0,0
2020-02-22T00:00:00Z,-3.3599914550781023,0,195.36000061035156,58.12066734326805,3.5102705770519345,0,0
2020-02-22T01:00:00Z,-3.4200195312499773,0,195.36000061035156,59.838537413143925,3.8378247889152797,0,0
2020-02-22T02:00:00Z,-3.4800170898437273,0,195.34999084472656,61.55576168261126,4.154154436877178,0,0
2020-02-22T03:00:00Z,-3.5400146484374773,0,196.44000244140625,63.29969271307806,4.475443961364482,0,0
2020-02-22T04:00:00Z,-3.6400207519531023,0,196.44000244140625,64.48543983633525,4.665415022522893,0,0
2020-02-22T05:00:00Z,-3.7399963378906023,0,196.44000244140625,65.68779787064115,4.846534652477462,0,0
2020-02-22T06:00:00Z,-3.8400024414062273,0,191.61000061035156,66.90031409117763,5.03716200998591,0,0
2020-02-22T07:00:00Z,-4.149999999999977,0,191.6199951171875,67.9876911204339,4.952989068836989,0,0
2020-02-22T08:00:00Z,-4.459997558593727,0,191.6199951171875,69.09407122350288,4.898203578648209,0,0
2020-02-22T09:00:00Z,-4.780004882812477,0,184.55999755859375,70.28717069621274,4.880829772248852,0,0
2020-02-22T10:00:00Z,-5.019995117187477,0,184.5699920654297,70.43376950706761,4.613946146675139,0,0
2020-02-22T11:00:00Z,-5.250006103515602,0,184.5699920654297,70.50262387865023,4.36405755086114,0,0
2020-02-22T12:00:00Z,-5.489996337890602,34.41600036621094,186.45999145507813,70.62727871686052,4.122159540889715,0,0
2020-02-22T13:00:00Z,-3.4899963378906023,201.80801391601565,186.3999938964844,63.39586725111616,4.168860631684368,0,0
2020-02-22T14:00:00Z,-1.4800170898437273,347.7440185546875,186.34999084472656,56.89230406699699,4.288822554639199,0,0
2020-02-22T15:00:00Z,0.5199829101562727,495.2320251464844,206.30999755859375,51.13629819149537,4.4522354889382125,0,0
2020-02-22T16:00:00Z,1.9200073242187727,611.8690185546875,206.26998901367188,47.65334084133088,4.759253937001205,0,0
2020-02-22T17:00:00Z,3.3200012207031477,644.050048828125,206.22999572753903,44.408048760222385,5.059979972964644,0,0
2020-02-22T18:00:00Z,4.719995117187523,612.156005859375,220.3300018310547,41.38784189834534,5.361529308575888,0,0
2020-02-22T19:00:00Z,4.809991455078148,518.87200927734375,220.3199920654297,44.16076143955345,5.451109788002705,0,0
2020-02-22T20:00:00Z,4.899987792968773,393.97900390625,220.30999755859375,46.89160145087842,5.5560864661473275,0,0
2020-02-22T21:00:00Z,4.989984130859398,211.12400817871097,218.38999938964844,49.59005582832387,5.694953754570528,0,0
2020-02-22T22:00:00Z,3.4800354003906477,76.97600555419922,218.42999267578125,55.23066789235194,5.033974358120143,0,0
2020-02-22T23:00:00Z,1.9599853515625227,0,218.47999572753903,61.636617562568155,4.396100502888923,0,0
2020-02-23T00:00:00Z,0.43999633789064774,0,211.1999969482422,68.88701760335769,3.7731815888687334,0,0
2020-02-23T01:00:00Z,0.29998168945314774,0,211.1999969482422,68.1139949745372,3.526386057248127,0,0
2020-02-23T02:00:00Z,0.14998779296877274,0,211.20999145507813,67.36105418484703,3.316458905862176,0,0
2020-02-23T03:00:00Z,-6.1035156022626325e-6,0,214.88999938964844,66.58829936105836,3.150777538770314,0,0
2020-02-23T04:00:00Z,-0.07999267578122726,0,214.8999938964844,67.33026379601844,3.0801622668474438,0,0
2020-02-23T05:00:00Z,-0.16000976562497726,0,214.8999938964844,68.08436175354444,3.030659990913069,0,0
2020-02-23T06:00:00Z,-0.25000610351560226,0,215.9499969482422,68.89449101824373,2.98303521109698,0,0
2020-02-23T07:00:00Z,-0.39002075195310226,0,215.95999145507813,69.31598497453416,2.936800914559785,0,0
2020-02-23T08:00:00Z,-0.5400146484374773,0,215.95999145507813,69.79606216570417,2.9049612934994054,0,0
2020-02-23T09:00:00Z,-0.6900085449218523,0,211.489990234375,70.2741297842885,2.8853075224871603,0,0
2020-02-23T10:00:00Z,-0.8299926757812273,0,211.489990234375,70.49740428023605,2.9123872797359334,0,0
2020-02-23T11:00:00Z,-0.9800170898437273,0,211.5,70.76481699294743,2.9574311441062924,0,0
2020-02-23T12:00:00Z,-1.1300109863281023,38.23200225830078,211.30999755859375,71.03518350503023,3.0178302615921813,0,0
2020-02-23T13:00:00Z,0.8799987792968977,203.44000244140625,211.25,63.540295775101185,3.0960781210486363,0,0
2020-02-23T14:00:00Z,2.8799987792968977,347.4560241699219,211.19000244140625,56.93110505016626,3.181210337003764,0,0
2020-02-23T15:00:00Z,4.879998779296898,493.3600158691406,224.2599945068359,51.071457235239954,3.2687917546218475,0,0
2020-02-23T16:00:00Z,6.329980468750023,608.71600341796875,224.22000122070313,47.03599584927724,3.7757779022208315,0,0
2020-02-23T17:00:00Z,7.790002441406273,640.363037109375,224.1699981689453,43.3288080642377,4.279544254731558,0,0
2020-02-23T18:00:00Z,9.239984130859398,607.9300537109375,233.8199920654297,39.968424120678826,4.79026081752875,0,0
2020-02-23T19:00:00Z,9.260003662109398,515.66204833984375,233.8199920654297,41.844493636587075,4.4540543294050305,0,0
2020-02-23T20:00:00Z,9.270043945312523,392.27301025390625,233.80999755859375,43.741844746390896,4.129333872797436,0,0
2020-02-23T21:00:00Z,9.279992675781273,225.62200927734375,229.44000244140625,45.634871327592535,3.819031191523439,0,0
2020-02-23T22:00:00Z,7.299981689453148,84.32000732421875,229.5,50.85961726545233,3.9997125563815397,0,0
2020-02-23T23:00:00Z,5.329980468750023,0,229.55999755859375,56.71659155086604,4.202677619126093,0,0
2020-02-24T00:00:00Z,3.3500000000000227,0,217.3699951171875,63.37673394493272,4.4267594173540425,0,0
2020-02-24T01:00:00Z,2.7699829101562727,0,217.38999938964844,64.77573793260414,4.272341113230439,0,0
2020-02-24T02:00:00Z,2.1899963378906477,0,217.4099884033203,66.18503341585877,4.110048651650938,0,0
2020-02-24T03:00:00Z,1.6099792480468977,0,219.33999633789065,67.60274824366977,3.956007892498561,0,0
2020-02-24T04:00:00Z,1.4599853515625227,0,219.34999084472656,67.70841079239031,3.8559303944852528,0,0
2020-02-24T05:00:00Z,1.3099914550781477,0,219.36000061035156,67.81230419607147,3.7670279561406215,0,0
2020-02-24T06:00:00Z,1.1599975585937727,0,222.01998901367188,67.91168021952458,3.6815486205502936,0,0
2020-02-24T07:00:00Z,0.9899841308593977,0,222.02999877929688,68.65259421526936,3.5672398159152543,0,0
2020-02-24T08:00:00Z,0.8200012207031477,0,222.02999877929688,69.4025058831426,3.4680973964685027,0,0
2020-02-24T09:00:00Z,0.6400085449218977,0,225.58999633789065,70.21299862941487,3.3781651346114523,0,0
2020-02-24T10:00:00Z,0.6700073242187727,0,225.58999633789065,71.08950067958091,3.30830761571028,0,0
2020-02-24T11:00:00Z,0.7099853515625227,0,225.5800018310547,71.89743428601352,3.2472140806988206,0,0
2020-02-24T12:00:00Z,0.7399841308593977,41.71800231933594,231.6699981689453,72.7654521709116,3.195387133932208,0,0
2020-02-24T13:00:00Z,2.9999938964843977,203.70401000976565,231.59999084472656,65.13838842881496,3.444197881758523,0,0
2020-02-24T14:00:00Z,5.260003662109398,344.8800048828125,231.51998901367188,58.33455895002332,3.693846076580755,0,0
2020-02-24T15:00:00Z,7.519982910156273,492.9120178222656,248.6499938964844,52.25886221165182,3.9441727417413452,0,0
2020-02-24T16:00:00Z,8.890008544921898,607.31304931640625,248.59999084472656,50.55440698815545,4.560274148321137,0,0
2020-02-24T17:00:00Z,10.260034179687523,638.52001953125,248.54998779296875,48.7760432683999,5.187465629022554,0,0
2020-02-24T18:00:00Z,11.629998779296898,607.1650390625,257.6600036621094,46.952421108869075,5.806823363870575,0,0
2020-02-24T19:00:00Z,11.679986572265648,515.36505126953125,257.6600036621094,48.68677105113345,5.527648533275144,0,0
2020-02-24T20:00:00Z,11.730004882812523,392.7630310058594,257.6499938964844,50.40978341118876,5.250771065301255,0,0
2020-02-24T21:00:00Z,11.779992675781273,221.13101196289065,257.0099792480469,52.114296880756875,4.985548860739182,0,0
2020-02-24T22:00:00Z,9.980004882812523,84.59200286865234,257.07000732421875,57.852373516219274,4.521702904759328,0,0
2020-02-24T23:00:00Z,8.179986572265648,0,257.1399841308594,64.30902554126098,4.098707013022561,0,0
2020-02-25T00:00:00Z,6.379998779296898,0,287.04998779296875,71.58842191535271,3.749773152064047,0,0
2020-02-25T01:00:00Z,6.200006103515648,0,287.05999755859375,72.96669630181194,3.5348831175240165,0,0
2020-02-25T02:00:00Z,6.010003662109398,0,287.05999755859375,74.42981507928705,3.310619314987144,0,0
2020-02-25T03:00:00Z,5.829980468750023,0,308.2799987792969,75.86083387640356,3.0988546356486686,0,0
2020-02-25T04:00:00Z,5.769982910156273,0,308.2799987792969,76.1385042136182,2.6558048874710467,0,0
2020-02-25T05:00:00Z,5.709985351562523,0,308.2799987792969,76.41730562352774,2.2182200720687875,0,0
2020-02-25T06:00:00Z,5.649987792968773,0,300.989990234375,76.6941644136534,1.7901116996549666,0,0
2020-02-25T07:00:00Z,5.499993896484398,0,301,77.13112278852499,1.6714663791726339,0,0
2020-02-25T08:00:00Z,5.359979248046898,0,301.0099792480469,77.51233925563473,1.5945218124745841,0,0
2020-02-25T09:00:00Z,5.219995117187523,0,299.5400085449219,77.8944019269168,1.5654391593508548,0,0
2020-02-25T10:00:00Z,4.959985351562523,0,299.54998779296875,80.36142520815591,1.185116022441921,0,0
2020-02-25T11:00:00Z,4.700006103515648,0,299.54998779296875,82.89799042844142,0.8645229672204608,0,0
2020-02-25T12:00:00Z,4.439996337890648,27.540000915527344,325.25,85.50207585030252,0.6923149633567813,0,0
2020-02-25T13:00:00Z,5.700006103515648,124.5120086669922,325.1999816894531,80.08001606274863,0.7269112422957497,3.5999999195337286e-4,0
2020-02-25T14:00:00Z,6.959985351562523,209.0240173339844,325.1399841308594,75.03010057760989,0.7632168666544743,0,0
2020-02-25T15:00:00Z,8.230004882812523,257.9040222167969,341.8599853515625,70.26982301742453,0.8109870552548021,0,0
2020-02-25T16:00:00Z,8.999993896484398,317.3100280761719,341.82000732421875,68.0246781540024,1.1186599001911892,0,0
2020-02-25T17:00:00Z,9.769982910156273,333.41802978515625,341.7799987792969,65.84499108229832,1.7030853342459331,0,0
2020-02-25T18:00:00Z,10.549981689453148,290.3990173339844,342.05999755859375,63.68265585068352,2.350914775713716,0,0
2020-02-25T19:00:00Z,10.600000000000023,246.6630096435547,342.04998779296875,64.91978440456451,2.0840585257783615,0,0
2020-02-25T20:00:00Z,10.649987792968773,188.3280029296875,342.03997802734375,66.14616463715089,1.8317204427186593,0,0
2020-02-25T21:00:00Z,10.709985351562523,79.64900207519531,335.1300048828125,67.31957119688464,1.6007810593582121,3.83999990299344e-5,0
2020-02-25T22:00:00Z,9.379998779296898,31.152002334594727,335.17999267578125,74.48802257703667,1.1448144253952368,0.0068351998329162595,0
2020-02-25T23:00:00Z,8.049981689453148,0,335.239990234375,82.49220108942947,1.2976901922317003,0.019305599212646483,0
2020-02-26T00:00:00Z,6.719995117187523,0,337.4599914550781,91.43249473861424,1.9125375294462532,0.00864959979057312,0
2020-02-26T01:00:00Z,6.469995117187523,0,337.4700012207031,93.40919485097122,1.9734487297360794,0.006451199769973755,0
2020-02-26T02:00:00Z,6.209985351562523,0,337.47998046875,95.50155172961324,2.0474861730031853,0.0018504000306129456,0
2020-02-26T03:00:00Z,5.959985351562523,0,339.3800048828125,97.574827347926,2.133283869954714,0.0016704000234603882,0
2020-02-26T04:00:00Z,5.749993896484398,0,339.3899841308594,97.84917066228155,1.9944422371438004,0.0016679999828338623,0
2020-02-26T05:00:00Z,5.549981689453148,0,339.3999938964844,98.05067033800611,1.8701871448852174,0,0
2020-02-26T06:00:00Z,5.350000000000023,0,337.3500061035156,98.2364845896302,1.7538529145217303,0.0016704000234603882,0
2020-02-26T07:00:00Z,5.189996337890648,0,337.3599853515625,98.44283195237458,2.164901802708072,0.0016704000234603882,0
2020-02-26T08:00:00Z,5.029992675781273,0,337.3699951171875,98.65003151037129,2.5719447028169173,0,0
2020-02-26T09:00:00Z,4.869989013671898,0,334.72998046875,98.8493256577586,2.9807381140822207,0.0011784000098705291,0
2020-02-26T10:00:00Z,4.799981689453148,0,334.739990234375,98.55551332984156,3.294434766753766,0,0
2020-02-26T11:00:00Z,4.730004882812523,0,334.739990234375,98.25610424213937,3.6022353505934035,1.8239999189972856e-4,0
2020-02-26T12:00:00Z,4.659997558593773,18.170000076293945,337.7599792480469,97.95091085796494,3.91173872086669,0,0
2020-02-26T13:00:00Z,5.379998779296898,76.64000701904297,337.72998046875,94.36320661744861,3.5842152309180144,0,0
2020-02-26T14:00:00Z,6.100000000000023,127.5840072631836,337.69000244140625,90.9197314371632,3.5361702737285663,0,0
2020-02-26T15:00:00Z,6.820001220703148,158.5600128173828,346.03997802734375,87.60951425576538,3.7782800129405327,0.00430079984664917,0
2020-02-26T16:00:00Z,7.339990234375023,194.8100128173828,346.0099792480469,87.11902711772922,3.828837951598976,0,0
2020-02-26T17:00:00Z,7.850000000000023,204.5880126953125,345.97998046875,86.6132277950435,3.961842812911247,0,0
2020-02-26T18:00:00Z,8.359979248046898,258.09002685546875,350.1199951171875,86.04629817285065,4.160588719429131,0,0
2020-02-26T19:00:00Z,8.809991455078148,219.35301208496097,350.0899963378906,86.27949051279688,4.473209043008841,0,0
2020-02-26T20:00:00Z,9.260003662109398,167.75900268554688,350.05999755859375,86.43065801521139,4.788412965580861,0,0
2020-02-26T21:00:00Z,9.709985351562523,125.1290054321289,343.75,86.50005915959092,5.116756673255239,0,0
2020-02-26T22:00:00Z,9.309991455078148,49.96800231933594,343.7699890136719,88.93860054551307,5.1504659131967,0,0
2020-02-26T23:00:00Z,8.909997558593773,0,343.78997802734375,91.44871396426646,5.202124513350312,0,0
2020-02-27T00:00:00Z,8.510003662109398,0,333.9599914550781,94.04082073922477,5.281609577790492,0,0
2020-02-27T01:00:00Z,7.980004882812523,0,333.989990234375,94.35406166983229,5.96472964570253,0,0
2020-02-27T02:00:00Z,7.450006103515648,0,334.0199890136719,94.58543438304703,6.682162482232629,0,0
2020-02-27T03:00:00Z,6.929986572265648,0,337.489990234375,94.65387016812618,7.40520052676332,0,0
2020-02-27T04:00:00Z,6.609979248046898,0,337.5099792480469,94.5877649255515,7.740341999398642,0,0
2020-02-27T05:00:00Z,6.279992675781273,0,337.5299987792969,94.55073061325325,8.067421986273919,0,0
2020-02-27T06:00:00Z,5.959985351562523,0,332.3699951171875,94.40992506267102,8.405343288046565,9.119999706745148e-4,0
2020-02-27T07:00:00Z,5.809991455078148,0,332.3699951171875,94.76713604095558,8.116476945828238,0.07611359596252441,0
2020-02-27T08:00:00Z,5.659997558593773,0,332.3800048828125,95.11935282746208,7.825752069059942,0.04808159637451172,0
2020-02-27T09:00:00Z,5.510003662109398,0,339.1399841308594,95.46972396456673,7.549231500330018,0.0827903995513916,0
2020-02-27T10:00:00Z,5.579980468750023,0,339.1300048828125,95.47700755953545,4.638965360781461,0.07224959564208984,0
2020-02-27T11:00:00Z,5.659997558593773,0,339.1300048828125,95.40702228660155,3.771962360824213,0.06212639808654785,0
2020-02-27T12:00:00Z,5.730004882812523,11.414000511169434,326.92999267578125,95.4063306566543,5.9257047544714,0,0
2020-02-27T13:00:00Z,4.779992675781273,45.20000076293945,326.989990234375,89.59640447961942,7.814070672360278,0.0015935999751091002,0
2020-02-27T14:00:00Z,3.8399902343750227,74.63200378417969,327.05999755859375,82.47026365160285,10.337508981297205,0.004103999733924866,0
2020-02-27T15:00:00Z,2.8900085449218977,426.7200317382813,246.37998962402344,73.96979545597549,13.148813520822602,7.67999980598688e-5,0
2020-02-27T16:00:00Z,2.6899963378906477,523.5670166015625,246.38999938964844,70.70368078213899,12.580341502445533,0,0
2020-02-27T17:00:00Z,2.4999938964843977,549.52301025390625,246.3999938964844,67.27884634928692,12.03093485863026,0,0
2020-02-27T18:00:00Z,2.2999816894531477,500.0340270996094,262.22998046875,63.79195051026584,11.481920113247286,0,0
2020-02-27T19:00:00Z,2.0400024414062727,425.27203369140625,262.25,63.264229107815304,11.225149646846903,0,0
2020-02-27T20:00:00Z,1.7799926757812727,325.78802490234375,262.2599792480469,62.697486332956004,10.996076609896756,0,0
2020-02-27T21:00:00Z,1.5299926757812727,188.5300140380859,250.29998779296875,62.030825083204846,10.785220947137901,0,0
2020-02-27T22:00:00Z,0.7699829101562727,76.78400421142578,250.33999633789065,60.91333041245404,11.091893209419991,0,0
2020-02-27T23:00:00Z,0.019982910156272737,0,250.3699951171875,59.4246286422191,11.388732555536834,0,0
2020-02-28T00:00:00Z,-0.7399963378906023,0,277.3800048828125,57.61720396213679,11.685650460596989,0,0
2020-02-28T01:00:00Z,-1.2099975585937273,0,277.4100036621094,53.082737501077666,11.48495521837272,0,0
2020-02-28T02:00:00Z,-1.6900085449218523,0,277.44000244140625,48.17624161737287,11.281777111546177,0,0
2020-02-28T03:00:00Z,-2.1600097656249773,0,263.6199951171875,42.792536071473236,11.097896120586013,0,0
2020-02-28T04:00:00Z,-2.4100097656249773,0,263.6300048828125,42.24707635803683,11.047189686118822,0,0
2020-02-28T05:00:00Z,-2.6600097656249773,0,263.6499938964844,41.670358411039444,11.00937789339173,0,0
2020-02-28T06:00:00Z,-2.9100097656249773,0,245.2899932861328,41.05547179269578,10.985171969807896,0,0
2020-02-28T07:00:00Z,-2.7900146484374773,0,245.27999877929688,40.792813455418155,10.793229472722594,0,0
2020-02-28T08:00:00Z,-2.6700195312499773,0,245.27999877929688,40.53511121105469,10.600891533782244,0,0
2020-02-28T09:00:00Z,-2.5499938964843523,0,269.489990234375,40.27294164817018,10.400043076490178,0,0
2020-02-28T10:00:00Z,-2.5700134277343523,0,269.489990234375,40.083682518535774,10.050994414861144,0,0
2020-02-28T11:00:00Z,-2.5900024414062273,0,269.5,39.88722845597619,9.70414342451008,0,0
2020-02-28T12:00:00Z,-2.6200012207031023,31.65800094604492,280.47998046875,39.716617193848506,9.35547928970795,0,0
2020-02-28T13:00:00Z,-2.2300170898437273,118.3600082397461,280.4599914550781,38.28061376741027,9.492945005682126,0,0
2020-02-28T14:00:00Z,-1.8500122070312273,193.8560028076172,280.4499816894531,36.924863528231995,9.638931421485331,0,0
2020-02-28T15:00:00Z,-1.4700073242187273,319.16802978515625,269.79998779296875,35.62405121226331,9.805559498757017,0,0
2020-02-28T16:00:00Z,-0.8700012207031023,391.0390319824219,269.7799987792969,34.32995138396275,9.88287408205168,0,0
2020-02-28T17:00:00Z,-0.26001586914060226,410.1810302734375,269.7599792480469,33.0587930531668,9.970079706652045,0,0
2020-02-28T18:00:00Z,0.33999023437502274,424.50201416015625,257.79998779296875,31.868237366594023,10.057613871340118,0,0
2020-02-28T19:00:00Z,0.6099792480468977,361.2450256347656,257.7900085449219,32.03939461944089,9.763180270301403,0,0
2020-02-28T20:00:00Z,0.8699890136718977,277.197021484375,257.7799987792969,32.21566563296911,9.474597628059096,0,0
2020-02-28T21:00:00Z,1.1299987792968977,172.42800903320313,261.8299865722656,32.36726174222362,9.192415040250966,0,0
2020-02-28T22:00:00Z,0.9099975585937727,71.56800079345703,261.8299865722656,33.89832005299385,8.488067843086972,0,0
2020-02-28T23:00:00Z,0.6799865722656477,0,261.8399963378906,35.499110618396145,7.774753689510444,0,0
2020-02-29T00:00:00Z,0.45000610351564774,0,290.1600036621094,37.144982977684954,7.07140703091334,0,0
2020-02-29T01:00:00Z,0.24999389648439774,0,290.1600036621094,39.10675204446349,6.652412941243684,0,0
2020-02-29T02:00:00Z,0.04998168945314774,0,290.1600036621094,41.1152940162568,6.263904197178894,0,0
2020-02-29T03:00:00Z,-0.14999999999997726,0,277.0099792480469,43.17942025916597,5.889176207657456,0,0
2020-02-29T04:00:00Z,-0.5900024414062273,0,277.0299987792969,45.01231000489846,5.729511112545082,0,0
2020-02-29T05:00:00Z,-1.0199951171874773,0,277.0400085449219,46.892802744448524,5.6155673041927665,0,0
2020-02-29T06:00:00Z,-1.4599975585937273,0,249.47000122070313,48.889523270802265,5.560791309541278,0,0
2020-02-29T07:00:00Z,-1.9200195312499773,0,249.489990234375,49.97934829854024,5.402591648948468,0,0
2020-02-29T08:00:00Z,-2.3800109863281023,0,249.5,51.086892494933636,5.236200985559584,0,0
2020-02-29T09:00:00Z,-2.8400024414062273,0,232.7599945068359,52.2277894783403,5.068421842378134,0,0
2020-02-29T10:00:00Z,-3.0199951171874773,0,232.7599945068359,54.363386907934974,4.733423726822445,0,0
2020-02-29T11:00:00Z,-3.2000183105468523,0,232.76998901367188,56.54896350598591,4.484696237110205,0,0
2020-02-29T12:00:00Z,-3.3800109863281023,31.588001251220703,252.87998962402344,58.78611404010691,4.327447119907078,0,0
2020-02-29T13:00:00Z,-2.8599914550781023,112.01600646972656,252.8699951171875,56.919558413538425,5.076662335128882,0,0
2020-02-29T14:00:00Z,-2.3400024414062273,182.04800415039065,252.84999084472656,55.11344971896382,5.83887836022017,0,0
2020-02-29T15:00:00Z,-1.8299926757812273,260.7840270996094,256.3399963378906,53.41045640552094,6.595399700688186,0,0
2020-02-29T16:00:00Z,-1.5700134277343523,319.08001708984375,256.3299865722656,51.85712562163122,6.4978840420967945,0,0
2020-02-29T17:00:00Z,-1.3100036621093523,334.4950256347656,256.32000732421875,50.34803800000271,6.531431694635523,0,0
2020-02-29T18:00:00Z,-1.0499938964843523,286.23101806640625,264.42999267578125,48.87978563555965,6.703737499816501,0,0
2020-02-29T19:00:00Z,-1.5199951171874773,243.7200164794922,264.4499816894531,48.7046112497981,6.807789360954398,0,0
2020-02-29T20:00:00Z,-2.0000061035156023,187.302001953125,264.4700012207031,48.498689015546795,7.01199668291104,0,0
2020-02-29T21:00:00Z,-2.4700073242187273,119.6550064086914,249.3199920654297,48.18215800443373,7.324841321795346,0,0
2020-02-29T22:00:00Z,-3.1700195312499773,50.560001373291016,249.34999084472656,48.821047985631395,7.1470413485417525,0,0
2020-02-29T23:00:00Z,-3.8699707031249773,0,249.37998962402344,49.39612411837968,6.984103011725098,0,0
2020-03-01T00:00:00Z,-4.570013427734352,0,262.80999755859375,49.89792693623414,6.8141985421844264,0,0
2020-03-01T01:00:00Z,-4.890020751953102,0,262.82000732421875,53.25190088953801,6.678218106268335,0,0
2020-03-01T02:00:00Z,-5.220007324218727,0,262.8299865722656,56.78571018443646,6.5422395434226255,0,0
2020-03-01T03:00:00Z,-5.540014648437477,0,262.82000732421875,60.42567320572411,6.4123393222242715,0,0
2020-03-01T04:00:00Z,-5.670019531249977,0,262.8299865722656,61.4486899452642,6.2333937363511405,0,0
2020-03-01T05:00:00Z,-5.799993896484352,0,262.8299865722656,62.490537734282796,6.096310276643179,0,0
2020-03-01T06:00:00Z,-5.940008544921852,0,262.30999755859375,63.597221817358474,5.997465998118715,0,0
2020-03-01T07:00:00Z,-5.980017089843727,0,262.30999755859375,63.85075771903472,5.38424547030998,0,0
2020-03-01T08:00:00Z,-6.019995117187477,0,262.30999755859375,64.10890768292721,4.787587948780639,0,0
2020-03-01T09:00:00Z,-6.060003662109352,0,239.34999084472656,64.36454738167608,4.187600632098898,0,0
2020-03-01T10:00:00Z,-5.970007324218727,0,239.33999633789065,65.6600853550404,4.1855106107891515,0,0
2020-03-01T11:00:00Z,-5.870001220703102,0,239.33999633789065,66.87270861507051,4.204057464789415,0,0
2020-03-01T12:00:00Z,-5.780004882812477,69.19200134277344,221.9499969482422,68.12850027125562,4.258192011760688,0,0
2020-03-01T13:00:00Z,-4.579992675781227,233.67201232910156,221.9099884033203,63.225817165901674,5.048732273895218,0,0
2020-03-01T14:00:00Z,-3.3700012207031023,383.0560302734375,221.8699951171875,58.68165794694219,5.844082340373864,0,0
2020-03-01T15:00:00Z,-2.1600097656249773,455.18402099609375,252.72000122070313,54.48746016148681,6.655553828523503,0,0
2020-03-01T16:00:00Z,-1.4599975585937273,540.31500244140625,252.6899871826172,53.77015338632407,6.268436599701717,0,0
2020-03-01T17:00:00Z,-0.7500061035156023,574.196044921875,252.6599884033203,52.95361055522189,5.9027193753338105,0,0
2020-03-01T18:00:00Z,-0.04999389648435226,553.6800537109375,265.66998291015625,52.12997303790649,5.54116388255296,0,0
2020-03-01T19:00:00Z,0.23000488281252274,467.0830078125,265.6600036621094,53.444916945071824,5.395294009197161,0,0
2020-03-01T20:00:00Z,0.5100036621093977,369.2060241699219,265.6399841308594,54.67907624151736,5.252894442861696,0,0
2020-03-01T21:00:00Z,0.7900024414062727,266.5080261230469,253.22000122070313,55.84621319661913,5.132767037869376,0,0
2020-03-01T22:00:00Z,0.10003051757814774,114.54400634765624,253.25,60.21661758404116,4.248211282872784,0,0
2020-03-01T23:00:00Z,-0.5799926757812273,0,253.26998901367188,64.85858479748596,3.382366007472019,0,0
2020-03-02T00:00:00Z,-1.2699645996093523,0,198.8300018310547,69.89699025056125,2.5330810265215025,0,0
2020-03-02T01:00:00Z,-1.5300048828124773,0,198.83999633789065,67.8915316807125,1.6506058687418002,0,0
2020-03-02T02:00:00Z,-1.7900146484374773,0,198.84999084472656,65.78772870485462,0.8429115944047575,0,0
2020-03-02T03:00:00Z,-2.0499938964843523,0,225.92999267578125,63.56314169658145,0.6578753722311391,0,0
2020-03-02T04:00:00Z,-1.8400024414062273,0,225.9199981689453,64.20137331139348,1.4105672467687815,0,0
2020-03-02T05:00:00Z,-1.6200012207031023,0,225.9099884033203,64.75843054308922,2.1656637273411077,0,0
2020-03-02T06:00:00Z,-1.4100097656249773,0,284.54998779296875,65.31630832237208,2.9333937774972756,0,0
2020-03-02T07:00:00Z,-1.1300109863281023,0,284.5299987792969,64.87393073228864,3.18353559828557,0,0
2020-03-02T08:00:00Z,-0.8400024414062273,0,284.5199890136719,64.36671369595854,3.4400579578459265,0,0
2020-03-02T09:00:00Z,-0.5600036621093523,0,265.4100036621094,63.90081985752358,3.6913545835595114,0,0
2020-03-02T10:00:00Z,-0.42001953124997726,0,265.3999938964844,65.76261866440447,4.189367322827934,0,0
2020-03-02T11:00:00Z,-0.26999511718747726,0,265.3899841308594,67.52939315090688,4.691630921316874,0,0
2020-03-02T12:00:00Z,-0.13001098632810226,74.74000549316406,240.36000061035156,69.30326479677719,5.207043383225473,0,0
2020-03-02T13:00:00Z,1.8099914550781477,241.2720184326172,240.27999877929688,65.89365277613022,5.896185073155409,0,0
2020-03-02T14:00:00Z,3.7600036621093977,392.54400634765625,240.20999145507813,62.25837547281418,6.620611639728227,0,0
2020-03-02T15:00:00Z,5.700006103515648,510.0320129394531,259.82000732421875,58.60344605200637,7.363762529262464,0,0
2020-03-02T16:00:00Z,7.239984130859398,604.58203125,259.75,58.04347992498687,7.636838276190452,0,0
2020-03-02T17:00:00Z,8.790002441406273,642.112060546875,259.69000244140625,57.0078016879009,7.9478799126038195,0,0
2020-03-02T18:00:00Z,10.329980468750023,629.3900146484375,276.3299865722656,55.68900439229968,8.273487955108479,0,0
2020-03-02T19:00:00Z,10.750024414062523,531.2530517578125,276.29998779296875,57.713016694998544,7.923414688634185,0,0
2020-03-02T20:00:00Z,11.170007324218773,420.5550231933594,276.2799987792969,59.58112113592337,7.574496519837465,0,0
2020-03-02T21:00:00Z,11.589990234375023,255.20901489257813,289.1600036621094,61.30233112328906,7.224970267231366,0,0
2020-03-02T22:00:00Z,10.239984130859398,111.4850082397461,289.2099914550781,67.5753274400901,6.855107383311272,0,0
2020-03-02T23:00:00Z,8.890008544921898,0,289.2599792480469,74.56618272797095,6.497883972015602,0,0
2020-03-03T00:00:00Z,7.540002441406273,0,334.8599853515625,82.3500352408582,6.143980832502772,0,0
2020-03-03T01:00:00Z,7.459985351562523,0,334.8699951171875,83.3463338599769,6.018579273373347,0,0
2020-03-03T02:00:00Z,7.379998779296898,0,334.8699951171875,84.35441485769348,6.003332242709665,0,0
2020-03-03T03:00:00Z,7.300042724609398,0,343.3399963378906,85.37284964024943,6.090402103062261,0,0
2020-03-03T04:00:00Z,7.209985351562523,0,343.3399963378906,86.94096871306725,5.884300941329441,0,0
2020-03-03T05:00:00Z,7.109979248046898,0,343.3399963378906,88.58150913793065,5.69242475676869,0,0
2020-03-03T06:00:00Z,7.020043945312523,0,346.91998291015625,90.18954564018856,5.524201100030587,0,0
2020-03-03T07:00:00Z,6.869989013671898,0,346.91998291015625,91.85465961988496,5.158885510538681,0,0
2020-03-03T08:00:00Z,6.730004882812523,0,346.92999267578125,93.48133539242151,4.8021349164574065,0,0
2020-03-03T09:00:00Z,6.579980468750023,0,305.8999938964844,95.19544493129098,4.4406529162587844,0,0
2020-03-03T10:00:00Z,6.329980468750023,0,305.9100036621094,95.23089212112244,4.074506099983319,0,0
2020-03-03T11:00:00Z,6.080041503906273,0,305.92999267578125,95.23997130300886,3.711307052194337,0,0
2020-03-03T12:00:00Z,5.829980468750023,77.29200744628906,280.2699890136719,95.22610899218286,3.352014175817521,0,0
2020-03-03T13:00:00Z,7.920007324218773,239.25601196289065,280.17999267578125,89.47403233353953,3.426149417523942,0,0
2020-03-03T14:00:00Z,10.019982910156273,386.4000244140625,280.0899963378906,83.67157934015003,3.5030413684781743,0,0
2020-03-03T15:00:00Z,12.109979248046898,531.58404541015625,297.69000244140625,78.04587028664166,3.594773868510469,0,0
2020-03-03T16:00:00Z,13.559991455078148,629.25103759765625,297.6300048828125,73.85635684080628,4.596977021693708,0,0
2020-03-03T17:00:00Z,15.010003662109398,667.89404296875,297.57000732421875,69.83997885671353,5.920076089315076,0,0
2020-03-03T18:00:00Z,16.459985351562523,533.7960205078125,329.16998291015625,66.007430149844,7.391305626131354,0,0
2020-03-03T19:00:00Z,14.950036621093773,450.7890319824219,329.22998046875,72.29059397233851,7.83712297363197,0,0
2020-03-03T20:00:00Z,13.439996337890648,357.385009765625,329.28997802734375,79.25621287780956,8.278870094081435,0.0075359995365142825,0
2020-03-03T21:00:00Z,11.939996337890648,164.24600219726565,354.32000732421875,86.93114395277374,8.733321427710868,0.04872960090637207,0
2020-03-03T22:00:00Z,11.680047607421898,72.884002685546875,354.3299865722656,89.33732638066785,8.493296939011406,0.05269440078735352,0
2020-03-03T23:00:00Z,11.429986572265648,0,354.3399963378906,91.73931670603474,8.330864224574732,0.00791040015220642,0
2020-03-04T00:00:00Z,11.170007324218773,0,341.0799865722656,94.26135983218586,8.250606302538243,0,0
2020-03-04T01:00:00Z,10.820001220703148,0,341.1000061035156,94.54772556678648,7.982336400819971,0,0
2020-03-04T02:00:00Z,10.469995117187523,0,341.1199951171875,94.8019786269507,8.509435761592373,0,0
2020-03-04T03:00:00Z,10.119989013671898,0,320.4599914550781,95.02374079562755,9.685824326079404,0.026591998100280755,0
2020-03-04T04:00:00Z,9.299981689453148,0,320.5099792480469,89.6581613725785,8.93381211238548,0.022463999748229976,0
2020-03-04T05:00:00Z,8.470025634765648,0,320.57000732421875,83.43395465880062,8.767217384354073,2.6879999041557313e-4,0
2020-03-04T06:00:00Z,7.650018310546898,0,241.989990234375,76.1377749892368,9.23625945065598,0,0
2020-03-04T07:00:00Z,6.649987792968773,0,242.02999877929688,76.49911701409037,8.730967945422773,0,0
2020-03-04T08:00:00Z,5.649987792968773,0,242.0699920654297,76.54469236644941,8.232429581403826,0,0
2020-03-04T09:00:00Z,4.649987792968773,0,247.36000061035156,76.23278708116253,7.751935012461756,0,0
2020-03-04T10:00:00Z,4.499993896484398,0,247.3699951171875,76.85508549665309,7.6723525632469,0,0
2020-03-04T11:00:00Z,4.350000000000023,0,247.3699951171875,77.48780464029342,7.652986004069927,0,0
2020-03-04T12:00:00Z,4.189996337890648,53.85200119018555,316.30999755859375,78.18083640245678,7.6744054671831545,0,0
2020-03-04T13:00:00Z,5.070031738281273,160.3040008544922,316.2699890136719,73.46951209553724,8.333462624067288,0,0
2020-03-04T14:00:00Z,5.939996337890648,257.0400085449219,316.239990234375,69.11794310304954,9.044031142140271,0,0
2020-03-04T15:00:00Z,6.820001220703148,472.5440368652344,294.1499938964844,65.00741255491292,9.794906801729176,0,0
2020-03-04T16:00:00Z,7.409997558593773,558.59002685546875,294.1300048828125,61.16205367287522,9.886986050890327,0,0
2020-03-04T17:00:00Z,8.010003662109398,592.5340576171875,294.1099853515625,57.49203506678916,9.986435873665618,0,0
2020-03-04T18:00:00Z,8.610040283203148,559.14599609375,282.47998046875,54.02896352736674,10.112615646672396,0,0
2020-03-04T19:00:00Z,8.689996337890648,472.4480285644531,282.47998046875,53.25397708504278,9.605066066779836,0,0
2020-03-04T20:00:00Z,8.770043945312523,375.0920104980469,282.4700012207031,52.490596513834234,9.150196337726486,0,0
2020-03-04T21:00:00Z,8.850000000000023,211.33401489257813,286.25,51.73381266572209,8.75722513152176,0,0
2020-03-04T22:00:00Z,8.010003662109398,95.17200469970705,286.2699890136719,56.226220344468885,7.412428654422249,0,0
2020-03-04T23:00:00Z,7.170037841796898,0,286.29998779296875,61.099441662299824,6.107208875727931,0,0
2020-03-05T00:00:00Z,6.329980468750023,0,287.5400085449219,66.38312680596394,4.841497608573062,0,0
2020-03-05T01:00:00Z,6.189996337890648,0,287.54998779296875,67.78791189036578,5.185382975249573,0.0016704000234603882,0
2020-03-05T02:00:00Z,6.049981689453148,0,287.54998779296875,69.21735855412743,5.598928391113653,0.0026015998721122743,0
2020-03-05T03:00:00Z,5.909997558593773,0,294.54998779296875,70.66586183060338,6.070403305811553,0.0019872000217437745,0
2020-03-05T04:00:00Z,5.299981689453148,0,294.57000732421875,72.29220615983965,5.7272154730794735,0,0
2020-03-05T05:00:00Z,4.700006103515648,0,294.6000061035156,73.894174401086,5.781565252503123,0,0
2020-03-05T06:00:00Z,4.100000000000023,0,293.82000732421875,75.50444676527636,6.222941223630761,0,0
2020-03-05T07:00:00Z,3.3099914550781477,0,293.8599853515625,75.3334311913425,6.51525102774357,0,0
2020-03-05T08:00:00Z,2.5100036621093977,0,293.8999938964844,74.97101678600941,6.802741845376592,0,0
2020-03-05T09:00:00Z,1.7199951171875227,0,265.3299865722656,74.26710718959576,7.0912691106325285,0,0
2020-03-05T10:00:00Z,1.4699951171875227,0,265.3399963378906,74.24638260533703,6.393512314063613,0,0
2020-03-05T11:00:00Z,1.2099853515625227,0,265.3500061035156,74.25609051299227,5.747425466156242,0,0
2020-03-05T12:00:00Z,0.9599853515625227,92.7560043334961,224.79998779296875,74.18784459189324,5.172407332503378,0,0
2020-03-05T13:00:00Z,2.4099975585937727,266.2080078125,224.7599945068359,67.1203219983721,5.424039146908009,0,0
2020-03-05T14:00:00Z,3.8500000000000227,423.87200927734375,224.70999145507813,60.843511266703146,5.682429080727015,0,0
2020-03-05T15:00:00Z,5.299981689453148,567.280029296875,238.01998901367188,55.173718559993034,5.939427357567015,0,0
2020-03-05T16:00:00Z,6.200006103515648,669.66302490234375,237.989990234375,53.32040929138041,4.950727295937769,0,0
2020-03-05T17:00:00Z,7.089990234375023,709.90802001953125,237.95999145507813,51.541305669599794,3.9642905043068613,0,0
2020-03-05T18:00:00Z,7.989984130859398,685.196044921875,252.5699920654297,49.776760528578095,2.982364822851265,0,0
2020-03-05T19:00:00Z,8.299981689453148,579.21905517578125,252.55999755859375,49.878842426400205,2.3971857555324894,0,0
2020-03-05T20:00:00Z,8.609979248046898,460.5050354003906,252.5399932861328,49.957849661926595,2.338054743845415,0,0
2020-03-05T21:00:00Z,8.920007324218773,310.4330139160156,237.42999267578125,50.01358035562983,2.8144270803608484,0,0
2020-03-05T22:00:00Z,7.739984130859398,141.8050079345703,237.47000122070313,53.3697957616558,2.3068808692003837,0,0
2020-03-05T23:00:00Z,6.559991455078148,0,237.5099945068359,56.98007796235287,1.9757023845844541,0,0
2020-03-06T00:00:00Z,5.379998779296898,0,229.52999877929688,60.86223540714254,1.9100261163174321,0,0
2020-03-06T01:00:00Z,5.029992675781273,0,229.5399932861328,59.95932464653396,1.5890248103815616,0,0
2020-03-06T02:00:00Z,4.679986572265648,0,229.55999755859375,58.97735438683673,1.4326548353369815,0,0
2020-03-06T03:00:00Z,4.320001220703148,0,239.95999145507813,57.95564351600609,1.4735331240193834,0,0
2020-03-06T04:00:00Z,3.8999877929687727,0,239.97000122070313,61.71009340602809,1.9549424300412583,0,0
2020-03-06T05:00:00Z,3.4800048828125227,0,239.97999572753903,65.65332387296799,2.447692781460053,0,0
2020-03-06T06:00:00Z,3.0599914550781477,0,253.72000122070313,69.77867658714663,2.930733691913281,0,0
2020-03-06T07:00:00Z,2.5199829101562727,0,253.739990234375,72.54101399046962,2.996414546021138,0,0
2020-03-06T08:00:00Z,1.9899841308593977,0,253.7599945068359,75.36472975221287,3.0921997576331375,0,0
2020-03-06T09:00:00Z,1.4500061035156477,0,227.6599884033203,78.37889264663967,3.198202550222533,0,0
2020-03-06T10:00:00Z,1.5100036621093977,0,227.6599884033203,78.85705894817455,3.1766804980396914,0,0
2020-03-06T11:00:00Z,1.5799804687500227,0,227.6499938964844,79.26957282919116,3.2680422193351752,0,0
2020-03-06T12:00:00Z,1.6499877929687727,57.96800231933594,265.4599914550781,79.67592695471113,3.4561537351533045,0,0
2020-03-06T13:00:00Z,2.8900085449218977,160.76800537109375,265.4100036621094,74.25539688771917,3.810577215014286,0,0
2020-03-06T14:00:00Z,4.140008544921898,254.2400054931641,265.3599853515625,69.19882174748768,4.174805246710492,0,0
2020-03-06T15:00:00Z,5.379998779296898,307.9840087890625,302.5099792480469,64.55644387599943,4.5378848128227824,0,0
2020-03-06T16:00:00Z,6.249993896484398,363.0750122070313,302.4700012207031,63.44438502407667,4.519756470767024,0,0
2020-03-06T17:00:00Z,7.119989013671898,384.6670227050781,302.42999267578125,62.26106640796998,4.9317340513418095,0,0
2020-03-06T18:00:00Z,7.989984130859398,543.00201416015625,302.41998291015625,61.02097235287557,5.6839509110757165,1.631999909877775e-4,0
2020-03-06T19:00:00Z,8.019982910156273,459.2410278320313,302.41998291015625,60.634583046501156,5.899567484972337,1.7279999703168864e-4,0
2020-03-06T20:00:00Z,8.049981689453148,365.6180114746094,302.41998291015625,60.25174606136895,6.22673263894011,2.567999884486197e-4,0
2020-03-06T21:00:00Z,8.070001220703148,252.43101501464844,306.3999938964844,59.909526671819485,6.657957400095444,4.7999998787418005e-6,0
2020-03-06T22:00:00Z,7.049981689453148,116.88800811767578,306.44000244140625,63.955146498865474,6.588004045779362,2.9279999434947955e-4,0
2020-03-06T23:00:00Z,6.040002441406273,0,306.47998046875,68.26267926012872,6.529815905810729,2.3279998451471328e-4,0
2020-03-07T00:00:00Z,5.019982910156273,0,312.22998046875,72.95136988172936,6.47006155314934,0,0
2020-03-07T01:00:00Z,4.350000000000023,0,312.2599792480469,73.58183020331077,6.5082868912619585,1.7279999703168864e-4,0
2020-03-07T02:00:00Z,3.6899963378906477,0,312.29998779296875,74.06765698103047,6.606483566096721,0,0
2020-03-07T03:00:00Z,3.0299926757812727,0,291.5299987792969,74.44454024722398,6.764732014944038,2.1599999628961087e-5,0
2020-03-07T04:00:00Z,2.6400085449218977,0,291.54998779296875,75.16906637249026,6.578753517551489,0,0
2020-03-07T05:00:00Z,2.2499938964843977,0,291.57000732421875,75.88172813248623,6.5410165586683355,0,0
2020-03-07T06:00:00Z,1.8500000000000227,0,290.9499816894531,76.62921391143738,6.662709506396277,0,0
2020-03-07T07:00:00Z,1.4599853515625227,0,290.97998046875,74.04105860508272,7.160342018017237,0,0
2020-03-07T08:00:00Z,1.0599914550781477,0,291,71.29943281688597,7.667541826738567,0,0
2020-03-07T09:00:00Z,0.6700073242187727,0,271.04998779296875,68.28967003122895,8.172055661773742,0,0
2020-03-07T10:00:00Z,0.23000488281252274,0,271.07000732421875,67.11074420575481,8.138826167219385,0,0
2020-03-07T11:00:00Z,-0.20001831054685226,0,271.1000061035156,65.73760526739059,8.13900697756815,0,0
2020-03-07T12:00:00Z,-0.6400207519531023,104.9080047607422,206.09999084472656,64.25023511138347,8.17598890530661,0,0
2020-03-07T13:00:00Z,-0.10001220703122726,281.760009765625,206.08999633789065,58.40646497602133,8.96654314535945,0,0
2020-03-07T14:00:00Z,0.42998657226564774,442.5760192871094,206.0800018310547,52.96200554120851,9.764184034226346,0,0
2020-03-07T15:00:00Z,0.9699951171875227,604.76300048828125,195.01998901367188,47.81223236518731,10.563200390806658,0,0
2020-03-07T16:00:00Z,1.5899902343750227,711.96502685546875,195.0099945068359,45.995760823273535,10.15490031282188,0,0
2020-03-07T17:00:00Z,2.2199951171875227,753.80804443359375,194.989990234375,44.225066883443006,9.747635526964817,0,0
2020-03-07T18:00:00Z,2.8399902343750227,727.57501220703125,201.94000244140625,42.561113845544774,9.331692895873436,0,0
2020-03-07T19:00:00Z,3.0500427246093977,615.6180419921875,201.92999267578125,43.20114462505767,8.777180546048738,0,0
2020-03-07T20:00:00Z,3.2600341796875227,490.76702880859375,201.9199981689453,43.81700846300384,8.239477914096419,0,0
2020-03-07T21:00:00Z,3.4599853515625227,326.24200439453125,198.72000122070313,44.436296137609105,7.71699388599834,0,0
2020-03-07T22:00:00Z,2.0100036621093977,153.04800415039065,198.7599945068359,50.03187864516139,6.590295642710216,0,0
2020-03-07T23:00:00Z,0.5700012207031477,0,198.8000030517578,56.35739449128619,5.458799898003832,0,0
2020-03-08T00:00:00Z,-0.8800109863281023,0,193.3300018310547,63.59337119717557,4.33575827741402,0,0
2020-03-08T01:00:00Z,-1.1700195312499773,0,193.33999633789065,64.20240961005106,3.835635402665961,0,0
2020-03-08T02:00:00Z,-1.4599975585937273,0,193.34999084472656,64.81561863136203,3.3863992809793695,0,0
2020-03-08T03:00:00Z,-1.7500061035156023,0,205.9199981689453,65.42090662746192,2.9981325903870633,0,0
2020-03-08T04:00:00Z,-1.5499938964843523,0,205.9199981689453,63.21841681083642,2.8723683398612088,0,0
2020-03-08T05:00:00Z,-1.3400024414062273,0,205.9099884033203,61.02573314729437,2.7957823857660307,0,0
2020-03-08T06:00:00Z,-1.1400207519531023,0,226.84999084472656,58.93298817953574,2.776220372508671,0,0
2020-03-08T07:00:00Z,-1.0600036621093523,0,226.83999633789065,58.086983271936035,2.8280028351421524,0,0
2020-03-08T08:00:00Z,-0.9800170898437273,0,226.83999633789065,57.25443715741196,2.9309723826345033,0,0
2020-03-08T09:00:00Z,-0.8999999999999773,0,233.80999755859375,56.427014797358794,3.0799999237060547,0,0
2020-03-08T10:00:00Z,-0.6799987792968523,0,233.79998779296875,57.46535470544802,3.2909724624655885,0,0
2020-03-08T11:00:00Z,-0.47000732421872726,0,233.7899932861328,58.491344636822404,3.4936657060202623,0,0
2020-03-08T12:00:00Z,-0.25000610351560226,82.2800064086914,254.05999755859375,59.43336807706004,3.7077754228090902,0,0
2020-03-08T13:00:00Z,1.5499816894531477,214.40000915527344,254,51.84780723405494,3.89758888916482,0,0
2020-03-08T14:00:00Z,3.3500000000000227,334.5600280761719,253.9399871826172,45.31827323057036,4.106823566040964,0,0
2020-03-08T15:00:00Z,5.149987792968773,467.78802490234375,277.0099792480469,39.68426065950163,4.332666446000114,0,0
2020-03-08T16:00:00Z,6.649987792968773,549.9739990234375,276.9499816894531,37.78503389238439,4.744269896594254,0,0
2020-03-08T17:00:00Z,8.159997558593773,581.93304443359375,276.8899841308594,35.89005793844426,5.156316512392098,0,0
2020-03-08T18:00:00Z,9.659997558593773,625.80401611328125,285.2699890136719,34.06111267633512,5.566345138336415,0,0
2020-03-08T19:00:00Z,10.350000000000023,529.717041015625,285.239990234375,35.3682658122485,5.5044163346257315,0,0
2020-03-08T20:00:00Z,11.049981689453148,422.8450317382813,285.1999816894531,36.46205144341247,5.434739899504722,0,0
2020-03-08T21:00:00Z,11.739984130859398,315.1080017089844,246.5,37.406921545536235,5.372755009069537,0,0
2020-03-08T22:00:00Z,9.689996337890648,149.6790008544922,246.55999755859375,43.75623517370887,5.448531851710487,0,0
2020-03-08T23:00:00Z,7.640008544921898,0,246.62998962402344,51.28092900918704,5.550224939719566,0,0
2020-03-09T00:00:00Z,5.579980468750023,0,235.0800018310547,60.26575935139748,5.673420516097677,0,0
2020-03-09T01:00:00Z,5.089990234375023,0,235.09999084472656,61.72817839563261,5.375295041099579,0,0
2020-03-09T02:00:00Z,4.600000000000023,0,235.11000061035156,63.23224334118815,5.086934021681069,0,0
2020-03-09T03:00:00Z,4.109979248046898,0,234.7599945068359,64.76653806128883,4.810093401122985,0,0
2020-03-09T04:00:00Z,3.7999816894531477,0,234.76998901367188,65.12545480627462,5.189460350160808,0,0
2020-03-09T05:00:00Z,3.4999938964843977,0,234.77999877929688,65.4217552154627,5.589498781959771,0,0
2020-03-09T06:00:00Z,3.2000061035156477,0,231.3199920654297,65.70653660044655,5.999708254079006,0,0
2020-03-09T07:00:00Z,3.0400024414062727,0,231.3300018310547,65.49481402985555,5.556563621020152,0,0
2020-03-09T08:00:00Z,2.8900085449218977,0,231.3300018310547,65.21627253920737,5.131792791765294,0,0
2020-03-09T09:00:00Z,2.7300048828125227,0,245.45999145507813,64.98077901314751,4.6991486750298535,0,0
2020-03-09T10:00:00Z,3.2399841308593977,0,245.4399871826172,63.65596046696788,4.5549533011244145,0,0
2020-03-09T11:00:00Z,3.7499938964843977,0,245.4199981689453,62.34414283778969,4.405053816194908,0,0
2020-03-09T12:00:00Z,4.260003662109398,103.56000518798828,264.69000244140625,61.062465539085565,4.2551614793467945,0,0
2020-03-09T13:00:00Z,7.119989013671898,262.2720031738281,264.5799865722656,56.192576899572146,4.504186943662573,0,0
2020-03-09T14:00:00Z,9.989984130859398,406.656005859375,264.4700012207031,51.259694938598585,4.753987763542763,0,0
2020-03-09T15:00:00Z,12.850000000000023,583.5250244140625,277.3500061035156,46.51459338619617,5.004447875346854,0,0
2020-03-09T16:00:00Z,14.320001220703148,685.114013671875,277.2900085449219,45.089262219681814,5.5554745083992225,0,0
2020-03-09T17:00:00Z,15.790002441406273,724.467041015625,277.22998046875,43.571808105983195,6.10196663750675,0,0
2020-03-09T18:00:00Z,17.260003662109398,702.7230224609375,286.7900085449219,41.995294288484345,6.654201426696125,0,0
2020-03-09T19:00:00Z,17.499993896484398,595.09405517578125,286.7799987792969,42.44831414053531,6.703565972124844,0,0
2020-03-09T20:00:00Z,17.739984130859398,475.6100158691406,286.7599792480469,42.877032553366554,6.7660105312952235,0,0
2020-03-09T21:00:00Z,17.980004882812523,313.65301513671875,280.29998779296875,43.285204377146776,6.852539733665753,0,0
2020-03-09T22:00:00Z,16.079980468750023,150.79501342773438,280.3699951171875,49.354112000489735,6.482977299152863,0,0
2020-03-09T23:00:00Z,14.179986572265648,0,280.42999267578125,56.36968535082066,6.114253778847895,0,0
2020-03-10T00:00:00Z,12.279992675781273,0,270.6099853515625,64.4956678360133,5.746529155022296,0,0
2020-03-10T01:00:00Z,11.489984130859398,0,270.6399841308594,66.71997734002886,5.1399707406320765,0,0
2020-03-10T02:00:00Z,10.689996337890648,0,270.66998291015625,69.06423744805994,4.546481991277355,0,0
2020-03-10T03:00:00Z,9.890008544921898,0,300.2599792480469,71.48159742053554,3.9807661413445157,0,0
2020-03-10T04:00:00Z,9.730004882812523,0,300.2699890136719,72.18380463639816,3.832975321543225,0,0
2020-03-10T05:00:00Z,9.559991455078148,0,300.2699890136719,72.94210604792902,3.686108908697083,0,0
2020-03-10T06:00:00Z,9.390008544921898,0,288.5799865722656,73.70748060997079,3.5484361711345906,0,0
2020-03-10T07:00:00Z,9.010003662109398,0,288.5899963378906,73.79689410857183,3.5208236071089276,0,0
2020-03-10T08:00:00Z,8.629998779296898,0,288.6099853515625,73.85169914633543,3.534586196943823,0,0
2020-03-10T09:00:00Z,8.249993896484398,0,287.5,73.85824725431843,3.580013794899052,0,0
2020-03-10T10:00:00Z,8.540002441406273,0,287.47998046875,73.20191119493069,3.55675411801198,0,0
2020-03-10T11:00:00Z,8.820001220703148,0,287.4700012207031,72.59004490052159,3.6140003492896726,0,0
2020-03-10T12:00:00Z,9.109979248046898,96.34800720214844,291.1300048828125,71.92932041148613,3.7336308996503957,0,0
2020-03-10T13:00:00Z,11.129998779296898,237.54400634765625,291.04998779296875,65.33310120282816,5.1226750243684895,0,0
2020-03-10T14:00:00Z,13.149987792968773,366.0000305175781,290.9700012207031,59.36490694422502,6.530926351750831,0,0
2020-03-10T15:00:00Z,15.159997558593773,280.1200256347656,336.2799987792969,53.99612976437431,7.944532286823332,0.004608000040054321,0
2020-03-10T16:00:00Z,14.950006103515648,328.4530029296875,336.2799987792969,57.92040111255978,8.886506268922714,0,0
2020-03-10T17:00:00Z,14.730004882812523,347.08203125,336.2699890136719,61.98420206412748,9.819500769396772,0,0
2020-03-10T18:00:00Z,14.519982910156273,286.7820129394531,357.91998291015625,66.10263699825457,10.763740108096933,0,0
2020-03-10T19:00:00Z,14.499993896484398,242.9470062255859,357.9100036621094,70.11402642775701,10.136532893455874,0,0
2020-03-10T20:00:00Z,14.469995117187523,194.4140167236328,357.8999938964844,74.18011848182806,9.503020281660362,0,0
2020-03-10T21:00:00Z,14.450006103515648,114.37300872802734,362.9499816894531,78.2041201991273,8.869210589459408,0,0
2020-03-10T22:00:00Z,13.700006103515648,55.63200378417969,362.97998046875,82.74757670804517,8.111627309262312,9.023999869823456e-4,0
2020-03-10T23:00:00Z,12.950006103515648,0,363.0099792480469,87.57341793500473,7.391569402390941,0.006815999507904053,0
2020-03-11T00:00:00Z,12.209985351562523,0,347.3699951171875,92.64052225912054,6.715429741322707,0,0
2020-03-11T01:00:00Z,11.920007324218773,0,347.3800048828125,92.9639045856157,6.313113293804499,0.004353600025177002,0
2020-03-11T02:00:00Z,11.640008544921898,0,347.3999938964844,93.20377857517789,6.121601157886438,0.0022175999879837037,0
2020-03-11T03:00:00Z,11.350000000000023,0,285.0199890136719,93.4813783513149,6.1478206188796145,0,0
2020-03-11T04:00:00Z,9.969995117187523,0,285.0899963378906,91.1929368926987,5.504043925916801,0,0
2020-03-11T05:00:00Z,8.600000000000023,0,285.1600036621094,87.56508025481226,5.562023001494681,0,0
2020-03-11T06:00:00Z,7.219995117187523,0,235.62998962402344,82.4618097985659,6.296729125135011,0,0
2020-03-11T07:00:00Z,5.829980468750023,0,235.67999267578125,84.72960669615082,5.440146898151561,0,0
2020-03-11T08:00:00Z,4.439996337890648,0,235.72999572753903,86.68593557008141,4.606516994155548,0,0
2020-03-11T09:00:00Z,3.0499816894531477,0,219.1199951171875,88.21831772282779,3.8145117126122017,0,0
2020-03-11T10:00:00Z,2.8099914550781477,0,219.12998962402344,87.68673003849437,3.4415838503437293,0,0
2020-03-11T11:00:00Z,2.5700012207031477,0,219.13999938964844,87.11547498633404,3.1443440036311263,0,0
2020-03-11T12:00:00Z,2.3299804687500227,124.24400329589844,222.6699981689453,86.50016385561815,2.919075043057858,0,0
2020-03-11T13:00:00Z,3.8299804687500227,298.6240234375,222.62998962402344,72.94186190780921,3.4098239179145584,0,0
2020-03-11T14:00:00Z,5.320001220703148,457.31201171875,222.58999633789065,61.36907445878515,3.9177160607467743,0,0
2020-03-11T15:00:00Z,6.809991455078148,575.32403564453125,247.20999145507813,51.44754924913493,4.430315695303593,0,0
2020-03-11T16:00:00Z,7.830041503906273,673.70904541015625,247.17999267578125,48.41479949782977,3.4024255863688087,0,0
2020-03-11T17:00:00Z,8.850000000000023,711.498046875,247.13999938964844,45.576030901150325,2.416609238128571,0,0
2020-03-11T18:00:00Z,9.869989013671898,637.03204345703125,283.07000732421875,42.92997420865397,1.5498709195441205,0,0
2020-03-11T19:00:00Z,10.260003662109398,539.89801025390625,283.04998779296875,42.47458336236859,1.3662357269590348,0,0
2020-03-11T20:00:00Z,10.649987792968773,432.5490112304687,283.0400085449219,42.01683488420641,1.809419753553909,0,0
2020-03-11T21:00:00Z,11.029992675781273,306.4000244140625,299.5099792480469,41.58433833314038,2.56204988311266,0,0
2020-03-11T22:00:00Z,10.329980468750023,150.6680145263672,299.5299987792969,46.40716560800524,2.49569620544363,0,0
2020-03-11T23:00:00Z,9.629998779296898,0,299.54998779296875,51.61161999743345,2.527647114914251,0,0
2020-03-12T00:00:00Z,8.929986572265648,0,315.7799987792969,57.22438602122789,2.6344069305693085,0,0
2020-03-12T01:00:00Z,8.350000000000023,0,315.79998779296875,58.700415892682734,2.4920874040646193,0,0
2020-03-12T02:00:00Z,7.769982910156273,0,315.8299865722656,60.20818473495798,2.3616306724264207,0,0
2020-03-12T03:00:00Z,7.189996337890648,0,281.72998046875,61.754204294757464,2.2451057321887586,0,0
2020-03-12T04:00:00Z,6.439996337890648,0,281.7599792480469,64.41430798083245,2.4310080052733967,0,0
2020-03-12T05:00:00Z,5.679986572265648,0,281.7900085449219,67.24072600421015,2.6608644409006037,0,0
2020-03-12T06:00:00Z,4.929986572265648,0,263.8800048828125,70.16566499668566,2.9421079249466997,0,0
2020-03-12T07:00:00Z,4.309991455078148,0,263.8999938964844,73.71444549410765,3.0169189812817185,0,0
2020-03-12T08:00:00Z,3.6799865722656477,0,263.91998291015625,77.5156585502337,3.0903235956610606,0,0
2020-03-12T09:00:00Z,3.0499816894531477,0,272.72998046875,81.53440672373193,3.1812732762382674,0,0
2020-03-12T10:00:00Z,3.6199890136718977,0,272.6999816894531,81.04645617956358,3.3121743509258565,0,0
2020-03-12T11:00:00Z,4.189996337890648,0,272.67999267578125,80.48167662449234,3.440930068015215,0,0
2020-03-12T12:00:00Z,4.760003662109398,79.98400115966797,318.2699890136719,79.84823703661812,3.5702239573244574,0,0
2020-03-12T13:00:00Z,5.920007324218773,187.67201232910156,318.2099914550781,76.04476384200659,3.713232991963398,0,0
2020-03-12T14:00:00Z,7.089990234375023,285.6800231933594,318.1600036621094,72.3453339350832,3.8755902174391723,0,0
2020-03-12T15:00:00Z,8.249993896484398,330.34100341796875,339.489990234375,68.85643848352491,4.050975172307178,0,0
2020-03-12T16:00:00Z,8.980004882812523,386.3270263671875,339.44000244140625,68.566256302753,4.551318224275356,0,0
2020-03-12T17:00:00Z,9.719995117187523,407.7410278320313,339.4100036621094,68.11410407291609,5.043589725306655,0,0
2020-03-12T18:00:00Z,10.450006103515648,374.33001708984375,348.239990234375,67.61250650384733,5.54866646851383,0,0
2020-03-12T19:00:00Z,10.619989013671898,317.35601806640625,348.22998046875,68.36033862749042,5.419390990852115,0,0
2020-03-12T20:00:00Z,10.779992675781273,254.56201171875,348.2099914550781,69.12840998272303,5.315881915459757,0,0
2020-03-12T21:00:00Z,10.950006103515648,174.7670135498047,348.47998046875,69.8271297045362,5.25978132614699,0,0
2020-03-12T22:00:00Z,10.149987792968773,86.86200714111328,348.5099792480469,73.16484353643683,5.273565923819647,0,0
2020-03-12T23:00:00Z,9.339990234375023,0,348.54998779296875,76.7379490103779,5.405598752878448,0,0
2020-03-13T00:00:00Z,8.540002441406273,0,344.8500061035156,80.44875570055264,5.628374424534841,0,0
2020-03-13T01:00:00Z,7.809991455078148,0,344.8899841308594,81.99354184951021,5.7204193377673285,0,0
2020-03-13T02:00:00Z,7.070001220703148,0,344.92999267578125,83.56112401091164,5.822172973657284,0.00783359956741333,0
2020-03-13T03:00:00Z,6.339990234375023,0,329.30999755859375,85.03389249250003,5.925976455706083,0.02519999885559082,0
2020-03-13T04:00:00Z,6.219995117187523,0,329.30999755859375,87.60124318229497,5.94254127921411,0.01582080030441284,0
2020-03-13T05:00:00Z,6.100000000000023,0,329.30999755859375,90.20528589706139,5.9764955144581515,0.010137599945068358,0
2020-03-13T06:00:00Z,5.989984130859398,0,347.05999755859375,92.77995560808846,6.006463042292624,0.010617599487304688,0
2020-03-13T07:00:00Z,6.339990234375023,0,347.03997802734375,93.28223350342246,6.211553556133849,0.003321600079536438,0
2020-03-13T08:00:00Z,6.689996337890648,0,347.0199890136719,93.70410810407408,6.440884967945271,0.005183999776840211,0
2020-03-13T09:00:00Z,7.049981689453148,0,358.1600036621094,93.99270682373745,6.7124137259112375,0.003475199818611145,0
2020-03-13T10:00:00Z,7.850000000000023,0,358.1099853515625,95.17333191757093,6.7662765175134005,0.022943999290466307,0
2020-03-13T11:00:00Z,8.649987792968773,0,358.05999755859375,95.97372483918008,6.9470711195663055,0.06839039611816407,0
2020-03-13T12:00:00Z,9.450006103515648,33.47600173950195,371.0299987792969,96.42911525195863,7.264798672368145,0.07547519874572754,0
2020-03-13T13:00:00Z,10.499993896484398,76.7760009765625,370.9700012207031,94.99091229901005,7.5586043284733995,0.01074239945411682,0
2020-03-13T14:00:00Z,11.540002441406273,116.1760025024414,370.9100036621094,93.39180494728213,8.089654071376438,0.0250079984664917,0
2020-03-13T15:00:00Z,12.579980468750023,323.010009765625,355.04998779296875,91.61773703056629,8.830730108045563,0.005529599905014038,0
2020-03-13T16:00:00Z,13.909997558593773,377.2550048828125,354.97998046875,87.00901457941973,7.9602260729061545,0.005452800035476685,0
2020-03-13T17:00:00Z,15.249993896484398,397.8940124511719,354.91998291015625,82.54388830872857,8.131574185921808,0,0
2020-03-13T18:00:00Z,16.579980468750023,649.2330322265625,322.2699890136719,78.33022655962051,9.2785450426807,0,0
2020-03-13T19:00:00Z,16.129998779296898,550.634033203125,322.30999755859375,70.65202116287273,9.781436531360171,0,0
2020-03-13T20:00:00Z,15.679986572265648,442.18902587890625,322.3599853515625,62.42702373248297,10.59134072560032,0,0
2020-03-13T21:00:00Z,15.230004882812523,282.9640197753906,290.22998046875,53.63111084821161,11.661783749287626,0,0
2020-03-13T22:00:00Z,13.239984130859398,142.09400939941406,290.32000732421875,54.260568487770165,10.611224611404554,0,0
2020-03-13T23:00:00Z,11.260003662109398,0,290.4100036621094,54.06755541005777,9.577473344997278,0,0
2020-03-14T00:00:00Z,9.269982910156273,0,236.5800018310547,52.870339090428374,8.566615557984461,0,0
2020-03-14T01:00:00Z,8.140008544921898,0,236.6199951171875,54.90627285518979,7.983188366956158,0,0
2020-03-14T02:00:00Z,7.010003662109398,0,236.6599884033203,56.955104978731896,7.42225029762733,0,0
2020-03-14T03:00:00Z,5.879998779296898,0,235.08999633789065,59.003163885822936,6.898071914721595,0,0
2020-03-14T04:00:00Z,5.079980468750023,0,235.1199951171875,61.94359167411039,6.953473944950588,0,0
2020-03-14T05:00:00Z,4.279992675781273,0,235.13999938964844,65.04786516955028,7.014299614623667,0,0
2020-03-14T06:00:00Z,3.4699951171875227,0,259.54998779296875,68.37786282542628,7.076637618474987,0,0
2020-03-14T07:00:00Z,3.0199829101562727,0,259.55999755859375,69.93824083716198,6.786162136575013,0,0
2020-03-14T08:00:00Z,2.5599914550781477,0,259.5799865722656,71.57457611705004,6.487903959424236,0,0
2020-03-14T09:00:00Z,2.1099792480468977,0,259.7799987792969,73.19921079376951,6.204337161315654,0,0
2020-03-14T10:00:00Z,2.2900024414062727,0,259.7799987792969,71.80977702058611,5.828429996345963,0,0
2020-03-14T11:00:00Z,2.4800048828125227,0,259.7699890136719,70.38594045511404,5.492139826942924,0,0
2020-03-14T12:00:00Z,2.6700073242187727,124.27200317382813,273.3699951171875,68.98761656836385,5.173663792727209,0,0
2020-03-14T13:00:00Z,3.6599975585937727,278.88800048828125,273.3299865722656,65.59510797364628,5.578826050219701,0,0
2020-03-14T14:00:00Z,4.640008544921898,419.64801025390625,273.29998779296875,62.42900459280848,6.05184260952094,0,0
2020-03-14T15:00:00Z,5.629998779296898,588.634033203125,262.3800048828125,59.37888455510532,6.578092411437149,0,0
2020-03-14T16:00:00Z,6.480004882812523,686.59906005859375,262.3500061035156,57.91326503279382,6.486000274067703,0,0
2020-03-14T17:00:00Z,7.339990234375023,723.73101806640625,262.32000732421875,56.40581549816884,6.410569300357972,0,0
2020-03-14T18:00:00Z,8.189996337890648,675.46405029296875,274.91998291015625,54.93457043879941,6.349716361431904,0,0
2020-03-14T19:00:00Z,8.359979248046898,573.0880126953125,274.91998291015625,54.382023938562995,6.401757237473096,0,0
2020-03-14T20:00:00Z,8.529992675781273,460.7190246582031,274.9100036621094,53.833883366797046,6.521058052401277,0,0
2020-03-14T21:00:00Z,8.700006103515648,313.5810241699219,293.8299865722656,53.293799454277355,6.698932620102437,0,0
2020-03-14T22:00:00Z,7.839990234375023,159.03700256347656,293.8599853515625,56.056738227194444,5.965936387677259,0,0
2020-03-14T23:00:00Z,6.969995117187523,0,293.8899841308594,59.02142433986889,5.2348925177790395,0,0
2020-03-15T00:00:00Z,6.109979248046898,0,294.0099792480469,62.12253405543199,4.5327804513171115,0,0
2020-03-15T01:00:00Z,5.459985351562523,0,294.0400085449219,63.12578386048414,4.083062413984241,0,0
2020-03-15T02:00:00Z,4.809991455078148,0,294.07000732421875,64.09925188671055,3.6545312691542238,0,0
2020-03-15T03:00:00Z,4.159997558593773,0,290,65.04235785560769,3.265286973737929,0,0
2020-03-15T04:00:00Z,3.7300048828125227,0,290.0199890136719,65.34496163859453,3.6281675231307933,0,0
2020-03-15T05:00:00Z,3.3099914550781477,0,290.0400085449219,65.55978957279916,4.007917194788116,0,0
2020-03-15T06:00:00Z,2.8799987792968977,0,267.8500061035156,65.77902114458615,4.397328847305426,0,0
2020-03-15T07:00:00Z,2.4099975585937727,0,267.8699951171875,64.30410371835836,4.019079247924665,0,0
2020-03-15T08:00:00Z,1.9399963378906477,0,267.8899841308594,62.65053045252057,3.653505023204736,0,0
2020-03-15T09:00:00Z,1.4699951171875227,0,280.0099792480469,60.810710382011465,3.2802438647523404,0,0
2020-03-15T10:00:00Z,1.3399902343750227,0,280.0099792480469,59.41673196829139,3.450362109059201,0,0
2020-03-15T11:00:00Z,1.2099853515625227,0,280.0199890136719,57.986794058739065,3.622333387501486,0,0
2020-03-15T12:00:00Z,1.0799804687500227,65.08399963378906,294.2599792480469,56.522033701337904,3.795813444848444,0,0
2020-03-15T13:00:00Z,1.7600036621093977,143.0800018310547,294.22998046875,55.4406733166119,4.184662546982634,0,0
2020-03-15T14:00:00Z,2.4500061035156477,214.09600830078125,294.19000244140625,54.30122418064116,4.575248341474976,0,0
2020-03-15T15:00:00Z,3.1299987792968977,552.63201904296875,258.6499938964844,53.19967499157742,4.967594822937062,0,0
2020-03-15T16:00:00Z,4.070001220703148,643.77703857421875,258.6199951171875,50.221809489986995,5.180357225612423,0,0
2020-03-15T17:00:00Z,5.010003662109398,678.17303466796875,258.5899963378906,47.430164205933764,5.384208048529767,0,0
2020-03-15T18:00:00Z,5.950006103515648,754.05401611328125,226.44000244140625,44.80688557404154,5.598115677424926,0,0
2020-03-15T19:00:00Z,6.010003662109398,639.99005126953125,226.44000244140625,44.30411892571815,5.693171405312055,0,0
2020-03-15T20:00:00Z,6.070001220703148,515.0770263671875,226.44000244140625,43.803029069590224,5.8005514117993435,0,0
2020-03-15T21:00:00Z,6.129998779296898,355.61700439453125,216.42999267578125,43.29970085629638,5.920354566429179,0,0
2020-03-15T22:00:00Z,4.399987792968773,182.09600830078125,216.47999572753903,49.131265611729816,4.98001005922352,0,0
2020-03-15T23:00:00Z,2.6799865722656477,0,216.52999877929688,55.808614191605,4.0634219165078775,0,0
2020-03-16T00:00:00Z,0.9599853515625227,0,203.87998962402344,63.48642104297405,3.1890436249491683,0,0
2020-03-16T01:00:00Z,0.5499816894531477,0,203.8999938964844,62.69888116357162,3.0661539189136118,0,0
2020-03-16T02:00:00Z,0.14998779296877274,0,203.9099884033203,61.76703901274202,2.9571775352506102,0,0
2020-03-16T03:00:00Z,-0.25000610351560226,0,202.45999145507813,60.72311195255559,2.8428506042134174,0,0
2020-03-16T04:00:00Z,-0.42999877929685226,0,202.45999145507813,61.383346471223334,2.791200285766518,0,0
2020-03-16T05:00:00Z,-0.6000122070312273,0,202.47000122070313,62.00383654805488,2.8353658991371913,0,0
2020-03-16T06:00:00Z,-0.7800048828124773,0,201.5,62.67671259850241,2.9780025643541994,0,0
2020-03-16T07:00:00Z,-0.9500183105468523,0,201.5,62.81634734531543,3.164948509303682,0,0
2020-03-16T08:00:00Z,-1.1300109863281023,0,201.5099945068359,62.99855769401223,3.360014883133306,0,0
2020-03-16T09:00:00Z,-1.3100036621093523,0,199.25,63.1842568419545,3.5813125816855553,0,0
2020-03-16T10:00:00Z,-1.1200012207031023,0,199.239990234375,61.13553743901064,3.647711506294117,0,0
2020-03-16T11:00:00Z,-0.9400085449218523,0,199.239990234375,59.17555618308443,3.756660633841081,0,0
2020-03-16T12:00:00Z,-0.7600158691406023,155.8800048828125,193.72000122070313,57.26556280514614,3.904510074512112,0,0
2020-03-16T13:00:00Z,0.32998046875002274,336.0320129394531,193.6999969482422,50.25498528548772,3.8143019841890893,0,0
2020-03-16T14:00:00Z,1.4200073242187727,500.08001708984375,193.67999267578125,44.023870193783345,4.003460820551258,0,0
2020-03-16T15:00:00Z,2.5100036621093977,641.925048828125,210.3199920654297,38.47761720661249,4.435538232348954,0,0
2020-03-16T16:00:00Z,3.3599792480468977,746.86602783203125,210.2899932861328,39.506252817861586,4.802020263262112,0,0
2020-03-16T17:00:00Z,4.209985351562523,786.26702880859375,210.2599945068359,40.28739880394225,5.388144322732258,0,0
2020-03-16T18:00:00Z,5.060021972656273,747.5370483398436,227.12998962402344,40.86117842487471,6.143394854319138,0,0
2020-03-16T19:00:00Z,5.140039062500023,634.66204833984375,227.1199951171875,44.32740204231914,6.364848476623084,0,0
2020-03-16T20:00:00Z,5.209985351562523,511.3330383300781,227.11000061035156,47.783948287007476,6.616955477191901,0,0
2020-03-16T21:00:00Z,5.280023193359398,334.3860168457031,265.66998291015625,51.198404140834505,6.908227032821049,0,0
2020-03-16T22:00:00Z,4.290002441406273,172.8260040283203,265.6999816894531,58.35266087651276,6.234484557234625,0,0
2020-03-16T23:00:00Z,3.2999816894531477,0,265.72998046875,66.30349535470235,5.57681810186907,0,0
2020-03-17T00:00:00Z,2.3099914550781477,0,254.88999938964844,75.14458184192085,4.9365978063760245,0,0
2020-03-17T01:00:00Z,1.7600036621093977,0,254.9099884033203,76.84691722098007,4.8651924359878915,0,0
2020-03-17T02:00:00Z,1.2000061035156477,0,254.9399871826172,78.62711009945244,4.800010214476849,0,0
2020-03-17T03:00:00Z,0.6499877929687727,0,269.9700012207031,80.38777573444591,4.731595677757762,0,0
2020-03-17T04:00:00Z,0.6799865722656477,0,269.9700012207031,83.52486820192836,4.645352515855689,0,0
2020-03-17T05:00:00Z,0.7199951171875227,0,269.9599914550781,86.57644788979468,4.581113371525189,0,0
2020-03-17T06:00:00Z,0.7499938964843977,0,314.7799987792969,89.6801799876039,4.513058598759849,0.00672000002861023,0
2020-03-17T07:00:00Z,0.9999938964843977,0,314.7599792480469,91.26948758904308,4.549736034145712,0.011606399774551392,0
2020-03-17T08:00:00Z,1.2499938964843977,0,314.739990234375,92.75928111581105,4.591785929470092,0.015470399379730224,0
2020-03-17T09:00:00Z,1.4999938964843977,0,322.07000732421875,94.17200347157751,4.625764819112962,0.0073727996349334714,0
2020-03-17T10:00:00Z,1.8099914550781477,0,322.05999755859375,93.80897767852132,4.18168622077839,0.003388799786567688,0
2020-03-17T11:00:00Z,2.1199890136718977,0,322.03997802734375,93.43444683781645,3.738836617010081,0.0036671998500823976,0
2020-03-17T12:00:00Z,2.4299865722656477,56.11600112915039,322.80999755859375,93.02099543558032,3.2977111699913557,0,0
2020-03-17T13:00:00Z,3.0700012207031477,118.73600769042967,322.7799987792969,90.05187527811422,3.0549139936924146,0,0
2020-03-17T14:00:00Z,3.7199951171875227,175.760009765625,322.75,87.11069020867293,2.869999952432586,0,0
2020-03-17T15:00:00Z,4.369989013671898,259.5810241699219,326.2699890136719,84.27761229686566,2.764633781572664,0,0
2020-03-17T16:00:00Z,5.140039062500023,301.6470031738281,326.22998046875,83.24621287675434,2.8783500446886663,0,0
2020-03-17T17:00:00Z,5.909997558593773,317.3630065917969,326.19000244140625,82.11265458168026,3.44595406997833,0,0
2020-03-17T18:00:00Z,6.670007324218773,306.9440002441406,327.42999267578125,80.93914051017292,4.2922255381317544,0,0
2020-03-17T19:00:00Z,7.159997558593773,260.66302490234375,327.3999938964844,81.35390992645002,4.4587554444583795,0,0
2020-03-17T20:00:00Z,7.649987792968773,210.22900390625,327.3800048828125,81.65972878396762,4.737129938734795,0,0
2020-03-17T21:00:00Z,8.130029296875023,295.9480285644531,297.6000061035156,81.91440008665838,5.1090997040430155,0,0
2020-03-17T22:00:00Z,7.570001220703148,154.32400512695313,297.6199951171875,84.663919942928,4.50781551971599,0,0
2020-03-17T23:00:00Z,6.999993896484398,1.3920000791549685,297.6399841308594,87.57534545859109,3.9152011116667755,0,0
2020-03-18T00:00:00Z,6.439996337890648,0,298.1600036621094,90.5281229550713,3.329879717874019,0,0
2020-03-18T01:00:00Z,6.089990234375023,0,298.17999267578125,89.37008664250753,3.0907926927582956,0,0
2020-03-18T02:00:00Z,5.739984130859398,0,298.1999816894531,88.09637023110453,3.2423447936654144,0,0
2020-03-18T03:00:00Z,5.390008544921898,0,289.25,86.70480905013159,3.7485463857987655,0,0
2020-03-18T04:00:00Z,4.989984130859398,0,289.2699890136719,85.1220727619069,3.885254012386895,0,0
2020-03-18T05:00:00Z,4.589990234375023,0,289.2900085449219,83.37639208332686,4.031724059768884,0,0
2020-03-18T06:00:00Z,4.189996337890648,0,268.82000732421875,81.45731395525262,4.186931938197647,0,0
2020-03-18T07:00:00Z,3.5100036621093977,0,268.8599853515625,81.55844032051996,3.953795598261927,0,0
2020-03-18T08:00:00Z,2.8399902343750227,0,268.8899841308594,81.43726490971243,3.7350366885005992,0,0
2020-03-18T09:00:00Z,2.1599975585937727,0,235.8199920654297,81.17458447686143,3.5466321351376826,0,0
2020-03-18T10:00:00Z,2.1400085449218977,0,235.8199920654297,80.39927364018727,3.112635502910546,0,0
2020-03-18T11:00:00Z,2.1199890136718977,0,235.8300018310547,79.61392603144306,2.7118443509102095,0,0
2020-03-18T12:00:00Z,2.1000000000000227,164.6800079345703,214.3300018310547,78.83138630575351,2.3385465250238084,0,0
2020-03-18T13:00:00Z,3.2199951171875227,342.280029296875,214.29998779296875,68.98137758390425,2.560351489908717,0,0
2020-03-18T14:00:00Z,4.350000000000023,504.0480346679687,214.27999877929688,60.197885072257534,2.810640439163304,0,0
2020-03-18T15:00:00Z,5.480004882812523,642.29705810546875,236.12998962402344,52.403316785438484,3.1009675133531007,0,0
2020-03-18T16:00:00Z,6.469995117187523,745.4320068359375,236.08999633789065,51.2243556265765,1.1961605242049305,0,0
2020-03-18T17:00:00Z,7.459985351562523,783.7870483398436,236.05999755859375,50.001779496745804,0.9625486765975423,0,0
2020-03-18T18:00:00Z,8.450036621093773,647.56304931640625,280.80999755859375,48.73817923070086,2.8398943214163888,0,0
2020-03-18T19:00:00Z,9.059991455078148,550.1280517578125,280.7799987792969,48.651461977310596,3.2290244762633646,0,0
2020-03-18T20:00:00Z,9.659997558593773,444.14501953125,280.75,48.53705964577839,3.6113847724296697,0,0
2020-03-18T21:00:00Z,10.269982910156273,335.28802490234375,287.32000732421875,48.32607887872079,3.9959228124189754,0,0
2020-03-18T22:00:00Z,9.109979248046898,176.35400390625,287.3500061035156,53.81044892164852,3.8801158208864166,0,0
2020-03-18T23:00:00Z,7.939996337890648,4.800000190734863,287.3899841308594,59.954916685965586,3.7659128986517705,0,0
2020-03-19T00:00:00Z,6.779992675781273,0,283.3399963378906,66.74920556990031,3.6640004651900178,0,0
2020-03-19T01:00:00Z,6.299981689453148,0,283.3599853515625,67.55783195887552,4.320011528251419,0,0
2020-03-19T02:00:00Z,5.809991455078148,0,283.3800048828125,68.4066769702887,5.000289973395437,0,0
2020-03-19T03:00:00Z,5.329980468750023,0,305.91998291015625,69.18539170798063,5.685991342179041,1.9199999514967202e-5,0
2020-03-19T04:00:00Z,4.969995117187523,0,305.91998291015625,75.41335953349504,5.110234869880125,0.00927359962463379,0
2020-03-19T05:00:00Z,4.619989013671898,0,305.92999267578125,81.86002072822464,4.52733924010532,0.02505600070953369,0
2020-03-19T06:00:00Z,4.260003662109398,0,333.6499938964844,88.64559802988568,3.956071146557655,0.06318719673156738,0
2020-03-19T07:00:00Z,4.399987792968773,0,333.6399841308594,91.30334540544557,4.1367256575140425,0.08284799766540528,0
2020-03-19T08:00:00Z,4.529992675781273,0,333.6300048828125,93.95711047302332,4.695210230978256,0.08511359596252441,0
2020-03-19T09:00:00Z,4.670007324218773,0,341.16998291015625,96.47849221774406,5.5192842680685485,0.056428796768188474,0
2020-03-19T10:00:00Z,5.179986572265648,0,341.1499938964844,95.42217051984186,5.182759809896088,0.06721919631958008,0
2020-03-19T11:00:00Z,5.679986572265648,0,341.1199951171875,94.40628204346781,5.086531214567743,0.0241343994140625,0
2020-03-19T12:00:00Z,6.189996337890648,39.512001037597656,344.2799987792969,93.29540145875026,5.23859715847476,0.003177599787712097,0
2020-03-19T13:00:00Z,6.629998779296898,80.73600006103516,344.2599792480469,91.94564993077945,4.6698394905433664,0,0
2020-03-19T14:00:00Z,7.070001220703148,118.30400848388672,344.239990234375,90.60060353086101,4.116904102666764,0.005107199907302858,0
2020-03-19T15:00:00Z,7.510003662109398,298.9730224609375,345.04998779296875,89.26461751464707,3.5654452750992376,0,0
2020-03-19T16:00:00Z,8.660028076171898,346.5680236816406,344.989990234375,87.36141076427528,3.383755293096173,0,0
2020-03-19T17:00:00Z,9.810021972656273,364.16302490234375,344.92999267578125,85.27443077237766,3.2228092753382103,0,0
2020-03-19T18:00:00Z,10.950036621093773,660.78302001953125,324.05999755859375,83.1110661511762,3.0795616010056417,0,0
2020-03-19T19:00:00Z,11.680047607421898,561.51202392578125,324.0199890136719,82.24142034864141,3.099193485196457,0,0
2020-03-19T20:00:00Z,12.399987792968773,453.7990112304687,323.97998046875,81.3401300274175,3.1457907609564173,0,0
2020-03-19T21:00:00Z,13.119989013671898,345.9730224609375,316.0299987792969,80.35833484064071,3.236865794751914,0,0
2020-03-19T22:00:00Z,12.340020751953148,183.5070037841797,316.05999755859375,84.83106978211988,2.6078342743930807,0,0
2020-03-19T23:00:00Z,11.549981689453148,8.208000183105469,316.0899963378906,89.6370667167196,2.211628276347549,0,0
2020-03-20T00:00:00Z,10.760003662109398,0,343.30999755859375,94.74729816294601,2.1982947481464796,0,0
2020-03-20T01:00:00Z,10.399987792968773,0,343.3299865722656,95.17166186242662,1.9525624189766635,0,0
2020-03-20T02:00:00Z,10.030023193359398,0,343.3500061035156,95.6270911746406,1.70414190493862,0,0
2020-03-20T03:00:00Z,9.670007324218773,0,345.9100036621094,95.99258714906813,1.48677501185129,0,0
2020-03-20T04:00:00Z,9.790002441406273,0,345.8999938964844,96.19169294110064,2.238771934401826,0,0
2020-03-20T05:00:00Z,9.899987792968773,0,345.8999938964844,96.44550060218262,3.094915113440508,0,0
2020-03-20T06:00:00Z,10.019982910156273,0,367.3199768066406,96.62692037999798,4.00660699210156,0.0011903999447822572,0
2020-03-20T07:00:00Z,10.209985351562523,0,367.2999877929687,96.65616613017642,4.483324521713156,0.02219519948959351,0
2020-03-20T08:00:00Z,10.409997558593773,0,367.28997802734375,96.60344725510618,5.01027945359188,0.007219199895858765,0
2020-03-20T09:00:00Z,10.600000000000023,0,374.4700012207031,96.59890946189041,5.573239327306508,0,0
2020-03-20T10:00:00Z,11.200006103515648,0,374.44000244140625,95.53644350269782,5.782263622433807,0.008447999954223634,0
2020-03-20T11:00:00Z,11.790002441406273,0,374.3999938964844,94.48556231273437,6.087919752011912,0.019516799926757814,0
2020-03-20T12:00:00Z,12.379998779296898,93.3800048828125,366.05999755859375,93.39113503296086,6.482013281201563,0,0
2020-03-20T13:00:00Z,13.499993896484398,187.7360076904297,365.989990234375,92.53034945508678,6.66153628598359,0,0
2020-03-20T14:00:00Z,14.609979248046898,273.6960144042969,365.9299926757813,91.41479644134265,6.844703590462766,0.03485759925842284,0
2020-03-20T15:00:00Z,15.719995117187523,323.6520080566406,388.9599914550781,90.04193700273177,7.039893469492141,0.016262399196624755,0
2020-03-20T16:00:00Z,17.399987792968773,374.7120056152344,388.8599853515625,86.33364587427995,8.021396273883886,0.004723199844360352,0
2020-03-20T17:00:00Z,19.070001220703148,393.4990234375,388.7699890136719,82.58024521489766,9.064573934403034,0.0012479999363422393,0
2020-03-20T18:00:00Z,20.749993896484398,571.61199951171875,376.6099853515625,78.74003038540083,10.13632029337896,0,0
2020-03-20T19:00:00Z,21.670007324218773,485.884033203125,376.5699768066406,74.16017403303562,10.4580397969202,0,0
2020-03-20T20:00:00Z,22.589990234375023,393.0540161132813,376.5299987792969,69.87428389548401,10.944884661419234,0,0
2020-03-20T21:00:00Z,23.510003662109398,303.7070007324219,368.739990234375,65.8597253602643,11.59062092591495,8.447999954223633e-4,0
2020-03-20T22:00:00Z,22.269982910156273,162.4010009765625,368.80999755859375,65.90873193399402,10.723921680261203,7.391999959945678e-4,0
2020-03-20T23:00:00Z,21.040002441406273,9.984000205993652,368.8800048828125,65.53536746949489,10.008261641356512,0.006681600093841553,0
2020-03-21T00:00:00Z,19.809991455078148,0,326.91998291015625,64.71414500031048,9.460157952315688,0,0
2020-03-21T01:00:00Z,18.179986572265648,0,327,66.88727157969996,9.220005690020306,0,0
2020-03-21T02:00:00Z,16.540002441406273,0,327.07000732421875,68.89030748115235,9.133958082093324,0,0
2020-03-21T03:00:00Z,14.909997558593773,0,316.92999267578125,70.54592044989388,9.187735784087186,0,0
2020-03-21T04:00:00Z,13.140008544921898,0,317.0199890136719,72.58900712334376,9.099098413805761,0,0
2020-03-21T05:00:00Z,11.369989013671898,0,317.1099853515625,74.14585739156378,9.168991229731787,0,0
2020-03-21T06:00:00Z,9.600000000000023,0,267.9100036621094,75.04103742864064,9.376358303923967,0,0
2020-03-21T07:00:00Z,7.730004882812523,0,268,76.2710844112166,8.807326195220375,0,0
2020-03-21T08:00:00Z,5.869989013671898,0,268.0799865722656,76.47757481145551,8.346136632300489,0,0
2020-03-21T09:00:00Z,3.9999938964843977,0,252.5699920654297,75.43671230516617,7.996380147371266,0,0
2020-03-21T10:00:00Z,3.3399902343750227,0,252.59999084472656,75.15074541085144,7.470608780807477,0,0
2020-03-21T11:00:00Z,2.6899963378906477,0,252.62998962402344,74.61531683961643,7.1533626734827225,0,0
2020-03-21T12:00:00Z,2.0400024414062727,175.37600708007813,221.86000061035156,73.88255347709345,7.079865758735845,0,0
2020-03-21T13:00:00Z,2.6799865722656477,347.1440124511719,221.84999084472656,67.6078960721698,7.069999694824219,0,0
2020-03-21T14:00:00Z,3.3200012207031477,503.6640319824219,221.83999633789065,61.7735213456473,7.0990702841880156,0,0
2020-03-21T15:00:00Z,3.9599853515625227,651.5830078125,232.01998901367188,56.325738119827875,7.165870172058645,0,0
2020-03-21T16:00:00Z,4.769982910156273,753.4720458984375,231.989990234375,52.82173933071761,7.061338027632319,0,0
2020-03-21T17:00:00Z,5.589990234375023,790.79705810546875,231.97000122070313,49.52015752656801,6.992317029381927,0,0
2020-03-21T18:00:00Z,6.399987792968773,757.8890380859375,238.5699920654297,46.466958511563575,6.975385280892702,0,0
2020-03-21T19:00:00Z,6.390008544921898,644.404052734375,238.5699920654297,47.15070800148252,6.262307576099519,0,0
2020-03-21T20:00:00Z,6.379998779296898,521.78900146484375,238.5699920654297,47.84116176975556,5.536153535000339,0,0
2020-03-21T21:00:00Z,6.369989013671898,357.4280090332031,257.7799987792969,48.52662542860893,4.823079758377917,0,0
2020-03-21T22:00:00Z,5.399987792968773,192.62501525878903,257.82000732421875,50.938566368350074,4.822499050616887,0,0
2020-03-21T23:00:00Z,4.429986572265648,14.944000244140623,257.8500061035156,53.476169344215066,4.846080953361889,0,0
2020-03-22T00:00:00Z,3.4599853515625227,0,217.22999572753903,56.1432528327404,4.891645880894904,0,0
2020-03-22T01:00:00Z,2.4099975585937727,0,217.26998901367188,57.88357767477468,4.3442950821529704,0,0
2020-03-22T02:00:00Z,1.3599792480468977,0,217.29998779296875,59.578077953968524,3.787149347779965,0,0
2020-03-22T03:00:00Z,0.30999145507814774,0,203.05999755859375,61.207522485736305,3.2398763732813096,0,0
2020-03-22T04:00:00Z,0.12999877929689774,0,203.0699920654297,58.68009637565254,3.5068218045031974,0,0
2020-03-22T05:00:00Z,-0.04999389648435226,0,203.0800018310547,56.077705036004566,3.8027620716310904,0,0
2020-03-22T06:00:00Z,-0.23001708984372726,0,209.63999938964844,53.38202405124801,4.115264241516914,0,0
2020-03-22T07:00:00Z,-0.5499938964843523,0,209.6499938964844,54.46496965354896,3.9942583012444186,0,0
2020-03-22T08:00:00Z,-0.8800109863281023,0,209.6599884033203,55.610250470793915,3.8849066256197515,0,0
2020-03-22T09:00:00Z,-1.2000183105468523,0,190.739990234375,56.73531410255818,3.806231678459784,0,0
2020-03-22T10:00:00Z,-1.0700134277343523,0,190.739990234375,54.75361469710054,4.0564147149309155,0,0
2020-03-22T11:00:00Z,-0.9400085449218523,0,190.739990234375,52.81693321974625,4.302615439303202,0,0
2020-03-22T12:00:00Z,-0.8200134277343523,189.29600524902344,194.17999267578125,50.93948205250157,4.550439442488893,0,0
2020-03-22T13:00:00Z,0.019982910156272737,369.176025390625,194.1599884033203,46.580334587326874,4.504319898877827,0,0
2020-03-22T14:00:00Z,0.8500000000000227,533.10400390625,194.13999938964844,42.596596741025095,4.484015840892057,0,0
2020-03-22T15:00:00Z,1.6899963378906477,681.1380615234375,206.1699981689453,38.91225430943437,4.489498678822172,0,0
2020-03-22T16:00:00Z,2.5499816894531477,786.717041015625,206.13999938964844,38.831165516116016,3.769615356139509,0,0
2020-03-22T17:00:00Z,3.4099975585937727,825.18206787109375,206.1199951171875,38.630823772879666,3.345399740800046,0,0
2020-03-22T18:00:00Z,4.269982910156273,791.4840087890625,218.55999755859375,38.3333673190903,3.330059899344145,0,0
2020-03-22T19:00:00Z,4.519982910156273,673.15203857421875,218.54998779296875,39.16819889578776,3.940279189834339,0,0
2020-03-22T20:00:00Z,4.779992675781273,545.58502197265625,218.52999877929688,39.94037299243343,4.541893620093944,0,0
2020-03-22T21:00:00Z,5.029992675781273,387.9280090332031,229.5800018310547,40.69733360540094,5.144103342224022,0,0
2020-03-22T22:00:00Z,3.8900085449218977,210.6640167236328,229.61000061035156,46.41371964189047,4.800354055082377,0,0
2020-03-22T23:00:00Z,2.7399841308593977,19.61600112915039,229.63999938964844,52.87606759150961,4.496776505399637,0,0
2020-03-23T00:00:00Z,1.6000000000000227,0,257.07000732421875,60.1193494222332,4.234016877472748,0,0
2020-03-23T01:00:00Z,1.3200012207031477,0,257.0899963378906,59.182921810218524,4.709670792917605,0,0
2020-03-23T02:00:00Z,1.0400024414062727,0,257.1000061035156,58.19031989317167,5.272200608740563,0,0
2020-03-23T03:00:00Z,0.7600036621093977,0,270.3500061035156,57.13990749669739,5.8915275543962,0,0
2020-03-23T04:00:00Z,0.6899963378906477,0,270.3500061035156,59.87293185207699,4.965289485286732,0,0
2020-03-23T05:00:00Z,0.6199890136718977,0,270.3500061035156,62.64428897165895,4.04411911703334,0,0
2020-03-23T06:00:00Z,0.5499816894531477,0,278.2699890136719,65.43197304910278,3.119246610010582,0,0
2020-03-23T07:00:00Z,0.39998779296877274,0,278.2699890136719,69.13547557618574,3.370281726369492,2.8800000250339485e-4,0
2020-03-23T08:00:00Z,0.23998413085939774,0,278.2699890136719,72.96992721235377,3.8029593206723153,0,0
2020-03-23T09:00:00Z,0.08999023437502274,0,298.489990234375,76.81233994363376,4.3635765233083825,0.0018335999250411988,0
2020-03-23T10:00:00Z,0.12999877929689774,0,298.47998046875,78.33861786644613,5.108003561839398,0.0013343999683856965,0
2020-03-23T11:00:00Z,0.17000732421877274,0.7120000123977661,298.47998046875,79.8617549926021,5.857960251307016,0.005049600005149841,0
2020-03-23T12:00:00Z,0.21999511718752274,43.14400100708008,311.6600036621094,81.31329943043431,6.603544179729752,0.0016319999098777772,0
2020-03-23T13:00:00Z,0.6400085449218977,82.9520034790039,311.6399841308594,83.04180285337067,6.574686008904501,4.031999856233597e-4,0
2020-03-23T14:00:00Z,1.0499816894531477,119.23200225830078,311.6099853515625,84.64342986050926,6.555341380880809,0.005870399951934813,0
2020-03-23T15:00:00Z,1.4699951171875227,120.28600311279295,319.72998046875,86.02435053335125,6.52304384589529,0.007574399471282959,0
2020-03-23T16:00:00Z,2.1599975585937727,138.77000427246094,319.69000244140625,86.18955611777156,7.0866208582322034,0.004262399911880493,0
2020-03-23T17:00:00Z,2.8399902343750227,145.45700073242188,319.6600036621094,86.20200748604194,7.654051071343488,0.012787199020385743,0
2020-03-23T18:00:00Z,3.5299926757812727,196.2050018310547,330.30999755859375,85.95965997106836,8.218223501583095,0.023654399871826173,0
2020-03-23T19:00:00Z,4.109979248046898,166.9250030517578,330.2699890136719,88.31271649277652,7.427819077126426,0.07203359985351562,0
2020-03-23T20:00:00Z,4.689996337890648,135.41799926757813,330.22998046875,90.32500064349527,6.660547967454395,0.06407999610900879,0
2020-03-23T21:00:00Z,5.270043945312523,127.1820068359375,336.5199890136719,92.03976058062193,5.918251144413588,0.058895999908447266,0
2020-03-23T22:00:00Z,5.109979248046898,69.57600402832031,336.5199890136719,93.75242340680077,5.489416952770944,0.10230719375610352,0
2020-03-23T23:00:00Z,4.959985351562523,7.520000457763672,336.5299987792969,95.43121802156351,5.280605758801707,0.08564159774780274,0
2020-03-24T00:00:00Z,4.809991455078148,0,332.2599792480469,97.13085690551713,5.295441273185793,0.010857599973678588,0
2020-03-24T01:00:00Z,4.590020751953148,0,332.2799987792969,95.62632511809487,4.665629494789449,0.0039983997344970705,0
2020-03-24T02:00:00Z,4.369989013671898,0,332.28997802734375,94.0578987412428,4.812525233373504,0,0
2020-03-24T03:00:00Z,4.149987792968773,0,330.8399963378906,92.41945024786565,5.6782476744681745,0,0
2020-03-24T04:00:00Z,3.8900085449218977,0,330.8500061035156,92.9755750667982,5.323917688459288,0.010454399585723877,0
2020-03-24T05:00:00Z,3.6299987792968977,0,330.8699951171875,93.51707448560407,5.030009673319306,0,0
2020-03-24T06:00:00Z,3.3699890136718977,0,317.9700012207031,94.04982400325564,4.796425503280402,0.0038927997350692747,0
2020-03-24T07:00:00Z,3.0899902343750227,0,317.97998046875,94.05811554028581,4.371464243092836,0,0
2020-03-24T08:00:00Z,2.8099914550781477,0,318,94.0319647264252,3.9656146580867127,0,0
2020-03-24T09:00:00Z,2.5199829101562727,0,273.3899841308594,94.036127824878207,3.597012584185972,0,0
2020-03-24T10:00:00Z,2.5100036621093977,0,273.3899841308594,93.17062333428159,3.963394998263732,0,0
2020-03-24T11:00:00Z,2.4999938964843977,5.135000228881836,273.3899841308594,92.30025103742472,4.326291585268825,0,0
2020-03-24T12:00:00Z,2.4999938964843977,143.48001098632813,273.5799865722656,91.3639954285678,4.693623082381604,0.004262399911880493,0
2020-03-24T13:00:00Z,3.4999938964843977,272.1360168457031,273.5400085449219,87.18952282251625,4.938673856433561,0,0
2020-03-24T14:00:00Z,4.510003662109398,389.4080200195313,273.5,83.13578671256182,5.185903877124019,0,0
2020-03-24T15:00:00Z,5.510003662109398,489.5290222167969,291.0400085449219,79.33379464084712,5.453219325817771,0,0
2020-03-24T16:00:00Z,6.439996337890648,564.0830078125,291,75.65200423650457,4.60014122410048,0,0
2020-03-24T17:00:00Z,7.359979248046898,590.95001220703125,290.9599914550781,72.20307089902019,3.7713260075196122,0,0
2020-03-24T18:00:00Z,8.290002441406273,709.0140380859375,279.5400085449219,68.87277408013011,2.9589525640669976,0,0
2020-03-24T19:00:00Z,8.839990234375023,603.33599853515625,279.5199890136719,67.85904401107959,2.861747612693341,0,0
2020-03-24T20:00:00Z,9.399987792968773,489.89501953125,279.489990234375,66.79012384302582,2.7801618371754713,0,0
2020-03-24T21:00:00Z,9.959985351562523,377.1790161132813,276.5099792480469,65.71108188317645,2.6947542200916326,0,0
2020-03-24T22:00:00Z,8.989984130859398,207.82701110839844,276.54998779296875,69.38675463032396,2.413503587087888,0,0
2020-03-24T23:00:00Z,8.029992675781273,25.472002029418945,276.5799865722656,73.24480368932042,2.363810478013711,0,0
2020-03-25T00:00:00Z,7.070001220703148,0,286.489990234375,77.33671461505136,2.5761404333271036,0,0
2020-03-25T01:00:00Z,6.309991455078148,0,286.5199890136719,79.00946065518482,2.5551906728983065,0,0
2020-03-25T02:00:00Z,5.559991455078148,0,286.55999755859375,80.6060836142429,2.558945108866236,0,0
2020-03-25T03:00:00Z,4.799981689453148,0,269.97998046875,82.21653602685106,2.576606236296557,0,0
2020-03-25T04:00:00Z,4.420037841796898,0,270,82.84697393232449,2.503197891850406,0,0
2020-03-25T05:00:00Z,4.040002441406273,0,270.0199890136719,83.45511667767188,2.4318922098610156,0,0
2020-03-25T06:00:00Z,3.6599975585937727,0,269.739990234375,84.04736191329832,2.3750789080109986,0,0
2020-03-25T07:00:00Z,3.4299865722656477,0,269.739990234375,85.21636845048484,2.32697221458639,0,0
2020-03-25T08:00:00Z,3.2000061035156477,0,269.75,86.39260044142775,2.3753945976516455,0,0
2020-03-25T09:00:00Z,2.9699951171875227,0,291.3599853515625,87.60004331476095,2.4960968164655006,0,0
2020-03-25T10:00:00Z,3.5599914550781477,0,291.3399963378906,85.86702816584055,3.052212323810096,0,0
2020-03-25T11:00:00Z,4.159997558593773,8.778000831604004,291.30999755859375,84.08758686343819,3.611883111348231,0,0
2020-03-25T12:00:00Z,4.760003662109398,142.56800842285156,314.44000244140625,82.32232217175732,4.176373894614056,0,0
2020-03-25T13:00:00Z,5.529992675781273,266.88800048828125,314.4100036621094,78.70482972989045,4.7938815312649545,3.83999990299344e-5,0
2020-03-25T14:00:00Z,6.309991455078148,380.2240295410156,314.3699951171875,75.20729824340953,5.415025090769715,9.599999757483601e-6,0
2020-03-25T15:00:00Z,7.079980468750023,411.9510192871094,329.4700012207031,71.93894526488019,6.0386834840105905,0,0
2020-03-25T16:00:00Z,7.480004882812523,474.1570129394531,329.4499816894531,71.31562936718566,6.531653461497302,0,0
2020-03-25T17:00:00Z,7.879998779296898,496.4580383300781,329.41998291015625,70.68037454750174,7.063851544985723,0,0
2020-03-25T18:00:00Z,8.269982910156273,444.1490173339844,336.5,70.07519127588724,7.643833971337426,9.599999757483601e-6,0
2020-03-25T19:00:00Z,8.410028076171898,378.041015625,336.489990234375,70.66679131243416,7.19700596967914,9.599999757483601e-6,0
2020-03-25T20:00:00Z,8.549981689453148,307.23602294921875,336.47998046875,71.24286265327632,6.763105456341014,0,0
2020-03-25T21:00:00Z,8.679986572265648,198.1750030517578,333.1099853515625,71.84624280414054,6.357208404634158,0,0
2020-03-25T22:00:00Z,8.079980468750023,109.96500396728516,333.1399841308594,74.51264108980439,5.409509836712446,0,0
2020-03-25T23:00:00Z,7.470025634765648,15.008000373840332,333.1600036621094,77.3377391354253,4.533574481347976,0,0
2020-03-26T00:00:00Z,6.859979248046898,0,323.3500061035156,80.29197037002373,3.7926903466176474,0,0
2020-03-26T01:00:00Z,6.200036621093773,0,323.3899841308594,80.04162920113679,3.380946583515732,0,0
2020-03-26T02:00:00Z,5.540002441406273,0,323.42999267578125,79.60447639190521,2.9954130940865507,0,0
2020-03-26T03:00:00Z,4.869989013671898,0,288.7799987792969,79.02335954669977,2.647564793010916,0,0
2020-03-26T04:00:00Z,4.320001220703148,0,288.79998779296875,79.99864097756004,2.21923410802602,0,0
2020-03-26T05:00:00Z,3.7699829101562727,0,288.8299865722656,80.94515786569191,1.9309323630486115,0,0
2020-03-26T06:00:00Z,3.2099853515625227,0,234.8300018310547,81.90718906487629,1.8242806681349726,0,0
2020-03-26T07:00:00Z,2.6599975585937727,0,234.84999084472656,83.22120788161176,1.966214574990661,0,0
2020-03-26T08:00:00Z,2.1099792480468977,0,234.8699951171875,84.51939220766496,2.1260290481614104,0,0
2020-03-26T09:00:00Z,1.5499816894531477,0,232.27999877929688,85.86325844034067,2.2899999618530273,0,0
2020-03-26T10:00:00Z,2.2999816894531477,0,232.25,83.5861027233197,2.094683661413967,0,0
2020-03-26T11:00:00Z,3.0400024414062727,13.61400032043457,232.22999572753903,81.3961811037032,1.9106281549778958,0,0
2020-03-26T12:00:00Z,3.7900024414062727,202.656005859375,247.83999633789065,79.18160498149912,1.7414074134052657,0,0
2020-03-26T13:00:00Z,5.609979248046898,374.6640319824219,247.76998901367188,73.55655633255792,1.1301769421251024,0,0
2020-03-26T14:00:00Z,7.439996337890648,531.4720458984375,247.70999145507813,68.21451760827853,0.7810889924422056,0,0
2020-03-26T15:00:00Z,9.260003662109398,633.7230224609375,279.41998291015625,63.248870222172826,1.0242069801218794,0,0
2020-03-26T16:00:00Z,10.679986572265648,728.60601806640625,279.3599853515625,61.940232704134,2.039607800761341,0,0
2020-03-26T17:00:00Z,12.089990234375023,762.4190063476564,279.29998779296875,60.428629371075246,3.105173011050812,0,0
2020-03-26T18:00:00Z,13.510003662109398,752.8380126953125,294.57000732421875,58.69786308834817,4.180574016673636,0,0
2020-03-26T19:00:00Z,14.210046386718773,640.94403076171875,294.5400085449219,58.36456994863361,4.694645804328164,0,0
2020-03-26T20:00:00Z,14.920007324218773,521.35699462890625,294.5099792480469,57.91139794559499,5.209222514593034,0,0
2020-03-26T21:00:00Z,15.619989013671898,381.5960083007813,290.1199951171875,57.425450165095974,5.724168006244097,0,0
2020-03-26T22:00:00Z,14.239984130859398,213.17100524902344,290.16998291015625,63.34635755101543,5.577562165984668,0,0
2020-03-26T23:00:00Z,12.869989013671898,31.952001571655273,290.2200012207031,69.89073030303372,5.5288785753127545,0,0
2020-03-27T00:00:00Z,11.489984130859398,0,291.6999816894531,77.23187521454047,5.5806807323590455,0,0
2020-03-27T01:00:00Z,10.829980468750023,0,291.72998046875,78.55810235989298,5.890950399397538,0,0
2020-03-27T02:00:00Z,10.179986572265648,0,291.7599792480469,79.81022149710716,6.2515998055494615,0,0
2020-03-27T03:00:00Z,9.529992675781273,0,324.5199890136719,81.03594831380227,6.651563730825355,0,0
2020-03-27T04:00:00Z,9.499993896484398,0,324.5199890136719,81.98270926197901,6.06775885873434,0,0
2020-03-27T05:00:00Z,9.480004882812523,0,324.5199890136719,82.88171377045887,5.553602193187342,0,0
2020-03-27T06:00:00Z,9.459985351562523,0,351.0799865722656,83.77819336795744,5.1358544225330425,0,0
2020-03-27T07:00:00Z,9.299981689453148,0,351.0799865722656,85.61760415613726,4.2549380934904075,0,0
2020-03-27T08:00:00Z,9.149987792968773,0,351.0899963378906,87.42895662069911,3.416694197168543,0,0
2020-03-27T09:00:00Z,8.989984130859398,0,355.55999755859375,89.33093099784794,2.6639068085670297,0,0
2020-03-27T10:00:00Z,9.219995117187523,0,355.54998779296875,87.57922383001788,2.2412942379778484,0,0
2020-03-27T11:00:00Z,9.439996337890648,5.63200044631958,355.53997802734375,85.91336101656881,2.8829325049753183,0,0
2020-03-27T12:00:00Z,9.659997558593773,195.0240020751953,287.5,84.28087593123982,4.10975643663746,0,0
2020-03-27T13:00:00Z,10.299981689453148,356.2400207519531,287.47998046875,75.68449704023206,4.877427332833929,0,0
2020-03-27T14:00:00Z,10.939996337890648,503.2320251464844,287.4700012207031,67.68339356787233,5.6564299062538375,0,0
2020-03-27T15:00:00Z,11.579980468750023,688.008056640625,262.9700012207031,60.23336095175829,6.4265853348318664,0,0
2020-03-27T16:00:00Z,12.399987792968773,790.1400146484375,262.9499816894531,55.443667978507634,6.073787763831078,0,0
2020-03-27T17:00:00Z,13.219995117187523,826.3570556640625,262.92999267578125,51.011276856477494,5.726586801699596,0,0
2020-03-27T18:00:00Z,14.049981689453148,801.0460205078125,264.3899841308594,46.87790025321725,5.383400453610655,0,0
2020-03-27T19:00:00Z,14.129998779296898,682.14300537109375,264.3999938964844,45.35895819599267,5.115329707194415,0,0
2020-03-27T20:00:00Z,14.219995117187523,555.3580322265625,264.3999938964844,43.82610055983039,4.848360579052286,0,0
2020-03-27T21:00:00Z,14.309991455078148,402.676025390625,254.12998962402344,42.307658287370224,4.572931261347231,0,0
2020-03-27T22:00:00Z,12.579980468750023,226.4400177001953,254.1899871826172,47.021355500270005,4.1461424670853475,0,0
2020-03-27T23:00:00Z,10.850000000000023,36.880001068115234,254.239990234375,52.33253657507682,3.736428804177564,0,0
2020-03-28T00:00:00Z,9.119989013671898,0,232.5,58.32815658669043,3.3500596055921656,0,0
2020-03-28T01:00:00Z,8.100000000000023,0,232.5399932861328,58.288058798131885,3.4240617635826616,0,0
2020-03-28T02:00:00Z,7.089990234375023,0,232.5800018310547,57.92185251979282,3.5401836254292025,0,0
2020-03-28T03:00:00Z,6.070001220703148,0,227.6999969482422,57.25806508032207,3.6731457431578134,0,0
2020-03-28T04:00:00Z,5.739984130859398,0,227.70999145507813,56.888294103326984,3.1412894835307523,0,0
2020-03-28T05:00:00Z,5.399987792968773,0,227.72000122070313,56.51135505088853,2.615587809048752,0,0
2020-03-28T06:00:00Z,5.070001220703148,0,228.6499938964844,56.0467652662524,2.0953757750211586,0,0
2020-03-28T07:00:00Z,5.010003662109398,0,228.6599884033203,55.758789178183385,1.3928387883482627,0,0
2020-03-28T08:00:00Z,4.959985351562523,0,228.6599884033203,55.43401024656413,1.3453623373656203,0,0
2020-03-28T09:00:00Z,4.909997558593773,0,259.42999267578125,55.10109594447035,2.0113676604095008,0,0
2020-03-28T10:00:00Z,5.579980468750023,0,259.3999938964844,55.97618200212574,2.398040797207084,0,0
2020-03-28T11:00:00Z,6.260003662109398,20.3700008392334,259.3699951171875,56.63267877103662,2.936153939690747,0,0
2020-03-28T12:00:00Z,6.929986572265648,128,324.1499938964844,57.159343255513676,3.5733037594486547,0,0
2020-03-28T13:00:00Z,8.250024414062523,231.12001037597656,324.0799865722656,55.403209362111156,3.6293248571233394,0,0
2020-03-28T14:00:00Z,9.579980468750023,325.1520080566406,324.0199890136719,53.52482630224173,3.70411931617318,0.0019679998755455018,0
2020-03-28T15:00:00Z,10.900018310546898,339.2630310058594,341.7799987792969,51.63841210980174,3.7746124283104088,0,0
2020-03-28T16:00:00Z,10.600000000000023,389.2040100097656,341.7699890136719,60.19283971710204,4.207897175919608,0.01746239948272705,0
2020-03-28T17:00:00Z,10.290032958984398,406.8190307617187,341.7599792480469,69.1276135022228,4.64865580993403,0.02719679832458496,0
2020-03-28T18:00:00Z,9.980004882812523,272,348.8800048828125,78.40996706183341,5.111213004728659,0.025564799308776854,0
2020-03-28T19:00:00Z,9.790002441406273,231.67901611328125,348.8800048828125,82.64326939539528,4.718315142368859,0.04249919986724854,0
2020-03-28T20:00:00Z,9.600000000000023,188.781005859375,348.8800048828125,86.96735149812268,4.4960871443261645,0.0323711986541748,0
2020-03-28T21:00:00Z,9.410028076171898,72.944000244140625,351.1399841308594,91.39348353291899,4.4515164099704405,0.03212160015106201,0
2020-03-28T22:00:00Z,9.179986572265648,41.28900146484375,351.1499938964844,92.57593153881317,4.714106388382122,0.016607999324798586,0
2020-03-28T23:00:00Z,8.959985351562523,7.248000144958496,351.1600036621094,93.71159955053456,4.979658428546566,0.027340799331665038,0
2020-03-29T00:00:00Z,8.730004882812523,0,337.489990234375,94.9213602847653,5.246808439903835,0.0296639986038208,0
2020-03-29T01:00:00Z,7.320031738281273,0,337.57000732421875,94.69373858041331,4.808263530592567,0.027436798095703124,0
2020-03-29T02:00:00Z,5.909997558593773,0,337.6499938964844,93.51705939070678,4.406960302816823,0.0235295991897583,0
2020-03-29T03:00:00Z,4.510003662109398,0,340.44000244140625,91.13248957043386,4.039814343884142,0.006201599836349487,0
2020-03-29T04:00:00Z,4.739984130859398,0,340.41998291015625,91.81083875895786,3.5115950509728786,0.011865599870681762,0
2020-03-29T05:00:00Z,4.969995117187523,0,340.4100036621094,92.45176603589707,3.0795129224822277,0.006105599641799927,0
2020-03-29T06:00:00Z,5.200006103515648,0,348.9700012207031,93.04583362961996,2.79580038349493,0.0037247997522354124,0
2020-03-29T07:00:00Z,5.640008544921898,0,348.9499816894531,93.80433927361452,2.858478521150916,0.021091199398040772,0
2020-03-29T08:00:00Z,6.089990234375023,0,348.91998291015625,94.36560173942848,2.9207189375115337,0.010675199747085572,0
2020-03-29T09:00:00Z,6.540002441406273,0,355.0199890136719,94.8050272568296,2.9841246899392235,0.0021887998580932618,0
2020-03-29T10:00:00Z,6.980004882812523,0,355,93.70445483864273,3.7602792529514146,0.006710399866104126,0
2020-03-29T11:00:00Z,7.429986572265648,8.958000183105469,354.9700012207031,92.53069817209942,4.5265991627423485,0.002572799921035766,0
2020-03-29T12:00:00Z,7.869989013671898,90.936004638671875,360.6300048828125,91.41103741812815,5.292985675454199,0,0
2020-03-29T13:00:00Z,8.320001220703148,162.37600708007813,360.6000061035156,90.93182073732099,4.873325238741611,0.002668799936771393,0
2020-03-29T14:00:00Z,8.760003662109398,227.5360107421875,360.5799865722656,90.46451439920936,4.577553950137144,0.041423998832702646,0
2020-03-29T15:00:00Z,9.209985351562523,237.44900512695313,369.7699890136719,89.88762126269583,4.442307839485458,0.05886720085144044,0
2020-03-29T16:00:00Z,10.119989013671898,272.1080017089844,369.7099914550781,89.24216911330026,4.686256531033934,0,0
2020-03-29T17:00:00Z,11.029992675781273,284.26202392578125,369.6600036621094,88.37872530550725,5.051276981212789,0,0
2020-03-29T18:00:00Z,11.950006103515648,439.1250305175781,364.9499816894531,87.26990718275533,5.505942046994293,0,0
2020-03-29T19:00:00Z,12.649987792968773,374.1320190429687,364.9100036621094,87.39937515085113,5.997616204030075,0.0033455997705459594,0
2020-03-29T20:00:00Z,13.359979248046898,305.1090087890625,364.8599853515625,87.29301781887615,6.491301752475868,0,0
2020-03-29T21:00:00Z,14.060021972656273,305.9570007324219,358.6199951171875,87.0851941553733,6.993718516942839,0,0
2020-03-29T22:00:00Z,13.839990234375023,174.24700927734375,358.6300048828125,89.35621965689037,5.7102362033404654,0.003532800078392029,0
2020-03-29T23:00:00Z,13.619989013671898,32.6879997253418,358.6399841308594,91.67635739636764,4.46645257336154,0,0
2020-03-30T00:00:00Z,13.399987792968773,0,360,94.04993805469714,3.331381016801155,0,0
2020-03-30T01:00:00Z,12.629998779296898,0,360.04998779296875,94.97865994043241,2.742498759232054,0.004204800009727478,0
2020-03-30T02:00:00Z,11.870019531250023,0,360.0899963378906,95.70848537941751,2.2138201463679903,1.4400000125169743e-4,0
2020-03-30T03:00:00Z,11.100000000000023,0,317.0299987792969,96.34626883218222,1.7917868280555305,0.0027839999198913568,0
2020-03-30T04:00:00Z,10.540002441406273,0,317.05999755859375,96.36694426245045,0.9521029040594924,0,0
2020-03-30T05:00:00Z,9.989984130859398,0,317.0899963378906,96.19545231526105,0.5640035387327225,0,0
2020-03-30T06:00:00Z,9.429986572265648,0,275.1199951171875,95.94705151195512,1.1923925086324687,0,0
2020-03-30T07:00:00Z,8.950036621093773,0,275.1399841308594,95.77628914967984,1.0101979792709324,0,0
2020-03-30T08:00:00Z,8.470025634765648,0,275.1600036621094,95.49529308433593,1.0599056449654696,0,0
2020-03-30T09:00:00Z,7.999993896484398,0,261.7699890136719,95.03516643202498,1.3146101513191166,0,0
2020-03-30T10:00:00Z,8.059991455078148,0,261.7599792480469,94.711480782009275,1.5786702761602114,0,0
2020-03-30T11:00:00Z,8.119989013671898,29.990001678466797,261.7599792480469,94.38814685831339,2.3187280373162973,0,0
2020-03-30T12:00:00Z,8.179986572265648,176.7760009765625,286.8599853515625,94.07193099538337,3.2223283771125444,0,0
2020-03-30T13:00:00Z,9.499993896484398,312.31201171875,286.79998779296875,88.00577920371043,3.5912252454770948,0,0
2020-03-30T14:00:00Z,10.820001220703148,435.93603515625,286.75,82.36124684078938,3.9720018648045277,0,0
2020-03-30T15:00:00Z,12.140008544921898,350.16400146484375,338.9499816894531,77.10732844171888,4.36835189391619,0,0
2020-03-30T16:00:00Z,12.730004882812523,400.8470153808594,338.94000244140625,72.14058487889028,5.1543086939830545,0,0
2020-03-30T17:00:00Z,13.309991455078148,418.5150146484375,338.91998291015625,67.50483519670023,6.004839546321463,0,0
2020-03-30T18:00:00Z,13.890008544921898,394.5700073242187,340.47998046875,63.12395295041184,6.896093113608033,0.0018143999576568605,0
2020-03-30T19:00:00Z,13.770043945312523,336.2450256347656,340.489990234375,61.69333273234716,6.304918387759859,0.012528000354766845,0
2020-03-30T20:00:00Z,13.659997558593773,274.4309997558594,340.5,60.19208983867563,5.855399080483213,0.009244799852371215,0
2020-03-30T21:00:00Z,13.540032958984398,181.8570098876953,332.53997802734375,58.70891356444289,5.579793935418105,3.263999819755553e-4,0
2020-03-30T22:00:00Z,12.459985351562523,104.2070083618164,332.5799865722656,64.42668203133871,4.412550130195987,0,0
2020-03-30T23:00:00Z,11.369989013671898,20.784000396728516,332.6199951171875,70.76384149379491,3.465847549193014,0.01684799909591675,0
2020-03-31T00:00:00Z,10.290032958984398,0,333.82000732421875,77.69304277771622,2.967305063081162,0.002419200003147125,0
2020-03-31T01:00:00Z,9.380029296875023,0,333.8599853515625,81.04432394315596,2.196588198524637,0.005433599710464478,0
2020-03-31T02:00:00Z,8.480004882812523,0,333.8999938964844,84.48551924984211,1.5654391593508548,0.0021167998909950255,0
2020-03-31T03:00:00Z,7.570001220703148,0,338.66998291015625,88.13611166389451,1.2690547716121006,0.028550399780273437,0
2020-03-31T04:00:00Z,7.320001220703148,0,338.67999267578125,89.79165458283416,1.14690884983511,0.008121600151062012,0
2020-03-31T05:00:00Z,7.070001220703148,0,338.69000244140625,91.48022920197407,1.4689110989546899,0.018455999851226805,0
2020-03-31T06:00:00Z,6.829980468750023,0,333.3699951171875,93.14917709603412,2.037964641757303,0.005956799983978273,0
2020-03-31T07:00:00Z,6.399987792968773,0,333.3899841308594,93.39437902459026,2.274313064108208,0.008015999794006348,0
2020-03-31T08:00:00Z,5.980004882812523,0,333.4100036621094,93.51351301040008,2.5116130178489233,0,0
2020-03-31T09:00:00Z,5.549981689453148,0,330.3999938964844,93.64079076868482,2.7404561758881183,0,0
2020-03-31T10:00:00Z,5.420007324218773,0,330.4100036621094,92.49866236304109,3.0813145781195286,0,0
2020-03-31T11:00:00Z,5.290002441406273,7.898000240325928,330.41998291015625,91.32681196089302,3.412110631076736,0.0038399999141693116,0
2020-03-31T12:00:00Z,5.149987792968773,62.7920036315918,325.29998779296875,90.19416455021772,3.7434209047594993,0,0
2020-03-31T13:00:00Z,5.239984130859398,109.8000030517578,325.29998779296875,87.55361960206328,3.462080337504218,0,0
2020-03-31T14:00:00Z,5.329980468750023,152.67201232910156,325.29998779296875,84.94728978436798,3.213751520077126,0,0
2020-03-31T15:00:00Z,5.420007324218773,235.87501525878903,326.5299987792969,82.36932762802319,2.995880337344201,0,0
2020-03-31T16:00:00Z,5.890008544921898,269.73602294921875,326.5099792480469,80.68696265998622,2.552743594187264,0,0
2020-03-31T17:00:00Z,6.359979248046898,281.468017578125,326.489990234375,79.04430468115228,2.140093322390518,0,0
2020-03-31T18:00:00Z,6.829980468750023,362.6210021972656,324.47998046875,77.4268235026985,1.775528087435162,0,0
2020-03-31T19:00:00Z,7.209985351562523,309.114013671875,324.4599914550781,75.6863145225224,1.914157770642988,0,0
2020-03-31T20:00:00Z,7.590020751953148,252.48501586914065,324.44000244140625,73.99544262853838,2.253996433615719,0,0
2020-03-31T21:00:00Z,7.969995117187523,208.77601623535156,322.8800048828125,72.34612533835968,2.734702758136219,0,0
2020-03-31T22:00:00Z,7.499993896484398,120.34100341796876,322.8999938964844,74.49411806633204,2.514000782191869,0,0
2020-03-31T23:00:00Z,7.040002441406273,25.360000610351563,322.91998291015625,76.65999368804516,2.3005433679475535,0,0
2020-04-01T00:00:00Z,6.570001220703148,0,326,78.95626602010586,2.088492270891219,0,0
2020-04-01T01:00:00Z,6.309991455078148,0,326.0099792480469,79.00151389665693,2.5439536443451614,0,0
2020-04-01T02:00:00Z,6.040002441406273,0,326.0299987792969,79.07758581008906,3.014249549515764,0,0
2020-04-01T03:00:00Z,5.779992675781273,0,311.5,79.07587246254514,3.4858856499755824,0,0
2020-04-01T04:00:00Z,5.309991455078148,0,311.5199890136719,79.62110649866631,3.1973269749370865,0,0
2020-04-01T05:00:00Z,4.850000000000023,0,311.53997802734375,80.07377374814223,2.942685731116174,0,0
2020-04-01T06:00:00Z,4.379998779296898,0,291.9700012207031,80.53789949606745,2.7314648369766084,0,0
2020-04-01T07:00:00Z,3.8599792480468977,0,292,81.60606977053463,2.5761405110680515,0,0
2020-04-01T08:00:00Z,3.3500000000000227,0,292.0199890136719,82.58664278057007,2.473479274201799,0,0
2020-04-01T09:00:00Z,2.8299804687500227,0,254.26998901367188,83.61419671006182,2.430164534528239,0,0
2020-04-01T10:00:00Z,3.2399841308593977,0,254.2599945068359,80.39078128834086,2.4365548386159204,0,0
2020-04-01T11:00:00Z,3.6499877929687727,39.8280029296875,254.239990234375,77.29808251504716,2.468683794432805,0,0
2020-04-01T12:00:00Z,4.059991455078148,227.1840057373047,238.9499969482422,74.3250606032736,2.5102389987065856,0,0
2020-04-01T13:00:00Z,5.119989013671898,395.2080078125,238.9199981689453,69.07838762663263,2.9483894226165246,0,0
2020-04-01T14:00:00Z,6.170007324218773,557.10400390625,238.88999938964844,64.29222172574728,3.4685009565562455,0,0
2020-04-01T15:00:00Z,7.230004882812523,624.98504638671875,269.47998046875,59.82776209000974,4.060445489355408,0,0
2020-04-01T16:00:00Z,8.010003662109398,709.11602783203125,269.4499816894531,58.044897646362706,3.8836323179126753,0,0
2020-04-01T17:00:00Z,8.790002441406273,744.2420654296875,269.41998291015625,56.30163820861657,3.7164655769820816,0,0
2020-04-01T18:00:00Z,9.570001220703148,609.0250244140625,315.8999938964844,54.60178422880886,3.5652348867938253,0,0
2020-04-01T19:00:00Z,9.850000000000023,551.7540283203125,315.8899841308594,54.12252764799329,4.045985626673424,0,0
2020-04-01T20:00:00Z,10.129998779296898,445.1430358886719,315.8800048828125,53.63889216344139,4.560274057318419,0,0
2020-04-01T21:00:00Z,10.409997558593773,265.72601318359375,316.7599792480469,53.16128257457178,5.0807279886353625,0,0
2020-04-01T22:00:00Z,9.409997558593773,154.06201171875,316.79998779296875,57.344687909631354,4.617326198791214,0,0
2020-04-01T23:00:00Z,8.409997558593773,34.176002502441406,316.8399963378906,61.88716091500959,4.154347215946652,0,0
2020-04-02T00:00:00Z,7.399987792968773,0,313.7699890136719,66.86727155920363,3.701945243776347,0,0
2020-04-02T01:00:00Z,7.049981689453148,0,313.78997802734375,66.3791064380498,3.8721827323858995,0,0
2020-04-02T02:00:00Z,6.689996337890648,0,313.80999755859375,65.87475504234574,4.04209100473167,0,0
2020-04-02T03:00:00Z,6.329980468750023,0,304.1199951171875,65.30784829855386,4.212006685649696,0,0
2020-04-02T04:00:00Z,5.769982910156273,0,304.1399841308594,67.48901418686825,4.162354950101645,0,0
2020-04-02T05:00:00Z,5.209985351562523,0,304.1600036621094,69.75941250129723,4.122377840175951,0,0
2020-04-02T06:00:00Z,4.649987792968773,0,286.80999755859375,72.11676991219133,4.072762884478671,0,0
2020-04-02T07:00:00Z,4.140008544921898,0,286.8299865722656,73.34781807983562,4.483859756456793,0,0
2020-04-02T08:00:00Z,3.6299987792968977,0,286.8599853515625,74.58202811930639,4.912728064472509,0,0
2020-04-02T09:00:00Z,3.1199890136718977,0,266.8599853515625,75.81341928622862,5.360195925889475,0,0
2020-04-02T10:00:00Z,3.1499877929687727,0,266.8599853515625,75.46879327660416,6.012628147147503,0,0
2020-04-02T11:00:00Z,3.1700073242187727,35.579002380371094,266.8599853515625,75.17883979820944,6.686373937930466,0,0
2020-04-02T12:00:00Z,3.1899963378906477,204.16000366210935,264.3599853515625,74.88347428640192,7.359252611598019,0,0
2020-04-02T13:00:00Z,4.359979248046898,351.8000183105469,264.30999755859375,71.50909109608868,8.185627545457352,0,0
2020-04-02T14:00:00Z,5.519982910156273,494.1280212402344,264.2699890136719,68.28902954719624,9.01565801500859,0,0
2020-04-02T15:00:00Z,6.689996337890648,662.4530029296875,266.0299987792969,65.13407015580844,9.84569431006172,0,0
2020-04-02T16:00:00Z,7.540002441406273,750.8750610351564,265.989990234375,63.42717626167219,10.100782033614147,0,0
2020-04-02T17:00:00Z,8.399987792968773,787.633056640625,265.9599914550781,61.69042878402492,10.362895294969489,0,0
2020-04-02T18:00:00Z,9.249993896484398,632.84002685546875,299.19000244140625,59.998180145832485,10.623977706808232,0,0
2020-04-02T19:00:00Z,9.269982910156273,573.4520263671875,299.19000244140625,59.81579450807447,10.701420285519085,0,0
2020-04-02T20:00:00Z,9.290002441406273,463.0130310058594,299.19000244140625,59.62867853038752,10.770700321362495,0,0
2020-04-02T21:00:00Z,9.309991455078148,282.28900146484375,301.8899841308594,59.440329192799005,10.849889291576453,0,0
2020-04-02T22:00:00Z,8.489984130859398,164.60000610351565,301.91998291015625,61.738036883638436,10.428853752683661,0,0
2020-04-02T23:00:00Z,7.659997558593773,38.28800201416016,301.9599914550781,64.16851853516732,10.027845538911533,0,0
2020-04-03T00:00:00Z,6.830041503906273,0,314,66.69169084886812,9.635813342271105,0,0
2020-04-03T01:00:00Z,6.420037841796898,0,314.0099792480469,67.60109501236819,9.63693375721272,0.0013919999599456784,0
2020-04-03T02:00:00Z,6.010003662109398,0,314.0299987792969,68.50657986068097,9.648885594094876,0.002491199970245362,0
2020-04-03T03:00:00Z,5.589990234375023,0,302.1399841308594,69.47201030591872,9.689024868608325,0.002812799870967865,0
2020-04-03T04:00:00Z,5.290002441406273,0,302.1600036621094,71.18196080177407,9.613490647202957,0.005423999905586243,0
2020-04-03T05:00:00Z,4.989984130859398,0,302.16998291015625,72.94226104571804,9.549936705833929,0,0
2020-04-03T06:00:00Z,4.689996337890648,0,317,74.74494345534734,9.493181476910998,3.6479998379945733e-4,0
2020-04-03T07:00:00Z,4.589990234375023,0,317,76.81600170394528,9.108792225035872,0.0017232000231742859,0
2020-04-03T08:00:00Z,4.489984130859398,0,317,78.91037977034803,8.718726580396266,0,0
2020-04-03T09:00:00Z,4.379998779296898,0,333.7699890136719,81.09430023594638,8.34220552687798,0.0013295999765396116,0
2020-04-03T10:00:00Z,4.429986572265648,0,333.7599792480469,83.29583812311013,8.216884756612734,0.006374399900436401,0
2020-04-03T11:00:00Z,4.480004882812523,16.860000610351563,333.7599792480469,85.48643576186856,8.098820645318169,0.0038688000440597536,0
2020-04-03T12:00:00Z,4.529992675781273,122.61600494384766,312.8899841308594,87.66551547816256,7.994654472785953,0.006191999673843384,0
2020-04-03T13:00:00Z,5.189996337890648,209.36001586914065,312.8500061035156,86.37936023899027,8.326757503843913,0.0019248000383377075,0
2020-04-03T14:00:00Z,5.859979248046898,293.0080261230469,312.82000732421875,84.99135168838116,8.665437337159172,0,0
2020-04-03T15:00:00Z,6.529992675781273,227.61801147460935,341.1099853515625,83.56955115771086,9.005776056847804,0.0013343999683856965,0
2020-04-03T16:00:00Z,7.089990234375023,257.7480163574219,341.0799865722656,83.26177588001828,8.991245850177998,0.003172800064086914,0
2020-04-03T17:00:00Z,7.659997558593773,270.2400207519531,341.04998779296875,82.8196101542013,8.97642453060511,0.0027695998549461366,0
2020-04-03T18:00:00Z,8.219995117187523,239.13900756835935,351.47998046875,82.36699870925307,8.98392433968664,0.0022463999390602107,0
2020-04-03T19:00:00Z,8.549981689453148,216.7460174560547,351.4599914550781,82.7533103101874,8.69082807944204,0,0
2020-04-03T20:00:00Z,8.879998779296898,175.1420135498047,351.44000244140625,83.09520929004239,8.447922175270564,0,0
2020-04-03T21:00:00Z,9.209985351562523,127.60700225830078,349.8699951171875,83.3897556036851,8.259116239070151,0,0
2020-04-03T22:00:00Z,8.989984130859398,74.81000518798828,349.8800048828125,84.09877156302966,7.797973891531775,0,0
2020-04-03T23:00:00Z,8.760034179687523,18.176000595092773,349.8899841308594,84.86716983261657,7.335754878894908,0,0
2020-04-04T00:00:00Z,8.529992675781273,0,339.7599792480469,85.64063699511902,6.864087640957257,0,0
2020-04-04T01:00:00Z,8.059991455078148,0,339.7799987792969,86.52359975272034,6.632050676277611,0,0
2020-04-04T02:00:00Z,7.589990234375023,0,339.80999755859375,87.37699678556403,6.4053258561872,0,0
2020-04-04T03:00:00Z,7.129998779296898,0,316.80999755859375,88.14512377175642,6.178389736054776,0,0
2020-04-04T04:00:00Z,6.859979248046898,0,316.82000732421875,89.44474601895223,5.84761456230151,0.0011711999773979186,0
2020-04-04T05:00:00Z,6.589990234375023,0,316.8299865722656,90.77284044107363,5.552521970483011,7.48799979686737e-4,0
2020-04-04T06:00:00Z,6.320001220703148,0,322.5899963378906,92.1197980302545,5.271849537352091,3.83999990299344e-5,0
2020-04-04T07:00:00Z,6.200006103515648,0,322.6000061035156,92.43983489321464,5.093770645755047,0,0
2020-04-04T08:00:00Z,6.070001220703148,0,322.6000061035156,92.8271842584971,4.917814241617349,0,0
2020-04-04T09:00:00Z,5.950006103515648,0,322.91998291015625,93.14589915384003,4.757414898173884,0,0
2020-04-04T10:00:00Z,6.170007324218773,0,322.9100036621094,91.9112031493042,4.51479784841418,0,0
2020-04-04T11:00:00Z,6.390008544921898,22.510000228881836,322.8999938964844,90.68842609811028,4.280116737135156,0,0
2020-04-04T12:00:00Z,6.609979248046898,105.52800750732422,335.55999755859375,89.4941826896295,4.054750284462242,0,0
2020-04-04T13:00:00Z,7.489984130859398,178.59201049804688,335.5199890136719,85.53349633168851,4.293925793110061,0,0
2020-04-04T14:00:00Z,8.369989013671898,249.10401916503903,335.47998046875,81.76430315704157,4.528664156136749,0,0
2020-04-04T15:00:00Z,9.249993896484398,540.81201171875,326.4499816894531,78.1696805342133,4.7689408977491485,0,0
2020-04-04T16:00:00Z,10.519982910156273,611.78704833984375,326.3899841308594,74.8468020334656,3.629448853311693,0,0
2020-04-04T17:00:00Z,11.790002441406273,641.0880126953125,326.3399963378906,71.6039092317334,2.533929769107279,0,0
2020-04-04T18:00:00Z,13.060021972656273,713.36700439453125,320.5199890136719,68.44362051449473,1.576863918205026,0,0
2020-04-04T19:00:00Z,13.630029296875023,646.70703125,320.5,67.1137604269318,1.3920488293876152,0,0
2020-04-04T20:00:00Z,14.200006103515648,522.989013671875,320.4700012207031,65.79896328682649,1.337348069804521,0,0
2020-04-04T21:00:00Z,14.760003662109398,337.7490234375,335.2699890136719,64.53996616657943,1.4277955024126612,0,0
2020-04-04T22:00:00Z,14.019982910156273,199.0800018310547,335.29998779296875,68.63272655616187,1.526106161905048,0,0
2020-04-04T23:00:00Z,13.269982910156273,50.400001525878906,335.3299865722656,73.04047742640599,1.730462385006602,0,0
2020-04-05T00:00:00Z,12.519982910156273,0,354.3999938964844,77.74446449268918,2.0122126229867368,0,0
2020-04-05T01:00:00Z,12.230004882812523,0,354.4100036621094,78.97844101644564,2.0081085325266974,0,0
2020-04-05T02:00:00Z,11.939996337890648,0,354.42999267578125,80.23774491631256,2.031772527395909,0,0
2020-04-05T03:00:00Z,11.649987792968773,0,352.3899841308594,81.51531069075153,2.080312414548947,0,0
2020-04-05T04:00:00Z,11.279992675781273,0,352.4100036621094,83.70792564999763,2.0362955976735284,0,0
2020-04-05T05:00:00Z,10.909997558593773,0,352.42999267578125,85.96180171675537,2.002498414447362,0,0
2020-04-05T06:00:00Z,10.540002441406273,0,351.7799987792969,88.28653099471144,1.962294491716813,0,0
2020-04-05T07:00:00Z,10.219995117187523,0,351.79998779296875,89.84270273170998,1.9200259985256307,0,0
2020-04-05T08:00:00Z,9.909997558593773,0,351.80999755859375,91.37315637648979,1.8850197903077432,0,0
2020-04-05T09:00:00Z,9.600000000000023,0,350.1999816894531,92.92949840856966,1.8450473593756158,0,0
2020-04-05T10:00:00Z,9.839990234375023,0,350.19000244140625,92.01837584402762,2.213797553363208,0,0
2020-04-05T11:00:00Z,10.079980468750023,29.12200164794922,350.17999267578125,91.111369319852,2.592778417320283,0,0
2020-04-05T12:00:00Z,10.320001220703148,100.51200103759766,359.25,90.21676899513406,2.9901503636115443,0,0
2020-04-05T13:00:00Z,11.200006103515648,168.67201232910156,359.2099914550781,84.74457098568367,2.8709928188971596,0,0
2020-04-05T14:00:00Z,12.079980468750023,234.4840087890625,359.17999267578125,79.63140648924279,2.81400067350343,0,0
2020-04-05T15:00:00Z,12.959985351562523,315.7240295410156,363.7099914550781,74.85901383577232,2.8182441113668584,0,0
2020-04-05T16:00:00Z,13.579980468750023,356.8180236816406,363.6799926757813,73.09313213757841,3.2143583263251827,0,0
2020-04-05T17:00:00Z,14.209985351562523,373.7340087890625,363.6499938964844,71.31650632796068,3.6532999384675224,0,0
2020-04-05T18:00:00Z,14.829980468750023,399.5500183105469,360.3800048828125,69.62337560573985,4.13146457212997,0,0
2020-04-05T19:00:00Z,15.129998779296898,362.3000183105469,360.3699951171875,69.24679688297886,4.214735913358182,0,0
2020-04-05T20:00:00Z,15.420007324218773,293.2140197753906,360.3500061035156,68.90948766968235,4.306738857209479,0,0
2020-04-05T21:00:00Z,15.719995117187523,233.93800354003903,357.4599914550781,68.51662402756916,4.405927682848472,0,0
2020-04-05T22:00:00Z,15.059991455078148,138.6300048828125,357.47998046875,72.55209467217865,3.7865286852793916,0,0
2020-04-05T23:00:00Z,14.409997558593773,36.4640007019043,357.5099792480469,76.77721965008331,3.1845249157657287,0,0
2020-04-06T00:00:00Z,13.749993896484398,0,322.9700012207031,81.30592724344477,2.5811817982232745,0,0
2020-04-06T01:00:00Z,12.700036621093773,0,323.0299987792969,82.75005961211453,2.59433990285683,0,0
2020-04-06T02:00:00Z,11.650018310546898,0,323.0799865722656,84.02665549331977,2.6568589683521067,0,0
2020-04-06T03:00:00Z,10.600000000000023,0,290.8699951171875,85.10137697922072,2.756174824526371,0,0
2020-04-06T04:00:00Z,10.040002441406273,0,290.8999938964844,85.11794282452563,2.402082286717593,0,0
2020-04-06T05:00:00Z,9.480004882812523,0,290.91998291015625,85.01721038542097,2.5923926995050857,0,0
2020-04-06T06:00:00Z,8.920007324218773,0,254.26998901367188,84.79284584748706,3.2323365842693987,0,0
2020-04-06T07:00:00Z,7.980004882812523,0,254.30999755859375,85.28020327616821,3.322664532344138,0,0
2020-04-06T08:00:00Z,7.040002441406273,0,254.34999084472656,85.49168839542627,3.4481588392203126,0,0
2020-04-06T09:00:00Z,6.100000000000023,0,239.2599945068359,85.3865111565399,3.6307160410578376,0,0
2020-04-06T10:00:00Z,6.519982910156273,0,239.239990234375,82.59774545158704,3.56628654843658,0,0
2020-04-06T11:00:00Z,6.950006103515648,60.75200271606445,239.22999572753903,79.8439615635784,3.5069786101614375,0,0
2020-04-06T12:00:00Z,7.369989013671898,257.8240051269531,241.5,77.24529271602125,3.4484343370389428,0,0
2020-04-06T13:00:00Z,8.480004882812523,429.1360168457031,241.47000122070313,67.6358386789003,3.821740382708134,0,0
2020-04-06T14:00:00Z,9.600000000000023,594.62005615234375,241.4399871826172,59.02349102563941,4.230803633807231,0,0
2020-04-06T15:00:00Z,10.709985351562523,727.8690185546875,252.4199981689453,51.386793855859906,4.664118287383838,0,0
2020-04-06T16:00:00Z,11.549981689453148,821.84906005859375,252.38999938964844,48.10667227764303,4.552812139503374,0,0
2020-04-06T17:00:00Z,12.390008544921898,860.36505126953125,252.3699951171875,45.046507702260065,4.634835502479056,0,0
2020-04-06T18:00:00Z,13.219995117187523,811.114013671875,260.8599853515625,42.22378294274964,4.902499242059863,0,0
2020-04-06T19:00:00Z,13.409997558593773,735.64105224609375,260.8599853515625,40.414192904770836,4.990560886093052,0,0
2020-04-06T20:00:00Z,13.600030517578148,595.80902099609375,260.8500061035156,38.646462514571375,5.080836432223852,0,0
2020-04-06T21:00:00Z,13.790002441406273,405.1250305175781,255.26998901367188,36.91816488298872,5.1651909934493085,0,0
2020-04-06T22:00:00Z,12.140008544921898,241.3050079345703,255.30999755859375,41.802215537573815,4.612027599386133,0,0
2020-04-06T23:00:00Z,10.490045166015648,65.7760009765625,255.36000061035156,47.3922880509016,4.0773519615182785,0,0
2020-04-07T00:00:00Z,8.850030517578148,0,242.36000061035156,53.75964936458083,3.555980739556903,0,0
2020-04-07T01:00:00Z,8.119989013671898,0,242.38999938964844,53.610310417580415,3.604552704525126,0,0
2020-04-07T02:00:00Z,7.390008544921898,0,242.4199981689453,53.31806889969242,3.6450650939832765,0,0
2020-04-07T03:00:00Z,6.659997558593773,0,260.7599792480469,52.870518615727285,3.6912056584832413,0,0
2020-04-07T04:00:00Z,6.230035400390648,0,260.7799987792969,55.17108228252003,3.537513189122716,0,0
2020-04-07T05:00:00Z,5.790002441406273,0,260.7900085449219,57.61393779973527,3.4033071435922593,0,0
2020-04-07T06:00:00Z,5.359979248046898,0,272.3899841308594,60.121639381697044,3.30207500876612,0,0
2020-04-07T07:00:00Z,5.049981689453148,0,272.3999938964844,61.33322550352026,3.2503845456844367,0,0
2020-04-07T08:00:00Z,4.730004882812523,0,272.41998291015625,62.62592550266257,3.1886830523920167,0,0
2020-04-07T09:00:00Z,4.420007324218773,0,266.1999816894531,63.89465471982592,3.1451549140729886,0,0
2020-04-07T10:00:00Z,5.239984130859398,0,266.16998291015625,61.71755547150526,3.0008332351039075,0,0
2020-04-07T11:00:00Z,6.049981689453148,55.58400344848633,266.1300048828125,59.64031879296005,2.906148634637968,0,0
2020-04-07T12:00:00Z,6.870019531250023,254.00001525878903,263.3899841308594,57.58953446197539,2.873830121662774,0,0
2020-04-07T13:00:00Z,8.790002441406273,419.4400329589844,263.32000732421875,54.50665785868338,3.3193071366032827,0,0
2020-04-07T14:00:00Z,10.710046386718773,579.32904052734375,263.25,51.397175208918846,3.7665101198576787,0,0
2020-04-07T15:00:00Z,12.640008544921898,712.43804931640625,273.5799865722656,48.282321330797004,4.2119948654904285,0,0
2020-04-07T16:00:00Z,13.589990234375023,803.68804931640625,273.54998779296875,45.88797513673466,4.388496228885672,0,0
2020-04-07T17:00:00Z,14.540002441406273,840.946044921875,273.5099792480469,43.623284169988025,4.581178830394131,0,0
2020-04-07T18:00:00Z,15.489984130859398,787.6390380859375,285.07000732421875,41.48447146690327,4.768825603293278,0,0
2020-04-07T19:00:00Z,15.869989013671898,714.52301025390625,285.05999755859375,41.35905761512145,4.8701641538323885,0,0
2020-04-07T20:00:00Z,16.239984130859398,579.13201904296875,285.0400085449219,41.24458514421468,4.984857088166861,0,0
2020-04-07T21:00:00Z,16.609979248046898,397.916015625,285.0299987792969,41.10826429026571,5.112582193847144,0,0
2020-04-07T22:00:00Z,15.540002441406273,238.2080078125,285.05999755859375,44.48275314028966,4.003910614303071,0,0
2020-04-07T23:00:00Z,14.459985351562523,67.1520004272461,285.1000061035156,48.18498034032892,2.896635894331178,0,0
2020-04-08T00:00:00Z,13.390008544921898,0,307.4499816894531,52.190262107594556,1.8283324900717655,0,0
2020-04-08T01:00:00Z,12.809991455078148,0,307.4700012207031,53.97156610448567,1.6120793551549328,0,0
2020-04-08T02:00:00Z,12.230004882812523,0,307.489990234375,55.82123972954367,1.9635171799897764,1.631999909877775e-4,0
2020-04-08T03:00:00Z,11.649987792968773,0,349.41998291015625,57.74463767444113,2.659360720675693,0.00572159993648529,0
2020-04-08T04:00:00Z,10.869989013671898,0,349.44000244140625,66.71023356081068,2.357328940670121,0.006729599475860596,0
2020-04-08T05:00:00Z,10.089990234375023,0,349.4599914550781,76.49305185561913,2.0575956744618726,0.007142400026321411,0
2020-04-08T06:00:00Z,9.309991455078148,0,347.239990234375,87.17122666254159,1.7464248445723536,0.02819040012359619,0
2020-04-08T07:00:00Z,8.879998779296898,0,347.2599792480469,89.77730195387595,0.9323089138943278,0.023836800098419188,0
2020-04-08T08:00:00Z,8.459985351562523,0,347.2799987792969,92.40485349368852,1.6520592355049026,0.0023519999384880065,0
2020-04-08T09:00:00Z,8.029992675781273,0,351.2599792480469,95.18424744713383,2.9302729486654355,0,0
2020-04-08T10:00:00Z,8.149987792968773,0,351.2599792480469,93.87392277713684,3.0679146074996795,0,0
2020-04-08T11:00:00Z,8.260003662109398,21.73600196838379,351.2599792480469,92.6430568336422,3.3104076530345083,0,0
2020-04-08T12:00:00Z,8.369989013671898,117.22400665283205,350.1099853515625,91.42375418652604,3.6331940897087005,0,0
2020-04-08T13:00:00Z,9.279992675781273,192.1120147705078,350.07000732421875,87.15118611786998,3.4240617635826616,0,0
2020-04-08T14:00:00Z,10.200006103515648,264.5150146484375,350.0299987792969,83.04384812923776,3.2222352775063072,0,0
2020-04-08T15:00:00Z,11.110040283203148,487.259033203125,341.0299987792969,79.19959317698385,3.0305939725507733,0,0
2020-04-08T16:00:00Z,12.260003662109398,549.17901611328125,340.97998046875,75.31059394158767,2.5646246985119094,0,0
2020-04-08T17:00:00Z,13.420007324218773,574.37603759765625,340.91998291015625,71.55948203828994,2.1746953439989043,0,0
2020-04-08T18:00:00Z,14.570001220703148,521.1920166015625,355.7599792480469,68.0388959000778,1.914001007736523,0,0
2020-04-08T19:00:00Z,14.879998779296898,472.91802978515625,355.739990234375,66.92593291733817,2.4407375144275787,0,0
2020-04-08T20:00:00Z,15.179986572265648,383.60101318359375,355.72998046875,65.87613952837249,2.9737854107628126,0,0
2020-04-08T21:00:00Z,15.490045166015648,273.95001220703125,344.6399841308594,64.79957689737715,3.5151813204733915,0,0
2020-04-08T22:00:00Z,14.540002441406273,164.81600952148438,344.67999267578125,67.96558056916861,3.3306455148618808,0,0
2020-04-08T23:00:00Z,13.589990234375023,47.952003479003906,344.7200012207031,71.30261495544394,3.156263513517252,0,0
2020-04-09T00:00:00Z,12.640008544921898,0,287.3599853515625,74.81667529473528,2.9880427057694634,0,0
2020-04-09T01:00:00Z,11.459985351562523,0,287.41998291015625,74.74837806939611,3.0128059208923443,0,0
2020-04-09T02:00:00Z,10.290002441406273,0,287.4700012207031,74.16385910070676,3.0371203210212716,0,0
2020-04-09T03:00:00Z,9.110040283203148,0,253.95999145507813,73.07702768622318,3.075922558752174,0,0
2020-04-09T04:00:00Z,8.749993896484398,0,253.97000122070313,72.93078120469939,1.9417774444571785,0,0
2020-04-09T05:00:00Z,8.390008544921898,0,253.989990234375,72.7357994717742,1.2954149923603129,0,0
2020-04-09T06:00:00Z,8.029992675781273,0,250.9199981689453,72.49334495545843,1.7844045602250664,0,0
2020-04-09T07:00:00Z,7.219995117187523,0,250.9399871826172,77.40985277497984,2.2929675145680415,0,0
2020-04-09T08:00:00Z,6.400018310546898,0,250.97000122070313,82.73552547659901,2.8862604326329766,0,0
2020-04-09T09:00:00Z,5.589990234375023,0,293.0099792480469,88.39409551759782,3.5217183115052695,0,0
2020-04-09T10:00:00Z,6.610040283203148,0,292.9599914550781,89.31161366855952,4.139371816825998,0,0
2020-04-09T11:00:00Z,7.640008544921898,56.56800079345703,292.9100036621094,89.66075382924791,4.7687312808688125,0,0
2020-04-09T12:00:00Z,8.659997558593773,87.63200378417969,333.8599853515625,89.6429096596436,5.39786988840872,0.004007999897003174,0
2020-04-09T13:00:00Z,8.999993896484398,142.5600128173828,333.8399963378906,90.34120856784864,6.233434080231111,0.030604800224304198,0
2020-04-09T14:00:00Z,9.339990234375023,195.6940155029297,333.82000732421875,90.95158877366686,7.1010139166980055,0.01662719964981079,0
2020-04-09T15:00:00Z,9.680047607421898,277.322021484375,351.8800048828125,91.476134575862,7.995629827083009,0.018739199638366698,0
2020-04-09T16:00:00Z,10.269982910156273,312.29400634765625,351.8500061035156,91.37608117398993,8.02112810242898,0.015691200256347657,0
2020-04-09T17:00:00Z,10.859979248046898,326.46002197265625,351.80999755859375,91.15140275950135,8.407615574074404,0.05931840133666992,0
2020-04-09T18:00:00Z,11.450036621093773,470.009033203125,334.94000244140625,90.8096184406907,9.126017583299664,0.1250639991760254,0
2020-04-09T19:00:00Z,11.159997558593773,426.55902099609375,334.97998046875,80.7156092743237,7.673206484757268,0.02207999897003174,0
2020-04-09T20:00:00Z,10.859979248046898,346.2540283203125,335.0199890136719,70.20130481639885,8.831517447631427,1.0559999942779537e-4,0
2020-04-09T21:00:00Z,10.559991455078148,390.1730041503906,277,59.1879938683205,11.85782399573972,0,0
2020-04-09T22:00:00Z,9.420007324218773,235.8710174560547,277.04998779296875,60.77662329489416,10.978833529417273,0,0
2020-04-09T23:00:00Z,8.290002441406273,70.7229995727539,277.0899963378906,62.236570564384195,10.1115031964106,0,0
2020-04-10T00:00:00Z,7.149987792968773,0,242.8999938964844,63.61458233090109,9.252802850260572,0,0
2020-04-10T01:00:00Z,5.890008544921898,0,242.9399871826172,64.73039838633626,8.137923201776346,0,0
2020-04-10T02:00:00Z,4.640039062500023,0,242.989990234375,65.51846022501114,7.096851296577193,0,0
2020-04-10T03:00:00Z,3.3799987792968977,0,224,66.00161176893664,6.154648309912634,0,0
2020-04-10T04:00:00Z,2.9399963378906477,0,224.0099945068359,68.15830177139242,5.6308876669870065,0,0
2020-04-10T05:00:00Z,2.4999938964843977,0,224.02999877929688,70.39518418007233,5.187147423677695,0,0
2020-04-10T06:00:00Z,2.0599914550781477,0,269.0099792480469,72.71554671345864,4.833735660574129,0,0
2020-04-10T07:00:00Z,2.3900390625000227,0,269,73.54798459769903,5.485663167406298,0,0
2020-04-10T08:00:00Z,2.7300048828125227,0,268.97998046875,74.2572047693789,6.240969247114074,0,0
2020-04-10T09:00:00Z,3.0700012207031477,0,269.0899963378906,74.89810620358911,7.059950405789565,0,0
2020-04-10T10:00:00Z,3.2900329589843977,0,269.0799865722656,72.3463550569522,7.815529167307688,0,0
2020-04-10T11:00:00Z,3.5199829101562727,52.660003662109375,269.0799865722656,69.80587941369254,8.572170088825661,0,0
2020-04-10T12:00:00Z,3.7499938964843977,158.31201171875,287.3500061035156,67.33751293282486,9.32961390797307,0,0
2020-04-10T13:00:00Z,4.070001220703148,255.7120056152344,287.3399963378906,65.49763653443554,9.845876821274741,0,0
2020-04-10T14:00:00Z,4.399987792968773,350.0060119628906,287.3299865722656,63.669038678405954,10.355177407340589,0,0
2020-04-10T15:00:00Z,4.719995117187523,395.2360229492187,288.1099853515625,61.93860945011088,10.874764064969941,0,0
2020-04-10T16:00:00Z,5.129998779296898,444.6930236816406,288.0899963378906,61.063974421122346,11.241725766924185,0,0
2020-04-10T17:00:00Z,5.540002441406273,464.6600341796875,288.0799865722656,60.19307468500519,11.659318319157856,0,0
2020-04-10T18:00:00Z,5.950006103515648,342.1590270996094,308.6099853515625,59.32505801577967,12.131879157565345,0,0
2020-04-10T19:00:00Z,6.029992675781273,310.60101318359375,308.6000061035156,60.29043284203252,11.782584169290757,0,0
2020-04-10T20:00:00Z,6.119989013671898,252.3150177001953,308.5899963378906,61.19434462019453,11.4947679701655,0,0
2020-04-10T21:00:00Z,6.200006103515648,270.2820129394531,309.54998779296875,62.13281028523291,11.257219312448342,0,0
2020-04-10T22:00:00Z,5.540002441406273,164.17100524902344,309.5799865722656,64.53589902700863,10.876735998198313,0,0
2020-04-10T23:00:00Z,4.879998779296898,50.625003814697266,309.6000061035156,67.04747226481496,10.488512697923476,0,0
2020-04-11T00:00:00Z,4.219995117187523,0,295.0899963378906,69.66444952718702,10.115117157329736,0,0
2020-04-11T01:00:00Z,3.9399963378906477,0,295.1099853515625,69.08272391058807,9.673593097562348,0,0
2020-04-11T02:00:00Z,3.6599975585937727,0,295.1199951171875,68.44416913820046,9.250134977953937,0,0
2020-04-11T03:00:00Z,3.3900085449218977,0,283.2099914550781,67.70430382312465,8.817766011775932,0,0
2020-04-11T04:00:00Z,3.0299926757812727,0,283.2200012207031,69.17509364566665,8.154569101462677,0,0
2020-04-11T05:00:00Z,2.6799865722656477,0,283.239990234375,70.62457295157797,7.494477859337118,0,0
2020-04-11T06:00:00Z,2.3200317382812727,0,270.2900085449219,72.15670938586982,6.865311204548206,0,0
2020-04-11T07:00:00Z,2.2499938964843977,0,270.2900085449219,72.22801783657873,6.731901536754113,0,0
2020-04-11T08:00:00Z,2.1799865722656477,0,270.29998779296875,72.28946332017078,6.594603859902884,0,0
2020-04-11T09:00:00Z,2.1099792480468977,0,290.9499816894531,72.35838751811217,6.471050726666836,0,0
2020-04-11T10:00:00Z,2.2900024414062727,0,290.9499816894531,70.17841630990425,6.760983407154104,0,0
2020-04-11T11:00:00Z,2.4599853515625227,66.35200500488281,290.9499816894531,68.09206795838742,7.063851544985723,0,0
2020-04-11T12:00:00Z,2.6400085449218977,215.4400177001953,276.7599792480469,66.00453789548388,7.370081023375182,0,0
2020-04-11T13:00:00Z,3.4899841308593977,345.6240234375,276.72998046875,61.87697446496346,7.657029097322565,0,0
2020-04-11T14:00:00Z,4.339990234375023,471.7060241699219,276.6999816894531,58.03527223359951,7.944312027012469,0,0
2020-04-11T15:00:00Z,5.189996337890648,557.13800048828125,291.41998291015625,54.45705232225454,8.23189491742817,0,0
2020-04-11T16:00:00Z,5.739984130859398,626.3170166015625,291.3899841308594,53.80399762133214,8.126924339742548,0,0
2020-04-11T17:00:00Z,6.290002441406273,654.15704345703125,291.3699951171875,53.13442503791075,8.029551369235566,0,0
2020-04-11T18:00:00Z,6.839990234375023,607.22900390625,299.8899841308594,52.44919789618109,7.925162477771183,0,0
2020-04-11T19:00:00Z,7.040032958984398,551.34503173828125,299.8800048828125,52.488450501354336,7.816936767997774,0,0
2020-04-11T20:00:00Z,7.230004882812523,448.1880187988281,299.8699951171875,52.54679868350545,7.713086321463069,0,0
2020-04-11T21:00:00Z,7.429986572265648,295.3630065917969,305.55999755859375,52.56813638502179,7.618116613557609,0,0
2020-04-11T22:00:00Z,6.739984130859398,180.239013671875,305.5799865722656,56.44820598619478,6.462545769601332,0,0
2020-04-11T23:00:00Z,6.050042724609398,57.09700393676758,305.6000061035156,60.61056374171049,5.318966138202298,0,0
2020-04-12T00:00:00Z,5.369989013671898,0,268.8800048828125,65.01212881056448,4.199345297875151,0,0
2020-04-12T01:00:00Z,4.760034179687523,0,268.9100036621094,64.41319634115253,3.988295243943911,0,0
2020-04-12T02:00:00Z,4.159997558593773,0,268.92999267578125,63.597045347670495,3.7871623858058197,0,0
2020-04-12T03:00:00Z,3.5499816894531477,0,240.4499969482422,62.64363196814232,3.592352842994977,0,0
2020-04-12T04:00:00Z,3.3399902343750227,0,240.45999145507813,62.5017849703965,3.0182279892154185,0,0
2020-04-12T05:00:00Z,3.1299987792968977,0,240.47000122070313,62.334970811407544,2.510318695316199,0,0
2020-04-12T06:00:00Z,2.9200073242187727,0,226.47000122070313,62.149489819018584,2.129530399788927,0,0
2020-04-12T07:00:00Z,2.7999816894531477,0,226.47000122070313,63.33484417701046,2.20229423982059,0,0
2020-04-12T08:00:00Z,2.6799865722656477,0,226.47000122070313,64.5281813894649,2.343608243088552,0,0
2020-04-12T09:00:00Z,2.5499816894531477,0,234.30999755859375,65.78518908823864,2.5353894644421837,0,0
2020-04-12T10:00:00Z,3.6599975585937727,0,234.2599945068359,64.47737105121026,2.7443395265611836,0,0
2020-04-12T11:00:00Z,4.769982910156273,86.07200622558594,234.22000122070313,63.04115266021184,3.133831547793334,0,0
2020-04-12T12:00:00Z,5.879998779296898,263.88800048828125,261.97998046875,61.49127966644767,3.65317659650641,0,0
2020-04-12T13:00:00Z,7.809991455078148,420.5760192871094,261.9100036621094,56.02221842894304,4.639493198011989,0,0
2020-04-12T14:00:00Z,9.749993896484398,572.39801025390625,261.8399963378906,51.02364461297601,5.634935626819039,0,0
2020-04-12T15:00:00Z,11.679986572265648,496.58203125,301.0199890136719,46.52270710678071,6.63272166785062,0,0
2020-04-12T16:00:00Z,12.200006103515648,557.7650146484375,300.989990234375,47.808010908550905,7.038557877564877,0,0
2020-04-12T17:00:00Z,12.719995117187523,582.31402587890625,300.9599914550781,48.95938072669314,7.462901408461904,1.1519999429583529e-4,0
2020-04-12T18:00:00Z,13.239984130859398,405.2140197753906,325.1300048828125,49.98281151707766,7.901170665295604,0,0
2020-04-12T19:00:00Z,13.260003662109398,368.0060119628906,325.1199951171875,54.144973149525875,7.780231091996617,0,0
2020-04-12T20:00:00Z,13.270043945312523,299.35302734375,325.1000061035156,58.32298247825077,7.665872269456666,0,0
2020-04-12T21:00:00Z,13.290002441406273,198.44500732421875,344.3800048828125,62.4529113026572,7.5688307802912265,0,0
2020-04-12T22:00:00Z,12.689996337890648,121.64800262451172,344.3999938964844,67.95575568508686,6.895360396214748,0,0
2020-04-12T23:00:00Z,12.080041503906273,39.53000259399414,344.4100036621094,73.86365366147108,6.22543150191415,0,0
2020-04-13T00:00:00Z,11.469995117187523,0,306.3299865722656,80.16030256236108,5.560440572809876,0,0
2020-04-13T01:00:00Z,11.149987792968773,0,306.3500061035156,80.60025363285477,5.550900541630386,0,0
2020-04-13T02:00:00Z,10.820001220703148,0,306.3599853515625,81.07555409479873,5.531527550814664,0,0
2020-04-13T03:00:00Z,10.499993896484398,0,340.92999267578125,81.48670296807119,5.522318334566045,0,0
2020-04-13T04:00:00Z,10.749993896484398,0,340.9100036621094,85.54380696760349,5.650566438629483,0,0
2020-04-13T05:00:00Z,10.989984130859398,0,340.8899841308594,89.49311575300392,5.790008597424842,0.0030719997882843017,0
2020-04-13T06:00:00Z,11.230004882812523,0,369.1999816894531,93.28694477747449,5.920844610537269,0.002361599922180176,0
2020-04-13T07:00:00Z,11.549981689453148,0,369.1799926757813,94.78672779477445,6.165427439599178,0.04095359802246094,0
2020-04-13T08:00:00Z,11.869989013671898,0,369.1600036621094,96.17614806587292,6.497075939731643,0.10897920227050781,0
2020-04-13T09:00:00Z,12.179986572265648,0,377.1600036621094,97.52844417083901,6.903252606063422,0.04183679866790772,0
2020-04-13T10:00:00Z,12.719995117187523,0,377.1300048828125,96.51594898490099,8.168622506603892,0.03818879985809326,0
2020-04-13T11:00:00Z,13.249993896484398,19.416000366210938,377.1000061035156,95.52290195925849,9.47641299778942,0.02167679929733276,0
2020-04-13T12:00:00Z,13.790002441406273,70.13600158691406,382.8599853515625,94.43485024462662,10.795299976433817,0.018239999771118166,0
2020-04-13T13:00:00Z,14.320001220703148,111.07200622558594,382.8299865722656,94.02855108234124,11.670908087593938,0.07006079864501953,0
2020-04-13T14:00:00Z,14.850000000000023,150.7570037841797,382.78997802734375,93.53559088408389,12.562236590122396,0.04156799983978272,0
2020-04-13T15:00:00Z,15.379998779296898,257.7920227050781,381.1199951171875,92.96496847952974,13.469973318736256,0.0011327999532222746,0
2020-04-13T16:00:00Z,15.390008544921898,289.3320007324219,381.1199951171875,92.81274808703252,13.387949662721692,0.020639998912811278,0
2020-04-13T17:00:00Z,15.390008544921898,301.9490051269531,381.1199951171875,92.7187199333843,13.386597238782288,0.020332799434661864,0
2020-04-13T18:00:00Z,15.390008544921898,280.61199951171875,385.6399841308594,92.62465820004228,13.465942262160603,0.017865599155426026,0
2020-04-13T19:00:00Z,16.040002441406273,254.91500854492188,385.6000061035156,92.36692798859303,13.101789953455027,0.03711359882354735,0
2020-04-13T20:00:00Z,16.689996337890648,207.5070037841797,385.55999755859375,91.98742402217101,13.050800445336094,0.10419839859008789,0
2020-04-13T21:00:00Z,17.339990234375023,224.1640167236328,374.7799987792969,91.4905280067793,13.330640838626529,0.013545598983764649,0
2020-04-13T22:00:00Z,16.859979248046898,138.0360107421875,374.8199768066406,88.70784631773044,11.259737586729248,0.19094399642944335,0
2020-04-13T23:00:00Z,16.369989013671898,45.9640007019043,374.8599853515625,85.70511698679572,10.141286350628508,0.020303998947143555,0
2020-04-14T00:00:00Z,15.879998779296898,0,299.239990234375,82.40158887018369,10.302392803676764,0.004007999897003174,0
2020-04-14T01:00:00Z,14.670007324218773,0,299.29998779296875,79.46561814377812,9.892870596980721,0,0
2020-04-14T02:00:00Z,13.450006103515648,0,299.3699951171875,75.53635808589965,9.580333947098188,0,0
2020-04-14T03:00:00Z,12.230004882812523,0,285.3699951171875,70.38827627359365,9.373590034165822,0,0
2020-04-14T04:00:00Z,10.909997558593773,0,285.42999267578125,71.7354308439927,8.473133673351493,0,0
2020-04-14T05:00:00Z,9.589990234375023,0,285.489990234375,72.76747213095709,7.59366167456982,0,0
2020-04-14T06:00:00Z,8.269982910156273,0,252.70999145507813,73.40932699399013,6.757469719216673,0,0
2020-04-14T07:00:00Z,7.100000000000023,0,252.7599945068359,75.42479278940365,6.171628636795767,0,0
2020-04-14T08:00:00Z,5.929986572265648,0,252.79998779296875,77.31244544486808,5.617944118699871,0,0
2020-04-14T09:00:00Z,4.749993896484398,0,246.97999572753903,79.08725352607696,5.124451208737859,0,0
2020-04-14T10:00:00Z,4.969995117187523,0,246.97999572753903,76.02797015710689,5.309472760158736,0,0
2020-04-14T11:00:00Z,5.179986572265648,76.63200378417969,246.97000122070313,73.0926490971265,5.507058768552304,0,0
2020-04-14T12:00:00Z,5.390008544921898,280.4480285644531,243.8999938964844,70.2245749836156,5.727128188853907,0,0
2020-04-14T13:00:00Z,6.119989013671898,441.39202880859375,243.8699951171875,66.35408867548706,5.754728406965299,0,0
2020-04-14T14:00:00Z,6.850000000000023,597.51104736328125,243.84999084472656,62.71297773670915,5.848632227606053,0,0
2020-04-14T15:00:00Z,7.579980468750023,507.1330261230469,298.6000061035156,59.28767045747479,6.0206642332554035,0,0
2020-04-14T16:00:00Z,7.969995117187523,568.70404052734375,298.5799865722656,57.42501024615272,4.93425791814474,0,0
2020-04-14T17:00:00Z,8.359979248046898,593.2550048828125,298.57000732421875,55.61820257710107,3.8731897812295384,0,0
2020-04-14T18:00:00Z,8.749993896484398,473.5440368652344,319.3399963378906,53.87565181446006,2.8725597089864854,0,0
2020-04-14T19:00:00Z,8.820001220703148,430.2490234375,319.3399963378906,52.965477676059884,2.387174109271431,0,0
2020-04-14T20:00:00Z,8.890008544921898,350.5010070800781,319.3399963378906,52.06099393671099,2.2905457482855134,0,0
2020-04-14T21:00:00Z,8.959985351562523,311.3260192871094,308.82000732421875,51.16730972864609,2.6145170185894364,0,0
2020-04-14T22:00:00Z,8.519982910156273,192.53700256347656,308.82000732421875,56.03038913037359,2.534758278243374,0,0
2020-04-14T23:00:00Z,8.089990234375023,65.61700439453125,308.8299865722656,61.105659637645,2.4614222869805875,0,0
2020-04-15T00:00:00Z,7.659997558593773,0,308.6099853515625,66.44536657103413,2.3970815346274175,0,0
2020-04-15T01:00:00Z,7.280023193359398,0,308.6300048828125,65.17491015649959,2.364846674473407,0,0
2020-04-15T02:00:00Z,6.909997558593773,0,308.6499938964844,63.74910962667023,2.357647054440556,0,0
2020-04-15T03:00:00Z,6.529992675781273,0,306.1000061035156,62.24871475062195,2.3654174058097857,0,0
2020-04-15T04:00:00Z,6.240045166015648,0,306.1099853515625,63.929689073313654,2.470971523121595,0,0
2020-04-15T05:00:00Z,5.950006103515648,0,306.1199951171875,65.66285767432989,2.6072590682983714,0,0
2020-04-15T06:00:00Z,5.670007324218773,0,306.8800048828125,67.38866564283431,2.74803554825716,0,0
2020-04-15T07:00:00Z,5.499993896484398,0,306.8899841308594,67.5848770638243,2.490983750957582,0,0
2020-04-15T08:00:00Z,5.329980468750023,0,306.8999938964844,67.7717521447268,2.4894375570981606,0,0
2020-04-15T09:00:00Z,5.159997558593773,0,283.5400085449219,67.96071946334028,2.723600539526772,0,0
2020-04-15T10:00:00Z,5.159997558593773,0,283.54998779296875,64.42841453663182,3.6848472078290437,0,0
2020-04-15T11:00:00Z,5.159997558593773,63.58000183105469,283.55999755859375,60.89003292639247,4.703073374174029,0,0
2020-04-15T12:00:00Z,5.149987792968773,290.8000183105469,236.7899932861328,57.388877899178574,5.7580031186976885,0,0
2020-04-15T13:00:00Z,5.299981689453148,454.97601318359375,236.7899932861328,52.51488640820919,5.906987191267904,0,0
2020-04-15T14:00:00Z,5.439996337890648,614.31005859375,236.79998779296875,47.76357241742588,6.064363103353844,0,0
2020-04-15T15:00:00Z,5.589990234375023,714.468017578125,236.4499969482422,43.07759933758166,6.209871174187111,0,0
2020-04-15T16:00:00Z,5.980004882812523,800.60101318359375,236.4399871826172,42.63274643787693,6.016659869449974,0,0
2020-04-15T17:00:00Z,6.369989013671898,834.821044921875,236.4199981689453,42.18168963620256,6.001108068366222,0,0
2020-04-15T18:00:00Z,6.769982910156273,674.7020263671875,267.0799865722656,41.6931225783194,6.155200763576592,0,0
2020-04-15T19:00:00Z,6.800042724609398,613.17303466796875,267.0799865722656,41.437904489986195,6.122458549443312,0,0
2020-04-15T20:00:00Z,6.830041503906273,499.8700256347656,267.0799865722656,41.187290368004554,6.123952975969026,0,0
2020-04-15T21:00:00Z,6.859979248046898,347.0340270996094,277.17999267578125,40.93619009119311,6.144794467417322,0,0
2020-04-15T22:00:00Z,6.159997558593773,215.5520172119141,277.1999816894531,44.686545632443604,5.51060796915239,0,0
2020-04-15T23:00:00Z,5.450006103515648,75.09700012207031,277.2200012207031,48.757349142913604,4.886921435012463,0,0
2020-04-16T00:00:00Z,4.749993896484398,0,252.02999877929688,53.114895714580264,4.290419521741207,0,0
2020-04-16T01:00:00Z,4.189996337890648,0,252.04998779296875,53.77659102631233,3.553603658168791,0,0
2020-04-16T02:00:00Z,3.6299987792968977,0,252.0800018310547,54.41528569546552,3.2022022933074745,0,0
2020-04-16T03:00:00Z,3.0700012207031477,0,264.44000244140625,55.02139628378808,3.33781351860009,0,0
2020-04-16T04:00:00Z,3.0100036621093977,0,264.42999267578125,58.64285046278269,4.361651005807315,0,0
2020-04-16T05:00:00Z,2.9599853515625227,0,264.42999267578125,62.23739754927276,5.4020828812973285,0,0
2020-04-16T06:00:00Z,2.9099975585937727,0,303.0899963378906,65.85192545166892,6.460193592749241,0,0
2020-04-16T07:00:00Z,3.0499816894531477,0,303.0799865722656,68.47308110889409,5.57718575570819,0,0
2020-04-16T08:00:00Z,3.2000061035156477,0,303.05999755859375,70.98182732508006,4.814862312515085,0,0
2020-04-16T09:00:00Z,3.3399902343750227,0,288.0199890136719,73.48091225824386,4.20437851185636,0,0
2020-04-16T10:00:00Z,3.3900085449218977,0,288.0299987792969,70.55063264133382,3.6710351658490015,0,0
2020-04-16T11:00:00Z,3.4399963378906477,66.89200592041016,288.0299987792969,67.62768570115173,4.298290318356058,0,0
2020-04-16T12:00:00Z,3.4800048828125227,288.2080078125,238.55999755859375,64.76568861557945,5.721887498692987,0,0
2020-04-16T13:00:00Z,3.8500000000000227,448.3360290527344,238.54998779296875,58.812441949973085,5.956005128708399,0,0
2020-04-16T14:00:00Z,4.219995117187523,603.821044921875,238.54998779296875,53.12821146501134,6.247511624969989,0,0
2020-04-16T15:00:00Z,4.589990234375023,556.12200927734375,277.19000244140625,47.70084689261651,6.562697430937826,0,0
2020-04-16T16:00:00Z,4.689996337890648,622.7010498046875,277.19000244140625,46.325671052603575,6.89222741745775,0,0
2020-04-16T17:00:00Z,4.779992675781273,649.05401611328125,277.19000244140625,45.0064959842997,7.305997315983527,0,0
2020-04-16T18:00:00Z,4.870019531250023,623.80804443359375,269.6199951171875,43.69462175119146,7.786404751831914,0,0
2020-04-16T19:00:00Z,4.920007324218773,567.04803466796875,269.6199951171875,43.58970730290043,8.08240028536945,0,0
2020-04-16T20:00:00Z,4.959985351562523,462.5830078125,269.6199951171875,43.511549211589546,8.38009526785821,0,0
2020-04-16T21:00:00Z,5.010003662109398,363.85601806640625,254.6899871826172,43.4088419512424,8.677614529259698,0,0
2020-04-16T22:00:00Z,4.239984130859398,226.94900512695313,254.72000122070313,46.358383516635236,7.447422357623798,0,0
2020-04-16T23:00:00Z,3.4800048828125227,80.75300598144531,254.739990234375,49.48275224015094,6.209484340110139,0,0
2020-04-17T00:00:00Z,2.7199951171875227,0,251.739990234375,52.83931187479015,4.98375360253871,0,0
2020-04-17T01:00:00Z,2.1199890136718977,0,251.7599945068359,55.88531913227915,4.814488641951906,0,0
2020-04-17T02:00:00Z,1.5299926757812727,0,251.76998901367188,59.06316333365312,4.664386295190942,0,0
2020-04-17T03:00:00Z,0.9299865722656477,0,234.7599945068359,62.47754466719387,4.516912715607137,0,0
2020-04-17T04:00:00Z,0.7499938964843977,0,234.76998901367188,63.22598499481076,4.5588265969243125,0,0
2020-04-17T05:00:00Z,0.5700012207031477,0,234.77999877929688,63.98735058189581,4.614596102843986,0,0
2020-04-17T06:00:00Z,0.39000854492189774,0,239.22000122070313,64.76108097990604,4.661384023927249,0,0
2020-04-17T07:00:00Z,0.40999755859377274,0,239.22000122070313,65.84647318640712,4.38603476930669,0,0
2020-04-17T08:00:00Z,0.42998657226564774,0,239.20999145507813,66.9381082322415,4.130980627476316,0,0
2020-04-17T09:00:00Z,0.45000610351564774,0,258.2599792480469,68.01521895307344,3.900563936004623,0,0
2020-04-17T10:00:00Z,1.2000061035156477,0,258.22998046875,65.61742161591187,4.057646857146535,0,0
2020-04-17T11:00:00Z,1.9599853515625227,90.23200225830078,258.1999816894531,63.25118452248856,4.234158800457292,0,0
2020-04-17T12:00:00Z,2.7199951171875227,263.3440246582031,253.6599884033203,60.97585639633345,4.406914750037453,0,0
2020-04-17T13:00:00Z,3.4600463867187727,407.39202880859375,253.63999938964844,55.021399804844044,4.985137949788147,0,0
2020-04-17T14:00:00Z,4.200006103515648,547.35101318359375,253.62998962402344,49.54074616502563,5.6402214933156225,0,0
2020-04-17T15:00:00Z,4.929986572265648,577.60003662109375,291.7099914550781,44.52583477293314,6.348416818362108,0,0
2020-04-17T16:00:00Z,5.490045166015648,646.26605224609375,291.67999267578125,44.80254197364926,5.965408677776576,0,0
2020-04-17T17:00:00Z,6.049981689453148,673.37701416015625,291.6600036621094,45.0095150702131,5.814086267034705,0,0
2020-04-17T18:00:00Z,6.609979248046898,678.6920166015625,297.1600036621094,45.12643924210447,5.921030319999554,0,0
2020-04-17T19:00:00Z,7.129998779296898,617.08203125,297.1300048828125,46.371242222524366,6.207624050549354,0,0
2020-04-17T20:00:00Z,7.660028076171898,503.74700927734375,297.1099853515625,47.440663613302334,6.5797036030576175,0,0
2020-04-17T21:00:00Z,8.190026855468773,273.1780090332031,326.19000244140625,48.37879692260902,7.012310492662948,0,0
2020-04-17T22:00:00Z,7.350000000000023,171.09600830078125,326.2099914550781,56.028759745284304,5.508475285400117,0,0
2020-04-17T23:00:00Z,6.499993896484398,62.11300277709961,326.22998046875,64.48739889489843,4.052678029399353,0,0
2020-04-18T00:00:00Z,5.659997558593773,0,325.6600036621094,73.74072932154948,2.69141222794842,0.002304000020027161,0
2020-04-18T01:00:00Z,5.239984130859398,0,325.66998291015625,79.05206023155498,2.5992498333754717,0.02833919906616211,0
2020-04-18T02:00:00Z,4.829980468750023,0,325.67999267578125,84.55745537858253,3.1401432244018883,0.024,0
2020-04-18T03:00:00Z,4.420037841796898,0,329.1099853515625,90.32393086788338,4.069016924023446,0.028972798347473145,0
2020-04-18T04:00:00Z,4.359979248046898,0,329.1099853515625,91.87986041544006,3.3911796991392174,0.04535039806365967,0
2020-04-18T05:00:00Z,4.309991455078148,0,329.1099853515625,93.37366452854239,2.9124730751528514,0.03907199764251709,0
2020-04-18T06:00:00Z,4.260003662109398,0,328.989990234375,94.87452486738218,2.7280213060630736,0.0440831995010376,0
2020-04-18T07:00:00Z,4.150018310546898,0,329,94.44886644535086,3.0937516505227385,0.03678719902038574,0
2020-04-18T08:00:00Z,4.029992675781273,0,329.0099792480469,94.08077154946147,3.5861538823152173,0.0051647998094558716,0
2020-04-18T09:00:00Z,3.9200073242187727,0,324.6499938964844,93.63214423318682,4.154226710940011,0,0
2020-04-18T10:00:00Z,3.8500000000000227,0,324.6499938964844,92.58587300815682,4.457488048877623,4.4160000979900346e-4,0
2020-04-18T11:00:00Z,3.7900024414062727,31.09600067138672,324.6600036621094,91.47116276496557,4.846534657396823,0.006681600093841553,0
2020-04-18T12:00:00Z,3.7300048828125227,75.33600616455078,325.6600036621094,90.3441800800673,5.2913985431997475,0.008275199890136718,0
2020-04-18T13:00:00Z,3.9900451660156477,115.92000579833984,325.6499938964844,88.59397643544173,5.371750191757108,0.008476799726486206,0
2020-04-18T14:00:00Z,4.249993896484398,155.37200927734375,325.6399841308594,86.88335758559282,5.527648393096123,0.013795200347900391,0
2020-04-18T15:00:00Z,4.519982910156273,256.16302490234375,318.2799987792969,85.1417568885957,5.752955606796217,0.00101759997010231,0
2020-04-18T16:00:00Z,4.950006103515648,286.4100036621094,318.2599792480469,82.66064689582953,5.654281658807551,0,0
2020-04-18T17:00:00Z,5.379998779296898,298.3270263671875,318.25,80.26559616985763,5.670775825494322,0,0
2020-04-18T18:00:00Z,5.809991455078148,586.84600830078125,291.739990234375,77.93742560482855,5.801456356179995,0,0
2020-04-18T19:00:00Z,6.379998779296898,533.7030029296875,291.7200012207031,73.73801551578474,5.658948509942646,0,0
2020-04-18T20:00:00Z,6.950006103515648,435.9850158691406,291.6999816894531,69.75787843754063,5.533760062484951,0,0
2020-04-18T21:00:00Z,7.519982910156273,368.697021484375,298.7599792480469,65.98966569698894,5.427089294047635,0,0
2020-04-18T22:00:00Z,6.850000000000023,231.864013671875,298.7799987792969,69.01437877552277,4.445446922053173,0,0
2020-04-18T23:00:00Z,6.170007324218773,85.8270034790039,298.80999755859375,72.25157813998604,3.4843218784131866,0,0
2020-04-19T00:00:00Z,5.489984130859398,0,296.8800048828125,75.66074582282764,2.5777508652979484,0,0
2020-04-19T01:00:00Z,4.890008544921898,0,296.9100036621094,75.1614931611058,2.7111804265390154,0,0
2020-04-19T02:00:00Z,4.279992675781273,0,296.94000244140625,74.54556159179413,2.898723813111796,0,0
2020-04-19T03:00:00Z,3.6799865722656477,0,254.61000061035156,73.68707473027204,3.1553920805103544,0,0
2020-04-19T04:00:00Z,3.0700012207031477,0,254.62998962402344,74.70153850869161,3.039753276195246,0,0
2020-04-19T05:00:00Z,2.4599853515625227,0,254.6599884033203,75.6658326702678,3.1085204525282872,0,0
2020-04-19T06:00:00Z,1.8500000000000227,0,257.6099853515625,76.5858399070769,3.338038159854849,0,0
2020-04-19T07:00:00Z,1.9099975585937727,0,257.6099853515625,77.87694777221795,3.437964382417648,0,0
2020-04-19T08:00:00Z,1.9599853515625227,0,257.6000061035156,79.20937750786211,3.592895653532094,0,0
2020-04-19T09:00:00Z,2.0199829101562727,0,266.92999267578125,80.4751364586522,3.7961032211270354,0,0
2020-04-19T10:00:00Z,2.7999816894531477,0,266.8999938964844,77.98622335572196,3.955009416648566,0,0
2020-04-19T11:00:00Z,3.5800415039062727,109.8560028076172,266.8699951171875,75.55140519279847,4.20776658197925,0,0
2020-04-19T12:00:00Z,4.350000000000023,312.2960205078125,243.22999572753903,73.22775783785181,4.5572468946717235,0,0
2020-04-19T13:00:00Z,6.119989013671898,478.06402587890625,243.1699981689453,66.96871994401883,5.311355460976764,0,0
2020-04-19T14:00:00Z,7.890008544921898,639.279052734375,243.11000061035156,61.269517902939704,6.147064219538831,0,0
2020-04-19T15:00:00Z,9.659997558593773,761.75604248046875,264.30999755859375,56.08489800063774,7.052439145647479,0,0
2020-04-19T16:00:00Z,10.909997558593773,851.1250610351564,264.2599792480469,55.94134012387856,7.99790559926071,0,0
2020-04-19T17:00:00Z,12.170007324218773,886.19903564453125,264.1999816894531,55.46095520213783,8.930761189308335,0,0
2020-04-19T18:00:00Z,13.420007324218773,827.9560546875,280.5400085449219,54.77019055177456,9.871858686577976,0,0
2020-04-19T19:00:00Z,13.779992675781273,753.1610107421875,280.5199890136719,55.205747504606194,9.906628917641,0,0
2020-04-19T20:00:00Z,14.130029296875023,615.68304443359375,280.5,55.62831541358384,9.950562582395872,0,0
2020-04-19T21:00:00Z,14.480035400390648,416.009033203125,291.7099914550781,55.99874513401196,9.989644558323477,0,0
2020-04-19T22:00:00Z,13.379998779296898,262.6620178222656,291.75,61.133989863359396,9.17882875916008,0,0
2020-04-19T23:00:00Z,12.269982910156273,99.04200744628906,291.7900085449219,66.80631721171629,8.362063107013135,0,0
2020-04-20T00:00:00Z,11.160028076171898,0,295.5,73.03688402683221,7.546476068679027,0,0
2020-04-20T01:00:00Z,10.489984130859398,0,295.5299987792969,73.79109950830373,6.827034396341817,0,0
2020-04-20T02:00:00Z,9.820001220703148,0,295.55999755859375,74.47833441993852,6.125136477074862,0,0
2020-04-20T03:00:00Z,9.150018310546898,0,316.92999267578125,75.08092713197541,5.4220012159272395,0,0
2020-04-20T04:00:00Z,8.929986572265648,0,316.92999267578125,76.8062686131389,4.455300134680587,0,0
2020-04-20T05:00:00Z,8.709985351562523,0,316.94000244140625,78.56710793901367,3.5332702685672093,0,0
2020-04-20T06:00:00Z,8.489984130859398,0,323.78997802734375,80.36113082393086,2.697128002547839,0,0
2020-04-20T07:00:00Z,8.260003662109398,0,323.79998779296875,80.37737472404214,2.0933465797644026,0,0
2020-04-20T08:00:00Z,8.029992675781273,0,323.80999755859375,80.3773360458751,2.7464158408401245,0,0
2020-04-20T09:00:00Z,7.799981689453148,0,288.19000244140625,80.35578700873732,4.0871138391595245,0,0
2020-04-20T10:00:00Z,7.950006103515648,0,288.17999267578125,77.9110320941344,4.290186437979992,0,0
2020-04-20T11:00:00Z,8.100000000000023,115.9840087890625,288.17999267578125,75.50590488213291,4.562071628056747,0,0
2020-04-20T12:00:00Z,8.249993896484398,308.42401123046875,246.51998901367188,73.1429689222433,4.882058965097947,0,0
2020-04-20T13:00:00Z,8.619989013671898,469.7760314941406,246.51998901367188,66.67985344337477,4.802207669441476,0,0
2020-04-20T14:00:00Z,8.999993896484398,626.7950439453125,246.5099945068359,60.463793457052674,4.716990521549021,0,0
2020-04-20T15:00:00Z,9.379998779296898,696.6240234375,274.6999816894531,54.52275789437075,4.645955059223349,0,0
2020-04-20T16:00:00Z,10.040002441406273,777.8300170898436,274.66998291015625,52.7997364155778,3.8351270896314356,0,0
2020-04-20T17:00:00Z,10.700006103515648,809.613037109375,274.6499938964844,51.13239042639642,3.1098070124946076,0,0
2020-04-20T18:00:00Z,11.359979248046898,772.758056640625,285.07000732421875,49.516380137673664,2.54420904980353,0,0
2020-04-20T19:00:00Z,11.640039062500023,703.13104248046875,285.04998779296875,49.08602580173802,1.7550497867717025,0,0
2020-04-20T20:00:00Z,11.920037841796898,575.18304443359375,285.0400085449219,48.65633340488854,0.9963934771368305,0,0
2020-04-20T21:00:00Z,12.200006103515648,376.85101318359375,316.239990234375,48.22876140523498,0.3748333007720398,0,0
2020-04-20T22:00:00Z,11.329980468750023,238.8660125732422,316.2699890136719,52.94347861453387,1.0141498540980416,0,0
2020-04-20T23:00:00Z,10.469995117187523,91.68700408935548,316.29998779296875,58.035106095920106,1.7617321090157907,0,0
2020-04-21T00:00:00Z,9.600000000000023,0,237.72999572753903,63.622560636194265,2.520496033864987,0,0
2020-04-21T01:00:00Z,8.700006103515648,0,237.76998901367188,60.361252748771555,2.124923460580523,0,0
2020-04-21T02:00:00Z,7.809991455078148,0,237.80999755859375,56.404465489578335,1.9586984834791852,0,0
2020-04-21T03:00:00Z,6.910028076171898,0,224.4099884033203,51.75202740563093,2.077618770119299,0,0
2020-04-21T04:00:00Z,5.960046386718773,0,224.44000244140625,55.64575757688123,2.4091906358610062,0,0
2020-04-21T05:00:00Z,5.010003662109398,0,224.45999145507813,59.850449509116075,2.9430765350751806,0,0
2020-04-21T06:00:00Z,4.059991455078148,0,237.17999267578125,64.41534054462856,3.595510940983903,0,0
2020-04-21T07:00:00Z,3.8799987792968977,0,237.17999267578125,67.82301689187666,3.842407905725877,0,0
2020-04-21T08:00:00Z,3.7000061035156477,0,237.17999267578125,71.31714747562485,4.101182504288634,0,0
2020-04-21T09:00:00Z,3.5199829101562727,0,252.72000122070313,74.88680323036388,4.377955839522762,0,0
2020-04-21T10:00:00Z,4.689996337890648,0,252.6699981689453,75.95138389673063,4.995297559788011,0,0
2020-04-21T11:00:00Z,5.850000000000023,107.47200775146484,252.6199951171875,76.47306760184772,5.66551835869456,0,0
2020-04-21T12:00:00Z,7.020043945312523,250.8160095214844,285.3299865722656,76.44233514239245,6.373107487578806,0,0
2020-04-21T13:00:00Z,8.730004882812523,380.1920166015625,285.239990234375,76.93409164424129,7.480106970175482,9.599999757483601e-6,0
2020-04-21T14:00:00Z,10.439996337890648,506.1580200195313,285.1600036621094,76.45865918028078,8.645998957294179,0,0
2020-04-21T15:00:00Z,12.149987792968773,502.5130310058594,334.7799987792969,75.25266075028772,9.865586162158415,0.005183999776840211,0
2020-04-21T16:00:00Z,12.589990234375023,560.717041015625,334.7599792480469,73.38960511789837,9.443495083916131,0.009859199523925782,0
2020-04-21T17:00:00Z,13.029992675781273,583.43701171875,334.739990234375,71.58152259511648,9.308887776502278,0.015638400077819824,0
2020-04-21T18:00:00Z,13.470025634765648,434.5070190429687,344.6000061035156,69.819855646634693,9.474027484756496,0.021148798942565918,0
2020-04-21T19:00:00Z,12.620019531250023,395.45703125,344.6499938964844,66.29934914791757,8.449668382062727,0.00664799952507019,0
2020-04-21T20:00:00Z,11.779992675781273,323.7190246582031,344.7099914550781,62.104953909534096,8.568412769384475,0.0022799999713897707,0
2020-04-21T21:00:00Z,10.940026855468773,294.1960144042969,290.47998046875,57.220286980761124,9.774174737264849,0,0
2020-04-21T22:00:00Z,9.309991455078148,187.19500732421875,290.55999755859375,58.159666728250144,9.410764752607117,0,0
2020-04-21T23:00:00Z,7.670007324218773,73.09100341796875,290.6300048828125,58.63350403108834,9.161276838513404,0.0010992000102996826,0
2020-04-22T00:00:00Z,6.040002441406273,0,291.6499938964844,58.41499225456032,9.033742004830161,0,0
2020-04-22T01:00:00Z,4.950006103515648,0,291.7099914550781,58.26246792163175,8.62765888810625,0,0
2020-04-22T02:00:00Z,3.8599792480468977,0,291.7599792480469,57.73124980135166,8.231767455268773,0,0
2020-04-22T03:00:00Z,2.7699829101562727,0,241.02999877929688,56.76737712365212,7.837327031613386,0,0
2020-04-22T04:00:00Z,2.0199829101562727,0,241.04998779296875,58.14460572025902,7.88183327734379,0,0
2020-04-22T05:00:00Z,1.2600036621093977,0,241.0800018310547,59.55909937662624,7.933580212913703,0,0
2020-04-22T06:00:00Z,0.5100036621093977,0,219.22999572753903,60.92796934062276,7.988598081230292,0,0
2020-04-22T07:00:00Z,0.26998291015627274,0,219.239990234375,62.255869228456326,7.4835887467849185,0,0
2020-04-22T08:00:00Z,0.029992675781272737,0,219.25,63.624156410587716,7.012481527089968,0,0
2020-04-22T09:00:00Z,-0.20999755859372726,0,229.8300018310547,65.02362596678559,6.595975858533716,0,0
2020-04-22T10:00:00Z,0.46999511718752274,0,229.80999755859375,61.83161570341503,7.251551323528431,0,0
2020-04-22T11:00:00Z,1.1499877929687727,101.62000274658205,229.7899932861328,58.80496637824275,7.924758426594513,0,0
2020-04-22T12:00:00Z,1.8299804687500227,196.8400115966797,274.42999267578125,55.94595489477729,8.616570951327397,0,0
2020-04-22T13:00:00Z,2.0100036621093977,296.97601318359375,274.42999267578125,51.94388389550094,9.253242396595843,0,0
2020-04-22T14:00:00Z,2.1899963378906477,394.5350036621094,274.42999267578125,48.04453726178042,9.915170016252226,0,0
2020-04-22T15:00:00Z,2.3699890136718977,430.97802734375,272.739990234375,44.2351675747281,10.590042308312217,0,0
2020-04-22T16:00:00Z,2.6100402832031477,480.5670166015625,272.72998046875,45.433232757563154,10.326146502870255,0,0
2020-04-22T17:00:00Z,2.8599792480468977,499.905029296875,272.7099914550781,46.53771416306576,10.116452097314653,0,0
2020-04-22T18:00:00Z,3.1099792480468977,635.81402587890625,276.0099792480469,47.59224598082353,9.96438097163726,0,0
2020-04-22T19:00:00Z,3.5400024414062727,578.7900390625,275.989990234375,48.02444132469947,9.813052081668166,0,0
2020-04-22T20:00:00Z,3.9800354003906477,474.12603759765625,275.9700012207031,48.35852210494209,9.66201300722533,0,0
2020-04-22T21:00:00Z,4.409997558593773,317.8280029296875,285.75,48.666744443469085,9.511277420519798,0,0
2020-04-22T22:00:00Z,3.6200195312500227,203.0050048828125,285.7799987792969,51.28015426122369,8.410856052027713,0,0
2020-04-22T23:00:00Z,2.8399902343750227,80.5790023803711,285.80999755859375,54.01361399225718,7.314649720321942,0,0
2020-04-23T00:00:00Z,2.0500427246093977,0,225.4499969482422,56.96582879320229,6.220554285758047,0,0
2020-04-23T01:00:00Z,1.3200012207031477,0,225.47000122070313,58.31261669320324,6.066670905555401,0,0
2020-04-23T02:00:00Z,0.5899902343750227,0,225.5,59.64875372479212,5.937356196844495,0,0
2020-04-23T03:00:00Z,-0.14002075195310226,0,217.84999084472656,60.98128254890327,5.81532447788699,0,0
2020-04-23T04:00:00Z,-0.32999267578122726,0,217.84999084472656,63.232201195079774,5.458250549018654,0,0
2020-04-23T05:00:00Z,-0.5100158691406023,0,217.84999084472656,65.50218496062406,5.110156379591236,0,0
2020-04-23T06:00:00Z,-0.7000183105468523,0,214.36000061035156,67.87087015909434,4.748652288360945,0,0
2020-04-23T07:00:00Z,-0.7500061035156023,0,214.36000061035156,68.17556794707852,4.0166277470398155,0,0
2020-04-23T08:00:00Z,-0.7999938964843523,0,214.36000061035156,68.4756350445211,3.3093351778943085,0,0
2020-04-23T09:00:00Z,-0.8500122070312273,0,231.4099884033203,68.78601861985517,2.6464314817924093,0,0
2020-04-23T10:00:00Z,0.49999389648439774,0,231.3699951171875,65.14903612146706,2.194401998351095,0,0
2020-04-23T11:00:00Z,1.8599792480468977,116.25200653076172,231.3199920654297,61.60328764708618,1.8298906688132701,0,0
2020-04-23T12:00:00Z,3.2199951171875227,255.1680145263672,257.739990234375,58.216864363728945,1.6100930693704418,0,0
2020-04-23T13:00:00Z,4.040032958984398,383.2480163574219,257.7200012207031,51.85893772343267,2.0435263256725182,0,0
2020-04-23T14:00:00Z,4.869989013671898,508.0920104980469,257.6999816894531,46.038083229481096,2.5235292834759084,0,0
2020-04-23T15:00:00Z,5.700006103515648,450.1400146484375,298.79998779296875,40.7285096206039,3.0245163091121188,0.0018623998761177062,0
2020-04-23T16:00:00Z,6.590020751953148,501.6590270996094,298.75,42.48984644197003,3.1622776601683795,0.0015359998941421509,0
2020-04-23T17:00:00Z,7.489984130859398,521.66705322265625,298.6999816894531,43.879578752317286,3.3300149386589237,5.951999723911284e-4,0
2020-04-23T18:00:00Z,8.379998779296898,389.9820251464844,320.6600036621094,44.995789188322384,3.5106977869019538,0.0014687999188899995,0
2020-04-23T19:00:00Z,8.540002441406273,355.1120300292969,320.6499938964844,47.492115549313006,3.398190697109808,0.0014783999919891358,0
2020-04-23T20:00:00Z,8.689996337890648,291.0810241699219,320.6300048828125,49.9543427587221,3.3802364887932184,0,0
2020-04-23T21:00:00Z,8.850000000000023,216.3610076904297,331.32000732421875,52.323146242688644,3.456370807005725,0,0
2020-04-23T22:00:00Z,7.980004882812523,138.6959991455078,331.3500061035156,57.609769911199066,3.233109973995704,0,0
2020-04-23T23:00:00Z,7.100000000000023,55.928001403808594,331.3800048828125,63.409485641829164,3.178002382262998,0,0
2020-04-24T00:00:00Z,6.230004882812523,0,324.8800048828125,69.70096081103537,3.299484770232001,0.0019391999244689942,0
2020-04-24T01:00:00Z,6.089990234375023,0,324.8899841308594,69.49543453618608,3.0792368775731007,0.0019391999244689942,0
2020-04-24T02:00:00Z,5.950006103515648,0,324.8999938964844,69.28276827300613,2.8961353122887012,0,0
2020-04-24T03:00:00Z,5.809991455078148,0,312.1399841308594,69.06039284575316,2.7318308288347546,0,0
2020-04-24T04:00:00Z,5.439996337890648,0,312.1499938964844,73.5968611151012,2.186801316621781,0,0
2020-04-24T05:00:00Z,5.070001220703148,0,312.1600036621094,78.32617422364656,1.7647945261757128,0.0038688000440597536,0
2020-04-24T06:00:00Z,4.700006103515648,0,337.82000732421875,83.25479246907767,1.5814550167736257,0.008822399854660034,0
2020-04-24T07:00:00Z,4.629998779296898,0,337.80999755859375,85.9122390784209,1.7295663751165828,0.013171199798583985,0
2020-04-24T08:00:00Z,4.560021972656273,0,337.80999755859375,88.59486316561868,2.2800218770165515,0.013190400123596192,0
2020-04-24T09:00:00Z,4.489984130859398,0,340.2599792480469,91.29205679385048,3.0187745777653903,0.011097599744796753,0
2020-04-24T10:00:00Z,4.930047607421898,0,340.239990234375,89.2984016912866,3.860828953463362,0.002419200003147125,0
2020-04-24T11:00:00Z,5.369989013671898,45.76400375366211,340.2200012207031,87.35174219247028,4.714763943051265,0,0
2020-04-24T12:00:00Z,5.799981689453148,80.18400573730469,345.55999755859375,85.50706627215637,5.575123068644301,0,0
2020-04-24T13:00:00Z,6.270043945312523,119.92000579833984,345.5299987792969,85.93569083186719,5.624277596603661,5.471999645233154e-4,0
2020-04-24T14:00:00Z,6.730004882812523,158.65301513671875,345.5,86.31541579156936,5.6785998212339415,0.013737599372863769,0
2020-04-24T15:00:00Z,7.200006103515648,221.81100463867188,348.8399963378906,86.53261647080079,5.737612677471274,0.016569600105285645,0
2020-04-24T16:00:00Z,7.520043945312523,247.03701782226565,348.8299865722656,86.69568026047774,5.70800281199659,0.019195199489593504,0
2020-04-24T17:00:00Z,7.839990234375023,256.8240051269531,348.80999755859375,86.82057952775648,5.718688564833544,0.024302398681640625,0
2020-04-24T18:00:00Z,8.159997558593773,252.6850128173828,353.5899963378906,86.8992413328867,5.7783386818804505,0.008011199712753296,0
2020-04-24T19:00:00Z,8.429986572265648,230.156005859375,353.5799865722656,85.39445403109931,5.648866891565317,3.6479998379945733e-4,0
2020-04-24T20:00:00Z,8.700036621093773,188.77601623535156,353.57000732421875,83.91433026784362,5.559253452183817,0,0
2020-04-24T21:00:00Z,8.969995117187523,225.3190155029297,325.2099914550781,82.46241443153328,5.5305874946176985,5.183999687433243e-4,0
2020-04-24T22:00:00Z,8.299981689453148,144.98001098632813,325.239990234375,84.29477674827288,4.61806230133093,0,0
2020-04-24T23:00:00Z,7.629998779296898,59.36800384521485,325.2699890136719,86.13384200359204,3.7138253394233507,0,0
2020-04-25T00:00:00Z,6.959985351562523,0,287.2200012207031,87.97386223909076,2.82177242567456,0,0
2020-04-25T01:00:00Z,6.439996337890648,0,287.25,86.0970297594936,2.6998148645621627,0,0
2020-04-25T02:00:00Z,5.920007324218773,0,287.2799987792969,83.96172174543499,2.6184154979957395,0,0
2020-04-25T03:00:00Z,5.399987792968773,0,279.3299865722656,81.55810494231994,2.584434011023188,0,0
2020-04-25T04:00:00Z,5.249993896484398,0,279.3299865722656,80.4694367044957,2.555503708416338,0,0
2020-04-25T05:00:00Z,5.109979248046898,0,279.3399963378906,79.29800701667654,2.523529148962529,0,0
2020-04-25T06:00:00Z,4.969995117187523,0,280,78.08716735284251,2.495054991962723,0,0
2020-04-25T07:00:00Z,4.750024414062523,0,280.0099792480469,78.4829869237463,2.5240046086579144,0,0
2020-04-25T08:00:00Z,4.540002441406273,0,280.0199890136719,78.81753976122933,2.5564428752613892,0,0
2020-04-25T09:00:00Z,4.330041503906273,0,304.2799987792969,79.13823292959701,2.5768973743467534,0,0
2020-04-25T10:00:00Z,5.450006103515648,0,304.22998046875,76.55033760187779,2.388828130070128,0,0
2020-04-25T11:00:00Z,6.570001220703148,92.62400817871094,304.17999267578125,73.9514883364367,2.201272258353574,0,0
2020-04-25T12:00:00Z,7.689996337890648,209.1840057373047,332.6499938964844,71.36591170816573,2.023857657271018,0,0
2020-04-25T13:00:00Z,9.179986572265648,311.52001953125,332.5899963378906,63.01273098508019,1.8243902759755375,0,0
2020-04-25T14:00:00Z,10.670037841796898,411.3570251464844,332.5299987792969,55.677947927579886,1.6568041280246921,0,0
2020-04-25T15:00:00Z,12.160028076171898,523.72100830078125,336.9599914550781,49.22820662032179,1.5226621231643045,0,0
2020-04-25T16:00:00Z,12.980004882812523,582.9520263671875,336.91998291015625,48.78297481511978,0.7045565708776875,0,0
2020-04-25T17:00:00Z,13.799981689453148,605.86004638671875,336.8699951171875,48.26041812967407,0.7960527359240196,0,0
2020-04-25T18:00:00Z,14.629998779296898,638.2020263671875,335.6999816894531,47.64093244519388,1.6585836780474084,0,0
2020-04-25T19:00:00Z,14.969995117187523,581.43701171875,335.67999267578125,48.59053486439309,1.8659045135337171,0,0
2020-04-25T20:00:00Z,15.310021972656273,477.2440185546875,335.6600036621094,49.4756011572612,2.0981181768284256,0,0
2020-04-25T21:00:00Z,15.660028076171898,338.94000244140625,341.7599792480469,50.27137778766417,2.3384824649535902,0,0
2020-04-25T22:00:00Z,14.600030517578148,218.85501098632813,341.79998779296875,55.39637675534306,2.539015590462103,0,0
2020-04-25T23:00:00Z,13.549981689453148,90.94700622558594,341.8299865722656,60.98975647585219,2.7920064306567665,0,0
2020-04-26T00:00:00Z,12.489984130859398,0,337.82000732421875,67.18336466708126,3.0914235417959994,0,0
2020-04-26T01:00:00Z,11.829980468750023,0,337.8500061035156,68.41784395757591,2.903738919982923,0,0
2020-04-26T02:00:00Z,11.170007324218773,0,337.8800048828125,69.64425278167475,2.892818653948633,0,0
2020-04-26T03:00:00Z,10.499993896484398,0,334.5299987792969,70.90240658404149,3.043221938707938,0,0
2020-04-26T04:00:00Z,9.969995117187523,0,334.55999755859375,73.0527860643435,3.040164480771188,1.9199999514967202e-5,0
2020-04-26T05:00:00Z,9.439996337890648,0,334.5799865722656,75.27534835982354,3.0801621664150405,2.879999857395864e-5,0
2020-04-26T06:00:00Z,8.899987792968773,0,333.30999755859375,77.6268388143352,3.184964571984844,4.799999669194199e-5,0
2020-04-26T07:00:00Z,8.559991455078148,0,333.3299865722656,78.96731480476537,2.796086462846478,0,0
2020-04-26T08:00:00Z,8.230004882812523,0,333.3399963378906,80.27873298482666,2.504156433880086,8.639999851584432e-5,0
2020-04-26T09:00:00Z,7.890008544921898,0,347.05999755859375,81.67467544759894,2.359258296460021,0,0
2020-04-26T10:00:00Z,8.129998779296898,0,347.04998779296875,81.21545853271225,3.0875556719930666,2.0159999281167985e-4,0
2020-04-26T11:00:00Z,8.360040283203148,34.02400207519531,347.03997802734375,80.81424108613535,3.9493035638683964,2.2559999674558632e-4,0
2020-04-26T12:00:00Z,8.600000000000023,122.6080093383789,341.0899963378906,80.34609026902056,4.860009944732467,8.111999630928037e-4,0
2020-04-26T13:00:00Z,8.939996337890648,181.8400115966797,341.0899963378906,72.81689263613217,5.820420641826132,0.008188799858093261,0
2020-04-26T14:00:00Z,9.290002441406273,239.68101501464844,341.0899963378906,65.56188721042048,6.7810615967152,0.0037824000120162964,0
2020-04-26T15:00:00Z,9.629998779296898,205.99801635742188,347.6300048828125,58.666568718518555,7.731869133365105,0.01463040018081665,0
2020-04-26T16:00:00Z,9.200006103515648,229.17401123046875,347.6300048828125,67.40721283045322,7.215018884554133,0.019679999828338623,0
2020-04-26T17:00:00Z,8.769982910156273,238.10601806640625,347.6300048828125,76.62723465957727,6.817990533997858,0.01103999948501587,0
2020-04-26T18:00:00Z,8.350000000000023,166.18701171875,347.3500061035156,86.27804484157323,6.553304238054315,0.008198400020599366,0
2020-04-26T19:00:00Z,8.310021972656273,151.44100952148438,347.3500061035156,88.26054333346906,7.078594353278397,0.007627199649810791,0
2020-04-26T20:00:00Z,8.270043945312523,124.38900756835938,347.3399963378906,90.24323242685597,7.611681695612415,0.008409600019454956,0
2020-04-26T21:00:00Z,8.219995117187523,94.63700103759766,344.8699951171875,92.29774290311714,8.154072189644015,0.01909439992904663,0
2020-04-26T22:00:00Z,7.890008544921898,61.32200241088867,344.8899841308594,92.39359533729184,7.865697453804338,0.04256639957427978,0
2020-04-26T23:00:00Z,7.549981689453148,25.84600067138672,344.9100036621094,92.51968874739487,7.635345122150913,0.013850399494171143,0
2020-04-27T00:00:00Z,7.209985351562523,0,331.739990234375,92.59792464150081,7.461186031221358,0.04734239959716797,0
2020-04-27T01:00:00Z,6.359979248046898,0,331.78997802734375,91.96153179443326,7.315913934384946,0.03034560012817383,0
2020-04-27T02:00:00Z,5.519982910156273,0,331.8399963378906,90.87281401356398,7.177750092483859,0.005779199838638306,0
2020-04-27T03:00:00Z,4.670007324218773,0,329.1199951171875,89.40777677477708,7.070113038072609,0,0
2020-04-27T04:00:00Z,4.640008544921898,0,329.1199951171875,90.08205494661046,6.251151697903472,0,0
2020-04-27T05:00:00Z,4.619989013671898,0,329.1300048828125,90.69030097282037,5.522770786131114,0,0
2020-04-27T06:00:00Z,4.589990234375023,0,326.4499816894531,91.37104554883508,4.904079680804388,0,0
2020-04-27T07:00:00Z,4.499993896484398,0,326.4499816894531,91.43011313418032,4.934632611875667,0,0
2020-04-27T08:00:00Z,4.409997558593773,0,326.4599914550781,91.49448371387385,4.980010096308038,0,0
2020-04-27T09:00:00Z,4.320001220703148,0,325.989990234375,91.55484934824983,5.042865981020343,0,0
2020-04-27T10:00:00Z,4.710046386718773,0,325.9700012207031,90.14293151393882,5.44001820996424,0,0
2020-04-27T11:00:00Z,5.089990234375023,53.12000274658203,325.9499816894531,88.81260521435686,5.828249861599294,0,0
2020-04-27T12:00:00Z,5.480004882812523,66.56000518798828,325.3800048828125,87.43705990433023,6.216767686583238,5.567999929189681e-4,0
2020-04-27T13:00:00Z,5.480004882812523,98.33600616455078,325.3800048828125,87.64736265493673,6.154681240360421,0,0
2020-04-27T14:00:00Z,5.490045166015648,129.3660125732422,325.3699951171875,87.80156782190954,6.0932828627822335,0,0
2020-04-27T15:00:00Z,5.489984130859398,159.47500610351565,329.94000244140625,88.0090986858804,6.021868461505368,0,0
2020-04-27T16:00:00Z,5.899987792968773,177.3140106201172,329.91998291015625,87.39228624620554,6.251351853700144,0,0
2020-04-27T17:00:00Z,6.320001220703148,184.17300415039065,329.8999938964844,86.68632476919224,6.482977501283454,0,0
2020-04-27T18:00:00Z,6.730004882812523,209.27500915527344,334.7599792480469,86.01663953741725,6.7254888864914175,4.319999925792216e-5,0
2020-04-27T19:00:00Z,6.989984130859398,190.76400756835935,334.75,86.42002045483837,6.613017386330686,0,0
2020-04-27T20:00:00Z,7.260003662109398,156.78201293945313,334.72998046875,86.72227240255536,6.499638243086516,1.1519999429583529e-4,0
2020-04-27T21:00:00Z,7.520043945312523,170.67601013183594,337.3599853515625,87.04678478334642,6.386391439112944,4.6559996902942655e-4,0
2020-04-27T22:00:00Z,7.390008544921898,110.97200775146484,337.3699951171875,87.09567761398101,5.9355958966283495,3.1679999828338606e-4,0
2020-04-27T23:00:00Z,7.269982910156273,47.41600036621094,337.3699951171875,87.08334355950663,5.517653345121259,1.0559999942779537e-4,0
2020-04-28T00:00:00Z,7.140008544921898,0,326.7699890136719,87.1161815776602,5.118632726720912,1.9199999514967202e-5,0
2020-04-28T01:00:00Z,6.619989013671898,0,326.79998779296875,86.52590347856614,4.833725344977527,0,0
2020-04-28T02:00:00Z,6.110040283203148,0,326.8299865722656,85.72207137764346,4.55747721874049,0,0
2020-04-28T03:00:00Z,5.589990234375023,0,298.1499938964844,84.80665629627158,4.273873962931956,0,0
2020-04-28T04:00:00Z,5.049981689453148,0,298.17999267578125,86.08688380600083,3.9274673330161356,0,0
2020-04-28T05:00:00Z,4.510003662109398,0,298.1999816894531,87.35694682703344,3.593020829266451,0,0
2020-04-28T06:00:00Z,3.9699951171875227,0,267.6999816894531,88.6128812720902,3.258527222610231,0,0
2020-04-28T07:00:00Z,3.3399902343750227,0,267.72998046875,88.24198519041826,3.2607053223935765,0,0
2020-04-28T08:00:00Z,2.7099853515625227,0,267.7599792480469,87.66868576334161,3.3236275405245688,0,0
2020-04-28T09:00:00Z,2.0800415039062727,0,235.88999938964844,86.86855673068372,3.441453107000902,0,0
2020-04-28T10:00:00Z,3.4600463867187727,0,235.83999633789065,84.62839685090366,3.373425548792029,0,0
2020-04-28T11:00:00Z,4.840020751953148,145.80801391601565,235.7899932861328,82.12439566127676,3.299590789132011,0,0
2020-04-28T12:00:00Z,6.230004882812523,345.9360046386719,249.70999145507813,79.39224721371689,3.240771475532071,0,0
2020-04-28T13:00:00Z,7.570001220703148,509.1360168457031,249.6599884033203,71.41410527739976,3.97454397812638,0,0
2020-04-28T14:00:00Z,8.920007324218773,668.6240234375,249.6199951171875,64.24435900036582,4.74371147865869,0,0
2020-04-28T15:00:00Z,10.260003662109398,793.4140625,261.6199951171875,57.88712195009688,5.511768878227054,0,0
2020-04-28T16:00:00Z,11.239984130859398,881.6900634765625,261.5799865722656,55.433504117062085,5.3695158438448365,0,0
2020-04-28T17:00:00Z,12.219995117187523,915.5980224609376,261.54998779296875,53.08803156000519,5.290491156573297,0,0
2020-04-28T18:00:00Z,13.200006103515648,855.1170654296875,276.5099792480469,50.836712060009376,5.261349509982313,0,0
2020-04-28T19:00:00Z,13.540002441406273,779.65802001953125,276.5,50.79675975184976,4.710520083633334,0,0
2020-04-28T20:00:00Z,13.869989013671898,641.24200439453125,276.47998046875,50.771892740595575,4.29348333782847,0,0
2020-04-28T21:00:00Z,14.209985351562523,420.8700256347656,311.4499816894531,50.691892015155624,4.030942659890073,0,0
2020-04-28T22:00:00Z,13.420007324218773,274.5989990234375,311.47998046875,53.82107191421258,3.1515868186485254,0,0
2020-04-28T23:00:00Z,12.629998779296898,118.8810043334961,311.5099792480469,57.15379356286769,2.295931152982962,0,0
2020-04-29T00:00:00Z,11.839990234375023,0,278.3599853515625,60.714949080910415,1.4727524343695368,0,0
2020-04-29T01:00:00Z,10.609979248046898,0,278.4100036621094,62.13712469055534,1.306789887957455,0,0
2020-04-29T02:00:00Z,9.390039062500023,0,278.4599914550781,63.3598905805857,2.3148217750971387,0,0
2020-04-29T03:00:00Z,8.159997558593773,0,266.3399963378906,64.41897257416721,3.632258107426995,0,0
2020-04-29T04:00:00Z,7.929986572265648,0,266.3399963378906,65.85284845583445,3.0897410234237106,0,0
2020-04-29T05:00:00Z,7.700006103515648,0,266.3500061035156,67.31215191948439,2.5581242722156796,0,0
2020-04-29T06:00:00Z,7.469995117187523,0,271.3999938964844,68.80450733215874,2.0394361723769014,0,0
2020-04-29T07:00:00Z,6.820001220703148,0,271.41998291015625,72.1037847621105,2.4052026778053173,0,0
2020-04-29T08:00:00Z,6.159997558593773,0,271.44000244140625,75.63058832836707,2.839242867299182,0,0
2020-04-29T09:00:00Z,5.510034179687523,0,265.6000061035156,79.29244790357333,3.3232664046695133,0,0
2020-04-29T10:00:00Z,6.689996337890648,0.5160000324249268,265.54998779296875,78.43871319457402,3.1528557736378824,0,0
2020-04-29T11:00:00Z,7.869989013671898,147.81600952148438,265.5,77.29138325629049,3.021009674520197,0,0
2020-04-29T12:00:00Z,9.049981689453148,329.84002685546875,280.7900085449219,75.89269597477426,2.9307335910378454,0,0
2020-04-29T13:00:00Z,10.679986572265648,483.6800231933594,280.7200012207031,70.61274664227544,4.293168748629082,0,0
2020-04-29T14:00:00Z,12.320001220703148,634.10101318359375,280.6600036621094,65.64941747378475,5.68493626034584,0,0
2020-04-29T15:00:00Z,13.950006103515648,437.8260192871094,335.7799987792969,61.078007963842104,7.0973301129165804,0,0
2020-04-29T16:00:00Z,13.909997558593773,486.2810363769531,335.78997802734375,61.514654306341576,7.567734127676147,0,0
2020-04-29T17:00:00Z,13.869989013671898,504.8780212402344,335.78997802734375,61.956808967298706,8.21863727936121,0,0
2020-04-29T18:00:00Z,13.829980468750023,397.1360168457031,351.1399841308594,62.398436419659276,8.99980560972303,0,0
2020-04-29T19:00:00Z,13.469995117187523,362.1910095214844,351.1499938964844,63.481783379283925,9.258104072968985,0,0
2020-04-29T20:00:00Z,13.109979248046898,298.09100341796875,351.16998291015625,64.59067083519811,9.534280225994799,0,0
2020-04-29T21:00:00Z,12.749993896484398,262.2550048828125,345.6199951171875,65.7155965770784,9.825604061553062,0,0
2020-04-29T22:00:00Z,11.600030517578148,171.68800354003906,345.66998291015625,70.24806754819795,9.063884329252208,0,0
2020-04-29T23:00:00Z,10.450006103515648,75.27300262451172,345.7200012207031,75.12960655561926,8.310553338969106,0.0040895998477935794,0
2020-04-30T00:00:00Z,9.300042724609398,0,352.0299987792969,80.39701174554226,7.562287619693456,0,0
2020-04-30T01:00:00Z,8.999993896484398,0,352.04998779296875,81.43596197161384,7.844826134723795,0,0
2020-04-30T02:00:00Z,8.689996337890648,0,352.05999755859375,82.54619030985765,8.133959520126217,0,0
2020-04-30T03:00:00Z,8.390008544921898,0,354.9100036621094,83.61067114231405,8.443151110437118,0,0
2020-04-30T04:00:00Z,8.350000000000023,0,354.8999938964844,86.23193749028,8.2942388168054,0,0
2020-04-30T05:00:00Z,8.320001220703148,0,354.8999938964844,88.80351178951288,8.159809865653102,0,0
2020-04-30T06:00:00Z,8.290002441406273,0,358.1999816894531,91.38604175542314,8.048080376479657,0,0
2020-04-30T07:00:00Z,8.399987792968773,0,358.1999816894531,92.07278456026052,8.019538199739946,0,0
2020-04-30T08:00:00Z,8.510003662109398,0,358.19000244140625,92.73983944150504,7.999624639049777,0.003360000014305115,0
2020-04-30T09:00:00Z,8.619989013671898,0,360.6999816894531,93.39238269025363,7.9884040828537595,0.011625599384307862,0
2020-04-30T10:00:00Z,9.339990234375023,1.856000065803528,360.6499938964844,92.81952082328449,8.121606644721059,0.0037824000120162964,0
2020-04-30T11:00:00Z,10.070001220703148,74.496002197265625,360.6099853515625,92.04331252048739,8.249751183289211,0.0013823999762535095,0
2020-04-30T12:00:00Z,10.790002441406273,107.78400421142578,367.5699768066406,91.21273143806879,8.392115163334742,1.9199999514967202e-5,0
2020-04-30T13:00:00Z,11.379998779296898,157.50401306152344,367.53997802734375,91.79453731607794,9.013877712556976,0.007094399929046631,0
2020-04-30T14:00:00Z,11.970025634765648,206.135009765625,367.5,92.20368328122844,9.671860959813497,0.021753599166870113,0
2020-04-30T15:00:00Z,12.570001220703148,271.1960144042969,372.8800048828125,92.39357249249049,10.345670332561868,0.018537599086761475,0
2020-04-30T16:00:00Z,13.429986572265648,301.0680236816406,372.8299865722656,92.25459544791313,11.274541661878779,0.01453439998626709,0
2020-04-30T17:00:00Z,14.299981689453148,312.510009765625,372.7799987792969,91.81625688375955,12.223722759980669,0.019459198951721192,0
2020-04-30T18:00:00Z,15.170007324218773,320.29901123046875,379.75,91.16596873377497,13.202492235871633,0.0028416000008583075,0
2020-04-30T19:00:00Z,15.320001220703148,292.2070007324219,379.75,91.11670413068383,13.166475875323641,0,0
2020-04-30T20:00:00Z,15.480004882812523,240.63900756835935,379.739990234375,91.00458550034874,13.138512008263735,0,0
2020-04-30T21:00:00Z,15.629998779296898,105.18400573730467,379.6000061035156,90.94507557577408,13.116477597500607,0,0
2020-04-30T22:00:00Z,15.170007324218773,69.08399963378906,379.6300048828125,91.93648027929922,12.692411041458953,0,0
2020-04-30T23:00:00Z,14.709985351562523,30.67200088500977,379.6499938964844,92.91538851438361,12.29572191797341,0.0010751999616622925,0
2020-05-01T00:00:00Z,14.249993896484398,0,372.41998291015625,93.87752288126578,11.929144899430817,0.0061439995765686034,0
2020-05-01T01:00:00Z,13.909997558593773,0,372.4299926757813,95.01987535124437,11.940963229906172,0.0350591983795166,0
2020-05-01T02:00:00Z,13.570001220703148,0,372.4499816894531,96.172566720671,11.999999427795412,0.09274559783935549,0
2020-05-01T03:00:00Z,13.239984130859398,0,375.0099792480469,97.27551283342497,12.120960867880376,0.12803519439697267,0
2020-05-01T04:00:00Z,13.290002441406273,0,375,97.33769646396657,10.90891822717574,0.07839359664916992,0
2020-05-01T05:00:00Z,13.340020751953148,0,375,97.40232512691938,9.747558433179512,0.04022399997711182,0
2020-05-01T06:00:00Z,13.390039062500023,0,374.9299926757813,97.4613387527436,8.657302861471104,0.027705599784851074,0
2020-05-01T07:00:00Z,13.339990234375023,0,374.9299926757813,97.6844855321107,6.81260595105576,0.01277039909362793,0
2020-05-01T08:00:00Z,13.299981689453148,0,374.94000244140625,97.84113720575812,4.994206304115467,0.007099200010299683,0
2020-05-01T09:00:00Z,13.249993896484398,0,366.2200012207031,98.06228359468045,3.221335163345144,0.003093599796295166,0
2020-05-01T10:00:00Z,13.260003662109398,1.936000108718872,366.2200012207031,96.36146896169319,2.3467636534465486,0.002361599922180176,0
2020-05-01T11:00:00Z,13.269982910156273,42.90400314331055,366.22998046875,94.66261907303695,1.4767869830288367,0.003119999885559082,0
2020-05-01T12:00:00Z,13.290032958984398,104.68800354003906,369.7599792480469,92.90326938948827,0.6395310680539199,0,0
2020-05-01T13:00:00Z,13.679986572265648,159.88800048828125,369.739990234375,92.29169741156251,0.08944271710079102,0.0045311998128891,0
2020-05-01T14:00:00Z,14.079980468750023,214.05300903320313,369.7200012207031,91.59888406819815,0.4472135688439504,0.003302399754524231,0
2020-05-01T15:00:00Z,14.469995117187523,310.6850280761719,373.75,90.94653226687655,0.9972963269801308,0.009739199638366699,0
2020-05-01T16:00:00Z,14.799981689453148,339.2220153808594,373.739990234375,88.50175272655288,1.83199335869685,0.02634720039367676,0
2020-05-01T17:00:00Z,15.119989013671898,337.6070251464844,373.72998046875,86.18336562055237,2.6599435863571794,0.05387519645690918,0
2020-05-01T18:00:00Z,15.440026855468773,304.0460205078125,363.6300048828125,83.92395162713903,3.497041583173146,0.04146239948272705,0
2020-05-01T19:00:00Z,14.739984130859398,275.24102783203125,363.66998291015625,86.23046180754453,3.995159400295088,0.02243039989471435,0
2020-05-01T20:00:00Z,14.040002441406273,228.45301818847656,363.6999816894531,88.59309974233358,4.485286949785002,0.036794400215148924,0
2020-05-01T21:00:00Z,13.339990234375023,156.7570037841797,352.6300048828125,91.01209002923068,4.978684644756199,0.006671999931335449,0
2020-05-01T22:00:00Z,13.040002441406273,100.45500183105467,352.6499938964844,90.71710057717044,4.585684169446301,0,0
2020-05-01T23:00:00Z,12.739984130859398,45.12700271606445,352.66998291015625,90.37956122512367,4.19672487832607,0,0
2020-05-02T00:00:00Z,12.439996337890648,0,328.57000732421875,89.99364550164945,3.8056930525006667,0,0
2020-05-02T01:00:00Z,12.019982910156273,0,328.5899963378906,90.75503541982334,3.9247546646320823,0,0
2020-05-02T02:00:00Z,11.589990234375023,0,328.6099853515625,91.55600903317472,4.057043158525651,0,0
2020-05-02T03:00:00Z,11.170007324218773,0,307.2200012207031,92.27308278524862,4.182690443022943,0,0
2020-05-02T04:00:00Z,10.579980468750023,0,307.25,91.7494638533073,4.0215916587062415,0,0
2020-05-02T05:00:00Z,9.989984130859398,0,307.2799987792969,91.03914457246404,3.8823316492031914,0,0
2020-05-02T06:00:00Z,9.399987792968773,0,262.19000244140625,90.12730375607464,3.754064297495849,0,0
2020-05-02T07:00:00Z,8.890008544921898,0,262.2200012207031,89.33342930937509,3.897178381373206,0,0
2020-05-02T08:00:00Z,8.379998779296898,0,262.239990234375,88.3742581201752,4.029590558770809,0,0
2020-05-02T09:00:00Z,7.869989013671898,0,249.52999877929688,87.24384748568697,4.177199844441429,0,0
2020-05-02T10:00:00Z,8.809991455078148,9.988000869750977,249.5,84.16726354478277,4.219217859754132,0,0
2020-05-02T11:00:00Z,9.750024414062523,155.760009765625,249.47000122070313,81.17694056022356,4.288228035286509,0,0
2020-05-02T12:00:00Z,10.679986572265648,348.7760314941406,261.8699951171875,78.3247372862837,4.374162573552972,0,0
2020-05-02T13:00:00Z,12.119989013671898,530.92803955078125,261.8299865722656,70.5292253872925,4.627104810969172,0,0
2020-05-02T14:00:00Z,13.559991455078148,709.70703125,261.7799987792969,63.57855873192774,4.871796235588699,0,0
2020-05-02T15:00:00Z,14.999993896484398,799.6220092773436,292.2599792480469,57.36271106701715,5.111320518516573,0,0
2020-05-02T16:00:00Z,16.239984130859398,872.633056640625,292.2099914550781,55.43676171508447,4.843934285139447,0,0
2020-05-02T17:00:00Z,17.480004882812523,868.35406494140625,292.1600036621094,53.49825679282013,4.865973756652758,0,0
2020-05-02T18:00:00Z,18.719995117187523,790.4560546875,311.55999755859375,51.565996727565604,5.181852986955339,0,0
2020-05-02T19:00:00Z,18.969995117187523,715.75103759765625,311.54998779296875,51.51107941993927,5.105859165124235,0,0
2020-05-02T20:00:00Z,19.209985351562523,594.50701904296875,311.5299987792969,51.47630462296577,5.05034653721031,0,0
2020-05-02T21:00:00Z,19.459985351562523,381.4930114746094,328.3699951171875,51.39946687949485,5.00604636217489,0,0
2020-05-02T22:00:00Z,18.429986572265648,245.27101135253903,328.4100036621094,55.3699346392797,4.262299600871296,0,0
2020-05-02T23:00:00Z,17.399987792968773,111.4590072631836,328.4499816894531,59.671050160775785,3.6151486488635323,0,0
2020-05-03T00:00:00Z,16.369989013671898,0,351.4599914550781,64.33513927033763,3.1394903425702103,0,0
2020-05-03T01:00:00Z,15.589990234375023,0,351.5,65.70021090050022,3.209750752799325,0,0
2020-05-03T02:00:00Z,14.809991455078148,0,351.53997802734375,67.05306139154585,3.30219614226531,1.535999961197376e-4,0
2020-05-03T03:00:00Z,14.029992675781273,0,355.80999755859375,68.38664640706139,3.4259304708171943,3.071999922394752e-4,0
2020-05-03T04:00:00Z,13.829980468750023,0,355.80999755859375,69.90491264759942,3.553167600887974,1.7279999703168864e-4,0
2020-05-03T05:00:00Z,13.630029296875023,0,355.8199768066406,71.45192906785218,3.746037708258674,1.4400000125169743e-4,0
2020-05-03T06:00:00Z,13.429986572265648,0,362.1799926757813,73.02802511841591,3.990250493315542,9.599999757483601e-6,0
2020-05-03T07:00:00Z,13.339990234375023,0,362.1799926757813,74.48498311394606,4.436935861065052,4.271999895572661e-4,0
2020-05-03T08:00:00Z,13.249993896484398,0,362.1799926757813,75.95524554969369,4.8792315365621395,0.0019679998755455018,0
2020-05-03T09:00:00Z,13.149987792968773,0,339.7200012207031,77.49138340962116,5.3173769000340245,8.543999791145322e-4,0
2020-05-03T10:00:00Z,14.010003662109398,12.10800075531006,339.66998291015625,76.81431004395554,5.393514278384136,0,0
2020-05-03T11:00:00Z,14.870019531250023,147.46400451660156,339.6300048828125,76.00276529089781,5.4607872933660495,0,0
2020-05-03T12:00:00Z,15.730004882812523,275.1440124511719,346.739990234375,75.07370262417359,5.532829030212347,0,0
2020-05-03T13:00:00Z,16.980035400390648,417.52001953125,346.66998291015625,73.2834144344962,5.046513603210258,0,0
2020-05-03T14:00:00Z,18.239984130859398,557.260009765625,346.6099853515625,71.31657990128718,4.759348551385522,0,0
2020-05-03T15:00:00Z,19.489984130859398,786.7470092773436,339.53997802734375,69.30648209209511,4.707918956627855,0,0
2020-05-03T16:00:00Z,20.679986572265648,858.1920166015625,339.489990234375,64.84776497499797,4.9967288489329,0,0
2020-05-03T17:00:00Z,21.869989013671898,853.8270263671875,339.44000244140625,60.709878197115756,5.528697838633154,0,0
2020-05-03T18:00:00Z,23.049981689453148,811.68304443359375,333.6499938964844,56.901266881739936,6.25491785285182,0,0
2020-05-03T19:00:00Z,22.959985351562523,735.1820068359375,333.6600036621094,55.67830974149001,5.953990346737368,0,0
2020-05-03T20:00:00Z,22.860040283203148,611.04803466796875,333.66998291015625,54.471384775956,5.656969079097333,0,0
2020-05-03T21:00:00Z,22.769982910156273,442.5040283203125,324.0099792480469,53.21887787197715,5.357928690934547,0,0
2020-05-03T22:00:00Z,21.429986572265648,285.385009765625,324.05999755859375,56.92441376942826,4.458890053049652,0,0
2020-05-03T23:00:00Z,20.079980468750023,131.12600708007813,324.1099853515625,60.96038362503145,3.6379251088150886,0,0
2020-05-04T00:00:00Z,18.739984130859398,0,303.19000244140625,65.27837710178481,2.9571100077653996,0,0
2020-05-04T01:00:00Z,17.899987792968773,0,303.22998046875,64.19015170999393,2.9875071928185144,0,0
2020-05-04T02:00:00Z,17.070001220703148,0,303.2799987792969,62.762649570315794,3.09231301083894,0,0
2020-05-04T03:00:00Z,16.230004882812523,0,299.9700012207031,61.04948536316159,3.2671087321743273,0,0
2020-05-04T04:00:00Z,15.369989013671898,0,300,64.61134575672192,2.9478297320771834,0,0
2020-05-04T05:00:00Z,14.510003662109398,0,300.0299987792969,68.40777180121367,3.0802596530094304,0,0
2020-05-04T06:00:00Z,13.649987792968773,0,302.3599853515625,72.44998776301192,3.615093154973266,0,0
2020-05-04T07:00:00Z,12.909997558593773,0,302.3899841308594,74.0717754475064,3.454533067554648,0,0
2020-05-04T08:00:00Z,12.170007324218773,0,302.41998291015625,75.69047308638613,3.530509718277184,0,0
2020-05-04T09:00:00Z,11.420007324218773,0,278.6399841308594,77.35607150497164,3.8289684561000232,0,0
2020-05-04T10:00:00Z,12.540002441406273,15.63800048828125,278.5899963378906,74.85238510363342,3.67923906295819,0,0
2020-05-04T11:00:00Z,13.659997558593773,157.78001403808594,278.54998779296875,72.35693172400298,3.521207075050356,0,0
2020-05-04T12:00:00Z,14.779992675781273,351.4640197753906,276.7900085449219,69.88292836402712,3.3724916424658336,0,0
2020-05-04T13:00:00Z,15.209985351562523,531.7120361328125,276.7900085449219,63.48153760075524,3.978190519238337,0,0
2020-05-04T14:00:00Z,15.640039062500023,708.63604736328125,276.7799987792969,57.3914477287356,4.632591045841601,0,0
2020-05-04T15:00:00Z,16.070001220703148,496.8740234375,319.1199951171875,51.59854577610189,5.317743868452473,0,0
2020-05-04T16:00:00Z,15.130029296875023,541.76605224609375,319.1600036621094,55.1116266206268,6.329273126339258,3.83999990299344e-5,0
2020-05-04T17:00:00Z,14.189996337890648,538.9219970703125,319.19000244140625,58.88623709481059,7.34782237614774,0,0
2020-05-04T18:00:00Z,13.250024414062523,489.6830139160156,328.4599914550781,62.948134556733635,8.366391044258778,0,0
2020-05-04T19:00:00Z,12.820001220703148,443.6530151367187,328.47998046875,64.66689783166376,8.257681337075319,0,0
2020-05-04T20:00:00Z,12.390008544921898,368.9850158691406,328.5,66.43718789499682,8.17330394320574,0,0
2020-05-04T21:00:00Z,11.959985351562523,318.9010009765625,315.4499816894531,68.26331639552036,8.119470554012999,0,0
2020-05-04T22:00:00Z,10.890008544921898,206.28500366210935,315.489990234375,70.91916649911538,7.872839417443931,0,0
2020-05-04T23:00:00Z,9.809991455078148,95.8080062866211,315.53997802734375,73.67952757971835,7.620505308983494,0,0
2020-05-05T00:00:00Z,8.730004882812523,0,282.47998046875,76.48266323592762,7.373906678318235,0,0
2020-05-05T01:00:00Z,7.900018310546898,0,282.5199890136719,76.84237309991332,6.879912576923953,0,0
2020-05-05T02:00:00Z,7.060021972656273,0,282.55999755859375,77.0502979435643,6.399851473515355,0,0
2020-05-05T03:00:00Z,6.219995117187523,0,241.88999938964844,77.0274079386408,5.919796941180835,0,0
2020-05-05T04:00:00Z,5.379998779296898,0,241.9199981689453,78.72905199501629,5.275319825641831,0,0
2020-05-05T05:00:00Z,4.529992675781273,0,241.9499969482422,80.44713736904112,4.624034868093221,0,0
2020-05-05T06:00:00Z,3.6799865722656477,0,231.30999755859375,82.10877774295247,3.9827251217200224,0,0
2020-05-05T07:00:00Z,3.0799804687500227,0,231.33999633789065,82.03028809309279,4.010149522952235,0,0
2020-05-05T08:00:00Z,2.4800048828125227,0,231.36000061035156,81.79242176411509,4.043525714037302,0,0
2020-05-05T09:00:00Z,1.8799987792968977,0,224.5800018310547,81.40256820641473,4.080747297092943,0,0
2020-05-05T10:00:00Z,2.8399902343750227,19.222000122070313,224.54998779296875,75.7675045572455,4.972001635710002,0,0
2020-05-05T11:00:00Z,3.7999816894531477,166.89601135253906,224.51998901367188,70.55269885669271,5.921148450261297,0,0
2020-05-05T12:00:00Z,4.749993896484398,365.8080139160156,222.5399932861328,65.78384973935172,6.904273752116079,0,0
2020-05-05T13:00:00Z,5.670007324218773,551.79205322265625,222.5099945068359,62.05791632356803,7.040255469894198,0,0
2020-05-05T14:00:00Z,6.589990234375023,734.35302734375,222.47999572753903,58.5615797227924,7.182318435270143,0,0
2020-05-05T15:00:00Z,7.499993896484398,833.791015625,240.17999267578125,55.32225345347781,7.316645144753175,0,0
2020-05-05T16:00:00Z,8.550042724609398,908.72802734375,240.13999938964844,54.66318244652769,6.6056412013376224,0,0
2020-05-05T17:00:00Z,9.600000000000023,903.82305908203125,240.09999084472656,53.84545926547138,5.90188107914497,0,0
2020-05-05T18:00:00Z,10.649987792968773,823.07403564453125,260.9100036621094,52.90823880005464,5.193476426926513,0,0
2020-05-05T19:00:00Z,10.980004882812523,745.92706298828125,260.8999938964844,53.45950612787823,5.0866194803133356,0,0
2020-05-05T20:00:00Z,11.309991455078148,620.800048828125,260.8800048828125,53.95770187801154,4.998019609674618,0,0
2020-05-05T21:00:00Z,11.649987792968773,425.68603515625,279.7599792480469,54.378245646700606,4.921077157207736,0,0
2020-05-05T22:00:00Z,10.460046386718773,276.2030029296875,279.79998779296875,59.74409746351356,4.122159540889715,0,0
2020-05-05T23:00:00Z,9.269982910156273,129.6280059814453,279.8399963378906,65.67981714561004,3.5641689218355372,0,0
2020-05-06T00:00:00Z,8.080041503906273,0,278.3399963378906,72.24361574401624,3.3899998944417566,0,0
2020-05-06T01:00:00Z,7.420007324218773,0,278.3800048828125,68.79610970154687,3.3145284432390505,0,0
2020-05-06T02:00:00Z,6.750024414062523,0,278.41998291015625,64.91543026216516,3.303936993159813,0,0
2020-05-06T03:00:00Z,6.090020751953148,0,260.5899963378906,60.47477735139331,3.365501347472541,0,0
2020-05-06T04:00:00Z,5.529992675781273,0,260.6099853515625,61.5988696465918,3.2900607043466294,0,0
2020-05-06T05:00:00Z,4.980004882812523,0,260.6300048828125,62.68296720893221,3.2422830851756173,0,0
2020-05-06T06:00:00Z,4.429986572265648,0,269.0400085449219,63.76776503829694,3.2275067313528183,0,0
2020-05-06T07:00:00Z,4.390039062500023,0,269.0299987792969,65.25222066468022,2.9014651591253395,0,0
2020-05-06T08:00:00Z,4.339990234375023,0,269.0299987792969,66.7914332058343,2.67798430891618,0,0
2020-05-06T09:00:00Z,4.300042724609398,0,308.1600036621094,68.29750088254495,2.5838149513575712,0,0
2020-05-06T10:00:00Z,5.109979248046898,9.53600025177002,308.1099853515625,69.71462098261726,2.790788400571558,0,0
2020-05-06T11:00:00Z,5.910028076171898,73.12800598144531,308.07000732421875,70.8329527078495,2.9971319805941716,0,0
2020-05-06T12:00:00Z,6.719995117187523,223.8400115966797,283.3800048828125,71.59935894393432,3.2140315444264194,0,0
2020-05-06T13:00:00Z,7.950006103515648,336.6880187988281,283.3299865722656,68.16484922915966,3.6504929743208265,5.471999645233154e-4,0
2020-05-06T14:00:00Z,9.180047607421898,447.4710083007813,283.2799987792969,64.85902736647411,4.13039962891678,0,0
2020-05-06T15:00:00Z,10.409997558593773,344.0780029296875,329.239990234375,61.69438192995496,4.634414437803366,4.7999998787418005e-6,0
2020-05-06T16:00:00Z,10.649987792968773,374.8730163574219,329.2200012207031,62.371432149427235,4.591263487650905,0,0
2020-05-06T17:00:00Z,10.899987792968773,372.7770080566406,329.2099914550781,62.96705417301494,4.582324854276262,0,0
2020-05-06T18:00:00Z,11.140008544921898,228.2410125732422,338.6199951171875,63.570978117488664,4.588616356375227,0,0
2020-05-06T19:00:00Z,11.040032958984398,206.9270172119141,338.6199951171875,65.2811387910075,3.9788691605854685,3.83999990299344e-5,0
2020-05-06T20:00:00Z,10.929986572265648,172.31800842285156,338.6199951171875,67.05845981853048,3.3736034232428427,6.24000001698732e-5,0
2020-05-06T21:00:00Z,10.829980468750023,194.30601501464844,331.3999938964844,68.81043384969998,2.782894188240456,5.183999687433243e-4,0
2020-05-06T22:00:00Z,10.359979248046898,126.43700408935548,331.4100036621094,72.6825579934134,1.7711577642084912,3.2159999012947076e-4,0
2020-05-06T23:00:00Z,9.899987792968773,59.93800354003906,331.42999267578125,76.68833675415785,0.8772684530826983,4.127999693155289e-4,0
2020-05-07T00:00:00Z,9.430047607421898,0,328.0899963378906,80.93293163540868,0.8348652559480819,4.4160000979900346e-4,0
2020-05-07T01:00:00Z,8.890008544921898,0,328.1199951171875,79.64529386747705,0.9962429344807383,0,0
2020-05-07T02:00:00Z,8.350000000000023,0,328.1499938964844,78.15621652799707,1.2293087275551575,0,0
2020-05-07T03:00:00Z,7.799981689453148,0,308.8500061035156,76.5082313344987,1.5208221632673542,0,0
2020-05-07T04:00:00Z,7.230004882812523,0,308.8800048828125,77.61246593119904,1.8300272627920764,0,0
2020-05-07T05:00:00Z,6.649987792968773,0,308.9100036621094,78.75319472863345,2.3084625720145593,0,0
2020-05-07T06:00:00Z,6.070001220703148,0,302.4700012207031,79.87156563214786,2.881249761420052,0,0
2020-05-07T07:00:00Z,5.700006103515648,0,302.489990234375,79.7771925955116,2.96664782718149,0,0
2020-05-07T08:00:00Z,5.339990234375023,0,302.5099792480469,79.57213799077665,3.0691039699886886,0,0
2020-05-07T09:00:00Z,4.969995117187523,0,286.1499938964844,79.36515821942407,3.190814932823843,0,0
2020-05-07T10:00:00Z,6.189996337890648,20.200000762939453,286.1000061035156,76.17063277688798,3.381419802084576,0,0
2020-05-07T11:00:00Z,7.420007324218773,139.552001953125,286.04998779296875,72.97235172104884,3.57932950310145,0,0
2020-05-07T12:00:00Z,8.649987792968773,362.76800537109375,257.6399841308594,69.84847510575725,3.777247616499442,0,0
2020-05-07T13:00:00Z,10.149987792968773,544.176025390625,257.6000061035156,59.45689521130222,4.143742196767606,0,0
2020-05-07T14:00:00Z,11.659997558593773,722.281005859375,257.55999755859375,50.45526909000503,4.513557268780277,0,0
2020-05-07T15:00:00Z,13.170007324218773,829.11004638671875,263.5,42.69061384642594,4.893107285077097,0,0
2020-05-07T16:00:00Z,13.760003662109398,902.945068359375,263.4700012207031,42.06753327957036,4.932585404126037,0,0
2020-05-07T17:00:00Z,14.350000000000023,897.82403564453125,263.4499816894531,41.43485109985502,5.112973615165332,0,0
2020-05-07T18:00:00Z,14.939996337890648,832.1200561523436,274.3899841308594,40.79777931079852,5.445677268693437,0,0
2020-05-07T19:00:00Z,15.049981689453148,754.56402587890625,274.3800048828125,41.63439874568987,5.665836163927955,0,0
2020-05-07T20:00:00Z,15.150018310546898,628.81005859375,274.3800048828125,42.48276554245892,5.984061955892152,0,0
2020-05-07T21:00:00Z,15.249993896484398,406.2610168457031,287.92999267578125,43.32144598865633,6.385295245395079,0,0
2020-05-07T22:00:00Z,13.929986572265648,265.1540222167969,287.9700012207031,48.73144869003193,5.531726751956111,0,0
2020-05-07T23:00:00Z,12.600000000000023,126.93700408935548,288.0099792480469,54.85376705641151,4.9018055941390815,0,0
2020-05-08T00:00:00Z,11.279992675781273,0,300.44000244140625,61.70216752606967,4.609913052589201,0,0
2020-05-08T01:00:00Z,10.690026855468773,0,300.4599914550781,64.39042737458901,4.849999809265137,0,0
2020-05-08T02:00:00Z,10.100000000000023,0,300.47998046875,67.20959298138997,5.124109619392992,0.004747199892997741,0
2020-05-08T03:00:00Z,9.519982910156273,0,304.55999755859375,70.11436578139713,5.42708919256655,0.0019583998918533325,0
2020-05-08T04:00:00Z,8.920037841796898,0,304.5799865722656,71.71046141788408,4.5980211884867845,0.00209280002117157,0
2020-05-08T05:00:00Z,8.329980468750023,0,304.6099853515625,73.29049851427841,3.9798618352692587,0,0
2020-05-08T06:00:00Z,7.739984130859398,0,270.4499816894531,74.88603275916304,3.672124650040953,0,0
2020-05-08T07:00:00Z,6.649987792968773,0,270.5,74.3369193289259,3.534119292705289,0,0
2020-05-08T08:00:00Z,5.560021972656273,0,270.54998779296875,73.28038761888904,3.637279103339338,0,0
2020-05-08T09:00:00Z,4.470025634765648,0,251.4399871826172,71.62634148068132,3.9467708375162878,0,0
2020-05-08T10:00:00Z,5.109979248046898,20.796001434326172,251.4199981689453,67.87702185856624,3.8987305687227196,0,0
2020-05-08T11:00:00Z,5.760034179687523,131.3040008544922,251.3999938964844,64.28393922237244,3.903331896366036,0,0
2020-05-08T12:00:00Z,6.399987792968773,327.6720275878906,261.8699951171875,60.93216260050519,3.932492821499529,0,0
2020-05-08T13:00:00Z,7.549981689453148,490.2400207519531,261.82000732421875,57.93647216173692,3.4972130397463674,0,0
2020-05-08T14:00:00Z,8.700006103515648,649.86602783203125,261.7799987792969,55.08272795749144,3.275148884235517,0,0
2020-05-08T15:00:00Z,9.850000000000023,542.10003662109375,314.2799987792969,52.36161036017997,3.299484770232001,0,0
2020-05-08T16:00:00Z,10.450006103515648,590.1600341796875,314.25,52.92863669984816,2.9195375848282388,0,0
2020-05-08T17:00:00Z,11.049981689453148,586.73602294921875,314.2099914550781,53.376096585467515,2.7296335860869094,4.3199998140335064e-4,0
2020-05-08T18:00:00Z,11.649987792968773,426.8960266113281,346.1499938964844,53.70695283845559,2.750708910618464,0.002323199987411499,0
2020-05-08T19:00:00Z,11.129998779296898,387.23101806640625,346.1499938964844,61.55164991062074,2.854487586894655,0.005116799712181091,0
2020-05-08T20:00:00Z,10.619989013671898,322.90802001953125,346.1499938964844,69.84816801967972,3.1477133647540096,0.010809599876403808,0
2020-05-08T21:00:00Z,10.100000000000023,251.8650054931641,340.1399841308594,78.71389991519644,3.6000137934944125,0.021292799949645995,0
2020-05-08T22:00:00Z,9.490045166015648,164.8520050048828,340.1600036621094,82.58676842429729,2.4807257371796405,0.027839999198913574,0
2020-05-08T23:00:00Z,8.890008544921898,79.66100311279297,340.19000244140625,86.60592202212649,1.4669695993613654,0.028396800041198732,0
2020-05-09T00:00:00Z,8.290002441406273,0,328.1600036621094,90.82562702891138,0.966902256983992,0.022204799652099608,0
2020-05-09T01:00:00Z,7.369989013671898,0,328.2099914550781,91.69265397875199,0.8184130628068403,0.01790399980545044,0
2020-05-09T02:00:00Z,6.450006103515648,0,328.25,92.32588167580302,1.5200328753063637,0.01850880002975464,0
2020-05-09T03:00:00Z,5.540002441406273,0,321.3500061035156,92.62863299428328,2.4201238475932993,0.022252799034118653,0
2020-05-09T04:00:00Z,4.700006103515648,0,321.3999938964844,88.54685671646176,4.402839689574923,0.023270399093627932,0
2020-05-09T05:00:00Z,3.8700195312500227,0,321.4599914550781,83.57951647795514,6.423207658839206,0.01463040018081665,0
2020-05-09T06:00:00Z,3.0299926757812727,0,286.0400085449219,77.76532427016589,8.457670792657343,0.005519999742507934,0
2020-05-09T07:00:00Z,1.9599853515625227,0,286.0899963378906,77.92052553285244,7.900632503395218,0,0
2020-05-09T08:00:00Z,0.8900085449218977,0,286.1399841308594,77.65378799860056,7.560165383280884,0,0
2020-05-09T09:00:00Z,-0.17999877929685226,0,265.3500061035156,76.88333566796629,7.457948874795764,0,0
2020-05-09T10:00:00Z,0.07998046875002274,20.652000427246097,265.3399963378906,71.46044555463675,8.586995602582732,0,0
2020-05-09T11:00:00Z,0.32998046875002274,120.57600402832033,265.3399963378906,66.25475725285955,9.72790326959271,0.004262399911880493,0
2020-05-09T12:00:00Z,0.5899902343750227,318.5680236816406,232.739990234375,61.164027376331056,10.885237139640672,0,0
2020-05-09T13:00:00Z,1.5599914550781477,475.4240112304687,232.70999145507813,58.99525044193943,10.634872093184775,1.4159999415278425e-4,0
2020-05-09T14:00:00Z,2.5299926757812727,629.4620361328125,232.6699981689453,56.86002927425826,10.395508460563189,3.839999735355377e-4,0
2020-05-09T15:00:00Z,3.4899841308593977,663.4990234375,258.2099914550781,54.822224942249996,10.19047581741925,0,0
2020-05-09T16:00:00Z,4.100000000000023,722.092041015625,258.17999267578125,52.518571479648514,10.011218445349865,0,0
2020-05-09T17:00:00Z,4.709985351562523,717.78802490234375,258.1600036621094,50.33127323950586,9.962700013032753,2.2080000489950157e-4,0
2020-05-09T18:00:00Z,5.309991455078148,564.9940185546875,267.5899963378906,48.27327501223426,10.044141900877538,5.08799985051155e-4,0
2020-05-09T19:00:00Z,5.159997558593773,512.6610107421875,267.5899963378906,48.852400837552686,10.081051286719617,0,0
2020-05-09T20:00:00Z,5.010003662109398,427.7410278320313,267.6000061035156,49.44079769391893,10.118814339747171,6.335999965667723e-4,0
2020-05-09T21:00:00Z,4.859979248046898,327.2950134277344,268.7599792480469,50.04248424633387,10.147713486633615,6.335999965667723e-4,0
2020-05-09T22:00:00Z,4.040002441406273,214.8170166015625,268.7900085449219,53.78096399318361,9.605087171414171,0.005971199870109557,0
2020-05-09T23:00:00Z,3.2199951171875227,104.76300811767578,268.80999755859375,57.81789285917545,9.074204994289108,7.67999980598688e-5,0
2020-05-10T00:00:00Z,2.4100280761718977,0,254.4499969482422,62.129945245478694,8.539021584714176,1.7279999703168864e-4,0
2020-05-10T01:00:00Z,1.9899841308593977,0,254.45999145507813,65.01742085270206,8.08928301499778,0,0
2020-05-10T02:00:00Z,1.5700012207031477,0,254.47999572753903,68.03910912104396,7.649712259166904,0,0
2020-05-10T03:00:00Z,1.1499877929687727,0,283.739990234375,71.19694388698788,7.20675375718245,0,0
2020-05-10T04:00:00Z,1.1899963378906477,0,283.739990234375,72.02998204635266,7.039495368408687,0,0
2020-05-10T05:00:00Z,1.2300048828125227,0,283.72998046875,72.86753125324346,6.881722151465705,0,0
2020-05-10T06:00:00Z,1.2699829101562727,0,289.5299987792969,73.69070030440075,6.727882156603286,0,0
2020-05-10T07:00:00Z,1.2600036621093977,0,289.5299987792969,74.75489054638994,6.348101791124589,0,0
2020-05-10T08:00:00Z,1.2499938964843977,0,289.5299987792969,75.83346285261965,5.991435573520548,0,0
2020-05-10T09:00:00Z,1.2400451660156477,0,268.2099914550781,76.90177548211359,5.660220691139797,0,0
2020-05-10T10:00:00Z,2.3900085449218977,25.76000213623047,268.1600036621094,75.16927155527812,5.770840491656283,0,0
2020-05-10T11:00:00Z,3.5499816894531477,140.36000061035156,268.1099853515625,73.22151827742509,5.915166625572469,0,0
2020-05-10T12:00:00Z,4.700006103515648,352.552001953125,264.5199890136719,71.20915540198234,6.088456122116295,0,0
2020-05-10T13:00:00Z,6.429986572265648,524.864013671875,264.4599914550781,64.325203691727907,6.936000133241062,0,0
2020-05-10T14:00:00Z,8.159997558593773,694.10205078125,264.3899841308594,58.184055982497064,7.892052831193746,0,0
2020-05-10T15:00:00Z,9.899987792968773,828.23602294921875,259.69000244140625,52.65914935207517,8.931741263117287,0,0
2020-05-10T16:00:00Z,10.799981689453148,901.0780639648436,259.6499938964844,51.52247687346478,8.947244966250539,0,0
2020-05-10T17:00:00Z,11.690026855468773,895.63201904296875,259.6199951171875,50.38479320588244,8.993202759980992,0,0
2020-05-10T18:00:00Z,12.589990234375023,704.18603515625,288.7099914550781,49.19568455392831,9.088900010905682,0,0
2020-05-10T19:00:00Z,12.760003662109398,639.1300048828125,288.6999816894531,50.560757999024034,9.0247770148968,0,0
2020-05-10T20:00:00Z,12.929986572265648,533.6390380859375,288.69000244140625,51.890771515042324,9.17708538863599,0,0
2020-05-10T21:00:00Z,13.100000000000023,303.7480163574219,310.29998779296875,53.182376200977906,9.52691388515724,0,0
2020-05-10T22:00:00Z,12.040032958984398,199.90200805664065,310.3399963378906,58.46344947041606,8.675165568593899,0,0
2020-05-10T23:00:00Z,10.969995117187523,98.36800384521484,310.3699951171875,64.31521864581958,7.8185034444525385,0,0
2020-05-11T00:00:00Z,9.909997558593773,0,286.7599792480469,70.7086602776602,6.974983704086466,0,0
2020-05-11T01:00:00Z,9.049981689453148,0,286.79998779296875,72.50567404393222,6.7243439069437345,0,0
2020-05-11T02:00:00Z,8.200006103515648,0,286.8299865722656,74.23634000004547,6.484296380829874,0,0
2020-05-11T03:00:00Z,7.350000000000023,0,264.7900085449219,75.93518556197127,6.240713106544902,0,0
2020-05-11T04:00:00Z,6.629998779296898,0,264.82000732421875,76.8386287135632,5.50604195356546,0,0
2020-05-11T05:00:00Z,5.909997558593773,0,264.8500061035156,77.66232157953273,4.787243283393332,0,0
2020-05-11T06:00:00Z,5.189996337890648,0,255.55999755859375,78.38450284061473,4.083748107293205,0,0
2020-05-11T07:00:00Z,4.890008544921898,0,255.5800018310547,78.9062048740599,3.786357053274102,0,0
2020-05-11T08:00:00Z,4.580041503906273,0,255.58999633789065,79.47037056088013,3.5329307375612435,0,0
2020-05-11T09:00:00Z,4.269982910156273,0,298.6099853515625,80.02674104576401,3.3029834970067165,0,0
2020-05-11T10:00:00Z,5.879998779296898,24.468000411987305,298.5299987792969,80.35623004082103,3.095706652575869,0,0
2020-05-11T11:00:00Z,7.490045166015648,125.41600799560548,298.4499816894531,79.79867058353582,3.1055111448913766,0,0
2020-05-11T12:00:00Z,9.100000000000023,226.60000610351565,323.92999267578125,78.5511517644996,3.3405387483030187,0,0
2020-05-11T13:00:00Z,10.279992675781273,336.5600280761719,323.8599853515625,79.74689581658902,3.388923068831699,0.01380959987640381,0
2020-05-11T14:00:00Z,11.450036621093773,444.593017578125,323.79998779296875,80.3891831236986,3.497570594231259,0.021782399654388426,0
2020-05-11T15:00:00Z,12.629998779296898,560.9010009765625,329.07000732421875,80.46828287221325,3.6771998592774295,0.01452720022201538,0
2020-05-11T16:00:00Z,13.140008544921898,610.04803466796875,329.05999755859375,75.41558303799974,4.174517901608034,0.0035736000537872313,0
2020-05-11T17:00:00Z,13.640008544921898,606.300048828125,329.03997802734375,70.66929622389615,5.0830698226585,5.5200001224875283e-5,0
2020-05-11T18:00:00Z,14.150018310546898,562.9990234375,333.3399963378906,66.12155796593166,6.231612779163779,0.02033519983291626,0
2020-05-11T19:00:00Z,13.899987792968773,511.1560363769531,333.3599853515625,64.79196514144792,6.159902696584118,0,0
2020-05-11T20:00:00Z,13.640039062500023,427.0650329589844,333.3800048828125,63.448894617282235,6.318259222559821,0.003628799915313721,0
2020-05-11T21:00:00Z,13.390008544921898,330.1830139160156,308.8800048828125,61.99554256094089,6.679348427809002,5.520000010728835e-4,0
2020-05-11T22:00:00Z,11.829980468750023,217.89500427246097,308.9499816894531,66.36219645757758,6.270007955402769,0.011577600002288819,0
2020-05-11T23:00:00Z,10.269982910156273,108.14200592041016,309.0099792480469,71.03001487895297,6.015488397223395,0,0
2020-05-12T00:00:00Z,8.710046386718773,0,288.44000244140625,76.00666943779915,5.91676421740621,0,0
2020-05-12T01:00:00Z,7.459985351562523,0,288.489990234375,77.90841479149273,6.034119444988396,0,0
2020-05-12T02:00:00Z,6.210046386718773,0,288.54998779296875,79.58394587462084,6.222346575459791,0,0
2020-05-12T03:00:00Z,4.959985351562523,0,256.66998291015625,80.98371900997726,6.4922412923005135,0,0
2020-05-12T04:00:00Z,4.249993896484398,0,256.6999816894531,82.80954342963402,6.031450736829323,0,0
2020-05-12T05:00:00Z,3.5400024414062727,0,256.72998046875,84.62334578971326,5.582732231752456,0,0
2020-05-12T06:00:00Z,2.8299804687500227,0,260.6000061035156,86.43232320559956,5.1392217213874725,0,0
2020-05-12T07:00:00Z,2.3200012207031477,0,260.6199951171875,87.23002969209088,4.627504558942253,0,0
2020-05-12T08:00:00Z,1.8099914550781477,0,260.6499938964844,87.99236926848691,4.1436698871307795,0,0
2020-05-12T09:00:00Z,1.2999816894531477,0,235.5699920654297,88.69517575012567,3.6986753763301095,0,0
2020-05-12T10:00:00Z,2.5299926757812727,37.5880012512207,235.52999877929688,83.76298448835479,4.509245926477589,0,0
2020-05-12T11:00:00Z,3.7499938964843977,182.37600708007813,235.489990234375,79.1652761070797,5.326650055527997,0,0
2020-05-12T12:00:00Z,4.980004882812523,274.08001708984375,268.2200012207031,74.76186664246437,6.162353340585814,0,0
2020-05-12T13:00:00Z,5.570001220703148,406.176025390625,268.19000244140625,74.52049291527493,6.397381996670484,0,0
2020-05-12T14:00:00Z,6.170007324218773,535.94500732421875,268.16998291015625,74.13725952360932,6.6350959700892975,0,0
2020-05-12T15:00:00Z,6.769982910156273,629.654052734375,298.3599853515625,73.67467618420582,6.8960349353682044,0,0
2020-05-12T16:00:00Z,7.529992675781273,684.635009765625,298.3399963378906,67.55177168466156,7.428593362398569,0,0
2020-05-12T17:00:00Z,8.290002441406273,680.3370361328125,298.30999755859375,61.875652471075156,7.964935310577621,0,0
2020-05-12T18:00:00Z,9.049981689453148,771.967041015625,268.75,56.627254228931335,8.512749036745141,0,0
2020-05-12T19:00:00Z,9.239984130859398,701.11602783203125,268.75,54.43745730715313,8.371600522054624,0,0
2020-05-12T20:00:00Z,9.429986572265648,586.10205078125,268.75,52.302830703202865,8.251720780845156,0,0
2020-05-12T21:00:00Z,9.629998779296898,341.3110046386719,295.5299987792969,50.17558095212882,8.144458167481611,0,0
2020-05-12T22:00:00Z,8.579980468750023,225.8370056152344,295.57000732421875,54.65890761268749,7.014855687960668,0,0
2020-05-12T23:00:00Z,7.540002441406273,113.01800537109376,295.6000061035156,59.517002054237494,5.885142012708175,0,0
2020-05-13T00:00:00Z,6.499993896484398,0.5760000348091125,265.5400085449219,64.84459967725917,4.76366435207948,0,0
2020-05-13T01:00:00Z,5.649987792968773,0,265.57000732421875,64.43457066054681,4.5318426444335325,0,0
2020-05-13T02:00:00Z,4.799981689453148,0,265.6099853515625,63.75034824951196,4.296626336577032,0,0
2020-05-13T03:00:00Z,3.9500061035156477,0,280.94000244140625,62.74746221875328,4.06503375757284,0.045715198516845704,0
2020-05-13T04:00:00Z,3.5300231933593977,0,280.9499816894531,65.63845131356756,4.016777163676716,0,0
2020-05-13T05:00:00Z,3.1099792480468977,0,280.9700012207031,68.6659890142132,3.980766192852182,0,0
2020-05-13T06:00:00Z,2.6899963378906477,0,234.63999938964844,71.8191650359652,3.9668247830001353,0,0
2020-05-13T07:00:00Z,1.7400451660156477,0,234.67999267578125,71.9538830352315,3.889087165027845,0,0
2020-05-13T08:00:00Z,0.7900024414062727,0,234.72000122070313,71.78247371494164,3.8193322251624005,0,0
2020-05-13T09:00:00Z,-0.14999999999997726,0,215.1999969482422,71.20020507210357,3.7448629894582908,0,0
2020-05-13T10:00:00Z,1.4500366210937727,40.82000350952149,215.13999938964844,70.72879645985404,3.643871412292668,0,0
2020-05-13T11:00:00Z,3.0499816894531477,188.52801513671875,215.0800018310547,69.59483319293084,3.548027463240602,0,0
2020-05-13T12:00:00Z,4.649987792968773,381.9280090332031,229.1499938964844,67.97849640248593,3.475399111270569,0,0
2020-05-13T13:00:00Z,5.969995117187523,564.800048828125,229.11000061035156,61.50081612891279,4.3208565003752835,0,0
2020-05-13T14:00:00Z,7.290032958984398,744.47601318359375,229.0699920654297,55.69009193617793,5.189604649672915,0,0
2020-05-13T15:00:00Z,8.620019531250023,827.06304931640625,253.8199920654297,50.43670850802916,6.067758719638216,0,0
2020-05-13T16:00:00Z,9.329980468750023,899.00701904296875,253.7899932861328,52.09485946484098,5.988739168160908,0,0
2020-05-13T17:00:00Z,10.040002441406273,893.31903076171875,253.7599945068359,53.500567721777486,5.901660734789688,0,0
2020-05-13T18:00:00Z,10.749993896484398,668.531005859375,292.72998046875,54.66658448238908,5.825160967767965,0,0
2020-05-13T19:00:00Z,10.980004882812523,607.34002685546875,292.7200012207031,55.744121273557504,5.956752293961606,0,0
2020-05-13T20:00:00Z,11.209985351562523,508.0550231933594,292.6999816894531,56.77509707948248,6.11942788014061,0,0
2020-05-13T21:00:00Z,11.450006103515648,451.66302490234375,275.4700012207031,57.72135448472656,6.2905087806210425,0,0
2020-05-13T22:00:00Z,10.269982910156273,299.63201904296875,275.5099792480469,62.67883370957613,5.3358505050873,0,0
2020-05-13T23:00:00Z,9.089990234375023,151.1750030517578,275.54998779296875,68.10807918103222,4.410215282332298,0,0
2020-05-14T00:00:00Z,7.909997558593773,2.30400013923645,237.2899932861328,74.06673449564826,3.5626954647047686,0,0
2020-05-14T01:00:00Z,6.739984130859398,0,237.33999633789065,70.887020879779,3.581019366335813,0,0
2020-05-14T02:00:00Z,5.570001220703148,0,237.3999938964844,66.6804016123293,3.6160197055773495,0,0
2020-05-14T03:00:00Z,4.409997558593773,0,231.12998962402344,61.22707487250031,3.660737527423942,0,0
2020-05-14T04:00:00Z,3.9099975585937727,0,231.1499938964844,61.45056056210687,3.6116754522482313,0,0
2020-05-14T05:00:00Z,3.4099975585937727,0,231.1699981689453,61.600618334152756,3.557934771742374,0,0
2020-05-14T06:00:00Z,2.9200073242187727,0,228.45999145507813,61.654220983706885,3.5072781738589707,0,0
2020-05-14T07:00:00Z,2.9800048828125227,0,228.45999145507813,60.96509543968512,3.0926039749497183,0,0
2020-05-14T08:00:00Z,3.0400329589843977,0,228.45999145507813,60.271845965809995,2.8429034862318074,0,0
2020-05-14T09:00:00Z,3.1100402832031477,0,249.20999145507813,59.54184921542304,2.8114408543883065,0.045715198516845704,0
2020-05-14T10:00:00Z,4.989984130859398,40.95600128173828,249.1199951171875,62.405419371739306,2.7338069053242595,0,0
2020-05-14T11:00:00Z,6.880029296875023,180.91200256347656,249.0399932861328,63.70094743482458,2.7423528956339633,0,0
2020-05-14T12:00:00Z,8.769982910156273,380.9520263671875,253,63.82925147307141,2.8263934317783233,0,0
2020-05-14T13:00:00Z,10.950006103515648,562.1920166015625,252.9199981689453,57.48628488348058,3.532081413549027,0,0
2020-05-14T14:00:00Z,13.140008544921898,740.31005859375,252.84999084472656,51.76400554119143,4.316155461773781,0,0
2020-05-14T15:00:00Z,15.320001220703148,679.96002197265625,299.6999816894531,46.67180142841168,5.131208432938742,0,0
2020-05-14T16:00:00Z,15.850000000000023,738.9120483398436,299.66998291015625,47.28496583778566,5.778321295416598,0,0
2020-05-14T17:00:00Z,16.379998779296898,734.19500732421875,299.6399841308594,47.80576622472243,6.428841092841879,0,0
2020-05-14T18:00:00Z,16.910028076171898,643.45404052734375,322.6099853515625,48.243898746415624,7.086734145914722,0,0
2020-05-14T19:00:00Z,17.140008544921898,584.7430419921875,322.5899963378906,50.98681724598099,6.838983666359346,0,0
2020-05-14T20:00:00Z,17.379998779296898,489.426025390625,322.55999755859375,53.596729572014496,6.59940115353287,0,0
2020-05-14T21:00:00Z,17.609979248046898,336.78302001953125,335.41998291015625,56.1454611662479,6.357585970904479,0,0
2020-05-14T22:00:00Z,16.350030517578148,223.9820098876953,335.4599914550781,63.10625591487598,5.5865639393465365,0,0
2020-05-14T23:00:00Z,15.100000000000023,113.89400482177734,335.5,70.85418119711102,4.890009990722894,0,0
2020-05-15T00:00:00Z,13.839990234375023,2.30400013923645,361.30999755859375,79.57279202145575,4.293343508906531,0,0
2020-05-15T01:00:00Z,13.629998779296898,0,361.3199768066406,81.13604179183743,4.633724124353575,0,0
2020-05-15T02:00:00Z,13.420007324218773,0,361.3299865722656,82.73205717461876,5.045076794375387,0,0
2020-05-15T03:00:00Z,13.219995117187523,0,370.91998291015625,84.29672698891099,5.497708527763536,0,0
2020-05-15T04:00:00Z,13.129998779296898,0,370.9100036621094,88.21709049695295,5.189874716332567,0,0
2020-05-15T05:00:00Z,13.040032958984398,0,370.9100036621094,92.17329557248448,4.884311547822104,0.00850559949874878,0
2020-05-15T06:00:00Z,12.950006103515648,0,372.3399963378906,96.16928940716178,4.591557303825343,0.03832319927215576,0
2020-05-15T07:00:00Z,13.040002441406273,0,372.3299865722656,96.25309092937734,4.340990647176067,0.025900800704956053,0
2020-05-15T08:00:00Z,13.140008544921898,0,372.3299865722656,96.26721150123194,4.089021840098534,0.0037440000772476197,0
2020-05-15T09:00:00Z,13.239984130859398,0,366.3500061035156,96.27432949658517,3.8437610573958496,0.0018047999739646912,0
2020-05-15T10:00:00Z,13.989984130859398,23.964000701904297,366.30999755859375,94.69097278022973,3.3541765008786175,0,0
2020-05-15T11:00:00Z,14.739984130859398,101.64800262451172,366.2699890136719,93.05570365429813,2.9224987904731363,0,0
2020-05-15T12:00:00Z,15.489984130859398,323.0080261230469,360.9599914550781,91.38930786521094,2.59048255591381,0,0
2020-05-15T13:00:00Z,17.469995117187523,475.7440185546875,360.8599853515625,87.50807635549914,2.7735896654449785,0,0
2020-05-15T14:00:00Z,19.450006103515648,625.87103271484375,360.7599792480469,83.37950863482986,3.015178275143785,0,0
2020-05-15T15:00:00Z,21.429986572265648,797.7930297851564,367.3699951171875,79.12853656529768,3.3014238025076477,0,0
2020-05-15T16:00:00Z,22.710046386718773,866.77203369140625,367.30999755859375,74.71214534566772,4.275476470718356,0,0
2020-05-15T17:00:00Z,23.999993896484398,861.1900634765625,367.25,70.51659930521912,5.38335393982399,0,0
2020-05-15T18:00:00Z,25.290032958984398,743.1240234375,384.9100036621094,66.5689601597977,6.549045554356353,0,0
2020-05-15T19:00:00Z,25.400018310546898,675.5560302734375,384.8999938964844,66.24694395346243,7.354399772855839,0,0
2020-05-15T20:00:00Z,25.519982910156273,565.7900390625,384.8999938964844,65.88390746242524,8.158093947644685,0,0
2020-05-15T21:00:00Z,25.640008544921898,344.11102294921875,398.69000244140625,65.52445077913526,8.972318260327132,0,0
2020-05-15T22:00:00Z,24.600000000000023,229.42501831054688,398.739990234375,69.26960000584957,8.566241638967728,0.006815999507904053,0
2020-05-15T23:00:00Z,23.549981689453148,117.54000854492188,398.7799987792969,73.30234573849796,8.17420294736852,0.003110400080680847,0
2020-05-16T00:00:00Z,22.510003662109398,3.5520002841949463,398.75,77.55496075695473,7.783842240952951,0.09093120002746582,0
2020-05-16T01:00:00Z,21.749993896484398,0,398.78997802734375,79.9172121239756,6.9652350019529905,0.032947199821472165,0
2020-05-16T02:00:00Z,20.989984130859398,0,398.8299865722656,82.34365792197991,6.313833757735002,0.051436798095703125,0
2020-05-16T03:00:00Z,20.240045166015648,0,393.8999938964844,84.78232926240315,5.904879085940464,0.020102399826049805,0
2020-05-16T04:00:00Z,19.600000000000023,0,393.94000244140625,85.05328774224543,5.353736916846038,0.008217599630355834,0
2020-05-16T05:00:00Z,18.969995117187523,0,393.97998046875,85.1615833951999,5.031152757451273,0.009331199884414674,0
2020-05-16T06:00:00Z,18.339990234375023,0,359.1300048828125,85.15314584162539,4.9569849396161905,0.010982399940490722,0
2020-05-16T07:00:00Z,17.159997558593773,0,359.19000244140625,86.79279610184105,4.383206376653412,0,0
2020-05-16T08:00:00Z,15.980004882812523,0,359.25,88.22078508556022,3.9331411946992443,0,0
2020-05-16T09:00:00Z,14.800042724609398,0,308.1499938964844,89.38095007739486,3.672124662052374,0,0
2020-05-16T10:00:00Z,15.360040283203148,44.26400375366211,308.1300048828125,86.14850412756597,4.514653825479174,0,0
2020-05-16T11:00:00Z,15.920007324218773,180.95201110839844,308.1099853515625,83.04753229222271,5.420276854014362,0,0
2020-05-16T12:00:00Z,16.469995117187523,297.7200012207031,321.1399841308594,80.12125783177292,6.376597916407287,0,0
2020-05-16T13:00:00Z,16.359979248046898,437.6800231933594,321.1499938964844,78.30212874256368,5.96158531234591,0,0
2020-05-16T14:00:00Z,16.260003662109398,575.25604248046875,321.1600036621094,76.39893440178314,5.5360998094125105,0,0
2020-05-16T15:00:00Z,16.150018310546898,802.6220092773436,322.0899963378906,74.51318057238618,5.1245780069743425,0,0
2020-05-16T16:00:00Z,17.510003662109398,871.81402587890625,322.03997802734375,69.32212456575908,4.419377685338898,0,0
2020-05-16T17:00:00Z,18.869989013671898,866.1650390625,321.97998046875,64.5314728986467,3.71796970216884,0,0
2020-05-16T18:00:00Z,20.240045166015648,774.64801025390625,348.3500061035156,60.07311842190287,3.0130383337534177,0,0
2020-05-16T19:00:00Z,20.329980468750023,704.426025390625,348.3500061035156,60.62119055215907,3.4836761066551127,0,0
2020-05-16T20:00:00Z,20.420037841796898,590.3270263671875,348.3399963378906,61.15815233428434,4.030000008069552,0,0
2020-05-16T21:00:00Z,20.510003662109398,400.2300109863281,348.8599853515625,61.69185864235697,4.62179594600355,0,0
2020-05-16T22:00:00Z,19.339990234375023,267.4960021972656,348.9100036621094,65.34397459546165,3.9444644457606968,0,0
2020-05-16T23:00:00Z,18.159997558593773,138.0550079345703,348.9599914550781,69.27976215951801,3.2749504052403693,0,0
2020-05-17T00:00:00Z,16.989984130859398,4.223999977111816,326.0899963378906,73.42912910902241,2.61090006240678,0,0
2020-05-17T01:00:00Z,16.399987792968773,0,326.1300048828125,71.71578244543596,1.204159386105733,0,0
2020-05-17T02:00:00Z,15.810021972656273,0,326.16998291015625,69.77009809062538,0.7700649132523576,0,0
2020-05-17T03:00:00Z,15.209985351562523,0,316.6300048828125,67.61760370865368,2.0500000000000003,0.08927999496459961,0
2020-05-17T04:00:00Z,14.490045166015648,0,316.6499938964844,72.90253246452087,2.0006248791357053,0,0
2020-05-17T05:00:00Z,13.779992675781273,0,316.66998291015625,78.50903063546615,2.13770901348521,0,0
2020-05-17T06:00:00Z,13.059991455078148,0,353.22998046875,84.56619320356958,2.4473864178608684,0,0
2020-05-17T07:00:00Z,12.659997558593773,0,353.25,86.6880391785455,2.5187298569926884,0,0
2020-05-17T08:00:00Z,12.269982910156273,0,353.2699890136719,88.80615122996883,2.625052349676657,0,0
2020-05-17T09:00:00Z,11.869989013671898,0,349.5,91.04745394629244,2.7434466671814954,0,0
2020-05-17T10:00:00Z,12.379998779296898,26.860000610351563,349.47998046875,90.65182510318196,2.882307967582542,0,0
2020-05-17T11:00:00Z,12.879998779296898,106.16800689697266,349.4499816894531,90.25034584707839,3.0340072385089303,0,0
2020-05-17T12:00:00Z,13.379998779296898,250.7360076904297,357.0099792480469,89.78989438162148,3.1797168682569827,0,0
2020-05-17T13:00:00Z,14.290002441406273,367.9520263671875,356.9700012207031,86.13523443092271,3.4786490881289187,0,0
2020-05-17T14:00:00Z,15.189996337890648,483.18402099609375,356.91998291015625,82.68793197161061,3.840026015147609,0,0
2020-05-17T15:00:00Z,16.100000000000023,532.571044921875,372.2599792480469,79.33288789627146,4.248870454872472,0,0
2020-05-17T16:00:00Z,16.779992675781273,578.35205078125,372.2200012207031,77.81869443451794,4.533486518466005,0,0
2020-05-17T17:00:00Z,17.450006103515648,574.56903076171875,372.1799926757813,76.3497298023559,4.821089067975165,0,0
2020-05-17T18:00:00Z,18.129998779296898,635.22705078125,362.41998291015625,74.83269881588902,5.111173989865907,0,0
2020-05-17T19:00:00Z,18.390008544921898,577.80303955078125,362.3999938964844,74.36986328787535,5.347317006427406,0,0
2020-05-17T20:00:00Z,18.659997558593773,484.5190124511719,362.3899841308594,73.8555053652568,5.630035161471071,0,0
2020-05-17T21:00:00Z,18.929986572265648,367.66302490234375,344.8500061035156,73.33699754133627,5.933498199565483,0,0
2020-05-17T22:00:00Z,17.709985351562523,246.3090057373047,344.8999938964844,77.30758458239093,4.959697381212193,0,0
2020-05-17T23:00:00Z,16.499993896484398,128.0279998779297,344.9599914550781,81.44459050642844,3.9960605695583107,0,0
2020-05-18T00:00:00Z,15.290002441406273,3.3440001010894775,346.4599914550781,85.80160738142244,3.0332325705077254,0,0
2020-05-18T01:00:00Z,14.570031738281273,0,346.5,86.51084456312992,2.9600676049394883,0,0
2020-05-18T02:00:00Z,13.850000000000023,0,346.53997802734375,87.10768662240116,2.8917294526104387,0,0
2020-05-18T03:00:00Z,13.130029296875023,0,363.4499816894531,87.57412538880476,2.818598885598393,0,0
2020-05-18T04:00:00Z,12.820001220703148,0,363.4599914550781,88.48937727324555,2.5088842418964754,0,0
2020-05-18T05:00:00Z,12.510003662109398,0,363.47998046875,89.41145749313453,2.220360211927508,0,0
2020-05-18T06:00:00Z,12.200006103515648,0,361.69000244140625,90.3337049732655,1.985648480913792,0,0
2020-05-18T07:00:00Z,12.040032958984398,0,361.6999816894531,90.68710501711935,1.5420764862268612,0,0
2020-05-18T08:00:00Z,11.880029296875023,0,361.6999816894531,91.0418585949246,1.326084470360224,0,0
2020-05-18T09:00:00Z,11.719995117187523,0,366.739990234375,91.39080109024677,1.4326548353369815,0,0
2020-05-18T10:00:00Z,12.209985351562523,18.476001739501953,366.7200012207031,88.93513935040642,2.1572667486119976,0,0
2020-05-18T11:00:00Z,12.689996337890648,70.80000305175781,366.6999816894531,86.61601768912102,2.9205820138169143,0,0
2020-05-18T12:00:00Z,13.179986572265648,151.95201110839844,364.8500061035156,84.30208987174906,3.711293555441288,0,0
2020-05-18T13:00:00Z,13.859979248046898,222.60801696777344,364.80999755859375,81.75652736273105,4.018071524934273,0,0
2020-05-18T14:00:00Z,14.540002441406273,292.0790100097656,364.7799987792969,79.28915137029445,4.342257410365858,0,0
2020-05-18T15:00:00Z,15.230004882812523,361.6730041503906,372.1300048828125,76.84667774253633,4.674569528150565,0,0
2020-05-18T16:00:00Z,15.879998779296898,392.6900329589844,372.0899963378906,76.49133426156696,4.9186278214942805,0,0
2020-05-18T17:00:00Z,16.529992675781273,390.1110229492187,372.05999755859375,76.05183841450975,5.167678096158629,0,0
2020-05-18T18:00:00Z,17.189996337890648,392.7610168457031,375.8299865722656,75.4839511723099,5.437692633011917,0,0
2020-05-18T19:00:00Z,17.439996337890648,357.39202880859375,375.80999755859375,75.60411458549437,5.26521604313883,0,0
2020-05-18T20:00:00Z,17.690026855468773,299.8600158691406,375.7999877929687,75.69791375913228,5.13003910064494,0,0
2020-05-18T21:00:00Z,17.929986572265648,267.6700134277344,367.69000244140625,75.82031360971799,5.013671309881472,0,0
2020-05-18T22:00:00Z,17.299981689453148,179.75100708007813,367.7200012207031,78.99025420185747,4.640042969732981,0,0
2020-05-18T23:00:00Z,16.670007324218773,94.07500457763672,367.75,82.31186074899287,4.298650683081842,0,0
2020-05-19T00:00:00Z,16.040002441406273,4.528000354766846,345.78997802734375,85.78573569267932,3.989009745098463,0,0
2020-05-19T01:00:00Z,15.119989013671898,0,345.8500061035156,85.5304183388616,3.8380331954449853,0,0
2020-05-19T02:00:00Z,14.200006103515648,0,345.8999938964844,84.94149207478523,3.719489029982648,0,0
2020-05-19T03:00:00Z,13.279992675781273,0,318.28997802734375,83.97518089871082,3.636550559902562,0,0
2020-05-19T04:00:00Z,12.519982910156273,0,318.3299865722656,83.85327750499114,4.253116446604877,0,0
2020-05-19T05:00:00Z,11.760003662109398,0,318.3699951171875,83.51578068610513,4.870164315567262,0,0
2020-05-19T06:00:00Z,10.999993896484398,0,280.79998779296875,82.93823696453606,5.478549079387609,0,0
2020-05-19T07:00:00Z,10.299981689453148,0,280.8299865722656,81.66241465068984,5.599464250890721,0,0
2020-05-19T08:00:00Z,9.600000000000023,0,280.8699951171875,80.0822804301312,5.713580096616031,0,0
2020-05-19T09:00:00Z,8.899987792968773,0,269.739990234375,78.17762359826777,5.834663535111743,0,0
2020-05-19T10:00:00Z,10.200006103515648,52.220001220703125,269.69000244140625,74.10889050639203,6.064470278681333,0,0
2020-05-19T11:00:00Z,11.489984130859398,194.49600219726565,269.6399841308594,70.28705706852216,6.301467891695162,0,0
2020-05-19T12:00:00Z,12.790002441406273,383.0880126953125,268.7699890136719,66.600725412805,6.544875769314067,0,0
2020-05-19T13:00:00Z,13.790002441406273,560.28802490234375,268.739990234375,60.452455411133684,7.146873343163531,0,0
2020-05-19T14:00:00Z,14.779992675781273,734.5880126953125,268.7099914550781,54.88367046733576,7.829821213255903,0,0
2020-05-19T15:00:00Z,15.779992675781273,813.9140625,283.6399841308594,49.76838222451516,8.557312117577759,0,0
2020-05-19T16:00:00Z,16.089990234375023,883.5460205078125,283.6199951171875,51.106624434848875,8.74931377809935,0,0
2020-05-19T17:00:00Z,16.409997558593773,877.758056640625,283.6000061035156,52.34447985621073,9.024217004492654,0,0
2020-05-19T18:00:00Z,16.720025634765648,793.6670532226564,301.2699890136719,53.55095229941608,9.361804809899313,0,0
2020-05-19T19:00:00Z,16.679986572265648,722.39501953125,301.2699890136719,54.16984885635741,9.120268521959176,0,0
2020-05-19T20:00:00Z,16.640039062500023,606.47100830078125,301.2699890136719,54.79210331791944,8.90092703317598,0,0
2020-05-19T21:00:00Z,16.589990234375023,445.7040100097656,310.1600036621094,55.45303605758311,8.716196957291013,0,0
2020-05-19T22:00:00Z,15.149987792968773,299.9830017089844,310.2099914550781,59.828029700498,7.58969010934547,0,0
2020-05-19T23:00:00Z,13.700006103515648,158.04400634765625,310.2699890136719,64.63422333369245,6.4735923406123375,0,0
2020-05-20T00:00:00Z,12.260003662109398,13.040000915527344,293.54998779296875,69.83191512362147,5.34835458492075,0,0
2020-05-20T01:00:00Z,11.200006103515648,0,293.6000061035156,70.52506081793827,4.727715939976676,0,0
2020-05-20T02:00:00Z,10.140008544921898,0,293.6499938964844,70.97456228549368,4.130048540303626,0,0
2020-05-20T03:00:00Z,9.079980468750023,0,288.2099914550781,71.1405261011463,3.542724909908042,0,0
2020-05-20T04:00:00Z,8.439996337890648,0,288.239990234375,72.34039608053685,3.239382565279943,0,0
2020-05-20T05:00:00Z,7.799981689453148,0,288.2599792480469,73.51786668139103,3.107571215807113,0,0
2020-05-20T06:00:00Z,7.159997558593773,0,274.7200012207031,74.67790501837518,3.160775241581147,0,0
2020-05-20T07:00:00Z,6.869989013671898,0,274.739990234375,72.30961806417591,2.972002575371349,0,0
2020-05-20T08:00:00Z,6.589990234375023,0,274.7599792480469,69.76904263390873,2.8405984843310152,0,0
2020-05-20T09:00:00Z,6.309991455078148,0,246.80999755859375,67.09832499707532,2.7922928273081613,0,0
2020-05-20T10:00:00Z,7.579980468750023,56.660003662109375,246.75,67.5614143055047,2.8653096382225867,0,0
2020-05-20T11:00:00Z,8.860040283203148,205.59201049804688,246.6999969482422,67.4894080359289,2.972137164661405,0,0
2020-05-20T12:00:00Z,10.140008544921898,389.9920043945313,257.0899963378906,67.00760821853426,3.0924584629720133,0,0
2020-05-20T13:00:00Z,11.579980468750023,569.488037109375,257.0400085449219,62.8480879395564,4.124196767168523,0,0
2020-05-20T14:00:00Z,13.019982910156273,746.0870361328125,256.989990234375,58.95249480615636,5.299094071390651,0,0
2020-05-20T15:00:00Z,14.450006103515648,848.67706298828125,275.9599914550781,55.32981687643905,6.553319747061178,0,0
2020-05-20T16:00:00Z,15.119989013671898,921.1290283203124,275.92999267578125,55.640728060938024,5.611104981874145,0,0
2020-05-20T17:00:00Z,15.790032958984398,915.093017578125,275.8999938964844,55.83651761493029,4.99151264098664,0,0
2020-05-20T18:00:00Z,16.450006103515648,857.97003173828125,287.2599792480469,55.958325933303705,4.828270703217775,0,0
2020-05-20T19:00:00Z,16.600000000000023,781.1640625,287.25,56.49289580769256,5.074100834816278,0,0
2020-05-20T20:00:00Z,16.749993896484398,656.23004150390625,287.239990234375,57.013171524960825,5.320911658106621,0,0
2020-05-20T21:00:00Z,16.909997558593773,490.8830261230469,280.22998046875,57.480444995685374,5.589069717295922,0,0
2020-05-20T22:00:00Z,15.070031738281273,331.1410217285156,280.29998779296875,62.93669844741185,4.88036861907454,0,0
2020-05-20T23:00:00Z,13.230004882812523,175.58700561523438,280.3699951171875,68.97074608974114,4.1921950097288745,0,0
2020-05-21T00:00:00Z,11.399987792968773,9.312000274658203,251.8300018310547,75.58650586309834,3.5365519911726304,0,0
2020-05-21T01:00:00Z,9.969995117187523,0,251.8999938964844,74.20377547343286,3.464476880718029,0,0
2020-05-21T02:00:00Z,8.540002441406273,0,251.95999145507813,71.817393002095,3.580502586196547,0,0
2020-05-21T03:00:00Z,7.120019531250023,0,237.7599945068359,68.16458525213302,3.8677382627576256,0,0
2020-05-21T04:00:00Z,6.589990234375023,0,237.77999877929688,67.04067967243108,3.169305782352148,0,0
2020-05-21T05:00:00Z,6.059991455078148,0,237.79998779296875,65.75109486847238,2.4887145797329944,0,0
2020-05-21T06:00:00Z,5.529992675781273,0,226.20999145507813,64.27810583894085,1.8183784173445723,0,0
2020-05-21T07:00:00Z,4.959985351562523,0,226.22999572753903,65.21491463442551,1.564672479551707,0,0
2020-05-21T08:00:00Z,4.390008544921898,0,226.25,66.13330787205629,1.3277423943380955,0,0
2020-05-21T09:00:00Z,3.8200012207031477,0,226.04998779296875,67.03377435381691,1.0877958604284665,0,0
2020-05-21T10:00:00Z,5.559991455078148,58.2760009765625,225.97999572753903,69.83562116830197,0.8845903046905711,0,0
2020-05-21T11:00:00Z,7.310021972656273,206.4080047607422,225.9199981689453,71.16720213995144,0.6772000945803203,0,0
2020-05-21T12:00:00Z,9.049981689453148,396.6640319824219,258.6999816894531,71.43199243536571,0.491934952384353,0,0
2020-05-21T13:00:00Z,11.320001220703148,578.384033203125,258.6099853515625,67.03793951277412,0.6438167299248884,0,0
2020-05-21T14:00:00Z,13.579980468750023,757.2120361328125,258.5299987792969,62.64439890451687,0.9047098767769545,0,0
2020-05-21T15:00:00Z,15.839990234375023,850.13201904296875,285.0199890136719,58.307200043305635,1.2126417124412228,0,0
2020-05-21T16:00:00Z,16.790002441406273,922.5840454101564,284.9700012207031,58.81325063834708,2.2157616922370686,0,0
2020-05-21T17:00:00Z,17.730004882812523,916.52001953125,284.92999267578125,59.10650195366637,3.2190836968634584,0,0
2020-05-21T18:00:00Z,18.670007324218773,854.8290405273436,302.6099853515625,59.1842043992658,4.222463553018963,0,0
2020-05-21T19:00:00Z,18.999993896484398,778.5780639648436,302.5899963378906,60.70690432314076,4.575773171697634,0,0
2020-05-21T20:00:00Z,19.329980468750023,654.40802001953125,302.57000732421875,62.13876396735523,4.930638577692432,0,0
2020-05-21T21:00:00Z,19.660028076171898,486.7190246582031,304.04998779296875,63.488919668600914,5.291370405705702,0,0
2020-05-21T22:00:00Z,18.200006103515648,329.0480041503906,304.1099853515625,69.38754974866285,4.732948202964019,0,0
2020-05-21T23:00:00Z,16.739984130859398,175.5600128173828,304.1600036621094,75.90937001074924,4.179581176386602,0,0
2020-05-22T00:00:00Z,15.269982910156273,9.664000511169434,282.8599853515625,83.1809246162977,3.6268442114036468,0,0
2020-05-22T01:00:00Z,14.200006103515648,0,282.9100036621094,83.54932228971599,3.9739777054154137,0,0
2020-05-22T02:00:00Z,13.119989013671898,0,282.9599914550781,83.62922759375972,4.334985415886238,0,0
2020-05-22T03:00:00Z,12.040002441406273,0,285.2799987792969,83.30985856139814,4.686032402051916,0,0
2020-05-22T04:00:00Z,11.649987792968773,0,285.29998779296875,84.25539437362703,4.380707586606371,0,0
2020-05-22T05:00:00Z,11.249993896484398,0,285.32000732421875,85.2564076293065,4.096352010020735,0,0
2020-05-22T06:00:00Z,10.850030517578148,0,290.5299987792969,86.26238902616502,3.8376293611126173,0,0
2020-05-22T07:00:00Z,10.839990234375023,0,290.5299987792969,86.52364962994882,3.70793744007491,0,0
2020-05-22T08:00:00Z,10.829980468750023,0,290.5299987792969,86.79264487720177,3.5858750187369237,0,0
2020-05-22T09:00:00Z,10.829980468750023,0,310.5799865722656,86.99798916500019,3.464852156574498,0,0
2020-05-22T10:00:00Z,12.609979248046898,53.900001525878906,310.489990234375,86.75860896361273,3.1835200613955603,0,0
2020-05-22T11:00:00Z,14.390039062500023,186.7120056152344,310.4100036621094,85.61187814263486,2.9041003932223246,0,0
2020-05-22T12:00:00Z,16.179986572265648,352.72003173828125,345.91998291015625,83.72209109473123,2.6286497941919196,0,0
2020-05-22T13:00:00Z,17.929986572265648,513.58404541015625,345.8299865722656,79.92575725966032,3.1250759979772575,0,0
2020-05-22T14:00:00Z,19.689996337890648,671.905029296875,345.75,76.03937330266022,3.6302203038518623,0,0
2020-05-22T15:00:00Z,21.439996337890648,736.86102294921875,370.9499816894531,72.21812298342977,4.136000449202714,0,0
2020-05-22T16:00:00Z,22.179986572265648,799.56103515625,370.9100036621094,71.3455799286673,4.181160019549296,0,0
2020-05-22T17:00:00Z,22.920007324218773,794.30401611328125,370.8699951171875,70.41809672044147,4.354399888246895,0,0
2020-05-22T18:00:00Z,23.649987792968773,666.60400390625,398.69000244140625,69.49278714944231,4.634274493701218,0,0
2020-05-22T19:00:00Z,23.769982910156273,607.343017578125,398.6799926757813,70.27982173159592,4.992494306852394,0,0
2020-05-22T20:00:00Z,23.879998779296898,510.7920227050781,398.66998291015625,71.09598239163262,5.369813683365966,0,0
2020-05-22T21:00:00Z,23.989984130859398,378.155029296875,389.41998291015625,71.8927806705498,5.7685004641703115,0,0
2020-05-22T22:00:00Z,22.760003662109398,256.2010192871094,389.47998046875,76.61919529235055,4.963808721705606,0,0
2020-05-22T23:00:00Z,21.529992675781273,137.5120086669922,389.5299987792969,81.69669230086483,4.154816289299346,9.599999757483601e-6,0
2020-05-23T00:00:00Z,20.290032958984398,9.2160005569458,396.2699890136719,87.21079465906988,3.353937893956133,0,0
2020-05-23T01:00:00Z,19.809991455078148,0,396.28997802734375,89.1694927680837,3.202264815114048,7.67999980598688e-5,0
2020-05-23T02:00:00Z,19.329980468750023,0,396.3199768066406,91.17645780586777,3.0424331156165954,0,0
2020-05-23T03:00:00Z,18.850000000000023,0,382.25,93.2263610785483,2.896635997834471,0,0
2020-05-23T04:00:00Z,18.469995117187523,0,382.2699890136719,93.67096477171583,2.6353935430625586,0,0
2020-05-23T05:00:00Z,18.089990234375023,0,382.28997802734375,94.08408182868182,2.435261682082718,0,0
2020-05-23T06:00:00Z,17.709985351562523,0,373.489990234375,94.46729322221883,2.3226062279507165,0,0
2020-05-23T07:00:00Z,17.519982910156273,0,373.5,94.6002072253813,1.9382981869358509,0,0
2020-05-23T08:00:00Z,17.330041503906273,0,373.5099792480469,94.72348847047223,1.6815469025585192,0,0
2020-05-23T09:00:00Z,17.140039062500023,0,384.05999755859375,94.83832328511326,1.607015770822325,0,0
2020-05-23T10:00:00Z,17.779992675781273,31.332000732421875,384.0199890136719,93.79560585973277,1.376117740658908,0,0
2020-05-23T11:00:00Z,18.420007324218773,106.33600616455078,383.989990234375,92.70205046399154,1.6571058801286205,0,0
2020-05-23T12:00:00Z,19.070001220703148,270.73602294921875,384.1499938964844,91.50553283391393,2.272289536175724,0,0
2020-05-23T13:00:00Z,20.209985351562523,393.6960144042969,384.0899963378906,87.64996666204114,2.6436715506238952,0,0
2020-05-23T14:00:00Z,21.359979248046898,514.7430419921875,384.0299987792969,83.8851443542063,3.0537844043469162,0,0
2020-05-23T15:00:00Z,22.510003662109398,489.3810119628906,397.80999755859375,80.26728558321675,3.4936655627097526,0.022137599945068358,0
2020-05-23T16:00:00Z,22.829980468750023,530.9560546875,397.7999877929687,77.09778937138026,3.9911527182517874,0.04189439964294434,0
2020-05-23T17:00:00Z,23.140039062500023,527.4720458984375,397.78997802734375,74.06715465060375,4.506938828505814,0.002572799921035766,0
2020-05-23T18:00:00Z,23.459985351562523,427.2270202636719,398.6600036621094,71.08698687170349,5.0354045331138275,0.015220799446105958,0
2020-05-23T19:00:00Z,22.739984130859398,389.3610229492187,398.6999816894531,73.74811209695184,5.319247881706455,0.056563196182250974,0
2020-05-23T20:00:00Z,22.020043945312523,327.64202880859375,398.72998046875,76.51971389609552,5.602856391897795,0.10368959426879883,0
2020-05-23T21:00:00Z,21.290002441406273,293.47900390625,375.1000061035156,79.45752670813327,5.904447375318635,0.023558399677276607,0
2020-05-23T22:00:00Z,20.100000000000023,199.2400054931641,375.1600036621094,82.23216842390609,5.384069034369417,0.0011711999773979186,0
2020-05-23T23:00:00Z,18.910028076171898,107.56600189208984,375.2200012207031,85.01119269844293,4.871652668130651,0,0
2020-05-24T00:00:00Z,17.709985351562523,9.232000350952148,330.1300048828125,87.8368322744912,4.368180426004293,0,0
2020-05-24T01:00:00Z,16.119989013671898,0,330.2099914550781,87.9897817208168,4.2008093321735815,0,0
2020-05-24T02:00:00Z,14.529992675781273,0,330.29998779296875,87.226973533582,4.056106483495033,0,0
2020-05-24T03:00:00Z,12.929986572265648,0,297.0799865722656,85.37608109958923,3.929287304161305,0,0
2020-05-24T04:00:00Z,11.890008544921898,0,297.1199951171875,86.35038429316724,3.7549432179796676,0,0
2020-05-24T05:00:00Z,10.839990234375023,0,297.16998291015625,87.12277304031802,3.626403189641432,0,0
2020-05-24T06:00:00Z,9.790002441406273,0,291.989990234375,87.59040027556146,3.543966689749244,0,0
2020-05-24T07:00:00Z,9.170037841796898,0,292.0199890136719,88.0901306449486,3.5783374437457534,0,0
2020-05-24T08:00:00Z,8.540002441406273,0,292.04998779296875,88.54230770129654,3.6347351110588852,0,0
2020-05-24T09:00:00Z,7.920007324218773,0,289.3699951171875,88.81861071469997,3.712155743882263,0,0
2020-05-24T10:00:00Z,9.230004882812523,58.86800384521485,289.30999755859375,87.24768587590687,3.6783962690197614,0,0
2020-05-24T11:00:00Z,10.540002441406273,196.03201293945313,289.25,85.37048662569025,3.653080796234564,0,0
2020-05-24T12:00:00Z,11.850000000000023,375.9520263671875,300.57000732421875,83.24978412036114,3.6238238788401826,0,0
2020-05-24T13:00:00Z,13.429986572265648,546.01605224609375,300.5099792480469,78.05081100922982,3.276171409132966,0,0
2020-05-24T14:00:00Z,15.019982910156273,713.4580078125,300.44000244140625,73.10282292738141,3.107426588652157,0,0
2020-05-24T15:00:00Z,16.600000000000023,819.321044921875,322.8999938964844,68.49208361255154,3.1201441129935734,0,0
2020-05-24T16:00:00Z,17.649987792968773,888.8150634765625,322.8399963378906,68.9891914748937,3.1657068685656955,0,0
2020-05-24T17:00:00Z,18.700006103515648,883.0400390625,322.78997802734375,69.1610634706561,3.562162110350052,0,0
2020-05-24T18:00:00Z,19.749993896484398,831.47906494140625,333.79998779296875,69.05056336081189,4.1900476160052404,0,0
2020-05-24T19:00:00Z,19.999993896484398,758.0370483398436,333.78997802734375,69.69900935399038,4.178061648017647,0,0
2020-05-24T20:00:00Z,20.260003662109398,638.2490234375,333.7699890136719,70.26364233542527,4.153372044043572,0,0
2020-05-24T21:00:00Z,20.510003662109398,477.7480163574219,326.72998046875,70.83706868083326,4.137064110674797,0,0
2020-05-24T22:00:00Z,19.219995117187523,324.9980163574219,326.7799987792969,75.95449486598689,3.8810435481303025,0,0
2020-05-24T23:00:00Z,17.920007324218773,176.4510040283203,326.8299865722656,81.54178307874957,3.6634408854373186,0,0
2020-05-25T00:00:00Z,16.630029296875023,12.672000885009766,305.2200012207031,87.54187583011854,3.5090737525405595,0,0
2020-05-25T01:00:00Z,15.320031738281273,0,305.2799987792969,89.26693642929956,3.563495397073154,0,0
2020-05-25T02:00:00Z,14.010003662109398,0,305.3399963378906,90.67502553336118,3.624417017867309,0,0
2020-05-25T03:00:00Z,12.709985351562523,0,296.32000732421875,91.62486515503842,3.6915172535445184,0,0
2020-05-25T04:00:00Z,12.059991455078148,0,296.3500061035156,92.59335723456347,3.502284949083705,0,0
2020-05-25T05:00:00Z,11.409997558593773,0,296.3800048828125,93.48831245460694,3.3362404160202908,0,0
2020-05-25T06:00:00Z,10.760034179687523,0,294.41998291015625,94.29320781498605,3.202264815114048,0,0
2020-05-25T07:00:00Z,10.390008544921898,0,294.42999267578125,94.87187633455885,2.8309890606613983,0,0
2020-05-25T08:00:00Z,10.029992675781273,0,294.4499816894531,95.35258435527291,2.54420904980353,0,0
2020-05-25T09:00:00Z,9.670007324218773,0,302.6600036621094,95.81080678938919,2.3478712697507493,0,0
2020-05-25T10:00:00Z,11.249993896484398,59.24400329589844,302.5799865722656,94.87531218417364,2.0006248791357053,0,0
2020-05-25T11:00:00Z,12.839990234375023,193.87200927734375,302.5,93.19240257210127,1.7200290329279304,0,0
2020-05-25T12:00:00Z,14.429986572265648,372.6400146484375,331.2799987792969,90.99747228727904,1.5294770422575215,0,0
2020-05-25T13:00:00Z,16.200006103515648,540.55999755859375,331.19000244140625,88.41289794824937,1.7910890286212091,0,0
2020-05-25T14:00:00Z,17.980004882812523,705.93505859375,331.1000061035156,85.37675017892774,2.046362601032645,0,0
2020-05-25T15:00:00Z,19.760003662109398,720.614013671875,370.739990234375,82.08169261995842,2.2999346252770145,0,0
2020-05-25T16:00:00Z,20.809991455078148,781.65606689453125,370.6799926757813,81.37713123749407,3.3563819033100795,0,0
2020-05-25T17:00:00Z,21.869989013671898,776.60003662109375,370.6199951171875,80.41512909315176,4.50017777425831,0,0
2020-05-25T18:00:00Z,22.920007324218773,693.92901611328125,388.25,79.32937507530218,5.669611826367848,0,0
2020-05-25T19:00:00Z,23.029992675781273,632.84906005859375,388.239990234375,80.01518543337889,5.7410536813642015,0,0
2020-05-25T20:00:00Z,23.129998779296898,533.1280517578125,388.239990234375,80.7399148279383,5.810860464157281,0,0
2020-05-25T21:00:00Z,23.230004882812523,357.3620300292969,395.41998291015625,81.45187838686995,5.89868616071602,0,0
2020-05-25T22:00:00Z,22.329980468750023,243.5880126953125,395.4700012207031,85.04062060367018,5.120087775427759,0,0
2020-05-25T23:00:00Z,21.439996337890648,132.9650115966797,395.5099792480469,88.75160524955025,4.367745546536167,0,0
2020-05-26T00:00:00Z,20.540002441406273,11.58400058746338,353.1000061035156,92.70174682493939,3.6417714544528357,0,0
2020-05-26T01:00:00Z,19.299981689453148,0,353.16998291015625,93.46234028902994,3.7010942836098746,0,0
2020-05-26T02:00:00Z,18.049981689453148,0,353.239990234375,93.84902848313827,3.7688857904013857,0,0
2020-05-26T03:00:00Z,16.809991455078148,0,327.69000244140625,93.65001482128558,3.8282763314117254,0,0
2020-05-26T04:00:00Z,16.209985351562523,0,327.7200012207031,94.62915123060769,3.563846205737772,0,0
2020-05-26T05:00:00Z,15.609979248046898,0,327.75,95.55691429918407,3.2994696351324886,0,0
2020-05-26T06:00:00Z,15.010003662109398,0,323.8399963378906,96.42335251422942,3.0351606104835405,0,0
2020-05-26T07:00:00Z,14.570001220703148,0,323.8599853515625,96.88079581324631,2.963865610520073,0,0
2020-05-26T08:00:00Z,14.129998779296898,0,323.8800048828125,97.29595111143382,2.9488472535936316,0,0
2020-05-26T09:00:00Z,13.679986572265648,0,325.57000732421875,97.723285928989,2.976995011192529,0,0
2020-05-26T10:00:00Z,14.939996337890648,60.228004455566406,325.5099792480469,95.87849519896842,2.766604293185262,0,0
2020-05-26T11:00:00Z,16.200036621093773,193.92800903320313,325.4499816894531,93.78643425622148,2.569124297482377,0,0
2020-05-26T12:00:00Z,17.459985351562523,377.0880126953125,356.69000244140625,91.50094294154883,2.3832121352566418,0,0
2020-05-26T13:00:00Z,19.540002441406273,546.416015625,356.5799865722656,88.53742461199235,2.6612026551542893,0,0
2020-05-26T14:00:00Z,21.620019531250023,713.21002197265625,356.4700012207031,85.05505105930227,2.9408331290036283,0,0
2020-05-26T15:00:00Z,23.700006103515648,810.10406494140625,381.8199768066406,81.24668208218247,3.2267165732629226,0,0
2020-05-26T16:00:00Z,24.700036621093773,878.6610717773436,381.7599792480469,79.59098420346635,3.815402874453874,0,0
2020-05-26T17:00:00Z,25.709985351562523,873.0140380859375,381.7099914550781,77.83223862007068,4.4991108066694405,0,0
2020-05-26T18:00:00Z,26.720025634765648,819.60406494140625,390.41998291015625,76.0303140532881,5.2369933631141805,0,0
2020-05-26T19:00:00Z,26.869989013671898,747.7010498046875,390.4100036621094,76.24391245389724,5.339531897849932,0,0
2020-05-26T20:00:00Z,27.020043945312523,630.2110595703125,390.3999938964844,76.4444042539983,5.439595330961344,0,0
2020-05-26T21:00:00Z,27.179986572265648,471.4710083007813,380.53997802734375,76.59332407955242,5.542499357575348,0,0
2020-05-26T22:00:00Z,25.980004882812523,321.9950256347656,380.5899963378906,81.17426783942125,4.979407270031775,0,0
2020-05-26T23:00:00Z,24.779992675781273,176.70001220703125,380.6499938964844,86.062055630791,4.426612605432416,0,0
2020-05-27T00:00:00Z,23.579980468750023,12.064000129699709,346.4599914550781,91.28240091020432,3.8885086072965316,0,0
2020-05-27T01:00:00Z,22.290002441406273,0,346.5299987792969,91.71227723046975,4.0410889788688955,0,0
2020-05-27T02:00:00Z,21.010003662109398,0,346.6000061035156,91.57966385208707,4.204152617506984,0,0
2020-05-27T03:00:00Z,19.719995117187523,0,336.3299865722656,90.90497016009559,4.36688679081095,0,0
2020-05-27T04:00:00Z,18.929986572265648,0,336.3699951171875,92.22772040422215,3.9452883003565336,0,0
2020-05-27T05:00:00Z,18.140008544921898,0,336.4100036621094,93.47925991888232,3.5259749592829364,0,0
2020-05-27T06:00:00Z,17.350000000000023,0,328.91998291015625,94.64359644043333,3.113326017043067,0,0
2020-05-27T07:00:00Z,16.769982910156273,0,328.9499816894531,95.30678129803397,3.0565502616029687,0,0
2020-05-27T08:00:00Z,16.189996337890648,0,328.97998046875,95.89862367189467,3.005611385363012,0,0
2020-05-27T09:00:00Z,15.610040283203148,0,329.8699951171875,96.40719141998841,2.95296446025789,0,0
2020-05-27T10:00:00Z,16.779992675781273,61.772003173828125,329.80999755859375,94.76223157193246,2.7937965817504393,0,0
2020-05-27T11:00:00Z,17.959985351562523,195.9680023193359,329.75,92.84143426987082,2.653978087765977,0,0
2020-05-27T12:00:00Z,19.129998779296898,378.10400390625,355.92999267578125,90.81262568824651,2.536710464464008,0,0
2020-05-27T13:00:00Z,20.859979248046898,547.31201171875,355.8399963378906,87.71988062598454,3.3188701218312096,0,0
2020-05-27T14:00:00Z,22.600000000000023,714.0390625,355.7599792480469,84.3560391833986,4.124669601571537,0,0
2020-05-27T15:00:00Z,24.329980468750023,798.5770263671875,376.2599792480469,80.91312089793296,4.942711788843821,0,0
2020-05-27T16:00:00Z,24.939996337890648,866.1180419921875,376.22998046875,78.64534432794768,5.52277092341203,0,0
2020-05-27T17:00:00Z,25.549981689453148,860.59503173828125,376.1999816894531,76.44578409008881,6.237964447064336,0,0
2020-05-27T18:00:00Z,26.159997558593773,810.56805419921875,383.2099914550781,74.31570464985255,7.060856831285846,0,0
2020-05-27T19:00:00Z,26.149987792968773,739.67901611328125,383.2099914550781,73.87050766427228,6.792127758116162,0,0
2020-05-27T20:00:00Z,26.140008544921898,623.81304931640625,383.2200012207031,73.42528607441622,6.5348297414074725,0,0
2020-05-27T21:00:00Z,26.140008544921898,464.2870178222656,375.22998046875,72.93667067233137,6.2913353078156655,0,0
2020-05-27T22:00:00Z,25.089990234375023,317.66802978515625,375.2699890136719,77.50978519604746,5.554394388844298,0,0
2020-05-27T23:00:00Z,24.040002441406273,175.20901489257813,375.3199768066406,82.40801305601667,4.820632680983021,0,0
2020-05-28T00:00:00Z,22.989984130859398,24.4320011138916,359.54998779296875,87.65519587077625,4.091759688324495,0,0
2020-05-28T01:00:00Z,21.859979248046898,0,359.6099853515625,89.65638289992279,4.04712239612265,0,0
2020-05-28T02:00:00Z,20.720025634765648,0,359.66998291015625,91.58825192642016,3.9953598270559594,0,0
2020-05-28T03:00:00Z,19.589990234375023,0,350.7200012207031,93.30509087126366,3.958004377160419,4.2239999771118164e-4,0
2020-05-28T04:00:00Z,19.120019531250023,0,350.75,94.05794498581456,3.7165170440934814,4.2239999771118164e-4,0
2020-05-28T05:00:00Z,18.649987792968773,0,350.7699890136719,94.77886324223243,3.505609672398623,0,0
2020-05-28T06:00:00Z,18.170037841796898,0,348.3599853515625,95.53131150133811,3.3099243694204827,0,0
2020-05-28T07:00:00Z,18.170007324218773,0,348.3599853515625,95.12146787987412,3.7792327077255123,0,0
2020-05-28T08:00:00Z,18.159997558593773,0,348.3599853515625,94.77221720480523,4.252293389586522,0,0
2020-05-28T09:00:00Z,18.149987792968773,0,347.0899963378906,94.42092928415259,4.718950918505424,0,0
2020-05-28T10:00:00Z,19.109979248046898,60.35200119018555,347.03997802734375,92.48224258882898,4.313351059293277,0,0
2020-05-28T11:00:00Z,20.070001220703148,188.84800720214844,346.989990234375,90.47386877559454,3.9721655038622727,0,0
2020-05-28T12:00:00Z,21.029992675781273,317.28802490234375,376.7200012207031,88.41461103169779,3.73021449010867,0,0
2020-05-28T13:00:00Z,22.059991455078148,458.8410339355469,376.6600036621094,87.21545376716784,4.010111969927791,0,0
2020-05-28T14:00:00Z,23.089990234375023,598.34002685546875,376.6099853515625,85.8639914556004,4.290104855671799,0,0
2020-05-28T15:00:00Z,24.119989013671898,370.916015625,424.8699951171875,84.38214272100804,4.570098162036919,0,0
2020-05-28T16:00:00Z,24.089990234375023,402.2540283203125,424.8699951171875,84.86259870043148,5.330150015396848,0,0
2020-05-28T17:00:00Z,24.059991455078148,399.7200317382813,424.8699951171875,85.3460761747503,6.100204819202329,0,0
2020-05-28T18:00:00Z,24.029992675781273,536.8800048828125,412.3999938964844,85.82884377651612,6.870261889289292,0,0
2020-05-28T19:00:00Z,24.309991455078148,490.0860290527344,412.3899841308594,83.6472642317609,7.082824218834558,2.496000006794928e-4,0
2020-05-28T20:00:00Z,24.600000000000023,413.54400634765625,412.3800048828125,81.46698709130531,7.3079132332929655,2.496000006794928e-4,0
2020-05-28T21:00:00Z,24.880029296875023,309.1520080566406,410.1199951171875,79.39174774401891,7.525323665159622,0,0
2020-05-28T22:00:00Z,24.200006103515648,211.9200134277344,410.1499938964844,82.45781460856806,6.592192027467247,0,0
2020-05-28T23:00:00Z,23.510003662109398,117.44200897216795,410.19000244140625,85.7089517745603,5.68148730955962,0,0
2020-05-29T00:00:00Z,22.829980468750023,11.456000328063965,390.4599914550781,89.05374680569868,4.789342313779643,0,0
2020-05-29T01:00:00Z,22.029992675781273,0,390.5,91.23779929218445,4.714244409719983,0.010751999616622925,0
2020-05-29T02:00:00Z,21.230004882812523,0,390.5499877929687,93.4401136711264,4.6400968482291525,0.015119999885559081,0
2020-05-29T03:00:00Z,20.420007324218773,0,392.1199951171875,95.71516834773524,4.58795153536388,0,0
2020-05-29T04:00:00Z,20.440026855468773,0,392.1199951171875,96.01406175435913,4.7501260858716625,0,0
2020-05-29T05:00:00Z,20.459985351562523,0,392.1199951171875,96.31333696532265,4.902509427839667,0,0
2020-05-29T06:00:00Z,20.480004882812523,0,381.2699890136719,96.61019545648303,5.065816527598825,0,0
2020-05-29T07:00:00Z,20.339990234375023,0,381.2799987792969,96.73432874622034,5.0727603038254445,0,0
2020-05-29T08:00:00Z,20.200006103515648,0,381.2799987792969,96.85496559957818,5.092003477294084,0,0
2020-05-29T09:00:00Z,20.060021972656273,0,373.2099914550781,96.97370410197938,5.102861881030018,2.496000006794928e-4,0
2020-05-29T10:00:00Z,20.659997558593773,58.18000411987305,373.1799926757813,94.6940081275733,5.045572110554166,0,0
2020-05-29T11:00:00Z,21.260034179687523,179.76800537109375,373.1499938964844,92.46510814187799,4.998079726469802,0,0
2020-05-29T12:00:00Z,21.860040283203148,323.656005859375,394.0299987792969,90.2875515843804,4.960665231209703,0,0
2020-05-29T13:00:00Z,23.149987792968773,467.62200927734375,393.9599914550781,87.77508446029908,5.340908161306172,0,0
2020-05-29T14:00:00Z,24.439996337890648,609.5400390625,393.8800048828125,85.17649316177331,5.773543144876236,0,0
2020-05-29T15:00:00Z,25.730035400390648,786.43304443359375,401.1000061035156,82.51734875117864,6.25283907547844,0,0
2020-05-29T16:00:00Z,26.480004882812523,852.85906982421875,401.05999755859375,80.33766412903739,7.0793502294740724,0,0
2020-05-29T17:00:00Z,27.239984130859398,847.529052734375,401.0199890136719,78.15995900518578,7.979931005177253,0,0
2020-05-29T18:00:00Z,27.990045166015648,628.0550537109375,432.0099792480469,76.07868036948487,8.925922334407943,0,0
2020-05-29T19:00:00Z,27.799981689453148,573.50103759765625,432.0199890136719,77.22358310959672,8.770221846241979,0,0
2020-05-29T20:00:00Z,27.600030517578148,484.155029296875,432.0299987792969,78.42906626768732,8.635444208303845,0,0
2020-05-29T21:00:00Z,27.409997558593773,358.6700134277344,422.7999877929687,79.60804716257465,8.498105542878237,0,0
2020-05-29T22:00:00Z,26.540002441406273,246.2840118408203,422.8499755859375,81.27040870781714,8.204980234300145,0,0
2020-05-29T23:00:00Z,25.670037841796898,137.14401245117188,422.8999938964844,82.90722899696755,7.946804349980513,0.014937599658966065,0
2020-05-30T00:00:00Z,24.809991455078148,14.91200065612793,406.1799926757813,84.46003866297578,7.74711524755194,0.057052797317504886,0
2020-05-30T01:00:00Z,23.879998779296898,0,406.22998046875,86.57353667965168,7.297211664390245,0.002073599874973297,0
2020-05-30T02:00:00Z,22.950006103515648,0,406.28997802734375,88.67846315374005,6.85596055648602,0,0
2020-05-30T03:00:00Z,22.019982910156273,0,388.4299926757813,90.76354465132725,6.430054274073379,0,0
2020-05-30T04:00:00Z,21.749993896484398,0,388.44000244140625,91.64425535398726,6.0597853463306395,5.567999929189681e-4,0
2020-05-30T05:00:00Z,21.490045166015648,0,388.4499816894531,92.47357721428581,5.709290456662675,0.007425599813461304,0
2020-05-30T06:00:00Z,21.230004882812523,0,391.9299926757813,93.3101609460821,5.372978617568985,0.03325439929962158,0
2020-05-30T07:00:00Z,20.570001220703148,0,391.9700012207031,94.63475423583392,4.472639041037957,0.008851199626922608,0
2020-05-30T08:00:00Z,19.909997558593773,0,392.0099792480469,95.92201353799244,3.7002836325419644,0,0
2020-05-30T09:00:00Z,19.249993896484398,0,364.0699768066406,97.16928740874978,3.173089859147817,0,0
2020-05-30T10:00:00Z,19.720025634765648,59.58000183105469,364.05999755859375,90.56098389042671,3.100016033622643,0,0
2020-05-30T11:00:00Z,20.189996337890648,181.9680023193359,364.0499877929687,84.26037502811974,3.926741586398451,0,0
2020-05-30T12:00:00Z,20.649987792968773,385.5760192871094,328.8399963378906,78.30052233708712,5.2454930337582075,0,0
2020-05-30T13:00:00Z,20.850030517578148,556.623046875,328.8500061035156,73.17857107939388,5.353848868255855,0,0
2020-05-30T14:00:00Z,21.040002441406273,725.28204345703125,328.8500061035156,68.21504970026666,5.489571797603334,0,0
2020-05-30T15:00:00Z,21.230004882812523,800.758056640625,334.55999755859375,63.35430762844485,5.669426529424864,0,0
2020-05-30T16:00:00Z,21.600000000000023,868.34503173828125,334.53997802734375,61.3468605619257,5.268177919455796,0,0
2020-05-30T17:00:00Z,21.959985351562523,862.9950561523436,334.5299987792969,59.43940637240465,5.047900368775833,0,0
2020-05-30T18:00:00Z,22.329980468750023,803.51605224609375,347.07000732421875,57.552796519700806,5.045493096326582,0,0
2020-05-30T19:00:00Z,22.400018310546898,733.9580078125,347.07000732421875,56.98834078283757,4.980612412335189,0,0
2020-05-30T20:00:00Z,22.480004882812523,619.9560546875,347.07000732421875,56.394912319200245,4.940465508267536,0,0
2020-05-30T21:00:00Z,22.550042724609398,449.26702880859375,347.6199951171875,55.83876373959348,4.927413021376723,0,0
2020-05-30T22:00:00Z,21.459985351562523,309.0470275878906,347.6600036621094,60.519515433839196,4.368706580386975,0,0
2020-05-30T23:00:00Z,20.359979248046898,172.8620147705078,347.6999816894531,65.65428936060538,3.831879358088489,0,0
2020-05-31T00:00:00Z,19.269982910156273,16.064001083374023,345.8399963378906,71.21393836142389,3.3293992786585664,0,0
2020-05-31T01:00:00Z,18.100000000000023,0,345.8999938964844,72.13601235413728,3.4314426837315968,0.0015935999751091002,0
2020-05-31T02:00:00Z,16.929986572265648,0,345.9599914550781,72.8158986963382,3.6119938911334053,0,0
2020-05-31T03:00:00Z,15.760003662109398,0,304.6300048828125,73.20758399702073,3.856591625840864,0,0
2020-05-31T04:00:00Z,14.659997558593773,0,304.67999267578125,74.69968195025582,3.811823714262011,0,0
2020-05-31T05:00:00Z,13.559991455078148,0,304.739990234375,76.04258605286972,3.9388957365598527,0,0
2020-05-31T06:00:00Z,12.459985351562523,0,270.239990234375,77.21271071568128,4.222321574595409,0,0
2020-05-31T07:00:00Z,11.439996337890648,0,270.2799987792969,78.64651737349087,4.158857893396987,0,0
2020-05-31T08:00:00Z,10.420007324218773,0,270.32000732421875,79.93831788586982,4.11460798438048,0,0
2020-05-31T09:00:00Z,9.390008544921898,0,259.55999755859375,81.11527110077706,4.090195591209076,0,0
2020-05-31T10:00:00Z,10.540032958984398,70.26800537109375,259.5199890136719,76.69545260121023,4.3041491093137445,0,0
2020-05-31T11:00:00Z,11.689996337890648,212.3520050048828,259.47998046875,72.53778499108344,4.535162593740517,0,0
2020-05-31T12:00:00Z,12.839990234375023,403.9920043945313,261.9599914550781,68.6211774662803,4.806006509474064,0,0
2020-05-31T13:00:00Z,13.279992675781273,582.76202392578125,261.9599914550781,63.833735971789594,5.3159100413923746,0,0
2020-05-31T14:00:00Z,13.719995117187523,759.06201171875,261.9499816894531,59.27020342476185,5.865304824407022,0,0
2020-05-31T15:00:00Z,14.159997558593773,849.90301513671875,276.239990234375,54.91283782118809,6.429074530379096,0,0
2020-05-31T16:00:00Z,14.500024414062523,921.63201904296875,276.2200012207031,54.148558739503756,6.445168665150522,0,0
2020-05-31T17:00:00Z,14.839990234375023,916.0340576171876,276.2099914550781,53.39503091421385,6.4622750561522215,0,0
2020-05-31T18:00:00Z,15.179986572265648,726.7010498046875,309.3500061035156,52.649647224770824,6.475839614632767,0,0
2020-05-31T19:00:00Z,14.850000000000023,663.9930419921875,309.3599853515625,53.30838996408216,6.672825423244986,0,0
2020-05-31T20:00:00Z,14.529992675781273,561.13201904296875,309.3699951171875,53.94130273078555,6.879280549471293,0,0
2020-05-31T21:00:00Z,14.200006103515648,367.3670043945313,331.739990234375,54.616742896555,7.081899456547194,0,0
2020-05-31T22:00:00Z,13.090020751953148,253.1190185546875,331.78997802734375,58.12482440475618,6.52320469517283,0,0
2020-05-31T23:00:00Z,11.990045166015648,142.19700622558594,331.8299865722656,61.844244525212744,5.974880384963716,0,0
2020-06-01T00:00:00Z,10.879998779296898,18.736000061035156,331.19000244140625,65.8801763291664,5.450770304566782,0,0
2020-06-01T01:00:00Z,10.129998779296898,0,331.22998046875,68.1654525111527,4.7445335549635255,0,0
2020-06-01T02:00:00Z,9.369989013671898,0,331.2599792480469,70.58061308622183,4.040309350048427,0,0
2020-06-01T03:00:00Z,8.619989013671898,0,290.4100036621094,73.02957270938954,3.348865301575725,0,0
2020-06-01T04:00:00Z,8.140008544921898,0,290.42999267578125,74.15189454145397,3.3678626277152564,0,0
2020-06-01T05:00:00Z,7.670007324218773,0,290.4499816894531,75.23067180104874,3.3870486874348686,0,0
2020-06-01T06:00:00Z,7.190026855468773,0,265.2799987792969,76.36269541096001,3.406420439741387,0,0
2020-06-01T07:00:00Z,6.480004882812523,0,265.30999755859375,75.72895204385776,3.2067739536868545,0,0
2020-06-01T08:00:00Z,5.760003662109398,0,265.3399963378906,74.90468980112314,3.0783436845737224,0,0
2020-06-01T09:00:00Z,5.049981689453148,0,257.6000061035156,73.7705694464853,3.0334961370403053,0,0
2020-06-01T10:00:00Z,6.829980468750023,63.144004821777344,257.5299987792969,74.50341977453172,2.7296335860869094,0,0
2020-06-01T11:00:00Z,8.610040283203148,188.97601318359375,257.4499816894531,74.1767740583122,2.5868127321839833,0,0
2020-06-01T12:00:00Z,10.379998779296898,339.4720153808594,299.19000244140625,73.1017841724451,2.613235437376518,0,0
2020-06-01T13:00:00Z,11.739984130859398,496.8250122070313,299.1399841308594,66.87266254439767,3.4398401108306005,0,0
2020-06-01T14:00:00Z,13.100000000000023,636.83905029296875,299.0899963378906,61.235070538894924,4.4538185094659895,0,0
2020-06-01T15:00:00Z,14.450006103515648,844.13604736328125,286.8899841308594,56.16245704101338,5.566129508711458,0,0
2020-06-01T16:00:00Z,15.280023193359398,910.97406005859375,286.8500061035156,54.84892989245328,5.842961630435244,0,0
2020-06-01T17:00:00Z,16.109979248046898,921.0780639648436,286.82000732421875,53.532177921034624,6.120473772391489,0,0
2020-06-01T18:00:00Z,16.939996337890648,772.5800170898436,319.489990234375,52.21711151312255,6.404880764407524,0,0
2020-06-01T19:00:00Z,17.159997558593773,714.1920166015625,319.4700012207031,52.90756823406901,6.335297586245397,0,0
2020-06-01T20:00:00Z,17.379998779296898,618.052001953125,319.4599914550781,53.57294830985835,6.337041717482279,0,0
2020-06-01T21:00:00Z,17.600030517578148,462.5660095214844,326.05999755859375,54.20737314400585,6.420879766548429,0,0
2020-06-01T22:00:00Z,16.700006103515648,310.0820007324219,326.0799865722656,59.49359761967266,5.481040135932118,0,0
2020-06-01T23:00:00Z,15.809991455078148,174.93600463867188,326.1099853515625,65.20277517792736,4.544733220560088,0,0
2020-06-02T00:00:00Z,14.909997558593773,17.02400016784668,327.17999267578125,71.45343796557337,3.6084621558565693,0,0
2020-06-02T01:00:00Z,13.600000000000023,0,327.25,69.87403782916506,3.48209706929603,0,0
2020-06-02T02:00:00Z,12.290002441406273,0,327.3299865722656,67.48633611966474,3.3650704250221506,0,0
2020-06-02T03:00:00Z,10.980004882812523,0,272.7799987792969,64.13007226313637,3.238718849232554,0,0
2020-06-02T04:00:00Z,10.519982910156273,0,272.80999755859375,64.15422505413277,3.181477520861328,0,0
2020-06-02T05:00:00Z,10.049981689453148,0,272.8299865722656,64.17071416963724,3.2502461445140542,0,0
2020-06-02T06:00:00Z,9.579980468750023,0,287.75,64.1300028756289,3.420409226501035,0,0
2020-06-02T07:00:00Z,9.399987792968773,0,287.75,66.25707960802498,3.388244346686836,0,0
2020-06-02T08:00:00Z,9.230004882812523,0,287.75,68.37567793080262,3.375396279516474,0,0
2020-06-02T09:00:00Z,9.049981689453148,0,328.7699890136719,70.58977997445534,3.3627516977630516,0,0
2020-06-02T10:00:00Z,10.679986572265648,44.672000885009766,328.67999267578125,70.37764156295091,2.7228109576937745,0,0
2020-06-02T11:00:00Z,12.320001220703148,132.52000427246094,328.6000061035156,69.4777475673056,2.0909327779114246,0,0
2020-06-02T12:00:00Z,13.950006103515648,148.49600219726565,360.1199951171875,68.13777014121648,1.4681279874863014,0,0
2020-06-02T13:00:00Z,15.019982910156273,217.18101501464844,360.05999755859375,68.1835717831655,1.6954349801958917,0,0
2020-06-02T14:00:00Z,16.090020751953148,278.3110046386719,360,67.94570940419338,1.9843638051355539,0,0
2020-06-02T15:00:00Z,17.159997558593773,405.6380310058594,364.5199890136719,67.45883837327966,2.311384784261259,0,0
2020-06-02T16:00:00Z,17.739984130859398,437.7660217285156,364.5,64.38575364781249,2.8450832993995427,0.0011040000021457672,0
2020-06-02T17:00:00Z,18.309991455078148,442.6620178222656,364.47998046875,61.49922868485199,3.372506477428915,0.0026208000183105466,0
2020-06-02T18:00:00Z,18.890008544921898,519.38800048828125,370.66998291015625,58.7091454743952,3.89412360880943,1.9199998676776875e-4,0
2020-06-02T19:00:00Z,19.000024414062523,480.2740173339844,370.6600036621094,59.36258025441456,4.320185162673322,2.7839999645948397e-4,0
2020-06-02T20:00:00Z,19.119989013671898,415.8340148925781,370.6499938964844,59.963046416982515,4.776494270473821,0,0
2020-06-02T21:00:00Z,19.230004882812523,340.927001953125,373.1799926757813,60.58824650821341,5.264798078894488,0,0
2020-06-02T22:00:00Z,18.579980468750023,228.91201782226565,373.1999816894531,65.90020913152041,4.409546255050551,0,0
2020-06-02T23:00:00Z,17.930047607421898,129.6580047607422,373.2099914550781,71.56964187465044,3.557878552654217,0,0
2020-06-03T00:00:00Z,17.269982910156273,17.696001052856445,373.8399963378906,77.66592695944952,2.7131715345313445,0,0
2020-06-03T01:00:00Z,16.420037841796898,0,373.8899841308594,78.06500120368197,2.8063142793935683,0,0
2020-06-03T02:00:00Z,15.579980468750023,0,373.94000244140625,78.23909212029602,3.0771739642296003,0,0
2020-06-03T03:00:00Z,14.730004882812523,0,354.0299987792969,78.26949850295651,3.473110997362451,0,0
2020-06-03T04:00:00Z,14.279992675781273,0,354.03997802734375,83.10774050769089,3.3003785985456005,1.7279999703168864e-4,0
2020-06-03T05:00:00Z,13.839990234375023,0,354.04998779296875,88.11263017525461,3.164948509303682,0.003475199818611145,0
2020-06-03T06:00:00Z,13.390008544921898,0,368.0699768066406,93.40875176647457,3.0686315612312596,0,0
2020-06-03T07:00:00Z,13.149987792968773,0,368.0899963378906,94.41993530622516,2.9290953259595987,1.0079999640583993e-4,0
2020-06-03T08:00:00Z,12.899987792968773,0,368.1000061035156,95.50402090882011,2.836000647076694,9.215999543666839e-4,0
2020-06-03T09:00:00Z,12.659997558593773,0,345.05999755859375,96.53968349874225,2.7648145185586945,9.023999869823456e-4,0
2020-06-03T10:00:00Z,14.200006103515648,65.31200408935547,344.97998046875,94.8850699735984,2.030394054534563,0,0
2020-06-03T11:00:00Z,15.740045166015648,192.21600341796875,344.8899841308594,92.74022276346196,1.5115885435821756,0,0
2020-06-03T12:00:00Z,17.279992675781273,337.1280212402344,368.44000244140625,90.23253908756263,1.4383671027341596,0,0
2020-06-03T13:00:00Z,19.409997558593773,492.7830200195313,368.3199768066406,86.01131563302606,1.6876017962234398,0,0
2020-06-03T14:00:00Z,21.529992675781273,631.35101318359375,368.2099914550781,81.612455495066,1.9600254289756687,0,0
2020-06-03T15:00:00Z,23.649987792968773,516.2540283203125,399.4499816894531,77.11916305273736,2.247220514309869,0,0
2020-06-03T16:00:00Z,24.249993896484398,557.14703369140625,399.41998291015625,75.80280733347864,3.124051768109052,0,0
2020-06-03T17:00:00Z,24.859979248046898,563.43902587890625,399.3899841308594,74.44911414012226,4.010747881899191,0.003350399851799011,0
2020-06-03T18:00:00Z,25.460046386718773,708.69305419921875,401.1600036621094,73.14753101299868,4.901601733638332,0,0
2020-06-03T19:00:00Z,25.860040283203148,655.5260009765625,401.1499938964844,69.9144494237738,5.298792067367763,0,0
2020-06-03T20:00:00Z,26.270043945312523,567.83203125,401.1399841308594,66.7594113706611,5.735023994370663,0,0
2020-06-03T21:00:00Z,26.670007324218773,452.4690246582031,390.05999755859375,63.76082500605786,6.202330016654685,0,0
2020-06-03T22:00:00Z,25.469995117187523,304.2530212402344,390.1199951171875,67.53789670786408,5.258564441867302,0,0
2020-06-03T23:00:00Z,24.269982910156273,173.00001525878906,390.1799926757813,71.56226297150816,4.321446230145823,0.001881600022315979,0
2020-06-04T00:00:00Z,23.070001220703148,13.520000457763672,386.4700012207031,75.85150803608029,3.396483381927329,0.04943999862670898,0
2020-06-04T01:00:00Z,22.049981689453148,0,386.5299987792969,75.43244613598515,3.3094561380484437,0.01499519920349121,0
2020-06-04T02:00:00Z,21.029992675781273,0,386.6000061035156,74.65386709110778,3.232460191382731,0,0
2020-06-04T03:00:00Z,20.020043945312523,0,335.25,73.42658408865421,3.1537912723200856,0,0
2020-06-04T04:00:00Z,19.249993896484398,0,335.2799987792969,75.36519286280033,3.222483421265282,0,0
2020-06-04T05:00:00Z,18.489984130859398,0,335.32000732421875,77.28662938460333,3.326334202047221,0,0
2020-06-04T06:00:00Z,17.730035400390648,0,324.16998291015625,79.23548741260089,3.4399126560328264,0.001881600022315979,0
2020-06-04T07:00:00Z,17.279992675781273,0,324.19000244140625,79.43226927466235,3.2553033159889413,0,0
2020-06-04T08:00:00Z,16.829980468750023,0,324.2200012207031,79.58014704416706,3.074670533836063,0,0
2020-06-04T09:00:00Z,16.379998779296898,0,315.6499938964844,79.67501411711234,2.9243288832483207,0,0
2020-06-04T10:00:00Z,17.570001220703148,67.1760025024414,315.5799865722656,81.49094709860465,2.545584391198147,0.0013343999683856965,0
2020-06-04T11:00:00Z,18.760003662109398,196.29600524902344,315.5199890136719,82.66562410187386,2.182292439126643,0,0
2020-06-04T12:00:00Z,19.950036621093773,376.72802734375,337.489990234375,83.29253597956777,1.8461039194641413,0,0
2020-06-04T13:00:00Z,21.659997558593773,550.39501953125,337.41998291015625,76.23745748165224,2.05934445883256,0,0
2020-06-04T14:00:00Z,23.369989013671898,705.00103759765625,337.3500061035156,69.8453327959639,2.356819776132361,0,0
2020-06-04T15:00:00Z,25.079980468750023,789.237060546875,366.3800048828125,64.05019190600898,2.704163456597992,0,0
2020-06-04T16:00:00Z,25.779992675781273,851.76806640625,366.3500061035156,62.40355747314213,3.493222048645518,0,0
2020-06-04T17:00:00Z,26.489984130859398,861.4940185546875,366.30999755859375,60.75796237822721,4.382077054137159,0,0
2020-06-04T18:00:00Z,27.200006103515648,815.114013671875,377.19000244140625,59.15216058901429,5.309698638087108,0,0
2020-06-04T19:00:00Z,27.329980468750023,754.18701171875,377.1799926757813,59.87343096725001,5.748573547263085,0,0
2020-06-04T20:00:00Z,27.469995117187523,653.59002685546875,377.16998291015625,60.546181132016024,6.196490804099818,0,0
2020-06-04T21:00:00Z,27.609979248046898,515.86505126953125,368.1499938964844,61.20223847451394,6.655411274537879,0,0
2020-06-04T22:00:00Z,26.369989013671898,347.405029296875,368.19000244140625,66.65193305767296,5.57391238393316,0,0
2020-06-04T23:00:00Z,25.129998779296898,198.25601196289065,368.239990234375,72.62405109971252,4.488028341404447,0,0
2020-06-05T00:00:00Z,23.890008544921898,24.224000930786133,356.6099853515625,79.17296670067967,3.408650682832903,0,0
2020-06-05T01:00:00Z,22.799981689453148,0,356.66998291015625,79.77043544514586,3.4539832257811653,3.1679999828338606e-4,0
2020-06-05T02:00:00Z,21.710046386718773,0,356.72998046875,80.10704665737713,3.5076629482818613,9.119999706745148e-4,0
2020-06-05T03:00:00Z,20.620019531250023,0,367.8999938964844,80.13141974812851,3.5693136688664957,0.0017664000391960145,0
2020-06-05T04:00:00Z,20.380029296875023,0,367.9100036621094,82.58173304076182,3.3892328187839498,1.535999961197376e-4,0
2020-06-05T05:00:00Z,20.140008544921898,0,367.9100036621094,85.0918771902803,3.210062258791041,1.9199999514967202e-5,0
2020-06-05T06:00:00Z,19.899987792968773,0,376.6600036621094,87.66024449043377,3.0522121359474497,0.0021311999559402465,0
2020-06-05T07:00:00Z,19.640008544921898,0,376.66998291015625,89.22657863642223,2.996080650649103,0.0037535998821258544,0
2020-06-05T08:00:00Z,19.379998779296898,0,376.6799926757813,90.82020042407409,2.944163662608134,0.0011327999532222746,0
2020-06-05T09:00:00Z,19.119989013671898,0,368.4599914550781,92.44465745055709,2.8938728484407372,0,0
2020-06-05T10:00:00Z,20.109979248046898,57.24800109863281,368.3999938964844,91.93773385121482,2.807774809841771,3.839999735355377e-4,0
2020-06-05T11:00:00Z,21.109979248046898,166.2080078125,368.3500061035156,91.13636480304311,2.7197794230865036,2.6879999041557313e-4,0
2020-06-05T12:00:00Z,22.109979248046898,316.9840087890625,387.75,90.13204636071104,2.644862877693271,3.83999990299344e-5,0
2020-06-05T13:00:00Z,23.420037841796898,462.89703369140625,387.69000244140625,84.33609611212431,3.28161537911742,0,0
2020-06-05T14:00:00Z,24.720025634765648,592.822998046875,387.6300048828125,79.00584379677754,3.99011268212813,0,0
2020-06-05T15:00:00Z,26.019982910156273,731.56304931640625,394.75,74.04795247846204,4.743184493180986,0,0
2020-06-05T16:00:00Z,26.579980468750023,789.55804443359375,394.7200012207031,72.28395626724935,5.425541329162193,0,0
2020-06-05T17:00:00Z,27.129998779296898,798.67401123046875,394.69000244140625,70.60579920785287,6.1442003994113215,0,0
2020-06-05T18:00:00Z,27.679986572265648,732.07000732421875,410.489990234375,68.96940746003047,6.881220365787916,0,0
2020-06-05T19:00:00Z,27.749993896484398,677.54901123046875,410.47998046875,69.49294198892103,6.788519730094702,0,0
2020-06-05T20:00:00Z,27.820001220703148,587.45001220703125,410.47998046875,70.01108220664787,6.698551846645189,0,0
2020-06-05T21:00:00Z,27.879998779296898,429.7760314941406,424.75,70.5639249936702,6.615511916774849,0,0
2020-06-05T22:00:00Z,27.019982910156273,289.8280029296875,424.7799987792969,74.50675318582535,5.856568733962297,0,0
2020-06-05T23:00:00Z,26.170007324218773,165.97900390625,424.8199768066406,78.64858489208954,5.105291413032885,0,0
2020-06-06T00:00:00Z,25.309991455078148,28.128002166748047,395.97998046875,83.09361915176888,4.378549810685336,0,0
2020-06-06T01:00:00Z,24.079980468750023,0,396.0499877929687,85.81414049256445,3.9187879795503386,0,0
2020-06-06T02:00:00Z,22.839990234375023,0,396.1099853515625,88.56561913529278,3.4999999046325687,0,0
2020-06-06T03:00:00Z,21.609979248046898,0,360.41998291015625,91.21901932867226,3.1255400070537194,0,0
2020-06-06T04:00:00Z,21.070001220703148,0,360.4499816894531,92.00332432089895,3.1234756282523017,0,0
2020-06-06T05:00:00Z,20.519982910156273,0,360.47998046875,92.80748444927356,3.1622300534590035,0,0
2020-06-06T06:00:00Z,19.980004882812523,0,347.4499816894531,93.5128729939351,3.228931564649014,0,0
2020-06-06T07:00:00Z,19.689996337890648,0,347.4599914550781,93.8682990331196,3.580223296090455,0,0
2020-06-06T08:00:00Z,19.390008544921898,0,347.47998046875,94.26965295810876,3.9381465948324377,0,0
2020-06-06T09:00:00Z,19.100000000000023,0,347.5799865722656,94.5955444880698,4.302940717885856,0,0
2020-06-06T10:00:00Z,20.339990234375023,67.14400482177734,347.5199890136719,93.00348504287213,3.8676218947451813,0,0
2020-06-06T11:00:00Z,21.579980468750023,193.84800720214844,347.4499816894531,91.17897681058672,3.4698846212163232,0,0
2020-06-06T12:00:00Z,22.820001220703148,367.864013671875,373.6300048828125,89.16859510045218,3.0979347106230266,0,0
2020-06-06T13:00:00Z,24.329980468750023,536.9930419921875,373.55999755859375,82.45167623054348,3.203903859418281,0,0
2020-06-06T14:00:00Z,25.850000000000023,687.613037109375,373.5,76.25350426881543,3.484852894164389,0,0
2020-06-06T15:00:00Z,27.369989013671898,712.8260498046875,399.97998046875,70.57267414131796,3.880618422814926,0,0
2020-06-06T16:00:00Z,27.350000000000023,769.384033203125,399.989990234375,69.1037454198409,4.250705614305711,0,0
2020-06-06T17:00:00Z,27.340020751953148,778.3480224609375,399.989990234375,67.59211160969978,4.621958363279661,0.0014975999593734742,0
2020-06-06T18:00:00Z,27.320001220703148,715.4200439453125,403.1799926757813,66.12010772781456,5.006006162270063,8.447999954223633e-4,0
2020-06-06T19:00:00Z,27.239984130859398,662.33203125,403.1999816894531,64.19751664786494,5.422194991861507,0,0
2020-06-06T20:00:00Z,27.159997558593773,574.51904296875,403.2099914550781,62.25771134102911,5.999083209011228,0,0
2020-06-06T21:00:00Z,27.070001220703148,421.5870056152344,396.1000061035156,60.334092660906734,6.698484934328101,0,0
2020-06-06T22:00:00Z,25.589990234375023,284.6960144042969,396.16998291015625,63.701484288269356,5.821039108738732,0,0
2020-06-06T23:00:00Z,24.100000000000023,163.59201049804688,396.25,67.27185506750799,5.066280435338482,0,0
2020-06-07T00:00:00Z,22.609979248046898,24.064001083374023,318.54998779296875,71.0080926577395,4.476293084289583,0,0
2020-06-07T01:00:00Z,20.409997558593773,0,318.6600036621094,72.59634081161953,4.421085723853492,0,0
2020-06-07T02:00:00Z,18.209985351562523,0,318.7599792480469,73.24824598564376,4.412629446146348,0,0
2020-06-07T03:00:00Z,16.010003662109398,0,293.30999755859375,72.60594979680006,4.434241477671226,0,0
2020-06-07T04:00:00Z,14.989984130859398,0,293.3500061035156,74.76969984291004,4.288822537961995,0,0
2020-06-07T05:00:00Z,13.969995117187523,0,293.3899841308594,76.92708425573963,4.147987454438619,0,0
2020-06-07T06:00:00Z,12.939996337890648,0,285.8800048828125,79.11565757693403,4.003560776885328,0,0
2020-06-07T07:00:00Z,12.519982910156273,0,285.8899841308594,80.28631814467929,3.936051298391607,0,0
2020-06-07T08:00:00Z,12.100030517578148,0,285.9100036621094,81.46170060125672,3.879845235898888,0,0
2020-06-07T09:00:00Z,11.689996337890648,0,291.4100036621094,82.59542286636174,3.8256241226382253,0,0
2020-06-07T10:00:00Z,13.159997558593773,69.52799987792969,291.3399963378906,81.76664169334491,4.026474831766189,0,0
2020-06-07T11:00:00Z,14.620019531250023,199.7360076904297,291.2699890136719,80.50935581691114,4.252293389586522,0,0
2020-06-07T12:00:00Z,16.090020751953148,379.2160034179687,302.8800048828125,78.82540968942781,4.49672103650078,0,0
2020-06-07T13:00:00Z,16.960046386718773,553.37005615234375,302.8500061035156,73.453871811171,5.252808741229404,0,0
2020-06-07T14:00:00Z,17.820001220703148,708.51702880859375,302.82000732421875,68.50871445436732,6.042060550710505,0,0
2020-06-07T15:00:00Z,18.680047607421898,836.3670654296875,315.07000732421875,63.900532469668924,6.842696623536414,0,0
2020-06-07T16:00:00Z,19.230035400390648,902.8050537109376,315.03997802734375,62.659244029659085,6.559161534674706,0,0
2020-06-07T17:00:00Z,19.779992675781273,913.447021484375,315.0199890136719,61.43604361822384,6.375303696373461,0,0
2020-06-07T18:00:00Z,20.330041503906273,794.60504150390625,335.29998779296875,60.23003644987427,6.3029196341727864,0,0
2020-06-07T19:00:00Z,20.300042724609398,735.873046875,335.29998779296875,60.88192109578672,5.9869523298775205,0,0
2020-06-07T20:00:00Z,20.269982910156273,638.5660400390625,335.29998779296875,61.534435087158755,5.679480551453216,0,0
2020-06-07T21:00:00Z,20.239984130859398,418.04302978515625,363.6499938964844,62.18656091809768,5.363589927366828,0,0
2020-06-07T22:00:00Z,19.140008544921898,282.6590270996094,363.6999816894531,66.64195217749199,5.114938726738706,0,0
2020-06-07T23:00:00Z,18.049981689453148,162.9510040283203,363.739990234375,71.40990786752974,4.876474181074908,0,0
2020-06-08T00:00:00Z,16.950006103515648,25.16800117492676,315.1999816894531,76.60715808359794,4.67247268456506,0,0
2020-06-08T01:00:00Z,15.390008544921898,0,315.2799987792969,76.15884489547042,4.435898850624989,0,0
2020-06-08T02:00:00Z,13.829980468750023,0,315.3599853515625,74.81601471772495,4.200190275105607,0,0
2020-06-08T03:00:00Z,12.260003662109398,0,289.739990234375,72.42266118633347,3.9686899450369055,0,0
2020-06-08T04:00:00Z,11.730004882812523,0,289.7699890136719,73.61123667658026,3.9408753649975585,0,0
2020-06-08T05:00:00Z,11.189996337890648,0,289.7900085449219,74.84736705835164,3.906366504341725,0,0
2020-06-08T06:00:00Z,10.649987792968773,0,283.79998779296875,76.08944016124862,3.8913365000746274,0,0
2020-06-08T07:00:00Z,10.269982910156273,0,283.80999755859375,76.99309472726718,3.8268784940442946,0,0
2020-06-08T08:00:00Z,9.899987792968773,0,283.8299865722656,77.84336687971127,3.7895776365103515,0,0
2020-06-08T09:00:00Z,9.519982910156273,0,282.22998046875,78.74668636880037,3.7606515285170583,0,0
2020-06-08T10:00:00Z,11.189996337890648,71,282.1499938964844,79.03560698096086,3.4130337596322358,0,0
2020-06-08T11:00:00Z,12.859979248046898,203.1120147705078,282.07000732421875,78.47763280584526,3.073759891452209,0,0
2020-06-08T12:00:00Z,14.529992675781273,381.31201171875,297.3800048828125,77.25638706764921,2.732215191411629,0,0
2020-06-08T13:00:00Z,16.010003662109398,556.28704833984375,297.3299865722656,69.0368819743744,3.525067211267897,0,0
2020-06-08T14:00:00Z,17.489984130859398,712.18902587890625,297.2799987792969,61.747979233287786,4.371040930980273,0,0
2020-06-08T15:00:00Z,18.969995117187523,838.7510375976564,312.16998291015625,55.268923932731234,5.255473270700688,0,0
2020-06-08T16:00:00Z,19.629998779296898,905.43206787109375,312.1300048828125,55.76044467645282,4.807670798835884,0,0
2020-06-08T17:00:00Z,20.290002441406273,916.21905517578125,312.1000061035156,56.127946345185784,4.490311809027098,0,0
2020-06-08T18:00:00Z,20.939996337890648,856.64306640625,326.91998291015625,56.414165996502106,4.320474436699885,0,0
2020-06-08T19:00:00Z,21.230004882812523,793.53302001953125,326.8999938964844,56.81841791534631,4.135698184996879,0,0
2020-06-08T20:00:00Z,21.510003662109398,688.9150390625,326.8899841308594,57.22555384972516,3.976191576900554,0,0
2020-06-08T21:00:00Z,21.799981689453148,502.33001708984375,340.7099914550781,57.571193826419446,3.815258774461526,0,0
2020-06-08T22:00:00Z,20.790002441406273,340.0730285644531,340.75,62.70224272652012,3.35828810448556,0,0
2020-06-08T23:00:00Z,19.779992675781273,196.64801025390625,340.7799987792969,68.28512483179003,2.9220540782864304,0,0
2020-06-09T00:00:00Z,18.780023193359398,33.84000015258789,317.9499816894531,74.32313046379487,2.4890560324106525,0,0
2020-06-09T01:00:00Z,17.700006103515648,0,318.0099792480469,70.72708104261872,2.590231545658608,0,0
2020-06-09T02:00:00Z,16.620019531250023,0,318.0799865722656,66.27397324555962,2.704144963918472,0,0
2020-06-09T03:00:00Z,15.549981689453148,0,299.3999938964844,60.80978054976794,2.8324016847576137,0,0
2020-06-09T04:00:00Z,15.420007324218773,0,299.3999938964844,59.80897860650222,2.452468081994745,0,0
2020-06-09T05:00:00Z,15.290002441406273,0,299.4100036621094,58.787909955005254,2.140093370120892,0,0
2020-06-09T06:00:00Z,15.160028076171898,0,308.239990234375,57.749138153066056,1.9446593143627984,0,0
2020-06-09T07:00:00Z,14.929986572265648,0,308.239990234375,59.69409581010591,2.1029740958185186,0,0
2020-06-09T08:00:00Z,14.709985351562523,0,308.25,61.64662890988792,2.2707047821569124,0,0
2020-06-09T09:00:00Z,14.480004882812523,0,343.6499938964844,63.68603532281062,2.4340294575330987,0,0
2020-06-09T10:00:00Z,15.799981689453148,61.612003326416016,343.57000732421875,66.49010239732834,2.2118318579657554,0,0
2020-06-09T11:00:00Z,17.109979248046898,175.6320037841797,343.489990234375,68.49844061254143,2.064945481067894,0,0
2020-06-09T12:00:00Z,18.420007324218773,338.7920227050781,362.9700012207031,69.8005742489605,2.001799207545404,0,0
2020-06-09T13:00:00Z,20.089990234375023,494.14501953125,362.8899841308594,66.95758995294227,2.4003333453105262,0,0
2020-06-09T14:00:00Z,21.749993896484398,632.613037109375,362.7999877929687,64.09645096359412,2.7965156366077193,0,0
2020-06-09T15:00:00Z,23.420007324218773,813.27301025390625,367.6199951171875,61.18014194687423,3.193555897855552,0,0
2020-06-09T16:00:00Z,24.369989013671898,878.02703857421875,367.55999755859375,61.58139621447326,3.6404944651765563,0,0
2020-06-09T17:00:00Z,25.320001220703148,888.592041015625,367.5099792480469,61.76170935480283,4.080649353132293,0,0
2020-06-09T18:00:00Z,26.270043945312523,836.56103515625,378.4299926757813,61.74661363522772,4.526212396894807,0,0
2020-06-09T19:00:00Z,26.540002441406273,775.1680297851564,378.4100036621094,62.65124761720926,4.369553583975754,0,0
2020-06-09T20:00:00Z,26.809991455078148,673.21600341796875,378.3899841308594,63.51122751521695,4.215447613127852,0,0
2020-06-09T21:00:00Z,27.070001220703148,516.9100341796875,379.69000244140625,64.36453557426192,4.08251135825115,0,0
2020-06-09T22:00:00Z,26.129998779296898,350.3910217285156,379.7200012207031,69.20266207060273,3.5285406085003768,0,0
2020-06-09T23:00:00Z,25.179986572265648,203.19500732421875,379.7599792480469,74.45693960163165,3.064441090539631,0,0
2020-06-10T00:00:00Z,24.239984130859398,22.304000854492188,360.4299926757813,80.07714611747072,2.764489111549268,0,0
2020-06-10T01:00:00Z,23.339990234375023,0,360.489990234375,77.75006133609308,2.7085789574460426,0,0
2020-06-10T02:00:00Z,22.439996337890648,0,360.5499877929687,74.91369358569415,2.665426766648409,0,0
2020-06-10T03:00:00Z,21.540032958984398,0,351.41998291015625,71.51330050559464,2.62392836494692,0,0
2020-06-10T04:00:00Z,20.930047607421898,0,351.4499816894531,74.10080094760174,2.8621669472253126,0,0
2020-06-10T05:00:00Z,20.309991455078148,0,351.4700012207031,76.84542263300345,3.114642699723091,0,0
2020-06-10T06:00:00Z,19.700006103515648,0,348.79998779296875,79.65346818040315,3.381552728170507,0,0
2020-06-10T07:00:00Z,19.420007324218773,0,348.80999755859375,81.23110840721378,3.282834008104189,0,0
2020-06-10T08:00:00Z,19.129998779296898,0,348.82000732421875,82.89677481264144,3.189874527677392,0,0
2020-06-10T09:00:00Z,18.850000000000023,0,352.6000061035156,84.54844607393167,3.1053662966467397,0,0
2020-06-10T10:00:00Z,20.149987792968773,67.9280014038086,352.5299987792969,86.09492761593941,2.858478521150916,0,0
2020-06-10T11:00:00Z,21.459985351562523,193.0640106201172,352.4499816894531,86.88467332110277,2.6907246379590997,0,0
2020-06-10T12:00:00Z,22.760003662109398,332.52801513671875,384.72998046875,87.1356004224276,2.605782019938784,0,0
2020-06-10T13:00:00Z,23.920007324218773,484.9430236816406,384.6600036621094,85.62314641308205,3.1595727580706505,0,0
2020-06-10T14:00:00Z,25.070031738281273,620.80303955078125,384.6000061035156,84.00092630953239,3.7232376525239803,0,0
2020-06-10T15:00:00Z,26.230004882812523,729.47406005859375,417.1999816894531,82.19745589224053,4.2928893217672055,0,0
2020-06-10T16:00:00Z,27.160028076171898,787.6220092773436,417.1399841308594,82.64851177234706,5.396378404434077,0,0
2020-06-10T17:00:00Z,28.100030517578148,797.2470092773436,417.0799865722656,82.78443838466497,6.494689833302864,0,0
2020-06-10T18:00:00Z,29.029992675781273,721.58905029296875,433.3299865722656,82.73476437503246,7.604642930498453,0,0
2020-06-10T19:00:00Z,28.879998779296898,668.7860107421875,433.3399963378906,82.68487784884029,7.756319778337534,0,0
2020-06-10T20:00:00Z,28.739984130859398,581.0989990234375,433.3499755859375,82.57928000038365,7.905472643244616,0,0
2020-06-10T21:00:00Z,28.589990234375023,458.041015625,417.7999877929687,82.51669778295675,8.055464005404598,0,0
2020-06-10T22:00:00Z,27.589990234375023,310.8160095214844,417.8499755859375,84.92764387843803,7.90626311356132,7.007999718189237e-4,0
2020-06-10T23:00:00Z,26.600030517578148,180.73800659179688,417.9100036621094,87.30822360194055,7.765217151417994,0,0
2020-06-11T00:00:00Z,25.600000000000023,20.928001403808594,383.30999755859375,89.7492007704714,7.652300354460368,0,0
2020-06-11T01:00:00Z,24.489984130859398,0,383.3800048828125,91.5012064342776,7.188504570817792,0,0
2020-06-11T02:00:00Z,23.369989013671898,0,383.44000244140625,93.16505356646155,6.76053980678172,0,0
2020-06-11T03:00:00Z,22.260003662109398,0,387.4499816894531,94.59901451987002,6.352015131956984,0,0
2020-06-11T04:00:00Z,21.989984130859398,0,387.4599914550781,94.78316724047536,5.998908054259234,0,0
2020-06-11T05:00:00Z,21.720025634765648,0,387.47998046875,94.95026785409806,5.7050588377577345,0.009935999393463135,0
2020-06-11T06:00:00Z,21.460046386718773,0,409.3299865722656,95.03958829252191,5.506041906475336,0.033177597999572754,0
2020-06-11T07:00:00Z,21.420007324218773,0,409.3299865722656,95.0279513541973,5.948083782299745,0.04287839984893799,0
2020-06-11T08:00:00Z,21.390008544921898,0,409.3299865722656,94.96072076281244,6.393128990480135,0.00101759997010231,0
2020-06-11T09:00:00Z,21.350000000000023,0,412.1300048828125,94.948670264875,6.850729792677135,0.003523199915885925,0
2020-06-11T10:00:00Z,21.820031738281273,32.428001403808594,412.0999755859375,93.76640880357341,7.057053222622043,0.012038399219512939,0
2020-06-11T11:00:00Z,22.280023193359398,91.96800231933594,412.0699768066406,92.64215429792971,7.443339147636661,0.04846079635620117,0
2020-06-11T12:00:00Z,22.749993896484398,202.9840087890625,422.3999938964844,91.4620022776953,7.965707732856352,0.008083199501037598,0
2020-06-11T13:00:00Z,22.900018310546898,295.9830017089844,422.3899841308594,91.15611580402451,7.747392877956482,0.04294079875946045,0
2020-06-11T14:00:00Z,23.049981689453148,378.9200134277344,422.3800048828125,90.8489871473023,7.60285468079805,0.0664031982421875,0
2020-06-11T15:00:00Z,23.210046386718773,523.3890380859375,415.3999938964844,90.48292406097924,7.540722514603735,0.004963199973106384,0
2020-06-11T16:00:00Z,23.779992675781273,565.15899658203125,415.3699951171875,87.99872837461949,7.114000315454115,0,0
2020-06-11T17:00:00Z,24.350030517578148,572.14404296875,415.3399963378906,85.5896475891787,6.751925427588304,0.015254399299621583,0
2020-06-11T18:00:00Z,24.920007324218773,592.7239990234375,412.6300048828125,83.254485084879,6.456291209588833,0.0024479999542236326,0
2020-06-11T19:00:00Z,25.200036621093773,549.498046875,412.6199951171875,82.16045418953561,6.074644117661112,0,0
2020-06-11T20:00:00Z,25.469995117187523,477.6370239257813,412.6099853515625,81.13088416565007,5.713440086849478,0,0
2020-06-11T21:00:00Z,25.739984130859398,320.5890197753906,422.3299865722656,80.11713904305529,5.387698934577415,0,0
2020-06-11T22:00:00Z,25.290002441406273,217.7800140380859,422.3399963378906,82.97362572666314,4.834397657680371,0,0
2020-06-11T23:00:00Z,24.829980468750023,126.98700714111328,422.3599853515625,85.98763788969589,4.284915349039607,0,0
2020-06-12T00:00:00Z,24.380029296875023,22.288000106811523,409.3599853515625,89.05970039972205,3.7711537046343064,0,0
2020-06-12T01:00:00Z,23.429986572265648,0,409.41998291015625,90.089098310562,3.2435936379792154,0,0
2020-06-12T02:00:00Z,22.489984130859398,0,409.47998046875,90.89284580595995,2.8010354659263803,0,0
2020-06-12T03:00:00Z,21.540002441406273,0,359.91998291015625,91.55627748755758,2.5228751868931365,0,0
2020-06-12T04:00:00Z,20.929986572265648,0,359.9499816894531,90.82424488104273,2.620572503662886,0,0
2020-06-12T05:00:00Z,20.309991455078148,0,359.989990234375,89.96772653465041,2.8025167187371554,0,0
2020-06-12T06:00:00Z,19.700006103515648,0,325.54998779296875,88.85695084018668,3.053686248855165,0,0
2020-06-12T07:00:00Z,19.010003662109398,0,325.5899963378906,88.96416528233509,3.0030817600753554,0,0
2020-06-12T08:00:00Z,18.330041503906273,0,325.6300048828125,88.86696457681282,3.014796670356803,0,0
2020-06-12T09:00:00Z,17.640008544921898,0,318.9100036621094,88.6595286354769,3.1011125795514767,0,0
2020-06-12T10:00:00Z,18.739984130859398,70.7280044555664,318.8599853515625,88.1132686826973,2.9473038127227618,0,0
2020-06-12T11:00:00Z,19.839990234375023,200.25601196289065,318.79998779296875,87.28484152021063,2.814551508191091,0,0
2020-06-12T12:00:00Z,20.929986572265648,383.8000183105469,319.2799987792969,86.26899359287717,2.6910591483138386,0,0
2020-06-12T13:00:00Z,21.640008544921898,559.63702392578125,319.2699890136719,76.4282135183708,3.3963804296749385,0,0
2020-06-12T14:00:00Z,22.350000000000023,716.47003173828125,319.2599792480469,67.29806481169418,4.124293797493224,0,0
2020-06-12T15:00:00Z,23.059991455078148,838.22503662109375,330.5099792480469,58.827970984491195,4.873776817805671,0,0
2020-06-12T16:00:00Z,23.339990234375023,905.258056640625,330.5,57.215541361968135,4.909266552529231,0,0
2020-06-12T17:00:00Z,23.619989013671898,916.571044921875,330.489990234375,55.643954052363604,5.047385461475062,0,0
2020-06-12T18:00:00Z,23.909997558593773,825.2040405273436,345.5,54.079427827729084,5.28008495955658,0,0
2020-06-12T19:00:00Z,23.890039062500023,765.2470092773436,345.5,54.38620388156207,5.229799021475227,0,0
2020-06-12T20:00:00Z,23.880029296875023,665.384033203125,345.5,54.65932286645246,5.204613187838311,0,0
2020-06-12T21:00:00Z,23.869989013671898,406.4860229492187,382.6199951171875,54.93428366286916,5.202970206364355,0,0
2020-06-12T22:00:00Z,22.829980468750023,276.427001953125,382.6600036621094,60.77887552158986,4.507083142274612,0,0
2020-06-12T23:00:00Z,21.800042724609398,161.5540008544922,382.69000244140625,67.1452960812616,3.812413923261159,0,0
2020-06-13T00:00:00Z,20.760034179687523,24.75200080871582,372.5799865722656,74.16848441267553,3.12968039729988,0,0
2020-06-13T01:00:00Z,19.659997558593773,0,372.6499938964844,73.54859713079742,2.886468367115994,0,0
2020-06-13T02:00:00Z,18.550042724609398,0,372.7200012207031,72.53362448751204,3.073759891452209,0,0
2020-06-13T03:00:00Z,17.450006103515648,0,353.04998779296875,70.96559001520323,3.6187566292130504,0,0
2020-06-13T04:00:00Z,16.420007324218773,0,353.1099853515625,72.25897602044418,3.6978911776728944,0,0
2020-06-13T05:00:00Z,15.380029296875023,0,353.1600036621094,73.47633775395737,3.975286009185742,0,0
2020-06-13T06:00:00Z,14.350030517578148,0,303.3399963378906,74.49844818680826,4.420282872638409,0,0
2020-06-13T07:00:00Z,12.739984130859398,0,303.4100036621094,77.30938620387849,4.202677526904125,0,0
2020-06-13T08:00:00Z,11.129998779296898,0,303.47998046875,79.90435719480013,3.9785047721733497,0,0
2020-06-13T09:00:00Z,9.519982910156273,0,267.1300048828125,82.18841380302749,3.7672403678079807,0,0
2020-06-13T10:00:00Z,10.540002441406273,72.17200469970703,267.0899963378906,78.44302646884147,4.228486535152609,0,0
2020-06-13T11:00:00Z,11.549981689453148,204.15200805664065,267.05999755859375,74.92484723089052,4.679925082566877,0,0
2020-06-13T12:00:00Z,12.559991455078148,382.5680236816406,279.7699890136719,71.57000838760428,5.1435101548705955,0,0
2020-06-13T13:00:00Z,13.390008544921898,557.86004638671875,279.72998046875,69.77021818383656,5.425605634011672,0,0
2020-06-13T14:00:00Z,14.219995117187523,714.23504638671875,279.6999816894531,67.97796368677506,5.713186173328012,0,0
2020-06-13T15:00:00Z,15.040002441406273,808.14703369140625,307.03997802734375,66.24511593762247,6.005463857689217,0,0
2020-06-13T16:00:00Z,15.650018310546898,872.8780517578125,307.0099792480469,65.99351839739813,5.680818360956064,0,0
2020-06-13T17:00:00Z,16.249993896484398,883.93206787109375,306.97998046875,65.71110566419001,5.360037179860653,0,0
2020-06-13T18:00:00Z,16.850000000000023,716.54400634765625,347.4100036621094,65.36730724147371,5.053355025359805,0,0
2020-06-13T19:00:00Z,16.929986572265648,664.65106201171875,347.3999938964844,66.21790604567101,4.735535615699491,0,0
2020-06-13T20:00:00Z,16.999993896484398,578.14105224609375,347.3999938964844,67.09869610825582,4.430045114141108,0,0
2020-06-13T21:00:00Z,17.070001220703148,451.0210266113281,345.9599914550781,67.96794705488574,4.128013799874863,0,0
2020-06-13T22:00:00Z,16.339990234375023,307.0060119628906,345.989990234375,72.23087012352825,3.501785064936758,0,0
2020-06-13T23:00:00Z,15.600000000000023,179.8380126953125,346.0199890136719,76.81750487790913,2.8876459760737556,0,0
2020-06-14T00:00:00Z,14.869989013671898,33.055999755859375,320.9599914550781,81.6448693338075,2.32697221458639,0,0
2020-06-14T01:00:00Z,13.450006103515648,0,321.0299987792969,82.62742072160327,2.6422149038579987,0,0
2020-06-14T02:00:00Z,12.040002441406273,0,321.1000061035156,83.02312753281744,3.004163682916742,0,0
2020-06-14T03:00:00Z,10.619989013671898,0,310.94000244140625,82.81171436646011,3.3863991373536884,0,0
2020-06-14T04:00:00Z,10.290002441406273,0,310.9599914550781,83.80066758849262,3.611675480633942,0,0
2020-06-14T05:00:00Z,9.959985351562523,0,310.9700012207031,84.79892715499362,3.838033370312746,0,0
2020-06-14T06:00:00Z,9.629998779296898,0,315.5,85.8027971526412,4.0652919721909875,0,0
2020-06-14T07:00:00Z,9.380029296875023,0,315.5099792480469,86.25970010583373,3.9304069863768425,0,0
2020-06-14T08:00:00Z,9.140008544921898,0,315.5199890136719,86.65484412666687,3.8104723638666873,0,0
2020-06-14T09:00:00Z,8.899987792968773,0,324.0099792480469,87.04063880781389,3.6876551089493748,0,0
2020-06-14T10:00:00Z,9.980004882812523,57.224002838134766,323.9599914550781,83.45986690737344,3.9051887177695224,0,0
2020-06-14T11:00:00Z,11.049981689453148,161.80801391601565,323.9100036621094,80.05596032571663,4.141617989084544,0,0
2020-06-14T12:00:00Z,12.129998779296898,301.61602783203125,333.7799987792969,76.71270876387096,4.36986252851111,0,0
2020-06-14T13:00:00Z,13.189996337890648,439.8500061035156,333.739990234375,73.18005916943484,4.208966602782502,0,0
2020-06-14T14:00:00Z,14.249993896484398,563.2010498046875,333.69000244140625,69.81071524918164,4.044774393549578,0,0
2020-06-14T15:00:00Z,15.299981689453148,637.50604248046875,356.239990234375,66.64408367069012,3.8870296464804728,0,0
2020-06-14T16:00:00Z,15.899987792968773,688.64605712890625,356.1999816894531,67.47363054335858,3.2999696029650294,0,0
2020-06-14T17:00:00Z,16.500024414062523,697.49505615234375,356.16998291015625,68.15545103725009,2.775463892301022,0,0
2020-06-14T18:00:00Z,17.100000000000023,697.71002197265625,360.78997802734375,68.70139636067871,2.3544000789237267,0,0
2020-06-14T19:00:00Z,17.590020751953148,647.33502197265625,360.7699890136719,68.67013040644532,2.3596820375149217,0,0
2020-06-14T20:00:00Z,18.070001220703148,563.27105712890625,360.739990234375,68.62326162531456,2.3748894680603874,0,0
2020-06-14T21:00:00Z,18.559991455078148,452.81201171875,357.2599792480469,68.47568066261296,2.418139686539875,0,0
2020-06-14T22:00:00Z,17.879998779296898,308.52801513671875,357.28997802734375,73.92719714428094,2.0867677861560874,0,0
2020-06-14T23:00:00Z,17.189996337890648,181.1300048828125,357.30999755859375,79.79510058029001,1.7613914940272728,0,0
2020-06-15T00:00:00Z,16.510003662109398,30.864002227783203,352.6199951171875,86.01155219857992,1.450137852949836,0,0
2020-06-15T01:00:00Z,15.860040283203148,0,352.6600036621094,84.21131631288752,1.4578408643328418,0,0
2020-06-15T02:00:00Z,15.210046386718773,0,352.6999816894531,82.10162536207814,1.6065490541487233,0,0
2020-06-15T03:00:00Z,14.559991455078148,0,343.6499938964844,79.66021238792288,1.855262787448295,0,0
2020-06-15T04:00:00Z,14.109979248046898,0,343.66998291015625,81.72051661141742,2.1181595130600726,0,0
2020-06-15T05:00:00Z,13.659997558593773,0,343.69000244140625,83.84115900698588,2.397748906855712,0,0
2020-06-15T06:00:00Z,13.219995117187523,0,336.3699951171875,85.96573836923957,2.6976470045985805,0,0
2020-06-15T07:00:00Z,12.870019531250023,0,336.3899841308594,86.55371717954861,2.6457890386843568,0,0
2020-06-15T08:00:00Z,12.519982910156273,0,336.4100036621094,87.1263139215092,2.5949373581662836,0,0
2020-06-15T09:00:00Z,12.170007324218773,0,324.47998046875,87.68178351458623,2.5399407709905573,0,0
2020-06-15T10:00:00Z,13.459985351562523,66.7760009765625,324.41998291015625,84.09061611624877,3.0116107728673,0,0
2020-06-15T11:00:00Z,14.739984130859398,188.87200927734375,324.3599853515625,80.6150647746532,3.483288665463796,0,0
2020-06-15T12:00:00Z,16.029992675781273,361.5760192871094,315.47998046875,77.16803501940183,3.9634957910329884,0,0
2020-06-15T13:00:00Z,16.890008544921898,527.35205078125,315.4499816894531,72.65139556374403,3.9320857866743197,0,0
2020-06-15T14:00:00Z,17.739984130859398,675.342041015625,315.41998291015625,68.46321117819144,3.9477081380695758,0,0
2020-06-15T15:00:00Z,18.589990234375023,744.73004150390625,342.07000732421875,64.53972127367719,4.004659689995351,0,0
2020-06-15T16:00:00Z,19.170007324218773,804.59002685546875,342.03997802734375,64.77185302327456,3.589122420399095,0,0
2020-06-15T17:00:00Z,19.749993896484398,815.06304931640625,342.0099792480469,64.91186574638525,3.1804402405321492,0,0
2020-06-15T18:00:00Z,20.320001220703148,659.498046875,385.41998291015625,65.00692921967075,2.772183144180789,0,0
2020-06-15T19:00:00Z,20.560021972656273,612.0550537109375,385.3999938964844,65.54686164963975,2.1914606364364086,0,0
2020-06-15T20:00:00Z,20.799981689453148,532.75201416015625,385.3899841308594,66.06055513152363,1.7677669529663689,0,0
2020-06-15T21:00:00Z,21.040002441406273,409.99700927734375,381.55999755859375,66.5404976087149,1.625607527147994,0,0
2020-06-15T22:00:00Z,20.350030517578148,279.5890197753906,381.5799865722656,71.85382946907234,1.291239686257273,0,0
2020-06-15T23:00:00Z,19.670007324218773,164.4770050048828,381.6000061035156,77.4735723168639,1.0309703964750294,0,0
2020-06-16T00:00:00Z,18.980004882812523,32.720001220703125,376.28997802734375,83.51630786567071,0.8850988639013343,0,0
2020-06-16T01:00:00Z,18.230004882812523,0,376.3399963378906,81.24405566118128,1.3780058144825984,0,0
2020-06-16T02:00:00Z,17.489984130859398,0,376.3999938964844,78.51957061335916,1.861719553983695,0,0
2020-06-16T03:00:00Z,16.739984130859398,0,362.69000244140625,75.4087604527226,2.354782320276449,0,0
2020-06-16T04:00:00Z,16.610040283203148,0,362.6999816894531,75.05710377730296,1.9590048353136493,0,0
2020-06-16T05:00:00Z,16.470025634765648,0,362.7099914550781,74.73998006667294,1.5804112670823645,0,0
2020-06-16T06:00:00Z,16.339990234375023,0,353.989990234375,74.36714913222234,1.2065239063839666,0,0
2020-06-16T07:00:00Z,15.950036621093773,0,354.0099792480469,75.14356251231592,1.4227438301726179,0,0
2020-06-16T08:00:00Z,15.570001220703148,0,354.0299987792969,75.86474559769768,1.6420109121399147,0,0
2020-06-16T09:00:00Z,15.189996337890648,0,343.6399841308594,76.58353722358598,1.8668153757510444,0,0
2020-06-16T10:00:00Z,16.230004882812523,61.64800262451172,343.5799865722656,76.84640106721896,1.9864540524395773,0,0
2020-06-16T11:00:00Z,17.269982910156273,174.52000427246094,343.5199890136719,76.7958237980335,2.206286405700651,0,0
2020-06-16T12:00:00Z,18.309991455078148,337.08001708984375,346.03997802734375,76.470004227046,2.482941633626989,0,0
2020-06-16T13:00:00Z,19.019982910156273,491.7290344238281,346.0199890136719,70.26733655273979,2.909982763580191,0,0
2020-06-16T14:00:00Z,19.730004882812523,629.81805419921875,346,64.48062381394455,3.528653976560915,0,0
2020-06-16T15:00:00Z,20.440026855468773,693.37506103515625,371.239990234375,59.08398666605052,4.2497176449498495,0,0
2020-06-16T16:00:00Z,20.879998779296898,749.22906494140625,371.2099914550781,60.02229211712852,3.5315858853906597,0,0
2020-06-16T17:00:00Z,21.320001220703148,759.093017578125,371.1799926757813,60.87200214430681,2.814604697853473,0,0
2020-06-16T18:00:00Z,21.760003662109398,700.43304443359375,381.22998046875,61.63573457255904,2.113030938032584,0,0
2020-06-16T19:00:00Z,22.019982910156273,650.16302490234375,381.2200012207031,61.91779696345998,1.7356554394512669,0,0
2020-06-16T20:00:00Z,22.269982910156273,566.1180419921875,381.1999816894531,62.213006113181045,1.8388310738006004,0,0
2020-06-16T21:00:00Z,22.529992675781273,435.1360168457031,381.1600036621094,62.44805593616964,2.357159246634194,0,0
2020-06-16T22:00:00Z,21.820001220703148,296.9730224609375,381.16998291015625,68.60363984517203,2.123487594226937,0,0
2020-06-16T23:00:00Z,21.109979248046898,175.01901245117188,381.19000244140625,75.20015497081664,1.8944655362717333,0,0
2020-06-17T00:00:00Z,20.399987792968773,31.280000686645508,351.28997802734375,82.26606869848823,1.6640011409425512,0,0
2020-06-17T01:00:00Z,19.239984130859398,0,351.3599853515625,80.45899845515284,2.0836985874755802,0,0
2020-06-17T02:00:00Z,18.089990234375023,0,351.44000244140625,77.88669922490944,2.5489016075749134,0,0
2020-06-17T03:00:00Z,16.930047607421898,0,331.30999755859375,74.53104687930642,3.0511801207595473,0,0
2020-06-17T04:00:00Z,16.359979248046898,0,331.3399963378906,76.17592297344633,2.792561529876753,0,0
2020-06-17T05:00:00Z,15.799981689453148,0,331.3599853515625,77.79459147816426,2.6237758594672527,0,0
2020-06-17T06:00:00Z,15.239984130859398,0,314.91998291015625,79.44377747789227,2.577071978664029,0,0
2020-06-17T07:00:00Z,14.899987792968773,0,314.94000244140625,79.16591254862728,2.4233241012280207,0,0
2020-06-17T08:00:00Z,14.570031738281273,0,314.9599914550781,78.78959752387195,2.2692729957493807,0,0
2020-06-17T09:00:00Z,14.239984130859398,0,308.28997802734375,78.36282846515137,2.133354086680598,0,0
2020-06-17T10:00:00Z,15.529992675781273,69.660003662109375,308.2200012207031,79.88792709426875,1.3483322905232689,0,0
2020-06-17T11:00:00Z,16.820001220703148,197.48800659179688,308.1600036621094,80.71676588993584,0.9352004747888414,0,0
2020-06-17T12:00:00Z,18.109979248046898,376.9360046386719,321.3699951171875,80.96731019108597,1.3285330215207916,0,0
2020-06-17T13:00:00Z,19.609979248046898,549.9940185546875,321.30999755859375,74.46471910773218,1.9271999906157118,0,0
2020-06-17T14:00:00Z,21.100000000000023,704.5760498046875,321.2599792480469,68.58831272063892,2.628402495096133,0,0
2020-06-17T15:00:00Z,22.600000000000023,828.1070556640625,342.6600036621094,63.18819738346539,3.3783132095910635,0,0
2020-06-17T16:00:00Z,23.160028076171898,894.94903564453125,342.6399841308594,62.36640735574966,3.341526466074742,0,0
2020-06-17T17:00:00Z,23.730004882812523,906.916015625,342.6099853515625,61.49724982155909,3.558257961244722,0,0
2020-06-17T18:00:00Z,24.290002441406273,850.81103515625,355.30999755859375,60.657464300898134,3.9667617211546484,0,0
2020-06-17T19:00:00Z,24.469995117187523,789.9540405273436,355.29998779296875,61.67962796195053,3.7556489101848025,0,0
2020-06-17T20:00:00Z,24.650018310546898,688.02703857421875,355.28997802734375,62.67556423407085,3.567996476906166,0,0
2020-06-17T21:00:00Z,24.839990234375023,522.72601318359375,356.4100036621094,63.60327505878507,3.4231708792801383,0,0
2020-06-17T22:00:00Z,23.779992675781273,357.0370178222656,356.4499816894531,69.4021342635849,3.113213647722532,0,0
2020-06-17T23:00:00Z,22.709985351562523,210.7840118408203,356.489990234375,75.77341690945303,2.8951855121232968,0,0
2020-06-18T00:00:00Z,21.649987792968773,37.58400344848633,332.16998291015625,82.68064448717338,2.7864852307789163,0,0
2020-06-18T01:00:00Z,20.190026855468773,0,332.239990234375,84.38537478879607,2.7817979922720775,0,0
2020-06-18T02:00:00Z,18.740045166015648,0,332.30999755859375,85.68248502885645,2.8572189373801464,0,0
2020-06-18T03:00:00Z,17.279992675781273,0,325.8699951171875,86.58065986656067,2.9954966464322363,0,0
2020-06-18T04:00:00Z,17.170007324218773,0,325.8800048828125,86.39684267484719,1.9165855073068803,0,0
2020-06-18T05:00:00Z,17.059991455078148,0,325.8899841308594,86.20951432835734,0.8918519831776994,0,0
2020-06-18T06:00:00Z,16.939996337890648,0,322.91998291015625,86.06740735366324,0.5824946168724475,0,0
2020-06-18T07:00:00Z,16.600000000000023,0,322.92999267578125,87.00360006517388,0.3577708684031641,0,0
2020-06-18T08:00:00Z,16.249993896484398,0,322.9499816894531,88.00142529304689,0.1599999964237213,0,0
2020-06-18T09:00:00Z,15.909997558593773,0,335.8500061035156,88.94715549986653,0.16031219183555717,0,0
2020-06-18T10:00:00Z,17.129998779296898,64.384002685546875,335.7799987792969,90.27580153475776,0.47201694571658087,0,0
2020-06-18T11:00:00Z,18.359979248046898,182.9200134277344,335.7200012207031,90.90251754688997,0.8139410114975649,0,0
2020-06-18T12:00:00Z,19.579980468750023,361.176025390625,364.8899841308594,91.03793536464262,1.1596551110306943,0,0
2020-06-18T13:00:00Z,21.230004882812523,527.166015625,364.80999755859375,87.6412138829793,1.6688318289649668,0,0
2020-06-18T14:00:00Z,22.890008544921898,675.47705078125,364.7200012207031,84.07593438421887,2.239330158173286,0,0
2020-06-18T15:00:00Z,24.540002441406273,782.97503662109375,388.8199768066406,80.50934457451665,2.842692377899523,0,0
2020-06-18T16:00:00Z,25.189996337890648,846.341064453125,388.78997802734375,78.41547471460044,3.209189832499426,0,0
2020-06-18T17:00:00Z,25.839990234375023,857.77301025390625,388.7599792480469,76.37572974206725,3.575765467623291,0,0
2020-06-18T18:00:00Z,26.489984130859398,782.0880126953125,398.1300048828125,74.38831898992234,3.9450728150816676,0,0
2020-06-18T19:00:00Z,26.629998779296898,726.30303955078125,398.1199951171875,73.92549452774487,4.171246834451665,0,0
2020-06-18T20:00:00Z,26.780023193359398,632.77801513671875,398.1199951171875,73.4204657072518,4.40677874027047,0,0
2020-06-18T21:00:00Z,26.920007324218773,494.530029296875,396.5799865722656,72.9628542123752,4.647978005536118,0,0
2020-06-18T22:00:00Z,26.020043945312523,338.0010070800781,396.6199951171875,77.2225580128424,3.7974859751228283,0,0
2020-06-18T23:00:00Z,25.119989013671898,199.86700439453125,396.6499938964844,81.7571569687779,2.934297181971443,0,0
2020-06-19T00:00:00Z,24.219995117187523,39.05600357055664,360.3299865722656,86.58709855241426,2.071834864162916,0,0
2020-06-19T01:00:00Z,22.859979248046898,0,360.3999938964844,88.34549413226833,2.4684001811416003,0,0
2020-06-19T02:00:00Z,21.489984130859398,0,360.4700012207031,89.86898791959057,2.8716719514713676,0,0
2020-06-19T03:00:00Z,20.119989013671898,0,349.5899963378906,91.03558829624909,3.2791767545219344,0,0
2020-06-19T04:00:00Z,19.540032958984398,0,349.6199951171875,92.07772357404885,3.1724595855802074,0,0
2020-06-19T05:00:00Z,18.959985351562523,0,349.6499938964844,93.08528732293036,3.087021107202038,0,0
2020-06-19T06:00:00Z,18.379998779296898,0,341.1600036621094,94.05520686291683,3.044010388400468,0,0
2020-06-19T07:00:00Z,18.019982910156273,0,341.17999267578125,94.09523191323746,3.032655489678403,0,0
2020-06-19T08:00:00Z,17.649987792968773,0,341.1999816894531,94.1477289224247,3.0132539617337875,0,0
2020-06-19T09:00:00Z,17.280023193359398,0,340.55999755859375,94.15750832629116,3.0030816667905724,0,0
2020-06-19T10:00:00Z,18.549981689453148,67.5320053100586,340.489990234375,93.30182222527786,2.834713264712432,0,0
2020-06-19T11:00:00Z,19.810021972656273,192.38400268554688,340.42999267578125,92.13094636103469,2.660169087248763,0,0
2020-06-19T12:00:00Z,21.070001220703148,365.8880310058594,366.8800048828125,90.65804968011965,2.5089041167905433,0,0
2020-06-19T13:00:00Z,22.559991455078148,534.2320556640625,366.7999877929687,85.95017210254287,2.66737689089001,0,0
2020-06-19T14:00:00Z,24.040032958984398,684.7030029296875,366.72998046875,81.48968003486858,2.8355775356881625,0,0
2020-06-19T15:00:00Z,25.519982910156273,800.69805908203125,388.4599914550781,77.22555167451002,2.9986662074058077,0,0
2020-06-19T16:00:00Z,26.089990234375023,865.65203857421875,388.44000244140625,74.8939641004938,3.3049204541789425,0,0
2020-06-19T17:00:00Z,26.659997558593773,877.52001953125,388.4100036621094,72.64146381414002,3.6208838052571792,0,0
2020-06-19T18:00:00Z,27.230035400390648,684.18804931640625,418.7799987792969,70.46356354220151,3.944223439063052,0,0
2020-06-19T19:00:00Z,27.219995117187523,635.53204345703125,418.7799987792969,70.67196548384455,4.335446843763431,0,0
2020-06-19T20:00:00Z,27.210046386718773,553.83599853515625,418.7799987792969,70.8779431799242,4.719745649580562,0,0
2020-06-19T21:00:00Z,27.200006103515648,408.7130126953125,418.5799865722656,71.0866621974085,5.11251391450439,0,0
2020-06-19T22:00:00Z,26.350000000000023,279.5320129394531,418.6199951171875,74.80189548676348,4.515495452902227,0,0
2020-06-19T23:00:00Z,25.510003662109398,165.531005859375,418.6600036621094,78.68663690188284,3.920458962177915,0,0
2020-06-20T00:00:00Z,24.660028076171898,31.71200180053711,369.72998046875,82.84687537905896,3.3234017367068582,0,0
2020-06-20T01:00:00Z,23.180047607421898,0,369.8199768066406,82.89660448060228,3.480804392102453,0,0
2020-06-20T02:00:00Z,21.689996337890648,0,369.9100036621094,82.31972412286919,3.634955215335637,0,0
2020-06-20T03:00:00Z,20.209985351562523,0,346.32000732421875,80.86225915835266,3.7988548562583833,0,0
2020-06-20T04:00:00Z,19.869989013671898,0,346.3399963378906,80.82603599405071,3.51604887681759,0,0
2020-06-20T05:00:00Z,19.519982910156273,0,346.3599853515625,80.80866310192287,3.322318398598203,0,0
2020-06-20T06:00:00Z,19.180047607421898,0,338.41998291015625,80.70269533728884,3.214918219525869,0,0
2020-06-20T07:00:00Z,19.000024414062523,0,338.44000244140625,80.31213569116271,2.8977403824420946,0,0
2020-06-20T08:00:00Z,18.809991455078148,0,338.4499816894531,79.95306683614947,2.5923347691349417,0,0
2020-06-20T09:00:00Z,18.630029296875023,0,342.0799865722656,79.52404664462635,2.32697221458639,0,0
2020-06-20T10:00:00Z,19.890008544921898,67.33600616455078,342.0099792480469,80.62203582523418,1.9206508883467233,0,0
2020-06-20T11:00:00Z,21.140008544921898,192.46400451660156,341.94000244140625,81.19184041254384,1.5126797316357687,0,0
2020-06-20T12:00:00Z,22.400018310546898,361.6000061035156,376.739990234375,81.22534726717865,1.1315918129930218,0,0
2020-06-20T13:00:00Z,23.619989013671898,528.17803955078125,376.6799926757813,78.01154314212258,1.2998846150690198,0,0
2020-06-20T14:00:00Z,24.839990234375023,677.11602783203125,376.6199951171875,74.87978509917109,1.493084049437733,0,0
2020-06-20T15:00:00Z,26.070001220703148,764.32305908203125,393.3699951171875,71.79211677929719,1.6815766367648592,0,0
2020-06-20T16:00:00Z,26.519982910156273,826.488037109375,393.3500061035156,70.10362072907702,2.5037970881954883,0,0
2020-06-20T17:00:00Z,26.970025634765648,837.968017578125,393.3299865722656,68.45977270368621,3.478059661210393,0,0
2020-06-20T18:00:00Z,27.420007324218773,754.4560546875,405.739990234375,66.8602524952064,4.515583872571523,0,0
2020-06-20T19:00:00Z,27.570001220703148,700.96905517578125,405.72998046875,66.5389546331822,4.3249160276210254,0,0
2020-06-20T20:00:00Z,27.730004882812523,611.02801513671875,405.7200012207031,66.18168349124474,4.1600480191045275,0,0
2020-06-20T21:00:00Z,27.879998779296898,446.0080261230469,405.4599914550781,65.86241735772619,4.026313333945878,0,0
2020-06-20T22:00:00Z,26.920037841796898,305.2230224609375,405.5,70.55349859668343,3.60256833529866,0,0
2020-06-20T23:00:00Z,25.969995117187523,180.97601318359375,405.53997802734375,75.55335926671738,3.2150271370366896,0,0
2020-06-21T00:00:00Z,25.010003662109398,31.376001358032227,373.4299926757813,80.97502215322208,2.8876634512543653,0.002668799936771393,0
2020-06-21T01:00:00Z,23.769982910156273,0,373.489990234375,82.16112047562736,3.0548649909004064,5.7599997147917515e-5,0
2020-06-21T02:00:00Z,22.529992675781273,0,373.55999755859375,83.07721640705816,3.2619779252381846,0,0
2020-06-21T03:00:00Z,21.290032958984398,0,351.5099792480469,83.67224119028567,3.4942523329301887,0,0
2020-06-21T04:00:00Z,21.089990234375023,0,351.5299987792969,82.89529792283759,2.8709928188971596,0,0
2020-06-21T05:00:00Z,20.890008544921898,0,351.53997802734375,82.08515416444878,2.338482332412866,0,0
2020-06-21T06:00:00Z,20.689996337890648,0,342.6199951171875,81.2467422436467,1.967256948055709,0,0
2020-06-21T07:00:00Z,20.209985351562523,0,342.6499938964844,82.03358768444002,2.0396077259489727,0,0
2020-06-21T08:00:00Z,19.739984130859398,0,342.66998291015625,82.75061277084366,2.1726711459508237,0,0
2020-06-21T09:00:00Z,19.260003662109398,0,347.97998046875,83.49583994997317,2.369324729927518,0,0
2020-06-21T10:00:00Z,20.429986572265648,66.34000396728516,347.9100036621094,85.14124596445117,2.133354086680598,0,0
2020-06-21T11:00:00Z,21.600000000000023,190.37600708007813,347.8399963378906,86.18027945618493,1.939922617949444,0,0
2020-06-21T12:00:00Z,22.760034179687523,364.5760192871094,373.2099914550781,86.75654497184539,1.8027755583814953,0,0
2020-06-21T13:00:00Z,24.160028076171898,532.77301025390625,373.1499938964844,80.95930052419831,1.9824479843209257,0,0
2020-06-21T14:00:00Z,25.559991455078148,683.22100830078125,373.0899963378906,75.59217641557724,2.1961101540000674,0,0
2020-06-21T15:00:00Z,26.950006103515648,808.51702880859375,392.7699890136719,70.6594722586557,2.441823038154177,0,0
2020-06-21T16:00:00Z,27.579980468750023,874.43304443359375,392.739990234375,69.20835325090817,2.9166589129281326,0,0
2020-06-21T17:00:00Z,28.209985351562523,886.73004150390625,392.7099914550781,67.77798418801734,3.4214176790557285,0,0
2020-06-21T18:00:00Z,28.839990234375023,834.5800170898436,402.0099792480469,66.36966823383392,3.9400761155700916,0,0
2020-06-21T19:00:00Z,29.010003662109398,775.572021484375,402,66.19521671320133,3.9939203024359142,0,0
2020-06-21T20:00:00Z,29.179986572265648,676.21905517578125,401.989990234375,66.01908393215454,4.056710407607155,0,0
2020-06-21T21:00:00Z,29.359979248046898,477.18402099609375,417.1799926757813,65.8010164733558,4.106044195745596,0,0
2020-06-21T22:00:00Z,28.459985351562523,326.7370300292969,417.2099914550781,71.43462359181522,3.6895798684478525,0,0
2020-06-21T23:00:00Z,27.570001220703148,193.95001220703125,417.239990234375,77.46735857836262,3.2737132977747545,0,0
2020-06-22T00:00:00Z,26.680047607421898,32.84800338745117,404.3999938964844,83.97317143373584,2.8677690471721333,0,0
2020-06-22T01:00:00Z,25.559991455078148,0,404.4599914550781,85.16886378562313,3.0101493475384675,0,0
2020-06-22T02:00:00Z,24.429986572265648,0,404.5299987792969,86.21467956263842,3.171576856850727,0,0
2020-06-22T03:00:00Z,23.309991455078148,0,376.7999877929687,86.96588430993519,3.329459348898743,0,0
2020-06-22T04:00:00Z,22.679986572265648,0,376.8299865722656,87.56696794715121,3.2491382278844125,0,0
2020-06-22T05:00:00Z,22.049981689453148,0,376.8699951171875,88.09302572920916,3.179701264672631,0,0
2020-06-22T06:00:00Z,21.420037841796898,0,357.9700012207031,88.53906693079138,3.1212336243798386,0,0
2020-06-22T07:00:00Z,21.010003662109398,0,358,88.66656900039656,3.0417428901597434,0,0
2020-06-22T08:00:00Z,20.600000000000023,0,358.0199890136719,88.747181413848807,2.986101082066297,0,0
2020-06-22T09:00:00Z,20.200006103515648,0,356.8199768066406,88.72273064240748,2.9428725855715845,0,0
2020-06-22T10:00:00Z,21.399987792968773,65.58399963378906,356.75,88.71743828036227,2.5541534283301677,0,0
2020-06-22T11:00:00Z,22.610040283203148,189.0640106201172,356.69000244140625,88.247838288893007,2.170829293423615,0,0
2020-06-22T12:00:00Z,23.820001220703148,362.4720153808594,385.25,87.43353568549297,1.7846567315662414,0,0
2020-06-22T13:00:00Z,25.140008544921898,529.9720458984375,385.19000244140625,82.27487980530304,1.741407510270099,0,0
2020-06-22T14:00:00Z,26.450006103515648,679.84100341796875,385.1300048828125,77.49077327551039,1.6880758392056656,0,0
2020-06-22T15:00:00Z,27.760003662109398,805.7340087890625,405.5899963378906,73.01008209127873,1.6446884058435767,0,0
2020-06-22T16:00:00Z,28.409997558593773,871.593017578125,405.55999755859375,71.19457606820272,2.078701490362654,0,0
2020-06-22T17:00:00Z,29.049981689453148,884.0250244140625,405.5299987792969,69.46408143522214,2.643217614121524,0,0
2020-06-22T18:00:00Z,29.690026855468773,797.7650146484375,419.6099853515625,67.77343770859825,3.274828172209211,0,0
2020-06-22T19:00:00Z,29.749993896484398,741.50604248046875,419.5999755859375,68.4763681029664,3.6754864015022792,0,0
2020-06-22T20:00:00Z,29.809991455078148,646.67901611328125,419.5999755859375,69.17267380692995,4.076530269192729,0,0
2020-06-22T21:00:00Z,29.870019531250023,394.10400390625,445.30999755859375,69.86231860495292,4.481082218801383,0,0
2020-06-22T22:00:00Z,29.109979248046898,269.96600341796875,445.3399963378906,74.14091237675416,4.411405724522144,0,0
2020-06-22T23:00:00Z,28.350000000000023,160.41900634765625,445.3800048828125,78.68261189165824,4.332782107995323,0,0
2020-06-23T00:00:00Z,27.600000000000023,30.080001831054688,399.2599792480469,83.45595786783734,4.254702990752746,0,0
2020-06-23T01:00:00Z,26.129998779296898,0,399.3399963378906,85.79028903552461,4.052566956573507,0,0
2020-06-23T02:00:00Z,24.659997558593773,0,399.41998291015625,87.92210898241176,3.8533360474419127,0,0
2020-06-23T03:00:00Z,23.200006103515648,0,366.4299926757813,89.73402479096369,3.651246351679697,0,0
2020-06-23T04:00:00Z,22.609979248046898,0,366.4599914550781,90.93012598796383,3.459739855029982,0,0
2020-06-23T05:00:00Z,22.019982910156273,0,366.489990234375,92.10364266879186,3.2719565357589344,0,0
2020-06-23T06:00:00Z,21.420007324218773,0,360.04998779296875,93.3127274251783,3.091957240972429,0,0
2020-06-23T07:00:00Z,21.029992675781273,0,360.0799865722656,93.30388938628143,2.754813955242276,0,0
2020-06-23T08:00:00Z,20.630029296875023,0,360.1000061035156,93.302609706339,2.4326117474801805,0,0
2020-06-23T09:00:00Z,20.239984130859398,0,360.8299865722656,93.19050465251696,2.109526018153589,0,0
2020-06-23T10:00:00Z,21.390039062500023,64.80000305175781,360.7699890136719,92.24854899879625,2.1622671851426736,0,0
2020-06-23T11:00:00Z,22.540002441406273,187.7840118408203,360.7099914550781,91.03993038189509,2.3214219200107116,0,0
2020-06-23T12:00:00Z,23.689996337890648,347.280029296875,392.78997802734375,89.60580775660199,2.564566267040951,0,0
2020-06-23T13:00:00Z,24.869989013671898,508.0310363769531,392.72998046875,85.54747754340828,3.4317632235152606,0,0
2020-06-23T14:00:00Z,26.059991455078148,651.946044921875,392.66998291015625,81.61320252733874,4.415087635214388,0,0
2020-06-23T15:00:00Z,27.249993896484398,616.89202880859375,424.739990234375,77.85535018940841,5.4441892340100155,0,0
2020-06-23T16:00:00Z,27.600000000000023,667.45001220703125,424.7200012207031,76.88217657541652,5.9302357386117786,0,0
2020-06-23T17:00:00Z,27.950006103515648,677.08203125,424.7099914550781,75.9198928817216,6.415177201568704,0,0
2020-06-23T18:00:00Z,28.290002441406273,653.0760498046875,429.6300048828125,75.01257785052324,6.9069888541158155,0,0
2020-06-23T19:00:00Z,28.469995117187523,607.114013671875,429.6199951171875,75.37418452630807,6.891189910776155,9.215999543666839e-4,0
2020-06-23T20:00:00Z,28.650018310546898,529.57904052734375,429.5999755859375,75.7184731464256,6.876081390478982,1.9199999514967202e-5,0
2020-06-23T21:00:00Z,28.829980468750023,426.7250061035156,430.3699951171875,76.04997123914173,6.852276669935152,0,0
2020-06-23T22:00:00Z,28.139978027343773,292.4570007324219,430.3999938964844,79.82707447166399,6.411754677242499,0,0
2020-06-23T23:00:00Z,27.439996337890648,173.92601013183594,430.4299926757813,83.8544384284079,5.970837252320336,0,0
2020-06-24T00:00:00Z,26.749993896484398,33.0880012512207,423.9499816894531,88.04537204061896,5.541705246176799,0,0
2020-06-24T01:00:00Z,25.950036621093773,0,424,89.45028604592916,5.275926439874371,0,0
2020-06-24T02:00:00Z,25.149987792968773,0,424.0499877929687,90.80344791522026,5.001959616007199,0,0
2020-06-24T03:00:00Z,24.339990234375023,0,408.3999938964844,92.14873917734452,4.730042302180531,0,0
2020-06-24T04:00:00Z,23.950006103515648,0,408.4299926757813,93.37148536655282,4.399147758324322,0.0073727996349334714,0
2020-06-24T05:00:00Z,23.559991455078148,0,408.4499816894531,94.60401050781962,4.1165154720346004,0.02707200050354004,0
2020-06-24T06:00:00Z,23.170007324218773,0,421.8599853515625,95.85046847160193,3.8710461844746833,0.014111999988555907,0
2020-06-24T07:00:00Z,22.939996337890648,0,421.8800048828125,96.04980321554977,3.6744794313981783,0.09356159591674805,0
2020-06-24T08:00:00Z,22.700006103515648,0,421.8899841308594,96.29391817236734,3.5601263450262692,0.06337919998168945,0
2020-06-24T09:00:00Z,22.469995117187523,0,410.489990234375,96.46744083002342,3.556248022001819,0.005548799872398377,0
2020-06-24T10:00:00Z,22.689996337890648,44.35600280761719,410.47998046875,94.66428536428803,3.122178629332913,1.9199999514967202e-5,0
2020-06-24T11:00:00Z,22.920007324218773,129.3040008544922,410.4700012207031,92.83470825634687,2.9637981087180076,0,0
2020-06-24T12:00:00Z,23.149987792968773,304.9280090332031,395.1799926757813,91.04102959292322,3.122963345359263,0,0
2020-06-24T13:00:00Z,23.769982910156273,446.3520202636719,395.16998291015625,82.77158973463598,3.953833513321605,0,0
2020-06-24T14:00:00Z,24.390008544921898,573.0050048828125,395.1600036621094,75.00681522917633,4.921960858936145,0,0
2020-06-24T15:00:00Z,25.010003662109398,805.34002685546875,366.0799865722656,67.71318851111374,5.960838905181033,0,0
2020-06-24T16:00:00Z,25.439996337890648,871.55303955078125,366.0699768066406,64.55027988419867,6.052387672544636,0,0
2020-06-24T17:00:00Z,25.869989013671898,884.30706787109375,366.0499877929687,61.50798656318364,6.154681240360421,0,0
2020-06-24T18:00:00Z,26.300042724609398,855.38507080078125,359.30999755859375,58.58523754715073,6.257683277498006,0,0
2020-06-24T19:00:00Z,26.180047607421898,795.3680419921875,359.30999755859375,58.012640499769574,6.051619331908544,0,0
2020-06-24T20:00:00Z,26.050042724609398,693.92205810546875,359.3199768066406,57.460980002864304,5.850034092565887,0,0
2020-06-24T21:00:00Z,25.929986572265648,541.5780029296875,349.1499938964844,56.86349287759295,5.653193882819339,0,0
2020-06-24T22:00:00Z,24.609979248046898,371.2920227050781,349.1999816894531,62.23115199846874,4.966135126298056,0,0
2020-06-24T23:00:00Z,23.299981689453148,220.9650115966797,349.25,68.10950905597429,4.2949854488592605,0,0
2020-06-25T00:00:00Z,21.980004882812523,32.736000061035156,325.97998046875,74.63811165437971,3.6382962614195784,0,0
2020-06-25T01:00:00Z,20.570001220703148,0,326.05999755859375,74.39502459259906,3.747225507298974,0,0
2020-06-25T02:00:00Z,19.159997558593773,0,326.1300048828125,73.52589521436174,3.8466219125105003,0,0
2020-06-25T03:00:00Z,17.749993896484398,0,316.25,71.90192940362274,3.948721247438844,0,0
2020-06-25T04:00:00Z,17.320001220703148,0,316.2699890136719,72.30385841799503,3.5537023071888716,0,0
2020-06-25T05:00:00Z,16.879998779296898,0,316.28997802734375,72.72476963169373,3.181980372040179,0,0
2020-06-25T06:00:00Z,16.439996337890648,0,308.6600036621094,73.1130148349393,2.8157591650621554,0,0
2020-06-25T07:00:00Z,16.029992675781273,0,308.67999267578125,73.86555528113642,2.4263757824610837,0,0
2020-06-25T08:00:00Z,15.619989013671898,0,308.6999816894531,74.60807144719952,2.288624006790046,0,0
2020-06-25T09:00:00Z,15.209985351562523,0,312.8399963378906,75.34494541816932,2.440081928120624,0,0
2020-06-25T10:00:00Z,16.679986572265648,65.46800231933594,312.7599792480469,76.73518106447928,2.3926762321642716,0,0
2020-06-25T11:00:00Z,18.140008544921898,192.09600830078125,312.67999267578125,77.37890717027133,2.388493295597061,0,0
2020-06-25T12:00:00Z,19.600000000000023,368.5600280761719,338.2699890136719,77.3724195035839,2.42860033091449,0,0
2020-06-25T13:00:00Z,21.209985351562523,539.87200927734375,338.1999816894531,71.07505828845659,2.880086723154413,0,0
2020-06-25T14:00:00Z,22.820031738281273,693.33001708984375,338.1300048828125,65.34650877294965,3.4178354868552288,0,0
2020-06-25T15:00:00Z,24.420007324218773,818.25506591796875,357.5199890136719,60.16724156758078,4.013228023473873,0,0
2020-06-25T16:00:00Z,24.929986572265648,885.718017578125,357.5,58.97193676625244,4.501555211790542,0,0
2020-06-25T17:00:00Z,25.439996337890648,898.83905029296875,357.47998046875,57.8006401403739,4.98595022515395,0,0
2020-06-25T18:00:00Z,25.950006103515648,766.11602783203125,376.1999816894531,56.65070884585998,5.480081947577123,0,0
2020-06-25T19:00:00Z,25.899987792968773,712.46405029296875,376.1999816894531,56.99652840191415,5.600571285944221,0,0
2020-06-25T20:00:00Z,25.850030517578148,621.72003173828125,376.1999816894531,57.34335344967112,5.721232493904908,0,0
2020-06-25T21:00:00Z,25.790002441406273,442.16802978515625,393.5299987792969,57.72579738409616,5.835177467478212,0,0
2020-06-25T22:00:00Z,24.899987792968773,303.2330017089844,393.55999755859375,63.086099204729415,4.866209938007875,0,0
2020-06-25T23:00:00Z,24.000024414062523,180.57000732421875,393.5899963378906,68.92720167319781,3.883104268277646,0,0
2020-06-26T00:00:00Z,23.100000000000023,29.88800048828125,365.30999755859375,75.25301937824445,2.914137868901656,0,0
2020-06-26T01:00:00Z,22.100000000000023,0,365.3699951171875,73.93812108356025,2.9461330422811165,0,0
2020-06-26T02:00:00Z,21.100000000000023,0,365.4299926757813,72.17777283547709,2.982096451464032,0.0018047999739646912,0
2020-06-26T03:00:00Z,20.100000000000023,0,368.2699890136719,69.91419798209478,3.042712547382039,0,0
2020-06-26T04:00:00Z,19.930047607421898,0,368.2699890136719,70.66131905096312,2.79830310943993,0,0
2020-06-26T05:00:00Z,19.749993896484398,0,368.2799987792969,71.46066030261436,2.5590622355565467,0,0
2020-06-26T06:00:00Z,19.580041503906273,0,352.6300048828125,72.22714178051741,2.3469554977326275,0,0
2020-06-26T07:00:00Z,18.969995117187523,0,352.6600036621094,72.64076543058734,2.4960968164655006,0,0
2020-06-26T08:00:00Z,18.359979248046898,0,352.6999816894531,72.98809930967163,2.6509242965187765,0,0
2020-06-26T09:00:00Z,17.740045166015648,0,326.2699890136719,73.3077999777547,2.8104981730363057,0,0
2020-06-26T10:00:00Z,18.739984130859398,64.23200225830078,326.2099914550781,74.8119475355885,2.6870056167802265,0,0
2020-06-26T11:00:00Z,19.730004882812523,189.8400115966797,326.1600036621094,75.93107558887404,2.586986587792302,0,0
2020-06-26T12:00:00Z,20.730004882812523,367.1120300292969,343.3899841308594,76.62075948803087,2.5000199999191066,0,0
2020-06-26T13:00:00Z,22.089990234375023,538.1280517578125,343.3399963378906,70.70093372614623,2.946794687416603,0,0
2020-06-26T14:00:00Z,23.450006103515648,691.384033203125,343.28997802734375,65.28952939542914,3.4047759337404977,0,0
2020-06-26T15:00:00Z,24.810021972656273,818.593017578125,359.44000244140625,60.33799077351478,3.8699870149507944,0,0
2020-06-26T16:00:00Z,25.329980468750023,886.279052734375,359.41998291015625,58.20939141961803,3.852492614178321,0,0
2020-06-26T17:00:00Z,25.859979248046898,899.5870361328125,359.3999938964844,56.12802975887337,3.859999895095825,0,0
2020-06-26T18:00:00Z,26.390039062500023,770.3590087890625,373.6999816894531,54.127799095287976,3.893173388555373,0,0
2020-06-26T19:00:00Z,26.320001220703148,716.5130615234375,373.6999816894531,54.50822049439036,4.360183615878361,1.9199999514967202e-5,0
2020-06-26T20:00:00Z,26.250024414062523,625.3480224609375,373.6999816894531,54.89392866563288,4.8573343366845405,0,0
2020-06-26T21:00:00Z,26.170037841796898,502.39501953125,374.2200012207031,55.31224699990071,5.3655381242654085,0,0
2020-06-26T22:00:00Z,25.149987792968773,344.6290283203125,374.25,61.0139900562031,4.575510920564193,0,0
2020-06-26T23:00:00Z,24.129998779296898,205.2930145263672,374.2799987792969,67.2438833470963,3.8092780193222966,0,0
2020-06-27T00:00:00Z,23.109979248046898,39.68000030517578,343.4599914550781,74.05719729077282,3.084623092614296,0,0
2020-06-27T01:00:00Z,21.859979248046898,0,343.5299987792969,72.39711676664959,3.202576913379042,0,0
2020-06-27T02:00:00Z,20.609979248046898,0,343.6099853515625,70.03500226119301,3.333901538158127,0,0
2020-06-27T03:00:00Z,19.359979248046898,0,324.79998779296875,66.85609781923417,3.4561537351533045,0,0
2020-06-27T04:00:00Z,18.909997558593773,0,324.82000732421875,68.24252972064312,3.2820267284119735,0,0
2020-06-27T05:00:00Z,18.459985351562523,0,324.8399963378906,69.65709493559662,3.160063257006781,0,0
2020-06-27T06:00:00Z,17.999993896484398,0,322.9599914550781,71.15134639663407,3.090258809457544,0,0
2020-06-27T07:00:00Z,17.530023193359398,0,322.97998046875,73.24453191627248,3.143405669297969,0,0
2020-06-27T08:00:00Z,17.049981689453148,0,323,75.45375375309746,3.1997656168633712,0,0
2020-06-27T09:00:00Z,16.570001220703148,0,332.6300048828125,77.74091523949127,3.2531368984037803,0,0
2020-06-27T10:00:00Z,17.809991455078148,56.64400100708008,332.55999755859375,79.38172560918088,3.2565163483445865,0,0
2020-06-27T11:00:00Z,19.040002441406273,168.76800537109375,332.489990234375,80.42187821720745,3.2739119569991515,0,0
2020-06-27T12:00:00Z,20.279992675781273,209.54400634765625,395.8399963378906,80.8643499250314,3.300545248069641,0,0
2020-06-27T13:00:00Z,21.210046386718773,307.39202880859375,395.7999877929687,75.19574183170099,3.16734893799909,0,0
2020-06-27T14:00:00Z,22.129998779296898,395.1160278320313,395.7599792480469,69.9823339587805,3.079382988478263,0.006259200096130371,0
2020-06-27T15:00:00Z,23.049981689453148,229.8440093994141,408.239990234375,65.14224825119575,3.0358688788087442,0.01623360013961792,0
2020-06-27T16:00:00Z,22.079980468750023,248.91201782226565,408.2599792480469,74.15599381071361,2.736494074880055,0.05313599967956543,0
2020-06-27T17:00:00Z,21.100000000000023,252.6940155029297,408.28997802734375,84.11488019017447,2.4910439811960163,0.049497596740722655,0
2020-06-27T18:00:00Z,20.129998779296898,402.7380065917969,406.66998291015625,95.01168708546793,2.309328930902452,0.15636479187011718,0
2020-06-27T19:00:00Z,20.939996337890648,374.6340026855469,406.6199951171875,92.26309983760255,2.72058811154849,0.05592959976196289,0
2020-06-27T20:00:00Z,21.739984130859398,327.01800537109375,406.5799865722656,89.63580116797894,3.6731592651944727,0.0026495999693870544,0
2020-06-27T21:00:00Z,22.549981689453148,401.1850280761719,396.6099853515625,87.01287047863832,4.869630349276819,0.002063999891281128,0
2020-06-27T22:00:00Z,22.559991455078148,275.24102783203125,396.6099853515625,87.68181295062669,4.130205525931352,0,0
2020-06-27T23:00:00Z,22.570001220703148,164.00900268554688,396.6099853515625,88.35017471954404,3.390943743793427,0,0
2020-06-28T00:00:00Z,22.570001220703148,39.64800262451172,392.8999938964844,89.07316771378107,2.651980288629546,0,0
2020-06-28T01:00:00Z,21.730035400390648,0,392.9499816894531,90.0840629118752,2.2705505748845036,0,0
2020-06-28T02:00:00Z,20.890039062500023,0,393,90.97444600060675,1.9731192939924724,0,0
2020-06-28T03:00:00Z,20.040002441406273,0,371.4299926757813,91.78261845271277,1.7846568344332479,0,0
2020-06-28T04:00:00Z,19.839990234375023,0,371.44000244140625,91.65330458850885,1.7813758341729948,0,0
2020-06-28T05:00:00Z,19.640008544921898,0,371.4499816894531,91.50602673909077,1.7901117412757241,0,0
2020-06-28T06:00:00Z,19.439996337890648,0,345.739990234375,91.34193703413818,1.8149655238337181,0,0
2020-06-28T07:00:00Z,18.890008544921898,0,345.7699890136719,91.92106327973141,1.8944655449239238,0,0
2020-06-28T08:00:00Z,18.330041503906273,0,345.79998779296875,92.49634483916147,2.271783422647177,0,0
2020-06-28T09:00:00Z,17.780023193359398,0,362.1199951171875,92.94676055955965,2.823915642350341,0,0
2020-06-28T10:00:00Z,19.029992675781273,50.94400405883789,362.0499877929687,92.65160639118669,2.503317771165666,0,0
2020-06-28T11:00:00Z,20.279992675781273,153.09600830078125,361.97998046875,91.92728208357619,2.185886485400927,0,0
2020-06-28T12:00:00Z,21.529992675781273,298.18402099609375,395.6199951171875,90.84657723508695,1.8808773551992621,0,0
2020-06-28T13:00:00Z,23.030023193359398,437.7920227050781,395.53997802734375,85.87801496430585,1.9184628689920573,0,0
2020-06-28T14:00:00Z,24.540002441406273,562.9940185546875,395.4599914550781,81.10066176486878,2.0030226903964294,0,0
2020-06-28T15:00:00Z,26.040032958984398,669.1070556640625,404.6399841308594,76.61297478340025,2.102974000585959,0,0
2020-06-28T16:00:00Z,26.519982910156273,724.76104736328125,404.6300048828125,72.85865091437417,2.517955517456243,3.263999819755553e-4,0
2020-06-28T17:00:00Z,26.999993896484398,735.9200439453125,404.6099853515625,69.26480865039845,2.933751731810287,0.002208000004291534,0
2020-06-28T18:00:00Z,27.480004882812523,503.4040222167969,415.47998046875,65.82272147563569,3.3410477002228878,0.011423999547958374,0
2020-06-28T19:00:00Z,27.369989013671898,468.35302734375,415.489990234375,66.47421968210412,2.776562489816028,0.030355198860168457,0
2020-06-28T20:00:00Z,27.260003662109398,408.8660278320313,415.489990234375,67.1340910045381,2.2536414706249137,0.004511999845504761,0
2020-06-28T21:00:00Z,27.149987792968773,342.72100830078125,404.7699890136719,67.79794688285942,1.8006942873662644,0.02858880043029785,0
2020-06-28T22:00:00Z,26.340020751953148,235.17300415039065,404.7999877929687,71.77653942574624,1.7018225328565155,0.003983999848365784,0
2020-06-28T23:00:00Z,25.529992675781273,140.16400146484375,404.8399963378906,76.00735482320727,1.6745147809344196,0,0
2020-06-29T00:00:00Z,24.719995117187523,29.680002212524418,399.5899963378906,80.50219943901573,1.7014111777031145,0,0
2020-06-29T01:00:00Z,23.920007324218773,0,399.6399841308594,80.8150759123233,1.598903545855342,0,0
2020-06-29T02:00:00Z,23.119989013671898,0,399.69000244140625,80.97458591631928,1.5079124666429382,0,0
2020-06-29T03:00:00Z,22.320031738281273,0,371.5,80.96638400746512,1.4190489844825467,0,0
2020-06-29T04:00:00Z,21.799981689453148,0,371.5299987792969,81.49527682563325,0.9277930374776685,0,0
2020-06-29T05:00:00Z,21.279992675781273,0,371.55999755859375,81.98002365745081,1.5164431962273888,0,0
2020-06-29T06:00:00Z,20.760003662109398,0,357.5199890136719,82.41896319323591,2.5325480222338363,0,0
2020-06-29T07:00:00Z,20.159997558593773,0,357.54998779296875,84.13580954254206,2.7083019829114225,0,0
2020-06-29T08:00:00Z,19.549981689453148,0,357.5699768066406,85.92643247911954,2.8897924045395604,0,0
2020-06-29T09:00:00Z,18.939996337890648,0,367.0299987792969,87.74416571896035,3.066463617347536,0,0
2020-06-29T10:00:00Z,19.980004882812523,53.41200256347656,366.9700012207031,87.72559230631678,3.1654541221659906,0,0
2020-06-29T11:00:00Z,21.010003662109398,162.04000854492188,366.9100036621094,87.45445962655164,3.2747059579134867,0,0
2020-06-29T12:00:00Z,22.049981689453148,300.06402587890625,381.6199951171875,86.86586029644172,3.376536665733323,0,0
2020-06-29T13:00:00Z,22.839990234375023,440.9280090332031,381.5899963378906,81.50107092155,3.7834508335076764,0,0
2020-06-29T14:00:00Z,23.640008544921898,567.31402587890625,381.55999755859375,76.42527409570846,4.422544592398846,0,0
2020-06-29T15:00:00Z,24.429986572265648,761.530029296875,386.1000061035156,71.71131919455577,5.214834487209596,0,0
2020-06-29T16:00:00Z,25.140039062500023,825.0810546875,386.0699768066406,68.8626457948014,5.034332180658024,0,0
2020-06-29T17:00:00Z,25.850000000000023,837.93603515625,386.03997802734375,66.14273524310727,4.8538744953712625,0.04039680004119873,0
2020-06-29T18:00:00Z,26.570031738281273,683.2860107421875,411.8599853515625,63.504528497193206,4.683267773328319,0.005836799740791321,0
2020-06-29T19:00:00Z,26.249993896484398,635.801025390625,411.8699951171875,65.58038674226533,4.534754715366732,0,0
2020-06-29T20:00:00Z,25.929986572265648,555.13800048828125,411.8800048828125,67.71758185724956,4.387823983345793,0.0175295991897583,0
2020-06-29T21:00:00Z,25.610040283203148,260.6910095214844,412.3199768066406,69.91448979818924,4.253962898128021,0.04311359882354736,0
2020-06-29T22:00:00Z,24.709985351562523,178.88600158691406,412.3499755859375,74.19494261794063,3.6684872999092355,0.04638719844818114,0
2020-06-29T23:00:00Z,23.809991455078148,106.60400390625,412.3899841308594,78.76214527768805,3.092911191593118,0.037209600448608396,0
2020-06-30T00:00:00Z,22.920007324218773,22.448001861572266,390.5099792480469,83.58905995691309,2.508944019100572,0.002150399923324585,0
2020-06-30T01:00:00Z,21.799981689453148,0,390.5799865722656,84.26142296172716,2.7365124160384564,0,0
2020-06-30T02:00:00Z,20.690026855468773,0,390.6399841308594,84.5936722446538,2.9558415016550486,0,0
2020-06-30T03:00:00Z,19.570001220703148,0,368.05999755859375,84.6395363683732,3.185215693884964,0,0
2020-06-30T04:00:00Z,18.950006103515648,0,368.0899963378906,86.73667238935903,3.0173497051176126,0,0
2020-06-30T05:00:00Z,18.329980468750023,0,368.1199951171875,88.87903893329958,2.9441636314308073,0,0
2020-06-30T06:00:00Z,17.710046386718773,0,375.0699768066406,91.07164041793874,2.9910031168560196,0,0
2020-06-30T07:00:00Z,17.480035400390648,0,375.0799865722656,92.43933096231531,2.6217741625267053,0,0
2020-06-30T08:00:00Z,17.249993896484398,0,375.0899963378906,93.82690164435365,2.3817010132008374,0,0
2020-06-30T09:00:00Z,17.010003662109398,0,382.8199768066406,95.30068940414229,2.3013908360747437,0,0
2020-06-30T10:00:00Z,17.619989013671898,30.444002151489254,382.7799987792969,94.03425367206965,2.120424380766892,0,0
2020-06-30T11:00:00Z,18.219995117187523,93.31200408935548,382.75,92.80027364245122,1.959719316628485,9.599999785423279e-4,0
2020-06-30T12:00:00Z,18.830041503906273,206.2880096435547,388.6000061035156,91.48216079112254,1.802359573466765,0,0
2020-06-30T13:00:00Z,19.550042724609398,303.40802001953125,388.55999755859375,87.36045833506898,2.395266039413298,0,0
2020-06-30T14:00:00Z,20.279992675781273,390.5790100097656,388.5299987792969,83.390572511217,3.184415152823501,0,0
2020-06-30T15:00:00Z,20.999993896484398,537.5469970703125,393.1399841308594,79.67278558740695,4.043525564271174,0,0
2020-06-30T16:00:00Z,21.409997558593773,582.55401611328125,393.1199951171875,79.14679553400869,3.8011839871129793,0,0
2020-06-30T17:00:00Z,21.820001220703148,591.7550048828125,393.0899963378906,78.6018915082077,3.5769398645428323,0.025305599212646485,0
2020-06-30T18:00:00Z,22.239984130859398,551.2010498046875,400.7999877929687,77.99299165756892,3.3744036138246596,0,0
2020-06-30T19:00:00Z,22.629998779296898,512.96600341796875,400.7799987792969,76.76916905397648,3.361621480922417,0,0
2020-06-30T20:00:00Z,23.019982910156273,447.91802978515625,400.7599792480469,75.56568897717503,3.373425488717843,0.00781439995765686,0
2020-06-30T21:00:00Z,23.409997558593773,393.7250061035156,390.7799987792969,74.38077297481551,3.4265432874816786,0,0
2020-06-30T22:00:00Z,22.899987792968773,270.18402099609375,390.7999877929687,76.8584663117709,2.7626074080494183,0,0
2020-06-30T23:00:00Z,22.399987792968773,161.00100708007813,390.8199768066406,79.3794032237334,2.121626741091576,0.013267199993133545,0
2020-07-01T00:00:00Z,21.890039062500023,21.536001205444336,383.19000244140625,82.04123651808189,1.5071164112066233,0,0
2020-07-01T01:00:00Z,21.049981689453148,0,383.239990234375,81.97362542595201,1.4758047905130405,0,0
2020-07-01T02:00:00Z,20.219995117187523,0,383.2999877929687,81.63493268134606,1.513439698990608,0.011750399351119996,0
2020-07-01T03:00:00Z,19.379998779296898,0,366.239990234375,81.0993350050214,1.6215116451913774,0.026035200119018553,0
2020-07-01T04:00:00Z,18.950006103515648,0,366.2599792480469,82.89175744316186,1.516080482391046,0,0
2020-07-01T05:00:00Z,18.510034179687523,0,366.2799987792969,84.78214942815406,1.445579475175836,0,0
2020-07-01T06:00:00Z,18.070031738281273,0,359.3599853515625,86.71808094822003,1.4152385064827329,0,0
2020-07-01T07:00:00Z,17.689996337890648,0,359.3800048828125,87.90700865883544,1.4227438301726179,0,0
2020-07-01T08:00:00Z,17.299981689453148,0,359.3999938964844,89.16513269857649,1.6198765214320783,0,0
2020-07-01T09:00:00Z,16.920037841796898,0,361.9599914550781,90.3792006427562,1.9436562948730627,0,0
2020-07-01T10:00:00Z,18.000024414062523,51.35600280761719,361.8999938964844,90.89042069510839,1.680118990947697,0,0
2020-07-01T11:00:00Z,19.089990234375023,159.15200805664065,361.8399963378906,90.91543401482438,1.442567103839902,0,0
2020-07-01T12:00:00Z,20.170007324218773,317.3680114746094,375.3699951171875,90.63129594577929,1.236486910769625,0,0
2020-07-01T13:00:00Z,21.179986572265648,463.39202880859375,375.3199768066406,85.21536970882687,1.2712984671866832,0,0
2020-07-01T14:00:00Z,22.179986572265648,591.258056640625,375.2799987792969,80.20913169717147,1.3064838293588015,0,0
2020-07-01T15:00:00Z,23.189996337890648,672.22900390625,391.03997802734375,75.48446938728637,1.3420133773958463,0,0
2020-07-01T16:00:00Z,23.959985351562523,735.10302734375,391,72.0458369965824,1.2571793992750877,0,0
2020-07-01T17:00:00Z,24.739984130859398,762.2060546875,390.9700012207031,68.73823516362222,1.180889452249315,3.83999990299344e-5,0
2020-07-01T18:00:00Z,25.510003662109398,608.19805908203125,395.5299987792969,65.63822785788861,1.111125569618183,4.7999998927116384e-4,0
2020-07-01T19:00:00Z,25.480004882812523,528.7060546875,395.5299987792969,65.73178273861414,1.3705838316271937,0.03914879894256592,0
2020-07-01T20:00:00Z,25.439996337890648,456.385009765625,395.5299987792969,65.86511521396584,1.6278819625806387,1.7279999703168864e-4,0
2020-07-01T21:00:00Z,25.399987792968773,478.1190185546875,376.2599792480469,65.99776251646139,1.8970766025982118,0.014822399139404297,0
2020-07-01T22:00:00Z,24.809991455078148,330.791015625,376.2699890136719,70.08703240737974,1.7652761202571905,0.017827199935913085,0
2020-07-01T23:00:00Z,24.219995117187523,197.0510101318359,376.28997802734375,74.3991185029795,1.6434414712843763,9.023999869823456e-4,0
2020-07-02T00:00:00Z,23.629998779296898,25.23200035095215,382.8800048828125,78.94403404805527,1.5339491548858983,0.0011903999447822572,0
2020-07-02T01:00:00Z,22.730004882812523,0,382.94000244140625,79.12541921792017,1.6769316723915546,0.0014783999919891358,0
2020-07-02T02:00:00Z,21.829980468750023,0,382.989990234375,79.09807067663918,1.8151583041100445,0,0
2020-07-02T03:00:00Z,20.940026855468773,0,356.8800048828125,78.78309794087528,1.9629059874583459,0,0
2020-07-02T04:00:00Z,20.320001220703148,0,356.9100036621094,80.25230555502678,2.114355607898088,0,0
2020-07-02T05:00:00Z,19.700006103515648,0,356.94000244140625,81.728193051513,2.292182327847149,0,0
2020-07-02T06:00:00Z,19.079980468750023,0,342.2799987792969,83.2097950907516,2.4924285440834306,0,0
2020-07-02T07:00:00Z,18.700006103515648,0,342.29998779296875,83.79516736778457,2.426684819363096,0,0
2020-07-02T08:00:00Z,18.320031738281273,0,342.30999755859375,84.3677911752803,2.3965390776393596,0,0
2020-07-02T09:00:00Z,17.929986572265648,0,351.25,84.9821656465887,2.4001874654987585,0,0
2020-07-02T10:00:00Z,19.180047607421898,56.90400314331055,351.17999267578125,86.1735910765052,2.422663836957215,0,0
2020-07-02T11:00:00Z,20.429986572265648,178.4560089111328,351.1099853515625,86.75215160363922,2.4748735621937747,0,0
2020-07-02T12:00:00Z,21.679986572265648,296.8320007324219,388.5799865722656,86.81340465373782,2.5460752975202574,0,0
2020-07-02T13:00:00Z,23.159997558593773,433.8400268554687,388.5099792480469,81.51454352550293,2.450510103781248,0,0
2020-07-02T14:00:00Z,24.649987792968773,553.864013671875,388.44000244140625,76.50004802891044,2.3705906604157403,0,0
2020-07-02T15:00:00Z,26.129998779296898,762.2030639648436,389.6300048828125,71.84719530669587,2.30054332908414,0,0
2020-07-02T16:00:00Z,27.209985351562523,833.73406982421875,389.5799865722656,68.3146962363797,2.545623628169683,0,0
2020-07-02T17:00:00Z,28.279992675781273,864.6240234375,389.5299987792969,65.0107827309441,2.788906550302938,0,0
2020-07-02T18:00:00Z,29.350000000000023,868.65203857421875,403.8899841308594,61.884533257034896,3.043566876756004,0,0
2020-07-02T19:00:00Z,29.719995117187523,755.1820068359375,403.8699951171875,61.381178087392314,3.422425981449874,9.599999757483601e-6,0
2020-07-02T20:00:00Z,30.100000000000023,651.92901611328125,403.8500061035156,60.83910283012925,3.8817134764488523,0,0
2020-07-02T21:00:00Z,30.469995117187523,464.3960266113281,411.8599853515625,60.32944231143012,4.405280718794645,4.799999669194199e-5,0
2020-07-02T22:00:00Z,29.340020751953148,321.2560119628906,411.8999938964844,65.85039313772725,3.9822102826731642,0,0
2020-07-02T23:00:00Z,28.209985351562523,191.27601623535156,411.94000244140625,71.88197752018033,3.596067109613658,3.839999735355377e-4,0
2020-07-03T00:00:00Z,27.070001220703148,26.992000579833984,406.1199951171875,78.51851477180921,3.260690035077285,0.006969599962234497,0
2020-07-03T01:00:00Z,25.950006103515648,0,406.1999816894531,77.97811578337529,3.3165191312272944,8.928000032901764e-4,0
2020-07-03T02:00:00Z,24.829980468750023,0,406.2699890136719,77.0138248870695,3.382927707294356,0,0
2020-07-03T03:00:00Z,23.700006103515648,0,368.8999938964844,75.60837535275806,3.452491768171814,0,0
2020-07-03T04:00:00Z,22.969995117187523,0,368.94000244140625,76.85660821446116,3.554855686509925,0,0
2020-07-03T05:00:00Z,22.249993896484398,0,368.97998046875,78.02895455697299,3.69066375033767,0,0
2020-07-03T06:00:00Z,21.519982910156273,0,360.0299987792969,79.2140925338564,3.8550745804445996,0,0
2020-07-03T07:00:00Z,21.219995117187523,0,360.03997802734375,80.19207195321596,3.779153371589152,0,0
2020-07-03T08:00:00Z,20.920007324218773,0,360.05999755859375,81.17824859681605,3.71615392517763,0,0
2020-07-03T09:00:00Z,20.619989013671898,0,373.5899963378906,82.17880884974903,3.6555984658765137,0,0
2020-07-03T10:00:00Z,21.760003662109398,47.94400405883789,373.5199890136719,82.31005356411416,3.2760493814026814,0,0
2020-07-03T11:00:00Z,22.899987792968773,152.2880096435547,373.4599914550781,82.08104317467634,2.9049266934460714,2.159999907016752e-4,0
2020-07-03T12:00:00Z,24.040002441406273,163.49600219726565,421.5999755859375,81.54570552868209,2.5459182717742155,0,0
2020-07-03T13:00:00Z,24.999993896484398,239.2160186767578,421.5499877929687,79.04157587934108,2.527647064450743,0,0
2020-07-03T14:00:00Z,25.959985351562523,305.5710144042969,421.489990234375,76.58711865672741,2.5087446378166867,0,0
2020-07-03T15:00:00Z,26.909997558593773,566.38800048828125,423.739990234375,74.23123050332121,2.5076880487002633,0,0
2020-07-03T16:00:00Z,27.490045166015648,619.70904541015625,423.7099914550781,71.66089740905181,1.9797474553183028,0,0
2020-07-03T17:00:00Z,28.059991455078148,642.781005859375,423.6799926757813,69.22958722395612,1.4524806467497027,5.7599997147917515e-5,0
2020-07-03T18:00:00Z,28.639978027343773,577.3570556640625,424.5699768066406,66.84959145963823,0.9323089138943278,0.016972799777984618,0
2020-07-03T19:00:00Z,28.109979248046898,501.9910278320313,424.5899963378906,69.05184588619731,1.2669648845536394,0.020390398979187013,0
2020-07-03T20:00:00Z,27.570001220703148,433.3700256347656,424.6099853515625,71.3760453299506,1.638841049358685,0.04926719856262207,0
2020-07-03T21:00:00Z,27.040002441406273,330.2760009765625,413.1999816894531,73.74303033384236,2.0212124883309124,0.03517440032958984,0
2020-07-03T22:00:00Z,25.920007324218773,228.4390106201172,413.2599792480469,77.1693632877991,2.4501836543146793,0.030585599899291993,0
2020-07-03T23:00:00Z,24.800042724609398,135.94200134277344,413.3199768066406,80.75266100772055,3.1781913317694603,0.019276800155639647,0
2020-07-04T00:00:00Z,23.680047607421898,22.75200080871582,388.47998046875,84.503423714606825,4.0517897446027575,0.0034367998838424683,0
2020-07-04T01:00:00Z,22.719995117187523,0,388.53997802734375,86.73246552765274,3.481737993647088,0.0011327999532222746,0
2020-07-04T02:00:00Z,21.750024414062523,0,388.5899963378906,89.00398667247687,2.987440192481858,0,0
2020-07-04T03:00:00Z,20.779992675781273,0,373.7999877929687,91.25314692405095,2.578158256196049,0,0
2020-07-04T04:00:00Z,20.219995117187523,0,373.8299865722656,92.06076734578393,2.4423349437270545,0,0
2020-07-04T05:00:00Z,19.659997558593773,0,373.8699951171875,92.8249425869917,2.374531517322483,0,0
2020-07-04T06:00:00Z,19.100000000000023,0,346.03997802734375,93.53657430474345,2.363810425565488,0,0
2020-07-04T07:00:00Z,18.760003662109398,0,346.05999755859375,93.46101396389064,1.9407729630630814,0,0
2020-07-04T08:00:00Z,18.429986572265648,0,346.0799865722656,93.28424909591716,1.5044599978180087,0,0
2020-07-04T09:00:00Z,18.089990234375023,0,336.8899841308594,93.1198794738139,1.078007370610422,0,0
2020-07-04T10:00:00Z,19.089990234375023,57.16400146484375,336.8299865722656,92.74155887646798,0.9340770878040338,0,0
2020-07-04T11:00:00Z,20.089990234375023,184.0800018310547,336.7799987792969,92.09830512276287,0.8792041671056071,0,0
2020-07-04T12:00:00Z,21.089990234375023,362.072021484375,366.91998291015625,91.22549993363535,0.9199999570846558,0,0
2020-07-04T13:00:00Z,22.589990234375023,530.3680419921875,366.8500061035156,86.69650872774177,1.0630145437056715,0,0
2020-07-04T14:00:00Z,24.079980468750023,677.90106201171875,366.7699890136719,82.38187891532992,1.2465150942123802,0,0
2020-07-04T15:00:00Z,25.579980468750023,753.655029296875,396.6799926757813,78.18042671345398,1.4534441320628484,0,0
2020-07-04T16:00:00Z,26.480035400390648,824.8160400390625,396.6499938964844,72.78590937150446,1.6055527991354077,0,0
2020-07-04T17:00:00Z,27.390039062500023,855.71905517578125,396.6099853515625,67.72668501042179,1.7620725620951163,0,0
2020-07-04T18:00:00Z,28.290002441406273,812.2420654296875,408.4499816894531,63.05895706176738,1.9231483859480394,0,0
2020-07-04T19:00:00Z,28.510034179687523,706.2750244140625,408.44000244140625,62.50485638838753,1.111125569618183,0,0
2020-07-04T20:00:00Z,28.719995117187523,609.7320556640625,408.4299926757813,61.99236245812925,0.9235799699535246,0,0
2020-07-04T21:00:00Z,28.939996337890648,378.4660034179687,434.9700012207031,61.44861507295956,1.602529155468584,0,0
2020-07-04T22:00:00Z,28.260003662109398,261.7060241699219,434.97998046875,67.76793590022743,1.4684004572798925,0,0
2020-07-04T23:00:00Z,27.589990234375023,155.60800170898438,434.989990234375,74.4721528233854,1.4354442033862398,0,0
2020-07-05T00:00:00Z,26.920007324218773,31.39200210571289,411.2200012207031,81.62477473977361,1.4991330017726217,0,0
2020-07-05T01:00:00Z,25.520043945312523,0,411.30999755859375,81.61455784196717,1.8588436725976163,0,0
2020-07-05T02:00:00Z,24.129998779296898,0,411.3999938964844,80.97411935746578,2.2563022172332765,0,0
2020-07-05T03:00:00Z,22.739984130859398,0,363.9100036621094,79.63520287377429,2.6666081875667356,0,0
2020-07-05T04:00:00Z,21.850030517578148,0,363.9599914550781,81.2479237074117,2.7910033201828695,0,0
2020-07-05T05:00:00Z,20.959985351562523,0,364,82.81417943475697,2.9502033622280845,0,0
2020-07-05T06:00:00Z,20.060021972656273,0,334.7699890136719,84.3764285301083,3.153696271065985,0,0
2020-07-05T07:00:00Z,19.529992675781273,0,334.79998779296875,84.58633281750978,3.080259771724905,0,0
2020-07-05T08:00:00Z,19.010034179687523,0,334.82000732421875,84.6651990948575,3.051311063706331,0,0
2020-07-05T09:00:00Z,18.480004882812523,0,330.72998046875,84.71814890615387,3.0808114768651045,0,0
2020-07-05T10:00:00Z,19.760003662109398,56.676002502441406,330.6600036621094,84.13138425114442,2.765375035980206,0,0
2020-07-05T11:00:00Z,21.040002441406273,185.20001220703125,330.6000061035156,83.17922385703471,2.4946543015626053,0,0
2020-07-05T12:00:00Z,22.320001220703148,365.4720153808594,355.04998779296875,81.92835743122957,2.307834435081711,0,0
2020-07-05T13:00:00Z,23.869989013671898,535.968017578125,354.989990234375,72.87300809425068,2.3049728619514998,0,0
2020-07-05T14:00:00Z,25.430047607421898,685.5040283203125,354.94000244140625,64.81742059579203,2.3312228588129966,0,0
2020-07-05T15:00:00Z,26.989984130859398,777.42901611328125,368.6499938964844,57.68178780683979,2.366600962414075,0,0
2020-07-05T16:00:00Z,27.489984130859398,851.0550537109375,368.6300048828125,56.01527557193081,2.8653097447296685,0,0
2020-07-05T17:00:00Z,27.999993896484398,883.10302734375,368.6099853515625,54.369618143609806,3.4072422109334752,0,0
2020-07-05T18:00:00Z,28.499993896484398,864.59002685546875,377.8399963378906,52.80948801410192,3.9755502092090835,0,0
2020-07-05T19:00:00Z,28.670037841796898,751.82403564453125,377.8299865722656,53.40579735963938,3.7804231957790884,0,0
2020-07-05T20:00:00Z,28.839990234375023,649.07000732421875,377.8199768066406,53.98753225365574,3.5921302331687937,0,0
2020-07-05T21:00:00Z,28.999993896484398,518.5780029296875,376.80999755859375,54.582961025666286,3.41180299614801,0,0
2020-07-05T22:00:00Z,28.059991455078148,358.47900390625,376.8399963378906,58.9548316082281,2.826888666467824,0,0
2020-07-05T23:00:00Z,27.119989013671898,212.95501708984375,376.8800048828125,63.67387313238678,2.250888688377645,0,0
2020-07-06T00:00:00Z,26.180047607421898,32.8640022277832,350.239990234375,68.76684037865077,1.670029873323795,0,0
2020-07-06T01:00:00Z,25.189996337890648,0,350.29998779296875,67.13162647093388,1.4675489738194856,0,0
2020-07-06T02:00:00Z,24.200006103515648,0,350.3599853515625,65.0533381513126,1.3505923740765964,0,0
2020-07-06T03:00:00Z,23.210046386718773,0,341.7599792480469,62.475754136137276,1.3201893315305486,0,0
2020-07-06T04:00:00Z,22.719995117187523,0,341.7799987792969,63.68024701249402,1.4946570706086413,0,0
2020-07-06T05:00:00Z,22.220025634765648,0,341.80999755859375,64.94794000502509,1.6686521496033973,0,0
2020-07-06T06:00:00Z,21.719995117187523,0,339.78997802734375,66.23853908866857,1.846212305854155,0,0
2020-07-06T07:00:00Z,21.230004882812523,0,339.80999755859375,68.03968324231947,2.0527298165340624,0,0
2020-07-06T08:00:00Z,20.739984130859398,0,339.8299865722656,69.89460634072232,2.264332008048455,0,0
2020-07-06T09:00:00Z,20.239984130859398,0,345.91998291015625,71.85022250869555,2.4742674900526413,0,0
2020-07-06T10:00:00Z,21.399987792968773,55.34800338745117,345.8500061035156,73.55549088293562,2.108672479358993,0,0
2020-07-06T11:00:00Z,22.549981689453148,183.72000122070313,345.78997802734375,74.75589873884827,1.8071247581106566,0,0
2020-07-06T12:00:00Z,23.700006103515648,358.8800048828125,362.97998046875,75.48553368334912,1.6114900111327661,0,0
2020-07-06T13:00:00Z,25.020043945312523,526.92803955078125,362.9299926757813,70.49133065912356,1.565247546931442,0,0
2020-07-06T14:00:00Z,26.329980468750023,674.39300537109375,362.8699951171875,65.9073311189678,1.767399228998944,0,0
2020-07-06T15:00:00Z,27.639978027343773,775.8780517578125,382.0199890136719,61.65616106188552,2.1337759340628746,0,0
2020-07-06T16:00:00Z,28.060021972656273,849.59002685546875,382,60.67732391620468,1.8809571280899544,0,0
2020-07-06T17:00:00Z,28.480004882812523,881.7440185546875,381.97998046875,59.71279201780411,1.6985287590040175,0,0
2020-07-06T18:00:00Z,28.899987792968773,865.06402587890625,394.19000244140625,58.76243740773219,1.6105899116859557,0,0
2020-07-06T19:00:00Z,28.980004882812523,752.26702880859375,394.1799926757813,59.809943674634724,1.8944656092647578,0,0
2020-07-06T20:00:00Z,29.070001220703148,649.44805908203125,394.16998291015625,60.80966405199546,2.4242523482143077,0,0
2020-07-06T21:00:00Z,29.149987792968773,484.6940307617187,404.989990234375,61.833680263920044,3.073271774765352,0,0
2020-07-06T22:00:00Z,28.100000000000023,334.9350280761719,405.0199890136719,68.19516144292969,2.8460849628506564,0,0
2020-07-06T23:00:00Z,27.049981689453148,198.7620086669922,405.05999755859375,75.1533036410426,2.8083446753147414,0,0
2020-07-07T00:00:00Z,25.999993896484398,25.440000534057617,390.8999938964844,82.76289323762587,2.989999982026907,0,0
2020-07-07T01:00:00Z,24.659997558593773,0,390.97998046875,84.85370067401848,3.0795616010056417,0,0
2020-07-07T02:00:00Z,23.309991455078148,0,391.05999755859375,86.81404744188053,3.184540678017544,0,0
2020-07-07T03:00:00Z,21.959985351562523,0,373.1199951171875,88.54477835811582,3.2870958340887864,0,0
2020-07-07T04:00:00Z,21.359979248046898,0,373.1499938964844,90.37347362281804,3.264735696560446,0,0
2020-07-07T05:00:00Z,20.749993896484398,0,373.1799926757813,92.28267697706958,3.2469215088671732,0,0
2020-07-07T06:00:00Z,20.140008544921898,0,353.28997802734375,94.2195255013922,3.224561842599381,0,0
2020-07-07T07:00:00Z,19.559991455078148,0,353.32000732421875,95.02696704980013,3.113069187928426,0,0
2020-07-07T08:00:00Z,18.969995117187523,0,353.3500061035156,95.8396319202068,3.0059273313696804,0,0
2020-07-07T09:00:00Z,18.390008544921898,0,352.53997802734375,96.5296891006549,2.889999964657952,0,0
2020-07-07T10:00:00Z,19.249993896484398,52.8280029296875,352.489990234375,94.50061404380968,2.8622542055039006,0,0
2020-07-07T11:00:00Z,20.100000000000023,178.3280029296875,352.4499816894531,92.50366875129352,2.8488769721892684,0,0
2020-07-07T12:00:00Z,20.959985351562523,357.4560241699219,369.0099792480469,90.43214913600373,2.8779332390107353,0,0
2020-07-07T13:00:00Z,22.499993896484398,525.5040283203125,368.9299926757813,87.73001080108287,3.18578074157822,0,0
2020-07-07T14:00:00Z,24.029992675781273,673.0250244140625,368.8399963378906,84.89544430958877,3.5005285815960256,0,0
2020-07-07T15:00:00Z,25.570001220703148,767.73101806640625,398.6799926757813,81.88912319881426,3.8204711074824957,0,0
2020-07-07T16:00:00Z,26.499993896484398,840.90301513671875,398.6399841308594,79.50510227088247,4.4335311488688625,0,0
2020-07-07T17:00:00Z,27.429986572265648,872.8890380859375,398.5899963378906,77.1623429259363,5.144171157782229,0,0
2020-07-07T18:00:00Z,28.369989013671898,745.47406005859375,421.97998046875,74.82275811493304,5.910676809468866,0,0
2020-07-07T19:00:00Z,28.239984130859398,648.3050537109375,421.989990234375,76.2992866087757,6.30783630859478,0,0
2020-07-07T20:00:00Z,28.109979248046898,559.66302490234375,421.989990234375,77.79398977855692,6.705109786685872,0,0
2020-07-07T21:00:00Z,27.989984130859398,357.95001220703125,434.0199890136719,79.26191252086835,7.09989401402416,0,0
2020-07-07T22:00:00Z,27.170007324218773,247.2320098876953,434.0699768066406,82.09997718662872,6.520191626424115,0,0
2020-07-07T23:00:00Z,26.359979248046898,146.54501342773438,434.1099853515625,84.99785163966895,5.958137198271331,0,0
2020-07-08T00:00:00Z,25.549981689453148,26.68800163269043,420.9100036621094,88.00089243323254,5.398119716785254,0,0
2020-07-08T01:00:00Z,24.719995117187523,0,420.9599914550781,90.68552800039858,5.115310272303937,0,0
2020-07-08T02:00:00Z,23.899987792968773,0,421,93.38201264685947,4.836568725763346,0,0
2020-07-08T03:00:00Z,23.079980468750023,0,410.0499877929687,96.14231799220634,4.564832907719151,0,0
2020-07-08T04:00:00Z,22.869989013671898,0,410.0699768066406,96.65197076668026,4.371384105710142,0,0
2020-07-08T05:00:00Z,22.659997558593773,0,410.0799865722656,97.15690916726967,4.179999828338623,0,0
2020-07-08T06:00:00Z,22.450006103515648,0,402.9100036621094,97.6632854458049,3.991252945493572,0,0
2020-07-08T07:00:00Z,22.279992675781273,0,402.91998291015625,97.52328967493614,3.6316661602893876,0,0
2020-07-08T08:00:00Z,22.109979248046898,0,402.9299926757813,97.37293375125427,3.2625909851804376,0,0
2020-07-08T09:00:00Z,21.939996337890648,0,398.22998046875,97.20806121148257,2.8933888830320846,0,0
2020-07-08T10:00:00Z,22.580041503906273,43.20000076293945,398.19000244140625,94.82936032398418,3.028035655598175,0,0
2020-07-08T11:00:00Z,23.219995117187523,148.4720001220703,398.1600036621094,92.50398036933743,3.1745549599232037,0,0
2020-07-08T12:00:00Z,23.859979248046898,339.3840026855469,399.0699768066406,90.23371933944031,3.3287985753674016,0,0
2020-07-08T13:00:00Z,25.219995117187523,499.5840148925781,399,86.57910043645474,3.8999485844377433,0,0
2020-07-08T14:00:00Z,26.589990234375023,640.28302001953125,398.9299926757813,82.94234458979115,4.535118248774233,0,0
2020-07-08T15:00:00Z,27.950006103515648,578.29803466796875,426.6300048828125,79.44132644379299,5.210950069017708,0,0
2020-07-08T16:00:00Z,27.869989013671898,633.59600830078125,426.6399841308594,79.20331007436451,5.305327570596598,0.02613119888305664,0
2020-07-08T17:00:00Z,27.790002441406273,657.80401611328125,426.6499938964844,78.9616699330591,5.431113897271043,0.12815040206909178,0
2020-07-08T18:00:00Z,27.719995117187523,428.4820251464844,436.5799865722656,78.66822179904561,5.57724819905051,0.08000639533996581,0
2020-07-08T19:00:00Z,27.829980468750023,372.6340026855469,436.5799865722656,77.793559914588,5.409805844766386,0.011385599613189697,0
2020-07-08T20:00:00Z,27.950006103515648,321.6750183105469,436.5699768066406,76.88406775640692,5.245836492661224,0,0
2020-07-08T21:00:00Z,28.070001220703148,439.5990295410156,409.8699951171875,75.98228297164563,5.078434559187039,0,0
2020-07-08T22:00:00Z,27.290032958984398,303.4800109863281,409.9100036621094,79.41363949050388,4.508136951975951,0,0
2020-07-08T23:00:00Z,26.510003662109398,179.61700439453125,409.9499816894531,83.02235362936827,3.9561218520106194,0,0
2020-07-09T00:00:00Z,25.730004882812523,16.560001373291016,409.0199890136719,86.81343581357439,3.434239261572366,9.599999757483601e-6,0
2020-07-09T01:00:00Z,24.730004882812523,0,409.0799865722656,87.8980757033466,3.35882410414182,0,0
2020-07-09T02:00:00Z,23.739984130859398,0,409.1399841308594,88.75830462072955,3.280868704434555,0,0
2020-07-09T03:00:00Z,22.749993896484398,0,366.8899841308594,89.41857438441419,3.2112613587495975,0,0
2020-07-09T04:00:00Z,22.309991455078148,0,366.91998291015625,90.29800519732456,3.1737042768204007,0,0
2020-07-09T05:00:00Z,21.859979248046898,0,366.94000244140625,91.2200312484628,3.1434057087385217,0,0
2020-07-09T06:00:00Z,21.409997558593773,0,362.3399963378906,92.1291580647415,3.120576873414303,0,0
2020-07-09T07:00:00Z,21.189996337890648,0,362.3500061035156,91.94188052370026,3.0346168435204732,0,0
2020-07-09T08:00:00Z,20.959985351562523,0,362.3699951171875,91.78810019664583,2.9426688431206167,0,0
2020-07-09T09:00:00Z,20.730004882812523,0,364.4599914550781,91.61420910707824,2.8602096688836642,0,0
2020-07-09T10:00:00Z,21.899987792968773,50.1400032043457,364.3899841308594,91.15224345582857,2.444033497359169,0,0
2020-07-09T11:00:00Z,23.060021972656273,175.64801025390625,364.3199768066406,90.41333627226372,2.028299708196083,0,0
2020-07-09T12:00:00Z,24.230004882812523,353.2560119628906,390.8899841308594,89.33960571588565,1.6148374397143466,0,0
2020-07-09T13:00:00Z,25.809991455078148,520.70404052734375,390.80999755859375,84.80893965901777,2.0248456260330423,0,0
2020-07-09T14:00:00Z,27.389978027343773,667.8370361328125,390.72998046875,80.43530109561256,2.4573561478439943,0,0
2020-07-09T15:00:00Z,28.969995117187523,722.9150390625,425.8299865722656,76.22968243420222,2.889030889788971,0,0
2020-07-09T16:00:00Z,29.700006103515648,792.23101806640625,425.7999877929687,73.18150757401065,3.686108908697083,0,0
2020-07-09T17:00:00Z,30.439996337890648,822.666015625,425.7599792480469,70.22690633804973,4.487281782247808,0,0
2020-07-09T18:00:00Z,31.170007324218773,864.5400390625,420.8399963378906,67.44533154054373,5.310404794712897,0,0
2020-07-09T19:00:00Z,31.309991455078148,751.86602783203125,420.8299865722656,67.55045425677072,5.042549064560177,0,0
2020-07-09T20:00:00Z,31.459985351562523,648.99005126953125,420.8199768066406,67.61113102144152,4.786585485755964,0,0
2020-07-09T21:00:00Z,31.600030517578148,499.7040100097656,420.3599853515625,67.70511868438989,4.536573631339709,0,0
2020-07-09T22:00:00Z,30.459985351562523,344.77301025390625,420.4100036621094,72.75516929772446,4.1043632253423175,0,0
2020-07-09T23:00:00Z,29.320001220703148,203.74600219726565,420.4599914550781,78.21975520868747,3.6971608915250957,0,0
2020-07-10T00:00:00Z,28.179986572265648,27.50400161743164,381.5699768066406,84.13580715227988,3.300742293080331,0,0
2020-07-10T01:00:00Z,26.749993896484398,0,381.6499938964844,86.07640651790267,3.2936909086294146,0,0
2020-07-10T02:00:00Z,25.320031738281273,0,381.72998046875,87.75924359672804,3.3126726136056,0,0
2020-07-10T03:00:00Z,23.880029296875023,0,366.6600036621094,89.16968949927383,3.3474169031246443,0,0
2020-07-10T04:00:00Z,23.369989013671898,0,366.69000244140625,89.92066667301785,3.2693881531313935,0,0
2020-07-10T05:00:00Z,22.859979248046898,0,366.7099914550781,90.63435418177798,3.1924911097714195,0,0
2020-07-10T06:00:00Z,22.350030517578148,0,360.1499938964844,91.30990698128497,3.1236036893781782,0,0
2020-07-10T07:00:00Z,21.980004882812523,0,360.17999267578125,91.42731897698326,2.5453093824654376,0,0
2020-07-10T08:00:00Z,21.620019531250023,0,360.1999816894531,91.45051313044874,2.1284031505330554,0,0
2020-07-10T09:00:00Z,21.249993896484398,0,360.8899841308594,91.49265308997187,1.9777258962667619,0,0
2020-07-10T10:00:00Z,22.339990234375023,49.08000183105469,360.8299865722656,90.84419930090185,2.1489764170943637,0,0
2020-07-10T11:00:00Z,23.429986572265648,175.49600219726565,360.7699890136719,89.92888732970562,2.353316722906712,0,0
2020-07-10T12:00:00Z,24.519982910156273,325.1600036621094,392.0899963378906,88.78960912314628,2.6000191353305255,0,0
2020-07-10T13:00:00Z,25.589990234375023,479.968017578125,392.03997802734375,84.14065321423459,3.61247827711471,0,0
2020-07-10T14:00:00Z,26.670007324218773,616.0400390625,391.989990234375,79.71506334853085,4.647601661078119,0,0
2020-07-10T15:00:00Z,27.739984130859398,639.5880126953125,413.9700012207031,75.58964823556575,5.690035034006469,0,0
2020-07-10T16:00:00Z,27.710046386718773,701.1180419921875,413.9700012207031,74.97183664556083,6.388622477234046,0,0
2020-07-10T17:00:00Z,27.670007324218773,728.18505859375,413.97998046875,74.39564903619085,7.105075294235273,0,0
2020-07-10T18:00:00Z,27.639978027343773,362.4610290527344,435.0499877929687,73.77256249733477,7.834494235737848,0.011596799612045287,0
2020-07-10T19:00:00Z,27.179986572265648,315.2460021972656,435.0699768066406,76.11717226261041,7.7192745097126085,0.09123839950561524,0
2020-07-10T20:00:00Z,26.719995117187523,272.0670166015625,435.0899963378906,78.54087039593458,7.680735505121088,0.1081823959350586,0
2020-07-10T21:00:00Z,26.249993896484398,188.75001525878903,430.0499877929687,81.09702640432332,7.7200256968834795,0.039292799949646,0
2020-07-10T22:00:00Z,25.390008544921898,130.14500427246094,430.0999755859375,84.34233832413118,7.041200143558685,0.14165760040283204,0
2020-07-10T23:00:00Z,24.529992675781273,76.781005859375,430.1499938964844,87.73452745268675,6.365728208354093,0.1452095947265625,0
2020-07-11T00:00:00Z,23.670007324218773,19.45600128173828,409.3999938964844,91.27534811952039,5.704752461609204,0.1858175926208496,0
2020-07-11T01:00:00Z,22.109979248046898,0,409.5,92.05682965462748,5.736139606069027,4.2239999771118164e-4,0
2020-07-11T02:00:00Z,20.549981689453148,0,409.5999755859375,92.16419003185851,5.767581814701129,0.005644799709320068,0
2020-07-11T03:00:00Z,18.989984130859398,0,379.1300048828125,91.43725663855857,5.799077246599365,0.01376639986038208,0
2020-07-11T04:00:00Z,17.089990234375023,0,379.239990234375,93.5697597019621,4.878001338469021,0.013372800350189208,0
2020-07-11T05:00:00Z,15.200006103515648,0,379.3500061035156,94.83074621132727,3.997649198065543,0.019401599407196046,0
2020-07-11T06:00:00Z,13.299981689453148,0,396.3199768066406,95.05621752020889,3.18628294319013,0.01185599970817566,0
2020-07-11T07:00:00Z,14.629998779296898,0,396.22998046875,96.11118057641927,1.988164882667615,0.012153599739074707,0
2020-07-11T08:00:00Z,15.959985351562523,0,396.1399841308594,96.3926965911169,1.4301048344418321,0.01649280023574829,0
2020-07-11T09:00:00Z,17.290002441406273,0,406.03997802734375,96.03209578923658,2.094683661413967,0.00562559974193573,0
2020-07-11T10:00:00Z,18.339990234375023,19.64800071716309,405.9700012207031,95.17770576179896,2.9925240556647155,0,0
2020-07-11T11:00:00Z,19.390008544921898,71.81600189208984,405.9100036621094,94.07943178168607,3.951265553048891,0,0
2020-07-11T12:00:00Z,20.450006103515648,282.87200927734375,410.1499938964844,92.71744266517823,4.942721732032662,0,0
2020-07-11T13:00:00Z,22.429986572265648,418.1440124511719,410.03997802734375,88.92318761789433,5.091364945786619,0,0
2020-07-11T14:00:00Z,24.420007324218773,537.09503173828125,409.91998291015625,84.847502822814,5.227322252883007,0,0
2020-07-11T15:00:00Z,26.399987792968773,710.738037109375,415.7699890136719,80.70713082496175,5.372755009069537,0,0
2020-07-11T16:00:00Z,27.399987792968773,779.3470458984375,415.7200012207031,78.12167920734109,5.923081986481544,0,0
2020-07-11T17:00:00Z,28.399987792968773,809.56402587890625,415.6600036621094,75.59168180275788,6.4875261509833235,0,0
2020-07-11T18:00:00Z,29.399987792968773,567.0360107421875,438.8199768066406,73.12118766557363,7.081306366563982,0,0
2020-07-11T19:00:00Z,29.110040283203148,493.1530151367187,438.8499755859375,72.47753776241122,6.808362519563133,0,0
2020-07-11T20:00:00Z,28.820001220703148,425.5680236816406,438.8699951171875,71.79443479826149,6.536941218403213,0.020927999496459963,0
2020-07-11T21:00:00Z,28.529992675781273,349.135009765625,422.94000244140625,71.06925689662354,6.265540730715915,0.04634879779815674,0
2020-07-11T22:00:00Z,27.679986572265648,240.5660095214844,422.97998046875,74.99781243528044,5.786233613845392,0.00843839979171753,0
2020-07-11T23:00:00Z,26.829980468750023,141.65200805664065,423.0199890136719,79.16396823774433,5.438713123474444,0.023664000034332278,0
2020-07-12T00:00:00Z,25.980004882812523,17.152000427246094,412.4499816894531,83.58449758674729,5.236993378820599,0.02687039852142334,0
2020-07-12T01:00:00Z,24.939996337890648,0,412.5099792480469,84.63887193270453,5.374030077588518,9.215999543666839e-4,0
2020-07-12T02:00:00Z,23.899987792968773,0,412.5799865722656,85.51579987330157,5.638386018033133,0,0
2020-07-12T03:00:00Z,22.859979248046898,0,386.739990234375,86.17970685120672,6.02717979741976,0,0
2020-07-12T04:00:00Z,22.140008544921898,0,386.7799987792969,87.3685755581594,5.953225779371706,0,0
2020-07-12T05:00:00Z,21.420007324218773,0,386.8199768066406,88.5086457021982,5.871916156407337,0,0
2020-07-12T06:00:00Z,20.709985351562523,0,363.6099853515625,89.532027556316,5.801120594474331,0,0
2020-07-12T07:00:00Z,20.190026855468773,0,363.6399841308594,90.3918088500041,5.425513745412939,0,0
2020-07-12T08:00:00Z,19.670007324218773,0,363.66998291015625,91.21856173802412,5.051940105320287,0,0
2020-07-12T09:00:00Z,19.150018310546898,0,350.8899841308594,92.01286397687944,4.691577584050511,0,0
2020-07-12T10:00:00Z,20.159997558593773,45.992000579833984,350.8399963378906,90.88785039366877,4.6118651103751045,0,0
2020-07-12T11:00:00Z,21.170007324218773,172.06800842285156,350.78997802734375,89.59125187728885,4.528355053730359,0,0
2020-07-12T12:00:00Z,22.179986572265648,351.5920104980469,372.6999816894531,88.15271233373946,4.445312109997135,0,0
2020-07-12T13:00:00Z,23.649987792968773,520.51202392578125,372.6300048828125,82.59592941448044,4.586676099773535,0,0
2020-07-12T14:00:00Z,25.129998779296898,669.112060546875,372.55999755859375,77.36393423919588,4.744364813817695,0,0
2020-07-12T15:00:00Z,26.600000000000023,769.2450561523436,391.3199768066406,72.5289646258993,4.938673856433561,0,0
2020-07-12T16:00:00Z,27.420007324218773,843.7520141601564,391.2799987792969,69.4606140007909,5.1141468835308945,0,0
2020-07-12T17:00:00Z,28.239984130859398,876.60504150390625,391.25,66.53895552660752,5.306938770680626,0,0
2020-07-12T18:00:00Z,29.049981689453148,852.97406005859375,399.9700012207031,63.79055196523079,5.509863904044171,0,0
2020-07-12T19:00:00Z,29.119989013671898,741.821044921875,399.9700012207031,63.26641921572402,5.76350592168188,0,0
2020-07-12T20:00:00Z,29.189996337890648,640.07403564453125,399.9700012207031,62.74398821664011,6.011322498134228,0,0
2020-07-12T21:00:00Z,29.249993896484398,466.9500122070313,405.0699768066406,62.26344765996239,6.265221377340888,0,0
2020-07-12T22:00:00Z,28.119989013671898,321.51202392578125,405.1199951171875,66.3067886340685,5.596972374372,0,0
2020-07-12T23:00:00Z,26.989984130859398,188.9180145263672,405.16998291015625,70.64585415419742,4.919400241192384,0,0
2020-07-13T00:00:00Z,25.860040283203148,27.424001693725582,385.3399963378906,75.30615756668901,4.251305660790832,0,0
2020-07-13T01:00:00Z,24.619989013671898,0,385.4100036621094,76.49076245848786,3.92634678942068,0.005683200001716614,0
2020-07-13T02:00:00Z,23.379998779296898,0,385.47998046875,77.44633392489587,3.6209665798139934,0,0
2020-07-13T03:00:00Z,22.140039062500023,0,389.3800048828125,78.1249256013598,3.3507610861949138,0.003302399754524231,0
2020-07-13T04:00:00Z,21.989984130859398,0,389.3800048828125,79.36128021120757,3.052408766949163,0.0030143998861312865,0
2020-07-13T05:00:00Z,21.850000000000023,0,389.3899841308594,80.56618530807923,2.794154562483534,0.003801599979400635,0
2020-07-13T06:00:00Z,21.709985351562523,0,377.5199890136719,81.78619006690595,2.574897983974567,6.143999844789504e-4,0
2020-07-13T07:00:00Z,21.459985351562523,0,377.53997802734375,81.35495531365679,2.517657600401997,0,0
2020-07-13T08:00:00Z,21.209985351562523,0,377.55999755859375,80.89227193248854,2.5200198220805516,0,0
2020-07-13T09:00:00Z,20.969995117187523,0,362.72998046875,80.34675673461385,2.5818210550553555,0,0
2020-07-13T10:00:00Z,21.779992675781273,42.35600280761719,362.6799926757813,81.52072240043972,2.5913895710272397,0,0
2020-07-13T11:00:00Z,22.589990234375023,162.4720001220703,362.6300048828125,82.40876441924638,2.6046497185798247,0,0
2020-07-13T12:00:00Z,23.409997558593773,342.94403076171875,374.3500061035156,82.99067092993367,2.6272798396971577,0,0
2020-07-13T13:00:00Z,24.420037841796898,508.4800109863281,374.30999755859375,76.96012860503501,2.7197425671200723,0,0
2020-07-13T14:00:00Z,25.439996337890648,654.1800537109375,374.2799987792969,71.34317738883388,3.002165892606543,0,0
2020-07-13T15:00:00Z,26.450036621093773,738.69805908203125,388.6399841308594,66.19274285723904,3.4378625462480614,0,0
2020-07-13T16:00:00Z,26.909997558593773,810.47906494140625,388.6199951171875,64.22399548423607,3.484652081623353,0,0
2020-07-13T17:00:00Z,27.379998779296898,842.1610107421875,388.6000061035156,62.28221696875019,3.550014036794946,0,0
2020-07-13T18:00:00Z,27.850030517578148,797.23101806640625,406.239990234375,60.40343343056308,3.6135438618408187,0,0
2020-07-13T19:00:00Z,27.859979248046898,693.31500244140625,406.239990234375,60.6888668069345,3.6906637157562363,0,0
2020-07-13T20:00:00Z,27.879998779296898,598.1190185546875,406.239990234375,60.937879964965646,3.771949087349252,0,0
2020-07-13T21:00:00Z,27.890039062500023,471.3470153808594,395.9100036621094,61.221699917798546,3.8764028828920085,0,0
2020-07-13T22:00:00Z,26.689996337890648,324.260009765625,395.9700012207031,65.51650227201124,3.7180908027008654,0,0
2020-07-13T23:00:00Z,25.480004882812523,190.1090087890625,396.0199890136719,70.19151693893234,3.6165866602004386,0,0
2020-07-14T00:00:00Z,24.279992675781273,24.656002044677734,362.5699768066406,75.19926794324942,3.564519456614728,0,0
2020-07-14T01:00:00Z,22.920007324218773,0,362.6399841308594,76.94107545726348,3.480014360113223,0,0
2020-07-14T02:00:00Z,21.559991455078148,0,362.7099914550781,78.46754002797387,3.4240472900297907,0,0
2020-07-14T03:00:00Z,20.189996337890648,0,366.7099914550781,79.77470231950115,3.386620712293892,0,0
2020-07-14T04:00:00Z,19.890008544921898,0,366.7200012207031,80.69857049037542,3.3117063827769724,0,0
2020-07-14T05:00:00Z,19.579980468750023,0,366.739990234375,81.68281817839362,3.2529678076914,0,0
2020-07-14T06:00:00Z,19.269982910156273,0,369.2099914550781,82.67878216960175,3.1822633449428372,0,0
2020-07-14T07:00:00Z,18.959985351562523,0,369.22998046875,83.458631473263,3.1395860003633236,0,0
2020-07-14T08:00:00Z,18.640008544921898,0,369.239990234375,84.29479396896127,3.0979347106230266,0,0
2020-07-14T09:00:00Z,18.320031738281273,0,359.1199951171875,85.13236075890724,3.0499999616966877,0,0
2020-07-14T10:00:00Z,19.420007324218773,40.952003479003906,359.05999755859375,83.4401437922533,3.0290922550435,0,0
2020-07-14T11:00:00Z,20.529992675781273,161.34400939941406,359,81.5853229613061,3.022349915039898,0,0
2020-07-14T12:00:00Z,21.629998779296898,345.7440185546875,361.739990234375,79.69418983404597,3.0372684567115433,0,0
2020-07-14T13:00:00Z,22.859979248046898,513.44000244140625,361.6799926757813,74.83390793293168,3.475456743096565,0,0
2020-07-14T14:00:00Z,24.089990234375023,661.10003662109375,361.6300048828125,70.30291336974683,3.90881056472414,0,0
2020-07-14T15:00:00Z,25.320001220703148,761.2920532226564,375.6799926757813,66.07760382902838,4.361765484334884,0,0
2020-07-14T16:00:00Z,25.890008544921898,835.5130615234375,375.6600036621094,63.743790096851626,4.147697987892363,0,0
2020-07-14T17:00:00Z,26.459985351562523,868.320068359375,375.6300048828125,61.50068243008203,3.9537955132372504,0,0
2020-07-14T18:00:00Z,27.029992675781273,854.49102783203125,384.28997802734375,59.34349464362886,3.764306031009677,0,0
2020-07-14T19:00:00Z,27.119989013671898,743.06304931640625,384.2799987792969,59.50848775934677,3.7198519736366684,0,0
2020-07-14T20:00:00Z,27.210046386718773,640.91204833984375,384.2799987792969,59.67082831988583,3.7029717133420568,0,0
2020-07-14T21:00:00Z,27.300042724609398,372.2060241699219,395.94000244140625,59.83038988280715,3.704726541636035,0,0
2020-07-14T22:00:00Z,26.019982910156273,255.82901000976565,396,64.82360826319379,3.358466918736954,0,0
2020-07-14T23:00:00Z,24.749993896484398,149.62200927734375,396.0499877929687,70.24010093204312,3.049622914841856,0,0
2020-07-15T00:00:00Z,23.469995117187523,22.67200088500977,367.3299865722656,76.20414366557007,2.7908779599225793,0,0
2020-07-15T01:00:00Z,22.329980468750023,0,367.3899841308594,77.21649959551168,2.773048844339585,0,0
2020-07-15T02:00:00Z,21.189996337890648,0,367.4599914550781,78.00472292181053,2.759800724915916,0,0
2020-07-15T03:00:00Z,20.050042724609398,0,345.739990234375,78.53258182522116,2.7692598534271253,0,0
2020-07-15T04:00:00Z,19.359979248046898,0,345.7799987792969,80.17016905176693,2.9231830981673443,0,0
2020-07-15T05:00:00Z,18.680047607421898,0,345.80999755859375,81.76148139035918,3.0707165491645116,0,0
2020-07-15T06:00:00Z,17.990045166015648,0,330.28997802734375,83.40442133226362,3.2212108606574175,0,0
2020-07-15T07:00:00Z,17.480035400390648,0,330.30999755859375,84.70221727441184,3.1690061465535093,0,0
2020-07-15T08:00:00Z,16.970025634765648,0,330.3299865722656,86.00276428602452,3.134660910333038,0,0
2020-07-15T09:00:00Z,16.459985351562523,0,328.8699951171875,87.30355538469077,3.0998224997617694,0,0
2020-07-15T10:00:00Z,17.749993896484398,41.880001068115234,328.79998779296875,86.92205337610649,2.5506862042465297,0,0
2020-07-15T11:00:00Z,19.049981689453148,169.80801391601565,328.72998046875,86.06294682704429,2.0135788674691497,0,0
2020-07-15T12:00:00Z,20.350000000000023,348.66400146484375,360.3399963378906,84.8663971468986,1.5014659538867847,0,0
2020-07-15T13:00:00Z,21.799981689453148,518.6240234375,360.2699890136719,81.55285242955902,1.645843252507833,0,0
2020-07-15T14:00:00Z,23.249993896484398,668.32305908203125,360.1999816894531,78.24620865342102,1.9875863933979792,0,0
2020-07-15T15:00:00Z,24.700006103515648,758.050048828125,385.2200012207031,74.96964175029866,2.4410039490499735,0,0
2020-07-15T16:00:00Z,25.529992675781273,832.1670532226564,385.19000244140625,71.21565916215826,2.1088858994118693,0,0
2020-07-15T17:00:00Z,26.359979248046898,864.9930419921875,385.1499938964844,67.6685391534091,2.1476731411743897,0,0
2020-07-15T18:00:00Z,27.190026855468773,747.7320556640625,411.489990234375,64.31458510785173,2.563200981280861,0,0
2020-07-15T19:00:00Z,27.369989013671898,650.2080078125,411.47998046875,64.48412178228017,2.1239820298529826,0,0
2020-07-15T20:00:00Z,27.540002441406273,560.6920166015625,411.4700012207031,64.68282009553471,1.77045190061982,0,0
2020-07-15T21:00:00Z,27.709985351562523,408.1290283203125,423.3899841308594,64.87087376795711,1.5404219463313993,0,0
2020-07-15T22:00:00Z,26.950006103515648,280.2350158691406,423.41998291015625,70.32214150756062,1.9180198065835923,0,0
2020-07-15T23:00:00Z,26.179986572265648,163.4630126953125,423.44000244140625,76.20567677231641,2.3234886992713095,0,0
2020-07-16T00:00:00Z,25.410028076171898,25.024002075195313,392.8699951171875,82.51100357331114,2.742207149748214,0,0
2020-07-16T01:00:00Z,24.079980468750023,0,392.94000244140625,85.04774114481903,3.227413643166267,0,0
2020-07-16T02:00:00Z,22.749993896484398,0,393.0099792480469,87.48912680590018,3.7996972380415404,0,0
2020-07-16T03:00:00Z,21.420007324218773,0,378.3500061035156,89.78926213363157,4.425403613018688,0,0
2020-07-16T04:00:00Z,21.029992675781273,0,378.3699951171875,90.83729701414673,4.351459371805569,0,0
2020-07-16T05:00:00Z,20.640008544921898,0,378.3899841308594,91.88993683178234,4.305368785641133,0,0
2020-07-16T06:00:00Z,20.249993896484398,0,365,92.94090352383587,4.299418561736643,0,0
2020-07-16T07:00:00Z,19.790002441406273,0,365.0199890136719,93.87306382224907,4.046245175153409,0,0
2020-07-16T08:00:00Z,19.329980468750023,0,365.0499877929687,94.78653239877606,3.794588249157003,0,0
2020-07-16T09:00:00Z,18.869989013671898,0,354,95.68222892357811,3.541412141900639,0,0
2020-07-16T10:00:00Z,19.549981689453148,39.12000274658203,353.9599914550781,93.53251212933458,3.922371637883231,0,0
2020-07-16T11:00:00Z,20.240045166015648,163.5760040283203,353.92999267578125,91.36037582112166,4.31585452703723,0,0
2020-07-16T12:00:00Z,20.929986572265648,346.87200927734375,354.2799987792969,89.22351307604734,4.705231067727818,0,0
2020-07-16T13:00:00Z,21.809991455078148,516.83203125,354.239990234375,84.51781051597685,4.967262774727175,0,0
2020-07-16T14:00:00Z,22.689996337890648,666.57000732421875,354.1999816894531,80.08837729069602,5.239016771234719,0,0
2020-07-16T15:00:00Z,23.580041503906273,700.84100341796875,387.69000244140625,75.87019144546721,5.50112685603346,0,0
2020-07-16T16:00:00Z,24.249993896484398,769.59906005859375,387.6499938964844,74.5857001918491,5.978645268032769,0,0
2020-07-16T17:00:00Z,24.920007324218773,800.070068359375,387.6199951171875,73.29523881472691,6.458048952526729,0,0
2020-07-16T18:00:00Z,25.589990234375023,598.77105712890625,417.19000244140625,72.00115827911038,6.931233382347012,0,0
2020-07-16T19:00:00Z,25.329980468750023,520.61004638671875,417.1999816894531,73.30739754810149,7.021353019194922,0,0
2020-07-16T20:00:00Z,25.070001220703148,448.843017578125,417.2099914550781,74.63860300171976,7.113543439429089,0,0
2020-07-16T21:00:00Z,24.809991455078148,334.2170104980469,409.2799987792969,75.99673793683404,7.203672398326789,0,0
2020-07-16T22:00:00Z,23.929986572265648,229.24501037597656,409.3299865722656,78.85108681060522,6.84328139713546,0,0
2020-07-16T23:00:00Z,23.049981689453148,133.3470001220703,409.3699951171875,81.81600821380398,6.49588337953198,0,0
2020-07-17T00:00:00Z,22.170007324218773,19.520000457763672,403.69000244140625,84.89593902764385,6.154648309912634,3.83999990299344e-5,0
2020-07-17T01:00:00Z,21.079980468750023,0,403.75,86.99473892230095,6.0332744137677805,9.599999757483601e-6,0
2020-07-17T02:00:00Z,19.999993896484398,0,403.8199768066406,88.9626025202979,5.922769276136143,0,0
2020-07-17T03:00:00Z,18.909997558593773,0,389.5799865722656,90.88431633010939,5.811686270927528,0,0
2020-07-17T04:00:00Z,18.620019531250023,0,389.6000061035156,91.80773611611141,5.578001393540264,0,0
2020-07-17T05:00:00Z,18.329980468750023,0,389.6099853515625,92.73937864698664,5.354222308221796,9.599999757483601e-6,0
2020-07-17T06:00:00Z,18.050042724609398,0,385.6600036621094,93.61842052028265,5.14140045384798,0,0
2020-07-17T07:00:00Z,18.010003662109398,0,385.66998291015625,93.99796684946931,5.063536028695313,0,0
2020-07-17T08:00:00Z,17.969995117187523,0,385.66998291015625,94.3823918004485,5.008522528692252,0,0
2020-07-17T09:00:00Z,17.920007324218773,0,395.7599792480469,94.82584441744568,4.966789577033248,3.83999990299344e-5,0
2020-07-17T10:00:00Z,18.189996337890648,15.928000450134276,395.739990234375,93.62978702103479,4.972775940778372,6.719999760389328e-5,0
2020-07-17T11:00:00Z,18.450036621093773,68.84400177001953,395.72998046875,92.51182695636571,4.996768726967481,0,0
2020-07-17T12:00:00Z,18.709985351562523,123.53600311279295,410.5199890136719,91.40343798279964,5.030158776183782,0,0
2020-07-17T13:00:00Z,19.629998779296898,184.38400268554688,410.4599914550781,90.7359074424449,4.588354520714469,0,0
2020-07-17T14:00:00Z,20.549981689453148,238.01400756835935,410.3999938964844,89.87680281804242,4.1833600195126,0,0
2020-07-17T15:00:00Z,21.480004882812523,581.64202880859375,404.3299865722656,88.80657455673608,3.81434122692235,8.928000032901764e-4,0
2020-07-17T16:00:00Z,22.959985351562523,638.90704345703125,404.239990234375,86.87735054166266,4.164720676942886,0,0
2020-07-17T17:00:00Z,24.439996337890648,664.300048828125,404.1499938964844,84.68099524281892,4.5069390943299865,0,0
2020-07-17T18:00:00Z,25.909997558593773,737.4820556640625,409.5099792480469,82.33067040067331,4.850247129810005,0,0
2020-07-17T19:00:00Z,26.629998779296898,641.18804931640625,409.4700012207031,80.74512749532595,4.326014240016596,0,0
2020-07-17T20:00:00Z,27.350000000000023,552.654052734375,409.4299926757813,79.15718189115272,3.8064286136655356,0,0
2020-07-17T21:00:00Z,28.059991455078148,488.7620239257813,407.1199951171875,77.62009405751074,3.2839760655833152,0,0
2020-07-17T22:00:00Z,27.480004882812523,334.8570251464844,407.1399841308594,81.49809921103491,2.8086473719713343,0,0
2020-07-17T23:00:00Z,26.909997558593773,194.19601440429688,407.1600036621094,85.51105715047326,2.3259621600548326,0,0
2020-07-18T00:00:00Z,26.329980468750023,21.328001022338867,399.0199890136719,89.77150780426057,1.8409236388169503,8.063999712467194e-4,0
2020-07-18T01:00:00Z,25.450006103515648,0,399.0799865722656,88.38394372156702,1.534731248524486,0,0
2020-07-18T02:00:00Z,24.570001220703148,0,399.1399841308594,86.59279217589709,1.3744089203413499,0,0
2020-07-18T03:00:00Z,23.679986572265648,0,351.55999755859375,84.4035090572062,1.4106026357332333,0,0
2020-07-18T04:00:00Z,23.209985351562523,0,351.5799865722656,84.16432855660543,1.1128791630142298,8.832000195980072e-4,0
2020-07-18T05:00:00Z,22.730004882812523,0,351.6099853515625,83.89566715725107,0.9457800854105881,0,0
2020-07-18T06:00:00Z,22.249993896484398,0,336.0199890136719,83.54277528767777,0.9767291903635781,0,0
2020-07-18T07:00:00Z,21.589990234375023,0,336.04998779296875,83.59560202218746,1.381955151556167,0,0
2020-07-18T08:00:00Z,20.929986572265648,0,336.0899963378906,83.5223672256325,1.8405433953788004,0,0
2020-07-18T09:00:00Z,20.269982910156273,0,332.30999755859375,83.30932248610564,2.3210773343096704,0,0
2020-07-18T10:00:00Z,21.369989013671898,37.08400344848633,332.25,82.891307943281,2.0846341769638697,0,0
2020-07-18T11:00:00Z,22.469995117187523,166.0800018310547,332.19000244140625,82.20303070882122,1.8649664416247036,0,0
2020-07-18T12:00:00Z,23.579980468750023,347.31201171875,359.79998779296875,81.23622097845482,1.6844286668257191,0,0
2020-07-18T13:00:00Z,25.019982910156273,519.280029296875,359.739990234375,74.84013604292119,1.3752817140083653,0,0
2020-07-18T14:00:00Z,26.459985351562523,670.91900634765625,359.69000244140625,69.00716345292278,1.8086734824877677,0,0
2020-07-18T15:00:00Z,27.899987792968773,769.135009765625,381.4299926757813,63.67938514894809,2.6478103483171758,0,0
2020-07-18T16:00:00Z,28.670007324218773,845.0850219726564,381.3899841308594,61.321325574994795,3.1592720413411146,0,0
2020-07-18T17:00:00Z,29.439996337890648,878.79901123046875,381.3599853515625,59.059550789717534,3.7396522366153886,0,0
2020-07-18T18:00:00Z,30.220025634765648,870.35906982421875,391.28997802734375,56.85726939454326,4.354457593331377,0,0
2020-07-18T19:00:00Z,30.320001220703148,756.6270141601564,391.2799987792969,56.779095749693596,4.486123152831773,0,0
2020-07-18T20:00:00Z,30.420007324218773,651.97406005859375,391.2699890136719,56.69790099015732,4.6736708018062885,0,0
2020-07-18T21:00:00Z,30.519982910156273,509.68701171875,382.6099853515625,56.617311263061694,4.892616753137807,0,0
2020-07-18T22:00:00Z,29.179986572265648,348.77801513671875,382.66998291015625,60.70314017786014,4.1609732911629465,0,0
2020-07-18T23:00:00Z,27.840020751953148,201.6150054931641,382.72998046875,65.12573337580473,3.4300581368812253,0,0
2020-07-19T00:00:00Z,26.499993896484398,21.200000762939453,349.22998046875,69.91570690990022,2.7002963277056358,0,0
2020-07-19T01:00:00Z,25.420007324218773,0,349.28997802734375,68.8885217352157,2.7406021703945833,0,0
2020-07-19T02:00:00Z,24.339990234375023,0,349.3599853515625,67.42942271948942,2.8629530608106384,0,0
2020-07-19T03:00:00Z,23.260003662109398,0,341.0099792480469,65.48071929608273,3.0702606345884695,0,0
2020-07-19T04:00:00Z,22.730035400390648,0,341.0299987792969,67.44515698253532,3.1069276135075516,0,0
2020-07-19T05:00:00Z,22.189996337890648,0,341.04998779296875,69.52101683498687,3.1771999753975564,0,0
2020-07-19T06:00:00Z,21.659997558593773,0,339.739990234375,71.62378435966954,3.283443328621341,0,0
2020-07-19T07:00:00Z,21.399987792968773,0,339.75,72.51479417533743,3.108472292981391,0,0
2020-07-19T08:00:00Z,21.149987792968773,0,339.7599792480469,73.3724909245709,2.9748445302426365,0,0
2020-07-19T09:00:00Z,20.890008544921898,0,342.42999267578125,74.28630807634559,2.8683270240568746,0,0
2020-07-19T10:00:00Z,21.980035400390648,35.124000549316406,342.3599853515625,75.61486696823384,2.9621950242685178,0,0
2020-07-19T11:00:00Z,23.070001220703148,163.47201538085938,342.29998779296875,76.48481127881946,3.0914235417959994,0,0
2020-07-19T12:00:00Z,24.159997558593773,340.31201171875,383.1999816894531,76.95784107000095,3.26377076474396,0,0
2020-07-19T13:00:00Z,26.049981689453148,509.72802734375,383.1000061035156,74.18553356372894,3.9954598217336668,0,0
2020-07-19T14:00:00Z,27.950006103515648,659.1810302734375,383,71.15843797907988,4.737763063238157,0,0
2020-07-19T15:00:00Z,29.850000000000023,758.15704345703125,407.47998046875,68.01005254725881,5.494769914581018,0,0
2020-07-19T16:00:00Z,30.570031738281273,833.26904296875,407.4499816894531,66.23235373939568,6.5346459629208535,0,0
2020-07-19T17:00:00Z,31.299981689453148,866.6240234375,407.4100036621094,64.46048403716576,7.6621144340550975,0,0
2020-07-19T18:00:00Z,32.02999267578127,855.2030639648436,418.53997802734375,62.73168825354827,8.84755309706356,0,0
2020-07-19T19:00:00Z,31.980004882812523,743.3340454101564,418.53997802734375,62.87557034957764,8.805963756059565,1.535999961197376e-4,0
2020-07-19T20:00:00Z,31.930017089843773,640.31500244140625,418.5499877929687,63.021157585988306,8.751285539742076,0,0
2020-07-19T21:00:00Z,31.889978027343773,498.385009765625,415.5199890136719,63.130552315521804,8.702763766527255,1.248000003397464e-4,0
2020-07-19T22:00:00Z,30.820001220703148,340.6080017089844,415.5600280761719,67.772947813578,7.888630693283323,0.0032447998523712157,0
2020-07-19T23:00:00Z,29.760003662109398,196.22900390625,415.6099853515625,72.7396800338248,7.097393837108254,0,0
2020-07-20T00:00:00Z,28.689996337890648,17.07200050354004,420.0799865722656,78.14685348547668,6.326357288547533,0.0013055999279022216,0
2020-07-20T01:00:00Z,27.890039062500023,0,420.1199951171875,81.15581491978627,6.179749054011181,0.07662719535827636,0
2020-07-20T02:00:00Z,27.089990234375023,0,420.1600036621094,84.29561071848715,6.024167792386596,0.0018431999087333679,0
2020-07-20T03:00:00Z,26.279992675781273,0,417.7099914550781,87.62117275026874,5.8819214974047975,0,0
2020-07-20T04:00:00Z,25.920007324218773,0,417.739990234375,88.39861165713845,5.533434694698453,0,0
2020-07-20T05:00:00Z,25.559991455078148,0,417.7599792480469,89.17172038552671,5.198124611292565,0,0
2020-07-20T06:00:00Z,25.200006103515648,0,411.8699951171875,89.94276389445967,4.859629478929991,0,0
2020-07-20T07:00:00Z,24.950006103515648,0,411.8800048828125,90.60277812147626,4.798134913333037,0,0
2020-07-20T08:00:00Z,24.689996337890648,0,411.8999938964844,91.32133965068547,4.754134904483988,0,0
2020-07-20T09:00:00Z,24.439996337890648,0,415.28997802734375,91.98696920341591,4.73143728391992,0.0039647998809814455,0
2020-07-20T10:00:00Z,25.050042724609398,23.86400032043457,415.25,90.88869737929771,4.387345472826121,0.012595200061798095,0
2020-07-20T11:00:00Z,25.659997558593773,115.77600860595705,415.2099914550781,89.76539428015255,4.066841371712918,0.008620800018310547,0
2020-07-20T12:00:00Z,26.260003662109398,305.51202392578125,417.0199890136719,88.66937795646123,3.775142219314977,0,0
2020-07-20T13:00:00Z,27.469995117187523,458.4480285644531,416.9700012207031,81.70530429496085,4.033509599787973,0,0
2020-07-20T14:00:00Z,28.679986572265648,593.41204833984375,416.91998291015625,75.325465520115,4.480200731429632,0,0
2020-07-20T15:00:00Z,29.890039062500023,725.7120361328125,423.4499816894531,69.47828356419456,5.061195453724133,0,0
2020-07-20T16:00:00Z,30.529992675781273,797.8370361328125,423.41998291015625,67.18579759966815,5.084338654925728,0,0
2020-07-20T17:00:00Z,31.170007324218773,829.89306640625,423.3899841308594,64.97752749975585,5.168491061753224,0,0
2020-07-20T18:00:00Z,31.809991455078148,831.86004638671875,423.3299865722656,62.85106846308979,5.301339225063151,0,0
2020-07-20T19:00:00Z,31.909997558593773,722.9610595703125,423.3299865722656,61.75935775514262,5.212158575096091,0,0
2020-07-20T20:00:00Z,32.0100036621094,622.56201171875,423.3299865722656,60.678043043058494,5.160823477603162,0,0
2020-07-20T21:00:00Z,32.1099792480469,467.4270324707031,424.239990234375,59.60870434905273,5.158158680909755,0,0
2020-07-20T22:00:00Z,30.920007324218773,319.0060119628906,424.28997802734375,64.12126923060762,4.347527955992514,0,0
2020-07-20T23:00:00Z,29.730004882812523,183.12200927734375,424.3499755859375,69.01062075451573,3.666565124437952,0,0
2020-07-21T00:00:00Z,28.540002441406273,24.576000213623047,380.4499816894531,74.31401085165689,3.2037010380236697,0,0
2020-07-21T01:00:00Z,26.799981689453148,0,380.5499877929687,75.25051299092564,3.410718389472975,0,0
2020-07-21T02:00:00Z,25.060021972656273,0,380.6499938964844,75.57656594275765,3.631115456220808,0,0
2020-07-21T03:00:00Z,23.330041503906273,0,355.7699890136719,75.0849669444234,3.8581082082012563,0,0
2020-07-21T04:00:00Z,22.689996337890648,0,355.79998779296875,76.45062226640633,3.798631253484356,0,0
2020-07-21T05:00:00Z,22.040032958984398,0,355.8299865722656,77.86501355522422,3.746211391144378,0,0
2020-07-21T06:00:00Z,21.399987792968773,0,348.7799987792969,79.22930838280242,3.6943741223162077,0,0
2020-07-21T07:00:00Z,20.820001220703148,0,348.80999755859375,80.41444736151112,3.6352165415830777,0,0
2020-07-21T08:00:00Z,20.239984130859398,0,348.8299865722656,81.5892844612345,3.5826386636650676,0,0
2020-07-21T09:00:00Z,19.659997558593773,0,343.7200012207031,82.75427683423025,3.5520274451608858,0,0
2020-07-21T10:00:00Z,20.790002441406273,31.216001510620117,343.66998291015625,81.21902404351923,3.201561975735075,0,0
2020-07-21T11:00:00Z,21.920007324218773,158.41600036621094,343.6099853515625,79.55707506629638,2.8540671301273446,0,0
2020-07-21T12:00:00Z,23.059991455078148,337.51202392578125,368.3299865722656,77.7450899926411,2.502178912795386,0,0
2020-07-21T13:00:00Z,24.379998779296898,507.4240112304687,368.2699890136719,72.33346000935045,2.408422713243613,0,0
2020-07-21T14:00:00Z,25.709985351562523,657.42803955078125,368.2200012207031,67.30259991071095,2.3593430767804904,0,0
2020-07-21T15:00:00Z,27.040002441406273,756.06304931640625,386.4499816894531,62.66126273328494,2.386063677795809,0,0
2020-07-21T16:00:00Z,27.779992675781273,831.43402099609375,386.4100036621094,61.41604147562258,2.187692820960786,0,0
2020-07-21T17:00:00Z,28.529992675781273,864.9730224609375,386.3699951171875,60.13752750833658,2.0690335581543824,0,0
2020-07-21T18:00:00Z,29.269982910156273,849.89306640625,398.47998046875,58.90060228390092,2.040220538157608,0,0
2020-07-21T19:00:00Z,29.609979248046898,738.52301025390625,398.4599914550781,58.64607045961884,2.173890359502829,0,0
2020-07-21T20:00:00Z,29.950006103515648,635.7530517578125,398.44000244140625,58.37799279844193,2.311471344343175,0,0
2020-07-21T21:00:00Z,30.279992675781273,490.6790161132813,399.1099853515625,58.13335379826509,2.4523048657764392,0,0
2020-07-21T22:00:00Z,29.379998779296898,334.4020080566406,399.1499938964844,62.4806626534436,2.328347044485467,0,0
2020-07-21T23:00:00Z,28.480004882812523,191.21400451660156,399.1799926757813,67.15045560340236,2.247220399329548,0,0
2020-07-22T00:00:00Z,27.579980468750023,18.20800018310547,382.6300048828125,72.16778978125808,2.1876470781636317,0,0
2020-07-22T01:00:00Z,26.670007324218773,0,382.69000244140625,71.17354603691139,1.1475626391100193,0,0
2020-07-22T02:00:00Z,25.750024414062523,0,382.739990234375,69.89942066496684,0.617737766428794,0,0
2020-07-22T03:00:00Z,24.839990234375023,0,372.9499816894531,68.2229303098798,1.4244296357948447,0,0
2020-07-22T04:00:00Z,24.379998779296898,0,372.9700012207031,69.70804620930141,1.2121055947877026,0,0
2020-07-22T05:00:00Z,23.929986572265648,0,372.989990234375,71.1873293841347,1.1387712242585615,0,0
2020-07-22T06:00:00Z,23.470025634765648,0,380.16998291015625,72.7453876512996,1.2280878637440666,0,0
2020-07-22T07:00:00Z,23.060021972656273,0,380.19000244140625,74.35395115636256,1.4558158507641223,0,0
2020-07-22T08:00:00Z,22.659997558593773,0,380.2099914550781,75.95729312174,1.6810710346680942,0,0
2020-07-22T09:00:00Z,22.249993896484398,0,379.03997802734375,77.64976222522046,1.920104120923446,0,0
2020-07-22T10:00:00Z,23.049981689453148,26.200000762939453,378.989990234375,78.83471266016187,1.7229044539615734,0,0
2020-07-22T11:00:00Z,23.839990234375023,139.63999938964844,378.94000244140625,79.79967667778534,1.575436452307357,0,0
2020-07-22T12:00:00Z,24.629998779296898,251.42401123046875,417.0999755859375,80.51789059420945,1.4787156385619868,0,0
2020-07-22T13:00:00Z,25.649987792968773,378.7360229492187,417.0499877929687,77.10486920545401,1.8796276189536334,0,0
2020-07-22T14:00:00Z,26.679986572265648,491.1520385742187,416.989990234375,73.79861088781963,2.5260639664180244,0,0
2020-07-22T15:00:00Z,27.700036621093773,660.94403076171875,424.6300048828125,70.67906272403313,3.267108821386756,0,0
2020-07-22T16:00:00Z,28.649987792968773,727.0550537109375,424.5699768066406,69.62612450527477,3.7313402606966997,0,0
2020-07-22T17:00:00Z,29.589990234375023,756.4620361328125,424.5099792480469,68.54157522004635,4.253962898128021,0,0
2020-07-22T18:00:00Z,30.540002441406273,773.74102783203125,427.1600036621094,67.35417395416754,4.833931960248903,0,0
2020-07-22T19:00:00Z,30.409997558593773,672.24200439453125,427.16998291015625,67.30037564028913,4.9524537765333125,0,0
2020-07-22T20:00:00Z,30.270043945312523,578.47503662109375,427.1799926757813,67.28186192180169,5.1286743148065055,0.0039647998809814455,0
2020-07-22T21:00:00Z,30.129998779296898,328.2370300292969,435.7099914550781,67.25943658272794,5.341132654248638,0.01283519983291626,0
2020-07-22T22:00:00Z,29.299981689453148,223.35801696777344,435.75,71.33864708052106,4.93406538278828,0.008179199695587159,0
2020-07-22T23:00:00Z,28.459985351562523,127.2040023803711,435.78997802734375,75.7213460566423,4.560274010297625,0.016992000102996827,0
2020-07-23T00:00:00Z,27.630029296875023,19.00800132751465,414.25,80.34138513213092,4.221480802981906,0.011078399419784547,0
2020-07-23T01:00:00Z,26.700006103515648,0,414.2999877929687,82.49354452573851,4.124378577385592,8.928000032901764e-4,0
2020-07-23T02:00:00Z,25.779992675781273,0,414.3499755859375,84.60723196838646,4.184746016038489,0,0
2020-07-23T03:00:00Z,24.850000000000023,0,388.44000244140625,86.77633252500921,4.396100502888923,0,0
2020-07-23T04:00:00Z,24.320001220703148,0,388.4700012207031,87.07833111705412,3.9327978714317378,0,0
2020-07-23T05:00:00Z,23.780023193359398,0,388.5099792480469,87.36767671659189,3.4792238607483483,0,0
2020-07-23T06:00:00Z,23.249993896484398,0,387.2799987792969,87.53632051900937,3.04593167473606,0,0
2020-07-23T07:00:00Z,22.989984130859398,0,387.28997802734375,88.0726599593183,2.8537869128974136,0,0
2020-07-23T08:00:00Z,22.730004882812523,0,387.30999755859375,88.60407640215074,2.7427358125690544,0,0
2020-07-23T09:00:00Z,22.469995117187523,0,406.69000244140625,89.13248039391245,2.7115493013703267,0,0
2020-07-23T10:00:00Z,23.230004882812523,19.196001052856445,406.6499938964844,88.64185520531136,2.6681265231977336,0,0
2020-07-23T11:00:00Z,23.980004882812523,107.94400787353516,406.6000061035156,88.08292637480798,2.650962095765963,0,0
2020-07-23T12:00:00Z,24.739984130859398,210.72801208496097,430.1199951171875,87.36618632685277,2.6449195816780544,0,0
2020-07-23T13:00:00Z,25.749993896484398,318.06402587890625,430.0699768066406,83.38593209030462,3.220760578845541,0,0
2020-07-23T14:00:00Z,26.749993896484398,412.8670043945313,430.0099792480469,79.65148674487163,3.7975912617308283,5.7599997147917515e-5,0
2020-07-23T15:00:00Z,27.750024414062523,648.0340576171875,427.6199951171875,76.10036722139517,4.387094584196478,0.0010367999374866486,0
2020-07-23T16:00:00Z,28.549981689453148,713.04901123046875,427.5899963378906,72.30444096531853,4.980381341700051,0,0
2020-07-23T17:00:00Z,29.350000000000023,741.96502685546875,427.5499877929687,68.71424822659169,5.567665519703428,0,0
2020-07-23T18:00:00Z,30.149987792968773,781.4130249023436,426.25,65.31700387223808,6.153665291813202,0.02276159906387329,0
2020-07-23T19:00:00Z,30.200006103515648,678.77703857421875,426.239990234375,65.34169543701157,5.636026752015868,0.0877631950378418,0
2020-07-23T20:00:00Z,30.249993896484398,583.864013671875,426.239990234375,65.36384161564989,5.183763180603976,5.663999766111372e-4,0
2020-07-23T21:00:00Z,30.299981689453148,371.43402099609375,436.53997802734375,65.38635051775513,4.836248421302711,0,0
2020-07-23T22:00:00Z,29.150018310546898,252.3380126953125,436.5899963378906,70.04187369290128,4.229763321083161,0,0
2020-07-23T23:00:00Z,28.000024414062523,143.09500122070313,436.6499938964844,75.06632419930487,3.633207955416569,6.143999844789504e-4,0
2020-07-24T00:00:00Z,26.850000000000023,16.20800018310547,422.1199951171875,80.4953545801331,3.034633245351429,0.009187199592590335,0
2020-07-24T01:00:00Z,26.050042724609398,0,422.1600036621094,81.75107505014694,2.8017850973583074,0.008380799531936645,0
2020-07-24T02:00:00Z,25.249993896484398,0,422.2099914550781,82.95033122100371,2.734410192949798,0.028819198608398437,0
2020-07-24T03:00:00Z,24.450036621093773,0,385.3899841308594,84.08304496263823,2.839806288775121,0,0
2020-07-24T04:00:00Z,23.749993896484398,0,385.44000244140625,84.49204659997739,2.8692332241003045,9.599999338388424e-5,0
2020-07-24T05:00:00Z,23.049981689453148,0,385.47998046875,84.79312283739048,3.073759891452209,0,0
2020-07-24T06:00:00Z,22.350030517578148,0,359.1499938964844,84.974184418681,3.4258574364084238,0,0
2020-07-24T07:00:00Z,21.790002441406273,0,359.17999267578125,85.76334921162884,3.3554282922723795,0,0
2020-07-24T08:00:00Z,21.239984130859398,0,359.2099914550781,86.45990712699408,3.3084133259369453,0,0
2020-07-24T09:00:00Z,20.679986572265648,0,350.6300048828125,87.1654882051725,3.27181909110059,0,0
2020-07-24T10:00:00Z,21.600000000000023,26.100000381469727,350.5799865722656,86.77187807079395,2.961435509406683,0,0
2020-07-24T11:00:00Z,22.510003662109398,155.6400146484375,350.5299987792969,86.23906923661085,2.6904647010410767,0,0
2020-07-24T12:00:00Z,23.420007324218773,312.64801025390625,370.3800048828125,85.5351373010793,2.448121569457978,0,0
2020-07-24T13:00:00Z,24.499993896484398,471.5360107421875,371.3399963378906,81.1799641944419,2.461097144480028,0,0
2020-07-24T14:00:00Z,25.760003662109398,612.69805908203125,371.2799987792969,76.22977276601017,2.561640077007028,0,0
2020-07-24T15:00:00Z,27.019982910156273,697.02801513671875,391.6300048828125,71.61611352495594,2.6612965698252786,0,0
2020-07-24T16:00:00Z,27.700006103515648,767.1810302734375,391.6000061035156,68.58659202361952,1.2709838689238881,0,0
2020-07-24T17:00:00Z,28.389978027343773,798.3880615234375,391.5699768066406,65.65937909443677,0.12529963969595942,0,0
2020-07-24T18:00:00Z,29.070001220703148,803.791015625,399.6399841308594,62.905007774082684,1.5037286165196337,0,0
2020-07-24T19:00:00Z,29.269982910156273,698.0810546875,399.6300048828125,62.96140672107488,1.4657762425842091,0,0
2020-07-24T20:00:00Z,29.459985351562523,600.2120361328125,399.6199951171875,63.04330695395108,1.7545368762702798,0,0
2020-07-24T21:00:00Z,29.649987792968773,496.738037109375,391.30999755859375,63.11619516399621,2.25729928917178,0,0
2020-07-24T22:00:00Z,28.609979248046898,336.89300537109375,391.3500061035156,67.1756653782191,2.1413312381158263,0,0
2020-07-24T23:00:00Z,27.570001220703148,190.1610107421875,391.3999938964844,71.52843519237018,2.0419842907483345,0,0
2020-07-25T00:00:00Z,26.529992675781273,16.944000244140625,364.53997802734375,76.19420558274393,1.9504101417339745,0,0
2020-07-25T01:00:00Z,25.510003662109398,0,364.6000061035156,75.503863094107,1.7655593919768195,0,0
2020-07-25T02:00:00Z,24.489984130859398,0,364.6600036621094,74.4450380790476,1.5867576328624122,0,0
2020-07-25T03:00:00Z,23.480035400390648,0,353.22998046875,72.92154396252934,1.426358985548219,0,0
2020-07-25T04:00:00Z,22.799981689453148,0,353.2599792480469,75.17399567812812,1.709999918937683,0,0
2020-07-25T05:00:00Z,22.129998779296898,0,353.28997802734375,77.4506515965805,2.063419454652531,0,0
2020-07-25T06:00:00Z,21.459985351562523,0,347.57000732421875,79.80354938755131,2.4523049262972814,0,0
2020-07-25T07:00:00Z,21.020043945312523,0,347.5899963378906,80.93005147337895,2.4352821726350453,0,0
2020-07-25T08:00:00Z,20.579980468750023,0,347.6099853515625,82.06554063891981,2.4509998436744,0,0
2020-07-25T09:00:00Z,20.140008544921898,0,348.78997802734375,83.20949802445863,2.5088044956206264,0,0
2020-07-25T10:00:00Z,21.030023193359398,23.64400100708008,348.739990234375,83.80763581953344,2.3354870248677924,0,0
2020-07-25T11:00:00Z,21.920007324218773,150.4720001220703,348.69000244140625,84.12766597262622,2.1727860677590844,0,0
2020-07-25T12:00:00Z,22.799981689453148,332.32000732421875,365.94000244140625,84.25436380888658,2.010895313411755,0,0
2020-07-25T13:00:00Z,24.339990234375023,503.6320190429687,365.8699951171875,78.49458373829911,1.9109421425916622,0,0
2020-07-25T14:00:00Z,25.879998779296898,655.04901123046875,365.7999877929687,73.16218422391952,1.8099999523294565,0,0
2020-07-25T15:00:00Z,27.420007324218773,751.92706298828125,391.2699890136719,68.2223046219016,1.7280334945513212,0,0
2020-07-25T16:00:00Z,28.209985351562523,827.82403564453125,391.22998046875,66.53971380845715,2.376930633453562,0,0
2020-07-25T17:00:00Z,28.999993896484398,861.60601806640625,391.19000244140625,64.88346458403723,3.102660032858752,0,0
2020-07-25T18:00:00Z,29.790002441406273,847.25506591796875,402.3800048828125,63.251161741681315,3.862149553394186,0,0
2020-07-25T19:00:00Z,30.019982910156273,735.6800537109375,402.3699951171875,63.72900115119396,4.011034723712179,0,0
2020-07-25T20:00:00Z,30.240045166015648,632.2550048828125,402.3500061035156,64.21966382726292,4.1632919642961435,0,0
2020-07-25T21:00:00Z,30.459985351562523,497.0000305175781,398.3399963378906,64.68674899562873,4.310046260412889,0,0
2020-07-25T22:00:00Z,29.320001220703148,336.47802734375,398.3899841308594,70.04350240100196,3.908580347130057,0,0
2020-07-25T23:00:00Z,28.189996337890648,189.01400756835935,398.4299926757813,75.82570718056054,3.5139152326243877,0,0
2020-07-26T00:00:00Z,27.049981689453148,14.91200065612793,375.94000244140625,82.1649217127493,3.1403501731153307,0,0
2020-07-26T01:00:00Z,25.890008544921898,0,376,82.42169897954747,3.203263940036374,0,0
2020-07-26T02:00:00Z,24.730004882812523,0,376.0699768066406,82.32460359709302,3.261487313317974,0,0
2020-07-26T03:00:00Z,23.570031738281273,0,374.4499816894531,81.81586021225459,3.3292942519553,0,0
2020-07-26T04:00:00Z,23.279992675781273,0,374.4599914550781,83.47638520505289,3.41997070470053,0,0
2020-07-26T05:00:00Z,22.989984130859398,0,374.4700012207031,85.17402144702059,3.581019366335813,0,0
2020-07-26T06:00:00Z,22.709985351562523,0,370.05999755859375,86.85538918193949,3.796972322260641,0,0
2020-07-26T07:00:00Z,22.350030517578148,0,370.0799865722656,87.4726246001657,3.562021914342417,0,0
2020-07-26T08:00:00Z,21.999993896484398,0,370.1000061035156,88.02549933989027,3.32469540346678,0,0
2020-07-26T09:00:00Z,21.640008544921898,0,359.03997802734375,88.62041032696794,3.099435309692382,0,0
2020-07-26T10:00:00Z,22.529992675781273,22.45400047302246,358.989990234375,87.74621882118785,3.06740917580445,0,0
2020-07-26T11:00:00Z,23.420007324218773,153.5760040283203,358.94000244140625,86.74163670639486,3.0425809738335916,0,0
2020-07-26T12:00:00Z,24.309991455078148,322.8800048828125,373.91998291015625,85.62592458669744,3.0251281334560636,0,0
2020-07-26T13:00:00Z,25.739984130859398,490.3520202636719,373.8699951171875,76.8491249131628,3.6466421578612063,0,0
2020-07-26T14:00:00Z,27.170037841796898,638.42303466796875,373.8199768066406,68.99945081717273,4.336104165533754,0,0
2020-07-26T15:00:00Z,28.600000000000023,759.21405029296875,380.47998046875,61.97525567395976,5.065846406892897,0,0
2020-07-26T16:00:00Z,29.120019531250023,836.0850219726564,380.4599914550781,59.948546616670214,5.491538717485084,0,0
2020-07-26T17:00:00Z,29.649987792968773,870.27801513671875,380.44000244140625,57.95892757175949,5.964109131070844,0,0
2020-07-26T18:00:00Z,30.170007324218773,863.85504150390625,388.1600036621094,56.07311845318382,6.481488872367563,0,0
2020-07-26T19:00:00Z,30.249993896484398,749.9120483398436,388.1600036621094,56.46521865403116,6.324365332006373,0,0
2020-07-26T20:00:00Z,30.329980468750023,644.18902587890625,388.1499938964844,56.852443511542255,6.1589364971333,0,0
2020-07-26T21:00:00Z,30.420007324218773,497.4840087890625,385.8299865722656,57.20028576646598,5.992303448550219,0,0
2020-07-26T22:00:00Z,29.089990234375023,336.166015625,385.8800048828125,62.67044933589134,5.157799821423766,0,0
2020-07-26T23:00:00Z,27.749993896484398,187.90301513671875,385.9299926757813,68.7417023156438,4.323794387055783,0,0
2020-07-27T00:00:00Z,26.420007324218773,13.920001029968262,360.2099914550781,75.39776867901763,3.494967645978368,0,0
2020-07-27T01:00:00Z,25.279992675781273,0,360.2799987792969,75.94586051992711,3.417967089232998,0,0
2020-07-27T02:00:00Z,24.140008544921898,0,360.3399963378906,76.22916055869744,3.3800146688892574,0,0
2020-07-27T03:00:00Z,22.999993896484398,0,356,76.20050985983167,3.3814197153592147,0,0
2020-07-27T04:00:00Z,22.619989013671898,0,356.0199890136719,78.13220398301274,3.387107797384089,0,0
2020-07-27T05:00:00Z,22.239984130859398,0,356.0299987792969,80.11628488420892,3.4032483136032727,0,0
2020-07-27T06:00:00Z,21.850000000000023,0,355.47998046875,82.20733393051518,3.4107035955873584,0,0
2020-07-27T07:00:00Z,21.570001220703148,0,355.489990234375,83.34111073175976,3.404247204281761,0,0
2020-07-27T08:00:00Z,21.290002441406273,0,355.5099792480469,84.49173186794239,3.39072250336327,0,0
2020-07-27T09:00:00Z,21.010003662109398,0,356.8999938964844,85.6570796081596,3.3901326072488853,0,0
2020-07-27T10:00:00Z,22.130029296875023,19.84000015258789,356.8399963378906,84.40710115422851,3.315448649287208,0,0
2020-07-27T11:00:00Z,23.260003662109398,147.09600830078125,356.7799987792969,82.93212871708131,3.2790850601867176,0,0
2020-07-27T12:00:00Z,24.379998779296898,331.4640197753906,368.8500061035156,81.3637899733648,3.292567302664802,0,0
2020-07-27T13:00:00Z,26.040002441406273,504.4640197753906,368.7799987792969,76.08303081010374,3.5030415154887433,0,0
2020-07-27T14:00:00Z,27.700006103515648,657.489013671875,368.6999816894531,71.14403055488285,3.717324305643009,0,0
2020-07-27T15:00:00Z,29.359979248046898,755.55206298828125,395.1000061035156,66.52516564859448,3.931780561732834,0,0
2020-07-27T16:00:00Z,30.109979248046898,832.2900390625,395.0699768066406,64.66546650824739,4.616492035979457,0,0
2020-07-27T17:00:00Z,30.869989013671898,866.405029296875,395.0299987792969,62.8182579437962,5.361212396416456,0,0
2020-07-27T18:00:00Z,31.620019531250023,853.22601318359375,413.44000244140625,61.05848415252243,6.150186708391912,0,0
2020-07-27T19:00:00Z,31.880029296875023,740.51202392578125,413.4100036621094,62.43086456799729,6.375264440998313,0,0
2020-07-27T20:00:00Z,32.1299987792969,635.802001953125,413.3899841308594,63.78517488408846,6.6122686082704485,0,0
2020-07-27T21:00:00Z,32.3799987792969,488.93603515625,414.19000244140625,65.08771165935241,6.87186287414397,0,0
2020-07-27T22:00:00Z,31.170007324218773,329.7720031738281,414.239990234375,70.04771626211398,6.021768752185725,0,0
2020-07-27T23:00:00Z,29.960046386718773,183.3380126953125,414.2999877929687,75.42747015127571,5.183223003517515,0,0
2020-07-28T00:00:00Z,28.739984130859398,10.70400047302246,399.05999755859375,81.31401202892731,4.344950895701419,0,0
2020-07-28T01:00:00Z,27.719995117187523,0,399.1199951171875,82.48429641672251,4.128655964689727,0,0
2020-07-28T02:00:00Z,26.700006103515648,0,399.1799926757813,83.51498577088515,3.899794826441417,0,0
2020-07-28T03:00:00Z,25.679986572265648,0,400.3999938964844,84.38223790492728,3.6806656556905093,0,0
2020-07-28T04:00:00Z,25.239984130859398,0,400.41998291015625,85.14881519040738,3.548027651057609,0,0
2020-07-28T05:00:00Z,24.800042724609398,0,400.4499816894531,85.90099105397277,3.4115390879865632,0,0
2020-07-28T06:00:00Z,24.359979248046898,0,380.6099853515625,86.64049694721369,3.2901366930250533,0,0
2020-07-28T07:00:00Z,24.010003662109398,0,380.6300048828125,86.3887984980161,3.1940569508777457,0,0
2020-07-28T08:00:00Z,23.659997558593773,0,380.6499938964844,86.09153212161395,3.099193485196457,0,0
2020-07-28T09:00:00Z,23.309991455078148,0,380.3899841308594,85.7458888909566,3.0085377335485846,0,0
2020-07-28T10:00:00Z,24.149987792968773,17.020000457763672,380.3500061035156,85.1877525443509,3.1243559697688226,0,0
2020-07-28T11:00:00Z,24.989984130859398,138.2480010986328,380.2999877929687,84.49774081096334,3.252598914460991,0,0
2020-07-28T12:00:00Z,25.829980468750023,315.0080261230469,402.6999816894531,83.6887544689687,3.3703707843351385,0,0
2020-07-28T13:00:00Z,26.969995117187523,480.4640197753906,402.6499938964844,77.89603888009916,3.8470377781854697,0,0
2020-07-28T14:00:00Z,28.110040283203148,626.86004638671875,402.6000061035156,72.54335429957568,4.440405444095927,0,0
2020-07-28T15:00:00Z,29.239984130859398,670.08502197265625,422.239990234375,67.63176061866308,5.1274651629167955,0,0
2020-07-28T16:00:00Z,29.570001220703148,738.342041015625,422.2200012207031,65.71532116009848,5.000089999185992,0,0
2020-07-28T17:00:00Z,29.899987792968773,768.68402099609375,422.2099914550781,63.84949636630735,4.925464309411085,0,0
2020-07-28T18:00:00Z,30.230004882812523,770.0390625,420.3699951171875,62.03427185800497,4.916390687523561,0,0
2020-07-28T19:00:00Z,30.269982910156273,668.12701416015625,420.3699951171875,61.227335629237224,4.944258978047466,0,0
2020-07-28T20:00:00Z,30.320001220703148,573.343017578125,420.3699951171875,60.38846635468936,4.9748970699589,0,0
2020-07-28T21:00:00Z,30.360040283203148,478.35302734375,397.19000244140625,59.58869795382471,5.0105588857878995,0,0
2020-07-28T22:00:00Z,28.969995117187523,321.9570007324219,397.25,64.4112366287651,4.467538544147557,0,0
2020-07-28T23:00:00Z,27.579980468750023,177.98501586914065,397.30999755859375,69.67499304049596,3.9344883949900304,0,0
2020-07-29T00:00:00Z,26.179986572265648,12.35200023651123,356.0899963378906,75.47388386741135,3.3932431860742738,0,0
2020-07-29T01:00:00Z,24.850000000000023,0,356.1600036621094,75.70195541996249,3.2103894225787535,0,0
2020-07-29T02:00:00Z,23.520043945312523,0,356.239990234375,75.47898369631358,3.1282742237240617,0,0
2020-07-29T03:00:00Z,22.180047607421898,0,347.3800048828125,74.76845115408729,3.1723806639246948,0,0
2020-07-29T04:00:00Z,21.950006103515648,0,347.3899841308594,74.39804004391051,2.6992034667536102,0,0
2020-07-29T05:00:00Z,21.719995117187523,0,347.4100036621094,74.00197679479592,2.268126939828968,0,0
2020-07-29T06:00:00Z,21.489984130859398,0,346.22998046875,73.57899115487335,1.9144189177334834,0,0
2020-07-29T07:00:00Z,21.290002441406273,0,346.239990234375,73.36896381032763,1.3124404516789565,0,0
2020-07-29T08:00:00Z,21.100000000000023,0,346.25,73.09560953247515,0.7121797529923218,0,0
2020-07-29T09:00:00Z,20.909997558593773,0,345.1099853515625,72.8071817137817,0.11704699824149363,0,0
2020-07-29T10:00:00Z,21.610040283203148,15.86400032043457,345.07000732421875,74.31374696523861,0.38832975174448753,0,0
2020-07-29T11:00:00Z,22.310021972656273,143.00401306152344,345.0299987792969,75.577839358217,0.6830812296146416,0,0
2020-07-29T12:00:00Z,23.010003662109398,325.7920227050781,364.55999755859375,76.62123528537603,0.9808159478044991,0,0
2020-07-29T13:00:00Z,24.480004882812523,498.0320129394531,364.5,70.44928402043266,0.20024983202779026,0,0
2020-07-29T14:00:00Z,25.939996337890648,650.44903564453125,364.44000244140625,64.87027118153333,1.3682104416364473,0,0
2020-07-29T15:00:00Z,27.399987792968773,751.675048828125,382.75,59.78207733330658,2.5412005526455306,0,0
2020-07-29T16:00:00Z,28.100000000000023,828.4580688476564,382.7099914550781,59.485205481190036,3.4661937708512087,0,0
2020-07-29T17:00:00Z,28.799981689453148,862.55706787109375,382.66998291015625,59.123665748373305,4.447032648097521,0,0
2020-07-29T18:00:00Z,29.500024414062523,850.52301025390625,395.2699890136719,58.70283551384825,5.4536684459540155,0,0
2020-07-29T19:00:00Z,29.639978027343773,737.759033203125,395.2599792480469,58.37571030625293,5.324631466967263,0,0
2020-07-29T20:00:00Z,29.779992675781273,632.738037109375,395.2599792480469,58.05007000412222,5.224834675304296,0,0
2020-07-29T21:00:00Z,29.920007324218773,465.5790100097656,400.75,57.72649709164596,5.127114028371699,0,0
2020-07-29T22:00:00Z,28.679986572265648,312.6830139160156,400.80999755859375,61.81512970240597,4.320196694823526,0,0
2020-07-29T23:00:00Z,27.450006103515648,171.85101318359375,400.8599853515625,66.19239353733353,3.5702240514838683,0,0
2020-07-30T00:00:00Z,26.219995117187523,10.432000160217283,378.5199890136719,70.92074300697716,2.924961538893364,0,0
2020-07-30T01:00:00Z,25.189996337890648,0,378.5799865722656,72.2452701697005,3.0411346359730604,0,0
2020-07-30T02:00:00Z,24.159997558593773,0,378.6300048828125,73.46915420037296,3.171009325135257,5.375999808311463e-4,0
2020-07-30T03:00:00Z,23.130029296875023,0,373.30999755859375,74.57473932683949,3.3293843260946505,0.0024383999705314637,0
2020-07-30T04:00:00Z,22.629998779296898,0,373.3299865722656,75.63612343992214,3.21908368353192,0.0031871999502182005,0
2020-07-30T05:00:00Z,22.130029296875023,0,373.3599853515625,76.69603469971157,3.179701264672631,4.992000013589858e-4,0
2020-07-30T06:00:00Z,21.640008544921898,0,376.94000244140625,77.71210906834125,3.2003124789318154,0,0
2020-07-30T07:00:00Z,21.409997558593773,0,376.9499816894531,79.10210395993666,3.2065556368239974,9.599999785423279e-4,0
2020-07-30T08:00:00Z,21.170007324218773,0,376.9599914550781,80.56474354375476,3.2234298294723156,4.7999998927116384e-4,0
2020-07-30T09:00:00Z,20.939996337890648,0,376.4100036621094,82.00773987948867,3.2551804144180374,4.7999998927116384e-4,0
2020-07-30T10:00:00Z,21.869989013671898,13.16200065612793,376.3599853515625,81.39646060051273,3.31253668489116,0,0
2020-07-30T11:00:00Z,22.790002441406273,133.89601135253906,376.30999755859375,80.67155773392591,3.3688126876462174,0,0
2020-07-30T12:00:00Z,23.719995117187523,316.0160217285156,378.739990234375,79.75172106496817,3.428308594230689,0,0
2020-07-30T13:00:00Z,25.219995117187523,484.176025390625,378.6799926757813,73.76515755618263,3.2192545532611487,0,0
2020-07-30T14:00:00Z,26.719995117187523,633.0350341796875,378.6099853515625,68.27923156761193,3.193117485791676,0,0
2020-07-30T15:00:00Z,28.230035400390648,718.97100830078125,392.80999755859375,63.211395993113484,3.36243956472548,0,0
2020-07-30T16:00:00Z,28.839990234375023,792.64404296875,392.7799987792969,60.951477091462785,3.968122829112816,0,0
2020-07-30T17:00:00Z,29.459985351562523,825.322021484375,392.7599792480469,58.74769286158536,4.680266997269038,0,0
2020-07-30T18:00:00Z,30.070001220703148,650.80804443359375,419.7599792480469,56.66296234739382,5.458003194854854,0.0013823999762535095,0
2020-07-30T19:00:00Z,29.869989013671898,564.35101318359375,419.7699890136719,56.935345376265396,5.394598964637977,0,0
2020-07-30T20:00:00Z,29.670007324218773,483.7480163574219,419.78997802734375,57.206841048902284,5.352102402677481,0.008303999662399293,0
2020-07-30T21:00:00Z,29.469995117187523,431.822021484375,403.53997802734375,57.47815424546242,5.317640180726304,4.031999856233597e-4,0
2020-07-30T22:00:00Z,28.329980468750023,289.36602783203125,403.5899963378906,61.576205715991655,4.683289138196266,0,0
2020-07-30T23:00:00Z,27.200006103515648,158.04701232910156,403.6399841308594,65.96355422890403,4.0650336822062165,0,0
2020-07-31T00:00:00Z,26.060021972656273,15.392001152038574,386.5299987792969,70.73983732548443,3.4919333771481984,0,0
2020-07-31T01:00:00Z,25.029992675781273,0,386.5799865722656,72.95884912783865,2.9931254758772727,0.0038783998489379883,0
2020-07-31T02:00:00Z,24.010003662109398,0,386.6300048828125,75.15290809837823,2.7699999727497033,0,0
2020-07-31T03:00:00Z,22.980035400390648,0,369.0499877929687,77.40697614542957,2.8921444722029674,0,0
2020-07-31T04:00:00Z,22.230004882812523,0,369.0899963378906,78.49894002070693,2.8969812046569796,0,0
2020-07-31T05:00:00Z,21.480004882812523,0,369.1300048828125,79.54175845611321,3.0581202115493697,0,0
2020-07-31T06:00:00Z,20.730004882812523,0,350.3999938964844,80.52748648001872,3.3531029742033893,0,0
2020-07-31T07:00:00Z,20.209985351562523,0,350.42999267578125,80.98495415340766,3.3125518290225724,0,0
2020-07-31T08:00:00Z,19.700006103515648,0,350.4599914550781,81.34036859485452,3.3066750191897816,0,0
2020-07-31T09:00:00Z,19.179986572265648,0,351.54998779296875,81.69604955669362,3.335655821889594,0,0
2020-07-31T10:00:00Z,19.929986572265648,11.308000564575195,351.5099792480469,81.48065655403757,3.122578957874983,0,0
2020-07-31T11:00:00Z,20.679986572265648,132.74400329589844,351.4700012207031,81.1319260460007,2.9300168931355826,0,0
2020-07-31T12:00:00Z,21.429986572265648,320.2240295410156,353.97998046875,80.66290211163404,2.7632227542672556,0,0
2020-07-31T13:00:00Z,22.890039062500023,491.760009765625,353.92999267578125,73.09747690180548,2.4407376506037903,0,0
2020-07-31T14:00:00Z,24.360040283203148,643.6280517578125,353.8699951171875,66.25839246645369,2.17524697848322,0,0
2020-07-31T15:00:00Z,25.820001220703148,744.0360107421875,373.53997802734375,60.14949376075245,1.9758541544130015,0,0
2020-07-31T16:00:00Z,26.350000000000023,820.4840087890625,373.5199890136719,58.480418155914215,1.4949581894721358,0,0
2020-07-31T17:00:00Z,26.879998779296898,854.35003662109375,373.5,56.86374787834175,1.1322543340504447,0,0
2020-07-31T18:00:00Z,27.420007324218773,817.821044921875,395.8599853515625,55.265892143968124,1.0124228270725142,0,0
2020-07-31T19:00:00Z,27.579980468750023,708.9520263671875,395.8399963378906,57.158785191142385,0.9625486899111528,0,0
2020-07-31T20:00:00Z,27.730004882812523,607.31201171875,395.8199768066406,59.04499193683693,1.6956709052247505,0,0
2020-07-31T21:00:00Z,27.890039062500023,421.405029296875,410.5899963378906,60.85597198137279,2.62162164200095,0,0
2020-07-31T22:00:00Z,26.809991455078148,281.73699951171875,410.6399841308594,65.840300228643585,2.6679017105370457,0,0
2020-07-31T23:00:00Z,25.730004882812523,152.87100219726565,410.6799926757813,71.25485750275699,2.734026378441377,0,0
2020-08-01T00:00:00Z,24.649987792968773,9.84000015258789,386.3599853515625,77.13581002470283,2.818598885598393,0,0
2020-08-01T01:00:00Z,23.799981689453148,0,386.41998291015625,76.57065331857207,2.6401703155296117,0,0
2020-08-01T02:00:00Z,22.950006103515648,0,386.4700012207031,75.74467599357108,2.4758433193444414,0,0
2020-08-01T03:00:00Z,22.100000000000023,0,361.0199890136719,74.62617022500352,2.3280037648234013,0,0
2020-08-01T04:00:00Z,21.820031738281273,0,361.03997802734375,74.01663214568156,2.0388722085840687,0,0
2020-08-01T05:00:00Z,21.540032958984398,0,361.05999755859375,73.36438284067479,1.7501142819776423,0,0
2020-08-01T06:00:00Z,21.269982910156273,0,337.47998046875,72.6224790753975,1.4886235438528812,0,0
2020-08-01T07:00:00Z,20.649987792968773,0,337.5099792480469,74.27509232780893,1.7006468738605807,0,0
2020-08-01T08:00:00Z,20.040002441406273,0,337.5299987792969,75.90828884086903,1.9138703990776587,0,0
2020-08-01T09:00:00Z,19.420007324218773,0,338.3299865722656,77.61862638116973,2.1272046321416074,0,0
2020-08-01T10:00:00Z,20.409997558593773,9.9720001220703125,338.2799987792969,77.73165027802739,1.915880964415988,0,0
2020-08-01T11:00:00Z,21.399987792968773,139.2360076904297,338.22998046875,77.58188112032731,1.7101168740027688,0,0
2020-08-01T12:00:00Z,22.390008544921898,324.75201416015625,361.9100036621094,77.20538916302716,1.523285902522737,0,0
2020-08-01T13:00:00Z,23.869989013671898,484.6880187988281,361.8500061035156,72.04994067869994,1.6259457953727385,0,0
2020-08-01T14:00:00Z,25.350000000000023,668.5860595703125,361.7799987792969,67.2702137835491,1.7584083342112142,0,0
2020-08-01T15:00:00Z,26.820001220703148,778.2460327148436,384.1600036621094,62.87390397410088,1.9188017193785356,0,0
2020-08-01T16:00:00Z,27.589990234375023,864.5800170898436,384.1199951171875,61.631552115442,0.7271863600816633,0,0
2020-08-01T17:00:00Z,28.359979248046898,884.88006591796875,384.0799865722656,60.38468337749155,0.4949747268108302,0,0
2020-08-01T18:00:00Z,29.130029296875023,835.237060546875,397,59.1395151703271,1.6823791709920217,0,0
2020-08-01T19:00:00Z,29.060021972656273,736.39501953125,397,59.79290553936117,1.8015548485943316,0,0
2020-08-01T20:00:00Z,28.999993896484398,616.58905029296875,397,60.41387140100497,1.9320454652898071,0,0
2020-08-01T21:00:00Z,28.939996337890648,494.1960144042969,399.239990234375,61.03921202562975,2.0768485152478444,0,0
2020-08-01T22:00:00Z,27.840020751953148,331.31201171875,399.28997802734375,65.59683333136861,2.2755438027672388,0,0
2020-08-01T23:00:00Z,26.749993896484398,178.5570068359375,399.3399963378906,70.4829817510566,2.4989996603892677,0,0
2020-08-02T00:00:00Z,25.659997558593773,10.160000801086426,373.3999938964844,75.76763303856971,2.7574626489151863,0,0
2020-08-02T01:00:00Z,24.579980468750023,0,373.4599914550781,77.58302912199048,2.9896488447332974,0,0
2020-08-02T02:00:00Z,23.489984130859398,0,373.5199890136719,79.38020997851562,3.242113527297015,0,0
2020-08-02T03:00:00Z,22.409997558593773,0,379.8199768066406,81.04052889317786,3.492806903728484,0,0
2020-08-02T04:00:00Z,22.040002441406273,0,379.8399963378906,83.18511341469261,3.3094561011271137,0,0
2020-08-02T05:00:00Z,21.679986572265648,0,379.8500061035156,85.34145072037624,3.120833125555409,0.0019103999733924865,0
2020-08-02T06:00:00Z,21.320001220703148,0,412.2699890136719,87.55689097762583,2.9461329047070235,0,0
2020-08-02T07:00:00Z,21.350000000000023,0,412.2699890136719,87.8456310674418,2.7835229190890485,0,0
2020-08-02T08:00:00Z,21.380029296875023,0,412.2599792480469,88.13341259988486,2.6561060293292966,0,0
2020-08-02T09:00:00Z,21.410028076171898,0,408.3999938964844,88.42162658884247,2.5710892427417122,0,0
2020-08-02T10:00:00Z,21.879998779296898,3.824000120162964,408.3699951171875,89.09047288354128,3.1828602935693366,0,0
2020-08-02T11:00:00Z,22.350000000000023,66.496002197265625,408.3399963378906,89.65774309896138,3.8121515321164448,0.0017856000065803528,0
2020-08-02T12:00:00Z,22.820001220703148,157.7840118408203,418.41998291015625,90.12247150422816,4.442307839485458,0.001977600038051605,0
2020-08-02T13:00:00Z,23.650018310546898,236.04800415039065,418.3800048828125,87.59774419937904,4.785645034188134,9.599999338388424e-5,0
2020-08-02T14:00:00Z,24.489984130859398,325.9640197753906,418.3299865722656,85.07369606534525,5.277973076297903,0.0026495999693870544,0
2020-08-02T15:00:00Z,25.320001220703148,484.4380187988281,416.0799865722656,82.65718354352674,5.865782033516269,2.97599986195564e-4,0
2020-08-02T16:00:00Z,25.859979248046898,538.30303955078125,416.0499877929687,80.82837437689508,6.277786231551156,0.1116672019958496,0
2020-08-02T17:00:00Z,26.399987792968773,550.99505615234375,416.0199890136719,79.04097061076673,6.703222952657436,0.0011135999858379363,0
2020-08-02T18:00:00Z,26.929986572265648,712.77801513671875,419.5099792480469,77.33926592315042,7.120990043901963,0.0014303999841213226,0
2020-08-02T19:00:00Z,27.369989013671898,628.18505859375,419.47998046875,77.35604007749838,6.9958059053368045,0,0
2020-08-02T20:00:00Z,27.809991455078148,525.634033203125,419.4499816894531,77.32282090223518,6.899999618530273,4.799999669194199e-5,0
2020-08-02T21:00:00Z,28.239984130859398,379.906005859375,428.0299987792969,77.28856748184054,6.835495286931399,0.005606399774551392,0
2020-08-02T22:00:00Z,27.779992675781273,254.04901123046875,428.03997802734375,80.63931918113873,6.526898171455787,0,0
2020-08-02T23:00:00Z,27.320001220703148,135.92800903320313,428.05999755859375,84.12384531661067,6.2115779375254,3.071999922394752e-4,0
2020-08-03T00:00:00Z,26.850030517578148,4.464000225067139,414.8899841308594,87.80087787958013,5.910075989052165,0,0
2020-08-03T01:00:00Z,26.269982910156273,0,414.91998291015625,88.99028479092217,5.467613810648519,0,0
2020-08-03T02:00:00Z,25.689996337890648,0,414.9599914550781,90.16257108649171,5.127669861963736,0,0
2020-08-03T03:00:00Z,25.100000000000023,0,389.25,91.37285025425271,4.911578168732986,0.003619199752807617,0
2020-08-03T04:00:00Z,24.579980468750023,0,389.2799987792969,90.79316543023911,4.809999808452234,0,0
2020-08-03T05:00:00Z,24.059991455078148,0,389.3199768066406,90.09202565799113,5.08433867719978,0,0
2020-08-03T06:00:00Z,23.540002441406273,0,356.739990234375,89.25789984598453,5.693504733886262,0,0
2020-08-03T07:00:00Z,22.719995117187523,0,356.78997802734375,88.27072207581286,5.591421721201051,0,0
2020-08-03T08:00:00Z,21.890008544921898,0,356.8399963378906,87.01429611339543,5.489772124850732,0,0
2020-08-03T09:00:00Z,21.070001220703148,0,350.5799865722656,85.34601445146829,5.38858039300575,0,0
2020-08-03T10:00:00Z,21.740045166015648,5.7300004959106445,350.53997802734375,83.75456227469483,4.914803966840851,0,0
2020-08-03T11:00:00Z,22.399987792968773,133.54800415039065,350.5099792480469,82.21853451529448,4.4360567406903,0,0
2020-08-03T12:00:00Z,23.070001220703148,315.54400634765625,368.47998046875,80.64000323177164,3.979409355780968,0,0
2020-08-03T13:00:00Z,24.100000000000023,473.2160339355469,368.44000244140625,75.59320447662463,4.1184462623031175,0,0
2020-08-03T14:00:00Z,25.140008544921898,654.21502685546875,368.3999938964844,70.85026971433054,4.269578266434272,0,0
2020-08-03T15:00:00Z,26.170007324218773,765.0860595703125,387.9499816894531,66.47839348373508,4.409194883429786,0,0
2020-08-03T16:00:00Z,26.879998779296898,850.3900146484375,387.91998291015625,64.34751754010969,4.707525962741789,0,0
2020-08-03T17:00:00Z,27.579980468750023,870.416015625,387.8800048828125,62.329543656498544,5.089528197285643,0,0
2020-08-03T18:00:00Z,28.290002441406273,857.4730224609375,395.91998291015625,60.34426634053434,5.539187740951369,0,0
2020-08-03T19:00:00Z,28.389978027343773,755.4620361328125,395.9100036621094,60.119740549272464,5.560188836589011,0,0
2020-08-03T20:00:00Z,28.499993896484398,631.70904541015625,395.9100036621094,59.858489789614765,5.598365785429556,0,0
2020-08-03T21:00:00Z,28.609979248046898,509.968017578125,388.19000244140625,59.60050902793905,5.637463843066873,0,0
2020-08-03T22:00:00Z,27.350000000000023,340.1390075683594,388.239990234375,64.63000701523637,4.928661107870819,0,0
2020-08-03T23:00:00Z,26.100000000000023,180.61801147460935,388.28997802734375,70.08396148790014,4.213751160183831,0,0
2020-08-04T00:00:00Z,24.839990234375023,8.223999977111816,375.6399841308594,76.09274716593825,3.501785126213138,0,0
2020-08-04T01:00:00Z,24.320001220703148,0,375.66998291015625,75.75752493712125,3.0461122422656177,0,0
2020-08-04T02:00:00Z,23.800042724609398,0,375.6999816894531,75.32936917436496,2.610153145188536,0,0
2020-08-04T03:00:00Z,23.279992675781273,0,403.739990234375,74.80515485252283,2.2412942379778484,7.104000002145765e-4,0
2020-08-04T04:00:00Z,23.059991455078148,0,403.739990234375,78.37653170693135,2.2786179997625777,0.00932159972190857,0
2020-08-04T05:00:00Z,22.829980468750023,0,403.739990234375,82.08374256467948,2.480685416653887,0,0
2020-08-04T06:00:00Z,22.600000000000023,0,426.78997802734375,85.88447549860997,2.8151377018081787,0,0
2020-08-04T07:00:00Z,22.679986572265648,0,426.7799987792969,87.63115327848233,3.07065123883231,0.0026495999693870544,0
2020-08-04T08:00:00Z,22.750024414062523,0,426.7699890136719,89.41170125113968,3.329999839937365,0.004416000008583069,0
2020-08-04T09:00:00Z,22.820001220703148,0,426.0899963378906,91.16909442209585,3.5994720305346943,0.05278079795837402,0
2020-08-04T10:00:00Z,22.989984130859398,2.0360000133514404,426.0799865722656,91.28068941133826,4.199261732576622,0.025171199798583985,0
2020-08-04T11:00:00Z,23.170007324218773,73.35200500488281,426.0699768066406,91.32336464108928,4.822157289896021,0.05608319664001465,0
2020-08-04T12:00:00Z,23.339990234375023,138.71200561523438,422.0699768066406,91.41210767420385,5.43838183248213,0.07138560104370117,0
2020-08-04T13:00:00Z,23.890008544921898,208.52801513671875,422.0299987792969,90.02854704503694,6.041522810790862,0.19749119567871093,0
2020-08-04T14:00:00Z,24.450036621093773,288.61102294921875,422,88.5935807375264,6.915374060255137,0.02545919895172119,0
2020-08-04T15:00:00Z,25.010003662109398,349.5580139160156,425.5099792480469,87.16296575871007,7.966309871714973,5.375999808311463e-4,0
2020-08-04T16:00:00Z,24.959985351562523,388.6320190429687,425.5199890136719,86.595377926192,9.438458354770173,0.020083199501037596,0
2020-08-04T17:00:00Z,24.909997558593773,397.8000183105469,425.5199890136719,86.02574881770069,10.91806743699459,0.16066559600830077,0
2020-08-04T18:00:00Z,24.860040283203148,291.26702880859375,422.47998046875,85.45628252622282,12.410015677150943,0.42312959289550783,0
2020-08-04T19:00:00Z,23.749993896484398,256.5169982910156,422.53997802734375,87.18966094732578,9.586370337130521,0.28179840087890623,0
2020-08-04T20:00:00Z,22.649987792968773,214.3380126953125,422.6099853515625,88.73483157135115,7.614893353404863,0.09678719329833985,0
2020-08-04T21:00:00Z,21.549981689453148,232.75100708007813,392.30999755859375,90.10622092983873,7.208196395643492,0.021542399883270263,0
2020-08-04T22:00:00Z,20.960046386718773,154.8140106201172,392.3500061035156,89.1429948188267,6.972302305975785,0.003647999882698059,0
2020-08-04T23:00:00Z,20.369989013671898,81.55900573730469,392.3899841308594,87.98634384350574,7.3424380349495255,0,0
2020-08-05T00:00:00Z,19.779992675781273,3.7280001640319824,340.54998779296875,86.6236439574492,8.221922011550943,0,0
2020-08-05T01:00:00Z,19.249993896484398,0,340.5799865722656,88.36868026002335,7.309945257689019,0,0
2020-08-05T02:00:00Z,18.709985351562523,0,340.6000061035156,90.1939251073061,6.403475602075562,0,0
2020-08-05T03:00:00Z,18.170007324218773,0,338.8999938964844,92.05213578261444,5.483402028500887,4.607999771833418e-4,0
2020-08-05T04:00:00Z,17.790002441406273,0,338.91998291015625,93.17628169775655,4.866251111974817,0.007190400123596191,0
2020-08-05T05:00:00Z,17.409997558593773,0,338.94000244140625,94.30702111951243,4.276493872429508,0,0
2020-08-05T06:00:00Z,17.029992675781273,0,337.8800048828125,95.44171058041388,3.7194083797525606,0,0
2020-08-05T07:00:00Z,16.909997558593773,0,337.8899841308594,94.94852798021422,3.3870486673733637,0,0
2020-08-05T08:00:00Z,16.779992675781273,0,337.8999938964844,94.50563592492657,3.0547010789340217,0,0
2020-08-05T09:00:00Z,16.660028076171898,0,347.7599792480469,93.99008563952377,2.7223702233054246,0,0
2020-08-05T10:00:00Z,17.859979248046898,1.5320000648498535,347.69000244140625,92.98284135181375,2.559726466973353,0,0
2020-08-05T11:00:00Z,19.070001220703148,127.25200653076172,347.6300048828125,91.61231794020664,2.3971023230748436,0,0
2020-08-05T12:00:00Z,20.279992675781273,315.4800109863281,359.8199768066406,89.99237343260482,2.234502073715934,0,0
2020-08-05T13:00:00Z,22.209985351562523,475.488037109375,359.739990234375,80.33230639776487,2.89435648240682,0,0
2020-08-05T14:00:00Z,24.149987792968773,658.821044921875,359.6600036621094,71.77963022755578,3.781441358115879,0,0
2020-08-05T15:00:00Z,26.089990234375023,775.4140625,369.16998291015625,64.23835310606066,4.757415282557084,0,0
2020-08-05T16:00:00Z,26.480004882812523,862.301025390625,369.1600036621094,61.78299141578087,4.820259327906519,0,0
2020-08-05T17:00:00Z,26.869989013671898,882.6680297851564,369.1499938964844,59.409673033587914,4.892289610058758,0,0
2020-08-05T18:00:00Z,27.260003662109398,873.1650390625,369.5899963378906,57.11936447908291,4.992193632931001,0,0
2020-08-05T19:00:00Z,27.230004882812523,768.67205810546875,369.5899963378906,57.40801434068937,4.9377016730443595,0,0
2020-08-05T20:00:00Z,27.200006103515648,641.80804443359375,369.5899963378906,57.70058540489096,4.873817872080897,0,0
2020-08-05T21:00:00Z,27.159997558593773,514.988037109375,357.7699890136719,58.02609154789881,4.819646953567305,0,0
2020-08-05T22:00:00Z,25.480004882812523,341.56903076171875,357.8399963378906,62.217415784004025,4.240047018458472,0,0
2020-08-05T23:00:00Z,23.790002441406273,178.4390106201172,357.91998291015625,66.76218347029233,3.7434209047594993,0,0
2020-08-06T00:00:00Z,22.100000000000023,2.7680001258850098,329.9700012207031,71.64301968826753,3.3460722648114305,0,0
2020-08-06T01:00:00Z,20.859979248046898,0,330.0299987792969,72.45899978639811,3.106010221318354,0,0
2020-08-06T02:00:00Z,19.620019531250023,0,330.0899963378906,72.98890795232121,3.138295593851904,0,0
2020-08-06T03:00:00Z,18.380029296875023,0,321.67999267578125,73.17153933099945,3.42546337901062,0,0
2020-08-06T04:00:00Z,18.070001220703148,0,321.6999816894531,73.09598156519094,3.1262276876477775,0,0
2020-08-06T05:00:00Z,17.770043945312523,0,321.7099914550781,72.94171499152488,2.830017615472407,0,0
2020-08-06T06:00:00Z,17.459985351562523,0,319.9700012207031,72.80715365255092,2.545662840653973,0,0
2020-08-06T07:00:00Z,16.830041503906273,0,319.989990234375,75.49779891423893,2.841848000003234,0,0
2020-08-06T08:00:00Z,16.200036621093773,0,320.0199890136719,78.30212290461775,3.1882281881869714,0,0
2020-08-06T09:00:00Z,15.570001220703148,0,325.03997802734375,81.22425053871498,3.5702239573244574,0,0
2020-08-06T10:00:00Z,16.690026855468773,0,324.97998046875,80.28192157926337,3.336420223435672,0,0
2020-08-06T11:00:00Z,17.820001220703148,128.43600463867188,324.91998291015625,79.0788438840066,3.1434056720474306,0,0
2020-08-06T12:00:00Z,18.940026855468773,309.760009765625,338.1499938964844,77.74983266973916,3.00239904066003,0,0
2020-08-06T13:00:00Z,20.470025634765648,468.0480346679687,338.0899963378906,71.25156251737411,2.4689471814782453,0,0
2020-08-06T14:00:00Z,22.010003662109398,649.26202392578125,338.0299987792969,65.31835139944155,1.9432961237228477,0,0
2020-08-06T15:00:00Z,23.540002441406273,740.2880249023436,361.2200012207031,59.971892553793055,1.4340501998470294,0,0
2020-08-06T16:00:00Z,24.230004882812523,823.4510498046875,361.1799926757813,58.77856427790503,0.4827007341493303,0,0
2020-08-06T17:00:00Z,24.909997558593773,842.93505859375,361.1499938964844,57.62404958078769,0.48104052831246086,0,0
2020-08-06T18:00:00Z,25.590020751953148,809.71502685546875,379.25,56.47835947084558,1.4325152802609389,0,0
2020-08-06T19:00:00Z,25.790032958984398,712.50201416015625,379.239990234375,56.707369317159454,1.4173918925963436,0,0
2020-08-06T20:00:00Z,25.980004882812523,594.447998046875,379.2200012207031,56.958873165294165,1.4169332407998874,0,0
2020-08-06T21:00:00Z,26.179986572265648,433.10101318359375,401.47998046875,57.16209165095698,1.40943247295182,0,0
2020-08-06T22:00:00Z,25.329980468750023,286.3990173339844,401.5099792480469,61.0253633595441,1.0965856428576937,0,0
2020-08-06T23:00:00Z,24.480004882812523,148.30300903320313,401.5499877929687,65.15782435122503,1.2242956870709043,0,0
2020-08-07T00:00:00Z,23.640008544921898,2.0320000648498535,371.30999755859375,69.53509045816932,1.6957888583303733,0,0
2020-08-07T01:00:00Z,22.939996337890648,0,371.3500061035156,68.51682320943127,1.5935494519182887,0,0
2020-08-07T02:00:00Z,22.240045166015648,0,371.3999938964844,67.28168710437686,1.550290247708554,0,0
2020-08-07T03:00:00Z,21.540002441406273,0,362.0899963378906,65.81444519579362,1.5905030094125463,0,0
2020-08-07T04:00:00Z,20.999993896484398,0,362.1099853515625,67.5439754549702,1.643471945318061,0,0
2020-08-07T05:00:00Z,20.459985351562523,0,362.1300048828125,69.32456208141585,1.7062824656223914,0,0
2020-08-07T06:00:00Z,19.929986572265648,0,369.44000244140625,71.11374092106833,1.7593463820032247,0,0
2020-08-07T07:00:00Z,19.480004882812523,0,369.4599914550781,73.90036562899847,1.9535096287352147,8.639999628067014e-4,0
2020-08-07T08:00:00Z,19.040002441406273,0,369.47998046875,76.74793477871481,2.147673063743167,0.0028416000008583075,0
2020-08-07T09:00:00Z,18.600000000000023,0,389.0499877929687,79.70352569044172,2.3299785104669253,0,0
2020-08-07T10:00:00Z,18.529992675781273,0,389.0499877929687,81.86250923600389,2.3281966871963222,0,0
2020-08-07T11:00:00Z,18.469995117187523,45.34400177001953,389.03997802734375,83.99067023517712,2.3181242016183856,0.0013823999762535095,0
2020-08-07T12:00:00Z,18.410028076171898,78.96800231933594,397.75,86.13463489272006,2.318210468403379,3.83999990299344e-5,0
2020-08-07T13:00:00Z,18.010034179687523,119.63200378417967,397.7699890136719,87.611018874149,2.6987589790650723,1.9199999514967202e-5,0
2020-08-07T14:00:00Z,17.609979248046898,166.1400146484375,397.78997802734375,89.11627300559903,3.482829228822659,0,0
2020-08-07T15:00:00Z,17.209985351562523,300.08001708984375,402.05999755859375,90.64285963412006,4.473030079986732,0.08313599967956543,0
2020-08-07T16:00:00Z,18.359979248046898,333.8760070800781,402,87.5118004244221,4.09659601076641,4.7999998927116384e-4,0
2020-08-07T17:00:00Z,19.499993896484398,341.7590026855469,401.9299926757813,84.46640782334343,3.7827238228955897,0,0
2020-08-07T18:00:00Z,20.640039062500023,436.3290100097656,409.6600036621094,81.4691609481292,3.5363823481820473,0,0
2020-08-07T19:00:00Z,21.329980468750023,383.780029296875,409.6199951171875,79.16427596765014,3.4547502988631216,0,0
2020-08-07T20:00:00Z,22.019982910156273,319.9300231933594,409.5899963378906,76.92074141126113,3.3621719534718673,0,0
2020-08-07T21:00:00Z,22.719995117187523,319.7920227050781,401.8199768066406,74.69659427564105,3.2812497396414533,0,0
2020-08-07T22:00:00Z,22.010003662109398,210.8260040283203,401.8500061035156,78.88440773625024,2.942006030628241,0,0
2020-08-07T23:00:00Z,21.299981689453148,108.16700744628906,401.8800048828125,83.31439628413577,2.6248809033579135,0,0
2020-08-08T00:00:00Z,20.589990234375023,0.4160000085830689,391.6000061035156,88.00352360075836,2.3123364670331594,0,0
2020-08-08T01:00:00Z,20.149987792968773,0,391.6199951171875,88.22950979440184,2.235575965362798,0,0
2020-08-08T02:00:00Z,19.719995117187523,0,391.6499938964844,88.35042458903095,2.1667025265684976,0,0
2020-08-08T03:00:00Z,19.290002441406273,0,373.4299926757813,88.4169987205638,2.0922953343083117,0,0
2020-08-08T04:00:00Z,19.070001220703148,0,373.44000244140625,89.0304314902501,2.0803845509513468,0,0
2020-08-08T05:00:00Z,18.850000000000023,0,373.4499816894531,89.64548616385518,2.0587616851465778,0,0
2020-08-08T06:00:00Z,18.640008544921898,0,374.8199768066406,90.2080474242592,2.0554805028877356,0,0
2020-08-08T07:00:00Z,18.489984130859398,0,374.8299865722656,90.82528741208506,1.9250973531950846,0,0
2020-08-08T08:00:00Z,18.339990234375023,0,374.8299865722656,91.44686463544306,1.7979988795373503,0,0
2020-08-08T09:00:00Z,18.189996337890648,0,378.9499816894531,92.07447590850144,1.684339576164685,0,0
2020-08-08T10:00:00Z,18.939996337890648,0,378.9100036621094,91.71546975368783,1.4236923764166785,0,0
2020-08-08T11:00:00Z,19.689996337890648,96.8600082397461,378.8599853515625,91.21412622518436,1.2033701955928833,0,0
2020-08-08T12:00:00Z,20.439996337890648,208.6640167236328,403.75,90.58407787284204,1.0242070012178917,0,0
2020-08-08T13:00:00Z,21.739984130859398,316.9440002441406,403.6799926757813,87.65611150026605,1.0616966979941578,0,0
2020-08-08T14:00:00Z,23.049981689453148,440.6800231933594,403.6000061035156,84.64362931825836,1.1011358009592027,0,0
2020-08-08T15:00:00Z,24.350000000000023,500.7810363769531,423.1600036621094,81.67386957381706,1.1624972885007925,0,0
2020-08-08T16:00:00Z,25.049981689453148,557.291015625,423.1300048828125,78.650233697161,1.167647167973451,0,0
2020-08-08T17:00:00Z,25.760003662109398,570.45703125,423.0899963378906,75.70593782119093,1.6735888555271956,0,0
2020-08-08T18:00:00Z,26.459985351562523,681.3260498046875,416.2999877929687,72.92842204370261,2.372445959595212,0,0
2020-08-08T19:00:00Z,26.880029296875023,598.9990234375,416.2799987792969,72.10685426511273,2.6422149038579987,0,0
2020-08-08T20:00:00Z,27.300042724609398,498.9320373535156,416.2599792480469,71.28395668015492,2.9248075622442595,0,0
2020-08-08T21:00:00Z,27.719995117187523,442.31201171875,402.0199890136719,70.46044372374023,3.213098020367977,0,0
2020-08-08T22:00:00Z,26.529992675781273,290.6500244140625,402.0699768066406,75.15712434867214,3.1624198170776383,0,0
2020-08-08T23:00:00Z,25.339990234375023,147.69300842285156,402.1300048828125,80.20839510417971,3.121297692497675,0,0
2020-08-09T00:00:00Z,24.160028076171898,0,362.16998291015625,85.59527940555192,3.091310315848116,0,0
2020-08-09T01:00:00Z,23.159997558593773,0,362.22998046875,86.86859719516623,3.1126997155685396,0,0
2020-08-09T02:00:00Z,22.159997558593773,0,362.2799987792969,87.99265235233567,3.1776248328556016,0,0
2020-08-09T03:00:00Z,21.170007324218773,0,349.9599914550781,88.88475606081721,3.2832452698933996,0,0
2020-08-09T04:00:00Z,20.779992675781273,0,349.97998046875,89.62876720136556,3.1393311319963875,0,0
2020-08-09T05:00:00Z,20.379998779296898,0,350,90.41676071058869,3.0688921737212165,0,0
2020-08-09T06:00:00Z,19.989984130859398,0,345.8599853515625,91.13739822551773,3.0714816684315593,0,0
2020-08-09T07:00:00Z,19.799981689453148,0,345.8699951171875,91.51428271460843,2.7422070594894277,0,0
2020-08-09T08:00:00Z,19.600000000000023,0,345.8800048828125,91.94706499197582,2.407093585560777,0,0
2020-08-09T09:00:00Z,19.410028076171898,0,346.80999755859375,92.32051261213478,2.0821623070441015,0,0
2020-08-09T10:00:00Z,20.219995117187523,0,346.7699890136719,92.12890183118373,2.163746709969861,0,0
2020-08-09T11:00:00Z,21.030023193359398,121.80400848388672,346.7200012207031,91.75086691501119,2.2724655765658226,0,0
2020-08-09T12:00:00Z,21.839990234375023,305.9440002441406,371.489990234375,91.21038415609836,2.4030188921258397,0,0
2020-08-09T13:00:00Z,23.690026855468773,465.9520263671875,371.3999938964844,85.85318309148958,2.886468457974579,0,0
2020-08-09T14:00:00Z,25.529992675781273,648.614013671875,371.30999755859375,80.75130264363757,3.361457919282814,0,0
2020-08-09T15:00:00Z,27.380029296875023,759.06103515625,397.5699768066406,75.8226676083772,3.839856683843181,0,0
2020-08-09T16:00:00Z,28.189996337890648,844.88702392578125,397.53997802734375,71.0259448366135,4.242228051766322,0,0
2020-08-09T17:00:00Z,29.010003662109398,864.89202880859375,397.5099792480469,66.49098741448122,4.672697233830667,0,0
2020-08-09T18:00:00Z,29.820001220703148,724.2060546875,424.2699890136719,62.279599814805096,5.126918983535879,0,0
2020-08-09T19:00:00Z,29.760003662109398,636.383056640625,424.2699890136719,62.3268891430105,5.126567884131354,0,0
2020-08-09T20:00:00Z,29.710046386718773,529.6199951171875,424.2699890136719,62.336906784850356,5.127621110223304,0,0
2020-08-09T21:00:00Z,29.649987792968773,403.114013671875,424.6300048828125,62.383078475681565,5.130077971615067,0,0
2020-08-09T22:00:00Z,28.459985351562523,264.0160217285156,424.6799926757813,67.32955771918188,4.554118888001729,0,0
2020-08-09T23:00:00Z,27.260003662109398,132.79400634765625,424.72998046875,72.75083782114467,3.999124814133991,0,0
2020-08-10T00:00:00Z,26.070001220703148,0,391.4700012207031,78.6058526624962,3.458453356171464,0,0
2020-08-10T01:00:00Z,25.059991455078148,0,391.5199890136719,80.4217729856562,3.4470276243532214,0,0
2020-08-10T02:00:00Z,24.059991455078148,0,391.5799865722656,82.1349146280058,3.457759464289853,0,0
2020-08-10T03:00:00Z,23.050042724609398,0,364.5799865722656,83.82609371764303,3.4839774953682534,0,0
2020-08-10T04:00:00Z,22.609979248046898,0,364.6000061035156,84.29444424138433,3.3860006040458797,0,0
2020-08-10T05:00:00Z,22.160028076171898,0,364.6199951171875,84.78574554429535,3.300560519096585,0,0
2020-08-10T06:00:00Z,21.719995117187523,0,359.80999755859375,85.19730024024045,3.223739976693555,0,0
2020-08-10T07:00:00Z,21.439996337890648,0,359.8299865722656,85.43119167155275,3.071221105667101,0,0
2020-08-10T08:00:00Z,21.159997558593773,0,359.8399963378906,85.65348533796721,2.927456162806145,0,0
2020-08-10T09:00:00Z,20.879998779296898,0,360.8800048828125,85.85943398419941,2.7749772856186588,0,0
2020-08-10T10:00:00Z,21.769982910156273,0,360.8299865722656,84.99993648571201,2.4641631929654553,0,0
2020-08-10T11:00:00Z,22.670007324218773,117.84000396728516,360.78997802734375,83.9601686240263,2.1484877644155644,0,0
2020-08-10T12:00:00Z,23.570001220703148,300.0400085449219,388.19000244140625,82.81193274066206,1.8480800943140556,0,0
2020-08-10T13:00:00Z,25.140008544921898,458.2080078125,388.1099853515625,78.04782805589268,2.121909510650671,0,0
2020-08-10T14:00:00Z,26.719995117187523,638.57305908203125,388.0299987792969,73.48999715410349,2.40052073114458,0,0
2020-08-10T15:00:00Z,28.299981689453148,751.06402587890625,409.3800048828125,69.1822844421985,2.6800185899303264,0,0
2020-08-10T16:00:00Z,29.059991455078148,836.1920166015625,409.3399963378906,68.09079477946858,3.5653469503247806,0,0
2020-08-10T17:00:00Z,29.810021972656273,855.9560546875,409.2999877929687,67.01469397773877,4.667676012411535,0,0
2020-08-10T18:00:00Z,30.570001220703148,820.90301513671875,421.3499755859375,65.87969210806402,5.870306474217037,0,0
2020-08-10T19:00:00Z,30.709985351562523,720.9970092773436,421.3399963378906,65.59279313455646,5.579506894425727,0,0
2020-08-10T20:00:00Z,30.850000000000023,599.4840087890625,421.3299865722656,65.30489897281885,5.3034705614877105,0,0
2020-08-10T21:00:00Z,30.989984130859398,417.0190124511719,429.2999877929687,65.01867940247796,5.05170259788687,0,0
2020-08-10T22:00:00Z,29.890039062500023,272.1809997558594,429.3499755859375,69.92592105021868,4.467941317179749,0.002611199855804443,0
2020-08-10T23:00:00Z,28.779992675781273,135.43099975585938,429.3999938964844,75.27872852307078,3.8848550489625238,0.06708479690551758,0
2020-08-11T00:00:00Z,27.679986572265648,0,405.69000244140625,81.02878030257003,3.2956030226404587,0.021734398841857912,0
2020-08-11T01:00:00Z,26.649987792968773,0,405.75,82.05786639596141,3.3305403549367854,0,0
2020-08-11T02:00:00Z,25.629998779296898,0,405.8199768066406,82.8698084373064,3.360014883133306,0,0
2020-08-11T03:00:00Z,24.610040283203148,0,379.2599792480469,83.48823351252578,3.3983525087028545,0,0
2020-08-11T04:00:00Z,24.260003662109398,0,379.2799987792969,84.65905087282097,3.4379644420575826,0,0
2020-08-11T05:00:00Z,23.909997558593773,0,379.2999877929687,85.8466761645408,3.4862157602088866,0,0
2020-08-11T06:00:00Z,23.560021972656273,0,374.16998291015625,87.0506494878666,3.5356470409918073,0,0
2020-08-11T07:00:00Z,23.189996337890648,0,374.1799926757813,88.17937804888312,3.3951730126748316,0,0
2020-08-11T08:00:00Z,22.830041503906273,0,374.1999816894531,89.26446570381414,3.2520915829840846,0,0
2020-08-11T09:00:00Z,22.459985351562523,0,374.05999755859375,90.41200121116397,3.114161026272168,0,0
2020-08-11T10:00:00Z,23.339990234375023,0,374.0099792480469,89.89971837552928,2.994461478853894,0,0
2020-08-11T11:00:00Z,24.219995117187523,114.92800903320313,373.9599914550781,89.21950815050316,2.950830367394844,0,0
2020-08-11T12:00:00Z,25.100030517578148,297.21600341796875,396.8599853515625,88.38893152231013,2.9774148360499506,0,0
2020-08-11T13:00:00Z,26.600030517578148,455.1360168457031,396.7799987792969,83.52881923250715,3.7513329902425294,0,0
2020-08-11T14:00:00Z,28.109979248046898,635.06103515625,396.7099914550781,78.87221160274079,4.531677331849924,0,0
2020-08-11T15:00:00Z,29.619989013671898,739.9000244140625,421.1199951171875,74.46132701361473,5.3201689239084855,0,0
2020-08-11T16:00:00Z,30.200036621093773,823.93603515625,421.0999755859375,72.09008872371855,5.978795667438417,0,0
2020-08-11T17:00:00Z,30.790002441406273,843.38604736328125,421.0699768066406,69.7628174423668,6.648383080337089,0,0
2020-08-11T18:00:00Z,31.379998779296898,593.4200439453125,457.75,67.51870388876274,7.328171532840658,0,0
2020-08-11T19:00:00Z,31.130029296875023,520.92303466796875,457.7599792480469,68.71335775223726,7.129606933854178,0,0
2020-08-11T20:00:00Z,30.879998779296898,432.7360229492187,457.7699890136719,69.9299677633583,6.951618145141008,0,0
2020-08-11T21:00:00Z,30.630029296875023,321.24700927734375,452.80999755859375,71.16765392680462,6.785314665619096,0,0
2020-08-11T22:00:00Z,29.570001220703148,208.91900634765625,452.8599853515625,74.91066149792452,6.2361844496838454,0,0
2020-08-11T23:00:00Z,28.519982910156273,102.7820053100586,452.91998291015625,78.82718595191993,5.690034858231467,0,0
2020-08-12T00:00:00Z,27.469995117187523,0,427.1199951171875,82.97315690907125,5.147814857446712,0,0
2020-08-12T01:00:00Z,26.689996337890648,0,427.1600036621094,85.22959536539432,5.037161796992239,0,0
2020-08-12T02:00:00Z,25.909997558593773,0,427.1999816894531,87.53100488248704,4.98503729214203,0,0
2020-08-12T03:00:00Z,25.129998779296898,0,426.1999816894531,89.87755764158557,4.965561395044527,0,0
2020-08-12T04:00:00Z,24.950006103515648,0,426.2099914550781,90.62974208383562,4.741181320831481,0.003360000014305115,0
2020-08-12T05:00:00Z,24.779992675781273,0,426.2200012207031,91.3334982506636,4.511429841750109,0.025651199340820312,0
2020-08-12T06:00:00Z,24.609979248046898,0,426.16998291015625,92.04528704364752,4.299267338146315,0.005644799709320068,0
2020-08-12T07:00:00Z,24.269982910156273,0,426.19000244140625,92.37896576187275,3.5935636520236613,0.0010943999290466309,0
2020-08-12T08:00:00Z,23.929986572265648,0,426.2200012207031,92.69254928247585,2.903876595169966,0,0
2020-08-12T09:00:00Z,23.600000000000023,0,390.8999938964844,92.92454074456221,2.2450166951856487,0,0
2020-08-12T10:00:00Z,24.269982910156273,0,390.8599853515625,91.683887882352,2.127275207558471,0,0
2020-08-12T11:00:00Z,24.950006103515648,115.44000244140624,390.8299865722656,90.35671996679066,2.0545558939627897,0,0
2020-08-12T12:00:00Z,25.619989013671898,293.416015625,396.69000244140625,89.0587097003553,2.015341102277643,0,0
2020-08-12T13:00:00Z,26.800042724609398,450.5760192871094,396.6399841308594,81.12139590539748,1.7041713267529237,0,0
2020-08-12T14:00:00Z,27.989984130859398,629.46600341796875,396.6000061035156,73.85463948148823,1.7102630565871,0,0
2020-08-12T15:00:00Z,29.170007324218773,720.29205322265625,414.9599914550781,67.27889696658328,2.04120058491609,0,0
2020-08-12T16:00:00Z,29.740045166015648,802.26904296875,414.9299926757813,64.84689436872853,2.050390159073449,0,0
2020-08-12T17:00:00Z,30.309991455078148,821.1900634765625,414.9100036621094,62.50995568917498,2.269206972722686,0,0
2020-08-12T18:00:00Z,30.880029296875023,681.967041015625,433.30999755859375,60.26318731916812,2.6643009477776696,0.007919999599456787,0
2020-08-12T19:00:00Z,30.960046386718773,598.343017578125,433.2999877929687,60.93586187181966,2.661766246643961,0,0
2020-08-12T20:00:00Z,31.049981689453148,496.5690307617187,433.28997802734375,61.56663545341651,2.656463680549656,0,0
2020-08-12T21:00:00Z,31.129998779296898,417.5900268554687,423.7799987792969,62.224929453151816,2.6575363168181814,0,0
2020-08-12T22:00:00Z,30.029992675781273,270.55902099609375,423.8399963378906,64.97513014088729,2.577692633098816,0,0
2020-08-12T23:00:00Z,28.920007324218773,131.5500030517578,423.8899841308594,67.8846079125228,2.5118119808092954,0,0
2020-08-13T00:00:00Z,27.809991455078148,0,364.5499877929687,70.92448275791507,2.451224089947081,0,0
2020-08-13T01:00:00Z,26.679986572265648,0,364.6199951171875,69.99349873032715,2.104590154876057,0,0
2020-08-13T02:00:00Z,25.549981689453148,0,364.69000244140625,68.61670740519399,1.8102485444882173,0,0
2020-08-13T03:00:00Z,24.420007324218773,0,347.5099792480469,66.72633976047294,1.5826875394729203,0,0
2020-08-13T04:00:00Z,23.670007324218773,0,347.53997802734375,68.78159716513201,1.328005949684973,0,0
2020-08-13T05:00:00Z,22.920007324218773,0,347.57000732421875,70.89798668578145,1.4103190750418488,0,0
2020-08-13T06:00:00Z,22.160028076171898,0,350.3699951171875,73.12366477308595,1.771383620936352,0,0
2020-08-13T07:00:00Z,21.439996337890648,0,350.3999938964844,76.02703384466491,2.254107209923999,0,0
2020-08-13T08:00:00Z,20.719995117187523,0,350.42999267578125,79.06314693555116,2.880086723154413,0,0
2020-08-13T09:00:00Z,19.989984130859398,0,345.0799865722656,82.28770807041231,3.57505247624437,0,0
2020-08-13T10:00:00Z,20.799981689453148,0,345.03997802734375,80.9896684558359,3.4375135318836567,0,0
2020-08-13T11:00:00Z,21.609979248046898,115.54400634765624,345,79.64514648366541,3.2999998331069946,0,0
2020-08-13T12:00:00Z,22.420037841796898,260.6000061035156,391.22998046875,78.26257580320501,3.167222716773199,0,0
2020-08-13T13:00:00Z,24.179986572265648,401.3280334472656,391.1300048828125,74.28830442103927,2.823348996994574,0,0
2020-08-13T14:00:00Z,25.939996337890648,561.33001708984375,391.03997802734375,70.38998034664905,2.5609567226505465,0,0
2020-08-13T15:00:00Z,27.700006103515648,643.781005859375,404.5799865722656,66.5991733819272,2.4068443732639695,0,0
2020-08-13T16:00:00Z,28.369989013671898,717.20703125,404.53997802734375,65.4452654267171,1.974639126438247,0,0
2020-08-13T17:00:00Z,29.040002441406273,734.09405517578125,404.5,64.29084614245657,1.680743858160497,0,0
2020-08-13T18:00:00Z,29.700036621093773,710.635009765625,413.6199951171875,63.17674021779773,1.6031218798274285,0,0
2020-08-13T19:00:00Z,29.850000000000023,623.1490478515625,413.6099853515625,63.178312259743414,1.4623952335425556,0,0
2020-08-13T20:00:00Z,29.999993896484398,516.6510009765625,413.5999755859375,63.1742545258587,1.3471450982514375,0,0
2020-08-13T21:00:00Z,30.149987792968773,453.3790283203125,396.3699951171875,63.166049778804116,1.2628935019274201,0,0
2020-08-13T22:00:00Z,29.219995117187523,292.6150207519531,396.41998291015625,65.19013980144884,1.1168257932918435,0,0
2020-08-13T23:00:00Z,28.290002441406273,140.49900817871094,396.4700012207031,67.26347563741129,0.9972963269801308,0,0
2020-08-14T00:00:00Z,27.360040283203148,0,361.47998046875,69.38497416746642,0.9231467589627205,0,0
2020-08-14T01:00:00Z,26.149987792968773,0,361.53997802734375,70.57667456884762,0.7499999684095383,0,0
2020-08-14T02:00:00Z,24.939996337890648,0,361.6000061035156,71.59835174901191,0.7473285353043206,0,0
2020-08-14T03:00:00Z,23.720025634765648,0,351.7200012207031,72.45434271075534,0.9241752857555059,0,0
2020-08-14T04:00:00Z,23.130029296875023,0,351.739990234375,73.81486671446221,1.1813974462251013,0,0
2020-08-14T05:00:00Z,22.529992675781273,0,351.7699890136719,75.23453062422142,1.4741098536959698,0,0
2020-08-14T06:00:00Z,21.929986572265648,0,345.3800048828125,76.6671213492057,1.7734147807275071,0,0
2020-08-14T07:00:00Z,21.070001220703148,0,345.41998291015625,79.01410070085728,2.1756837518567744,0,0
2020-08-14T08:00:00Z,20.200006103515648,0,345.4599914550781,81.46600061781908,2.576509207799573,0,0
2020-08-14T09:00:00Z,19.329980468750023,0,343.8899841308594,83.9725424988611,2.9873899819454848,0,0
2020-08-14T10:00:00Z,20.210046386718773,0,343.8500061035156,83.3830775037125,3.1542510779981314,0,0
2020-08-14T11:00:00Z,21.089990234375023,116.9320068359375,343.79998779296875,82.63850186652749,3.339520847363433,0,0
2020-08-14T12:00:00Z,21.969995117187523,286.8000183105469,364.9299926757813,81.76328213254621,3.538615416619095,0,0
2020-08-14T13:00:00Z,23.540002441406273,442.9440307617187,364.8599853515625,74.66074218108949,3.670435812251321,0,0
2020-08-14T14:00:00Z,25.100000000000023,620.302001953125,364.7999877929687,68.28610037692265,3.8856143636989,0,0
2020-08-14T15:00:00Z,26.659997558593773,690.6920166015625,383.3699951171875,62.51619952723429,4.1594350587333535,0,0
2020-08-14T16:00:00Z,27.210046386718773,769.6210327148436,383.3500061035156,60.611563151746296,4.199452286111419,0,0
2020-08-14T17:00:00Z,27.760003662109398,787.67803955078125,383.3299865722656,58.770366665241795,4.287248520329637,0,0
2020-08-14T18:00:00Z,28.300042724609398,762.1680297851564,392.7099914550781,57.02621186307948,4.419558779391532,0,0
2020-08-14T19:00:00Z,28.299981689453148,667.93701171875,392.7099914550781,57.51297941208989,4.499922189908716,0,0
2020-08-14T20:00:00Z,28.299981689453148,553.21600341796875,392.7099914550781,57.9991549851161,4.5959655779743915,0,0
2020-08-14T21:00:00Z,28.299981689453148,466.4910278320313,381.25,58.484524297912365,4.706729165840612,0,0
2020-08-14T22:00:00Z,26.799981689453148,299.8690185546875,381.3199768066406,62.192776000949756,4.117304786913829,0,0
2020-08-14T23:00:00Z,25.309991455078148,142.09500122070313,381.3899841308594,66.10274461714533,3.6003471525021413,0,0
2020-08-15T00:00:00Z,23.809991455078148,0,350.8899841308594,70.30393256623775,3.1912691586982525,0,0
2020-08-15T01:00:00Z,22.779992675781273,0,350.94000244140625,71.86521982754749,3.0940102923702293,0,0
2020-08-15T02:00:00Z,21.760034179687523,0,350.989990234375,73.31319325761439,3.112378376664194,0,0
2020-08-15T03:00:00Z,20.730004882812523,0,341.5299987792969,74.72406095392387,3.2680422193351752,0,0
2020-08-15T04:00:00Z,20.089990234375023,0,341.55999755859375,75.95134417711908,3.229876124409985,0,0
2020-08-15T05:00:00Z,19.440026855468773,0,341.5899963378906,77.21695988652344,3.1978898114413616,0,0
2020-08-15T06:00:00Z,18.799981689453148,0,330.9599914550781,78.42036327493749,3.1674120529357883,0,0
2020-08-15T07:00:00Z,18.200006103515648,0,330.989990234375,79.31464438821486,2.982917905628648,0,0
2020-08-15T08:00:00Z,17.589990234375023,0,331.0199890136719,80.2209613334251,2.9076622143444997,0,0
2020-08-15T09:00:00Z,16.980004882812523,0,325.0299987792969,81.08711487109694,2.9500169159355734,0,0
2020-08-15T10:00:00Z,17.950006103515648,0,324.97998046875,80.38765233190674,2.8582861389809016,0,0
2020-08-15T11:00:00Z,18.909997558593773,109.64800262451172,324.92999267578125,79.5612329425339,2.7902866768109345,0,0
2020-08-15T12:00:00Z,19.879998779296898,290.08001708984375,349.32000732421875,78.53813026465154,2.7259493021571246,0,0
2020-08-15T13:00:00Z,21.589990234375023,449.31201171875,349.239990234375,72.36468700361881,3.2351197413079773,0,0
2020-08-15T14:00:00Z,23.310021972656273,630.00201416015625,349.16998291015625,66.67870144549585,3.8541664449138433,0,0
2020-08-15T15:00:00Z,25.029992675781273,745.3470458984375,367.2200012207031,61.480334963746834,4.552680405106464,0,0
2020-08-15T16:00:00Z,25.690026855468773,830.68902587890625,367.1799926757813,60.39902152875184,4.262264559063382,0,0
2020-08-15T17:00:00Z,26.350000000000023,850.15802001953125,367.1499938964844,59.31784046048503,4.126887320177015,0,0
2020-08-15T18:00:00Z,27.010003662109398,836.11505126953125,379.2999877929687,58.2400515975036,4.152782100463172,0,0
2020-08-15T19:00:00Z,27.040002441406273,732.3260498046875,379.2999877929687,59.076524755835635,4.031500694234933,0,0
2020-08-15T20:00:00Z,27.059991455078148,605.9010009765625,379.28997802734375,59.94473543722815,3.9744305870270944,0,0
2020-08-15T21:00:00Z,27.089990234375023,411.6390075683594,399.03997802734375,60.773242870782234,4.004310045288567,0,0
2020-08-15T22:00:00Z,25.730004882812523,263.5169982910156,399.1000061035156,66.56733821924139,3.668091969733764,0,0
2020-08-15T23:00:00Z,24.370019531250023,123.14500427246094,399.1600036621094,72.9662532376073,3.383090330658389,0,0
2020-08-16T00:00:00Z,23.010003662109398,0,395.4299926757813,80.034878549858007,3.1662280002647463,0,0
2020-08-16T01:00:00Z,22.070001220703148,0,395.47998046875,81.8808797335967,3.0828882262513813,0,0
2020-08-16T02:00:00Z,21.129998779296898,0,395.5299987792969,83.690828826497,2.9982828260864207,0,0
2020-08-16T03:00:00Z,20.179986572265648,0,371.6399841308594,85.501948899021,2.9240553948455816,0,0
2020-08-16T04:00:00Z,19.480004882812523,0,371.6799926757813,87.42071153452231,2.7493453009168354,0,0
2020-08-16T05:00:00Z,18.790002441406273,0,371.7099914550781,89.30383545873437,2.689906907154774,0,0
2020-08-16T06:00:00Z,18.089990234375023,0,357.1300048828125,91.25842493396642,2.7341177921697204,0,0
2020-08-16T07:00:00Z,17.790002441406273,0,357.1499938964844,91.38073776492041,3.0131709029683886,0,0
2020-08-16T08:00:00Z,17.480004882812523,0,357.1600036621094,91.5355317116075,3.366184629251076,0,0
2020-08-16T09:00:00Z,17.179986572265648,0,373.1099853515625,91.60638394573175,3.7656339507570395,0,0
2020-08-16T10:00:00Z,17.739984130859398,0,373.0799865722656,90.60947597647544,3.849220660336739,0,0
2020-08-16T11:00:00Z,18.299981689453148,64.74800109863281,373.03997802734375,89.58140325241861,3.9369530131835657,0,0
2020-08-16T12:00:00Z,18.859979248046898,127.06400299072266,394.44000244140625,88.52553576742184,4.028560503989773,3.839999735355377e-4,0
2020-08-16T13:00:00Z,19.579980468750023,197.3920135498047,394.3999938964844,86.7177060189354,4.101572727107788,9.408000111579895e-4,0
2020-08-16T14:00:00Z,20.309991455078148,277.1200256347656,394.3599853515625,84.85844063091648,4.182738081499847,0,0
2020-08-16T15:00:00Z,21.029992675781273,449.71002197265625,394.0699768066406,83.06328303784701,4.271592053361323,0,0
2020-08-16T16:00:00Z,21.730004882812523,501.3040161132813,394.03997802734375,79.04838606626349,4.496720902889018,0,0
2020-08-16T17:00:00Z,22.429986572265648,513.0040283203125,394.0099792480469,75.24323956778156,4.719745678374186,0,0
2020-08-16T18:00:00Z,23.129998779296898,497.5560302734375,401.53997802734375,71.63505435492878,4.94292420580783,0,0
2020-08-16T19:00:00Z,22.890008544921898,435.5130310058594,401.5499877929687,73.05625212575077,4.674120040440424,0.005140799760818482,0
2020-08-16T20:00:00Z,22.659997558593773,359.947021484375,401.5499877929687,74.46179204131094,4.428837434226988,0.004665599942207337,0
2020-08-16T21:00:00Z,22.420007324218773,281.6800231933594,392.9700012207031,75.93885237051155,4.212837504215145,0.01582080030441284,0
2020-08-16T22:00:00Z,21.450006103515648,179.5360107421875,393.0199890136719,80.05851101153762,3.550605437969035,0.008006399631500244,0
2020-08-16T23:00:00Z,20.480004882812523,82.67900085449219,393.05999755859375,84.43047293742174,3.006210241265004,0,0
2020-08-17T00:00:00Z,19.510003662109398,0,395.22998046875,89.0770544002839,2.6389391179262445,0,0
2020-08-17T01:00:00Z,19.070001220703148,0,395.2599792480469,90.23633133040721,2.951948359133381,0,0
2020-08-17T02:00:00Z,18.619989013671898,0,395.2799987792969,91.45016131487763,3.267414862494774,0,0
2020-08-17T03:00:00Z,18.179986572265648,0,393.7599792480469,92.61087469549649,3.58468961257879,0,0
2020-08-17T04:00:00Z,17.890008544921898,0,393.7799987792969,93.20166614269498,3.431049276487836,0,0
2020-08-17T05:00:00Z,17.600000000000023,0,393.78997802734375,93.79051936305424,3.2724608254473933,0,0
2020-08-17T06:00:00Z,17.310021972656273,0,374.7999877929687,94.37233568328661,3.119246610010582,0,0
2020-08-17T07:00:00Z,16.859979248046898,0,374.8299865722656,95.2890965971479,2.5876823133288536,0,0
2020-08-17T08:00:00Z,16.420007324218773,0,374.8500061035156,96.1285245552096,2.295125255366346,0,0
2020-08-17T09:00:00Z,15.980004882812523,0,336.03997802734375,96.94671881384546,2.3331094365759424,0,0
2020-08-17T10:00:00Z,16.730004882812523,0,336.0099792480469,94.27281049241037,2.2681489128225087,0,0
2020-08-17T11:00:00Z,17.489984130859398,105.71600341796876,335.9700012207031,91.60024210873266,2.2202926861001746,0,0
2020-08-17T12:00:00Z,18.239984130859398,284.54400634765625,347.989990234375,89.04927008087235,2.1850628672706125,0,0
2020-08-17T13:00:00Z,19.860040283203148,443.3760070800781,347.91998291015625,83.14363664891457,2.097665341558947,0,0
2020-08-17T14:00:00Z,21.480004882812523,623.22705078125,347.8399963378906,77.63426972919633,2.2638462845343543,0,0
2020-08-17T15:00:00Z,23.100000000000023,718.86505126953125,380.3599853515625,72.49464474729714,2.6404733350910274,0,0
2020-08-17T16:00:00Z,24.110040283203148,801.46502685546875,380.30999755859375,68.96014595131909,2.9445712200639145,0,0
2020-08-17T17:00:00Z,25.129998779296898,820.11602783203125,380.2699890136719,65.57610129547469,3.2988785983970104,0,0
2020-08-17T18:00:00Z,26.140008544921898,757.14306640625,394.47998046875,62.412635332348565,3.7036873389925944,0,0
2020-08-17T19:00:00Z,26.249993896484398,662.31903076171875,394.47998046875,61.874490550268376,3.9640003004535957,0,0
2020-08-17T20:00:00Z,26.359979248046898,546.78900146484375,394.4700012207031,61.34125136586291,4.2942401142058815,2.879999857395864e-5,0
2020-08-17T21:00:00Z,26.470025634765648,368.0740051269531,400.16998291015625,60.81376097113547,4.6622311750951715,0.0012576000094413754,0
2020-08-17T22:00:00Z,25.109979248046898,233.5670166015625,400.22998046875,65.79752803937748,4.1673971749511605,0,0
2020-08-17T23:00:00Z,23.760003662109398,105.9080047607422,400.28997802734375,71.20176463858932,3.672655599737285,0,0
2020-08-18T00:00:00Z,22.409997558593773,0,366.2599792480469,77.10846923282523,3.171576740331781,0,0
2020-08-18T01:00:00Z,21.290002441406273,0,366.30999755859375,79.93310789473382,3.1860005695710094,0,0
2020-08-18T02:00:00Z,20.170037841796898,0,366.3699951171875,82.80965815958157,3.1978897887020974,0,0
2020-08-18T03:00:00Z,19.040002441406273,0,348.239990234375,85.7874722843938,3.229876124409985,0,0
2020-08-18T04:00:00Z,18.820001220703148,0,348.25,86.85268639439705,2.8960663149707075,0,0
2020-08-18T05:00:00Z,18.589990234375023,0,348.2599792480469,87.98968662181449,2.5725667418412548,0,0
2020-08-18T06:00:00Z,18.359979248046898,0,376.1300048828125,89.14307310526075,2.257299239925913,0.012633599281311036,0
2020-08-18T07:00:00Z,18.329980468750023,0,376.1300048828125,89.58661794090403,2.206898193583209,0.060508798599243165,0
2020-08-18T08:00:00Z,18.290002441406273,0,376.1300048828125,90.08770362876372,2.188058464130473,0.013046399116516113,0
2020-08-18T09:00:00Z,18.260003662109398,0,347.3999938964844,90.53400902041224,2.1991361816083823,0.0015887998938560485,0
2020-08-18T10:00:00Z,18.939996337890648,0,347.3699951171875,88.8239157501569,2.1129362894160213,0,0
2020-08-18T11:00:00Z,19.619989013671898,103.12800598144533,347.3399963378906,87.11737367311457,2.2044500924210655,0,0
2020-08-18T12:00:00Z,20.299981689453148,289.75201416015625,339.9599914550781,85.4142927285049,2.4698379576962597,0,0
2020-08-18T13:00:00Z,21.689996337890648,452.864013671875,339.9100036621094,75.67346731983615,2.7348490539474968,0,0
2020-08-18T14:00:00Z,23.079980468750023,637.3580322265625,339.8699951171875,67.0193601091125,3.0026153809725415,0,0
2020-08-18T15:00:00Z,24.469995117187523,752.7080078125,357.5,59.33036674816103,3.2799998071135543,0,0
2020-08-18T16:00:00Z,25.100000000000023,839.35101318359375,357.4700012207031,57.81144514035998,3.685986805974563,0,0
2020-08-18T17:00:00Z,25.739984130859398,858.8050537109375,357.44000244140625,56.29837615023876,4.181506981671764,0,0
2020-08-18T18:00:00Z,26.370019531250023,840.4530639648436,363.3500061035156,54.857213839986834,4.721747650519554,0,0
2020-08-18T19:00:00Z,26.320031738281273,734.71502685546875,363.3599853515625,54.585470224902856,4.860874082975032,0,0
2020-08-18T20:00:00Z,26.270043945312523,605.85205078125,363.3599853515625,54.30958237492121,5.030635875652715,0,0
2020-08-18T21:00:00Z,26.220025634765648,464.5120239257813,350.05999755859375,54.03003745390137,5.218630125498704,0,0
2020-08-18T22:00:00Z,24.180047607421898,293.4010009765625,350.1499938964844,58.85491902915824,4.751936240367946,0,0
2020-08-18T23:00:00Z,22.149987792968773,130.864013671875,350.239990234375,64.08127012188548,4.303138401340291,0,0
2020-08-19T00:00:00Z,20.109979248046898,0,326.66998291015625,69.82477304809048,3.881906746946549,0,0
2020-08-19T01:00:00Z,19.279992675781273,0,326.7099914550781,70.56338282646094,3.795918785344912,0,0
2020-08-19T02:00:00Z,18.450006103515648,0,326.75,71.19751038453407,3.7375123908561574,0,0
2020-08-19T03:00:00Z,17.610040283203148,0,321.7599792480469,71.75753051108029,3.6967553286558847,0,0
2020-08-19T04:00:00Z,17.249993896484398,0,321.7699890136719,71.60773662076598,3.3529240074818474,0,0
2020-08-19T05:00:00Z,16.899987792968773,0,321.78997802734375,71.36894074140358,3.018078823182677,0,0
2020-08-19T06:00:00Z,16.540002441406273,0,311.7799987792969,71.1305313209626,2.6971279875203145,0,0
2020-08-19T07:00:00Z,16.390008544921898,0,311.78997802734375,70.74112056241279,2.2411826126682377,0,0
2020-08-19T08:00:00Z,16.239984130859398,0,311.78997802734375,70.33809841002953,1.9046522124215954,0,0
2020-08-19T09:00:00Z,16.100000000000023,0,318.7599792480469,69.8760044156958,1.7452220664027254,0,0
2020-08-19T10:00:00Z,16.899987792968773,0,318.7200012207031,71.0200573328824,1.9686542782961598,0,0
2020-08-19T11:00:00Z,17.709985351562523,97.9000015258789,318.66998291015625,71.84784817046682,2.2655020765961433,0,0
2020-08-19T12:00:00Z,18.510003662109398,246.7200164794922,360.8999938964844,72.48325825399135,2.6252808911764074,0,0
2020-08-19T13:00:00Z,20.110040283203148,386.8000183105469,360.8199768066406,69.17263758789655,2.403018945206545,0,0
2020-08-19T14:00:00Z,21.700006103515648,545.06903076171875,360.75,65.94522120226445,2.442048377498642,0,0
2020-08-19T15:00:00Z,23.299981689453148,605.27105712890625,386.7699890136719,62.740442181575396,2.7115492442177342,0,0
2020-08-19T16:00:00Z,23.700006103515648,675.0810546875,386.75,60.34569423705394,2.6261187304581224,0,0
2020-08-19T17:00:00Z,24.109979248046898,690.66204833984375,386.739990234375,58.0021757701381,2.550156828639094,0,0
2020-08-19T18:00:00Z,24.510034179687523,636.3060302734375,394.7200012207031,55.774344022251796,2.484532167616729,0,0
2020-08-19T19:00:00Z,24.480004882812523,555.883056640625,394.7200012207031,55.886012145664424,2.597537238411255,0,0
2020-08-19T20:00:00Z,24.459985351562523,457.8460083007813,394.7200012207031,55.965315906387374,2.7417511391733465,0,0
2020-08-19T21:00:00Z,24.429986572265648,396.666015625,361.22998046875,56.07884774270659,2.9084875961060206,0,0
2020-08-19T22:00:00Z,22.609979248046898,249.3380126953125,361.3199768066406,60.953850014601606,2.76441676636757,0,0
2020-08-19T23:00:00Z,20.790002441406273,109.31300354003906,361.3999938964844,66.29451902232391,2.839242867299182,0,0
2020-08-20T00:00:00Z,18.980004882812523,0,313.97998046875,72.09672116182897,3.1010481333043183,0,0
2020-08-20T01:00:00Z,17.850000000000023,0,314.03997802734375,73.87724053874585,3.3351011162546045,0,0
2020-08-20T02:00:00Z,16.719995117187523,0,314.0899963378906,75.56657250565429,3.5735135489420875,0,0
2020-08-20T03:00:00Z,15.600000000000023,0,297.54998779296875,77.07660828481828,3.8313051121592108,0,0
2020-08-20T04:00:00Z,14.820001220703148,0,297.5799865722656,77.92560873838549,3.6869634307483863,0,0
2020-08-20T05:00:00Z,14.049981689453148,0,297.6199951171875,78.61915116747407,3.5575974918043323,0,0
2020-08-20T06:00:00Z,13.279992675781273,0,286.8299865722656,79.19808219870495,3.444894601845657,0,0
2020-08-20T07:00:00Z,12.740045166015648,0,286.8500061035156,79.99123807326797,3.4754134754117056,0,0
2020-08-20T08:00:00Z,12.209985351562523,0,286.8699951171875,80.6951410498724,3.5198009549022466,0,0
2020-08-20T09:00:00Z,11.679986572265648,0,285.30999755859375,81.36041552638181,3.581312435890774,0,0
2020-08-20T10:00:00Z,12.920037841796898,0,285.25,79.90304491799021,3.1749330580855695,0,0
2020-08-20T11:00:00Z,14.159997558593773,103.60400390625,285.1999816894531,78.22662238627487,2.78210341377795,0,0
2020-08-20T12:00:00Z,15.410028076171898,289.30401611328125,311.25,76.33078714024904,2.3952035801777787,0,0
2020-08-20T13:00:00Z,17.429986572265648,454.9920349121094,311.16998291015625,69.95466657385283,2.0969739592576615,0,0
2020-08-20T14:00:00Z,19.459985351562523,641.99505615234375,311.0899963378906,64.07203493849073,1.799388729306759,0,0
2020-08-20T15:00:00Z,21.489984130859398,753.7460327148436,336.3999938964844,58.69650732167511,1.515684613563647,0,0
2020-08-20T16:00:00Z,22.189996337890648,840.81201171875,336.3800048828125,56.19315552271742,1.5101324592054357,0,0
2020-08-20T17:00:00Z,22.890039062500023,860.154052734375,336.3500061035156,53.80974952486144,1.953458426495709,0,0
2020-08-20T18:00:00Z,23.579980468750023,812.85302734375,351.4499816894531,51.568149460466124,2.6155304343494428,0,0
2020-08-20T19:00:00Z,23.830041503906273,709.61700439453125,351.42999267578125,51.558565769617715,2.8961353122887012,0,0
2020-08-20T20:00:00Z,24.070001220703148,583.77105712890625,351.41998291015625,51.570978440230846,3.2552265610492275,0,0
2020-08-20T21:00:00Z,24.309991455078148,454.4480285644531,341.7599792480469,51.57281879890685,3.6855527338787017,0,0
2020-08-20T22:00:00Z,22.920007324218773,284.2460021972656,341.82000732421875,54.574961602997774,3.297711290729343,0,0
2020-08-20T23:00:00Z,21.519982910156273,122.3280029296875,341.8800048828125,57.78631243016933,2.926055292872997,0,0
2020-08-21T00:00:00Z,20.129998779296898,0,309.1000061035156,61.14809173072334,2.5636301596097337,0,0
2020-08-21T01:00:00Z,19.249993896484398,0,309.1399841308594,62.95965833519348,2.606645325041218,0,0
2020-08-21T02:00:00Z,18.379998779296898,0,309.17999267578125,64.75947889115572,2.660112821258649,0,0
2020-08-21T03:00:00Z,17.499993896484398,0,304.29998779296875,66.6247867565895,2.7319772151657364,0,0
2020-08-21T04:00:00Z,16.820001220703148,0,304.32000732421875,69.34639712936354,2.905477594783211,0,0
2020-08-21T05:00:00Z,16.130029296875023,0,304.3500061035156,72.24187985058546,3.0878146598722678,0,0
2020-08-21T06:00:00Z,15.450006103515648,0,306.78997802734375,75.22660651461625,3.264980852383466,0,0
2020-08-21T07:00:00Z,15.420007324218773,0,306.78997802734375,75.66979550271864,3.2044032095732704,0,0
2020-08-21T08:00:00Z,15.390008544921898,0,306.78997802734375,76.11558225509374,3.1386938454676256,0,0
2020-08-21T09:00:00Z,15.370019531250023,0,318.25,76.51173791713767,3.0784572504262173,0,0
2020-08-21T10:00:00Z,16.429986572265648,0,318.19000244140625,77.16646769582778,2.847876406701543,0,0
2020-08-21T11:00:00Z,17.499993896484398,96.69200134277344,318.1399841308594,77.39008784307018,2.6119723426149086,0,0
2020-08-21T12:00:00Z,18.570001220703148,279.5040283203125,350.0199890136719,77.2829773645136,2.3844704488745747,0,0
2020-08-21T13:00:00Z,20.799981689453148,440.97601318359375,349.8999938964844,74.43570332836549,2.6722649231089943,0,0
2020-08-21T14:00:00Z,23.040002441406273,623.01702880859375,349.78997802734375,71.10589197446693,2.982113218912388,0,0
2020-08-21T15:00:00Z,25.279992675781273,736.05804443359375,377,67.51937759260795,3.3218218289387695,0,0
2020-08-21T16:00:00Z,26.200006103515648,821.2100219726564,376.9599914550781,64.75640081763106,3.6345287766334846,0,0
2020-08-21T17:00:00Z,27.119989013671898,839.9970703125,376.91998291015625,62.11609528298341,3.974984255585589,0,0
2020-08-21T18:00:00Z,28.040002441406273,822.4110107421875,385.5499877929687,59.590787875274906,4.317371736177409,0,0
2020-08-21T19:00:00Z,28.219995117187523,717.4420166015625,385.53997802734375,59.73641616207697,4.599217236012697,0,0
2020-08-21T20:00:00Z,28.399987792968773,589.4630126953125,385.5299987792969,59.87260722909888,4.898019915036754,0,0
2020-08-21T21:00:00Z,28.579980468750023,450.5600280761719,377.1499938964844,59.99793338539781,5.197547456929264,0,0
2020-08-21T22:00:00Z,26.859979248046898,280.35302734375,377.2200012207031,65.32609522339605,4.595269167740209,0,0
2020-08-21T23:00:00Z,25.149987792968773,118.32100677490234,377.2999877929687,71.14447439772088,3.994859110838902,0,0
2020-08-22T00:00:00Z,23.439996337890648,0,359.6099853515625,77.54871599716341,3.39412725152397,0,0
2020-08-22T01:00:00Z,22.670007324218773,0,359.6499938964844,79.16879860757797,3.3689315750927427,0,0
2020-08-22T02:00:00Z,21.910028076171898,0,359.69000244140625,80.73078358370985,3.3507311204792414,0,0
2020-08-22T03:00:00Z,21.150018310546898,0,355.1300048828125,82.27708417929522,3.3266197867775698,0,0
2020-08-22T04:00:00Z,20.869989013671898,0,355.1499938964844,82.56377357157595,3.182860223531274,0,0
2020-08-22T05:00:00Z,20.589990234375023,0,355.1600036621094,82.8353424161471,3.058120264174029,0,0
2020-08-22T06:00:00Z,20.309991455078148,0,349.989990234375,83.09612246994493,2.934211911740404,0,0
2020-08-22T07:00:00Z,20.079980468750023,0,350,83.25974876992852,2.930614139588019,0,0
2020-08-22T08:00:00Z,19.850000000000023,0,350.0099792480469,83.41433292493176,2.920993029694173,0,0
2020-08-22T09:00:00Z,19.609979248046898,0,348.6199951171875,83.60662764603342,2.928378368941268,0,0
2020-08-22T10:00:00Z,20.530023193359398,0,348.5799865722656,82.42266034910767,2.596767175742687,0,0
2020-08-22T11:00:00Z,21.439996337890648,99.9040069580078,348.5299987792969,81.18871459398542,2.3231013085104264,0,0
2020-08-22T12:00:00Z,22.360040283203148,271.9360046386719,370.1099853515625,79.81852520992004,2.1199291484898497,0,0
2020-08-22T13:00:00Z,24.140008544921898,430.4320068359375,370.0199890136719,73.81719906039501,2.432488284352353,0,0
2020-08-22T14:00:00Z,25.920007324218773,608.88702392578125,369.94000244140625,68.29320442408714,2.8938728484407372,0,0
2020-08-22T15:00:00Z,27.700006103515648,728.9000244140625,393.0799865722656,63.207412188537084,3.4349526151084637,0,0
2020-08-22T16:00:00Z,28.339990234375023,813.3590087890625,393.0499877929687,60.80794618197182,3.4077116918542467,0,0
2020-08-22T17:00:00Z,28.980004882812523,831.862060546875,393.0199890136719,58.50753594901064,3.4158454149610638,0,0
2020-08-22T18:00:00Z,29.619989013671898,779.843017578125,406.6799926757813,56.304567585572926,3.4481588086242105,0,0
2020-08-22T19:00:00Z,29.730004882812523,679.81103515625,406.66998291015625,56.79133718789975,3.533454273508284,0,0
2020-08-22T20:00:00Z,29.829980468750023,557.8380126953125,406.66998291015625,57.30040683560426,3.6415654452213913,0,0
2020-08-22T21:00:00Z,29.929986572265648,362.1670227050781,410.72998046875,57.802319497399964,3.7662181353051953,0,0
2020-08-22T22:00:00Z,28.409997558593773,224.1630096435547,410.7999877929687,62.800717898788264,3.5488730499497625,0,0
2020-08-22T23:00:00Z,26.890008544921898,92.6580047607422,410.8699951171875,68.28879312267021,3.381508367175853,0,0
2020-08-23T00:00:00Z,25.370019531250023,0,359.8699951171875,74.32079202268605,3.276659791854475,0,0
2020-08-23T01:00:00Z,24.589990234375023,0,359.91998291015625,74.2781063458805,3.154837416043176,0,0
2020-08-23T02:00:00Z,23.810021972656273,0,359.9599914550781,74.0672307616403,3.0564357109360256,0,0
2020-08-23T03:00:00Z,23.029992675781273,0,350.8500061035156,73.67138872738772,2.9706733340122065,0,0
2020-08-23T04:00:00Z,22.510034179687523,0,350.8800048828125,75.38072447915177,2.8412145403635076,0,0
2020-08-23T05:00:00Z,21.999993896484398,0,350.8999938964844,77.08516735897871,2.752035553507082,0,0
2020-08-23T06:00:00Z,21.480004882812523,0,346.6199951171875,78.87968233517435,2.7068061271648327,0,0
2020-08-23T07:00:00Z,21.310021972656273,0,346.6300048828125,78.82666375031026,2.31192562651137,0,0
2020-08-23T08:00:00Z,21.140008544921898,0,346.6399841308594,78.76714211347894,1.9080093499680335,0,0
2020-08-23T09:00:00Z,20.970025634765648,0,346.2799987792969,78.69730124577059,1.514760647875302,0,0
2020-08-23T10:00:00Z,21.640008544921898,0,346.239990234375,79.5873883675042,1.180677711679273,0,0
2020-08-23T11:00:00Z,22.320031738281273,91.18800354003906,346.1999816894531,80.23766730707713,0.8809086288587291,0,0
2020-08-23T12:00:00Z,22.999993896484398,270.760009765625,385.3800048828125,80.71269443123195,0.6708203532659257,0,0
2020-08-23T13:00:00Z,24.790002441406273,429.968017578125,385.28997802734375,76.85563534350831,1.6155494244310638,0,0
2020-08-23T14:00:00Z,26.579980468750023,609.03802490234375,385.1999816894531,73.02306610316892,2.5547797109965042,0,0
2020-08-23T15:00:00Z,28.370019531250023,720.6650390625,410.1300048828125,69.25641674538404,3.4946815145871657,0,0
2020-08-23T16:00:00Z,29.149987792968773,804.29803466796875,410.0899963378906,66.49398283972182,4.1011339199214865,0,0
2020-08-23T17:00:00Z,29.930017089843773,822.47906494140625,410.05999755859375,63.85332337920605,4.7144987917591195,0,0
2020-08-23T18:00:00Z,30.709985351562523,687.62603759765625,426.75,61.331438369829215,5.328799060807764,0,0
2020-08-23T19:00:00Z,30.480004882812523,598.97003173828125,426.7599792480469,62.828076185547175,5.1971145363643245,0,0
2020-08-23T20:00:00Z,30.249993896484398,490.8470153808594,426.7699890136719,64.3530229572943,5.065580005424745,0,0
2020-08-23T21:00:00Z,30.019982910156273,297.8710021972656,425.3899841308594,65.90983286096206,4.925494786111927,0,0
2020-08-23T22:00:00Z,28.579980468750023,183.34201049804688,425.4499816894531,71.4679894395767,4.396191393342553,0,0
2020-08-23T23:00:00Z,27.140039062500023,74.13500213623047,425.5199890136719,77.55388561240326,3.8816748256169022,0,0
2020-08-24T00:00:00Z,25.700006103515648,0,393.5699768066406,84.22810904980275,3.378165016043179,0,0
2020-08-24T01:00:00Z,24.659997558593773,0,393.6300048828125,85.30334715956938,3.375973812869508,0,0
2020-08-24T02:00:00Z,23.619989013671898,0,393.69000244140625,86.19454025124931,3.3811979346224246,0,0
2020-08-24T03:00:00Z,22.579980468750023,0,359.97998046875,86.87411573443967,3.3861629379559743,0,0
2020-08-24T04:00:00Z,21.969995117187523,0,360.0099792480469,87.95106978942064,3.305102072797282,0,0
2020-08-24T05:00:00Z,21.359979248046898,0,360.03997802734375,88.9944305716227,3.267185270362506,0,0
2020-08-24T06:00:00Z,20.739984130859398,0,350.3599853515625,90.06036132556146,3.26686385864203,0,0
2020-08-24T07:00:00Z,20.559991455078148,0,350.3699951171875,89.2459902103615,3.0912779754100894,0,0
2020-08-24T08:00:00Z,20.370019531250023,0,350.3899841308594,88.4600733716371,2.9320981460449396,0,0
2020-08-24T09:00:00Z,20.179986572265648,0,350.6399841308594,87.64243338404776,2.7869157149871233,0,0
2020-08-24T10:00:00Z,20.989984130859398,0,350.6000061035156,86.99559462077985,2.330943939776975,0,0
2020-08-24T11:00:00Z,21.799981689453148,88.0560073852539,350.55999755859375,86.21932056801322,1.8722445757626003,0,0
2020-08-24T12:00:00Z,22.600000000000023,267.7200012207031,384.47998046875,85.38177605466782,1.417356632356216,0,0
2020-08-24T13:00:00Z,24.469995117187523,426.5600280761719,384.3800048828125,79.03411269160719,2.0360009956441742,0,0
2020-08-24T14:00:00Z,26.339990234375023,605.01605224609375,384.2999877929687,73.1648060414586,2.6706739824955545,0,0
2020-08-24T15:00:00Z,28.209985351562523,718.0360107421875,409.6199951171875,67.74076703500711,3.29848440797413,0,0
2020-08-24T16:00:00Z,28.899987792968773,801.48004150390625,409.5899963378906,65.29036854040466,3.7513329069845702,0,0
2020-08-24T17:00:00Z,29.589990234375023,819.51104736328125,409.5499877929687,62.9389803432876,4.21864895994907,0,0
2020-08-24T18:00:00Z,30.280023193359398,581.6400146484375,432.5,60.683582746244355,4.672226238793068,0.008639999628067017,0
2020-08-24T19:00:00Z,30.089990234375023,506.24700927734375,432.5,62.32624721176158,4.698435862706785,0.1267583999633789,0
2020-08-24T20:00:00Z,29.890039062500023,414.3000183105469,432.5,64.03555394984886,4.732610193290612,0.009657599687576294,0
2020-08-24T21:00:00Z,29.700006103515648,377.3860168457031,411.2599792480469,65.73959679444278,4.758928345128172,0,0
2020-08-24T22:00:00Z,28.389978027343773,230.94900512695313,411.3299865722656,69.52071626524621,4.473030271871613,0,0
2020-08-24T23:00:00Z,27.079980468750023,91.21800231933594,411.3899841308594,73.53458930735177,4.1933398685394305,0,0
2020-08-25T00:00:00Z,25.769982910156273,0,375.9100036621094,77.79421286493313,3.907492650733528,0,0
2020-08-25T01:00:00Z,24.730004882812523,0,375.9700012207031,79.37786197101894,3.7165574410530096,0,0
2020-08-25T02:00:00Z,23.679986572265648,0,376.0199890136719,80.9242466869956,3.5500562635986763,0,0
2020-08-25T03:00:00Z,22.640039062500023,0,365.8699951171875,82.31532083582391,3.4024255075365484,0,0
2020-08-25T04:00:00Z,22.230004882812523,0,365.8899841308594,83.05593064650778,3.3945837829247463,0,0
2020-08-25T05:00:00Z,21.829980468750023,0,365.9100036621094,83.7351516859365,3.3837846905128286,0,0
2020-08-25T06:00:00Z,21.420007324218773,0,360.17999267578125,84.45455582559671,3.379230684726831,0,0
2020-08-25T07:00:00Z,21.109979248046898,0,360.1999816894531,84.88664856628435,3.469192961128045,0,0
2020-08-25T08:00:00Z,20.799981689453148,0,360.2200012207031,85.30881330511656,3.561811260905467,0,0
2020-08-25T09:00:00Z,20.489984130859398,0,359.28997802734375,85.71914668541872,3.6595217020288042,0,0
2020-08-25T10:00:00Z,21.219995117187523,0,359.25,85.09918917573194,3.515252448522042,0,0
2020-08-25T11:00:00Z,21.939996337890648,81.38800048828125,359.2099914550781,84.43568928488686,3.362037921084621,0,0
2020-08-25T12:00:00Z,22.670007324218773,200.38400268554688,402.75,83.62896316407135,3.2231815815091056,0.11823359298706054,0
2020-08-25T13:00:00Z,24.170007324218773,320.3520202636719,402.6799926757813,77.21792257632917,3.416342972175314,0.005198400020599365,0
2020-08-25T14:00:00Z,25.679986572265648,454.9840087890625,402.6099853515625,71.3118186484363,3.632092953590035,0.005198400020599365,0
2020-08-25T15:00:00Z,27.179986572265648,720.0450439453125,394.1999816894531,65.94800317153859,3.87185990366175,0.005198400020599365,0
2020-08-25T16:00:00Z,28.149987792968773,803.8340454101564,394.1600036621094,61.81420530540815,4.636431702441862,0,0
2020-08-25T17:00:00Z,29.109979248046898,821.80303955078125,394.1199951171875,57.99361759486639,5.444896576427252,0,0
2020-08-25T18:00:00Z,30.070031738281273,746.6600341796875,404.6999816894531,54.425691317256266,6.2728379289374665,0,0
2020-08-25T19:00:00Z,29.409997558593773,649.38702392578125,404.7200012207031,56.79459500589091,6.558238833104883,0.018115199089050293,0
2020-08-25T20:00:00Z,28.749993896484398,530.6820068359375,404.75,59.27635040212636,6.85880457819377,0.018115199089050293,0
2020-08-25T21:00:00Z,28.089990234375023,288.4200134277344,397.2599792480469,61.874889858175656,7.181148815428224,0.018115199089050293,0
2020-08-25T22:00:00Z,26.219995117187523,175.45201110839844,397.3599853515625,65.8349740319952,6.2625312311912795,4.3679997324943534e-4,0
2020-08-25T23:00:00Z,24.350000000000023,67.569000244140625,397.4599914550781,69.95777589605224,5.448908052018369,4.3679997324943534e-4,0
2020-08-26T00:00:00Z,22.480004882812523,0,380.0299987792969,74.22607160033881,4.814187171121554,4.3679997324943534e-4,0
2020-08-26T01:00:00Z,21.730004882812523,0,380.0699768066406,75.235638102819,4.596052514388762,0,0
2020-08-26T02:00:00Z,20.980004882812523,0,380.1099853515625,76.18700786406606,4.385076752276946,0,0
2020-08-26T03:00:00Z,20.230004882812523,0,348.739990234375,77.07157712590808,4.204818498661013,0,0
2020-08-26T04:00:00Z,19.200006103515648,0,348.78997802734375,78.90083782859566,4.063889673062749,0,0
2020-08-26T05:00:00Z,18.159997558593773,0,348.8500061035156,80.71567580759093,3.9282566511357273,0,0
2020-08-26T06:00:00Z,17.130029296875023,0,308.6999816894531,82.39652213395726,3.7930461718089616,0,0
2020-08-26T07:00:00Z,16.429986572265648,0,308.72998046875,82.6473456971375,3.75046649879554,0,0
2020-08-26T08:00:00Z,15.739984130859398,0,308.7699890136719,82.70468572689967,3.7442355747845406,0,0
2020-08-26T09:00:00Z,15.049981689453148,0,292.2200012207031,82.60941157430098,3.765023193971843,0,0
2020-08-26T10:00:00Z,15.570031738281273,0,292.1999816894531,80.47514357646854,4.118664814625274,0,0
2020-08-26T11:00:00Z,16.100000000000023,89.14800262451172,292.17999267578125,78.35323403910765,4.487594028539754,0,0
2020-08-26T12:00:00Z,16.629998779296898,277.99200439453125,293.66998291015625,76.29449948669286,4.882632327476662,0,0
2020-08-26T13:00:00Z,17.609979248046898,445.968017578125,293.6499938964844,67.00897823834138,5.64454581196422,0,0
2020-08-26T14:00:00Z,18.589990234375023,634.20904541015625,293.6300048828125,58.59951276945696,6.4133923390001115,0,0
2020-08-26T15:00:00Z,19.579980468750023,740.634033203125,316.6199951171875,50.95876577418026,7.177994049325957,0,0
2020-08-26T16:00:00Z,20.499993896484398,826.947021484375,316.5799865722656,49.8541508484268,6.832642166802568,0,0
2020-08-26T17:00:00Z,21.420037841796898,845.2950439453125,316.53997802734375,48.72757177183654,6.555737932337892,0,0
2020-08-26T18:00:00Z,22.340020751953148,820.3880615234375,332.32000732421875,47.588318950698266,6.346794182988346,0,0
2020-08-26T19:00:00Z,22.550042724609398,712.91705322265625,332.30999755859375,48.32223001178819,6.193423611445256,0,0
2020-08-26T20:00:00Z,22.749993896484398,581.7840576171875,332.29998779296875,49.06044874441683,6.040479757758325,0,0
2020-08-26T21:00:00Z,22.959985351562523,438.2640075683594,327.97998046875,49.74068904264757,5.880492973844351,0,0
2020-08-26T22:00:00Z,21.059991455078148,264.968017578125,328.04998779296875,55.58286233219401,5.166236529236959,0,0
2020-08-26T23:00:00Z,19.159997558593773,99.3330078125,328.1300048828125,62.207316595620554,4.474650658658893,0,0
2020-08-27T00:00:00Z,17.260003662109398,0,302.6300048828125,69.7346334132446,3.794232424999764,0,0
2020-08-27T01:00:00Z,16.640008544921898,0,302.66998291015625,69.00287468534889,3.6100553236365154,0,0
2020-08-27T02:00:00Z,16.019982910156273,0,302.6999816894531,68.10793033700322,3.492520443850344,0,0
2020-08-27T03:00:00Z,15.399987792968773,0,337.47998046875,67.03529128415872,3.4548514799885868,0,0
2020-08-27T04:00:00Z,15.799981689453148,0,337.4499816894531,68.74601236062823,3.0332325705077254,0,0
2020-08-27T05:00:00Z,16.209985351562523,0,337.42999267578125,70.28453467350528,2.697572854430845,0.0018623998761177062,0
2020-08-27T06:00:00Z,16.619989013671898,0,388.4499816894531,71.69694826122404,2.4691091437521306,5.375999808311463e-4,0
2020-08-27T07:00:00Z,16.899987792968773,0,388.4299926757813,72.93386298213935,2.4416797104075916,0,0
2020-08-27T08:00:00Z,17.189996337890648,0,388.4100036621094,74.05818291258907,2.5725667418412548,0,0
2020-08-27T09:00:00Z,17.469995117187523,0,387.78997802734375,75.16369732073173,2.838943372361221,0.008140799760818482,0
2020-08-27T10:00:00Z,18.040002441406273,0,387.75,76.0465867158816,2.7854801213053824,0,0
2020-08-27T11:00:00Z,18.609979248046898,47.44000244140625,387.7200012207031,76.77916806934961,2.728259462859771,1.9199998676776875e-4,0
2020-08-27T12:00:00Z,19.179986572265648,183.1280059814453,398.9299926757813,77.36589284947235,2.678675017026124,0.05952000045776367,0
2020-08-27T13:00:00Z,20.450006103515648,294.8000183105469,398.8399963378906,78.14792559077966,3.611675480633942,0.003148800015449524,0
2020-08-27T14:00:00Z,21.709985351562523,419.8050231933594,398.7599792480469,78.44639134041537,4.566683396062824,0,0
2020-08-27T15:00:00Z,22.980004882812523,642.125,410.489990234375,78.24678278025736,5.525803073325979,0,0
2020-08-27T16:00:00Z,24.779992675781273,717.07000732421875,410.3800048828125,76.46048791081941,5.9710132447809645,0,0
2020-08-27T17:00:00Z,26.579980468750023,732.8360595703125,410.2699890136719,74.27740090879087,6.526599434128676,0,0
2020-08-27T18:00:00Z,28.379998779296898,486.68701171875,426.6799926757813,71.80881556056623,7.166937586151072,0,0
2020-08-27T19:00:00Z,27.860040283203148,422.5660095214844,426.7099914550781,73.81405348024505,5.445456868954733,0.0030911997556686403,0
2020-08-27T20:00:00Z,27.350000000000023,344.34600830078125,426.72998046875,75.83718686234636,4.900489494163796,0.14724480056762695,0
2020-08-27T21:00:00Z,26.829980468750023,199.43800354003903,425.5999755859375,77.96982597138984,5.858881963794536,0.028915200233459473,0
2020-08-27T22:00:00Z,25.749993896484398,119.79900360107422,425.6499938964844,81.53377735748465,4.985709543514378,0.027187199592590333,0
2020-08-27T23:00:00Z,24.659997558593773,43.63900375366211,425.7099914550781,85.31547113424043,4.1342471492084165,0.05427840042114258,0
2020-08-28T00:00:00Z,23.579980468750023,0,409,89.22119225549075,3.3020295099936114,0.04344960021972657,0
2020-08-28T01:00:00Z,22.760003662109398,0,409.0499877929687,89.79072612647506,3.0480321135769115,0.037727997779846194,0
2020-08-28T02:00:00Z,21.950006103515648,0,409.1000061035156,90.14733488837335,2.854084788404268,0.00430079984664917,0
2020-08-28T03:00:00Z,21.140008544921898,0,353.1199951171875,90.32602020588524,2.7418605211204823,0,0
2020-08-28T04:00:00Z,20.510003662109398,0,353.1600036621094,90.59111526255542,2.7126555172334927,0,0
2020-08-28T05:00:00Z,19.890008544921898,0,353.19000244140625,90.69589885836518,2.7215068744962974,0,0
2020-08-28T06:00:00Z,19.260003662109398,0,336.28997802734375,90.73355734979712,2.7673994764388574,0,0
2020-08-28T07:00:00Z,18.909997558593773,0,336.30999755859375,90.89002370714219,2.789587736827594,0,0
2020-08-28T08:00:00Z,18.549981689453148,0,336.3299865722656,91.07047955623838,2.834025349156356,0,0
2020-08-28T09:00:00Z,18.189996337890648,0,329.53997802734375,91.21225840245414,2.9022749818358755,0,0
2020-08-28T10:00:00Z,18.739984130859398,0,329.5099792480469,90.87541071596276,2.9364603008053063,0,0
2020-08-28T11:00:00Z,19.300042724609398,81.7800064086914,329.47998046875,90.41565586200495,2.9910031168560196,0,0
2020-08-28T12:00:00Z,19.859979248046898,262.7440185546875,342.55999755859375,89.89120024955155,3.0563049138290306,0,0
2020-08-28T13:00:00Z,21.399987792968773,424.4640197753906,342.5,81.1605336859355,3.818716995845841,0,0
2020-08-28T14:00:00Z,22.939996337890648,605.2900390625,342.44000244140625,73.35548364653833,4.593527972714098,0,0
2020-08-28T15:00:00Z,24.470025634765648,707.5560302734375,362.6999816894531,66.40482413762082,5.3795349928760885,0,0
2020-08-28T16:00:00Z,25.230004882812523,790.2510375976564,362.66998291015625,62.44799925841247,5.307447363169741,0,0
2020-08-28T17:00:00Z,25.989984130859398,807.47003173828125,362.6399841308594,58.728663010998694,5.240696348010579,0,0
2020-08-28T18:00:00Z,26.749993896484398,782.81402587890625,371.80999755859375,55.22972638817369,5.168607060625093,0,0
2020-08-28T19:00:00Z,26.739984130859398,679.1190185546875,371.80999755859375,55.204798820623886,4.530540538542069,0,0
2020-08-28T20:00:00Z,26.730004882812523,552.58404541015625,371.80999755859375,55.1793813424583,3.9396064079546322,0,0
2020-08-28T21:00:00Z,26.719995117187523,391.1000061035156,371.489990234375,55.155307358754435,3.430116512854014,0,0
2020-08-28T22:00:00Z,25.600000000000023,233.37501525878903,371.53997802734375,58.363793588964505,2.5456825817099324,0,0
2020-08-28T23:00:00Z,24.480004882812523,82.39800262451172,371.5899963378906,61.78094174291865,1.9996998898408056,0,0
2020-08-29T00:00:00Z,23.359979248046898,0,355.6399841308594,65.42433880649347,2.0753072001316735,0,0
2020-08-29T01:00:00Z,22.760034179687523,0,355.6600036621094,68.40675122824727,1.9764867820259167,0,0
2020-08-29T02:00:00Z,22.160028076171898,0,355.69000244140625,71.53200988005412,1.916898521400919,0,0
2020-08-29T03:00:00Z,21.560021972656273,0,364.6300048828125,74.80718821532926,1.9001052363969368,0,0
2020-08-29T04:00:00Z,21.040002441406273,0,364.6399841308594,79.31396700133057,2.3047125244437234,0,0
2020-08-29T05:00:00Z,20.529992675781273,0,364.6600036621094,83.99392063849045,2.724426372658065,0,0
2020-08-29T06:00:00Z,20.010003662109398,0,370.3500061035156,88.95681846017226,3.145870243769648,0,0
2020-08-29T07:00:00Z,19.890008544921898,0,370.3599853515625,90.31388490961656,3.1022733986763957,0,0
2020-08-29T08:00:00Z,19.769982910156273,0,370.3599853515625,91.68771386730772,3.092329103563247,0,0
2020-08-29T09:00:00Z,19.649987792968773,0,391.80999755859375,93.07613524712157,3.090711876291348,0,0
2020-08-29T10:00:00Z,20.140008544921898,0,391.7799987792969,93.2282958668613,3.2073041202856376,0.0024671999216079716,0
2020-08-29T11:00:00Z,20.629998779296898,41.512001037597656,391.75,93.28957060872497,3.3797780439123497,0.012537599086761475,0
2020-08-29T12:00:00Z,21.109979248046898,164.93600463867188,413.6499938964844,93.33041957593741,3.610055315381151,0.02640000057220459,0
2020-08-29T13:00:00Z,22.339990234375023,267.42401123046875,413.5799865722656,89.31662275354041,4.240671841997311,0.006854400157928466,0
2020-08-29T14:00:00Z,23.570001220703148,381.8660278320313,413.5099792480469,85.44055395202646,5.01336194960226,0,0
2020-08-29T15:00:00Z,24.799981689453148,381.0340270996094,419.0699768066406,81.70231200335459,5.874563898336284,0,0
2020-08-29T16:00:00Z,25.239984130859398,425.6120300292969,419.0499877929687,78.59345883259054,6.343634375344381,0,0
2020-08-29T17:00:00Z,25.679986572265648,434.8270263671875,419.03997802734375,75.60038437088657,6.8305928721664095,0.0015552000403404236,0
2020-08-29T18:00:00Z,26.129998779296898,691.10504150390625,409.489990234375,72.67266791691956,7.325168882669002,0,0
2020-08-29T19:00:00Z,26.799981689453148,599.0260009765625,409.4599914550781,70.82057214490932,7.639175172514409,0,0
2020-08-29T20:00:00Z,27.480004882812523,486.6530151367187,409.41998291015625,68.96994773093762,7.966241160312588,0,0
2020-08-29T21:00:00Z,28.160028076171898,347.17401123046875,409.53997802734375,67.16388359194595,8.303764021765598,1.631999909877775e-4,0
2020-08-29T22:00:00Z,27.109979248046898,205.7570037841797,409.5899963378906,71.9065889708271,7.694114402836713,0,0
2020-08-29T23:00:00Z,26.049981689453148,70.26100158691406,409.6300048828125,77.06081368305965,7.0958648191938085,0,0
2020-08-30T00:00:00Z,25.000024414062523,0,404.0899963378906,82.57226548966807,6.512157728225165,0.011567999839782715,0
2020-08-30T01:00:00Z,24.119989013671898,0,404.1399841308594,84.53350196422836,5.706741478602667,0.046559998512268073,0
2020-08-30T02:00:00Z,23.239984130859398,0,404.19000244140625,86.4875248265116,5.2145658121103065,0.017567999839782716,0
2020-08-30T03:00:00Z,22.370019531250023,0,353.6600036621094,88.367064768007,5.107298374691616,0,0
2020-08-30T04:00:00Z,21.630029296875023,0,353.6999816894531,87.16131034956855,4.67736023094647,0,0
2020-08-30T05:00:00Z,20.899987792968773,0,353.75,85.61402400061735,4.481539936959824,0,0
2020-08-30T06:00:00Z,20.159997558593773,0,316.57000732421875,83.79840292812568,4.5549533011244145,0,0
2020-08-30T07:00:00Z,19.010003662109398,0,316.6300048828125,83.9367534722936,4.485376062223875,0,0
2020-08-30T08:00:00Z,17.859979248046898,0,316.67999267578125,83.6634702291548,4.42408170762325,0,0
2020-08-30T09:00:00Z,16.719995117187523,0,306.30999755859375,82.84751609179149,4.362865970465066,0,0
2020-08-30T10:00:00Z,17.040002441406273,0,306.29998779296875,82.33184437513307,4.49026713899836,0,0
2020-08-30T11:00:00Z,17.369989013671898,77.8080062866211,306.2799987792969,81.75620156059753,4.649494591769802,0,0
2020-08-30T12:00:00Z,17.700036621093773,243.69601440429688,333.82000732421875,81.17106007375408,4.843355994107004,0,0
2020-08-30T13:00:00Z,18.859979248046898,396.5600280761719,333.7699890136719,75.65127599827416,5.273603875739164,0,0
2020-08-30T14:00:00Z,20.029992675781273,567.0400390625,333.72998046875,70.50228666236745,5.866685597414483,0,0
2020-08-30T15:00:00Z,21.200006103515648,682.17803955078125,361.0799865722656,65.74460618306044,6.564525693565529,0,0
2020-08-30T16:00:00Z,21.950006103515648,762.0970458984375,361.0499877929687,61.89157687754,6.450309837351486,0,0
2020-08-30T17:00:00Z,22.689996337890648,778.4510498046875,361.0199890136719,58.302435016160864,6.338737740900691,0,0
2020-08-30T18:00:00Z,23.439996337890648,806.02301025390625,343.1399841308594,54.889316204928,6.231765043011505,0,0
2020-08-30T19:00:00Z,23.409997558593773,698.00604248046875,343.1399841308594,54.46919694858834,6.17357259322076,0,0
2020-08-30T20:00:00Z,23.390008544921898,566.175048828125,343.1499938964844,54.01411840307463,6.115888894041814,0,0
2020-08-30T21:00:00Z,23.359979248046898,417.3800048828125,330.2799987792969,53.59129427625362,6.044699830079796,0,0
2020-08-30T22:00:00Z,21.469995117187523,245.5910186767578,330.3599853515625,59.29765339836778,5.265216052195195,0,0
2020-08-30T23:00:00Z,19.579980468750023,80.86900329589844,330.42999267578125,65.69542562314024,4.540099001017196,0,0
2020-08-31T00:00:00Z,17.689996337890648,0,303.0899963378906,72.88233189337583,3.909283794433871,0,0
2020-08-31T01:00:00Z,16.629998779296898,0,303.1399841308594,74.41889710254549,3.7930726320288257,0,0
2020-08-31T02:00:00Z,15.559991455078148,0,303.19000244140625,75.89450560813516,3.740655032394268,0,0
2020-08-31T03:00:00Z,14.499993896484398,0,295.44000244140625,77.18148429839947,3.7635090089330063,0,0
2020-08-31T04:00:00Z,14.369989013671898,0,295.4499816894531,75.42374416415119,3.234470609515982,0,0
2020-08-31T05:00:00Z,14.239984130859398,0,295.4599914550781,73.62574959454967,2.721176244816485,0,0
2020-08-31T06:00:00Z,14.119989013671898,0,290.0799865722656,71.74450868091955,2.245885155002653,0,0
2020-08-31T07:00:00Z,13.730004882812523,0,290.1000061035156,72.42365684441681,2.1835748982443217,0,0
2020-08-31T08:00:00Z,13.340020751953148,0,290.1099853515625,73.10101645932819,2.121320246621891,0,0
2020-08-31T09:00:00Z,12.950036621093773,0,290.0400085449219,73.76423743874447,2.0591259905668533,0,0
2020-08-31T10:00:00Z,13.899987792968773,0,290,73.64980557314122,1.501199520330015,0,0
2020-08-31T11:00:00Z,14.839990234375023,77.332000732421875,289.9499816894531,73.35792165041902,1.043886945923131,0,0
2020-08-31T12:00:00Z,15.779992675781273,254.54400634765625,318.78997802734375,72.87494405080888,0.8595929205065976,0,0
2020-08-31T13:00:00Z,17.540032958984398,415.7440185546875,318.7099914550781,68.56874799068163,0.7858752959190021,0,0
2020-08-31T14:00:00Z,19.309991455078148,595.302001953125,318.6399841308594,64.39766061449816,1.1175866742625435,0,0
2020-08-31T15:00:00Z,21.070001220703148,647.30902099609375,351.97998046875,60.45869355281117,1.633707375791276,0,0
2020-08-31T16:00:00Z,21.920007324218773,723.2320556640625,351.92999267578125,59.14601374847942,2.597941426061031,0,0
2020-08-31T17:00:00Z,22.760003662109398,738.5860595703125,351.8899841308594,57.858843999075006,3.7100537076930356,0,0
2020-08-31T18:00:00Z,23.609979248046898,708.65704345703125,366.2599792480469,56.52918988157592,4.869024445970376,0,0
2020-08-31T19:00:00Z,23.659997558593773,613.125,366.25,57.495612000389606,4.995247759502419,0,0
2020-08-31T20:00:00Z,23.709985351562523,496.5330200195313,366.239990234375,58.453732881157556,5.122664978317788,0,0
2020-08-31T21:00:00Z,23.769982910156273,344.239013671875,382.5699768066406,59.370573209609624,5.249761670470458,0,0
2020-08-31T22:00:00Z,22.459985351562523,201.052001953125,382.6199951171875,65.70360612644342,4.77235788844013,0,0
2020-08-31T23:00:00Z,21.159997558593773,63.66200256347656,382.66998291015625,72.69242415114476,4.300104363789338,0,0
2020-09-01T00:00:00Z,19.859979248046898,0,341.97998046875,80.45653058063779,3.835218300282268,0,0
2020-09-01T01:00:00Z,18.700006103515648,0,342.03997802734375,83.46899809089129,3.710552337806316,0,0
2020-09-01T02:00:00Z,17.550042724609398,0,342.0899963378906,86.47102221539288,3.59706820092225,0,0
2020-09-01T03:00:00Z,16.399987792968773,0,322.5899963378906,89.49510215849878,3.495854535013928,0,0
2020-09-01T04:00:00Z,15.999993896484398,0,322.6000061035156,90.63548601112574,3.3013025888517538,0,0
2020-09-01T05:00:00Z,15.600000000000023,0,322.6199951171875,91.78106070606435,3.1092282146829513,0,0
2020-09-01T06:00:00Z,15.200006103515648,0,328.8800048828125,92.9310859529011,2.935574892139047,0,0
2020-09-01T07:00:00Z,15.100000000000023,0,328.8899841308594,93.0325591192053,2.6457890386843568,0,0
2020-09-01T08:00:00Z,14.999993896484398,0,328.8899841308594,93.13141193225142,2.448121683402369,0,0
2020-09-01T09:00:00Z,14.899987792968773,0,346.47998046875,93.2273286757074,2.3400854538532245,0,0
2020-09-01T10:00:00Z,15.850000000000023,0,346.42999267578125,92.30246606549048,2.4698177008595468,0,0
2020-09-01T11:00:00Z,16.800042724609398,60.052001953125,346.3800048828125,91.19277454602214,2.6072590097741184,0,0
2020-09-01T12:00:00Z,17.749993896484398,128.59201049804688,390.5499877929687,89.9268559999913,2.766965776242173,0,0
2020-09-01T13:00:00Z,18.910028076171898,204.9440155029297,390.47998046875,88.52188413868632,3.176822327157096,0.003033599853515625,0
2020-09-01T14:00:00Z,20.080041503906273,280.7239990234375,390.4100036621094,86.85510895128394,3.656733416142529,0,0
2020-09-01T15:00:00Z,21.249993896484398,304.3970031738281,410.6099853515625,85.0262891262047,4.186167584824223,0,0
2020-09-01T16:00:00Z,21.999993896484398,335.39801025390625,410.5699768066406,82.47078623186273,4.416163381595739,0,0
2020-09-01T17:00:00Z,22.739984130859398,346.9210205078125,410.5299987792969,80.04082781428843,4.704221397457697,0,0
2020-09-01T18:00:00Z,23.489984130859398,341.6400146484375,417.6799926757813,77.632324913643,5.041438174075876,0,0
2020-09-01T19:00:00Z,23.679986572265648,309.9990234375,417.6600036621094,77.86480590534532,4.995407925312106,0,0
2020-09-01T20:00:00Z,23.869989013671898,261.6650085449219,417.6499938964844,78.0815576332465,4.952989068836989,0,0
2020-09-01T21:00:00Z,24.059991455078148,200.3050079345703,415.2999877929687,78.28202873038686,4.922946279491849,0,0
2020-09-01T22:00:00Z,23.149987792968773,121.23800659179688,415.3399963378906,82.85430395384242,4.310452269746198,0,0
2020-09-01T23:00:00Z,22.239984130859398,36.77799987792969,415.3800048828125,87.72534932215316,3.722002176080198,0,0
2020-09-02T00:00:00Z,21.330041503906273,0,403.5299987792969,92.91463811012342,3.1575305403246547,0,0
2020-09-02T01:00:00Z,20.700036621093773,0,403.5699768066406,93.37273528945116,3.3210390344535177,0,0
2020-09-02T02:00:00Z,20.080041503906273,0,403.6099853515625,93.67469645466001,3.4704753696055133,0,0
2020-09-02T03:00:00Z,19.450006103515648,0,392.8800048828125,93.9321295123169,3.634074768103436,0,0
2020-09-02T04:00:00Z,19.220025634765648,0,392.8899841308594,94.95596289729268,3.476391699851078,0,0
2020-09-02T05:00:00Z,18.980004882812523,0,392.8999938964844,96.05084685701722,3.3264095108164615,0,0
2020-09-02T06:00:00Z,18.739984130859398,0,387.4299926757813,97.16154215858471,3.1766804980396914,0,0
2020-09-02T07:00:00Z,18.719995117187523,0,387.4299926757813,97.11278448748502,3.1903761441046727,0,0
2020-09-02T08:00:00Z,18.689996337890648,0,387.4299926757813,97.12231967892703,3.2113859645143625,0,0
2020-09-02T09:00:00Z,18.659997558593773,0,401.6799926757813,97.1354883186747,3.232104529125695,0,0
2020-09-02T10:00:00Z,19.070001220703148,0,401.6600036621094,96.00848498900456,3.5420049463589764,0,0
2020-09-02T11:00:00Z,19.469995117187523,18.876001358032227,401.6300048828125,94.94225163894224,3.894778480841426,0.06426239776611328,0
2020-09-02T12:00:00Z,19.869989013671898,65.45600128173828,413.7200012207031,93.87516112979009,4.279836362301966,0.11548799514770508,0
2020-09-02T13:00:00Z,20.350030517578148,104.72000122070313,413.69000244140625,93.676430532268,4.927575248383695,0.07098239707946777,0
2020-09-02T14:00:00Z,20.820001220703148,143.656005859375,413.6600036621094,93.47265252769857,5.5754101166005965,0.04730879974365235,0
2020-09-02T15:00:00Z,21.290002441406273,216.5870056152344,419.2699890136719,93.20306434257243,6.226411437059466,0.034195198059082034,0
2020-09-02T16:00:00Z,21.840020751953148,238.6840057373047,419.22998046875,92.66594715160788,6.402702551285026,0.023615999221801756,0
2020-09-02T17:00:00Z,22.390039062500023,246.8410186767578,419.1999816894531,92.06637612226947,6.728603162019022,0.0027071998715400697,0
2020-09-02T18:00:00Z,22.939996337890648,503.95703125,412.4100036621094,91.41647304575567,7.180598936223718,0,0
2020-09-02T19:00:00Z,23.869989013671898,456.83203125,412.3599853515625,87.95446215027613,6.930425748270033,0,0
2020-09-02T20:00:00Z,24.799981689453148,384.95501708984375,412.30999755859375,84.62336716656279,6.679708152801531,0,0
2020-09-02T21:00:00Z,25.730035400390648,387.0610046386719,395.5899963378906,81.4147241148931,6.42899688769921,0,0
2020-09-02T22:00:00Z,25.010034179687523,232.416015625,395.6199951171875,84.05903310108737,5.8468792060743215,0,0
2020-09-02T23:00:00Z,24.290002441406273,67.26399993896484,395.6600036621094,86.79446374905264,5.266592861435018,0,0
2020-09-03T00:00:00Z,23.570001220703148,0,403.1600036621094,89.6229108143089,4.715103512317453,0,0
2020-09-03T01:00:00Z,23.049981689453148,0,403.19000244140625,91.52070519046069,4.179007035628104,0,0
2020-09-03T02:00:00Z,22.519982910156273,0,403.2200012207031,93.51335888287338,3.6884819204164807,7.67999980598688e-5,0
2020-09-03T03:00:00Z,21.999993896484398,0,413.94000244140625,95.49040469742013,3.2363095865845586,9.599999338388424e-5,0
2020-09-03T04:00:00Z,22.029992675781273,0,413.9299926757813,95.79408338229052,2.9648777537048234,1.1519999429583529e-4,0
2020-09-03T05:00:00Z,22.049981689453148,0,413.9299926757813,96.15168444466413,2.6980362060830827,0.16155839538574218,0
2020-09-03T06:00:00Z,22.079980468750023,0,400.25,96.45163597018107,2.450673316706916,0.06437759971618652,0
2020-09-03T07:00:00Z,21.760003662109398,0,400.2699890136719,96.17415391974986,1.7246738403299178,0.03755519771575928,0
2020-09-03T08:00:00Z,21.439996337890648,0,400.28997802734375,95.84906119119081,1.0956276475229176,0,0
2020-09-03T09:00:00Z,21.109979248046898,0,381.80999755859375,95.53410967775989,0.7787810763959724,0,0
2020-09-03T10:00:00Z,21.609979248046898,0,381.78997802734375,93.78432594237411,0.9124143521076921,0,0
2020-09-03T11:00:00Z,22.119989013671898,66.108001708984375,381.7599792480469,92.00450115928766,1.1151681275047218,0,0
2020-09-03T12:00:00Z,22.620019531250023,245.54400634765625,363.9599914550781,90.31201790607874,1.3656500331757848,0,0
2020-09-03T13:00:00Z,23.670007324218773,394.3760070800781,363.9299926757813,82.41043166236607,1.3301503822809353,0,0
2020-09-03T14:00:00Z,24.719995117187523,541.7640380859375,363.8899841308594,75.18015166741581,1.3078225447292928,0,0
2020-09-03T15:00:00Z,25.769982910156273,628.40802001953125,387.7799987792969,68.56321729008829,1.2763228000198925,0,0
2020-09-03T16:00:00Z,26.709985351562523,692.60205078125,387.739990234375,65.04704844156541,1.3413425946514743,0,0
2020-09-03T17:00:00Z,27.649987792968773,716.0860595703125,387.6999816894531,61.733200191447985,2.036663918761269,0,0
2020-09-03T18:00:00Z,28.590020751953148,607.56103515625,406.489990234375,58.60768714750749,2.934927568817282,0,0
2020-09-03T19:00:00Z,28.670007324218773,550.25604248046875,406.489990234375,58.13812743635715,2.8938900207852094,0,0
2020-09-03T20:00:00Z,28.760003662109398,462.8600158691406,406.47998046875,57.640042215556136,2.8917123179354665,0,0
2020-09-03T21:00:00Z,28.839990234375023,261.8310241699219,415.739990234375,57.17837728170413,2.920616306363014,8.255999386310577e-4,0
2020-09-03T22:00:00Z,27.499993896484398,155.91600036621094,415.7999877929687,63.501568723653115,3.273973033658819,0,0
2020-09-03T23:00:00Z,26.159997558593773,42.8640022277832,415.8499755859375,70.53378254552167,3.6685963517464186,0,0
2020-09-04T00:00:00Z,24.820001220703148,0,416.3499755859375,78.3568729838227,4.091368831933246,0,0
2020-09-04T01:00:00Z,24.040002441406273,0,416.3899841308594,80.47141571323864,4.248340860831315,0,0
2020-09-04T02:00:00Z,23.260003662109398,0,416.44000244140625,82.62573928414848,4.44119334340697,0,0
2020-09-04T03:00:00Z,22.469995117187523,0,402.97998046875,84.87713929659134,4.660514943809686,0,0
2020-09-04T04:00:00Z,22.179986572265648,0,402.989990234375,86.68121644237279,4.228675763648187,0,0
2020-09-04T05:00:00Z,21.890039062500023,0,403,88.5250433878125,3.8034851607064195,0,0
2020-09-04T06:00:00Z,21.600000000000023,0,356.1499938964844,90.41233820017766,3.3708455841413962,0,0
2020-09-04T07:00:00Z,21.189996337890648,0,356.16998291015625,90.1056634846675,3.032655489678403,0,0
2020-09-04T08:00:00Z,20.769982910156273,0,356.1999816894531,89.78233670773209,2.8461377378630472,0,0
2020-09-04T09:00:00Z,20.359979248046898,0,345.1499938964844,89.32736113383245,2.8600698243102824,0,0
2020-09-04T10:00:00Z,20.850000000000023,0,345.1300048828125,88.30417303842266,2.8793401072942215,0,0
2020-09-04T11:00:00Z,21.339990234375023,65.052001953125,345.1000061035156,87.27072333475485,2.961621087921604,0,0
2020-09-04T12:00:00Z,21.820001220703148,247.93600463867188,358.66998291015625,86.2829670472746,3.106010221318354,0,0
2020-09-04T13:00:00Z,23.040002441406273,399.8080139160156,358.6199951171875,78.27824800009722,3.417206400780197,0,0
2020-09-04T14:00:00Z,24.260034179687523,550.03704833984375,358.5799865722656,71.02803061492817,3.733697916299141,0,0
2020-09-04T15:00:00Z,25.489984130859398,669.06805419921875,367.3599853515625,64.41676050227032,4.061095805529973,0,0
2020-09-04T16:00:00Z,26.019982910156273,737.47406005859375,367.3500061035156,58.32259885931016,4.720699184607053,0,0
2020-09-04T17:00:00Z,26.549981689453148,762.321044921875,367.3500061035156,52.55592920400242,5.408160355413902,0,0
2020-09-04T18:00:00Z,27.079980468750023,711.55804443359375,355.2699890136719,47.10266265336265,6.099286693641655,0,0
2020-09-04T19:00:00Z,26.989984130859398,643.7760009765625,355.2699890136719,46.87869687159538,5.474056827807693,0,0
2020-09-04T20:00:00Z,26.900018310546898,540.59503173828125,355.2799987792969,46.64896766842988,4.889590977020639,0,0
2020-09-04T21:00:00Z,26.809991455078148,400.656005859375,344.1099853515625,46.41552195533987,4.344951037684162,0,0
2020-09-04T22:00:00Z,25.269982910156273,236.51800537109375,344.16998291015625,50.059520836379775,3.843982252073054,0,0
2020-09-04T23:00:00Z,23.719995117187523,61.40800476074219,344.239990234375,54.059042951505,3.3545192720317614,0,0
2020-09-05T00:00:00Z,22.170037841796898,0,308.3899841308594,58.41722493132406,2.8556784855372896,0,0
2020-09-05T01:00:00Z,20.329980468750023,0,308.4700012207031,61.84846860796111,3.0366099880988884,0,0
2020-09-05T02:00:00Z,18.480035400390648,0,308.54998779296875,65.38886651848445,3.4571953055452203,0,0
2020-09-05T03:00:00Z,16.640008544921898,0,299.3500061035156,68.91058271591164,4.0564147149309155,0,0
2020-09-05T04:00:00Z,15.840020751953148,0,299.3899841308594,70.92644739304909,3.9757514793164406,0,0
2020-09-05T05:00:00Z,15.049981689453148,0,299.41998291015625,72.93162649893964,3.8946629394305345,0,0
2020-09-05T06:00:00Z,14.260003662109398,0,291.1499938964844,74.97033353697024,3.8215441242636867,0,0
2020-09-05T07:00:00Z,13.679986572265648,0,291.17999267578125,75.96240491728727,3.598694149496881,0,0
2020-09-05T08:00:00Z,13.109979248046898,0,291.1999816894531,76.88078291210529,3.395055164231691,0,0
2020-09-05T09:00:00Z,12.529992675781273,0,287.04998779296875,77.816318828365,3.192005575185941,0,0
2020-09-05T10:00:00Z,13.420007324218773,0,287.0099792480469,76.70827061881774,2.8425692468829293,0,0
2020-09-05T11:00:00Z,14.309991455078148,65.69200134277344,286.9700012207031,75.49971431401136,2.569124297482377,0,0
2020-09-05T12:00:00Z,15.200036621093773,253.6400146484375,304.6499938964844,74.21388302052723,2.383212169770737,0,0
2020-09-05T13:00:00Z,17.140008544921898,410.6640319824219,304.5799865722656,67.11819570556831,2.556657980280779,0,0
2020-09-05T14:00:00Z,19.070001220703148,565.80804443359375,304.5099792480469,60.80892586670879,2.798660355708669,0,0
2020-09-05T15:00:00Z,21.010003662109398,678.7950439453125,326.92999267578125,55.11916128829171,3.093169809391855,0,0
2020-09-05T16:00:00Z,21.779992675781273,748.26904296875,326.8999938964844,53.77666430177543,3.5944958046763835,0,0
2020-09-05T17:00:00Z,22.559991455078148,773.31304931640625,326.8699951171875,52.419329076666685,4.216265997213083,0,0
2020-09-05T18:00:00Z,23.329980468750023,716.87506103515625,338.19000244140625,51.11294319268509,4.911873062158657,0,0
2020-09-05T19:00:00Z,23.489984130859398,647.93505859375,338.17999267578125,51.269133684251244,4.794162810653577,0,0
2020-09-05T20:00:00Z,23.649987792968773,543.09600830078125,338.16998291015625,51.415818049272865,4.686843029879197,0,0
2020-09-05T21:00:00Z,23.810021972656273,394.0490112304687,332.03997802734375,51.55775938576697,4.59064239550594,0,0
2020-09-05T22:00:00Z,22.019982910156273,230.53701782226565,332.1199951171875,56.03261117585786,4.210997388197997,0,0
2020-09-05T23:00:00Z,20.230035400390648,56.160003662109375,332.19000244140625,60.93372803925151,3.8332884297035257,0,0
2020-09-06T00:00:00Z,18.439996337890648,0,329.57000732421875,66.30033686558676,3.4629611118533457,0,0
2020-09-06T01:00:00Z,17.769982910156273,0,329.6000061035156,69.41525572182275,3.4116270976123926,0,0
2020-09-06T02:00:00Z,17.100000000000023,0,329.6199951171875,72.69067443462751,3.378431419738999,0,0
2020-09-06T03:00:00Z,16.440026855468773,0,330.3999938964844,76.08648556154675,3.368233953664947,0,0
2020-09-06T04:00:00Z,15.980004882812523,0,330.41998291015625,76.5222104504837,3.136957118876146,0,0
2020-09-06T05:00:00Z,15.519982910156273,0,330.4499816894531,76.91959664685709,3.07561380697104,0,0
2020-09-06T06:00:00Z,15.060021972656273,0,328.8899841308594,77.2791171622075,3.1945263881464485,0,0
2020-09-06T07:00:00Z,14.909997558593773,0,328.8999938964844,78.19462187049314,3.041989470805368,1.9199998676776875e-4,0
2020-09-06T08:00:00Z,14.750024414062523,0,328.8999938964844,79.1741512062459,3.0150455201921202,0,0
2020-09-06T09:00:00Z,14.600000000000023,0,358.6499938964844,80.11045192151623,3.1216981217201014,3.83999990299344e-5,0
2020-09-06T10:00:00Z,15.189996337890648,0,358.6199951171875,79.14733511558345,2.5073690618897997,0,0
2020-09-06T11:00:00Z,15.790002441406273,34.832000732421875,358.5899963378906,78.10174581745838,1.9006577557868147,0,0
2020-09-06T12:00:00Z,16.379998779296898,157.74400329589844,378.8699951171875,77.08027103828704,1.3072872496247872,0,0
2020-09-06T13:00:00Z,18.010003662109398,256.4560241699219,378.78997802734375,71.51588717120657,1.2149484875634184,0,0
2020-09-06T14:00:00Z,19.640039062500023,353.8680114746094,378.7099914550781,66.37384452353814,1.4736349322344868,0,0
2020-09-06T15:00:00Z,21.269982910156273,635.53900146484375,359.25,61.628663606593754,1.941648718815099,0,0
2020-09-06T16:00:00Z,22.409997558593773,700.66802978515625,359.19000244140625,59.79150703989672,2.4749342966895402,0,0
2020-09-06T17:00:00Z,23.559991455078148,723.947021484375,359.1399841308594,57.91231394277235,3.1986245341587836,0,0
2020-09-06T18:00:00Z,24.700036621093773,703.572021484375,357.67999267578125,56.0734025602721,4.0109474270931464,0,0
2020-09-06T19:00:00Z,24.839990234375023,635.23602294921875,357.67999267578125,55.521294514537985,4.158665493839522,0,0
2020-09-06T20:00:00Z,24.980004882812523,531.47100830078125,357.66998291015625,54.975794462926345,4.3155996125045615,0,0
2020-09-06T21:00:00Z,25.120019531250023,367.5690307617187,365.3199768066406,54.436518424358155,4.492304459797036,0,0
2020-09-06T22:00:00Z,23.469995117187523,213.0510101318359,365.3899841308594,60.17054222207489,4.269297191417358,0,0
2020-09-06T23:00:00Z,21.829980468750023,48.33600234985352,365.4499816894531,66.54687833412532,4.048826938391594,0,0
2020-09-07T00:00:00Z,20.189996337890648,0,348.489990234375,73.6854899346061,3.8437610186287143,0,0
2020-09-07T01:00:00Z,19.269982910156273,0,348.53997802734375,76.13865844273147,3.7304824114324684,0,0
2020-09-07T02:00:00Z,18.350000000000023,0,348.5799865722656,78.64895867660023,3.631597371844461,0,0
2020-09-07T03:00:00Z,17.429986572265648,0,325.739990234375,81.21382050420121,3.548309426593711,0,0
2020-09-07T04:00:00Z,16.939996337890648,0,325.7599792480469,83.28278238954465,3.6051351393145756,0,0
2020-09-07T05:00:00Z,16.439996337890648,0,325.7799987792969,85.46623825251939,3.6531765669747407,0,0
2020-09-07T06:00:00Z,15.950006103515648,0,317.41998291015625,87.6554994647409,3.701377940432186,0,0
2020-09-07T07:00:00Z,15.790002441406273,0,317.41998291015625,89.137878133835,3.8700128054339613,0,0
2020-09-07T08:00:00Z,15.619989013671898,0,317.42999267578125,90.69743880358918,4.048357653025898,0,0
2020-09-07T09:00:00Z,15.459985351562523,0,317.1199951171875,92.22398235461505,4.254409264283215,0,0
2020-09-07T10:00:00Z,16.170007324218773,0,317.0799865722656,91.41191937969634,4.255690101773224,0,0
2020-09-07T11:00:00Z,16.879998779296898,58.846004486083984,317.04998779296875,90.50978476343552,4.256994037097992,0,0
2020-09-07T12:00:00Z,17.590020751953148,240.52000427246097,341.9100036621094,89.52378844739415,4.24841150467367,0,0
2020-09-07T13:00:00Z,19.570031738281273,392.6800231933594,341.80999755859375,84.37231846486522,5.045711011631918,0,0
2020-09-07T14:00:00Z,21.549981689453148,542.64501953125,341.7200012207031,79.3157717050849,5.860690742187312,0,0
2020-09-07T15:00:00Z,23.529992675781273,655.13604736328125,366.44000244140625,74.41154338173587,6.703804945412042,0,0
2020-09-07T16:00:00Z,24.379998779296898,722.363037109375,366.4100036621094,70.40228282875871,7.02257050606482,0,0
2020-09-07T17:00:00Z,25.230004882812523,746.1810302734375,366.3699951171875,66.63011408764694,7.3414575445614485,0,0
2020-09-07T18:00:00Z,26.070001220703148,674.26104736328125,376.7699890136719,63.117208604711514,7.670436600564537,0,0
2020-09-07T19:00:00Z,26.050042724609398,608.1180419921875,376.7699890136719,63.75295011289306,7.5579097245804165,0,0
2020-09-07T20:00:00Z,26.029992675781273,507.8460388183594,376.7699890136719,64.3924668656065,7.447549532405161,0,0
2020-09-07T21:00:00Z,26.010003662109398,360.1310119628906,364.78997802734375,65.03094157551773,7.350442104667156,0,0
2020-09-07T22:00:00Z,24.299981689453148,206.72401428222656,364.8599853515625,71.0581254666809,6.270326961744957,0,0
2020-09-07T23:00:00Z,22.600000000000023,43.24800109863281,364.94000244140625,77.67359929275352,5.182200168211586,0,0
2020-09-08T00:00:00Z,20.899987792968773,0,341.17999267578125,84.98652193225895,4.105569333578733,0,0
2020-09-08T01:00:00Z,20.159997558593773,0,341.2099914550781,86.50402191746586,3.8702066577519583,0,0
2020-09-08T02:00:00Z,19.420037841796898,0,341.25,87.9871095804094,3.6402197156345504,0,0
2020-09-08T03:00:00Z,18.679986572265648,0,352.6399841308594,89.43213166453212,3.4221776004509095,0,0
2020-09-08T04:00:00Z,18.439996337890648,0,352.6499938964844,90.30543937920878,3.2673076417379985,0,0
2020-09-08T05:00:00Z,18.209985351562523,0,352.6600036621094,91.12768078502593,3.1145142709090057,0,0
2020-09-08T06:00:00Z,17.980004882812523,0,342.8999938964844,91.95599234626883,2.9843927701890367,0,0
2020-09-08T07:00:00Z,17.580041503906273,0,342.91998291015625,92.04498920091937,2.8968948788254028,0,0
2020-09-08T08:00:00Z,17.179986572265648,0,342.94000244140625,92.08252531147104,2.8577088127702233,0,0
2020-09-08T09:00:00Z,16.790002441406273,0,331.07000732421875,92.00802208883928,2.854487599423273,0,0
2020-09-08T10:00:00Z,17.630029296875023,0,331.0299987792969,90.9390302237612,2.798731833395154,0,0
2020-09-08T11:00:00Z,18.470025634765648,56.3640022277832,330.989990234375,89.75830676733106,2.7725259694877376,0,0
2020-09-08T12:00:00Z,19.309991455078148,236.7840118408203,349.16998291015625,88.48801457805544,2.7575342462245245,0,0
2020-09-08T13:00:00Z,21.200006103515648,388.2240295410156,349.0799865722656,81.16451379817337,2.7118443509102095,0,0
2020-09-08T14:00:00Z,23.079980468750023,537.31402587890625,349,74.53482656921614,2.6669270947564416,0,0
2020-09-08T15:00:00Z,24.969995117187523,650.7120361328125,375.53997802734375,68.44471063583731,2.626118702881441,0,0
2020-09-08T16:00:00Z,25.739984130859398,717.55401611328125,375.5099792480469,65.04061408352987,3.30151467096841,0,0
2020-09-08T17:00:00Z,26.520043945312523,741.02301025390625,375.4700012207031,61.78216282153351,4.011682798990818,0,0
2020-09-08T18:00:00Z,27.290002441406273,687.90802001953125,380.94000244140625,58.737625649129065,4.736887006999866,0,0
2020-09-08T19:00:00Z,27.340020751953148,619.76702880859375,380.9299926757813,58.96172719376139,4.815017886757441,0,0
2020-09-08T20:00:00Z,27.389978027343773,516.5830078125,380.9299926757813,59.18462025671057,4.950646231699332,0,0
2020-09-08T21:00:00Z,27.439996337890648,367.1770324707031,367.2799987792969,59.40501040053987,5.128508456272006,0,0
2020-09-08T22:00:00Z,25.619989013671898,208.6370086669922,367.3599853515625,65.2582519852586,4.67736023094647,0,0
2020-09-08T23:00:00Z,23.809991455078148,39.7920036315918,367.44000244140625,71.72551290893028,4.238596520217146,0,0
2020-09-09T00:00:00Z,21.990045166015648,0,347.4499816894531,78.96806866847324,3.791477304694792,0,0
2020-09-09T01:00:00Z,21.179986572265648,0,347.489990234375,80.28860420749999,3.421169248024461,0,0
2020-09-09T02:00:00Z,20.369989013671898,0,347.5299987792969,81.55400301061971,3.061323185995464,0,0
2020-09-09T03:00:00Z,19.570001220703148,0,337.6499938964844,82.70163181493655,2.7380650286995563,0,0
2020-09-09T04:00:00Z,19.230004882812523,0,337.6600036621094,82.72805137435157,2.405327277567463,0,0
2020-09-09T05:00:00Z,18.890039062500023,0,337.67999267578125,82.7204086975556,2.136773196504099,0,0
2020-09-09T06:00:00Z,18.559991455078148,0,330.4700012207031,82.62554283227195,1.95440528236207,0,0
2020-09-09T07:00:00Z,18.179986572265648,0,330.489990234375,83.3044794745199,2.0094277028696323,0,0
2020-09-09T08:00:00Z,17.809991455078148,0,330.5099792480469,83.92181164126636,2.077931608153112,0,0
2020-09-09T09:00:00Z,17.439996337890648,0,328.5199890136719,84.52507008671857,2.147300600091466,0,0
2020-09-09T10:00:00Z,18.189996337890648,0,328.489990234375,84.28168006397011,1.8405433953788004,0,0
2020-09-09T11:00:00Z,18.950036621093773,54.77800369262695,328.4499816894531,83.84750802354147,1.5337860973994522,0,0
2020-09-09T12:00:00Z,19.710046386718773,225.99200439453125,346.82000732421875,83.28823914698427,1.2270288926867863,0,0
2020-09-09T13:00:00Z,21.529992675781273,372.1600036621094,346.739990234375,78.4502590174992,1.4227437945625894,0,0
2020-09-09T14:00:00Z,23.350000000000023,515.87603759765625,346.6499938964844,73.79580877927805,1.6602710288211417,0,0
2020-09-09T15:00:00Z,25.160028076171898,623.1810302734375,374.8899841308594,69.38308863546773,1.9262917412722678,0,0
2020-09-09T16:00:00Z,26.240045166015648,687.26702880859375,374.8399963378906,65.66909602386453,2.515889511949003,0,0
2020-09-09T17:00:00Z,27.320001220703148,709.572021484375,374.78997802734375,62.179236362969185,3.1072977938734967,0,0
2020-09-09T18:00:00Z,28.399987792968773,634.72802734375,386.7099914550781,58.894227735745815,3.7088541141626648,0,0
2020-09-09T19:00:00Z,28.450006103515648,571.21405029296875,386.7099914550781,59.07026119028826,3.5994026419360976,0,0
2020-09-09T20:00:00Z,28.510003662109398,475.1620178222656,386.6999816894531,59.211503540767616,3.5209089544372705,0,0
2020-09-09T21:00:00Z,28.570001220703148,376.6110229492187,372.3699951171875,59.35097785762649,3.4766936397172934,0,0
2020-09-09T22:00:00Z,26.739984130859398,211.77101135253903,372.4499816894531,65.09509835705711,3.587199424420093,0,0
2020-09-09T23:00:00Z,24.899987792968773,36.272003173828125,372.5299987792969,71.51428442759544,3.6928713912445255,0,0
2020-09-10T00:00:00Z,23.070001220703148,0,362.1000061035156,78.60510019165014,3.803208984551035,0,0
2020-09-10T01:00:00Z,22.309991455078148,0,362.1300048828125,82.33984426866567,3.417162430335081,0,0
2020-09-10T02:00:00Z,21.549981689453148,0,362.1600036621094,86.27129656169562,3.0800161574291836,0,0
2020-09-10T03:00:00Z,20.779992675781273,0,361.03997802734375,90.47103969366951,2.806314288101753,0,0
2020-09-10T04:00:00Z,20.519982910156273,0,361.05999755859375,90.92632147007471,2.6438228642588437,0,0
2020-09-10T05:00:00Z,20.249993896484398,0,361.0699768066406,91.4326194161445,2.4820153290043154,0,0
2020-09-10T06:00:00Z,19.989984130859398,0,370.7099914550781,91.8751377708079,2.341367036162054,0,0
2020-09-10T07:00:00Z,19.869989013671898,0,370.7200012207031,92.93901355133758,2.037964641757303,0,0
2020-09-10T08:00:00Z,19.749993896484398,0,370.7200012207031,94.01462055215697,1.7525125011428122,0,0
2020-09-10T09:00:00Z,19.619989013671898,0,392.3299865722656,95.16171286289793,1.4725827199048733,0.0016704000234603882,0
2020-09-10T10:00:00Z,20.209985351562523,0,392.2999877929687,94.21273343064726,1.3595954581205325,0,0
2020-09-10T11:00:00Z,20.799981689453148,27.400001525878903,392.2699890136719,93.21888381208623,1.3265368079403561,7.67999980598688e-5,0
2020-09-10T12:00:00Z,21.390008544921898,73.12000274658203,425.4299926757813,92.18604837458523,1.360147042109104,0,0
2020-09-10T13:00:00Z,21.650018310546898,120.9520034790039,425.4100036621094,92.1620215445593,1.3354400019766641,1.9199999514967202e-5,0
2020-09-10T14:00:00Z,21.920007324218773,167.92800903320313,425.3899841308594,92.05852674181476,1.6985287136477039,0.01992959976196289,0
2020-09-10T15:00:00Z,22.189996337890648,224.51101684570313,421.05999755859375,91.93699602902552,2.28464425070172,0.03571199798583984,0
2020-09-10T16:00:00Z,22.260003662109398,247.63900756835935,421.0499877929687,91.92661818403981,2.0896889336000504,0.008563199758529663,0
2020-09-10T17:00:00Z,22.339990234375023,255.60301208496097,421.0499877929687,91.86056622990158,2.1488833648898744,0.0046847999095916745,0
2020-09-10T18:00:00Z,22.409997558593773,272.2450256347656,414.94000244140625,91.84911631672169,2.4326322109816716,0.00606719970703125,0
2020-09-10T19:00:00Z,22.679986572265648,244.7320098876953,414.91998291015625,90.28306290118867,2.3717082451262845,0.0035712000131607057,0
2020-09-10T20:00:00Z,22.950036621093773,203.16900634765625,414.9100036621094,88.74659676283285,2.325446057815428,0,0
2020-09-10T21:00:00Z,23.219995117187523,277.48699951171875,388.9700012207031,87.2400688722548,2.294733043511175,0,0
2020-09-10T22:00:00Z,22.409997558593773,154.31800842285156,389.0099792480469,89.2113860200961,2.2053797334766068,0,0
2020-09-10T23:00:00Z,21.609979248046898,23.264001846313477,389.0499877929687,91.1248306545479,2.137755734498989,0,0
2020-09-11T00:00:00Z,20.809991455078148,0,366.9299926757813,93.0293385758939,2.1087674314211466,0,0
2020-09-11T01:00:00Z,20.480004882812523,0,366.9499816894531,94.32903676976402,1.9409533888277506,0,0
2020-09-11T02:00:00Z,20.159997558593773,0,366.9599914550781,95.58567128344356,2.1246174985011805,0,0
2020-09-11T03:00:00Z,19.839990234375023,0,362.1199951171875,96.86191298386353,2.5733441311748884,0,0
2020-09-11T04:00:00Z,19.679986572265648,0,362.1300048828125,96.57889502407056,2.3843867419792426,9.599999757483601e-6,0
2020-09-11T05:00:00Z,19.510003662109398,0,362.1399841308594,96.33977770131423,2.250155489486822,2.1119999885559074e-4,0
2020-09-11T06:00:00Z,19.350000000000023,0,358.16998291015625,96.02812430274469,2.1780036260427558,0,0
2020-09-11T07:00:00Z,19.059991455078148,0,358.19000244140625,95.95474335833057,2.3158799028215515,0,0
2020-09-11T08:00:00Z,18.769982910156273,0,358.2099914550781,95.85016139577955,2.613541691441167,0,0
2020-09-11T09:00:00Z,18.480004882812523,0,347.03997802734375,95.71343741353168,3.0169189812817185,0,0
2020-09-11T10:00:00Z,19.149987792968773,0,347.0099792480469,93.9384619486796,3.2733163594192987,0,0
2020-09-11T11:00:00Z,19.820001220703148,49.522003173828125,346.97998046875,92.16462431781376,3.538841589844307,0,0
2020-09-11T12:00:00Z,20.480035400390648,189.66400146484375,360.1600036621094,90.45459612604458,3.8113120526648054,0,0
2020-09-11T13:00:00Z,21.010003662109398,315.16802978515625,360.1499938964844,84.37005964201028,4.190047560597733,0,0
2020-09-11T14:00:00Z,21.529992675781273,438.259033203125,360.1300048828125,78.64666500598176,4.5921345418373045,0,0
2020-09-11T15:00:00Z,22.059991455078148,537.29302978515625,382.3899841308594,73.1646837851133,5.029532639754144,0,0
2020-09-11T16:00:00Z,22.420007324218773,592.666015625,382.3699951171875,71.50311149106162,4.671241542470631,0,0
2020-09-11T17:00:00Z,22.779992675781273,611.572021484375,382.3599853515625,69.88590602839322,4.317244566157479,0,0
2020-09-11T18:00:00Z,23.140008544921898,521.0550537109375,398.53997802734375,68.30777260097551,3.978190519238337,0,0
2020-09-11T19:00:00Z,22.890008544921898,467.85601806640625,398.5499877929687,69.5220007443391,3.954592175875579,0,0
2020-09-11T20:00:00Z,22.649987792968773,387.62103271484375,398.55999755859375,70.71533364458242,3.989836923569878,0,0
2020-09-11T21:00:00Z,22.399987792968773,289.239013671875,382.66998291015625,71.97751598716448,4.07613771419057,0,0
2020-09-11T22:00:00Z,21.070001220703148,159.03001403808594,382.72998046875,77.61912062898456,3.7337646667478523,0,0
2020-09-11T23:00:00Z,19.739984130859398,20.52800178527832,382.78997802734375,83.76455970117803,3.4202483203873566,0,0
2020-09-12T00:00:00Z,18.409997558593773,0,325.29998779296875,90.46722997723381,3.1761612220916735,0,0
2020-09-12T01:00:00Z,17.140039062500023,0,325.3599853515625,90.39152355127472,3.2565163483445865,0,0
2020-09-12T02:00:00Z,15.880029296875023,0,325.42999267578125,89.65491850124816,3.354772573315388,0,0
2020-09-12T03:00:00Z,14.609979248046898,0,294.44000244140625,88.25318617850827,3.4646932518444156,0,0
2020-09-12T04:00:00Z,13.809991455078148,0,294.4700012207031,88.98160936256907,3.3446223945914086,0,0
2020-09-12T05:00:00Z,13.010003662109398,0,294.5099792480469,89.55150977830701,3.2520915829840846,0,0
2020-09-12T06:00:00Z,12.200006103515648,0,286.1499938964844,90.01398108990522,3.1680908666063714,0,0
2020-09-12T07:00:00Z,11.760003662109398,0,286.16998291015625,89.75524117467596,2.9418700450225805,0,0
2020-09-12T08:00:00Z,11.320031738281273,0,286.1999816894531,89.41554978914127,2.804318003133721,0,0
2020-09-12T09:00:00Z,10.869989013671898,0,291.1499938964844,89.03469973353904,2.739415998106376,0,0
2020-09-12T10:00:00Z,11.559991455078148,0,291.1199951171875,88.23904827555558,2.8219495356401705,0,0
2020-09-12T11:00:00Z,12.239984130859398,49.48200225830078,291.0899963378906,87.4092213950935,2.9148069810595647,0,0
2020-09-12T12:00:00Z,12.920037841796898,232.99200439453125,300.6399841308594,86.50274515224491,3.0131709029683886,0,0
2020-09-12T13:00:00Z,14.550042724609398,388.96002197265625,300.5799865722656,78.64737686689769,3.446809949044892,0,0
2020-09-12T14:00:00Z,16.170007324218773,541.759033203125,300.5199890136719,71.6309355725706,3.920114632112518,0,0
2020-09-12T15:00:00Z,17.799981689453148,657.2900390625,316.8500061035156,65.27103883399838,4.418879796378534,0,0
2020-09-12T16:00:00Z,18.549981689453148,725.1180419921875,316.80999755859375,63.84555525418388,3.8038005744262167,0,0
2020-09-12T17:00:00Z,19.309991455078148,748.05206298828125,316.7799987792969,62.381602450928355,3.4011319670547877,0,0
2020-09-12T18:00:00Z,20.059991455078148,676.050048828125,333.7799987792969,60.9673189524475,3.2846612206337746,0,0
2020-09-12T19:00:00Z,20.189996337890648,606.31103515625,333.7699890136719,61.27040437096173,3.7143638550849403,0,0
2020-09-12T20:00:00Z,20.320001220703148,501.2850341796875,333.7599792480469,61.56226429608551,4.168704628807594,0,0
2020-09-12T21:00:00Z,20.450006103515648,344.4310302734375,349.6300048828125,61.8466914017627,4.639062355748167,0,0
2020-09-12T22:00:00Z,18.999993896484398,187.13400268554688,349.69000244140625,67.72824183454722,4.235858631419974,0,0
2020-09-12T23:00:00Z,17.549981689453148,19.90400123596191,349.75,74.24231845499003,3.8462967718960788,0,0
2020-09-13T00:00:00Z,16.089990234375023,0,297.92999267578125,81.51809606748147,3.467708017027044,0,0
2020-09-13T01:00:00Z,14.600000000000023,0,298,81.26310288537235,3.515238102707139,0,0
2020-09-13T02:00:00Z,13.100000000000023,0,298.0799865722656,80.2418153718936,3.5821780039969187,0,0
2020-09-13T03:00:00Z,11.609979248046898,0,280.2799987792969,78.15815168414937,3.646422801037616,0,0
2020-09-13T04:00:00Z,11.269982910156273,0,280.2900085449219,79.11340772685239,3.3918726581532366,0,0
2020-09-13T05:00:00Z,10.929986572265648,0,280.29998779296875,80.07893195569427,3.154124156878775,0,0
2020-09-13T06:00:00Z,10.589990234375023,0,286.32000732421875,81.04829114885919,2.930733691913281,0,0
2020-09-13T07:00:00Z,10.540002441406273,0,286.32000732421875,82.77219865586531,2.549215533447107,0,0
2020-09-13T08:00:00Z,10.489984130859398,0,286.32000732421875,84.51044933681474,2.2168670956148353,0,0
2020-09-13T09:00:00Z,10.439996337890648,0,296.2799987792969,86.26105573279278,1.944865033264729,0,0
2020-09-13T10:00:00Z,11.350000000000023,0,296.22998046875,87.98391122306067,2.242008012431458,0,0
2020-09-13T11:00:00Z,12.269982910156273,44.83000183105469,296.17999267578125,89.17093993596362,2.569435799931829,0,0
2020-09-13T12:00:00Z,13.189996337890648,224.7120056152344,322.5199890136719,89.93952246255948,2.91650469659028,0,0
2020-09-13T13:00:00Z,15.560021972656273,376.9280090332031,322.3999938964844,86.34671625593657,3.039605131887319,0,0
2020-09-13T14:00:00Z,17.929986572265648,525.85601806640625,322.28997802734375,82.12557326669025,3.556135472282082,0,0
2020-09-13T15:00:00Z,20.300042724609398,632.04302978515625,364.7599792480469,77.55290592443652,4.340472281749904,0,0
2020-09-13T16:00:00Z,21.790002441406273,697.322021484375,364.69000244140625,74.71034495640838,5.710218948108768,0,0
2020-09-13T17:00:00Z,23.279992675781273,719.19403076171875,364.6099853515625,71.81960999154977,7.170390144039158,0,0
2020-09-13T18:00:00Z,24.769982910156273,499.301025390625,403.19000244140625,68.91764610152515,8.667294814698945,0,0
2020-09-13T19:00:00Z,24.760003662109398,447.27301025390625,403.1799926757813,70.89380886172384,8.202200911515272,0,0
2020-09-13T20:00:00Z,24.760003662109398,369.0240173339844,403.16998291015625,72.82564531450025,7.75403098671463,0,0
2020-09-13T21:00:00Z,24.760003662109398,147.16500854492188,413.1499938964844,74.75789849816701,7.335536434590923,0,0
2020-09-13T22:00:00Z,23.679986572265648,78.96600341796875,413.19000244140625,80.71097189449488,6.220554285758047,7.104000002145765e-4,0
2020-09-13T23:00:00Z,22.600000000000023,6.496000289916992,413.239990234375,87.17030230746082,5.097783720924056,7.104000002145765e-4,0
2020-09-14T00:00:00Z,21.510003662109398,0,399.9599914550781,94.2432007104367,3.9808038761858304,7.104000002145765e-4,0
2020-09-14T01:00:00Z,20.880029296875023,0,400,94.94225938817954,3.8019072549816633,0,0
2020-09-14T02:00:00Z,20.249993896484398,0,400.03997802734375,95.56096668533712,3.7350366885005992,0,0
2020-09-14T03:00:00Z,19.609979248046898,0,366.5,96.15253274604734,3.7831864214337902,0,0
2020-09-14T04:00:00Z,19.129998779296898,0,366.5299987792969,96.11141998223748,3.6250517050903217,0,0
2020-09-14T05:00:00Z,18.640008544921898,0,366.55999755859375,96.04819513537244,3.613654534138822,0,0
2020-09-14T06:00:00Z,18.159997558593773,0,333.7599792480469,95.83475678128328,3.750333132569872,0,0
2020-09-14T07:00:00Z,17.700006103515648,0,333.78997802734375,95.67308861962273,3.440929925626336,0,0
2020-09-14T08:00:00Z,17.230004882812523,0,333.80999755859375,95.48408100938538,3.2305106150929994,0,0
2020-09-14T09:00:00Z,16.769982910156273,0,319.989990234375,95.13982113364925,3.1355540191998665,0,0
2020-09-14T10:00:00Z,17.309991455078148,0,319.9700012207031,93.18472941745041,3.2229800222655323,0,0
2020-09-14T11:00:00Z,17.860040283203148,45.04600143432617,319.94000244140625,91.20268609215749,3.450796922886061,0,0
2020-09-14T12:00:00Z,18.399987792968773,223.89601135253903,327.8500061035156,89.31864467109872,3.790844193400584,0,0
2020-09-14T13:00:00Z,19.390039062500023,377.3840026855469,327.82000732421875,79.82060439676226,4.786021012023772,0,0
2020-09-14T14:00:00Z,20.390008544921898,527.36004638671875,327.79998779296875,71.1364666681786,5.885142012708175,0,0
2020-09-14T15:00:00Z,21.379998779296898,645.029052734375,334.6300048828125,63.27854257888263,7.028776511872121,0,0
2020-09-14T16:00:00Z,21.739984130859398,711.7340087890625,334.6199951171875,60.13222281891899,7.040149113135256,0,0
2020-09-14T17:00:00Z,22.110040283203148,733.85003662109375,334.6199951171875,57.0600745402978,7.053601870335979,0,0
2020-09-14T18:00:00Z,22.469995117187523,645.87005615234375,347.69000244140625,54.13317687636915,7.0691222641769755,0,0
2020-09-14T19:00:00Z,22.019982910156273,577.87603759765625,347.7099914550781,54.90766588645507,6.939027081370614,0,0
2020-09-14T20:00:00Z,21.559991455078148,475.7320251464844,347.72998046875,55.722069528505514,6.837909041553443,0,0
2020-09-14T21:00:00Z,21.109979248046898,316.51202392578125,341.04998779296875,56.50665316335483,6.762839430718429,0,0
2020-09-14T22:00:00Z,19.249993896484398,167.6490020751953,341.1300048828125,62.45239476451042,5.999083051928988,0,0
2020-09-14T23:00:00Z,17.399987792968773,9.520000457763672,341.1999816894531,69.06661794367483,5.23607656615794,0,0
2020-09-15T00:00:00Z,15.540002441406273,0,283.17999267578125,76.53002075607368,4.476437975525302,0,0
2020-09-15T01:00:00Z,13.879998779296898,0,283.25,77.44838034347495,4.303765506708149,0,0
2020-09-15T02:00:00Z,12.219995117187523,0,283.3299865722656,77.6629929904451,4.13204561253167,0,0
2020-09-15T03:00:00Z,10.559991455078148,0,259.7799987792969,76.96864490828919,3.960807798109221,0,0
2020-09-15T04:00:00Z,9.630029296875023,0,259.82000732421875,78.457521474194,3.8703228694682936,0,0
2020-09-15T05:00:00Z,8.700006103515648,0,259.8599853515625,79.84611810395435,3.7938108199121072,0,0
2020-09-15T06:00:00Z,7.769982910156273,0,250.9499969482422,81.11335928889206,3.721316770868186,0,0
2020-09-15T07:00:00Z,7.109979248046898,0,250.97999572753903,81.87366785638837,3.682893004695932,0,0
2020-09-15T08:00:00Z,6.450036621093773,0,251.0099945068359,82.54041079138452,3.6571572500524696,0,0
2020-09-15T09:00:00Z,5.790002441406273,0,247.34999084472656,83.10539540014395,3.6251643466796573,0,0
2020-09-15T10:00:00Z,6.679986572265648,0,247.3199920654297,80.86037244510025,3.5539414522277077,0,0
2020-09-15T11:00:00Z,7.570001220703148,43.08000183105469,247.27999877929688,78.62009757275534,3.4786779461196264,0,0
2020-09-15T12:00:00Z,8.450006103515648,229.4400177001953,265.66998291015625,76.44202611489264,3.4077705536709,0,0
2020-09-15T13:00:00Z,10.600000000000023,388.64801025390625,265.6000061035156,69.2815525738509,3.2624099323236395,0,0
2020-09-15T14:00:00Z,12.749993896484398,544.03204345703125,265.5199890136719,62.79594138230172,3.295648549004986,0,0
2020-09-15T15:00:00Z,14.900018310546898,658.3330078125,288.80999755859375,56.935695658622834,3.484594552359851,0,0
2020-09-15T16:00:00Z,15.839990234375023,726.47601318359375,288.7799987792969,55.238038579598296,2.1215106048296155,0,0
2020-09-15T17:00:00Z,16.779992675781273,748.82501220703125,288.739990234375,53.56264796331186,0.7905693886539937,0,0
2020-09-15T18:00:00Z,17.730004882812523,690.80206298828125,300.2099914550781,51.87799083130328,0.6484597173354643,0,0
2020-09-15T19:00:00Z,17.969995117187523,617.32904052734375,300.1999816894531,52.505483121794455,1.03445632587206,0,0
2020-09-15T20:00:00Z,18.209985351562523,507.0920104980469,300.17999267578125,53.10208229382537,1.4233762776915224,0,0
2020-09-15T21:00:00Z,18.459985351562523,346.04901123046875,290.3399963378906,53.635275079826314,1.80936453918701,0,0
2020-09-15T22:00:00Z,16.589990234375023,180.82400512695313,290.4100036621094,57.856386989742155,2.229461708906512,0,0
2020-09-15T23:00:00Z,14.709985351562523,5.392000198364258,290.47998046875,62.4244760262329,2.6468282732481527,0,0
2020-09-16T00:00:00Z,12.839990234375023,0,273.5899963378906,67.26792087001286,3.0643268544933195,0,0
2020-09-16T01:00:00Z,11.869989013671898,0,273.6199951171875,70.8042071436054,3.1247400066558675,0,0
2020-09-16T02:00:00Z,10.899987792968773,0,273.6600036621094,74.55368816092206,3.1896080647777794,0,0
2020-09-16T03:00:00Z,9.920007324218773,0,272,78.57087337649746,3.253013848838154,0,0
2020-09-16T04:00:00Z,9.549981689453148,0,272.0099792480469,80.54316631456253,3.4071833937836407,0,0
2020-09-16T05:00:00Z,9.179986572265648,0,272.0299987792969,82.56916509090618,3.5752762170802264,0,0
2020-09-16T06:00:00Z,8.809991455078148,0,270.1600036621094,84.65551599533313,3.7725587356676775,0,0
2020-09-16T07:00:00Z,8.549981689453148,0,270.16998291015625,85.89563679401401,3.7190993266185126,0,0
2020-09-16T08:00:00Z,8.290002441406273,0,270.17999267578125,87.16339326079198,3.66960490389368,0,0
2020-09-16T09:00:00Z,8.040002441406273,0,268.75,88.38549168986894,3.611343107228128,0,0
2020-09-16T10:00:00Z,8.939996337890648,0,268.7099914550781,87.04984286382908,3.5089029278399524,0,0
2020-09-16T11:00:00Z,9.850030517578148,39.65800094604492,268.66998291015625,85.53597046538134,3.4142348250625676,0,0
2020-09-16T12:00:00Z,10.749993896484398,223.36001586914065,286.8599853515625,83.97735425725814,3.3280022818851025,0,0
2020-09-16T13:00:00Z,13.260003662109398,380.280029296875,286.7599792480469,77.1477760142227,4.152167918174236,0,0
2020-09-16T14:00:00Z,15.770043945312523,533.2320556640625,286.6600036621094,70.63819132336326,4.9906411813606235,0,0
2020-09-16T15:00:00Z,18.279992675781273,647.00701904296875,313.32000732421875,64.51779529936343,5.824156597720228,0,0
2020-09-16T16:00:00Z,19.409997558593773,714.0660400390625,313.2699890136719,61.78930510882031,6.711609242956731,0,0
2020-09-16T17:00:00Z,20.549981689453148,735.842041015625,313.22998046875,59.125925469707546,7.592555155096869,0,0
2020-09-16T18:00:00Z,21.679986572265648,676.498046875,322.8999938964844,56.60074795631431,8.483702037490785,0,0
2020-09-16T19:00:00Z,21.739984130859398,603.78900146484375,322.8999938964844,57.27504045992913,8.334950575381667,0,0
2020-09-16T20:00:00Z,21.799981689453148,494.8470153808594,322.8899841308594,57.9391098982907,8.20458976047805,0,0
2020-09-16T21:00:00Z,21.859979248046898,336.6610107421875,310.4499816894531,58.59874877169629,8.08272813594793,0,0
2020-09-16T22:00:00Z,19.959985351562523,173.4440155029297,310.5199890136719,64.82795952694958,7.325741976762587,0,0
2020-09-16T23:00:00Z,18.059991455078148,0.2080000042915344,310.5899963378906,71.81343261063138,6.562103279024195,0,0
2020-09-17T00:00:00Z,16.159997558593773,0,287.3399963378906,79.65853870590865,5.795187489781947,0,0
2020-09-17T01:00:00Z,15.299981689453148,0,287.3800048828125,81.03857904147661,5.472887530453191,0,0
2020-09-17T02:00:00Z,14.440026855468773,0,287.41998291015625,82.33972960312164,5.138170888046454,0,0
2020-09-17T03:00:00Z,13.579980468750023,0,286.72998046875,83.55041408212288,4.818765390571925,0,0
2020-09-17T04:00:00Z,13.219995117187523,0,286.75,84.8477204220582,4.548516074065087,0,0
2020-09-17T05:00:00Z,12.850000000000023,0,286.7599792480469,86.220443150926,4.284040029996783,0,0
2020-09-17T06:00:00Z,12.489984130859398,0,289.3699951171875,87.55632755649873,4.015283112573899,0,0
2020-09-17T07:00:00Z,12.309991455078148,0,289.3699951171875,88.22209256112217,3.891285061333642,0,0
2020-09-17T08:00:00Z,12.119989013671898,0,289.3800048828125,88.9479431194595,3.775844113035583,0,0
2020-09-17T09:00:00Z,11.940026855468773,0,292.3399963378906,89.62554315396389,3.6499999046325713,0,0
2020-09-17T10:00:00Z,12.730004882812523,0,292.30999755859375,88.99135268536888,3.7064536834379482,0,0
2020-09-17T11:00:00Z,13.519982910156273,38.47600173950195,292.2699890136719,88.21443610995033,3.7497331361547244,0,0
2020-09-17T12:00:00Z,14.320001220703148,207.79200744628903,318.25,87.25162833390432,3.8001708131847387,0,0
2020-09-17T13:00:00Z,16.640008544921898,355.61602783203125,318.1399841308594,81.60428864741404,3.7911079457601375,0,0
2020-09-17T14:00:00Z,18.969995117187523,499.52001953125,318.03997802734375,75.96381002107825,3.792729814691573,0,0
2020-09-17T15:00:00Z,21.300042724609398,593.8489990234375,348.489990234375,70.4949941527306,3.7901978108964864,0,0
2020-09-17T16:00:00Z,22.420007324218773,655.47100830078125,348.44000244140625,66.19426686296961,4.159062338091049,0,0
2020-09-17T17:00:00Z,23.540002441406273,675.25201416015625,348.3999938964844,62.186320957217504,4.576647177608658,0,0
2020-09-17T18:00:00Z,24.670007324218773,631.3280029296875,360.22998046875,58.41547469910835,5.029552662791493,0,0
2020-09-17T19:00:00Z,24.719995117187523,562.7650146484375,360.2200012207031,59.64799642689702,4.05123419588203,0,0
2020-09-17T20:00:00Z,24.769982910156273,460.16802978515625,360.2099914550781,60.87064910721415,3.1004838565104094,0,0
2020-09-17T21:00:00Z,24.820001220703148,338.5210266113281,357.8999938964844,62.08273493059217,2.2543513479861326,0,0
2020-09-17T22:00:00Z,23.429986572265648,171.8140106201172,357.9599914550781,66.0618479594795,2.240089293467278,0,0
2020-09-17T23:00:00Z,22.040032958984398,0,358.0299987792969,70.31468081517443,2.2464416403130922,0,0
2020-09-18T00:00:00Z,20.649987792968773,0,361.0199890136719,74.86289024978926,2.254284825405346,0,0
2020-09-18T01:00:00Z,19.739984130859398,0,361.05999755859375,78.6527000834567,1.3024975619137695,0,0
2020-09-18T02:00:00Z,18.829980468750023,0,361.1000061035156,82.66021148251713,0.36055511204825447,0,0
2020-09-18T03:00:00Z,17.920007324218773,0,346.75,86.89983660348977,0.5846366312559521,0,0
2020-09-18T04:00:00Z,17.269982910156273,0,346.78997802734375,88.38232615450643,1.1774548999588688,0,0
2020-09-18T05:00:00Z,16.609979248046898,0,346.82000732421875,89.91246319439577,1.8830825723400433,0,0
2020-09-18T06:00:00Z,15.959985351562523,0,337.67999267578125,91.36870802509014,2.6191027852601363,0,0
2020-09-18T07:00:00Z,15.540002441406273,0,337.6999816894531,92.89690454527909,3.2619779252381846,0,0
2020-09-18T08:00:00Z,15.119989013671898,0,337.7200012207031,94.44895161289601,3.9051887708845374,0,0
2020-09-18T09:00:00Z,14.700006103515648,0,363.8800048828125,96.02409870119568,4.549999831273006,3.83999990299344e-5,0
2020-09-18T10:00:00Z,14.799981689453148,0,363.8800048828125,94.76843628746975,4.888568009705548,0,0
2020-09-18T11:00:00Z,14.910028076171898,14.696001052856444,363.8800048828125,93.46435994029403,5.243815199763789,1.1999999731779096e-4,0
2020-09-18T12:00:00Z,15.010003662109398,117.68800354003906,363.1099853515625,92.23654780857215,5.608466600281066,0,0
2020-09-18T13:00:00Z,15.369989013671898,202.49600219726565,363.1099853515625,86.01413131422315,6.114646325227421,0,0
2020-09-18T14:00:00Z,15.730004882812523,284.9440002441406,363.1000061035156,80.03280744646294,6.631930043678123,0,0
2020-09-18T15:00:00Z,16.089990234375023,414.009033203125,361.2200012207031,74.28794237525891,7.160628316092226,0,0
2020-09-18T16:00:00Z,16.659997558593773,457.02203369140625,361.1999816894531,70.45741343919488,7.062081792112795,0,0
2020-09-18T17:00:00Z,17.230004882812523,470.6830139160156,361.1799926757813,66.8149726190743,6.963978756441103,0,0
2020-09-18T18:00:00Z,17.790002441406273,566.76300048828125,346.6600036621094,63.39532310587376,6.868835026028215,0,0
2020-09-18T19:00:00Z,17.609979248046898,504.5660095214844,346.67999267578125,61.16430735022977,6.877855757702468,0,0
2020-09-18T20:00:00Z,17.439996337890648,411.6310119628906,346.69000244140625,58.834219703094725,6.902933838417828,0,0
2020-09-18T21:00:00Z,17.260003662109398,293.33502197265625,325.9499816894531,56.48427225705219,6.960208385091148,0,0
2020-09-18T22:00:00Z,15.659997558593773,146.58399963378906,326.0199890136719,60.06114071864842,6.2170409050565745,0,0
2020-09-18T23:00:00Z,14.059991455078148,0,326.0899963378906,63.82290520815535,5.473910887601931,0,0
2020-09-19T00:00:00Z,12.459985351562523,0,303.25,67.76294207557639,4.721546393749567,0,0
2020-09-19T01:00:00Z,11.629998779296898,0,303.28997802734375,67.9372962179946,5.238024246827167,0,0
2020-09-19T02:00:00Z,10.799981689453148,0,303.3299865722656,67.9286371007419,5.763896301305619,0,0
2020-09-19T03:00:00Z,9.969995117187523,0,253.7899932861328,67.70616782846558,6.299269636082771,0,0
2020-09-19T04:00:00Z,8.769982910156273,0,253.8300018310547,69.86309703233876,5.690035034006469,0,0
2020-09-19T05:00:00Z,7.570001220703148,0,253.87998962402344,71.94135113395383,5.090893774535003,0,0
2020-09-19T06:00:00Z,6.379998779296898,0,237.97999572753903,73.86604395649405,4.505873943539115,0,0
2020-09-19T07:00:00Z,5.480004882812523,0,238.0099945068359,75.51521387454007,4.287889656844537,0,0
2020-09-19T08:00:00Z,4.579980468750023,0,238.0399932861328,77.09572840540216,4.059667188728537,0,0
2020-09-19T09:00:00Z,3.6799865722656477,0,232.4099884033203,78.58477005178018,3.842525135515261,0,0
2020-09-19T10:00:00Z,4.269982910156273,0,232.38999938964844,76.30875011617157,4.022797514661527,0,0
2020-09-19T11:00:00Z,4.859979248046898,33.836002349853516,232.3699951171875,74.10105680809156,4.220011638516309,0,0
2020-09-19T12:00:00Z,5.450006103515648,220.69601440429688,243.25,71.9622152076773,4.413275275210328,0,0
2020-09-19T13:00:00Z,7.390008544921898,381.8000183105469,243.1899871826172,62.814685448183376,4.962841756419898,0,0
2020-09-19T14:00:00Z,9.339990234375023,538.24005126953125,243.12998962402344,54.911664301584516,5.6075750324673335,0,0
2020-09-19T15:00:00Z,11.290002441406273,654.19903564453125,258.66998291015625,48.09683359397019,6.305965447016312,0,0
2020-09-19T16:00:00Z,12.189996337890648,722.2500610351564,258.6399841308594,47.02298317636524,5.610169001496939,0,0
2020-09-19T17:00:00Z,13.100030517578148,743.63104248046875,258.6000061035156,45.89532714795285,4.908003702747562,0,0
2020-09-19T18:00:00Z,13.999993896484398,685.23504638671875,264.8399963378906,44.78370980410619,4.217700474038433,0,0
2020-09-19T19:00:00Z,13.899987792968773,609.248046875,264.8500061035156,45.121036336226496,3.9721655038622727,0,0
2020-09-19T20:00:00Z,13.799981689453148,495.85003662109375,264.8500061035156,45.46176784536623,3.747332402006822,0,0
2020-09-19T21:00:00Z,13.700006103515648,329.8860168457031,258.4499816894531,45.805202545090005,3.5600561221099385,0,0
2020-09-19T22:00:00Z,11.649987792968773,162.19100952148438,258.5199890136719,50.81930025162089,3.56922956182062,0,0
2020-09-19T23:00:00Z,9.600000000000023,0,258.5899963378906,56.441598143315964,3.6242791838198847,0,0
2020-09-20T00:00:00Z,7.559991455078148,0,248.80999755859375,62.70141799280496,3.7010808644400783,0,0
2020-09-20T01:00:00Z,6.839990234375023,0,248.83999633789065,64.0779929248608,3.7558620469613975,0,0
2020-09-20T02:00:00Z,6.119989013671898,0,248.8699951171875,65.45139358869754,3.818717051412287,0,0
2020-09-20T03:00:00Z,5.399987792968773,0,246.02999877929688,66.81057356064436,3.8999102677757316,0,0
2020-09-20T04:00:00Z,4.920007324218773,0,246.0399932861328,68.59284213479704,3.806231567275545,0,0
2020-09-20T05:00:00Z,4.450006103515648,0,246.05999755859375,70.38020756480847,3.72022835299814,0,0
2020-09-20T06:00:00Z,3.9699951171875227,0,248.5699920654297,72.2718079499912,3.6323545093896397,0,0
2020-09-20T07:00:00Z,3.7000061035156477,0,248.58999633789065,71.69468717792306,3.4893122455543746,0,0
2020-09-20T08:00:00Z,3.4200073242187727,0,248.59999084472656,71.1167616660914,3.350059605480965,0,0
2020-09-20T09:00:00Z,3.1499877929687727,0,281.1300048828125,70.44575085989547,3.2070235380760717,0,0
2020-09-20T10:00:00Z,4.140039062500023,0,281.0899963378906,68.96603691477681,3.5262585575144625,0,0
2020-09-20T11:00:00Z,5.119989013671898,20.310001373291016,281.0400085449219,67.45028358137237,3.8437610186287143,0,0
2020-09-20T12:00:00Z,6.109979248046898,116.97600555419922,316.2599792480469,65.81360488767405,4.164540520587124,0,0
2020-09-20T13:00:00Z,7.920007324218773,203.50401306152344,316.17999267578125,59.884577723642174,4.569463669421808,0,0
2020-09-20T14:00:00Z,9.719995117187523,287.42401123046875,316.1099853515625,54.56685373978486,5.068224616107252,0,0
2020-09-20T15:00:00Z,11.520043945312523,566.967041015625,285.0299987792969,49.761333132190366,5.634687134114013,0,0
2020-09-20T16:00:00Z,12.239984130859398,626.01300048828125,285,47.32030653303084,5.5728090295035875,0,0
2020-09-20T17:00:00Z,12.950006103515648,644.35400390625,284.97998046875,45.03891523482762,5.529601908353092,0,0
2020-09-20T18:00:00Z,13.670007324218773,675.760009765625,267.7699890136719,42.846503527715626,5.5055060962868145,0,0
2020-09-20T19:00:00Z,13.730035400390648,600.050048828125,267.7699890136719,42.405303902752536,5.435301004565534,0,0
2020-09-20T20:00:00Z,13.799981689453148,487.16802978515625,267.7699890136719,41.93965899671176,5.372020215409022,0,0
2020-09-20T21:00:00Z,13.859979248046898,322.239013671875,260.47998046875,41.50023305605716,5.307447363169741,0,0
2020-09-20T22:00:00Z,11.579980468750023,155.7480010986328,260.55999755859375,47.35996711235173,4.872463292746464,0,0
2020-09-20T23:00:00Z,9.299981689453148,0,260.6300048828125,54.17452499808321,4.442994301601918,0,0
2020-09-21T00:00:00Z,7.019982910156273,0,241.6899871826172,62.107465800621924,4.029813779806977,0,0
2020-09-21T01:00:00Z,6.249993896484398,0,241.72000122070313,61.94719868126942,3.8803220285288087,0,0
2020-09-21T02:00:00Z,5.480004882812523,0,241.7599945068359,61.59264722809891,3.742859736897188,0,0
2020-09-21T03:00:00Z,4.709985351562523,0,235.42999267578125,61.0291105287211,3.618797934654473,0,0
2020-09-21T04:00:00Z,4.129998779296898,0,235.45999145507813,62.228806106024564,3.503854920622633,0,0
2020-09-21T05:00:00Z,3.5599914550781477,0,235.47999572753903,63.38287692114389,3.397675610018527,0,0
2020-09-21T06:00:00Z,2.9899841308593977,0,237.09999084472656,64.54041098415296,3.2893768116871533,0,0
2020-09-21T07:00:00Z,2.8599792480468977,0,237.09999084472656,66.19519562847009,3.35965762420562,0,0
2020-09-21T08:00:00Z,2.7300354003906477,0,237.09999084472656,67.87429599334791,3.4365680318997565,0,0
2020-09-21T09:00:00Z,2.6000000000000227,0,236.67999267578125,69.57864984356783,3.524088372489647,0,0
2020-09-21T10:00:00Z,3.6899963378906477,0,236.63999938964844,68.73130407654043,3.6549417879606576,0,0
2020-09-21T11:00:00Z,4.790002441406273,28.73000144958496,236.59999084472656,67.61524541134933,3.7781078023842576,0,0
2020-09-21T12:00:00Z,5.890039062500023,213.4080047607422,253.42999267578125,66.3227976581298,3.911636387217912,0,0
2020-09-21T13:00:00Z,8.589990234375023,373.416015625,253.33999633789065,59.84667408592865,4.184375553373227,0,0
2020-09-21T14:00:00Z,11.279992675781273,528.384033203125,253.239990234375,53.89331147253063,4.498622019167073,0,0
2020-09-21T15:00:00Z,13.980004882812523,642.7430419921875,273.44000244140625,48.401017497525466,4.836992834154097,0,0
2020-09-21T16:00:00Z,14.689996337890648,709.76904296875,273.4100036621094,46.99007900825217,4.268781837802642,0,0
2020-09-21T17:00:00Z,15.409997558593773,730.36102294921875,273.3899841308594,45.58192036723727,3.7232512609445996,0,0
2020-09-21T18:00:00Z,16.119989013671898,674.07904052734375,277.80999755859375,44.246212200339095,3.229427092884896,0,0
2020-09-21T19:00:00Z,16.230004882812523,597.74603271484375,277.80999755859375,43.29380758935195,3.046850837682139,0,0
2020-09-21T20:00:00Z,16.339990234375023,484.1090087890625,277.80999755859375,42.350886281143616,2.8702786416521207,0,0
2020-09-21T21:00:00Z,16.439996337890648,316.7140197753906,267.55999755859375,41.447531520337904,2.7020361475083168,0,0
2020-09-21T22:00:00Z,14.510003662109398,150.35101318359375,267.6300048828125,44.53393103494722,2.7097784504646762,0,0
2020-09-21T23:00:00Z,12.570001220703148,0,267.6999816894531,47.821061804499664,2.765863233747363,0,0
2020-09-22T00:00:00Z,10.640008544921898,0,251.26998901367188,51.23981497665143,2.8403696316456517,0,0
2020-09-22T01:00:00Z,9.779992675781273,0,251.29998779296875,52.78046996809587,2.858006219036927,0,0
2020-09-22T02:00:00Z,8.929986572265648,0,251.3300018310547,54.30356655789327,2.879878441112845,0,0
2020-09-22T03:00:00Z,8.079980468750023,0,244.6599884033203,55.84079000166506,2.9058905903559684,0,0
2020-09-22T04:00:00Z,7.619989013671898,0,244.67999267578125,56.663191024604394,2.7364208675898753,0,0
2020-09-22T05:00:00Z,7.159997558593773,0,244.6899871826172,57.48621214009462,2.562810827244706,0,0
2020-09-22T06:00:00Z,6.700006103515648,0,240.34999084472656,58.30295085275988,2.414994709115722,0,0
2020-09-22T07:00:00Z,5.799981689453148,0,240.37998962402344,61.53136189430183,2.675406485663292,0,0
2020-09-22T08:00:00Z,4.899987792968773,0,240.4099884033203,64.95593845016383,3.0186917909495223,0,0
2020-09-22T09:00:00Z,3.9899841308593977,0,240.1899871826172,68.65141212222895,3.416460003658301,0,0
2020-09-22T10:00:00Z,5.019982910156273,0,240.1499938964844,68.86320763653752,3.60611970275541,0,0
2020-09-22T11:00:00Z,6.049981689453148,26.36600112915039,240.11000061035156,68.73850590940067,3.8518696280631843,0,0
2020-09-22T12:00:00Z,7.070001220703148,208.97601318359375,263.9499816894531,68.37775890258548,4.135516884243637,0,0
2020-09-22T13:00:00Z,10.010003662109398,367.8240051269531,263.8399963378906,62.78404098562617,4.363782751336913,0,0
2020-09-22T14:00:00Z,12.939996337890648,521.4720458984375,263.72998046875,57.23236410219763,4.593081745520731,0,0
2020-09-22T15:00:00Z,15.879998779296898,633.84600830078125,289.66998291015625,51.8379622753158,4.827224867569855,0,0
2020-09-22T16:00:00Z,17.119989013671898,700.02301025390625,289.6300048828125,48.537257542392226,5.091659560435329,0,0
2020-09-22T17:00:00Z,18.359979248046898,720.114013671875,289.5799865722656,45.47001669065297,5.358099205002766,0,0
2020-09-22T18:00:00Z,19.600000000000023,658.08203125,302.0899963378906,42.61689924431684,5.6346957251020395,0,0
2020-09-22T19:00:00Z,19.799981689453148,582.77703857421875,302.07000732421875,43.38932222152858,5.493505066685554,0,0
2020-09-22T20:00:00Z,20.010003662109398,470.801025390625,302.05999755859375,44.10803362734653,5.403785444051196,0,0
2020-09-22T21:00:00Z,20.219995117187523,303.21600341796875,292.57000732421875,44.79951376526386,5.348093031475301,0,0
2020-09-22T22:00:00Z,17.950036621093773,141.24200439453125,292.6499938964844,51.08627545913686,4.958167310087902,0,0
2020-09-22T23:00:00Z,15.689996337890648,0,292.72998046875,58.345455065371155,4.6241106918246,0,0
2020-09-23T00:00:00Z,13.430047607421898,0,279.489990234375,66.78735757545891,4.368626530595689,0,0
2020-09-23T01:00:00Z,12.579980468750023,0,279.5299987792969,67.38418547653254,4.318020321715587,0,0
2020-09-23T02:00:00Z,11.730004882812523,0,279.55999755859375,67.85075575137043,4.278703039470496,0,0
2020-09-23T03:00:00Z,10.870019531250023,0,280.0099792480469,68.21634485082369,4.245491558793022,0,0
2020-09-23T04:00:00Z,10.640008544921898,0,280.0199890136719,69.12873220600073,4.282242379264547,0,0
2020-09-23T05:00:00Z,10.399987792968773,0,280.0299987792969,70.10319968570595,4.31040596145375,0,0
2020-09-23T06:00:00Z,10.170007324218773,0,281.29998779296875,71.04277232045243,4.344007324676241,0,0
2020-09-23T07:00:00Z,9.920007324218773,0,281.30999755859375,72.27941870518812,4.232930358259772,0,0
2020-09-23T08:00:00Z,9.670007324218773,0,281.32000732421875,73.54039182043238,4.1348879916370676,0,0
2020-09-23T09:00:00Z,9.429986572265648,0,285.79998779296875,74.77666117592526,4.068537620650382,0,0
2020-09-23T10:00:00Z,10.329980468750023,0,285.7599792480469,74.09820662021245,4.116916247239846,0,0
2020-09-23T11:00:00Z,11.230004882812523,22.38800048828125,285.7200012207031,73.26870944952988,4.183789965835036,0,0
2020-09-23T12:00:00Z,12.129998779296898,195.87200927734375,317.1000061035156,72.3067786486422,4.262405092899985,0,0
2020-09-23T13:00:00Z,14.799981689453148,346.864013671875,316.9700012207031,70.10725538299516,4.500244443167052,0,0
2020-09-23T14:00:00Z,17.470025634765648,492.7360229492187,316.8500061035156,66.94666295175442,4.765396035719453,0,0
2020-09-23T15:00:00Z,20.140008544921898,601.822021484375,348.1399841308594,63.22154440172311,5.055294229828502,0,0
2020-09-23T16:00:00Z,21.219995117187523,664.7650146484375,348.0899963378906,61.06933541715376,5.589498781959771,0,0
2020-09-23T17:00:00Z,22.299981689453148,683.6380615234375,348.03997802734375,58.95884714442064,6.13293545075426,0,0
2020-09-23T18:00:00Z,23.379998779296898,636.5050048828125,348.16998291015625,56.89198204565033,6.698014394379603,0,0
2020-09-23T19:00:00Z,23.570031738281273,562.89501953125,348.1600036621094,56.18432201204051,6.5598930527093025,0,0
2020-09-23T20:00:00Z,23.769982910156273,453.5770263671875,348.1499938964844,55.453202968821444,6.438540158371029,0,0
2020-09-23T21:00:00Z,23.960046386718773,288.9739990234375,329.32000732421875,54.76654139566567,6.32891769792769,0,0
2020-09-23T22:00:00Z,21.869989013671898,131.9770050048828,329.4100036621094,60.076878446755906,5.580770468108813,0,0
2020-09-23T23:00:00Z,19.769982910156273,0,329.5,65.9765664014254,4.846451985909946,0,0
2020-09-24T00:00:00Z,17.679986572265648,0,305.6499938964844,72.43973105947187,4.1199270243802,0,0
2020-09-24T01:00:00Z,16.799981689453148,0,305.69000244140625,73.31454768746096,3.9689419088747497,0,0
2020-09-24T02:00:00Z,15.920007324218773,0,305.72998046875,74.06910656530196,3.8057323268391623,0,0
2020-09-24T03:00:00Z,15.040002441406273,0,300.0899963378906,74.68942323088493,3.6529986579917635,0,0
2020-09-24T04:00:00Z,14.679986572265648,0,300.1099853515625,74.80367201375208,3.47496763249973,0,0
2020-09-24T05:00:00Z,14.320031738281273,0,300.1300048828125,74.88490169188466,3.4343265872490023,0,0
2020-09-24T06:00:00Z,13.959985351562523,0,297.9100036621094,74.92694580137267,3.522399730933853,0,0
2020-09-24T07:00:00Z,13.679986572265648,0,297.91998291015625,75.44391892770975,3.4524482157868355,0,0
2020-09-24T08:00:00Z,13.399987792968773,0,297.94000244140625,75.95721531986949,3.3828980419276484,0,0
2020-09-24T09:00:00Z,13.129998779296898,0,296.79998779296875,76.41409888584569,3.3129593449614587,0,0
2020-09-24T10:00:00Z,13.980004882812523,0,296.7599792480469,76.84150756774007,2.990468209775516,0,0
2020-09-24T11:00:00Z,14.839990234375023,21.330001831054688,296.7200012207031,76.97336276501646,2.728552585315981,0,0
2020-09-24T12:00:00Z,15.689996337890648,190.8000030517578,324.28997802734375,76.9467187256764,2.5333179145728595,0,0
2020-09-24T13:00:00Z,18.149987792968773,339.9840087890625,324.17999267578125,70.21851182237873,2.374973605059467,0,0
2020-09-24T14:00:00Z,20.609979248046898,483.93603515625,324.0799865722656,63.987914560537,2.363048773133677,0,0
2020-09-24T15:00:00Z,23.070001220703148,559.3470458984375,357.6199951171875,58.25167742137448,2.483646387752583,0,0
2020-09-24T16:00:00Z,23.910028076171898,617.91900634765625,357.5899963378906,55.81344795346903,3.079025870945158,0,0
2020-09-24T17:00:00Z,24.739984130859398,635.2750244140625,357.54998779296875,53.52121356284852,3.7660191030843353,0,0
2020-09-24T18:00:00Z,25.580041503906273,572.93304443359375,368.6999816894531,51.302186812057606,4.509600786463589,0,0
2020-09-24T19:00:00Z,25.640008544921898,505.968017578125,368.6999816894531,52.11414734686514,4.553965178166828,0,0
2020-09-24T20:00:00Z,25.700036621093773,406.6520080566406,368.69000244140625,52.91877518618667,4.612092619751697,0,0
2020-09-24T21:00:00Z,25.760003662109398,291.7250061035156,357.8899841308594,53.71624156392346,4.669742976126348,0,0
2020-09-24T22:00:00Z,23.850000000000023,130.46400451660156,357.9599914550781,60.29546892108168,4.321862870624816,0,0
2020-09-24T23:00:00Z,21.950036621093773,0,358.03997802734375,67.74341802944276,4.078480070711984,0,0
2020-09-25T00:00:00Z,20.049981689453148,0,322.2099914550781,76.23061422840574,3.9677826314238946,0,0
2020-09-25T01:00:00Z,18.809991455078148,0,322.2599792480469,77.68405607112014,3.795918746717262,0,0
2020-09-25T02:00:00Z,17.579980468750023,0,322.32000732421875,78.87188027499414,3.6584695017389204,0,0
2020-09-25T03:00:00Z,16.350000000000023,0,313.28997802734375,79.7925984418491,3.5571054263793775,0,0
2020-09-25T04:00:00Z,15.850030517578148,0,313.30999755859375,81.12284618824185,3.4630766763088374,0,0
2020-09-25T05:00:00Z,15.350000000000023,0,313.3299865722656,82.4674639472724,3.3666748149382957,0,0
2020-09-25T06:00:00Z,14.860040283203148,0,309.8800048828125,83.76573656360166,3.26999998967582,0,0
2020-09-25T07:00:00Z,14.609979248046898,0,309.8899841308594,83.79007633282427,2.981559994461323,0,0
2020-09-25T08:00:00Z,14.359979248046898,0,309.8999938964844,83.79660055779176,2.679272247526067,0,0
2020-09-25T09:00:00Z,14.110040283203148,0,306.8599853515625,83.77852497491624,2.3824776783925254,0,0
2020-09-25T10:00:00Z,14.649987792968773,0,306.8299865722656,84.31896411711556,1.9473314372703951,0,0
2020-09-25T11:00:00Z,15.200006103515648,17.668001174926758,306.79998779296875,84.68606964250895,1.508011857020314,0,0
2020-09-25T12:00:00Z,15.739984130859398,189.01600646972656,339.2200012207031,84.99011869682785,1.0781465445756924,0,0
2020-09-25T13:00:00Z,18.200006103515648,338.99200439453125,339.1000061035156,79.06237216137865,0.7998124329207068,0,0
2020-09-25T14:00:00Z,20.649987792968773,483.5040283203125,338.989990234375,73.28944080818134,0.5162363725761734,0,0
2020-09-25T15:00:00Z,23.110040283203148,595.17205810546875,369.8399963378906,67.67986075518728,0.24698177261994228,0,0
2020-09-25T16:00:00Z,23.950036621093773,657.59002685546875,369.7999877929687,64.15259776804047,1.0000499987478273,0,0
2020-09-25T17:00:00Z,24.790002441406273,675.864013671875,369.7699890136719,60.82775158910883,1.8686893937799105,0,0
2020-09-25T18:00:00Z,25.619989013671898,612.9310302734375,373.8500061035156,57.72782689790097,2.7464158738282314,0,0
2020-09-25T19:00:00Z,25.580041503906273,540.551025390625,373.8599853515625,57.89611763690779,3.1499363742033837,0,0
2020-09-25T20:00:00Z,25.529992675781273,433.2760314941406,373.8599853515625,58.1011377458537,3.551703768800896,0,0
2020-09-25T21:00:00Z,25.489984130859398,268.822021484375,354.05999755859375,58.27011654704438,3.9700504061217337,0,0
2020-09-25T22:00:00Z,23.480004882812523,117.60700225830078,354.1499938964844,64.8365746750172,4.001799595101717,0,0
2020-09-25T23:00:00Z,21.480035400390648,0,354.22998046875,72.20153984173858,4.035467487788019,0,0
2020-09-26T00:00:00Z,19.469995117187523,0,326.92999267578125,80.56969180642439,4.071817719010524,0,0
2020-09-26T01:00:00Z,18.459985351562523,0,326.97998046875,82.37316700583428,3.860906533552824,0,0
2020-09-26T02:00:00Z,17.450006103515648,0,327.0299987792969,84.09719454519654,3.6599725334252122,0,0
2020-09-26T03:00:00Z,16.429986572265648,0,316.16998291015625,85.77666896020794,3.45978303929168,0,0
2020-09-26T04:00:00Z,15.799981689453148,0,316.1999816894531,86.78112697538899,3.3999998934128706,0,0
2020-09-26T05:00:00Z,15.170007324218773,0,316.22998046875,87.73164248759329,3.364074882488079,0,0
2020-09-26T06:00:00Z,14.540002441406273,0,307.6000061035156,88.6271000309675,3.352014138831503,0,0
2020-09-26T07:00:00Z,14.100000000000023,0,307.6199951171875,88.95521279409496,3.308927218407731,0,0
2020-09-26T08:00:00Z,13.659997558593773,0,307.6399841308594,89.22998436196814,3.2775752527543838,0,0
2020-09-26T09:00:00Z,13.219995117187523,0,303.4700012207031,89.45958710853087,3.2485381340817088,0,0
2020-09-26T10:00:00Z,13.850000000000023,0,303.44000244140625,88.62189330864592,2.8202836609102975,0,0
2020-09-26T11:00:00Z,14.480004882812523,15.486001014709473,303.4100036621094,87.71974626900982,2.542833027465557,0,0
2020-09-26T12:00:00Z,15.109979248046898,186.05601501464844,330.4499816894531,86.76680209684784,2.4573358936272767,0.001411199927330017,0
2020-09-26T13:00:00Z,17.359979248046898,335.8960266113281,330.3500061035156,80.3559168535707,2.7875616895580784,0,0
2020-09-26T14:00:00Z,19.609979248046898,480.0960083007813,330.25,74.26017036799196,3.1567387001409077,0,0
2020-09-26T15:00:00Z,21.859979248046898,459.5360107421875,375.8299865722656,68.51014267268033,3.536240913068289,0,0
2020-09-26T16:00:00Z,22.140008544921898,507.81201171875,375.80999755859375,68.76225620641995,4.0707858597061,0,0
2020-09-26T17:00:00Z,22.420007324218773,521.76300048828125,375.78997802734375,68.98459241642136,4.610271275175117,0,0
2020-09-26T18:00:00Z,22.700036621093773,235.70701599121097,407.8299865722656,69.18059199739112,5.153503757772818,0,0
2020-09-26T19:00:00Z,22.200006103515648,207.59901428222656,407.8500061035156,72.98278428216494,4.960010118781362,0,0
2020-09-26T20:00:00Z,21.700006103515648,165.9550018310547,407.8699951171875,76.95894290878924,4.783021790438826,0,0
2020-09-26T21:00:00Z,21.200006103515648,129.9810028076172,397.3599853515625,81.12642709760054,4.613295906230958,0,0
2020-09-26T22:00:00Z,20.549981689453148,55.54500198364258,397.3899841308594,84.80489899257338,4.21626593105271,0,0
2020-09-26T23:00:00Z,19.890008544921898,0,397.41998291015625,88.71973375019411,3.8199606838874365,0,0
2020-09-27T00:00:00Z,19.230035400390648,0,397.94000244140625,92.8333263350239,3.4246312245728983,0,0
2020-09-27T01:00:00Z,19.010034179687523,0,397.9499816894531,94.4160139763663,3.2649655653698937,0,0
2020-09-27T02:00:00Z,18.790002441406273,0,397.9599914550781,96.02413316392456,3.11295674729988,0,0
2020-09-27T03:00:00Z,18.570031738281273,0,387.8500061035156,97.66245110902324,2.9697810228456554,0,0
2020-09-27T04:00:00Z,18.600030517578148,0,387.8500061035156,97.5834746478417,2.927695265593104,0,0
2020-09-27T05:00:00Z,18.619989013671898,0,387.8500061035156,97.56670199146431,2.8740563292757013,0,0
2020-09-27T06:00:00Z,18.640008544921898,0,394.8800048828125,97.55011167085229,2.8332313581927315,0,0
2020-09-27T07:00:00Z,18.589990234375023,0,394.8800048828125,97.82855489114523,2.67306927893812,0,0
2020-09-27T08:00:00Z,18.529992675781273,0,394.8800048828125,98.17268466065558,2.515313118398891,0,0
2020-09-27T09:00:00Z,18.469995117187523,0,389.9299926757813,98.51589642330293,2.350531779395551,0,0
2020-09-27T10:00:00Z,18.799981689453148,0,389.91998291015625,96.77989001674368,2.6926751131016755,0,0
2020-09-27T11:00:00Z,19.129998779296898,10.164000511169434,389.8999938964844,95.07956698179082,3.0438462972584417,0,0
2020-09-27T12:00:00Z,19.450006103515648,135.75601196289065,391.0199890136719,93.46715636608414,3.404115135887646,0,0
2020-09-27T13:00:00Z,20.739984130859398,246.76800537109375,390.9599914550781,88.9546724257004,3.600999817531193,0,0
2020-09-27T14:00:00Z,22.029992675781273,353.4560241699219,390.8899841308594,84.63344970930751,3.825140463618555,0,0
2020-09-27T15:00:00Z,23.320001220703148,444.8680114746094,414.1799926757813,80.50925624849076,4.090048575215607,0,0
2020-09-27T16:00:00Z,24.320001220703148,491.68701171875,414.1300048828125,76.01804408723277,4.6538801967832315,0,0
2020-09-27T17:00:00Z,25.320001220703148,505.0530090332031,414.0899963378906,71.80635199959188,5.211765345080795,0,0
2020-09-27T18:00:00Z,26.309991455078148,583.97601318359375,395.8299865722656,67.89596052838152,5.783424342352749,0,0
2020-09-27T19:00:00Z,26.510034179687523,513.529052734375,395.8199768066406,67.81952281230248,6.163148450923846,0,0
2020-09-27T20:00:00Z,26.700006103515648,409.39801025390625,395.80999755859375,67.77716356830756,6.556409137929107,0,0
2020-09-27T21:00:00Z,26.890008544921898,255.3970184326172,371.5299987792969,67.72724132689926,6.963942569130495,0,0
2020-09-27T22:00:00Z,25.359979248046898,106.48800659179688,371.6000061035156,73.7841509959943,6.534492760186875,0,0
2020-09-27T23:00:00Z,23.829980468750023,0,371.6600036621094,80.45524737740243,6.10737263951525,0,0
2020-09-28T00:00:00Z,22.299981689453148,0,377.30999755859375,87.81378260385125,5.670599354345726,0,0
2020-09-28T01:00:00Z,21.629998779296898,0,377.3500061035156,90.65459108121289,4.793349605191913,0,0
2020-09-28T02:00:00Z,20.959985351562523,0,377.3800048828125,93.59315132817852,3.922562822430861,0,0
2020-09-28T03:00:00Z,20.290002441406273,0,401.1199951171875,96.6369581450892,3.0628254455317734,0,0
2020-09-28T04:00:00Z,20.379998779296898,0,401.1099853515625,96.85175293994128,2.9248075622442595,4.799999669194199e-5,0
2020-09-28T05:00:00Z,20.470025634765648,0,401.1099853515625,97.06351975436209,2.806599392072389,0,0
2020-09-28T06:00:00Z,20.549981689453148,0,398.7200012207031,97.32826729508257,2.706011791185232,0.0029951999187469483,0
2020-09-28T07:00:00Z,20.399987792968773,0,398.72998046875,97.30348753871631,2.7859826398563325,0,0
2020-09-28T08:00:00Z,20.239984130859398,0,398.739990234375,97.33406178074843,2.8696515447471675,0.014150399208068848,0
2020-09-28T09:00:00Z,20.089990234375023,0,388.5299987792969,97.2969131766124,2.9567041448119444,0.009119999885559083,0
2020-09-28T10:00:00Z,19.959985351562523,0,388.5499877929687,95.98742278357172,2.802570201141706,0,0
2020-09-28T11:00:00Z,19.839990234375023,6.452000141143799,388.55999755859375,94.59123124649712,2.9099828131486074,9.599999757483601e-6,0
2020-09-28T12:00:00Z,19.709985351562523,121.5040054321289,394.19000244140625,93.22616628588992,3.2482916712319714,0.010569599390029905,0
2020-09-28T13:00:00Z,20.719995117187523,222.416015625,394.1399841308594,89.30961161121942,3.4115684476099815,0.0034943997859954836,0
2020-09-28T14:00:00Z,21.719995117187523,319.280029296875,394.0799865722656,85.61103293830713,3.6866379594949854,4.3199998140335064e-4,0
2020-09-28T15:00:00Z,22.719995117187523,562.18304443359375,368.2200012207031,82.06847905229345,4.045105767105769,0,0
2020-09-28T16:00:00Z,23.999993896484398,621.44000244140625,368.1799926757813,73.73624197519919,5.15513345873308,0,0
2020-09-28T17:00:00Z,25.279992675781273,638.154052734375,368.1300048828125,66.24484869198058,6.280031580024129,0,0
2020-09-28T18:00:00Z,26.559991455078148,589.447021484375,382.0199890136719,59.504654848451096,7.41269841109694,0,0
2020-09-28T19:00:00Z,26.499993896484398,517.60504150390625,382.0099792480469,60.70779589051652,7.612896608510723,0,0
2020-09-28T20:00:00Z,26.439996337890648,411.5040283203125,382.0099792480469,61.92057352851535,7.8130979198837585,0,0
2020-09-28T21:00:00Z,26.379998779296898,249.0480194091797,367.1099853515625,63.14142182481855,8.003599190203435,0,0
2020-09-28T22:00:00Z,24.929986572265648,101.16200256347656,367.1600036621094,69.34571088011825,7.430026746189686,0,0
2020-09-28T23:00:00Z,23.489984130859398,0,367.2200012207031,76.17839839858328,6.865311011113207,0,0
2020-09-29T00:00:00Z,22.040002441406273,0,351.7599792480469,83.80968998925839,6.3114577951749515,0,0
2020-09-29T01:00:00Z,21.239984130859398,0,351.78997802734375,86.87722376678165,5.843183757842771,0,0
2020-09-29T02:00:00Z,20.450006103515648,0,351.8299865722656,90.0098979075319,5.385164463574327,0,0
2020-09-29T03:00:00Z,19.650018310546898,0,344.1999816894531,93.31987968338606,4.917570403603055,0,0
2020-09-29T04:00:00Z,19.359979248046898,0,344.2099914550781,94.19179377709702,5.110978036545401,0,0
2020-09-29T05:00:00Z,19.059991455078148,0,344.2200012207031,95.12788486423585,5.34020591135694,0,0
2020-09-29T06:00:00Z,18.770043945312523,0,363.739990234375,96.00988859636293,5.601794070632082,0,0
2020-09-29T07:00:00Z,18.820001220703148,0,363.739990234375,95.8126523698238,5.487667835249763,0,0
2020-09-29T08:00:00Z,18.869989013671898,0,363.72998046875,95.61280284283664,5.377527280833175,0,0
2020-09-29T09:00:00Z,18.909997558593773,0,391.0499877929687,95.47687934450867,5.275395835488045,0,0
2020-09-29T10:00:00Z,19.129998779296898,0,391.03997802734375,94.92701766265203,5.329024339236274,0,0
2020-09-29T11:00:00Z,19.350000000000023,5.51300048828125,391.0299987792969,94.37588893852785,5.377620025742424,0,0
2020-09-29T12:00:00Z,19.570001220703148,167.74000549316406,370.16998291015625,93.82430847321878,5.436699022277318,0,0
2020-09-29T13:00:00Z,21.170007324218773,309.28802490234375,370.0899963378906,86.34683308416643,5.601579809637215,0,0
2020-09-29T14:00:00Z,22.779992675781273,444.97601318359375,370.0199890136719,79.48220642643184,5.813105825132747,0,0
2020-09-29T15:00:00Z,24.380029296875023,487.2900085449219,393.0699768066406,73.2653002873596,6.085162245437582,0,0
2020-09-29T16:00:00Z,24.899987792968773,538.76300048828125,393.0499877929687,70.06574728683984,6.665807917374742,0,0
2020-09-29T17:00:00Z,25.429986572265648,553.08905029296875,393.0299987792969,66.96099165717787,7.248309937637665,0,0
2020-09-29T18:00:00Z,25.950036621093773,352.0340270996094,411.6499938964844,64.03087170719347,7.832253767292636,7.391999959945678e-4,0
2020-09-29T19:00:00Z,25.559991455078148,308.6750183105469,411.6600036621094,66.19186971169648,7.361990124082198,0.0026399999856948856,0
2020-09-29T20:00:00Z,25.159997558593773,244.7100067138672,411.6799926757813,68.46413420957558,6.884910675416839,6.719999760389328e-5,0
2020-09-29T21:00:00Z,24.769982910156273,168.96701049804688,406.3500061035156,70.76981981919944,6.420630886362873,0.0011711999773979186,0
2020-09-29T22:00:00Z,23.770043945312523,66.75700378417969,406.3999938964844,75.51891817537198,5.613216203480214,9.599999757483601e-6,0
2020-09-29T23:00:00Z,22.769982910156273,0,406.44000244140625,80.62377928079309,4.821991003068856,5.375999808311463e-4,0
2020-09-30T00:00:00Z,21.769982910156273,0,392.30999755859375,86.10752562906987,4.058041410609014,0.13747199249267578,0
2020-09-30T01:00:00Z,20.859979248046898,0,392.3500061035156,89.93935901020335,4.030012372674715,0.05358720016479492,0
2020-09-30T02:00:00Z,19.950006103515648,0,392.3999938964844,93.95804290919521,4.1046558225619725,0.1367999954223633,0
2020-09-30T03:00:00Z,19.040002441406273,0,409.6300048828125,98.17930407209258,4.284448447011815,0.12416639328002929,0
2020-09-30T04:00:00Z,19.689996337890648,0,409.5899963378906,97.75139315795265,5.452641389597381,0.0575807991027832,0
2020-09-30T05:00:00Z,20.340020751953148,0,409.5499877929687,97.20507562529457,6.69672298687154,0.09708479690551758,0
2020-09-30T06:00:00Z,20.999993896484398,0,403.3800048828125,96.49195833907606,7.9644835486428045,0.029423998832702643,0
2020-09-30T07:00:00Z,21.239984130859398,0,403.3599853515625,96.69161031550692,7.585894631588595,0.13247039794921875,0
2020-09-30T08:00:00Z,21.480004882812523,0,403.3399963378906,96.85963958570706,7.460670249244417,0.4417055969238281,0
2020-09-30T09:00:00Z,21.730004882812523,0,397.3599853515625,96.93825182563025,7.618766289234351,0.06529919815063477,0
2020-09-30T10:00:00Z,20.530023193359398,0,397.4299926757813,96.57681275409351,7.106067884206832,0.012988799571990967,0
2020-09-30T11:00:00Z,19.329980468750023,4.284000396728516,397.5099792480469,95.60874282048681,7.465715116088703,0.013891199111938476,0
2020-09-30T12:00:00Z,18.129998779296898,77.84000396728516,373.8399963378906,93.9281967786794,8.57816385132377,0.007295999765396118,0
2020-09-30T13:00:00Z,17.329980468750023,144.60800170898438,373.9100036621094,88.82642990166457,8.700488486990945,0.008486399888992309,0
2020-09-30T14:00:00Z,16.529992675781273,208.5120086669922,373.9700012207031,82.9235557046663,8.90353874736758,0,0
2020-09-30T15:00:00Z,15.730004882812523,558.31805419921875,322.1399841308594,76.13865840526388,9.163601874279717,0,0
2020-09-30T16:00:00Z,16.779992675781273,617.406005859375,322.1099853515625,68.27091914735205,8.74364929433531,0,0
2020-09-30T17:00:00Z,17.839990234375023,633.65301513671875,322.0799865722656,61.10063529151314,8.341827783877559,0,0
2020-09-30T18:00:00Z,18.890008544921898,613.76904296875,310.67999267578125,54.639200875414524,7.975387071358248,0,0
2020-09-30T19:00:00Z,19.140039062500023,537.35400390625,310.66998291015625,53.74076265924949,7.902366448685565,0,0
2020-09-30T20:00:00Z,19.390039062500023,424.7970275878906,310.6600036621094,52.86043498314934,8.014112447998382,0,0
2020-09-30T21:00:00Z,19.629998779296898,250.760009765625,301.6300048828125,52.02656780686033,8.303167904962278,0,0
2020-09-30T22:00:00Z,18.059991455078148,96.19000244140624,301.69000244140625,57.8102909792137,7.668806711274792,0,0
2020-09-30T23:00:00Z,16.489984130859398,0,301.739990234375,64.30628534982553,7.052297365806229,0,0
2020-10-01T00:00:00Z,14.920007324218773,0,294.91998291015625,71.61762553327141,6.473831919910274,0,0
2020-10-01T01:00:00Z,14.409997558593773,0,294.92999267578125,73.35219980084936,6.69585689066565,0,0
2020-10-01T02:00:00Z,13.909997558593773,0,294.9499816894531,75.08022032884212,6.919920467018891,0,0
2020-10-01T03:00:00Z,13.409997558593773,0,311.69000244140625,76.85090656013531,7.145830884930458,0,0
2020-10-01T04:00:00Z,13.379998779296898,0,311.69000244140625,78.00513369460278,6.936526439476949,0,0
2020-10-01T05:00:00Z,13.350000000000023,0,311.69000244140625,79.16451366491032,6.743922911540525,0,0
2020-10-01T06:00:00Z,13.320001220703148,0,324.75,80.32994128104367,6.5463956720017435,0,0
2020-10-01T07:00:00Z,13.089990234375023,0,324.7599792480469,81.83668749522218,6.008934909871144,0,0
2020-10-01T08:00:00Z,12.860040283203148,0,324.7699890136719,83.37540080142313,5.485735778594068,0,0
2020-10-01T09:00:00Z,12.619989013671898,0,352.3500061035156,84.997365006436425,4.954714830124089,0,0
2020-10-01T10:00:00Z,13.230004882812523,0,352.32000732421875,83.72621069865198,4.739377659813652,0,0
2020-10-01T11:00:00Z,13.829980468750023,3.2720000743865967,352.28997802734375,82.49333056196002,4.574199451091134,0,0
2020-10-01T12:00:00Z,14.439996337890648,178.5600128173828,332.3800048828125,81.18956373966238,4.449325582050601,0,0
2020-10-01T13:00:00Z,16.269982910156273,334.280029296875,332.29998779296875,75.32448889141376,4.240624907187882,0,0
2020-10-01T14:00:00Z,18.089990234375023,465.2960205078125,332.2200012207031,69.90784075154144,4.146733609972125,0,0
2020-10-01T15:00:00Z,19.920007324218773,592.9620361328125,330.7099914550781,64.82591564320566,4.19218308508346,0,0
2020-10-01T16:00:00Z,20.649987792968773,658.6820068359375,330.69000244140625,59.99421842961669,4.379783023986047,0,0
2020-10-01T17:00:00Z,21.369989013671898,672.9510498046875,330.66998291015625,55.513250380055396,4.630010436707482,0,0
2020-10-01T18:00:00Z,22.100000000000023,628.46905517578125,327.6600036621094,51.29245910092605,4.939524162132217,0,0
2020-10-01T19:00:00Z,21.859979248046898,541.74102783203125,327.67999267578125,50.03718396175229,4.838646320187155,0,0
2020-10-01T20:00:00Z,21.629998779296898,429.4030151367187,327.6999816894531,48.70246045022372,4.748831336270505,0,0
2020-10-01T21:00:00Z,21.399987792968773,217.6840057373047,308.8299865722656,47.31795607696717,4.647590605440998,0,0
2020-10-01T22:00:00Z,19.510003662109398,80.92100524902344,308.8899841308594,52.89438636997294,4.322452938072949,0,0
2020-10-01T23:00:00Z,17.619989013671898,0,308.9599914550781,59.22170091075096,4.017411910149441,0,0
2020-10-02T00:00:00Z,15.730004882812523,0,297.2900085449219,66.41117700103565,3.7261374328665897,0,0
2020-10-02T01:00:00Z,15.290002441406273,0,297.32000732421875,65.72125701357855,2.6382570101658307,0,0
2020-10-02T02:00:00Z,14.850000000000023,0,297.3399963378906,64.94271609572398,2.01019890159313,0,0
2020-10-02T03:00:00Z,14.409997558593773,0,319.17999267578125,64.061666640683,2.2420079204460284,0,0
2020-10-02T04:00:00Z,14.100000000000023,0,319.1999816894531,65.52870535207055,2.274225096284536,0,0
2020-10-02T05:00:00Z,13.790002441406273,0,319.2099914550781,67.02638306779662,2.3110603070852087,0,0
2020-10-02T06:00:00Z,13.469995117187523,0,350.8500061035156,68.61066820131165,2.3522966554020295,0,0
2020-10-02T07:00:00Z,12.760003662109398,0,350.8699951171875,73.26984112866046,2.4307405269453537,0.004963199973106384,0
2020-10-02T08:00:00Z,12.040032958984398,0,350.8999938964844,78.29289929714976,2.5224194516647547,0.005491199970245361,0
2020-10-02T09:00:00Z,11.329980468750023,0,359.0699768066406,83.59634078841587,2.6107852896080894,0.0032831997871398924,0
2020-10-02T10:00:00Z,11.110040283203148,0,359.0699768066406,86.29154560710025,2.3208618045295575,0.005068799972534179,0
2020-10-02T11:00:00Z,10.899987792968773,0.9760000705718994,359.0799865722656,88.9905019637986,2.0663251547925676,0.006604799509048462,0
2020-10-02T12:00:00Z,10.679986572265648,36.540000915527344,360.3699951171875,91.8144087343031,1.8724314947291454,0.0048767999410629275,0
2020-10-02T13:00:00Z,10.920007324218773,68.9520034790039,360.3599853515625,91.26218400954168,1.8555860749553368,0.014198400020599366,0
2020-10-02T14:00:00Z,11.160028076171898,96.2080078125,360.3500061035156,90.70882630867584,1.965960254188845,0.010723199844360352,0
2020-10-02T15:00:00Z,11.390008544921898,290.3480224609375,348.5099792480469,90.21110985174981,2.201681113064557,0.007003199815750122,0
2020-10-02T16:00:00Z,12.540032958984398,322.60101318359375,348.4499816894531,85.30325851322343,2.5741018370502844,2.5919998437166203e-4,0
2020-10-02T17:00:00Z,13.689996337890648,329.4900207519531,348.3999938964844,80.68572445558242,2.9350297655354125,0,0
2020-10-02T18:00:00Z,14.839990234375023,591.60302734375,315.29998779296875,76.3290221745171,3.3064329673603816,0,0
2020-10-02T19:00:00Z,15.270043945312523,509.1880187988281,315.28997802734375,70.26769348876854,3.661966532126275,0,0
2020-10-02T20:00:00Z,15.710046386718773,402.4110107421875,315.28997802734375,64.44525564683147,4.206970500046264,0,0
2020-10-02T21:00:00Z,16.140008544921898,214.54200744628903,286.67999267578125,58.94164706846836,4.879518288948755,0,0
2020-10-02T22:00:00Z,14.749993896484398,77.12000274658203,286.72998046875,62.341367281344176,4.071915936736333,0,0
2020-10-02T23:00:00Z,13.359979248046898,0,286.7900085449219,65.90795864545682,3.264383541667879,0,0
2020-10-03T00:00:00Z,11.969995117187523,0,274.2799987792969,69.64999406568447,2.484552092472266,0,0
2020-10-03T01:00:00Z,11.579980468750023,0,274.29998779296875,70.54681770298431,2.1698155749525814,0,0
2020-10-03T02:00:00Z,11.189996337890648,0,274.30999755859375,71.44551810882288,1.8623104048370636,0,0
2020-10-03T03:00:00Z,10.799981689453148,0,269.69000244140625,72.3504115195711,1.558781524345546,0,0
2020-10-03T04:00:00Z,10.399987792968773,0,269.7099914550781,73.18214340533957,1.557080513136084,0,0
2020-10-03T05:00:00Z,10.010003662109398,0,269.7200012207031,73.9628661199589,1.5520631176069382,0,0
2020-10-03T06:00:00Z,9.609979248046898,0,264.66998291015625,74.78375600859538,1.5476756556380862,0,0
2020-10-03T07:00:00Z,8.929986572265648,0,264.69000244140625,77.12696571690427,1.9864540524395773,0,0
2020-10-03T08:00:00Z,8.260003662109398,0,264.7200012207031,79.49024326108592,2.4129856500353064,0,0
2020-10-03T09:00:00Z,7.579980468750023,0,261.07000732421875,81.97352491492987,2.8454349470107623,0,0
2020-10-03T10:00:00Z,7.980004882812523,0,261.04998779296875,83.75545990329067,2.647961353416153,0,0
2020-10-03T11:00:00Z,8.370019531250023,1.4820001125335691,261.0299987792969,85.45008635696415,2.4614222869805875,0,0
2020-10-03T12:00:00Z,8.769982910156273,152.78001403808594,282.1000061035156,86.94977355718025,2.2992390236202147,0,0
2020-10-03T13:00:00Z,10.620019531250023,290.7040100097656,282.0299987792969,79.51051682237784,2.294210048264913,0,0
2020-10-03T14:00:00Z,12.480035400390648,406.6240234375,281.9599914550781,72.69723636304303,2.3910248945281194,0,0
2020-10-03T15:00:00Z,14.330041503906273,594.614013671875,293.05999755859375,66.5499954800415,2.587991397341475,0,0
2020-10-03T16:00:00Z,15.239984130859398,660.80303955078125,293.0299987792969,60.892691270726665,2.5831182646184794,0,0
2020-10-03T17:00:00Z,16.159997558593773,674.759033203125,293.0099792480469,55.654431811586484,2.666476988038803,0,0
2020-10-03T18:00:00Z,17.079980468750023,623.196044921875,297.3999938964844,50.839410927045904,2.836564870566286,0,0
2020-10-03T19:00:00Z,16.939996337890648,535.572998046875,297.4100036621094,50.31686320860648,2.846225608600548,0,0
2020-10-03T20:00:00Z,16.809991455078148,421.9870300292969,297.4100036621094,49.75081061837658,2.8533839693313268,0,0
2020-10-03T21:00:00Z,16.670007324218773,209.5120086669922,287.9499816894531,49.203124502097054,2.861223503980034,0,0
2020-10-03T22:00:00Z,15.309991455078148,72.656005859375,288,52.016561828804036,2.4932707779945313,0,0
2020-10-03T23:00:00Z,13.950006103515648,0,288.04998779296875,54.98007250171299,2.1396494097221272,0,0
2020-10-04T00:00:00Z,12.589990234375023,0,274.7099914550781,58.09055625276834,1.7836198955930431,0,0
2020-10-04T01:00:00Z,11.560021972656273,0,274.75,60.58314190104655,1.3029965265371208,0,0
2020-10-04T02:00:00Z,10.540002441406273,0,274.7900085449219,63.12645303374509,1.53062076923943,0,0
2020-10-04T03:00:00Z,9.510003662109398,0,260.5,65.8026604497161,2.2568339111002156,0,0
2020-10-04T04:00:00Z,9.339990234375023,0,260.5099792480469,65.57853293043516,2.147300600091466,0,0
2020-10-04T05:00:00Z,9.170037841796898,0,260.5199890136719,65.33935806375136,2.035386925731559,0,0
2020-10-04T06:00:00Z,8.999993896484398,0,257.55999755859375,65.08821047207289,1.94537915108722,0,0
2020-10-04T07:00:00Z,8.420007324218773,0,257.5799865722656,67.10588395698535,1.941648718815099,0,0
2020-10-04T08:00:00Z,7.829980468750023,0,257.6000061035156,69.23392893717407,1.97496824287282,0,0
2020-10-04T09:00:00Z,7.249993896484398,0,257.41998291015625,71.38726543656827,2.037081164694861,0,0
2020-10-04T10:00:00Z,7.450006103515648,0,257.3999938964844,75.15322428819036,1.7601135755327615,0,0
2020-10-04T11:00:00Z,7.649987792968773,0,257.3800048828125,78.79872640424071,1.5074812957210626,0,0
2020-10-04T12:00:00Z,7.839990234375023,162.84400939941406,283.0099792480469,82.38727982585623,1.2671621493850613,0,0
2020-10-04T13:00:00Z,9.969995117187523,312.51202392578125,282.92999267578125,73.51146145687406,1.4983323158761792,0,0
2020-10-04T14:00:00Z,12.100000000000023,438.2240295410156,282.8500061035156,65.67802686864702,1.7913681540865802,0,0
2020-10-04T15:00:00Z,14.230035400390648,412.0420227050781,329.5,58.75840144678054,2.1053502313806574,0,0
2020-10-04T16:00:00Z,14.970025634765648,458.0120239257813,329.4599914550781,57.1067597593686,2.433433814687108,0,0
2020-10-04T17:00:00Z,15.709985351562523,467.5530090332031,329.42999267578125,55.491472389149784,2.9960640206544302,0,0
2020-10-04T18:00:00Z,16.450006103515648,331.1990051269531,350.5799865722656,53.912589619864896,3.6954159429995883,0,0
2020-10-04T19:00:00Z,16.460046386718773,284.1920166015625,350.57000732421875,55.33634909629283,3.4872624181676355,0,0
2020-10-04T20:00:00Z,16.480004882812523,223.24400329589844,350.57000732421875,56.71861222558763,3.2869439421359945,0,0
2020-10-04T21:00:00Z,16.489984130859398,138.45001220703125,339.5,58.135137386942446,3.0794966460710005,0,0
2020-10-04T22:00:00Z,15.369989013671898,46.19200134277344,339.53997802734375,63.177132170874344,2.9839904682503238,0,0
2020-10-04T23:00:00Z,14.260034179687523,0,339.5799865722656,68.64300865233844,2.881752804473922,0,0
2020-10-05T00:00:00Z,13.140008544921898,0,354.8500061035156,74.67184062058183,2.7955143160179676,0,0
2020-10-05T01:00:00Z,12.959985351562523,0,354.8599853515625,75.4230565656889,2.6001730460754633,0,0
2020-10-05T02:00:00Z,12.780023193359398,0,354.8699951171875,76.17793730104387,2.4828410081325067,0,0
2020-10-05T03:00:00Z,12.600000000000023,0,349.2599792480469,76.94797589933891,2.4707286744496737,0,0
2020-10-05T04:00:00Z,12.390008544921898,0,349.2699890136719,78.28767942842804,2.2031114924239974,0,0
2020-10-05T05:00:00Z,12.189996337890648,0,349.2799987792969,79.60171208804425,2.0376947372027665,0,0
2020-10-05T06:00:00Z,11.980035400390648,0,343.989990234375,80.9928216801672,2.0203959585418647,0,0
2020-10-05T07:00:00Z,11.749993896484398,0,343.989990234375,82.9767565248464,2.001424438169963,0,0
2020-10-05T08:00:00Z,11.529992675781273,0,344,84.95118002791376,2.038553349280341,0,0
2020-10-05T09:00:00Z,11.299981689453148,0,331.44000244140625,87.02782868252945,2.1435017367819333,0,0
2020-10-05T10:00:00Z,11.469995117187523,0,331.42999267578125,88.1242803672372,1.8685019746213147,0,0
2020-10-05T11:00:00Z,11.629998779296898,0,331.41998291015625,89.25152876014417,1.5917600419315039,0,0
2020-10-05T12:00:00Z,11.799981689453148,122.58000946044922,331.5,90.28190549310649,1.3315028848935548,0,0
2020-10-05T13:00:00Z,13.149987792968773,237.3440093994141,331.44000244140625,85.29023498181681,1.4080126985213033,0,0
2020-10-05T14:00:00Z,14.510034179687523,333.6800231933594,331.3800048828125,80.51081545508934,1.5512897419968246,0,0
2020-10-05T15:00:00Z,15.860040283203148,511.1400146484375,337.2799987792969,76.04144138399525,1.7336665834080816,0,0
2020-10-05T16:00:00Z,16.779992675781273,568.302001953125,337.239990234375,71.07219893556753,1.5838244090744433,0,0
2020-10-05T17:00:00Z,17.689996337890648,580,337.2099914550781,66.49066703320452,2.030590976137694,0,0
2020-10-05T18:00:00Z,18.609979248046898,431.6610107421875,364.5299987792969,62.18743108088641,2.789587736827594,0,0
2020-10-05T19:00:00Z,18.469995117187523,369.8060302734375,364.53997802734375,63.05676985091155,2.6761911553047697,0,0
2020-10-05T20:00:00Z,18.320001220703148,289.6050109863281,364.53997802734375,63.98227795084313,2.681529471479954,0,0
2020-10-05T21:00:00Z,18.179986572265648,91.2030029296875,380.6000061035156,64.87822686737226,2.7951565360862873,0,0
2020-10-05T22:00:00Z,17.339990234375023,29.184001922607425,380.6300048828125,69.68307231769894,2.807169355172233,0,0
2020-10-05T23:00:00Z,16.499993896484398,0,380.66998291015625,74.84812840261266,2.8500700792064335,0,0
2020-10-06T00:00:00Z,15.670007324218773,0,367.6600036621094,80.35062778473512,2.9134857423661673,0,0
2020-10-06T01:00:00Z,15.119989013671898,0,367.69000244140625,82.95274182208678,2.7596014196011596,0,0
2020-10-06T02:00:00Z,14.570001220703148,0,367.7099914550781,85.6529546829924,2.596959675176157,0,0
2020-10-06T03:00:00Z,14.019982910156273,0,353.1999816894531,88.45520991343615,2.434029409414075,0,0
2020-10-06T04:00:00Z,13.779992675781273,0,353.2099914550781,89.90565455971388,2.6191982636369953,0,0
2020-10-06T05:00:00Z,13.540002441406273,0,353.2200012207031,91.38234864659212,2.823490744041753,0,0
2020-10-06T06:00:00Z,13.309991455078148,0,353.3599853515625,92.82830723514883,3.0430575227023557,0,0
2020-10-06T07:00:00Z,13.119989013671898,0,353.3599853515625,93.23894231628505,3.073271889968824,0,0
2020-10-06T08:00:00Z,12.939996337890648,0,353.3699951171875,93.59160532790402,3.0978217962797614,0,0
2020-10-06T09:00:00Z,12.760003662109398,0,352.8599853515625,93.93709833564118,3.1360005578893912,0,0
2020-10-06T10:00:00Z,12.929986572265648,0,352.8500061035156,92.71896733164598,3.414703368059927,0,0
2020-10-06T11:00:00Z,13.089990234375023,0,352.8399963378906,91.57646304832518,3.6971608915250957,0,0
2020-10-06T12:00:00Z,13.260003662109398,125.0320053100586,352.55999755859375,90.39461565134272,3.9904511118346355,0,0
2020-10-06T13:00:00Z,14.420007324218773,244.32000732421875,352.5099792480469,84.43996769811251,3.987229633373281,0,0
2020-10-06T14:00:00Z,15.570001220703148,344.416015625,352.4599914550781,78.97613705148278,3.9822102409132016,0,0
2020-10-06T15:00:00Z,16.730004882812523,452.801025390625,358.1999816894531,73.85655063787017,3.985423255972131,0,0
2020-10-06T16:00:00Z,17.390008544921898,503.572021484375,358.17999267578125,69.15951470155127,5.245845688588955,0,0
2020-10-06T17:00:00Z,18.050042724609398,513.81304931640625,358.1499938964844,64.74054112171778,6.541819414970668,0,0
2020-10-06T18:00:00Z,18.710046386718773,514.83404541015625,355.989990234375,60.58578052817092,7.87464895146559,0,0
2020-10-06T19:00:00Z,18.670007324218773,440.3790283203125,355.989990234375,59.6685782935745,7.763813555311002,0,0
2020-10-06T20:00:00Z,18.640039062500023,343.7840270996094,356,58.71282830095549,7.703778021367047,0,0
2020-10-06T21:00:00Z,18.609979248046898,163.7790069580078,350.47998046875,57.75736966939096,7.672352853099221,0,0
2020-10-06T22:00:00Z,17.519982910156273,50.112003326416016,350.5199890136719,62.21025326863252,7.155144803616549,0,0
2020-10-06T23:00:00Z,16.430047607421898,0,350.57000732421875,67.0433074431478,6.640481537397954,0,0
2020-10-07T00:00:00Z,15.340020751953148,0,319.79998779296875,72.29440848188042,6.124026239708939,0,0
2020-10-07T01:00:00Z,14.420037841796898,0,319.8399963378906,74.55182463549326,5.506005853650536,0,0
2020-10-07T02:00:00Z,13.490045166015648,0,319.8800048828125,76.89906527367778,4.886235688940734,0,0
2020-10-07T03:00:00Z,12.559991455078148,0,299.0799865722656,79.28522734104875,4.26075095439449,0,0
2020-10-07T04:00:00Z,12.450006103515648,0,299.0899963378906,79.96871100567331,4.684154106891984,0,0
2020-10-07T05:00:00Z,12.339990234375023,0,299.0899963378906,80.65771972769954,5.102205363452808,0,0
2020-10-07T06:00:00Z,12.239984130859398,0,327.53997802734375,81.29635040716322,5.522218450895925,0,0
2020-10-07T07:00:00Z,12.409997558593773,0,327.5299987792969,81.72939291101083,5.626508614089001,0,0
2020-10-07T08:00:00Z,12.579980468750023,0,327.5199890136719,82.14293648692285,5.718504889499891,0,0
2020-10-07T09:00:00Z,12.750024414062523,0,344.1399841308594,82.53856171934294,5.826027876690016,0,0
2020-10-07T10:00:00Z,13.209985351562523,0,344.1199951171875,80.9701099177039,5.532494707221372,0,0
2020-10-07T11:00:00Z,13.679986572265648,0,344.0899963378906,79.38262216772216,5.265738184767991,0,0
2020-10-07T12:00:00Z,14.149987792968773,156.04800415039065,323.69000244140625,77.82088788783939,4.999649939775966,0,0
2020-10-07T13:00:00Z,16.029992675781273,307.8320007324219,323.6099853515625,70.1389327070991,6.046461569109157,0,0
2020-10-07T14:00:00Z,17.909997558593773,435.1360168457031,323.53997802734375,63.29476509876483,7.086112827676498,0,0
2020-10-07T15:00:00Z,19.790002441406273,394.1200256347656,351.1199951171875,57.18931014131412,8.132957639251114,0,0
2020-10-07T16:00:00Z,18.459985351562523,438.4230346679687,351.17999267578125,62.01703375150546,8.243257667306326,0.003182399868965149,0
2020-10-07T17:00:00Z,17.120019531250023,447.218017578125,351.22998046875,67.34742531443486,8.508824611878607,0.003182399868965149,0
2020-10-07T18:00:00Z,15.779992675781273,278.44000244140625,376.69000244140625,73.19788526385571,8.925693331803402,0.003182399868965149,0
2020-10-07T19:00:00Z,16.959985351562523,237.80300903320313,376.6300048828125,70.0784759290485,9.118113822786349,0.007065600156784058,0
2020-10-07T20:00:00Z,18.130029296875023,185.0500030517578,376.5699768066406,67.10340569631151,9.305234667808053,0.007065600156784058,0
2020-10-07T21:00:00Z,19.299981689453148,120.69300842285156,350.8699951171875,64.2328358125342,9.498346711473038,0.007065600156784058,0
2020-10-07T22:00:00Z,18.180047607421898,35.18400192260742,350.92999267578125,63.283725224756004,8.830045259528202,0.005743199944496154,0
2020-10-07T23:00:00Z,17.059991455078148,0,351,61.85768537317566,8.965070627437498,0.005743199944496154,0
2020-10-08T00:00:00Z,15.929986572265648,0,317.3800048828125,59.920507866640094,9.871544823921607,0.005743199944496154,0
2020-10-08T01:00:00Z,14.640008544921898,0,317.44000244140625,63.65422802926918,9.574131435511315,0,0
2020-10-08T02:00:00Z,13.350000000000023,0,317.489990234375,67.63118845118755,9.273877199552404,0,0
2020-10-08T03:00:00Z,12.059991455078148,0,272.0199890136719,71.87158677499652,8.98385772451535,0,0
2020-10-08T04:00:00Z,11.239984130859398,0,272.05999755859375,74.14173527678659,7.948257366571167,0,0
2020-10-08T05:00:00Z,10.409997558593773,0,272.0899963378906,76.51296943237504,6.913240744830012,0,0
2020-10-08T06:00:00Z,9.589990234375023,0,260.97998046875,78.88537009907391,5.8791155336762175,0,0
2020-10-08T07:00:00Z,9.059991455078148,0,261,80.19149944203254,5.312410048748759,0,0
2020-10-08T08:00:00Z,8.519982910156273,0,261.0199890136719,81.55625188107821,4.764136900453771,0,0
2020-10-08T09:00:00Z,7.989984130859398,0,253.37998962402344,82.85986925920504,4.209049706342953,0,0
2020-10-08T10:00:00Z,8.249993896484398,0,253.37998962402344,81.9425622313632,4.465254663123145,0,0
2020-10-08T11:00:00Z,8.499993896484398,0,253.3699951171875,81.09209429762922,4.748262610068921,0,0
2020-10-08T12:00:00Z,8.749993896484398,168.0800018310547,255.37998962402344,80.24886049286589,5.044006302193585,0,0
2020-10-08T13:00:00Z,10.149987792968773,334.864013671875,255.33999633789065,69.03276400183458,5.9144990764375045,0,0
2020-10-08T14:00:00Z,11.540002441406273,474.6720275878906,255.29998779296875,59.29960171052122,6.809471089329812,0,0
2020-10-08T15:00:00Z,12.939996337890648,580.5570068359375,268.29998779296875,50.770366707497615,7.724331585332825,0,0
2020-10-08T16:00:00Z,13.450006103515648,646.02105712890625,268.2799987792969,49.4831383065411,7.981177659677002,0,0
2020-10-08T17:00:00Z,13.959985351562523,658.821044921875,268.2599792480469,48.22984776032851,8.24661131410312,0,0
2020-10-08T18:00:00Z,14.469995117187523,603.259033203125,277.41998291015625,47.013808678769244,8.499611404826144,0,0
2020-10-08T19:00:00Z,14.370019531250023,514.39703369140625,277.41998291015625,47.90326694247302,8.160796501284043,0,0
2020-10-08T20:00:00Z,14.269982910156273,399.0010070800781,277.41998291015625,48.801418879894214,7.818394770443551,0,0
2020-10-08T21:00:00Z,14.170007324218773,185.77700805664065,265.489990234375,49.70732895446096,7.479906034797385,0,0
2020-10-08T22:00:00Z,12.279992675781273,51.34400177001953,265.54998779296875,55.8263812429611,6.3074080593198625,0,0
2020-10-08T23:00:00Z,10.390008544921898,0,265.6099853515625,62.80834003681111,5.168848986802167,0,0
2020-10-09T00:00:00Z,8.499993896484398,0,257.6300048828125,70.78740374001308,4.092651890270428,0,0
2020-10-09T01:00:00Z,7.799981689453148,0,257.6499938964844,73.36738696033616,3.897204179089567,0,0
2020-10-09T02:00:00Z,7.100000000000023,0,257.67999267578125,76.05233756047568,3.712034518771975,0,0
2020-10-09T03:00:00Z,6.399987792968773,0,255.4499969482422,78.8354507406296,3.533893055403548,0,0
2020-10-09T04:00:00Z,6.140008544921898,0,255.45999145507813,79.29559754370084,3.3467745820696626,0,0
2020-10-09T05:00:00Z,5.890008544921898,0,255.47000122070313,79.6940929063174,3.2154935849754125,0,0
2020-10-09T06:00:00Z,5.629998779296898,0,261.4499816894531,80.13120490889654,3.1529350656821427,0,0
2020-10-09T07:00:00Z,5.529992675781273,0,261.4499816894531,80.11085766207138,2.9724904379678856,0,0
2020-10-09T08:00:00Z,5.439996337890648,0,261.4599914550781,80.02380639605835,2.9168646021319073,0,0
2020-10-09T09:00:00Z,5.339990234375023,0,255.3699951171875,79.99592283757774,2.9995499927372147,0,0
2020-10-09T10:00:00Z,5.829980468750023,0,255.34999084472656,81.06787149779063,2.941870024559172,0,0
2020-10-09T11:00:00Z,6.310021972656273,0,255.3199920654297,82.05171234780623,2.9031878375673883,0,0
2020-10-09T12:00:00Z,6.799981689453148,161.89601135253906,265.2599792480469,82.83752266525968,2.862953025209655,0,0
2020-10-09T13:00:00Z,9.299981689453148,325.87200927734375,265.16998291015625,71.32003511728416,3.0359511263507715,0,0
2020-10-09T14:00:00Z,11.799981689453148,463.2480163574219,265.0799865722656,61.568584961955125,3.1970767566187863,0,0
2020-10-09T15:00:00Z,14.299981689453148,571.30303955078125,286.5199890136719,53.2977966579645,3.3714683624371777,0,0
2020-10-09T16:00:00Z,15.390008544921898,635.91204833984375,286.47998046875,50.29280621828786,4.228779922073564,0,0
2020-10-09T17:00:00Z,16.489984130859398,648.37005615234375,286.44000244140625,47.44462454498803,5.09734245365525,0,0
2020-10-09T18:00:00Z,17.579980468750023,594.26605224609375,297.3500061035156,44.80302384693699,5.957692491668806,0,0
2020-10-09T19:00:00Z,17.649987792968773,505.9310302734375,297.3399963378906,46.19727844980402,5.9076980645599,0,0
2020-10-09T20:00:00Z,17.720025634765648,391.1590270996094,297.3299865722656,47.575742022020826,5.896184940120729,0,0
2020-10-09T21:00:00Z,17.800042724609398,175.41200256347656,293.25,48.90810417267002,5.9058782838460315,0,0
2020-10-09T22:00:00Z,16.040002441406273,45.76000213623047,293.30999755859375,55.319515773464154,5.515260278192058,0,0
2020-10-09T23:00:00Z,14.279992675781273,0,293.3699951171875,62.65493243066925,5.234166339962734,0,0
2020-10-10T00:00:00Z,12.519982910156273,0,291.72998046875,71.07189407287947,5.071262241261308,0,0
2020-10-10T01:00:00Z,12.119989013671898,0,291.739990234375,73.61698846529075,5.364363806938542,0,0
2020-10-10T02:00:00Z,11.720025634765648,0,291.7599792480469,76.24866158076284,5.670731760435048,0,0
2020-10-10T03:00:00Z,11.320001220703148,0,288.0400085449219,78.97868043132358,5.992002916213117,0,0
2020-10-10T04:00:00Z,11.350000000000023,0,288.0400085449219,78.97967214047817,6.634108657528995,0,0
2020-10-10T05:00:00Z,11.380029296875023,0,288.0400085449219,78.98320457705009,7.2904386181477445,0,0
2020-10-10T06:00:00Z,11.409997558593773,0,287.9700012207031,78.98192541318069,7.9469364226109285,0,0
2020-10-10T07:00:00Z,11.399987792968773,0,287.9700012207031,80.30901506532582,8.002811858617225,0,0
2020-10-10T08:00:00Z,11.390008544921898,0,287.9700012207031,81.63638131940054,8.072669780856092,0,0
2020-10-10T09:00:00Z,11.379998779296898,0,293.30999755859375,82.96333285002989,8.1344759326466,0,0
2020-10-10T10:00:00Z,11.629998779296898,0,293.2900085449219,83.90572324792578,8.048459148717798,0,0
2020-10-10T11:00:00Z,11.879998779296898,0,293.2799987792969,84.79098587022305,7.962443176497949,0,0
2020-10-10T12:00:00Z,12.129998779296898,152.75601196289065,310.5199890136719,85.62835876597273,7.868366696233741,0,0
2020-10-10T13:00:00Z,14.670037841796898,310.760009765625,310.4100036621094,76.96063964799663,7.986945247411381,0,0
2020-10-10T14:00:00Z,17.209985351562523,443.0880126953125,310.30999755859375,69.13878079442576,8.13528119070754,0,0
2020-10-10T15:00:00Z,19.740045166015648,548.779052734375,342.78997802734375,62.140179111717806,8.311780794440082,0,0
2020-10-10T16:00:00Z,21.390008544921898,611.031005859375,342.7099914550781,59.74513622464719,8.620469528850647,0,0
2020-10-10T17:00:00Z,23.040002441406273,622.86102294921875,342.6399841308594,57.284311062006324,8.930761189308335,0,0
2020-10-10T18:00:00Z,24.700006103515648,567.6190185546875,363.5699768066406,54.7560898422272,9.249832038158655,0,0
2020-10-10T19:00:00Z,24.650018310546898,482.4710083007813,363.5699768066406,56.608085637618565,9.419049811397864,0,0
2020-10-10T20:00:00Z,24.609979248046898,371.7830200195313,363.55999755859375,58.43567440932699,9.587830656235933,0,0
2020-10-10T21:00:00Z,24.559991455078148,161.79200744628906,350.6300048828125,60.30701015910127,9.776895886287761,0,0
2020-10-10T22:00:00Z,23.119989013671898,39.58400344848633,350.67999267578125,66.34557061060531,9.728247410264787,0,0
2020-10-10T23:00:00Z,21.689996337890648,0,350.739990234375,73.00394447086845,9.679612339154703,0,0
2020-10-11T00:00:00Z,20.249993896484398,0,334.17999267578125,80.45098631818402,9.630991247861354,0,0
2020-10-11T01:00:00Z,19.299981689453148,0,334.22998046875,82.59444629856613,8.124659831182877,0,0
2020-10-11T02:00:00Z,18.350030517578148,0,334.2699890136719,84.72573331732379,6.710066815027998,0,0
2020-10-11T03:00:00Z,17.390008544921898,0,326.75,86.88993869100192,5.492831681680249,0,0
2020-10-11T04:00:00Z,16.809991455078148,0,326.7799987792969,87.91795165954152,4.689018826722074,0,0
2020-10-11T05:00:00Z,16.230004882812523,0,326.80999755859375,88.91082084961175,3.9021659296557267,0,0
2020-10-11T06:00:00Z,15.640039062500023,0,313.69000244140625,89.92334851932083,3.119647421034406,0,0
2020-10-11T07:00:00Z,15.159997558593773,0,313.7099914550781,89.745668986237,2.810640439163304,0,0
2020-10-11T08:00:00Z,14.680047607421898,0,313.739990234375,89.47408454084433,2.7376083235886153,0,0
2020-10-11T09:00:00Z,14.209985351562523,0,349.5799865722656,89.04135064954882,2.9207190828131053,0,0
2020-10-11T10:00:00Z,14.730035400390648,0,349.55999755859375,87.4550778521977,2.722388517743718,0,0
2020-10-11T11:00:00Z,15.249993896484398,0,349.5299987792969,85.89087704530367,2.8524025279215923,0,0
2020-10-11T12:00:00Z,15.770043945312523,147.8000030517578,318.19000244140625,84.3470793883816,3.2615333719936612,0,0
2020-10-11T13:00:00Z,16.550042724609398,304.0400085449219,318.17999267578125,74.61912882597468,3.4839057123803405,0,0
2020-10-11T14:00:00Z,17.329980468750023,434.8160095214844,318.1600036621094,65.66622863435367,3.8839798935449323,0,0
2020-10-11T15:00:00Z,18.109979248046898,535.7010498046875,311.0199890136719,57.423132833731216,4.4293677770771875,0,0
2020-10-11T16:00:00Z,18.450006103515648,596.67205810546875,311.0099792480469,55.455361260976304,3.7694826721539996,0,0
2020-10-11T17:00:00Z,18.790002441406273,608.09405517578125,311,53.54689359137716,3.44307983235862,0,0
2020-10-11T18:00:00Z,19.129998779296898,534.76800537109375,331.5899963378906,51.69800718717035,3.533185502535859,0,0
2020-10-11T19:00:00Z,19.079980468750023,453.81402587890625,331.5899963378906,52.337743191632455,3.4011908247781166,0,0
2020-10-11T20:00:00Z,19.029992675781273,348.5450134277344,331.5899963378906,52.978484959896896,3.270244620083928,0,0
2020-10-11T21:00:00Z,18.969995117187523,175.9440155029297,337.44000244140625,53.659686712131204,3.1300637731333807,0,0
2020-10-11T22:00:00Z,17.629998779296898,40.112003326416016,337.489990234375,59.14734048535322,3.195387188213427,0,0
2020-10-11T23:00:00Z,16.279992675781273,0,337.54998779296875,65.28356155871192,3.3983818738572307,0,0
2020-10-12T00:00:00Z,14.939996337890648,0,337.1000061035156,72.06515566914725,3.724862299735765,0,0
2020-10-12T01:00:00Z,14.260003662109398,0,337.1300048828125,73.08047976347987,3.905303881222772,0,0
2020-10-12T02:00:00Z,13.579980468750023,0,337.1600036621094,74.05413805104742,4.112517452747914,0,0
2020-10-12T03:00:00Z,12.909997558593773,0,340.8500061035156,74.92685512678831,4.354595154877109,0,0
2020-10-12T04:00:00Z,12.359979248046898,0,340.8800048828125,76.61034476633913,4.222913808895377,0,0
2020-10-12T05:00:00Z,11.799981689453148,0,340.9100036621094,78.37736829193067,4.135407981903157,0,0
2020-10-12T06:00:00Z,11.249993896484398,0,339.69000244140625,80.12787951702862,4.091478626060506,0,0
2020-10-12T07:00:00Z,10.469995117187523,0,339.72998046875,83.10245120825701,4.3801827590216975,0.007631999731063843,0
2020-10-12T08:00:00Z,9.690026855468773,0,339.7599792480469,86.19039259033183,4.670042902647424,0.004924800038337707,0
2020-10-12T09:00:00Z,8.909997558593773,0,352.1000061035156,89.39633620933107,4.960816503129358,0.007180799961090088,0
2020-10-12T10:00:00Z,8.760003662109398,0,352.1099853515625,90.06275130940787,5.039017510813889,0.008995199918746949,0
2020-10-12T11:00:00Z,8.620019531250023,0,352.1199951171875,90.67290513185371,5.167678096158629,0.017030399322509767,0
2020-10-12T12:00:00Z,8.469995117187523,32.880001068115234,358.0799865722656,91.34881285356161,5.324096035142778,0.020639998912811278,0
2020-10-12T13:00:00Z,8.480035400390648,68.42400360107422,358.0799865722656,90.61128799480589,5.976570921896193,0.026169599533081053,0
2020-10-12T14:00:00Z,8.480004882812523,98.160003662109375,358.0899963378906,89.93612770572574,6.629056886478101,0.011894399642944337,0
2020-10-12T15:00:00Z,8.480004882812523,108.99600219726564,358.989990234375,89.26717241114108,7.2911795599373335,0.0020975999236106874,0
2020-10-12T16:00:00Z,8.850000000000023,121.43600463867188,358.9700012207031,88.09264721954844,7.127222148988175,8.928000032901764e-4,0
2020-10-12T17:00:00Z,9.219995117187523,123.73700714111328,358.9499816894531,86.93307315481094,6.9570823451826715,0,0
2020-10-12T18:00:00Z,9.589990234375023,151.72900390625,365.94000244140625,85.7751860689768,6.803418105141019,0,0
2020-10-12T19:00:00Z,9.840020751953148,128.56300354003906,365.9299926757813,85.56605812643222,6.86253588137948,0,0
2020-10-12T20:00:00Z,10.079980468750023,98.4070053100586,365.9100036621094,85.39398771513906,6.949424403389221,0,0
2020-10-12T21:00:00Z,10.329980468750023,52.59800338745117,367.22998046875,85.1519567778808,7.063058834631844,0,0
2020-10-12T22:00:00Z,10.290002441406273,11.088000297546388,367.22998046875,86.50459480460046,7.1475029793793485,0,0
2020-10-12T23:00:00Z,10.260034179687523,0,367.2200012207031,87.8064654027923,7.242444396136374,0,0
2020-10-13T00:00:00Z,10.230004882812523,0,364.5499877929687,89.10885976295158,7.339454735088345,0,0
2020-10-13T01:00:00Z,9.939996337890648,0,364.5699768066406,89.06340217842309,7.045707929304702,0,0
2020-10-13T02:00:00Z,9.640039062500023,0,364.5899963378906,89.0422004737999,6.7701182368052395,0,0
2020-10-13T03:00:00Z,9.350000000000023,0,365.8899841308594,88.93186017144461,6.496106434003292,0,0
2020-10-13T04:00:00Z,8.859979248046898,0,365.91998291015625,88.79595400400703,6.270510064418355,0,0
2020-10-13T05:00:00Z,8.369989013671898,0,365.9499816894531,88.55594310593362,6.073631546222047,0.03106079864501953,0
2020-10-13T06:00:00Z,7.879998779296898,0,362.9700012207031,88.21810909557621,5.921562310378403,0.03273599910736084,0
2020-10-13T07:00:00Z,7.969995117187523,0,362.9599914550781,89.04392516878022,5.661731115758001,0,0
2020-10-13T08:00:00Z,8.049981689453148,0,362.9599914550781,89.92134302627261,5.421752430927119,0.0013055999279022216,0
2020-10-13T09:00:00Z,8.140008544921898,0,365.7599792480469,90.71698450152778,5.1939966101828166,0.006283199787139893,0
2020-10-13T10:00:00Z,8.459985351562523,0,365.739990234375,91.08859057034779,4.939736951704877,0.14399519348144532,0
2020-10-13T11:00:00Z,8.779992675781273,0,365.7200012207031,91.40064748894082,4.685231947291966,0.033926399230957034,0
2020-10-13T12:00:00Z,9.100000000000023,43.66800308227539,370.739990234375,91.66291457382886,4.436304639456691,0.007459199666976929,0
2020-10-13T13:00:00Z,9.219995117187523,91.96800231933594,370.72998046875,90.99753011015595,4.505219116280355,2.3999998345971114e-5,0
2020-10-13T14:00:00Z,9.339990234375023,132.36801147460938,370.72998046875,90.33655399428619,4.6193612401687965,0.003062399983406067,0
2020-10-13T15:00:00Z,9.460046386718773,181.61900329589844,374.8399963378906,89.68162934864404,4.769612174712417,0.03831359767913818,0
2020-10-13T16:00:00Z,9.960046386718773,202.4420166015625,374.80999755859375,89.38455832201666,4.317059120260293,0.015633599281311035,0
2020-10-13T17:00:00Z,10.460046386718773,206.2370147705078,374.7799987792969,89.01600201371159,4.032914466038854,0,0
2020-10-13T18:00:00Z,10.950036621093773,240.50601196289065,370.3500061035156,88.63783886887073,3.953656344929663,3.83999990299344e-5,0
2020-10-13T19:00:00Z,11.270043945312523,203.44300842285156,370.3299865722656,87.84634987169345,3.957284231719993,0,0
2020-10-13T20:00:00Z,11.589990234375023,155.19200134277344,370.30999755859375,87.0479623487161,3.951404631448165,0,0
2020-10-13T21:00:00Z,11.920007324218773,104.71900177001952,347.78997802734375,86.188916361686,3.9473787067204738,0,0
2020-10-13T22:00:00Z,11.379998779296898,20.176000595092773,347.80999755859375,88.5973616047343,3.5000571423881235,0,0
2020-10-13T23:00:00Z,10.850000000000023,0,347.8399963378906,91.01752235169292,3.097256784184714,0,0
2020-10-14T00:00:00Z,10.320001220703148,0,329.41998291015625,93.50604222360714,2.7585502023254933,0,0
2020-10-14T01:00:00Z,9.959985351562523,0,329.42999267578125,95.10594773612398,2.8839208045679467,0,0
2020-10-14T02:00:00Z,9.600030517578148,0,329.4499816894531,96.7315232878276,3.032226944727482,0,0
2020-10-14T03:00:00Z,9.239984130859398,0,277.8999938964844,98.3909029831528,3.2036229399610057,0,0
2020-10-14T04:00:00Z,8.930047607421898,0,277.91998291015625,98.03446247571314,3.170425868504594,0,0
2020-10-14T05:00:00Z,8.619989013671898,0,277.92999267578125,97.63021889667968,3.20494927400388,0,0
2020-10-14T06:00:00Z,8.310021972656273,0,264.7900085449219,97.1611892231197,3.2967861494340407,0,0
2020-10-14T07:00:00Z,8.109979248046898,0,264.79998779296875,95.81057941440812,3.3761516784113312,0,0
2020-10-14T08:00:00Z,7.910028076171898,0,264.80999755859375,94.3954395936358,3.4640005163033796,0,0
2020-10-14T09:00:00Z,7.709985351562523,0,260.66998291015625,92.92398728684874,3.5461104055527475,0,0
2020-10-14T10:00:00Z,7.790002441406273,0,260.66998291015625,93.03606391922847,3.19832754809155,0,0
2020-10-14T11:00:00Z,7.879998779296898,0,260.66998291015625,93.08183614523671,2.8537694958936966,0,0
2020-10-14T12:00:00Z,7.959985351562523,144.052001953125,267.6000061035156,93.18548325392759,2.5357641653075014,0,0
2020-10-14T13:00:00Z,10.570001220703148,307.2080078125,267.5099792480469,81.90373117498571,2.2786179997625777,0,0
2020-10-14T14:00:00Z,13.170007324218773,443.6160278320313,267.4100036621094,72.12183631013845,2.2808989506871655,0,0
2020-10-14T15:00:00Z,15.769982910156273,551.29302978515625,292.489990234375,63.58474297270368,2.5419087621070724,0,0
2020-10-14T16:00:00Z,17.050042724609398,614.7340087890625,292.4499816894531,57.36598788485298,3.2378540720027518,0,0
2020-10-14T17:00:00Z,18.320001220703148,626.113037109375,292.4100036621094,51.808829154378635,3.936051246904526,0,0
2020-10-14T18:00:00Z,19.600000000000023,569.84100341796875,302.91998291015625,46.775507779343904,4.644566501698615,0,0
2020-10-14T19:00:00Z,19.529992675781273,481.2320251464844,302.92999267578125,46.443793338855194,4.141521472582337,0,0
2020-10-14T20:00:00Z,19.459985351562523,365.8020324707031,302.92999267578125,46.10714060258617,3.7811373753602258,0,0
2020-10-14T21:00:00Z,19.399987792968773,150.8260040283203,289.3399963378906,45.73701863125358,3.5809495512671923,0,0
2020-10-14T22:00:00Z,17.579980468750023,26.272001266479492,289.4100036621094,49.01304853173363,3.350537174973184,0,0
2020-10-14T23:00:00Z,15.770043945312523,0,289.47998046875,52.44573904794709,3.2281881902368714,0,0
2020-10-15T00:00:00Z,13.959985351562523,0,274.0199890136719,56.06185760383495,3.2262207218217682,0,0
2020-10-15T01:00:00Z,13.499993896484398,0,274.0400085449219,56.1908330862856,2.945929306405732,0,0
2020-10-15T02:00:00Z,13.029992675781273,0,274.05999755859375,56.31396802665559,2.7080065199014274,0,0
2020-10-15T03:00:00Z,12.559991455078148,0,276.1999816894531,56.39798338710501,2.5244602909965694,0,0
2020-10-15T04:00:00Z,11.939996337890648,0,276.2200012207031,59.37509271697126,2.8321192927451415,0,0
2020-10-15T05:00:00Z,11.330041503906273,0,276.239990234375,62.47215602541513,3.1715138548660105,0,0
2020-10-15T06:00:00Z,10.709985351562523,0,293.489990234375,65.78570350140073,3.542484878529305,0,0
2020-10-15T07:00:00Z,10.680047607421898,0,293.489990234375,67.99693613932703,3.6447220562115485,0,0
2020-10-15T08:00:00Z,10.659997558593773,0,293.47998046875,70.171791221593665,3.7958133037986475,0,0
2020-10-15T09:00:00Z,10.629998779296898,0,280.3800048828125,72.39262269437569,4.002624166398557,0,0
2020-10-15T10:00:00Z,10.859979248046898,0,280.3699951171875,73.82170546028773,4.388940760954746,0,0
2020-10-15T11:00:00Z,11.079980468750023,0,280.3500061035156,75.23921243403439,4.78026123207787,0,0
2020-10-15T12:00:00Z,11.309991455078148,137.91600036621094,289.1399841308594,76.54966508501069,5.193476734620305,0,0
2020-10-15T13:00:00Z,13.619989013671898,298,289.04998779296875,71.1047040941677,6.213219814960438,0,0
2020-10-15T14:00:00Z,15.920007324218773,431.7760314941406,288.9499816894531,65.86502546947956,7.244066326271505,0,0
2020-10-15T15:00:00Z,18.230035400390648,537.5050048828125,314.57000732421875,60.8098695032026,8.298071833178255,0,0
2020-10-15T16:00:00Z,19.450006103515648,599.5880126953125,314.5199890136719,58.29177211221435,9.075047748009212,0,0
2020-10-15T17:00:00Z,20.679986572265648,610.592041015625,314.4700012207031,55.81115900311182,9.855723547059693,0,0
2020-10-15T18:00:00Z,21.910028076171898,554.9520263671875,324.9100036621094,53.40870670248198,10.642048697514515,0,0
2020-10-15T19:00:00Z,21.730004882812523,467.8900146484375,324.9100036621094,55.014898431579965,9.974948811478603,0,0
2020-10-15T20:00:00Z,21.540032958984398,354.4100036621094,324.9100036621094,56.68625828726268,9.309806054653,0,0
2020-10-15T21:00:00Z,21.359979248046898,172.1400146484375,313.07000732421875,58.35395087201038,8.642875221417412,0,0
2020-10-15T22:00:00Z,19.670007324218773,26.656002044677734,313.1199951171875,65.29024766003333,7.574918954755616,0,0
2020-10-15T23:00:00Z,17.980004882812523,0,313.19000244140625,73.14243542473471,6.506919459952374,0,0
2020-10-16T00:00:00Z,16.290002441406273,0,305.8500061035156,82.04750638699653,5.441929672525614,0,0
2020-10-16T01:00:00Z,15.829980468750023,0,305.8699951171875,86.09782484468023,5.460412167028296,0,0
2020-10-16T02:00:00Z,15.359979248046898,0,305.8800048828125,90.39317016000082,5.479507127223763,0,0
2020-10-16T03:00:00Z,14.890008544921898,0,323.0099792480469,94.87625583581901,5.49920911043853,0,0
2020-10-16T04:00:00Z,14.920007324218773,0,323.0099792480469,95.57282550939779,5.096979458560008,0,0
2020-10-16T05:00:00Z,14.959985351562523,0,323,96.20062468365212,4.705879375124894,0,0
2020-10-16T06:00:00Z,14.989984130859398,0,361.2200012207031,96.88690210431282,4.309547501741503,0,0
2020-10-16T07:00:00Z,15.079980468750023,0,361.2200012207031,96.99521441048576,3.965047087876832,0,0
2020-10-16T08:00:00Z,15.159997558593773,0,361.2099914550781,97.16044596540256,3.630013650100744,0,0
2020-10-16T09:00:00Z,15.249993896484398,0,383.4499816894531,97.25827484831325,3.3080053930355393,0,0
2020-10-16T10:00:00Z,15.390039062500023,0,383.44000244140625,96.7584837089665,2.971884969203205,0,0
2020-10-16T11:00:00Z,15.529992675781273,0,383.4299926757813,96.25914263931638,2.7647060421692387,0,0
2020-10-16T12:00:00Z,15.670007324218773,52.58400344848633,376.2999877929687,95.76038666773681,2.7153084432558674,0,0
2020-10-16T13:00:00Z,15.829980468750023,115.1760025024414,376.2999877929687,93.13583469504957,1.725862041504312,0,0
2020-10-16T14:00:00Z,15.999993896484398,167.47201538085938,376.2999877929687,90.49575050157792,2.435261759915324,4.607999771833418e-4,0
2020-10-16T15:00:00Z,16.159997558593773,146.01600646972656,374.7999877929687,87.95920914592395,4.021703627627702,0.0015552000403404236,0
2020-10-16T16:00:00Z,15.329980468750023,162.9560089111328,374.8500061035156,89.59584411809446,4.328071089073478,0.019756799697875978,0
2020-10-16T17:00:00Z,14.490045166015648,165.9130096435547,374.8999938964844,91.22567927282813,4.642628402700911,0.028915200233459473,0
2020-10-16T18:00:00Z,13.649987792968773,148.99900817871094,367.9100036621094,92.78065778795973,4.95969742555787,0.07207679557800294,0
2020-10-16T19:00:00Z,13.219995117187523,125.42900848388672,367.9299926757813,92.45251631676634,4.988236099552634,0.062380800247192385,0
2020-10-16T20:00:00Z,12.790002441406273,94.6760025024414,367.9599914550781,92.03907930041304,5.018864105276641,0.040972798347473145,0
2020-10-16T21:00:00Z,12.350030517578148,49.93400192260742,359.9700012207031,91.58968842772477,5.055412768520154,0.014611199855804443,0
2020-10-16T22:00:00Z,11.909997558593773,6.7360005378723145,360,92.13739670104457,4.178253136449626,0.023731199741363524,0
2020-10-16T23:00:00Z,11.459985351562523,0,360.0299987792969,92.70524841401416,3.3112686284003146,0.02467199993133545,0
2020-10-17T00:00:00Z,11.010003662109398,0,347.3800048828125,93.22194459195447,2.4418026831653483,0.011375999450683594,0
2020-10-17T01:00:00Z,10.340020751953148,0,347.41998291015625,92.39704205806555,2.8324018244887914,0.006681600093841553,0
2020-10-17T02:00:00Z,9.670007324218773,0,347.4700012207031,91.31870352228532,3.295147937122209,1.1999999172985554e-5,0
2020-10-17T03:00:00Z,8.999993896484398,0,339.1499938964844,89.96436792919175,3.8033668816535897,0,0
2020-10-17T04:00:00Z,8.790002441406273,0,339.1600036621094,89.16082808364867,4.266075480289653,0,0
2020-10-17T05:00:00Z,8.570001220703148,0,339.16998291015625,88.36973884847968,4.7344374743931725,0,0
2020-10-17T06:00:00Z,8.359979248046898,0,308.53997802734375,87.47600504383396,5.20724504444638,0,0
2020-10-17T07:00:00Z,8.040002441406273,0,308.55999755859375,86.27424676445393,5.283796020769454,0,0
2020-10-17T08:00:00Z,7.719995117187523,0,308.5799865722656,84.97153193713591,5.37386240800561,0,0
2020-10-17T09:00:00Z,7.399987792968773,0,291.2099914550781,83.57428831990991,5.463936219551418,0,0
2020-10-17T10:00:00Z,6.689996337890648,0,291.239990234375,83.57863052070134,5.198018766104027,0,0
2020-10-17T11:00:00Z,5.980004882812523,0,291.2799987792969,83.38631726040379,5.091807195105009,0,0
2020-10-17T12:00:00Z,5.279992675781273,134.99200439453125,238.4199981689453,82.90707733604782,5.144803029174165,0,0
2020-10-17T13:00:00Z,6.739984130859398,299.9360046386719,238.3699951171875,76.66114812443675,5.198711381710553,0,0
2020-10-17T14:00:00Z,8.209985351562523,437.6800231933594,238.3199920654297,70.88080920396685,5.29590385139551,0,0
2020-10-17T15:00:00Z,9.670007324218773,543.99603271484375,257.239990234375,65.62210262206216,5.438427907409961,0,0
2020-10-17T16:00:00Z,10.829980468750023,607.36505126953125,257.2099914550781,59.07217795360354,5.224270262888515,0,0
2020-10-17T17:00:00Z,11.999993896484398,618.31103515625,257.17999267578125,53.1387125671494,5.154813089117956,0,0
2020-10-17T18:00:00Z,13.170007324218773,560.51904296875,267.7099914550781,47.80144635789964,5.243977263571561,0,0
2020-10-17T19:00:00Z,13.230004882812523,471.0480346679687,267.7099914550781,47.491736783383296,4.15752321460457,0,0
2020-10-17T20:00:00Z,13.299981689453148,354.2750244140625,267.7099914550781,47.15482468976846,3.117563048691092,0,0
2020-10-17T21:00:00Z,13.369989013671898,137.19200134277344,258.17999267578125,46.8182494115641,2.214158977433697,0,0
2020-10-17T22:00:00Z,12.089990234375023,15.68000030517578,258.2200012207031,49.12394884650133,1.3926951895839934,0,0
2020-10-17T23:00:00Z,10.809991455078148,0,258.2699890136719,51.50362652809198,0.7077428697437773,0,0
2020-10-18T00:00:00Z,9.530023193359398,0,244.9499969482422,53.953341706069295,0.7582215981136944,0,0
2020-10-18T01:00:00Z,9.100000000000023,0,244.97000122070313,53.42476540888885,1.05190299519884,0,0
2020-10-18T02:00:00Z,8.659997558593773,0,244.989990234375,52.851680078510526,1.3593012786869323,0,0
2020-10-18T03:00:00Z,8.230004882812523,0,242.4099884033203,52.16310558195059,1.6823791709920217,0,0
2020-10-18T04:00:00Z,7.249993896484398,0,242.4399871826172,56.29975835145828,2.050097538843162,0,0
2020-10-18T05:00:00Z,6.279992675781273,0,242.45999145507813,60.75591502340907,2.446630392283711,0,0
2020-10-18T06:00:00Z,5.309991455078148,0,241.33999633789065,65.59143354481819,2.8600173775597346,0,0
2020-10-18T07:00:00Z,5.109979248046898,0,241.34999084472656,65.80774249366337,2.6499998569488525,0,0
2020-10-18T08:00:00Z,4.909997558593773,0,241.36000061035156,66.02469178664617,2.4500204557606735,0,0
2020-10-18T09:00:00Z,4.709985351562523,0,240.67999267578125,66.23592013174566,2.240089293467278,0,0
2020-10-18T10:00:00Z,4.700006103515648,0,240.67999267578125,68.77905223175755,2.48581981285895,0,0
2020-10-18T11:00:00Z,4.689996337890648,0,240.6699981689453,71.32292881858969,2.745651165199085,0,0
2020-10-18T12:00:00Z,4.689996337890648,128.0760040283203,253.489990234375,73.82368553997007,3.0302638593123445,0,0
2020-10-18T13:00:00Z,7.350000000000023,288.84002685546875,253.3999938964844,65.52540328151274,3.4192687662475296,0,0
2020-10-18T14:00:00Z,10.019982910156273,423.0560302734375,253.29998779296875,58.09152823973465,3.848376131052434,0,0
2020-10-18T15:00:00Z,12.689996337890648,522.06201171875,278.44000244140625,51.497587964233205,4.321342230869949,0,0
2020-10-18T16:00:00Z,13.589990234375023,583.1510009765625,278.3999938964844,51.55516131730106,5.421042177712836,0,0
2020-10-18T17:00:00Z,14.489984130859398,593.58905029296875,278.3599853515625,51.445703559654895,6.582400611506701,0,0
2020-10-18T18:00:00Z,15.390008544921898,497.0130310058594,309.92999267578125,51.199400323142875,7.777846567641128,0,0
2020-10-18T19:00:00Z,15.350000000000023,416.9910278320313,309.91998291015625,54.08689344126162,7.673232320389387,0,0
2020-10-18T20:00:00Z,15.320001220703148,312.489013671875,309.9100036621094,56.949042117981115,7.560423001156812,0,0
2020-10-18T21:00:00Z,15.279992675781273,122.66900634765624,322.2799987792969,59.85559885436128,7.461266674317734,0,0
2020-10-18T22:00:00Z,14.089990234375023,11.37600040435791,322.32000732421875,66.68293009200428,6.54682337422194,0,0
2020-10-18T23:00:00Z,12.890008544921898,0,322.3599853515625,74.33043087454577,5.647831107401122,0,0
2020-10-19T00:00:00Z,11.700006103515648,0,291.6199951171875,82.78690692625791,4.752188776492309,0,0
2020-10-19T01:00:00Z,10.899987792968773,0,291.6499938964844,86.14040929263872,4.353079335747503,0,0
2020-10-19T02:00:00Z,10.100000000000023,0,291.67999267578125,89.6464342077518,3.9659550157430292,0,0
2020-10-19T03:00:00Z,9.309991455078148,0,293.80999755859375,93.2408118047897,3.5867533987104574,0,0
2020-10-19T04:00:00Z,9.269982910156273,0,293.80999755859375,94.15709604367464,3.435170951376285,0,0
2020-10-19T05:00:00Z,9.239984130859398,0,293.80999755859375,95.00857991764038,3.279832332108353,0,0
2020-10-19T06:00:00Z,9.209985351562523,0,292,95.86911253012538,3.129296942046484,0,0
2020-10-19T07:00:00Z,8.999993896484398,0,292.0099792480469,96.35437347164962,3.172270335729097,0,0
2020-10-19T08:00:00Z,8.780023193359398,0,292.0199890136719,96.90241968102397,3.2068986869744642,0,0
2020-10-19T09:00:00Z,8.570031738281273,0,285.44000244140625,97.3855626226317,3.2512457465584395,0,0
2020-10-19T10:00:00Z,8.840020751953148,0,285.42999267578125,97.94017344926135,2.9415642380068467,0,0
2020-10-19T11:00:00Z,9.100000000000023,0,285.41998291015625,98.51189657390736,2.6570660062522764,0,0
2020-10-19T12:00:00Z,9.369989013671898,96.32000732421876,321.69000244140625,98.97008131453062,2.3908365794581186,0,0
2020-10-19T13:00:00Z,11.350030517578148,220.64801025390625,321.5899963378906,93.76657891233081,2.7789386428862572,0,0
2020-10-19T14:00:00Z,13.329980468750023,324.416015625,321.5,88.48199383275772,3.1793236751661875,0,0
2020-10-19T15:00:00Z,15.300042724609398,272.70001220703125,382.28997802734375,83.27676039744938,3.572618029101558,0,0
2020-10-19T16:00:00Z,16.140008544921898,304.7650146484375,382.25,82.24976990058757,4.158773951689369,0,0
2020-10-19T17:00:00Z,16.969995117187523,310.1730041503906,382.1999816894531,81.17195370155913,4.746071831275347,0,0
2020-10-19T18:00:00Z,17.799981689453148,199.80801391601565,390.8699951171875,80.00437647895292,5.3341352798699075,0,0
2020-10-19T19:00:00Z,17.820001220703148,167.3620147705078,390.8599853515625,81.95314229959777,5.247475355062278,0,0
2020-10-19T20:00:00Z,17.829980468750023,124.96300506591795,390.8500061035156,83.95012220002789,5.161211193578153,0,0
2020-10-19T21:00:00Z,17.850000000000023,54.52700424194336,386.25,85.88410667686333,5.076583439479392,0,0
2020-10-19T22:00:00Z,17.440026855468773,3.84000015258789,386.2699890136719,88.50394370190473,4.993796187176483,0,0
2020-10-19T23:00:00Z,17.029992675781273,0,386.2799987792969,91.21044550962363,4.907646999829544,0,0
2020-10-20T00:00:00Z,16.619989013671898,0,382.489990234375,94.00687725998573,4.838274477645493,0,0
2020-10-20T01:00:00Z,16.100000000000023,0,382.5199890136719,94.29487209774457,4.881362476816256,0,0
2020-10-20T02:00:00Z,15.570001220703148,0,382.5499877929687,94.57436124567127,4.934287873651928,0,0
2020-10-20T03:00:00Z,15.049981689453148,0,374.8599853515625,94.70644079187963,4.987233563288176,0,0
2020-10-20T04:00:00Z,14.959985351562523,0,374.8599853515625,94.9450599285187,4.919349230627447,0,0
2020-10-20T05:00:00Z,14.859979248046898,0,374.8699951171875,95.24069465550926,4.843221799853142,0,0
2020-10-20T06:00:00Z,14.769982910156273,0,373.0299987792969,95.47802668265554,4.778629530541435,0,0
2020-10-20T07:00:00Z,14.740045166015648,0,373.0299987792969,95.72476926536278,4.720550625191328,0,0
2020-10-20T08:00:00Z,14.709985351562523,0,373.03997802734375,95.97485326454486,4.673863574354676,0,0
2020-10-20T09:00:00Z,14.689996337890648,0,379.739990234375,96.16344988127729,4.640269255192885,0,0
2020-10-20T10:00:00Z,14.929986572265648,0,379.72998046875,95.2136928542414,4.820663549535423,0,0
2020-10-20T11:00:00Z,15.179986572265648,0,379.7200012207031,94.21738904289721,5.011207191421704,0,0
2020-10-20T12:00:00Z,15.420007324218773,25.112001419067383,392.41998291015625,93.28738954850029,5.201884083341761,0,0
2020-10-20T13:00:00Z,15.799981689453148,58.480003356933594,392.3999938964844,91.77138753165882,4.675660456839246,0,0
2020-10-20T14:00:00Z,16.179986572265648,86.32000732421875,392.3800048828125,90.27885234155718,4.151589923870004,0,0
2020-10-20T15:00:00Z,16.549981689453148,158.84800720214844,396.2099914550781,88.86791753467017,3.632092953590035,0,0
2020-10-20T16:00:00Z,17.179986572265648,177.61500549316406,396.1799926757813,87.65842138202926,3.705266360233463,0,0
2020-10-20T17:00:00Z,17.809991455078148,180.74600219726565,396.1399841308594,86.41864208712839,3.7795502589250547,0,0
2020-10-20T18:00:00Z,18.439996337890648,278.4670104980469,387.5899963378906,85.15469748850407,3.8577842949307044,0,0
2020-10-20T19:00:00Z,18.959985351562523,232.8650054931641,387.55999755859375,84.37757653775249,3.1515868186485254,0,0
2020-10-20T20:00:00Z,19.480004882812523,173.22900390625,387.5299987792969,83.56909383674538,2.4361443697018292,0,0
2020-10-20T21:00:00Z,19.999993896484398,82.087005615234375,378.5199890136719,82.73557765363854,1.7293061674638301,0,0
2020-10-20T22:00:00Z,19.189996337890648,3.888000249862671,378.55999755859375,86.23903958009232,1.8346115990924048,0,0
2020-10-20T23:00:00Z,18.379998779296898,0,378.6000061035156,89.91128490031873,2.0902869530176162,0,0
2020-10-21T00:00:00Z,17.570001220703148,0,351.69000244140625,93.7583457207634,2.441003752270717,0,0
2020-10-21T01:00:00Z,16.980004882812523,0,351.7200012207031,93.58910819063874,2.2522210999755106,0,0
2020-10-21T02:00:00Z,16.390008544921898,0,351.7599792480469,93.27855010601581,2.152324302294704,0,0
2020-10-21T03:00:00Z,15.799981689453148,0,335.4700012207031,92.81427123541386,2.124735250080932,0,0
2020-10-21T04:00:00Z,15.469995117187523,0,335.47998046875,93.86853745012252,2.2137071857695605,0,0
2020-10-21T05:00:00Z,15.140008544921898,0,335.5,94.93427721356053,2.303584073456567,0,0
2020-10-21T06:00:00Z,14.799981689453148,0,337.1600036621094,96.07116382010683,2.3942640188431525,0,0
2020-10-21T07:00:00Z,14.629998779296898,0,337.16998291015625,96.31552988094556,2.5773047188413543,0,0
2020-10-21T08:00:00Z,14.459985351562523,0,337.17999267578125,96.55414638242414,2.835930092121466,0,0
2020-10-21T09:00:00Z,14.290002441406273,0,331.6399841308594,96.78933894121865,3.1515868750080203,0,0
2020-10-21T10:00:00Z,14.339990234375023,0,331.6399841308594,97.40165154386945,3.13129358546823,0,0
2020-10-21T11:00:00Z,14.390008544921898,0,331.6300048828125,98.01006528262673,3.136510796374958,0,0
2020-10-21T12:00:00Z,14.450006103515648,82.14800262451172,376,98.55054849761022,3.180251409740993,0,0
2020-10-21T13:00:00Z,16.020043945312523,194.60000610351565,375.91998291015625,93.72870692560404,3.7242581771194416,8.447999954223633e-4,0
2020-10-21T14:00:00Z,17.600000000000023,288.4000244140625,375.8399963378906,88.95505329961088,4.395019775267207,0,0
2020-10-21T15:00:00Z,19.179986572265648,455.87200927734375,373.239990234375,84.32406522540742,5.139358050928348,0,0
2020-10-21T16:00:00Z,20.600000000000023,509.9940185546875,373.1600036621094,80.68920689513766,5.9448547461717816,0,0
2020-10-21T17:00:00Z,22.010034179687523,518.9530029296875,373.0899963378906,77.16694819039672,6.7508370019133395,0,0
2020-10-21T18:00:00Z,23.420007324218773,507.73101806640625,368.0499877929687,73.71992067902798,7.5571486660139,0,0
2020-10-21T19:00:00Z,23.570001220703148,423.87701416015625,368.03997802734375,74.38300684050803,7.401303825872057,0,0
2020-10-21T20:00:00Z,23.709985351562523,314.1620178222656,368.0299987792969,75.07123052745311,7.24586092230919,0,0
2020-10-21T21:00:00Z,23.850000000000023,103.63200378417967,357.80999755859375,75.7450687267035,7.091924699021032,0,0
2020-10-21T22:00:00Z,22.629998779296898,2.432000160217285,357.8699951171875,80.62333221298218,6.174479393368558,0,0
2020-10-21T23:00:00Z,21.409997558593773,0,357.91998291015625,85.8545394476972,5.277546608256904,0,0
2020-10-22T00:00:00Z,20.189996337890648,0,344.489990234375,91.46791461381311,4.387994763933244,0,0
2020-10-22T01:00:00Z,19.209985351562523,0,344.53997802734375,93.77274030242422,3.7065347792525785,0,0
2020-10-22T02:00:00Z,18.239984130859398,0,344.5899963378906,95.9853932969282,3.041792214471978,0,0
2020-10-22T03:00:00Z,17.269982910156273,0,334.8500061035156,98.14237085953997,2.443808487155668,0,0
2020-10-22T04:00:00Z,17.049981689453148,0,334.8599853515625,97.28237364647484,2.072003839966077,0,0
2020-10-22T05:00:00Z,16.820001220703148,0,334.8800048828125,96.44109640567355,1.979090656060353,0,0
2020-10-22T06:00:00Z,16.600000000000023,0,318.1999816894531,95.49386885511166,2.2091175264765153,0,0
2020-10-22T07:00:00Z,16.149987792968773,0,318.22998046875,95.37617107063652,1.9961211972374497,0,0
2020-10-22T08:00:00Z,15.709985351562523,0,318.25,95.11903452395329,2.419628065330888,0,0
2020-10-22T09:00:00Z,15.269982910156273,0,315.2099914550781,94.77237641949033,3.2389041542842545,0,0
2020-10-22T10:00:00Z,15.109979248046898,0,315.2200012207031,94.69986789018981,2.8834006461217943,0,0
2020-10-22T11:00:00Z,14.959985351562523,0,315.22998046875,94.55486119923849,2.590694848199205,0,0
2020-10-22T12:00:00Z,14.809991455078148,98.876007080078125,338.8899841308594,94.3956907548418,2.360190721580203,0,0
2020-10-22T13:00:00Z,16.649987792968773,238.48800659179688,338.80999755859375,85.32660170781557,2.083962568025622,0,0
2020-10-22T14:00:00Z,18.489984130859398,354.9120178222656,338.72998046875,77.22768672964784,1.8950989054482432,0,0
2020-10-22T15:00:00Z,20.320001220703148,462.06402587890625,370.1399841308594,70.02654128334034,1.8161772586330687,0,0
2020-10-22T16:00:00Z,21.409997558593773,517.20501708984375,370.0899963378906,67.56471775080837,1.2856515650770133,0,0
2020-10-22T17:00:00Z,22.499993896484398,526.24603271484375,370.03997802734375,65.15522028472891,1.6520592355049026,0,0
2020-10-22T18:00:00Z,23.579980468750023,501.60101318359375,369.4599914550781,62.838904055410175,2.554936434511225,0,0
2020-10-22T19:00:00Z,23.749993896484398,418.072021484375,369.4499816894531,64.04116374278686,2.9041349481157677,0,0
2020-10-22T20:00:00Z,23.920007324218773,308.6990051269531,369.4299926757813,65.21042676522073,3.2447186889516186,0,0
2020-10-22T21:00:00Z,24.089990234375023,101.61200714111328,352.3999938964844,66.34845983879038,3.5860283036580394,0,0
2020-10-22T22:00:00Z,22.499993896484398,0,352.4700012207031,73.03665781059078,3.5607301459942424,0,0
2020-10-22T23:00:00Z,20.909997558593773,0,352.5299987792969,80.48565024526333,3.5228680693156207,0,0
2020-10-23T00:00:00Z,19.320001220703148,0,340.57000732421875,88.79442189465868,3.4946386609455002,0,0
2020-10-23T01:00:00Z,18.579980468750023,0,340.6099853515625,91.07891818319807,3.310906078612584,0,0
2020-10-23T02:00:00Z,17.829980468750023,0,340.6399841308594,93.46354413939876,3.1246440153074806,0,0
2020-10-23T03:00:00Z,17.079980468750023,0,337.1300048828125,95.88593659047568,2.9389964151208074,0,0
2020-10-23T04:00:00Z,16.859979248046898,0,337.1399841308594,96.2600214549735,3.1346449592539987,0,0
2020-10-23T05:00:00Z,16.649987792968773,0,337.1499938964844,96.56737623624556,3.335385953197488,0,0
2020-10-23T06:00:00Z,16.429986572265648,0,334.1300048828125,96.92823184687381,3.533510997247701,0,0
2020-10-23T07:00:00Z,16.159997558593773,0,334.1399841308594,97.0700958505666,3.606008848751761,0,0
2020-10-23T08:00:00Z,15.890008544921898,0,334.1499938964844,97.18643411053267,3.6895798684478525,0,0
2020-10-23T09:00:00Z,15.619989013671898,0,331.6999816894531,97.28080648627433,3.7749303826992735,0,0
2020-10-23T10:00:00Z,15.619989013671898,0,331.7099914550781,96.89716514279202,3.9994124293554303,0,0
2020-10-23T11:00:00Z,15.619989013671898,0,331.7099914550781,96.50979097006038,4.233060374693848,0,0
2020-10-23T12:00:00Z,15.609979248046898,84.3800048828125,359.1499938964844,96.1856049332893,4.4582057181136685,0,0
2020-10-23T13:00:00Z,16.850000000000023,207.416015625,359.0899963378906,91.65822049756333,4.434241477671226,0,0
2020-10-23T14:00:00Z,18.100000000000023,310,359.0299987792969,87.26285398067918,4.452774202448626,0,0
2020-10-23T15:00:00Z,19.339990234375023,325.5680236816406,401.6799926757813,83.1096701510598,4.503509831013437,0,0
2020-10-23T16:00:00Z,20.189996337890648,364.6340026855469,401.6300048828125,80.6431718505164,5.228575208105708,0,0
2020-10-23T17:00:00Z,21.049981689453148,370.9860229492187,401.5799865722656,78.18156875404775,5.954090706004596,0,0
2020-10-23T18:00:00Z,21.909997558593773,452.87103271484375,377.8899841308594,75.77925830959177,6.678031090768265,0,0
2020-10-23T19:00:00Z,21.970025634765648,376.8460083007813,377.8800048828125,75.90196369667514,6.742936976625226,0,0
2020-10-23T20:00:00Z,22.029992675781273,277.2080078125,377.8800048828125,76.02405506394136,6.821326796679755,0,0
2020-10-23T21:00:00Z,22.089990234375023,107.52400207519533,342.80999755859375,76.13893570035398,6.9095946730359445,0,0
2020-10-23T22:00:00Z,20.719995117187523,0,342.8699951171875,81.27333004478685,6.631779185760489,0,0
2020-10-23T23:00:00Z,19.360040283203148,0,342.92999267578125,86.73365561236865,6.37931816396419,0,0
2020-10-24T00:00:00Z,17.989984130859398,0,327.2699890136719,92.65563598446212,6.139348466379528,0,0
2020-10-24T01:00:00Z,17.290002441406273,0,327.29998779296875,94.41866566548167,5.607655219426851,0,0
2020-10-24T02:00:00Z,16.589990234375023,0,327.3399963378906,96.17649655352584,5.07571667929783,0,0
2020-10-24T03:00:00Z,15.879998779296898,0,327.9499816894531,97.98439198448509,4.54714171145825,0,0
2020-10-24T04:00:00Z,15.670007324218773,0,327.9599914550781,98.22946143624179,4.551977552955479,0,0
2020-10-24T05:00:00Z,15.459985351562523,0,327.9700012207031,98.46553757046907,4.560701643153531,0,0
2020-10-24T06:00:00Z,15.249993896484398,0,319.1099853515625,98.69271597104921,4.59314674531522,0,0
2020-10-24T07:00:00Z,15.070001220703148,0,319.1199951171875,98.58633223751215,4.568555531445143,0,0
2020-10-24T08:00:00Z,14.899987792968773,0,319.1300048828125,98.40696167242733,4.571618735932161,0,0
2020-10-24T09:00:00Z,14.719995117187523,0,324.5899963378906,98.27733312992265,4.60895846485932,0,0
2020-10-24T10:00:00Z,14.649987792968773,0,324.5899963378906,98.50165446997285,4.5131361517288395,0,0
2020-10-24T11:00:00Z,14.570001220703148,0,324.6000061035156,98.7941153553254,4.467683967982237,0,0
2020-10-24T12:00:00Z,14.499993896484398,69.53600311279297,347.5799865722656,99.01833680461732,4.479877126830903,0,0
2020-10-24T13:00:00Z,15.570001220703148,174.37600708007813,347.53997802734375,93.93433717825255,3.8616704840154883,0,0
2020-10-24T14:00:00Z,16.629998779296898,261.760009765625,347.489990234375,89.19180910880945,3.622954460896015,0,0
2020-10-24T15:00:00Z,17.700006103515648,239.9840087890625,382.0799865722656,84.65639710490215,3.851571012656998,0,0
2020-10-24T16:00:00Z,17.959985351562523,268.9630126953125,382.0799865722656,80.24622433088427,3.618839507107818,0,0
2020-10-24T17:00:00Z,18.219995117187523,273.6280212402344,382.0799865722656,75.96723632058557,4.096840219869441,0,0
2020-10-24T18:00:00Z,18.480004882812523,417.0000305175781,344.9100036621094,71.80782203520342,5.08932209975389,0,0
2020-10-24T19:00:00Z,17.929986572265648,346.42401123046875,344.94000244140625,70.61741952689637,5.224748723316919,0,0
2020-10-24T20:00:00Z,17.379998779296898,253.86801147460935,344.97998046875,69.25959364508985,5.377080981778629,0,0
2020-10-24T21:00:00Z,16.829980468750023,99.59200286865234,304.1600036621094,67.71741603893621,5.5326302300944326,0,0
2020-10-24T22:00:00Z,15.249993896484398,0,304.22998046875,71.62331067366824,4.999289883693662,0,0
2020-10-24T23:00:00Z,13.679986572265648,0,304.29998779296875,75.61810357153756,4.466855627124411,0,0
2020-10-25T00:00:00Z,12.109979248046898,0,271.1099853515625,79.72351518998963,3.9356955026797054,0,0
2020-10-25T01:00:00Z,10.640008544921898,0,271.16998291015625,81.50981935575606,3.7167323562578947,0,0
2020-10-25T02:00:00Z,9.170007324218773,0,271.239990234375,82.88719130098765,3.5417085703326823,0,0
2020-10-25T03:00:00Z,7.700006103515648,0,248.34999084472656,83.7410743924302,3.419766007346407,0,0
2020-10-25T04:00:00Z,6.869989013671898,0,248.38999938964844,85.5273437436236,3.342289627690581,0,0
2020-10-25T05:00:00Z,6.029992675781273,0,248.4199981689453,87.31409249859495,3.2649653784302295,0,0
2020-10-25T06:00:00Z,5.189996337890648,0,238.22999572753903,89.03753218977383,3.1878047824179485,0,0
2020-10-25T07:00:00Z,4.489984130859398,0,238.25,89.94778388621485,3.100919132226322,0,0
2020-10-25T08:00:00Z,3.7900024414062727,0,238.27999877929688,90.74143871974165,3.0752722785667754,0,0
2020-10-25T09:00:00Z,3.0799804687500227,0,232.83999633789065,91.47363888278386,3.1123784659070814,0,0
2020-10-25T10:00:00Z,2.9099975585937727,0,232.83999633789065,91.25984235388665,3.1457907609564173,0,0
2020-10-25T11:00:00Z,2.7399841308593977,0,232.84999084472656,91.02618233053921,3.1715767925773726,0,0
2020-10-25T12:00:00Z,2.5700012207031477,101.76000213623048,237.4199981689453,90.76972552342289,3.205151980891028,0,0
2020-10-25T13:00:00Z,4.219995117187523,260.6080017089844,237.3699951171875,78.73077073551492,3.7304823976916213,0,0
2020-10-25T14:00:00Z,5.859979248046898,392.9920043945313,237.3199920654297,68.40395480313246,4.368352096402827,0,0
2020-10-25T15:00:00Z,7.510003662109398,489.39202880859375,259.67999267578125,59.446428442670666,5.06242999763599,0,0
2020-10-25T16:00:00Z,8.439996337890648,548.8050537109375,259.6499938964844,56.45143014198533,4.137595854717792,0,0
2020-10-25T17:00:00Z,9.369989013671898,558.3160400390625,259.6199951171875,53.62746372031211,3.3529239456181847,0,0
2020-10-25T18:00:00Z,10.299981689453148,480.1080322265625,283.0199890136719,50.95375729453714,2.853506570184168,0,0
2020-10-25T19:00:00Z,10.450006103515648,398.2150268554687,283.0199890136719,51.82764175573793,3.1301436426879237,0,0
2020-10-25T20:00:00Z,10.600000000000023,290.7020263671875,283.0099792480469,52.67710202084577,3.503041562450453,0,0
2020-10-25T21:00:00Z,10.749993896484398,75.90900421142578,320.44000244140625,53.50502374260741,3.939048053017392,0,0
2020-10-25T22:00:00Z,10.019982910156273,0,320.4599914550781,59.147391842868984,3.387329310659978,0,0
2020-10-25T23:00:00Z,9.290002441406273,0,320.47998046875,65.24715633266545,2.837199351948474,0,0
2020-10-26T00:00:00Z,8.559991455078148,0,339.91998291015625,71.84341143924098,2.3025636293066793,0,0
2020-10-26T01:00:00Z,8.369989013671898,0,339.92999267578125,72.5618335269993,3.148158138419571,0,0
2020-10-26T02:00:00Z,8.179986572265648,0,339.94000244140625,73.2957005363065,4.008615545355951,0,0
2020-10-26T03:00:00Z,7.989984130859398,0,336.78997802734375,74.03144675089541,4.887586015812708,0,0
2020-10-26T04:00:00Z,7.749993896484398,0,336.79998779296875,78.53457871234339,4.798854049072295,7.055999636650085e-4,0
2020-10-26T05:00:00Z,7.519982910156273,0,336.79998779296875,83.11299607704416,4.721747650519554,8.304000198841095e-4,0
2020-10-26T06:00:00Z,7.279992675781273,0,344.69000244140625,87.87422274177551,4.64476018573502,9.599999757483601e-6,0
2020-10-26T07:00:00Z,7.279992675781273,0,344.67999267578125,89.60784143888029,4.661641087982981,0.0139584002494812,0
2020-10-26T08:00:00Z,7.279992675781273,0,344.67999267578125,91.34176131915851,4.694358098580306,0.017491199970245362,0
2020-10-26T09:00:00Z,7.279992675781273,0,354.0799865722656,93.07555084444893,4.751968044226541,0.005068799972534179,0
2020-10-26T10:00:00Z,7.600000000000023,0,354.05999755859375,92.4994076910151,4.692973519010551,0.006700799703598022,0
2020-10-26T11:00:00Z,7.920007324218773,0,354.03997802734375,91.90423827084683,4.6489782086983995,0.009695999622344971,0
2020-10-26T12:00:00Z,8.239984130859398,29.564001083374023,357.55999755859375,91.30084976652327,4.597618789133911,6.719999760389328e-4,0
2020-10-26T13:00:00Z,8.679986572265648,77.40800476074219,357.53997802734375,90.34753920382376,4.541200248263032,0.007756799697875977,0
2020-10-26T14:00:00Z,9.119989013671898,117.2800064086914,357.5099792480469,89.37853165295968,4.5049416477835935,4.4160000979900346e-4,0
2020-10-26T15:00:00Z,9.570001220703148,135.04000854492188,370.78997802734375,88.33906949060754,4.491347122564937,0.00425279974937439,0
2020-10-26T16:00:00Z,10.320001220703148,151.54701232910156,370.739990234375,88.21305424003707,4.274493955052151,0.006470400094985962,0
2020-10-26T17:00:00Z,11.059991455078148,154.1590118408203,370.6999816894531,87.96166987196368,4.173978816612461,0,0
2020-10-26T18:00:00Z,11.809991455078148,172.8100128173828,377.5299987792969,87.48928071749145,4.203438902819169,0,0
2020-10-26T19:00:00Z,12.420007324218773,143.0860137939453,377.489990234375,88.42890166513438,3.9131828476377546,0,0
2020-10-26T20:00:00Z,13.020043945312523,104.05900573730467,377.4499816894531,89.2325020788067,3.655201607661107,0,0
2020-10-26T21:00:00Z,13.619989013671898,41.09800338745117,377.5499877929687,89.84292482555782,3.4343120778145044,0,0
2020-10-26T22:00:00Z,13.600030517578148,0,377.53997802734375,91.5292087156584,3.2290244762633646,0.002323199987411499,0
2020-10-26T23:00:00Z,13.579980468750023,0,377.53997802734375,93.21574947943347,3.016289145037407,0,0
2020-10-27T00:00:00Z,13.559991455078148,0,379.66998291015625,94.9112824795624,2.816185333069947,0,0
2020-10-27T01:00:00Z,13.450006103515648,0,379.66998291015625,95.28902795545044,2.550960555723035,0,0
2020-10-27T02:00:00Z,13.329980468750023,0,379.6799926757813,95.73162482702763,2.3492338397318786,0,0
2020-10-27T03:00:00Z,13.219995117187523,0,378.3299865722656,96.10944813848424,2.2168670611996273,0,0
2020-10-27T04:00:00Z,13.129998779296898,0,378.3299865722656,96.87418967750283,2.119292268277309,0,0
2020-10-27T05:00:00Z,13.040002441406273,0,378.3399963378906,97.64629477349838,2.304951079670739,0,0
2020-10-27T06:00:00Z,12.959985351562523,0,365.97998046875,98.35889945292597,2.726774523726808,0,0
2020-10-27T07:00:00Z,12.579980468750023,0,366.0099792480469,96.1295567583593,2.05766848790871,0,0
2020-10-27T08:00:00Z,12.200006103515648,0,366.03997802734375,93.73029783586009,2.26450866810089,0,0
2020-10-27T09:00:00Z,11.820001220703148,0,342.739990234375,91.14997002105136,3.19112820619638,0,0
2020-10-27T10:00:00Z,11.219995117187523,0,342.7799987792969,89.3265629335031,3.379304649237374,0,0
2020-10-27T11:00:00Z,10.619989013671898,0,342.80999755859375,87.20174669286847,3.5670995397563146,0,0
2020-10-27T12:00:00Z,10.019982910156273,66.9000015258789,322.4700012207031,84.75987662756565,3.772240659749838,0,0
2020-10-27T13:00:00Z,10.390008544921898,179.3280029296875,322.4700012207031,79.36489557049912,4.09762108708251,0,0
2020-10-27T14:00:00Z,10.760003662109398,273.0080261230469,322.4599914550781,74.1876107428115,4.45148257172619,0,0
2020-10-27T15:00:00Z,11.129998779296898,341.4880065917969,330.0799865722656,69.22445703784769,4.810405161571118,0,0
2020-10-27T16:00:00Z,11.530023193359398,383.4530334472656,330.05999755859375,66.0766199996575,4.141327965356847,0,0
2020-10-27T17:00:00Z,11.940026855468773,390.1020202636719,330.04998779296875,63.0146672828211,3.4634229906413827,0,0
2020-10-27T18:00:00Z,12.340020751953148,343.2550048828125,342,60.11045751576109,2.7983566313730437,0,0
2020-10-27T19:00:00Z,12.489984130859398,283.7860107421875,342,59.7200704541279,2.064218971073981,0,0
2020-10-27T20:00:00Z,12.649987792968773,205.5930023193359,341.989990234375,59.28733946007591,1.3819189705273474,0,0
2020-10-27T21:00:00Z,12.799981689453148,87.84000396728516,330.4499816894531,58.902825899907256,0.8988881883774356,0,0
2020-10-27T22:00:00Z,12.219995117187523,0,330.4700012207031,62.56562126141584,0.8285529400643102,0,0
2020-10-27T23:00:00Z,11.630029296875023,0,330.489990234375,66.49103144666675,0.7690253575844995,0,0
2020-10-28T00:00:00Z,11.040002441406273,0,347.5099792480469,70.63570365877605,0.750266619264191,0,0
2020-10-28T01:00:00Z,10.499993896484398,0,347.5299987792969,72.50459488251066,0.71400278176439,0,0
2020-10-28T02:00:00Z,9.959985351562523,0,347.55999755859375,74.42006685501735,0.9213576684557825,0,0
2020-10-28T03:00:00Z,9.420037841796898,0,337.53997802734375,76.39179353121621,1.2495199263702264,0,0
2020-10-28T04:00:00Z,9.200036621093773,0,337.54998779296875,77.98134453107498,0.6338769549633234,0,0
2020-10-28T05:00:00Z,8.980004882812523,0,337.55999755859375,79.60141512110954,0.3712142285639949,0,0
2020-10-28T06:00:00Z,8.760034179687523,0,334.5299987792969,81.25872360585544,0.8786352693698674,0,0
2020-10-28T07:00:00Z,8.379998779296898,0,334.54998779296875,84.91060304910837,1.2244998545757573,5.663999766111372e-4,0
2020-10-28T08:00:00Z,7.999993896484398,0,334.55999755859375,88.71025455525051,1.6341358263930386,0.021734398841857912,0
2020-10-28T09:00:00Z,7.629998779296898,0,348.7699890136719,92.58388069605738,2.0700241616469897,0.0140927996635437,0
2020-10-28T10:00:00Z,7.770043945312523,0,348.7599792480469,93.75389266194193,1.9340372341007772,0.025497599601745604,0
2020-10-28T11:00:00Z,7.909997558593773,0,348.75,94.88797669388074,1.7884349774255073,0.025497599601745604,0
2020-10-28T12:00:00Z,8.059991455078148,21.804000854492188,353.94000244140625,95.92772924699351,1.6401218725488225,0.034214398384094236,0
2020-10-28T13:00:00Z,8.609979248046898,59.92000198364258,353.91998291015625,93.86284553641846,1.50029996999259,0.12942719650268555,0
2020-10-28T14:00:00Z,9.159997558593773,91.66400146484376,353.8899841308594,91.82903297252551,1.5054567008454358,0.055891199111938475,0
2020-10-28T15:00:00Z,9.709985351562523,243.5520172119141,346.17999267578125,89.82700352999969,1.6542368965310252,0.021388800144195558,0
2020-10-28T16:00:00Z,10.700006103515648,273.6720275878906,346.1300048828125,86.467454272703975,2.3104328054535768,0.016511999130249023,0
2020-10-28T17:00:00Z,11.679986572265648,278.42401123046875,346.0899963378906,83.26234311456895,3.120160157421249,0,0
2020-10-28T18:00:00Z,12.670007324218773,376.4110107421875,333.6999816894531,80.09486558838792,3.9845953066486848,0,0
2020-10-28T19:00:00Z,12.809991455078148,310.6990051269531,333.69000244140625,78.83487729510622,3.998399675769495,0,0
2020-10-28T20:00:00Z,12.940026855468773,224.22100830078125,333.69000244140625,77.63854816039999,4.02031095094499,0,0
2020-10-28T21:00:00Z,13.079980468750023,96.1760025024414,321.82000732421875,76.4081260214109,4.052283121703101,0,0
2020-10-28T22:00:00Z,12.390039062500023,0,321.8500061035156,80.11167385713448,3.72022835299814,0,0
2020-10-28T23:00:00Z,11.689996337890648,0,321.8800048828125,84.06614041543972,3.392358973164419,0,0
2020-10-29T00:00:00Z,10.989984130859398,0,330.17999267578125,88.24184270376797,3.0737923951888333,0,0
2020-10-29T01:00:00Z,10.799981689453148,0,330.19000244140625,88.43413924744335,2.8778464246496926,0,0
2020-10-29T02:00:00Z,10.600000000000023,0,330.1999816894531,88.67501793033551,2.7324897616544495,0,0
2020-10-29T03:00:00Z,10.409997558593773,0,293.2900085449219,88.84690588014246,2.640927733787066,0,0
2020-10-29T04:00:00Z,10.119989013671898,0,293.30999755859375,87.21522771847116,2.1705757982805145,0,0
2020-10-29T05:00:00Z,9.839990234375023,0,293.3299865722656,85.43523124526588,1.7184294350874143,0,0
2020-10-29T06:00:00Z,9.549981689453148,0,279.3699951171875,83.62314217497054,1.2734598614841484,0,0
2020-10-29T07:00:00Z,9.239984130859398,0,279.3800048828125,83.89619380880183,1.1035396897438308,0,0
2020-10-29T08:00:00Z,8.930047607421898,0,279.3999938964844,84.15032851479437,0.9340770616414131,0,0
2020-10-29T09:00:00Z,8.630029296875023,0,311.8699951171875,84.31941658807992,0.7558438664385513,0,0
2020-10-29T10:00:00Z,8.609979248046898,0,311.8699951171875,87.60438211504419,0.09999999776482582,0,0
2020-10-29T11:00:00Z,8.600030517578148,0,311.8599853515625,90.83610469503044,0.9563472017863444,0.0031871999502182005,0
2020-10-29T12:00:00Z,8.579980468750023,31.364002227783203,347.0099792480469,94.13799570895144,1.8129809019415806,0.0139584002494812,0
2020-10-29T13:00:00Z,8.809991455078148,88.4800033569336,347,92.8695753508648,1.9698730643278808,0.0350399980545044,0
2020-10-29T14:00:00Z,9.040002441406273,136.0640106201172,346.989990234375,91.61500408355947,2.1475799259238078,0.06042239570617676,0
2020-10-29T15:00:00Z,9.260003662109398,127.21600341796876,356.2699890136719,90.44621200468035,2.3368354009031442,0.04056960010528565,0
2020-10-29T16:00:00Z,9.359979248046898,143.04501342773438,356.2599792480469,91.17435969816826,2.740529164516648,0.05405759811401367,0
2020-10-29T17:00:00Z,9.450006103515648,145.531005859375,356.25,91.94819308255904,3.230665434091514,0.07371839904785156,0
2020-10-29T18:00:00Z,9.540002441406273,123.0110092163086,357.2799987792969,92.70720322505062,3.7703314990858514,0.06791039657592773,0
2020-10-29T19:00:00Z,9.589990234375023,101.37400817871094,357.2799987792969,93.27543316699511,4.542157915468458,0.052041601181030274,0
2020-10-29T20:00:00Z,9.640008544921898,72.871002197265625,357.2699890136719,93.84200017206138,5.4220012159272395,0.058665596008300784,0
2020-10-29T21:00:00Z,9.689996337890648,28.112001419067383,352.8899841308594,94.39786479273124,6.352204203228771,0.048892799377441405,0
2020-10-29T22:00:00Z,9.409997558593773,0,352.9100036621094,94.48112538568226,6.816641307087232,0.043747198104858394,0
2020-10-29T23:00:00Z,9.129998779296898,0,352.91998291015625,94.53452390816865,7.303868465817542,0.06326399803161621,0
2020-10-30T00:00:00Z,8.850000000000023,0,346.32000732421875,94.56350105714475,7.802467415279271,0.048782398223876956,0
2020-10-30T01:00:00Z,8.429986572265648,0,346.3399963378906,93.95124067986735,7.668141722838523,0.008332799434661866,0
2020-10-30T02:00:00Z,8.010003662109398,0,346.3699951171875,93.22686152498275,7.533823471356681,0.017913599967956544,0
2020-10-30T03:00:00Z,7.600030517578148,0,339.47998046875,92.32173310927104,7.39170472370602,0.0032831997871398924,0
2020-10-30T04:00:00Z,7.159997558593773,0,339.5099792480469,92.32986626790517,7.456567615839652,0.009503999948501587,0
2020-10-30T05:00:00Z,6.709985351562523,0,339.5299987792969,92.31429270292728,7.535602054629039,0.005327999711036682,0
2020-10-30T06:00:00Z,6.269982910156273,0,331.989990234375,92.14978625784092,7.619822516664721,0.003254400014877319,0
2020-10-30T07:00:00Z,5.839990234375023,0,332.0199890136719,91.67976792673592,7.474570249930265,9.599999757483601e-6,0
2020-10-30T08:00:00Z,5.409997558593773,0,332.03997802734375,91.1054841671199,7.328362343698708,0,0
2020-10-30T09:00:00Z,4.969995117187523,0,326.2599792480469,90.47656330450582,7.180006623756528,0.02154719924926758,0
2020-10-30T10:00:00Z,4.640008544921898,0,326.2799987792969,89.35695495533052,7.431190764952282,0.030604800224304198,0
2020-10-30T11:00:00Z,4.309991455078148,0,326.29998779296875,88.13210934682695,7.682453748859849,0.04095359802246094,0
2020-10-30T12:00:00Z,3.9800048828125227,35.34800338745117,322.22998046875,86.80196220872458,7.933788299804678,0.048095998764038084,0
2020-10-30T13:00:00Z,4.059991455078148,102.53600311279295,322.22998046875,84.44251339087924,7.583620319530946,0.04743359756469727,0
2020-10-30T14:00:00Z,4.129998779296898,158.5120086669922,322.22998046875,82.16388098308894,7.282973133619527,0.02029919958114624,0
2020-10-30T15:00:00Z,4.209985351562523,180.54400634765625,323.989990234375,79.84676156998665,7.045920707387223,0.019082399368286134,0
2020-10-30T16:00:00Z,4.269982910156273,203.18301391601565,323.989990234375,78.76481849769837,6.151828676006915,0.01145039963722229,0
2020-10-30T17:00:00Z,4.329980468750023,206.72900390625,323.989990234375,77.69266257216628,5.330937927373986,0,0
2020-10-30T18:00:00Z,4.399987792968773,135.21701049804688,323.57000732421875,76.57051277967695,4.628747049001587,0,0
2020-10-30T19:00:00Z,4.439996337890648,111.24900817871094,323.57000732421875,76.47659353285836,4.518462242208051,0,0
2020-10-30T20:00:00Z,4.469995117187523,79.67000579833984,323.57000732421875,76.42247459121693,4.4581272320439,0,0
2020-10-30T21:00:00Z,4.510034179687523,36.20800018310547,300.6499938964844,76.3221473823545,4.4497752965493875,0,0
2020-10-30T22:00:00Z,3.9100280761718977,0,300.66998291015625,78.19375161757355,4.547570819859027,0,0
2020-10-30T23:00:00Z,3.3200012207031477,0,300.6999816894531,80.03005840385795,4.666529683975021,0,0
2020-10-31T00:00:00Z,2.7199951171875227,0,239.1699981689453,81.95672309480956,4.784318067514656,0,0
2020-10-31T01:00:00Z,1.7999816894531477,0,239.20999145507813,83.6461687569787,4.212362584439483,0,0
2020-10-31T02:00:00Z,0.8900085449218977,0,239.25,85.16249940178359,3.667424079665686,0,0
2020-10-31T03:00:00Z,-0.030004882812477263,0,227.94000244140625,86.58266430058846,3.154314552893454,0,0
2020-10-31T04:00:00Z,-0.34998168945310226,0,227.9499969482422,86.49787376619967,3.0431069436186915,0,0
2020-10-31T05:00:00Z,-0.6799987792968523,0,227.95999145507813,86.42699512287969,2.9633932200889594,0,0
2020-10-31T06:00:00Z,-1.0000061035156023,0,211.47999572753903,86.24592259463229,2.903876595169966,0,0
2020-10-31T07:00:00Z,-1.2699645996093523,0,211.489990234375,85.91077802223019,2.8853422954206263,0,0
2020-10-31T08:00:00Z,-1.5300048828124773,0,211.5,85.45533822259917,2.8692333304617414,0,0
2020-10-31T09:00:00Z,-1.7900146484374773,0,201.0800018310547,84.96386707447479,2.842006344215002,0,0
2020-10-31T10:00:00Z,-1.6900085449218523,0,201.0800018310547,84.59533740619025,2.460081351997479,0,0
2020-10-31T11:00:00Z,-1.5899719238281023,0,201.0800018310547,84.22516186102807,2.0663010454190074,0,0
2020-10-31T12:00:00Z,-1.5000061035156023,82.21600341796875,203.5399932861328,83.91601386531595,1.6794343765091762,0,0
2020-10-31T13:00:00Z,0.30999145507814774,245.69601440429688,203.489990234375,72.73839081007391,1.25227786106303,0,0
2020-10-31T14:00:00Z,2.1199890136718977,381.85601806640625,203.44000244140625,63.1705082161598,0.8570880579451177,0,0
2020-10-31T15:00:00Z,3.9200073242187727,491.5360107421875,218.80999755859375,54.99482156940016,0.5375871937467349,0,0
2020-10-31T16:00:00Z,4.670007324218773,553.62200927734375,218.7899932861328,52.20401343383014,0.2816025380109623,0,0
2020-10-31T17:00:00Z,5.420007324218773,563.33203125,218.7599945068359,49.575609854223835,1.050047570284189,0,0
2020-10-31T18:00:00Z,6.160028076171898,500.0250244140625,226.1599884033203,47.11961576895246,1.8233210789306034,0,0
2020-10-31T19:00:00Z,5.999993896484398,410.780029296875,226.1599884033203,51.16455979067824,2.391401194046494,0,0
2020-10-31T20:00:00Z,5.829980468750023,293.02301025390625,226.1599884033203,55.32477706230247,3.005661249067114,0,0
2020-10-31T21:00:00Z,5.659997558593773,82.14400482177734,220.36000061035156,59.580444795593195,3.6472591802518255,0,0
2020-10-31T22:00:00Z,4.159997558593773,0,220.3999938964844,64.7679143625579,3.632960081532693,0,0
2020-10-31T23:00:00Z,2.6599975585937727,0,220.4499969482422,70.46104462352572,3.632079301640558,0,0
2020-11-01T00:00:00Z,1.1700073242187727,0,215.3999938964844,76.65552844413592,3.650986112881384,0,0
2020-11-01T01:00:00Z,0.8299804687500227,0,215.4099884033203,79.35402442801166,3.6957947638318687,0,0
2020-11-01T02:00:00Z,0.48998413085939774,0,215.4099884033203,82.14634920587294,3.7563413139865913,0,0
2020-11-01T03:00:00Z,0.14998779296877274,0,222.62998962402344,85.03335828316582,3.8218842851833243,0,0
2020-11-01T04:00:00Z,0.36998901367189774,0,222.6199951171875,86.46704242267735,3.992843616678133,0,0
2020-11-01T05:00:00Z,0.5799804687500227,0,222.61000061035156,87.89301595951657,4.173787112943581,0,0
2020-11-01T06:00:00Z,0.7900024414062727,0,237.3300018310547,89.25869947106213,4.361524673820481,0,0
2020-11-01T07:00:00Z,1.1700073242187727,0,237.3199920654297,89.90084340123094,4.399783986316101,0,0
2020-11-01T08:00:00Z,1.5600219726562727,0,237.29998779296875,90.3828112895913,4.439380678460305,0,0
2020-11-01T09:00:00Z,1.9399963378906477,0,293.5799865722656,90.83302629578337,4.481450465210221,0,0
2020-11-01T10:00:00Z,2.6899963378906477,0,293.54998779296875,90.19949157019396,4.94850488132509,0,0
2020-11-01T11:00:00Z,3.4399963378906477,0,293.5099792480469,89.39781851011429,5.430230026017264,0,0
2020-11-01T12:00:00Z,4.189996337890648,65.66400146484375,295.2699890136719,88.46444669450287,5.922735930339189,0,0
2020-11-01T13:00:00Z,5.940026855468773,202.52801513671875,295.19000244140625,83.12506778506788,6.8007349682087135,0,0
2020-11-01T14:00:00Z,7.689996337890648,316.2720031738281,295.1199951171875,77.95237023238627,7.680006338752385,0,0
2020-11-01T15:00:00Z,9.439996337890648,264.416015625,341.0299987792969,72.98003260770285,8.570285571048897,0,0
2020-11-01T16:00:00Z,9.989984130859398,300.7060241699219,340.989990234375,76.17805805567038,8.574572570685653,0,0
2020-11-01T17:00:00Z,10.549981689453148,297.2590026855469,340.9499816894531,78.97465614984348,8.583994528043233,0,0
2020-11-01T18:00:00Z,11.100030517578148,165.0880126953125,354.92999267578125,81.49658757884563,8.597731954765571,0.0021599999070167544,0
2020-11-01T19:00:00Z,10.790032958984398,136.4300079345703,354.92999267578125,85.96098967238471,8.270362747826749,0.0051647998094558716,0
2020-11-01T20:00:00Z,10.469995117187523,95.4330062866211,354.94000244140625,90.64169964467969,7.943915739503411,0.05864639854431152,0
2020-11-01T21:00:00Z,10.159997558593773,33.36000061035156,350.5899963378906,95.41998269603562,7.618510009409308,0.03267839813232422,0
2020-11-01T22:00:00Z,9.990045166015648,0,350.6000061035156,95.48464543509358,6.640752972284838,0.006239999771118164,0
2020-11-01T23:00:00Z,9.820001220703148,0,350.6099853515625,95.54390133954092,5.884020569777697,0.019564799308776856,0
2020-11-02T00:00:00Z,9.640008544921898,0,306.3399963378906,95.65909623486425,5.447503735005759,0.019459198951721192,0
2020-11-02T01:00:00Z,8.540002441406273,0,306.4100036621094,87.881350656432,4.844646207471946,5.183999687433243e-4,0
2020-11-02T02:00:00Z,7.439996337890648,0,306.489990234375,78.36785555216579,5.938416988050526,0,0
2020-11-02T03:00:00Z,6.339990234375023,0,277.22998046875,66.87340213702794,8.061674439762527,0,0
2020-11-02T04:00:00Z,5.170007324218773,0,277.2799987792969,68.40256558819634,7.535582217154921,0,0
2020-11-02T05:00:00Z,3.9899841308593977,0,277.3399963378906,69.81195519630212,7.018147505081119,0,0
2020-11-02T06:00:00Z,2.8200012207031477,0,263.5099792480469,70.93974409926241,6.521962785628107,0,0
2020-11-02T07:00:00Z,2.3299804687500227,0,263.5299987792969,72.5403958911337,6.369403239073326,0,0
2020-11-02T08:00:00Z,1.8299804687500227,0,263.54998779296875,74.22752375998036,6.23097089526916,0,0
2020-11-02T09:00:00Z,1.3299804687500227,0,276.6999816894531,75.94793180796557,6.081126282573403,0,0
2020-11-02T10:00:00Z,1.4599853515625227,0,276.6999816894531,76.96332044311282,6.830944005613283,0,0
2020-11-02T11:00:00Z,1.5799804687500227,0,276.69000244140625,78.02014048867414,7.596340861189041,0,0
2020-11-02T12:00:00Z,1.7099853515625227,34.56800079345703,284.8999938964844,78.99862446101737,8.368661351435955,0,0
2020-11-02T13:00:00Z,1.9700256347656477,110.2800064086914,284.8899841308594,75.5874892238869,9.613323966280554,0.00462720000743866,0
2020-11-02T14:00:00Z,2.2300048828125227,173.20001220703125,284.8899841308594,72.27182880346336,10.968157924398584,0,0
2020-11-02T15:00:00Z,2.4899841308593977,257.2640075683594,276.1399841308594,69.0569330769683,12.375629099983003,0,0
2020-11-02T16:00:00Z,2.3900085449218977,292.8270263671875,276.1499938964844,67.20590338287474,12.136230307046509,0,0
2020-11-02T17:00:00Z,2.2999816894531477,289.49700927734375,276.1499938964844,65.28556306843174,11.912295520352467,0,0
2020-11-02T18:00:00Z,2.2000061035156477,443.5420227050781,248.22999572753903,63.36900569858371,11.697200279920851,0,0
2020-11-02T19:00:00Z,2.1799865722656477,365.9540100097656,248.22999572753903,63.861330292283995,11.024018695782246,0,0
2020-11-02T20:00:00Z,2.1700378417968977,254.9920196533203,248.22999572753903,64.31015444104217,10.365760554662756,0,0
2020-11-02T21:00:00Z,2.1499877929687727,78.64000701904297,246.80999755859375,64.79770947267023,9.714345182024429,0,0
2020-11-02T22:00:00Z,1.6599975585937727,0,246.8199920654297,66.30134599424609,8.432585488119887,0,0
2020-11-02T23:00:00Z,1.1700073242187727,0,246.83999633789065,67.83659872837313,7.24625397517405,0,0
2020-11-03T00:00:00Z,0.6800476074218977,0,268.8599853515625,69.40496223335131,6.192131952252718,0,0
2020-11-03T01:00:00Z,1.1199890136718977,0,268.8500061035156,67.96706264050606,6.411941848095559,0,0
2020-11-03T02:00:00Z,1.5500427246093977,0,268.8299865722656,66.60558021960648,6.842002264330504,0,0
2020-11-03T03:00:00Z,1.9800048828125227,0,254.97000122070313,65.2794960439333,7.432307494281979,0,0
2020-11-03T04:00:00Z,2.1700073242187727,0,254.95999145507813,65.76892516930333,7.805395608622863,0,0
2020-11-03T05:00:00Z,2.3599792480468977,0,254.9499969482422,66.2354186479465,8.178508324915697,0,0
2020-11-03T06:00:00Z,2.5599914550781477,0,268.75,66.62301695175562,8.546203479358475,0,0
2020-11-03T07:00:00Z,2.7900329589843977,0,268.739990234375,68.90703271527359,8.364598033627665,0,0
2020-11-03T08:00:00Z,3.0199829101562727,0,268.7200012207031,71.10676834583607,8.22766696267891,0,0
2020-11-03T09:00:00Z,3.2499938964843977,0,274.0199890136719,73.20317283050632,8.157266388130866,0,0
2020-11-03T10:00:00Z,3.4099975585937727,0,274.0099792480469,75.11785692506328,7.803691148054833,0,0
2020-11-03T11:00:00Z,3.5700317382812727,0,274,76.98595209642377,7.710803840568716,0,0
2020-11-03T12:00:00Z,3.7199951171875227,30.052001953125,317.42999267578125,78.86648150288148,7.890227871820632,2.496000006794928e-4,0
2020-11-03T13:00:00Z,4.379998779296898,99.4080047607422,317.3999938964844,75.02935158546417,7.5785549948229,0,0
2020-11-03T14:00:00Z,5.049981689453148,157.05601501464844,317.3699951171875,71.35866936031658,7.423058701942039,0,0
2020-11-03T15:00:00Z,5.709985351562523,365.0400085449219,296.5799865722656,67.92324899780124,7.417007497978355,0,0
2020-11-03T16:00:00Z,5.890039062500023,415.85302734375,296.5799865722656,65.61691523737933,7.004091555811241,0,0
2020-11-03T17:00:00Z,6.070031738281273,411.2030334472656,296.5799865722656,63.363579888767084,6.592632065666433,0,0
2020-11-03T18:00:00Z,6.250024414062523,408.8360290527344,286.04998779296875,61.14763136989105,6.182919865028615,0,0
2020-11-03T19:00:00Z,5.969995117187523,336.8260192871094,286.07000732421875,60.50787942108271,5.6605388795447285,0,0
2020-11-03T20:00:00Z,5.689996337890648,233.79200744628903,286.0799865722656,59.81876430915754,5.136973833395071,0,0
2020-11-03T21:00:00Z,5.409997558593773,73.600006103515625,254.47999572753903,59.08013975211904,4.614986300525607,0,0
2020-11-03T22:00:00Z,4.079980468750023,0,254.51998901367188,64.13523034140285,3.9740405510646326,0,0
2020-11-03T23:00:00Z,2.7499938964843977,0,254.5699920654297,69.68580098451635,3.336614977474036,0,0
2020-11-04T00:00:00Z,1.4200073242187727,0,290.1300048828125,75.77398086571677,2.7206799219723563,0,0
2020-11-04T01:00:00Z,1.8500000000000227,0,290.1099853515625,74.9711416461485,1.488522676501149,0,0
2020-11-04T02:00:00Z,2.2699829101562727,0,290.0899963378906,74.2098632182704,0.8962700045120805,0,0
2020-11-04T03:00:00Z,2.7000061035156477,0,285,73.38795105059624,1.7973869914593938,0,0
2020-11-04T04:00:00Z,2.5299926757812727,0,285.0099792480469,74.14018724847413,2.066712367370306,0,0
2020-11-04T05:00:00Z,2.3599792480468977,0,285.0199890136719,74.90954583198248,2.3964347827210415,0,0
2020-11-04T06:00:00Z,2.1899963378906477,0,257.17999267578125,75.68581843156578,2.772381538013615,0,0
2020-11-04T07:00:00Z,2.0500427246093977,0,257.17999267578125,77.11882259815276,2.8706793419037955,0,0
2020-11-04T08:00:00Z,1.9099975585937727,0,257.19000244140625,78.58503605828975,3.039078689806654,0,0
2020-11-04T09:00:00Z,1.7699829101562727,0,247.1999969482422,80.0740029137505,3.285391875891726,0,0
2020-11-04T10:00:00Z,1.7699829101562727,0,247.1999969482422,81.46568640431234,3.131293691303664,0,0
2020-11-04T11:00:00Z,1.7699829101562727,0,247.1999969482422,82.85223991883467,2.990401193661043,0,0
2020-11-04T12:00:00Z,1.7799926757812727,60.9160041809082,252.6999969482422,84.18990264503822,2.8602447065123195,0,0
2020-11-04T13:00:00Z,4.050042724609398,209.47201538085935,252.61000061035156,77.73747548004069,3.600347110079315,0,0
2020-11-04T14:00:00Z,6.309991455078148,332.94403076171875,252.51998901367188,71.57484362018457,4.451662683100736,0,0
2020-11-04T15:00:00Z,8.579980468750023,443.6640319824219,276.1000061035156,65.68086815245341,5.344427027470836,0,0
2020-11-04T16:00:00Z,10.059991455078148,505.8890380859375,276.0400085449219,65.13173085493733,5.932832415881121,0,0
2020-11-04T17:00:00Z,11.540002441406273,500.2950134277344,275.9700012207031,64.14376321065741,6.548664075444656,0,0
2020-11-04T18:00:00Z,13.019982910156273,458.541015625,285.6300048828125,62.821951396891485,7.177213830215685,0,0
2020-11-04T19:00:00Z,13.049981689453148,377.20501708984375,285.6199951171875,64.72501216885696,6.83078294854661,0,0
2020-11-04T20:00:00Z,13.070001220703148,260.8170166015625,285.6099853515625,66.66281813535285,6.471676559566761,0,0
2020-11-04T21:00:00Z,13.089990234375023,63.31200408935547,272.3999938964844,68.59325735749634,6.126091785516701,0,0
2020-11-04T22:00:00Z,11.879998779296898,0,272.4499816894531,72.99918259291421,6.10223723644813,0,0
2020-11-04T23:00:00Z,10.670007324218773,0,272.489990234375,77.71614749490573,6.086854428927242,0,0
2020-11-05T00:00:00Z,9.450036621093773,0,265.989990234375,82.82473110097817,6.080007866992389,0,0
2020-11-05T01:00:00Z,9.189996337890648,0,266.0099792480469,83.03174540665673,6.01715039986164,0,0
2020-11-05T02:00:00Z,8.920007324218773,0,266.0199890136719,83.27753928647505,5.94280246804181,0,0
2020-11-05T03:00:00Z,8.649987792968773,0,264.0400085449219,83.51124178986694,5.8791155336762175,0,0
2020-11-05T04:00:00Z,8.299981689453148,0,264.05999755859375,84.27063637159118,5.492294521646731,0,0
2020-11-05T05:00:00Z,7.939996337890648,0,264.07000732421875,85.07870589032603,5.114733371105901,0,0
2020-11-05T06:00:00Z,7.579980468750023,0,262.05999755859375,85.87948083025624,4.742204041202361,0,0
2020-11-05T07:00:00Z,7.350000000000023,0,262.07000732421875,86.22418255128161,4.509988910339999,0,0
2020-11-05T08:00:00Z,7.119989013671898,0,262.0799865722656,86.56393517162864,4.285440432393455,0,0
2020-11-05T09:00:00Z,6.890008544921898,0,259.3699951171875,86.89450250257077,4.079215451897945,0,0
2020-11-05T10:00:00Z,6.730004882812523,0,259.3699951171875,87.54381387250412,3.958092932029843,0,0
2020-11-05T11:00:00Z,6.570001220703148,0,259.3800048828125,88.19311417562305,3.837134153267256,0,0
2020-11-05T12:00:00Z,6.409997558593773,57.92000198364258,267.25,88.85389655396962,3.716355662930411,0,0
2020-11-05T13:00:00Z,8.969995117187523,207.6640167236328,267.1499938964844,82.25222883774072,4.493484056649302,0,0
2020-11-05T14:00:00Z,11.540002441406273,332.1280212402344,267.04998779296875,75.66299505392485,5.2873431012477905,0,0
2020-11-05T15:00:00Z,14.100030517578148,440.7840270996094,292.67999267578125,69.34612183926268,6.108158089920806,0,0
2020-11-05T16:00:00Z,15.429986572265648,503.0630187988281,292.6300048828125,66.21525803217007,6.670322317002259,0,0
2020-11-05T17:00:00Z,16.749993896484398,497.6170349121094,292.57000732421875,63.211770938720846,7.2388396595728235,0,0
2020-11-05T18:00:00Z,18.079980468750023,454.71002197265625,302.9599914550781,60.26396418527184,7.817678633754228,0,0
2020-11-05T19:00:00Z,17.790032958984398,373.5220031738281,302.9700012207031,62.33369537393101,7.381307264088112,0,0
2020-11-05T20:00:00Z,17.510003662109398,257.2740173339844,302.9700012207031,64.42048216890326,6.954207337841263,0,0
2020-11-05T21:00:00Z,17.220025634765648,66.89600372314453,294.1099853515625,66.60623531204213,6.561440331417748,0,0
2020-11-05T22:00:00Z,15.969995117187523,0,294.1499938964844,71.81655531305523,6.609281127291915,0,0
2020-11-05T23:00:00Z,14.730004882812523,0,294.1999816894531,77.43874340596267,6.664082770367079,0,0
2020-11-06T00:00:00Z,13.480035400390648,0,290.5899963378906,83.6127442170029,6.717268568850145,0,0
2020-11-06T01:00:00Z,12.939996337890648,0,290.6099853515625,84.57957727468754,6.393574567176055,0,0
2020-11-06T02:00:00Z,12.390008544921898,0,290.6399841308594,85.5763311654965,6.065310979356806,0,0
2020-11-06T03:00:00Z,11.850000000000023,0,284.8899841308594,86.48389964587184,5.750660907860039,0,0
2020-11-06T04:00:00Z,11.600000000000023,0,284.8999938964844,86.91521329428963,5.5027265067581475,0,0
2020-11-06T05:00:00Z,11.350000000000023,0,284.9100036621094,87.34403477384254,5.2640003188489715,0,0
2020-11-06T06:00:00Z,11.100000000000023,0,288.7900085449219,87.76054422461125,5.040813350783981,0,0
2020-11-06T07:00:00Z,10.799981689453148,0,288.80999755859375,87.82228237153934,4.463507577492491,0,0
2020-11-06T08:00:00Z,10.489984130859398,0,288.82000732421875,87.91186541921257,3.8820740618296,0,0
2020-11-06T09:00:00Z,10.179986572265648,0,304.9599914550781,87.97070881785689,3.3087912723747133,0,0
2020-11-06T10:00:00Z,10.189996337890648,0,304.9599914550781,88.32605064911418,3.1980305743297697,0,0
2020-11-06T11:00:00Z,10.189996337890648,0,304.9499816894531,88.73936305677982,3.0988545423617735,0,0
2020-11-06T12:00:00Z,10.200006103515648,54.39600372314453,302.5099792480469,89.08810099108422,3.0195527645869564,0,0
2020-11-06T13:00:00Z,12.439996337890648,204.01600646972656,302.41998291015625,79.11031579924878,3.225042612932772,0,0
2020-11-06T14:00:00Z,14.679986572265648,328.4000244140625,302.3299865722656,70.36068805962185,3.4852833328114308,0,0
2020-11-06T15:00:00Z,16.920007324218773,435.7120056152344,299.8599853515625,62.67069919583623,3.783450662891396,0,0
2020-11-06T16:00:00Z,17.969995117187523,497.7440185546875,299.82000732421875,58.682631181172475,4.712462140768549,0,0
2020-11-06T17:00:00Z,19.010003662109398,492.46002197265625,299.7900085449219,55.012477254635066,5.762924335206098,0,0
2020-11-06T18:00:00Z,20.059991455078148,450.8690185546875,306.1099853515625,51.56376128975092,6.876953967461924,0,0
2020-11-06T19:00:00Z,19.510003662109398,369.8130187988281,306.1300048828125,54.055183146674146,6.237731929526455,0,0
2020-11-06T20:00:00Z,18.959985351562523,253.74801635742188,306.1499938964844,56.66412590797277,5.607468113887235,0,0
2020-11-06T21:00:00Z,18.409997558593773,58.224002838134766,293.55999755859375,59.40245270007377,4.990560886093052,0,0
2020-11-06T22:00:00Z,16.920037841796898,0,293.6199951171875,63.994971708035216,4.727155480784843,0,0
2020-11-06T23:00:00Z,15.439996337890648,0,293.67999267578125,68.93944847105888,4.480178539771599,0,0
2020-11-07T00:00:00Z,13.950036621093773,0,282.3800048828125,74.35674082388856,4.2355754484982295,0,0
2020-11-07T01:00:00Z,13.309991455078148,0,282.4100036621094,75.23732784083866,4.068316567394359,0,0
2020-11-07T02:00:00Z,12.670007324218773,0,282.44000244140625,76.07233444693902,3.911431810024803,0,0
2020-11-07T03:00:00Z,12.029992675781273,0,277.1000061035156,76.85306838984583,3.7752482004234023,0,0
2020-11-07T04:00:00Z,11.630029296875023,0,277.1199951171875,77.07584658104294,3.6849016570603506,0,0
2020-11-07T05:00:00Z,11.239984130859398,0,277.1399841308594,77.20833199372203,3.630895170232135,0,0
2020-11-07T06:00:00Z,10.839990234375023,0,272.04998779296875,77.34654000459955,3.629269801711281,0,0
2020-11-07T07:00:00Z,10.579980468750023,0,272.05999755859375,77.24497737705224,3.6001249024602284,0,0
2020-11-07T08:00:00Z,10.309991455078148,0,272.0799865722656,77.16781533155468,3.6388046502976303,0,0
2020-11-07T09:00:00Z,10.040002441406273,0,271.7799987792969,77.06571238635709,3.7513329902425294,0,0
2020-11-07T10:00:00Z,9.839990234375023,0,271.7900085449219,77.3060292828308,3.538601323517713,0,0
2020-11-07T11:00:00Z,9.640008544921898,0,271.79998779296875,77.53818370990564,3.3205570709127286,0,0
2020-11-07T12:00:00Z,9.439996337890648,50.448001861572266,281.2200012207031,77.76539326507717,3.1242438098143785,0,0
2020-11-07T13:00:00Z,12.059991455078148,198.68800354003903,281.1099853515625,71.67366589387598,2.6921551605248286,0,0
2020-11-07T14:00:00Z,14.689996337890648,321.9280090332031,281.0099792480469,65.70100983130983,2.3703374142679636,0,0
2020-11-07T15:00:00Z,17.309991455078148,434.1280212402344,305.91998291015625,60.048078553485745,2.207555084815686,0,0
2020-11-07T16:00:00Z,18.659997558593773,496.4320373535156,305.8599853515625,56.42506390705715,2.898068223849162,0,0
2020-11-07T17:00:00Z,19.999993896484398,491.260009765625,305.80999755859375,53.065238455310464,3.6556804632035136,0,0
2020-11-07T18:00:00Z,21.350000000000023,448.5960083007813,309.5199890136719,49.88933932797941,4.458800279394244,0,0
2020-11-07T19:00:00Z,20.800042724609398,367.4440307617187,309.5299987792969,53.2846826229989,4.007455453155099,0,0
2020-11-07T20:00:00Z,20.239984130859398,251.17100524902344,309.54998779296875,56.901583528514436,3.5643793168728255,0,0
2020-11-07T21:00:00Z,19.689996337890648,55.36000442504883,291.489990234375,60.68388348970141,3.114000652749882,0,0
2020-11-07T22:00:00Z,18.140008544921898,0,291.54998779296875,63.93382868735998,3.286898273444376,0,0
2020-11-07T23:00:00Z,16.589990234375023,0,291.6099853515625,67.28482965945295,3.465169352456655,0,0
2020-11-08T00:00:00Z,15.040002441406273,0,276.29998779296875,70.71743940695708,3.6480266971228246,0,0
2020-11-08T01:00:00Z,14.549981689453148,0,276.3299865722656,69.61875878585946,3.4800574719407824,0,0
2020-11-08T02:00:00Z,14.050042724609398,0,276.3500061035156,68.42490659784357,3.3932432310424288,0,0
2020-11-08T03:00:00Z,13.559991455078148,0,270.29998779296875,67.02990572856369,3.3807986065970486,0,0
2020-11-08T04:00:00Z,13.040002441406273,0,270.32000732421875,67.05474583828561,3.2330326511468477,0,0
2020-11-08T05:00:00Z,12.519982910156273,0,270.3500061035156,67.00176272807974,3.1403342930708256,0,0
2020-11-08T06:00:00Z,11.999993896484398,0,267.0299987792969,66.87858004661514,3.1053824597309685,0,0
2020-11-08T07:00:00Z,11.820001220703148,0,267.0400085449219,65.80864672375296,2.9079890117909923,0,0
2020-11-08T08:00:00Z,11.629998779296898,0,267.04998779296875,64.74511846364688,2.719117523678311,0,0
2020-11-08T09:00:00Z,11.450006103515648,0,264.66998291015625,63.601570270248686,2.5433246236262894,0,0
2020-11-08T10:00:00Z,11.059991455078148,0,264.67999267578125,64.42166228586309,2.4714569802982496,0,0
2020-11-08T11:00:00Z,10.659997558593773,0,264.6999816894531,65.28917270191712,2.486000817855001,0,0
2020-11-08T12:00:00Z,10.269982910156273,48.29600143432617,268.8699951171875,66.11275586831687,2.5983455485431395,0,0
2020-11-08T13:00:00Z,12.739984130859398,200.59600830078125,268.7699890136719,62.623080079369245,2.232241004079387,0,0
2020-11-08T14:00:00Z,15.209985351562523,327.2400207519531,268.66998291015625,58.833808378538315,1.871281911876345,0,0
2020-11-08T15:00:00Z,17.679986572265648,436.5600280761719,296.2699890136719,54.92742920675337,1.5115885435821756,0,0
2020-11-08T16:00:00Z,19.040002441406273,499.7200317382813,296.2200012207031,50.9211651768298,0.8011241662873316,0,0
2020-11-08T17:00:00Z,20.399987792968773,494.64703369140625,296.16998291015625,47.23897983465708,0.11661903209585732,0,0
2020-11-08T18:00:00Z,21.760003662109398,450.9220275878906,301.6499938964844,43.85377035492339,0.6139217831653153,0,0
2020-11-08T19:00:00Z,21.100000000000023,368.83203125,301.6600036621094,47.61224670870781,1.0941663141799638,0,0
2020-11-08T20:00:00Z,20.450006103515648,251.1850128173828,301.67999267578125,51.589596727833545,1.678392009484421,0,0
2020-11-08T21:00:00Z,19.799981689453148,54.19200134277344,284.8899841308594,55.82312645443227,2.2909386364891473,0,0
2020-11-08T22:00:00Z,18.510003662109398,0,284.94000244140625,58.010822023039516,2.480725648759912,0,0
2020-11-08T23:00:00Z,17.219995117187523,0,284.989990234375,60.20674285161381,2.658006621307328,0,0
2020-11-09T00:00:00Z,15.929986572265648,0,277.07000732421875,62.39304304235138,2.8425516781097593,0,0
2020-11-09T01:00:00Z,15.469995117187523,0,277.0899963378906,63.07040813502591,2.3038446137677995,0,0
2020-11-09T02:00:00Z,15.010003662109398,0,277.1000061035156,63.74062233163092,1.8977091508875394,0,0
2020-11-09T03:00:00Z,14.559991455078148,0,272.3999938964844,64.35452962450576,1.7107307568606052,0,0
2020-11-09T04:00:00Z,13.969995117187523,0,272.41998291015625,65.57301458204854,1.7280334945513212,0,0
2020-11-09T05:00:00Z,13.390008544921898,0,272.4499816894531,66.75545566279973,1.7835357530265104,0,0
2020-11-09T06:00:00Z,12.809991455078148,0,268,67.94013507214636,1.8694383680749669,0,0
2020-11-09T07:00:00Z,12.399987792968773,0,268.0199890136719,68.81271763585401,1.8910843135318105,0,0
2020-11-09T08:00:00Z,11.989984130859398,0,268.0299987792969,69.68430047956197,1.9416487556526425,0,0
2020-11-09T09:00:00Z,11.589990234375023,0,265.0899963378906,70.51529494219689,2.018960118664136,0,0
2020-11-09T10:00:00Z,11.200006103515648,0,265.1099853515625,71.78907396305685,2.1064186935334575,0,0
2020-11-09T11:00:00Z,10.820001220703148,0,265.1199951171875,73.04033938030685,2.222520952801801,0,0
2020-11-09T12:00:00Z,10.429986572265648,43.68800354003906,273.3500061035156,74.36495837542971,2.3503404205169254,0,0
2020-11-09T13:00:00Z,12.659997558593773,192.31201171875,273.2599792480469,69.64363937275529,2.2059237655339636,0,0
2020-11-09T14:00:00Z,14.879998779296898,315.9120178222656,273.17999267578125,64.99814940612595,2.1023082054646167,0,0
2020-11-09T15:00:00Z,17.109979248046898,426.76800537109375,303.6199951171875,60.42900325166686,2.074536054817825,0,0
2020-11-09T16:00:00Z,18.529992675781273,489.0370178222656,303.55999755859375,57.28886922872555,2.52875458815456,0,0
2020-11-09T17:00:00Z,19.959985351562523,484.2160339355469,303.5,54.252236681506396,2.984643904373879,0,0
2020-11-09T18:00:00Z,21.379998779296898,438.7020263671875,312.7699890136719,51.38924760438281,3.4360005477665037,0,0
2020-11-09T19:00:00Z,20.769982910156273,358.3650207519531,312.7799987792969,56.16132464838557,3.1205447584272594,0,0
2020-11-09T20:00:00Z,20.149987792968773,243.14300537109375,312.78997802734375,61.2744780472476,2.8058865079400372,0,0
2020-11-09T21:00:00Z,19.540002441406273,49.00800323486328,298.6199951171875,66.67269472761367,2.4917664636531347,0,0
2020-11-09T22:00:00Z,18.109979248046898,0,298.67999267578125,70.43224761216865,2.8132010062526303,0,0
2020-11-09T23:00:00Z,16.679986572265648,0,298.72998046875,74.36816872420654,3.1304951151876907,0,0
2020-11-10T00:00:00Z,15.250024414062523,0,284.8699951171875,78.48909206590896,3.4392149454149252,0,0
2020-11-10T01:00:00Z,14.640008544921898,0,284.8899841308594,78.57769349507247,3.445765543340441,0,0
2020-11-10T02:00:00Z,14.040002441406273,0,284.91998291015625,78.5104904632747,3.478059661210393,0,0
2020-11-10T03:00:00Z,13.429986572265648,0,281.9599914550781,78.3693614030591,3.5249539267051833,0,0
2020-11-10T04:00:00Z,13.040002441406273,0,281.9700012207031,80.28306737119364,3.5902645783434872,0,0
2020-11-10T05:00:00Z,12.649987792968773,0,281.989990234375,82.24809687494154,3.667424210985519,0,0
2020-11-10T06:00:00Z,12.260003662109398,0,280.54998779296875,84.26947183931507,3.748332930994982,0,0
2020-11-10T07:00:00Z,11.980004882812523,0,280.55999755859375,85.10306628554038,3.7326262499849143,0,0
2020-11-10T08:00:00Z,11.700006103515648,0,280.5799865722656,85.93837538293668,3.7526122830573425,0,0
2020-11-10T09:00:00Z,11.429986572265648,0,281.239990234375,86.72116284318744,3.7919123497703735,0,0
2020-11-10T10:00:00Z,11.369989013671898,0,281.239990234375,86.98779331349792,3.746037708258674,0,0
2020-11-10T11:00:00Z,11.320001220703148,0,281.239990234375,87.20082180694216,3.7144177503210187,0,0
2020-11-10T12:00:00Z,11.260003662109398,39.21200180053711,294.7200012207031,87.47267557977226,3.6942386217006016,0,0
2020-11-10T13:00:00Z,13.499993896484398,183.9840087890625,294.6199951171875,83.72502251495038,4.082082819019543,0,0
2020-11-10T14:00:00Z,15.739984130859398,304.416015625,294.5199890136719,79.52472793435705,4.484016024862916,0,0
2020-11-10T15:00:00Z,17.980004882812523,413.5520324707031,328.2699890136719,75.08428248198906,4.886000184284389,0,0
2020-11-10T16:00:00Z,19.350000000000023,474.3940124511719,328.1999816894531,72.34526252375473,5.548116799920354,0,0
2020-11-10T17:00:00Z,20.719995117187523,469.87103271484375,328.1399841308594,69.59686847404517,6.20233011133761,0,0
2020-11-10T18:00:00Z,22.089990234375023,424.3810119628906,341.3800048828125,66.85650570867146,6.856617188461378,0,0
2020-11-10T19:00:00Z,21.790002441406273,346.2200012207031,341.3899841308594,69.57576791252235,6.542697997954498,0,0
2020-11-10T20:00:00Z,21.489984130859398,234.0240173339844,341.3899841308594,72.37460115719274,6.242563183410891,0,0
2020-11-10T21:00:00Z,21.189996337890648,54.30400085449219,327.8699951171875,75.25925735510859,5.958296706265355,0,0
2020-11-10T22:00:00Z,19.909997558593773,0,327.91998291015625,80.14821642765578,5.698429292832444,0,0
2020-11-10T23:00:00Z,18.629998779296898,0,327.9700012207031,85.39025214696746,5.447531262991264,0,0
2020-11-11T00:00:00Z,17.350000000000023,0,306.5199890136719,91.01957788217575,5.196777902178928,0,0
2020-11-11T01:00:00Z,16.859979248046898,0,306.53997802734375,91.44937565552438,5.349579228762272,0,0
2020-11-11T02:00:00Z,16.379998779296898,0,306.55999755859375,91.76779108619243,5.50705876292418,0,0
2020-11-11T03:00:00Z,15.899987792968773,0,309.94000244140625,92.01995584122378,5.660830161845667,0,0
2020-11-11T04:00:00Z,15.809991455078148,0,309.9499816894531,92.46149175578178,5.862183863267941,0,0
2020-11-11T05:00:00Z,15.730004882812523,0,309.9499816894531,92.8451470579279,6.0653111059303315,0,0
2020-11-11T06:00:00Z,15.649987792968773,0,317.75,93.2284216950361,6.268117580913417,0,0
2020-11-11T07:00:00Z,15.609979248046898,0,317.75,94.16824101224275,6.279434587878015,0,0
2020-11-11T08:00:00Z,15.570001220703148,0,317.739990234375,95.10884813772462,6.287590723630739,0,0
2020-11-11T09:00:00Z,15.529992675781273,0,328.07000732421875,96.05604661030678,6.309675067872171,0,0
2020-11-11T10:00:00Z,15.719995117187523,0,328.05999755859375,96.01858105638418,6.401765461202151,0,0
2020-11-11T11:00:00Z,15.909997558593773,0,328.04998779296875,95.9685476249265,6.4986921635758135,0,0
2020-11-11T12:00:00Z,16.100000000000023,34.55400085449219,335.9700012207031,95.90880859673098,6.587510600231707,0.005932799935340882,0
2020-11-11T13:00:00Z,17.589990234375023,173.96800231933594,335.8999938964844,91.80716832174343,6.994662189547777,0,0
2020-11-11T14:00:00Z,19.079980468750023,289.968017578125,335.8299865722656,87.74468062507314,7.397350752660219,0,0
2020-11-11T15:00:00Z,20.579980468750023,236.92800903320313,386.5299987792969,83.68760959177607,7.804677892425094,0,0
2020-11-11T16:00:00Z,20.920007324218773,272.093017578125,386.5099792480469,83.51010741154488,8.197865435396983,0,0
2020-11-11T17:00:00Z,21.269982910156273,269.5790100097656,386.489990234375,83.25536303688634,8.595591805684592,0,0
2020-11-11T18:00:00Z,21.610040283203148,214.86900329589844,396.8599853515625,83.02571808721108,8.997255102737482,0,0
2020-11-11T19:00:00Z,21.320001220703148,175.06201171875,396.8699951171875,85.91862253179804,8.261942609652769,0.01595519971847534,0
2020-11-11T20:00:00Z,21.029992675781273,117.9050064086914,396.8800048828125,88.89113023188692,7.5573077537977085,0.010876799583435058,0
2020-11-11T21:00:00Z,20.740045166015648,31.920001983642575,401.9700012207031,91.94731142732188,6.887561045201331,0.030432000160217285,0
2020-11-11T22:00:00Z,20.450006103515648,0,401.989990234375,92.94074406696502,6.555867507301283,0.05648640060424805,0
2020-11-11T23:00:00Z,20.170007324218773,0,402.0099792480469,93.88254117000149,6.233618547404834,0.05153279685974121,0
2020-11-12T00:00:00Z,19.890008544921898,0,389.9499816894531,94.83196127752612,5.916628780816804,0.06700799560546875,0
2020-11-12T01:00:00Z,19.480004882812523,0,389.9700012207031,95.61937504360054,4.950201857959293,0.07434239959716797,0
2020-11-12T02:00:00Z,19.070001220703148,0,390,96.38892265693077,3.986940967368687,0.0048767999410629275,0
2020-11-12T03:00:00Z,18.659997558593773,0,379.8299865722656,97.13892095809871,3.029867975235419,4.031999856233597e-4,0
2020-11-12T04:00:00Z,18.189996337890648,0,379.8599853515625,97.14503652215753,2.7907882713578576,0,0
2020-11-12T05:00:00Z,17.709985351562523,0,379.8899841308594,97.13644655045951,2.582111460620918,0,0
2020-11-12T06:00:00Z,17.230004882812523,0,365.6600036621094,97.04061589843121,2.4117420860968153,0,0
2020-11-12T07:00:00Z,16.939996337890648,0,365.6799926757813,96.77163419681975,1.7664653255904494,0,0
2020-11-12T08:00:00Z,16.640008544921898,0,365.6999816894531,96.5232335261881,1.9109421689092663,0,0
2020-11-12T09:00:00Z,16.350000000000023,0,367.91998291015625,96.16571919509074,2.7083943097297754,0,0
2020-11-12T10:00:00Z,15.820001220703148,0,367.9599914550781,93.9737647578309,2.902912227458764,0,0
2020-11-12T11:00:00Z,15.290002441406273,0,367.989990234375,91.52104083955727,3.272460662067695,0,0
2020-11-12T12:00:00Z,14.760003662109398,12.068000793457031,370.66998291015625,88.78447097524462,3.765315381679909,0,0
2020-11-12T13:00:00Z,13.679986572265648,65.720001220703125,370.739990234375,88.57720956268201,4.439380678460305,5.183999687433243e-4,0
2020-11-12T14:00:00Z,12.609979248046898,110.36800384521484,370.80999755859375,87.82736007569996,5.122674814348564,0.06051840019226074,0
2020-11-12T15:00:00Z,11.529992675781273,195.3280029296875,357.8500061035156,86.58048580089776,5.8210994074672024,0.044505598068237305,0
2020-11-12T16:00:00Z,11.459985351562523,224.5640106201172,357.8599853515625,83.42517401847576,5.52134020275026,0.0333120002746582,0
2020-11-12T17:00:00Z,11.379998779296898,222.57701110839844,357.8800048828125,80.29428616961428,5.256472102495143,0,0
2020-11-12T18:00:00Z,11.309991455078148,285.98699951171875,340.1999816894531,77.07170083826293,5.043253017894547,0.018892799377441406,0
2020-11-12T19:00:00Z,11.549981689453148,232.7150115966797,340.19000244140625,75.07801829023582,4.31967582775571,0,0
2020-11-12T20:00:00Z,11.799981689453148,156.1850128173828,340.17999267578125,73.07803068361045,3.8263297674730623,0,0
2020-11-12T21:00:00Z,12.040002441406273,64.30400085449219,299.2599792480469,71.17523148428545,3.6479171754643156,0,0
2020-11-12T22:00:00Z,11.129998779296898,0,299.2900085449219,74.14938450512102,3.372358108600938,0,0
2020-11-12T23:00:00Z,10.219995117187523,0,299.3299865722656,77.24499759067099,3.16425349471466,0,0
2020-11-13T00:00:00Z,9.299981689453148,0,277.3899841308594,80.51801419672648,3.039490061046367,0,0
2020-11-13T01:00:00Z,8.649987792968773,0,277.41998291015625,81.25382725081342,2.696961258765228,0,0
2020-11-13T02:00:00Z,7.989984130859398,0,277.4499816894531,81.96120346240586,2.3930105613072157,0,0
2020-11-13T03:00:00Z,7.329980468750023,0,310.2799987792969,82.5814595981775,2.13770901348521,0,0
2020-11-13T04:00:00Z,7.339990234375023,0,310.2799987792969,82.86763178831433,2.0080338151248314,0,0
2020-11-13T05:00:00Z,7.350000000000023,0,310.2799987792969,83.14552527256562,1.9300258540610824,0,0
2020-11-13T06:00:00Z,7.359979248046898,0,297.55999755859375,83.4308761765008,1.9173157755897172,0,0
2020-11-13T07:00:00Z,6.999993896484398,0,297.5799865722656,84.08991549463799,1.946997650397814,0,0
2020-11-13T08:00:00Z,6.640008544921898,0,297.5899963378906,84.74086231556149,2.013578823067131,0,0
2020-11-13T09:00:00Z,6.279992675781273,0,307.54998779296875,85.37371167291542,2.1388314150369605,0,0
2020-11-13T10:00:00Z,6.359979248046898,0,307.53997802734375,86.9781333004646,1.8536719703843116,0.003552000045776367,0
2020-11-13T11:00:00Z,6.429986572265648,0,307.53997802734375,88.63131470032806,1.5814549596736545,0.015609599590301514,0
2020-11-13T12:00:00Z,6.499993896484398,13.100000381469728,337.17999267578125,90.26058346989964,1.3301502911476697,0,0
2020-11-13T13:00:00Z,6.989984130859398,77.9280014038086,337.1499938964844,89.90183580326145,1.6324827826849468,0.00231360000371933,0
2020-11-13T14:00:00Z,7.480004882812523,131.9040069580078,337.1300048828125,89.48185967570211,1.9505896447573225,0.0039936000108718875,0
2020-11-13T15:00:00Z,7.969995117187523,132.72000122070313,354.8399963378906,88.99239657108133,2.293141799245561,0.005015999794006348,0
2020-11-13T16:00:00Z,8.529992675781273,152.75401306152344,354.80999755859375,89.66389009742534,1.3661990710623204,0.007219199895858765,0
2020-11-13T17:00:00Z,9.089990234375023,151.45700073242188,354.7699890136719,90.16988408808642,1.2903100384877906,0.008990399837493895,0
2020-11-13T18:00:00Z,9.649987792968773,195.94601440429688,343.3800048828125,90.52327877160832,2.1641626143781734,0.006335999965667725,0
2020-11-13T19:00:00Z,10.049981689453148,159.2620086669922,343.3599853515625,89.6371646815262,2.439610574652182,7.67999980598688e-5,0
2020-11-13T20:00:00Z,10.459985351562523,106.51400756835938,343.3399963378906,88.6836058372085,2.7223702233054246,0,0
2020-11-13T21:00:00Z,10.859979248046898,41.152000427246094,268.32000732421875,87.77411979943017,3.0052785205139907,0,0
2020-11-13T22:00:00Z,9.749993896484398,0,268.3599853515625,89.65741358001279,2.6044767790777374,0,0
2020-11-13T23:00:00Z,8.640008544921898,0,268.4100036621094,91.34807933694066,2.6300759205505146,0,0
2020-11-14T00:00:00Z,7.529992675781273,0,250.70999145507813,92.78938214883769,3.080843892662798,0,0
2020-11-14T01:00:00Z,6.780023193359398,0,250.75,90.55770160566325,3.2516149285858935,0,0
2020-11-14T02:00:00Z,6.029992675781273,0,250.77999877929688,87.83795929826033,3.5327326721863543,0,0
2020-11-14T03:00:00Z,5.290002441406273,0,235.1499938964844,84.52111321380525,3.896511088078079,0,0
2020-11-14T04:00:00Z,4.629998779296898,0,235.1699981689453,84.91204001408435,3.812413841024436,0,0
2020-11-14T05:00:00Z,3.9800048828125227,0,235.1999969482422,85.11034722599076,3.7653817707699058,0,0
2020-11-14T06:00:00Z,3.3200012207031477,0,232.92999267578125,85.22011975291278,3.7415770777035484,0,0
2020-11-14T07:00:00Z,2.9800048828125227,0,232.9399871826172,85.5666417023107,3.613488638236496,0,0
2020-11-14T08:00:00Z,2.6400085449218977,0,232.95999145507813,85.87714168340763,3.536240849312857,0,0
2020-11-14T09:00:00Z,2.2999816894531477,0,235.45999145507813,86.16134401367398,3.5131892644585965,0,0
2020-11-14T10:00:00Z,2.2600036621093977,0,235.45999145507813,87.0033595777723,3.4698269566199893,0,0
2020-11-14T11:00:00Z,2.2199951171875227,0,235.45999145507813,87.86210511986447,3.4167234863270766,0,0
2020-11-14T12:00:00Z,2.1899963378906477,21.768001556396484,285.1199951171875,88.6590341927483,3.363643817692893,0,0
2020-11-14T13:00:00Z,3.7999816894531477,143.13600158691406,285.05999755859375,78.2010024029472,4.057708694840043,0,0
2020-11-14T14:00:00Z,5.420007324218773,244.2080078125,285,69.02518849390255,4.837354412401648,0,0
2020-11-14T15:00:00Z,7.040002441406273,331.8240051269531,301.78997802734375,61.00970451113468,5.6813817490009315,0,0
2020-11-14T16:00:00Z,7.459985351562523,382.4080200195313,301.7799987792969,59.90319222154031,5.7338467657033565,0,0
2020-11-14T17:00:00Z,7.869989013671898,379.3110046386719,301.7599792480469,58.85263660350182,5.79883579425042,0,0
2020-11-14T18:00:00Z,8.290002441406273,365.2900085449219,297.29998779296875,57.77683203018602,5.869412080348877,0,0
2020-11-14T19:00:00Z,8.109979248046898,296.5559997558594,297.30999755859375,58.25477172089322,5.5542773612291585,0,0
2020-11-14T20:00:00Z,7.929986572265648,197.64700317382813,297.32000732421875,58.72612827648293,5.250190495077668,0,0
2020-11-14T21:00:00Z,7.749993896484398,46.28800201416016,277.0199890136719,59.211574809851804,4.953624840348146,0,0
2020-11-14T22:00:00Z,6.649987792968773,0,277.05999755859375,63.069026844557555,4.336473053720811,0,0
2020-11-14T23:00:00Z,5.549981689453148,0,277.1000061035156,67.21309295668964,3.7173242806295224,0,0
2020-11-15T00:00:00Z,4.450006103515648,0,239.72999572753903,71.66549959656702,3.1082148896440915,0,0
2020-11-15T01:00:00Z,3.5499816894531477,0,239.7599945068359,71.10844191089194,2.5121305401301512,0,0
2020-11-15T02:00:00Z,2.6599975585937727,0,239.79998779296875,70.14042323981265,2.1359072903755036,0,0
2020-11-15T03:00:00Z,1.7600036621093977,0,216.34999084472656,68.80867572382134,2.1185371265093287,0,0
2020-11-15T04:00:00Z,1.7300048828125227,0,216.34999084472656,68.43631827391964,1.2322742583893207,0,0
2020-11-15T05:00:00Z,1.7000061035156477,0,216.34999084472656,68.06699528855921,0.8759566044978104,0,0
2020-11-15T06:00:00Z,1.6799865722656477,0,214.5800018310547,67.64736994950857,1.4807092097929337,0,0
2020-11-15T07:00:00Z,1.3900085449218977,0,214.58999633789065,69.74252022098177,1.5996248658414138,0,0
2020-11-15T08:00:00Z,1.1000000000000227,0,214.59999084472656,71.90934914508661,1.8333030009216909,0,0
2020-11-15T09:00:00Z,0.8099914550781477,0,221.1199951171875,74.1352852437525,2.1600231466112776,0,0
2020-11-15T10:00:00Z,0.7600036621093977,0,221.1199951171875,74.62049724686305,2.4214251397892648,0,0
2020-11-15T11:00:00Z,0.7099853515625227,0,221.1199951171875,75.10603197637016,2.757263040676231,0,0
2020-11-15T12:00:00Z,0.6599975585937727,9.788000106811523,309.4700012207031,75.59575625470589,3.1206568763735283,0,0
2020-11-15T13:00:00Z,2.2900024414062727,72.22400665283203,309.3899841308594,70.58353139767566,4.185713684751098,0,0
2020-11-15T14:00:00Z,3.9200073242187727,124.23200225830078,309.32000732421875,65.84797566032162,5.286255490545323,0,0
2020-11-15T15:00:00Z,5.549981689453148,290.0160217285156,306.78997802734375,61.3771348361289,6.395693583527544,0,0
2020-11-15T16:00:00Z,7.029992675781273,334.6330261230469,306.7099914550781,63.67457279954555,8.17712050576348,0,0
2020-11-15T17:00:00Z,8.510003662109398,332.0740051269531,306.6300048828125,64.98058621834777,10.004249069137186,0,0
2020-11-15T18:00:00Z,9.980004882812523,250.64601135253903,340.2599792480469,65.52352917397337,11.869759910038638,0,0
2020-11-15T19:00:00Z,9.999993896484398,203.2620086669922,340.239990234375,72.5353866701685,11.812171447366769,0,0
2020-11-15T20:00:00Z,10.019982910156273,135.02000427246094,340.2200012207031,79.50949781402434,11.755406949273594,0,0
2020-11-15T21:00:00Z,10.040002441406273,16.75200080871582,357.9599914550781,86.44595178657922,11.6994780451428,0,0
2020-11-15T22:00:00Z,10.510034179687523,0,357.91998291015625,89.60958148627036,11.507653555209158,0.006388800144195557,0
2020-11-15T23:00:00Z,10.980004882812523,0,357.8899841308594,92.48153128331562,11.370153420385357,0.014731199741363525,0
2020-11-16T00:00:00Z,11.450006103515648,0,367.69000244140625,95.07678218658603,11.312408734028264,0.025281598091125488,0
2020-11-16T01:00:00Z,11.489984130859398,0,367.69000244140625,93.64860320081415,9.70118517945071,0.017375999450683594,0
2020-11-16T02:00:00Z,11.530023193359398,0,367.69000244140625,92.22806237613877,9.4681833298327,0.10196159362792968,0
2020-11-16T03:00:00Z,11.570001220703148,0,313.2599792480469,90.81708671258025,10.704036332523518,0.013478399276733399,0
2020-11-16T04:00:00Z,10.549981689453148,0,313.3299865722656,85.62512790610278,9.903175774686986,0,0
2020-11-16T05:00:00Z,9.540002441406273,0,313.3899841308594,79.19950807133664,9.393881230760627,0,0
2020-11-16T06:00:00Z,8.519982910156273,0,248.5099945068359,71.48498386226453,9.222217809170951,0,0
2020-11-16T07:00:00Z,7.619989013671898,0,248.54998779296875,71.34941787358883,8.941453636401848,0,0
2020-11-16T08:00:00Z,6.730004882812523,0,248.5800018310547,70.87834201819786,8.671631303695964,0,0
2020-11-16T09:00:00Z,5.830041503906273,0,296.91998291015625,70.14177098846459,8.392198645272362,0,0
2020-11-16T10:00:00Z,5.659997558593773,0,296.92999267578125,69.22519784260636,8.320348510552506,0,0
2020-11-16T11:00:00Z,5.490045166015648,0,296.94000244140625,68.27651281338704,8.24888480644986,0,0
2020-11-16T12:00:00Z,5.329980468750023,12.0600004196167,318.8899841308594,67.24818757877924,8.179663918395057,0,0
2020-11-16T13:00:00Z,6.129998779296898,101.86400604248048,318.8599853515625,64.4043671480808,8.204029118522271,0,0
2020-11-16T14:00:00Z,6.929986572265648,176.68800354003906,318.82000732421875,61.69803063461048,8.22856616715221,0,0
2020-11-16T15:00:00Z,7.739984130859398,266.2080078125,320.2699890136719,59.07355748267517,8.243348188185093,0,0
2020-11-16T16:00:00Z,8.109979248046898,307.54302978515625,320.25,59.4237032716399,8.278000322669584,0,0
2020-11-16T17:00:00Z,8.469995117187523,305.3190002441406,320.22998046875,59.75967538449239,8.32185612126388,0,0
2020-11-16T18:00:00Z,8.839990234375023,279.9820251464844,323.6099853515625,60.01163923212347,8.373558935960158,0,0
2020-11-16T19:00:00Z,8.519982910156273,226.8100128173828,323.6199951171875,61.27372245934766,7.831659907878417,0,0
2020-11-16T20:00:00Z,8.200006103515648,150.1580047607422,323.6300048828125,62.561333670495465,7.288964289061851,0,0
2020-11-16T21:00:00Z,7.880029296875023,37.23200225830078,311.17999267578125,63.883775047906596,6.757403136538912,0,0
2020-11-16T22:00:00Z,7.369989013671898,0,311.1999816894531,66.13432316278421,6.247631359604579,0,0
2020-11-16T23:00:00Z,6.859979248046898,0,311.2200012207031,68.4705889474493,5.73888473818708,0,0
2020-11-17T00:00:00Z,6.340020751953148,0,320.9499816894531,70.94924487239726,5.222968599425189,0,0
2020-11-17T01:00:00Z,6.140008544921898,0,320.9700012207031,68.62058263358448,5.267580087717813,0,0
2020-11-17T02:00:00Z,5.950006103515648,0,320.97998046875,66.17358482986666,5.350009250418546,0,0
2020-11-17T03:00:00Z,5.749993896484398,0,298.1099853515625,63.68977772624768,5.4685462337134165,0,0
2020-11-17T04:00:00Z,5.290002441406273,0,298.1300048828125,65.134683804700785,5.120478378839885,0,0
2020-11-17T05:00:00Z,4.820001220703148,0,298.1499938964844,66.66065553775307,4.789404705856024,0,0
2020-11-17T06:00:00Z,4.359979248046898,0,250.05999755859375,68.17568664798372,4.491770310005306,0,0
2020-11-17T07:00:00Z,3.7800231933593977,0,250.0800018310547,68.77506606218375,3.9982494396781103,0,0
2020-11-17T08:00:00Z,3.1900268554687727,0,250.11000061035156,69.37867524532403,3.506565094659508,0,0
2020-11-17T09:00:00Z,2.6100402832031477,0,252.2899932861328,69.87248129982382,3.0176147773171054,0,0
2020-11-17T10:00:00Z,2.2600036621093977,0,252.29998779296875,72.15710718668736,3.025524652901686,0,0
2020-11-17T11:00:00Z,1.9099975585937727,0,252.3199920654297,74.52674402574769,3.083017992226994,0,0
2020-11-17T12:00:00Z,1.5700012207031477,6.302000522613525,282.3800048828125,76.91085161436891,3.1968108416520975,0,0
2020-11-17T13:00:00Z,2.5900207519531477,62.544002532958984,282.3399963378906,72.5461709679951,3.063657802406961,0,0
2020-11-17T14:00:00Z,3.6099792480468977,109.42400360107422,282.29998779296875,68.4574480418581,2.960962690615629,0,0
2020-11-17T15:00:00Z,4.629998779296898,112.8800048828125,318.5899963378906,64.62442511684385,2.8916776906544492,0,0
2020-11-17T16:00:00Z,4.980004882812523,130.57301330566406,318.57000732421875,63.43564293482863,3.2900151593858125,0,0
2020-11-17T17:00:00Z,5.329980468750023,129.69801330566406,318.55999755859375,62.27435838491915,3.895150776008868,0,0
2020-11-17T18:00:00Z,5.679986572265648,91.20500183105467,324.0099792480469,61.13161150725837,4.617282463499114,0,0
2020-11-17T19:00:00Z,5.339990234375023,73.81200408935547,324.0299987792969,62.799102082207575,4.879754086399562,0,0
2020-11-17T20:00:00Z,4.989984130859398,48.70500183105469,324.03997802734375,64.55367400183366,5.156442452611088,0,0
2020-11-17T21:00:00Z,4.640039062500023,12.768000602722168,306.80999755859375,66.35656246697754,5.44518107229643,8.543999791145322e-4,0
2020-11-17T22:00:00Z,4.090020751953148,0,306.8399963378906,68.47489658048531,5.602570823347749,0,0
2020-11-17T23:00:00Z,3.5299926757812727,0,306.8599853515625,70.72088808260668,5.761284414707128,0.004060800075531006,0
2020-11-18T00:00:00Z,2.9800048828125227,0,278.2900085449219,72.98727327678708,5.921215775503448,0,0
2020-11-18T01:00:00Z,2.4299865722656477,0,278.32000732421875,70.88848556854884,5.894895833399849,0,0
2020-11-18T02:00:00Z,1.8900085449218977,0,278.3500061035156,68.4550724790957,5.931652163426822,0,0
2020-11-18T03:00:00Z,1.3500000000000227,0,262.9700012207031,65.72871470073817,6.025894108478414,0,0
2020-11-18T04:00:00Z,0.9999938964843977,0,262.97998046875,66.78781479988943,5.69242475676869,0,0
2020-11-18T05:00:00Z,0.6400390625000227,0,263,67.91824700813858,5.3720105653071,0,0
2020-11-18T06:00:00Z,0.27999267578127274,0,259.92999267578125,69.07079712808742,5.051276981212789,0,0
2020-11-18T07:00:00Z,0.08999023437502274,0,259.94000244140625,67.13548633248644,5.212388848050451,0,0
2020-11-18T08:00:00Z,-0.10001220703122726,0,259.9499816894531,65.12656760677042,5.374104551556833,0,0
2020-11-18T09:00:00Z,-0.29001464843747726,0,256.57000732421875,63.04696393864589,5.53479878832631,0,0
2020-11-18T10:00:00Z,-0.6700195312499773,0,256.5899963378906,62.0440268489763,5.684804289945889,0,0
2020-11-18T11:00:00Z,-1.0400146484374773,0,256.6099853515625,60.88590703465631,5.8367540605651635,0,0
2020-11-18T12:00:00Z,-1.4200195312499773,11.520000457763672,249.88999938964844,59.659620137950775,6.003373888804728,0,0
2020-11-18T13:00:00Z,-1.2200073242187273,139.6160125732422,249.88999938964844,55.36613393225933,6.4556407096051975,0,0
2020-11-18T14:00:00Z,-1.0199951171874773,246.4320068359375,249.88999938964844,51.179436543319085,6.968414292478417,0,0
2020-11-18T15:00:00Z,-0.8200134277343523,355.44000244140625,243.1899871826172,47.092279283956586,7.515131391644408,0,0
2020-11-18T16:00:00Z,-0.46997680664060226,411.68902587890625,243.1699981689453,46.409778572226436,7.374448846815357,0,0
2020-11-18T17:00:00Z,-0.12000122070310226,409.1190185546875,243.1599884033203,45.73494941390548,7.241615482130421,0,0
2020-11-18T18:00:00Z,0.23998413085939774,404.6570129394531,219.489990234375,45.035359472842515,7.105223197249989,0,0
2020-11-18T19:00:00Z,-0.09000244140622726,327.1330261230469,219.5,46.70363439518772,6.53737693256493,0,0
2020-11-18T20:00:00Z,-0.42001953124997726,215.22500610351565,219.5099945068359,48.432064707014106,5.987027494306563,0,0
2020-11-18T21:00:00Z,-0.7500061035156023,38.81600189208984,198.63999938964844,50.21753083500233,5.439999720629524,0,0
2020-11-18T22:00:00Z,-1.6099914550781023,0,198.6599884033203,54.49638973517043,4.606831866548764,0,0
2020-11-18T23:00:00Z,-2.4800170898437273,0,198.69000244140625,59.189737750002614,3.781547273649817,0,0
2020-11-19T00:00:00Z,-3.3400024414062273,0,189.83999633789065,64.25099279369779,2.956552069685621,0,0
2020-11-19T01:00:00Z,-3.6000122070312273,0,189.84999084472656,65.05569023888742,2.4472433031773617,0,0
2020-11-19T02:00:00Z,-3.8599914550781023,0,189.86000061035156,65.86614620541403,1.9662146162182643,0,0
2020-11-19T03:00:00Z,-4.120001220703102,0,194.4199981689453,66.6928990841888,1.5401947454607101,0,0
2020-11-19T04:00:00Z,-4.049963378906227,0,194.4199981689453,65.62878480286979,1.5866001076004503,0,0
2020-11-19T05:00:00Z,-3.9700073242187273,0,194.4199981689453,64.53257226477176,1.7601136231541368,0,0
2020-11-19T06:00:00Z,-3.8900207519531023,0,221.1699981689453,63.43951175224049,2.0241047506205883,0,0
2020-11-19T07:00:00Z,-3.5899719238281023,0,221.1599884033203,63.6235065877981,2.0096019273232946,0,0
2020-11-19T08:00:00Z,-3.2900146484374773,0,221.1499938964844,63.781583894477336,2.1780724881162183,0,0
2020-11-19T09:00:00Z,-2.9899963378906023,0,251.25,63.906877418209824,2.502178912795386,0,0
2020-11-19T10:00:00Z,-3.0499938964843523,0,251.2599945068359,64.70064554892438,2.7662246809126985,0,0
2020-11-19T11:00:00Z,-3.1200012207031023,0,251.2599945068359,65.55950539826763,3.023640027043207,0,0
2020-11-19T12:00:00Z,-3.1799987792968523,9.682000160217283,231.72999572753903,66.37940947213065,3.2825597782604246,0,0
2020-11-19T13:00:00Z,-1.5799926757812273,152.05599975585938,231.67999267578125,60.3348075949058,4.566760197344126,0,0
2020-11-19T14:00:00Z,0.029992675781272737,270.8320007324219,231.62998962402344,54.87087844894112,5.8472982743015844,0,0
2020-11-19T15:00:00Z,1.6299987792968977,362.2080078125,256.66998291015625,49.97269228303281,7.132376908217229,0,0
2020-11-19T16:00:00Z,2.8099914550781477,420.0900268554687,256.6199951171875,50.15416043204641,8.063411175089414,0,0
2020-11-19T17:00:00Z,3.9899841308593977,417.6830139160156,256.57000732421875,50.00607251132303,9.008823081405968,0,0
2020-11-19T18:00:00Z,5.170007324218773,369.12103271484375,275.2900085449219,49.5773817341144,9.947863597681735,0,0
2020-11-19T19:00:00Z,5.070031738281273,298.1410217285156,275.2799987792969,53.141739863656,9.913081565085012,0,0
2020-11-19T20:00:00Z,4.969995117187523,195.55601501464844,275.2799987792969,56.752886358989684,9.871539866826565,0,0
2020-11-19T21:00:00Z,4.869989013671898,36.224002838134766,267.75,60.41288651489043,9.836106845455356,0,0
2020-11-19T22:00:00Z,4.170007324218773,0,267.7799987792969,64.99137802000122,9.34034203926177,0,0
2020-11-19T23:00:00Z,3.4599853515625227,0,267.79998779296875,69.95504867180001,8.864219958416621,0,0
2020-11-20T00:00:00Z,2.7600036621093977,0,241.92999267578125,75.23075727842586,8.41803999240264,0,0
2020-11-20T01:00:00Z,2.6099792480468977,0,241.92999267578125,77.10592242702997,8.30201137321299,0,0
2020-11-20T02:00:00Z,2.4699951171875227,0,241.92999267578125,78.95867772106953,8.188015643846098,0,0
2020-11-20T03:00:00Z,2.3200012207031477,0,266.72998046875,80.89442441305441,8.072000827188145,0,0
2020-11-20T04:00:00Z,2.7399841308593977,0,266.7099914550781,80.18956550959136,8.06804154322383,0,0
2020-11-20T05:00:00Z,3.1599975585937727,0,266.69000244140625,79.45102801622974,8.070099113191334,0,0
2020-11-20T06:00:00Z,3.5700012207031477,0,306.5199890136719,78.7582882510197,8.064142700908166,0,0
2020-11-20T07:00:00Z,3.8100219726562727,0,306.5099792480469,78.10470788095381,8.008301982205644,0,0
2020-11-20T08:00:00Z,4.040002441406273,0,306.5,77.4996856640766,7.946854487912813,0,0
2020-11-20T09:00:00Z,4.279992675781273,0,284.6000061035156,76.84927951300902,7.893414987204037,0,0
2020-11-20T10:00:00Z,4.109979248046898,0,284.6099853515625,77.33611113334317,7.506563646940474,0,0
2020-11-20T11:00:00Z,3.9399963378906477,0,284.6199951171875,77.81999212182816,7.1358948149552,0,0
2020-11-20T12:00:00Z,3.7699829101562727,6.642000198364258,257.6000061035156,78.30552216303077,6.787967060662212,0,0
2020-11-20T13:00:00Z,5.709985351562523,150.0880126953125,257.5299987792969,70.04907654561212,6.588869533507532,0,0
2020-11-20T14:00:00Z,7.659997558593773,269.8160095214844,257.4599914550781,62.710612615440915,6.3995312337267425,0,0
2020-11-20T15:00:00Z,9.609979248046898,367.9200134277344,276.4100036621094,56.21875538096095,6.212792913581496,0,0
2020-11-20T16:00:00Z,10.859979248046898,427.2920227050781,276.3599853515625,53.86759725869527,6.609568623881507,0,0
2020-11-20T17:00:00Z,12.100000000000023,425.0690307617187,276.30999755859375,51.6015080085197,7.014192693999758,0,0
2020-11-20T18:00:00Z,13.350000000000023,351.9280090332031,297.1499938964844,49.35342197798062,7.414155319986677,0,0
2020-11-20T19:00:00Z,12.869989013671898,284.01202392578125,297.1600036621094,53.06744988621207,6.820263904096903,0,0
2020-11-20T20:00:00Z,12.379998779296898,185.7410125732422,297.16998291015625,57.00940276420613,6.228266229952817,0,0
2020-11-20T21:00:00Z,11.890008544921898,40.720001220703125,272.1999816894531,61.15817731489462,5.6387584182043975,0,0
2020-11-20T22:00:00Z,10.709985351562523,0,272.239990234375,65.1861529537905,5.671340225978448,0,0
2020-11-20T23:00:00Z,9.519982910156273,0,272.2799987792969,69.55522531355571,5.706566175544557,0,0
2020-11-21T00:00:00Z,8.339990234375023,0,274.17999267578125,74.20684162515127,5.766081762631914,0,0
2020-11-21T01:00:00Z,8.109979248046898,0,274.19000244140625,73.57851523040641,5.435310545369211,0,0
2020-11-21T02:00:00Z,7.890008544921898,0,274.2099914550781,72.86081271767458,5.122001445538438,0,0
2020-11-21T03:00:00Z,7.659997558593773,0,274.8500061035156,72.1596105359272,4.834469668703637,0,0
2020-11-21T04:00:00Z,7.489984130859398,0,274.8500061035156,72.482680371344415,4.387311011262589,0,0
2020-11-21T05:00:00Z,7.320001220703148,0,274.8599853515625,72.81056627827644,4.08270744617783,0,0
2020-11-21T06:00:00Z,7.149987792968773,0,273.3699951171875,73.13186789049772,3.94031706488968,0,0
2020-11-21T07:00:00Z,7.019982910156273,0,273.3800048828125,74.13258473602386,3.8767511113020645,0,0
2020-11-21T08:00:00Z,6.890008544921898,0,273.3800048828125,75.14979150324555,3.8458418898454556,0,0
2020-11-21T09:00:00Z,6.760003662109398,0,294.6600036621094,76.1799935297492,3.861515070040565,0,0
2020-11-21T10:00:00Z,6.670007324218773,0,294.6600036621094,77.79213926943672,3.7090430098122877,0,0
2020-11-21T11:00:00Z,6.579980468750023,0,294.6600036621094,79.42773348311562,3.573023886952279,0,0
2020-11-21T12:00:00Z,6.489984130859398,1.758000135421753,318.7200012207031,81.07733799761927,3.452723468368401,0,0
2020-11-21T13:00:00Z,7.790002441406273,72.608001708984375,318.6499938964844,78.51498686657682,3.2977870991441742,0,0
2020-11-21T14:00:00Z,9.089990234375023,131.76800537109375,318.5899963378906,75.85368795513477,3.194761161115442,0,0
2020-11-21T15:00:00Z,10.399987792968773,253.4400177001953,312.3599853515625,73.08913257015084,3.1422442944751316,0,0
2020-11-21T16:00:00Z,10.839990234375023,294.73602294921875,312.3500061035156,68.12340448379706,3.504639828035011,0,0
2020-11-21T17:00:00Z,11.290002441406273,293.3780212402344,312.3399963378906,63.347352903427904,3.8748676197943204,0,0
2020-11-21T18:00:00Z,11.730004882812523,335.2020263671875,292.75,58.83953319524897,4.240047036170976,0,0
2020-11-21T19:00:00Z,11.209985351562523,270.291015625,292.7699890136719,60.010148241966995,3.7100539460077395,0,0
2020-11-21T20:00:00Z,10.689996337890648,176.2840118408203,292.7900085449219,61.190959640918095,3.1886830523920167,0,0
2020-11-21T21:00:00Z,10.170007324218773,31.552001953125,282.75,62.390588793858846,2.660112821258649,0,0
2020-11-21T22:00:00Z,9.059991455078148,0,282.7900085449219,66.25182422665472,2.831766197456653,0,0
2020-11-21T23:00:00Z,7.960046386718773,0,282.8299865722656,70.3373753473417,3.032441202365738,0,0
2020-11-22T00:00:00Z,6.859979248046898,0,292.3500061035156,74.6999242234789,3.2643528064058818,0,0
2020-11-22T01:00:00Z,6.129998779296898,0,292.3800048828125,76.21283946262311,3.2302475103524184,0,0
2020-11-22T02:00:00Z,5.409997558593773,0,292.41998291015625,77.64584748224658,3.232413995960233,0,0
2020-11-22T03:00:00Z,4.679986572265648,0,243.4499969482422,79.10563189663952,3.2515380973945094,0,0
2020-11-22T04:00:00Z,3.8699890136718977,0,243.47999572753903,81.3284346397583,3.2268405881753974,0,0
2020-11-22T05:00:00Z,3.0599914550781477,0,243.5099945068359,83.56448406974464,3.2305106150929994,0,0
2020-11-22T06:00:00Z,2.2499938964843977,0,239.7599945068359,85.7963847812919,3.252475841976412,0,0
2020-11-22T07:00:00Z,1.7300048828125227,0,239.77999877929688,86.93852105574157,3.1908149156381778,0,0
2020-11-22T08:00:00Z,1.2099853515625227,0,239.79998779296875,88.05187753861705,3.152728850417392,0,0
2020-11-22T09:00:00Z,0.6899963378906477,0,230.4499969482422,89.12647700024078,3.131772661579173,0,0
2020-11-22T10:00:00Z,0.7099853515625227,0,230.4499969482422,88.33616502020405,2.959408745481647,0,0
2020-11-22T11:00:00Z,0.7300048828125227,0,230.4499969482422,87.55342429812806,2.822268433849169,0,0
2020-11-22T12:00:00Z,0.7399841308593977,0.37400001287460327,273,86.82267677657,2.72567416315804,0,0
2020-11-22T13:00:00Z,2.4399963378906477,105.07200622558594,272.92999267578125,78.05003709523467,3.269143433199427,0,0
2020-11-22T14:00:00Z,4.129998779296898,192.5360107421875,272.8699951171875,70.3179378625243,3.9808038761858304,0,0
2020-11-22T15:00:00Z,5.829980468750023,246.656005859375,312.72998046875,63.3875584348501,4.780794704326193,0,0
2020-11-22T16:00:00Z,6.559991455078148,287.2480163574219,312.67999267578125,64.78676809414424,5.113002953792804,0,0
2020-11-22T17:00:00Z,7.299981689453148,286.10400390625,312.6399841308594,65.85463083120905,5.7655615940732385,0,0
2020-11-22T18:00:00Z,8.040002441406273,160.8100128173828,343.739990234375,66.65845664227301,6.648495820951793,0,0
2020-11-22T19:00:00Z,7.809991455078148,129.57000732421875,343.72998046875,72.52308568316882,6.107781748134347,0,0
2020-11-22T20:00:00Z,7.570001220703148,84.27300262451172,343.72998046875,78.61299160469916,5.5685276529982435,0,0
2020-11-22T21:00:00Z,7.339990234375023,19.02400016784668,345.25,84.81885923991659,5.026778082477132,0,0
2020-11-22T22:00:00Z,7.339990234375023,0,345.25,87.22014085533873,5.491684503990386,0,0
2020-11-22T23:00:00Z,7.329980468750023,0,345.239990234375,89.68247346320746,5.952721950281483,0,0
2020-11-23T00:00:00Z,7.320031738281273,0,348.8999938964844,92.13946876837191,6.429626824049335,0,0
2020-11-23T01:00:00Z,7.420007324218773,0,348.8899841308594,92.5473723474482,6.547136687736641,0,0
2020-11-23T02:00:00Z,7.519982910156273,0,348.8800048828125,92.93776713634097,6.673305105701594,0,0
2020-11-23T03:00:00Z,7.619989013671898,0,352.7799987792969,93.31945900274835,6.823085562380708,0,0
2020-11-23T04:00:00Z,7.850000000000023,0,352.7699890136719,93.82745192242191,6.5868125409441545,0,0
2020-11-23T05:00:00Z,8.079980468750023,0,352.75,94.30129781889681,6.356893733942795,0.035846400260925296,0
2020-11-23T06:00:00Z,8.309991455078148,0,358.7799987792969,94.72324998128447,6.13404439586199,0.06333119773864745,0
2020-11-23T07:00:00Z,8.920007324218773,0,358.739990234375,95.828543533128,5.922305206840877,0.045806399345397944,0
2020-11-23T08:00:00Z,9.540002441406273,0,358.6999816894531,96.62252692213748,5.965986593327317,0.025987200736999512,0
2020-11-23T09:00:00Z,10.149987792968773,0,362.7699890136719,97.2659631496642,6.241193871126343,0.009868799686431885,0
2020-11-23T10:00:00Z,10.459985351562523,0,362.75,96.86309556285602,5.637605584388656,0.02330879974365234,0
2020-11-23T11:00:00Z,10.769982910156273,0,362.72998046875,96.43678778198193,5.726368809708015,0.11441279983520508,0
2020-11-23T12:00:00Z,11.079980468750023,0,355.29998779296875,95.99378981791973,6.496683494281203,0.022636799812316893,0
2020-11-23T13:00:00Z,10.829980468750023,64.73600006103516,355.3299865722656,90.19870611055832,5.491456940153635,0.0019872000217437745,0
2020-11-23T14:00:00Z,10.579980468750023,119.8080062866211,355.3599853515625,84.18264762022417,5.939915826711646,4.799999669194199e-5,0
2020-11-23T15:00:00Z,10.329980468750023,184.4480133056641,325.3599853515625,77.93230607876617,7.588688920764431,8.352000117301941e-4,0
2020-11-23T16:00:00Z,9.519982910156273,215.10400390625,325.4100036621094,74.65384526477249,7.844705224440552,0,0
2020-11-23T17:00:00Z,8.709985351562523,214.37600708007813,325.4599914550781,70.76483300959733,8.122191522998033,0,0
2020-11-23T18:00:00Z,7.909997558593773,350.91900634765625,279.739990234375,66.15902299762803,8.416578611289722,0,0
2020-11-23T19:00:00Z,6.999993896484398,282.5580139160156,279.7799987792969,67.2496329321481,8.33746327983772,0,0
2020-11-23T20:00:00Z,6.100000000000023,183.33201599121097,279.82000732421875,68.17432872466003,8.25911605388627,0,0
2020-11-23T21:00:00Z,5.189996337890648,31.056001663208008,258.5400085449219,69.01631175523337,8.17420294736852,0,0
2020-11-23T22:00:00Z,4.489984130859398,0,258.55999755859375,71.03084619039825,7.721929526778359,0,0
2020-11-23T23:00:00Z,3.7900329589843977,0,258.5899963378906,73.09477272868683,7.269937911050536,0,0
2020-11-24T00:00:00Z,3.0899902343750227,0,226.30999755859375,75.19509673770122,6.811057268154256,0,0
2020-11-24T01:00:00Z,2.4599853515625227,0,226.33999633789065,77.22396957214373,5.80762415324208,0,0
2020-11-24T02:00:00Z,1.8299804687500227,0,226.36000061035156,79.28934814159228,4.838646469979556,0,0
2020-11-24T03:00:00Z,1.2000061035156477,0,239.9399871826172,81.40894948301465,3.891285061333642,0,0
2020-11-24T04:00:00Z,1.4399963378906477,0,239.92999267578125,81.51032602497246,3.9618808742202227,0,0
2020-11-24T05:00:00Z,1.6799865722656477,0,239.9199981689453,81.58891141991391,4.048271106170007,0,0
2020-11-24T06:00:00Z,1.9200073242187727,0,266.8699951171875,81.64464245903832,4.157799785492792,0,0
2020-11-24T07:00:00Z,1.7199951171875227,0,266.8800048828125,82.8879881351969,3.8646733310526407,0,0
2020-11-24T08:00:00Z,1.5199829101562727,0,266.8899841308594,84.15390405233063,3.6019993217971753,0,0
2020-11-24T09:00:00Z,1.3200012207031477,0,243.51998901367188,85.44818153303659,3.357260760165152,0,0
2020-11-24T10:00:00Z,1.2699829101562727,0,243.52999877929688,85.74658799301237,3.274339613864357,0,0
2020-11-24T11:00:00Z,1.2199951171875227,0,243.52999877929688,86.05290899787747,3.2035604513581424,0,0
2020-11-24T12:00:00Z,1.1700073242187727,0,286.42999267578125,86.36067867792967,3.1415918379016827,0,0
2020-11-24T13:00:00Z,2.2000061035156477,114.31200408935548,286.3999938964844,77.66402581424589,3.792413438728244,0,0
2020-11-24T14:00:00Z,3.2300048828125227,213.69601440429688,286.3599853515625,69.82340029558226,4.576952987896193,0,0
2020-11-24T15:00:00Z,4.260003662109398,314.08001708984375,285.6199951171875,62.74038293967526,5.442003219914772,0,0
2020-11-24T16:00:00Z,4.629998779296898,366.8160095214844,285.6000061035156,60.98659174963332,5.176533567265406,0,0
2020-11-24T17:00:00Z,4.999993896484398,365.81201171875,285.5899963378906,59.280156900342675,4.925444000097735,0,0
2020-11-24T18:00:00Z,5.369989013671898,385.14801025390625,244.79998779296875,57.62546595919424,4.681815804649754,0,0
2020-11-24T19:00:00Z,4.869989013671898,309.9110107421875,244.8199920654297,58.8904406555192,4.036285293060938,0,0
2020-11-24T20:00:00Z,4.380029296875023,200.59901428222656,244.83999633789065,60.13787577669994,3.5196731222977284,0,0
2020-11-24T21:00:00Z,3.8799987792968977,33.88800048828125,219.44000244140625,61.4466312216442,3.1751691811910585,0,0
2020-11-24T22:00:00Z,2.8799987792968977,0,219.47000122070313,63.814807472038,2.69185815128769,0,0
2020-11-24T23:00:00Z,1.8799987792968977,0,219.5,66.2247619150212,2.3122499673063657,0,0
2020-11-25T00:00:00Z,0.8799987792968977,0,216.87998962402344,68.68100940897094,2.093537572554991,0,0
2020-11-25T01:00:00Z,0.7300048828125227,0,216.88999938964844,67.22414097865591,1.8102485690491203,0,0
2020-11-25T02:00:00Z,0.5700012207031477,0,216.8999938964844,65.7836995283979,1.9180198065835923,0,0
2020-11-25T03:00:00Z,0.42000732421877274,0,253.51998901367188,64.25927869687466,2.347764826188645,0,0
2020-11-25T04:00:00Z,0.7900024414062727,0,253.5,64.04021488584742,2.6090992972817215,0,0
2020-11-25T05:00:00Z,1.1700073242187727,0,253.47999572753903,63.74485549003019,2.967052360072657,0,0
2020-11-25T06:00:00Z,1.5400024414062727,0,314.0899963378906,63.476628169616774,3.398411205784599,0,0
2020-11-25T07:00:00Z,1.8799987792968977,0,314.07000732421875,65.77645594484576,3.4634375015144547,0,0
2020-11-25T08:00:00Z,2.2200256347656477,0,314.03997802734375,67.93441496835149,3.6553110304232166,0,0
2020-11-25T09:00:00Z,2.5599914550781477,0,291.5400085449219,69.9525074864234,3.9444643000910427,0,0
2020-11-25T10:00:00Z,2.7199951171875227,0,291.5199890136719,73.24490095120116,3.8892800157716203,0,0
2020-11-25T11:00:00Z,2.8900085449218977,0,291.5099792480469,76.39040461822387,3.8472066541388155,0,0
2020-11-25T12:00:00Z,3.0599914550781477,0,311.4499816894531,79.45873445190362,3.7925320631619446,0,0
2020-11-25T13:00:00Z,4.299981689453148,95.9600067138672,311.3899841308594,76.86136477898202,4.67388474041914,0,0
2020-11-25T14:00:00Z,5.549981689453148,181.2480010986328,311.3299865722656,74.1453827004273,5.778183104735093,0,0
2020-11-25T15:00:00Z,6.790002441406273,264.4960021972656,327.1300048828125,71.44884500664331,7.00040681622787,0,0
2020-11-25T16:00:00Z,7.730035400390648,309.3440246582031,327.0799865722656,71.09715757517226,7.739198946493399,0,0
2020-11-25T17:00:00Z,8.670007324218773,308.7090148925781,327.0299987792969,70.52695260452035,8.494162593653328,0,0
2020-11-25T18:00:00Z,9.609979248046898,247.86700439453125,337.2099914550781,69.77344015913151,9.266396037574125,0,0
2020-11-25T19:00:00Z,9.540002441406273,199.34600830078125,337.1999816894531,72.95042528052102,8.533662541065489,0,0
2020-11-25T20:00:00Z,9.480004882812523,128.739013671875,337.1999816894531,76.09920879922343,7.799204822037592,0,0
2020-11-25T21:00:00Z,9.420007324218773,21.152000427246097,344.4700012207031,79.27643606407385,7.070904943426898,0,0
2020-11-25T22:00:00Z,9.159997558593773,0,344.47998046875,82.16699574320046,6.793908756426111,0,0
2020-11-25T23:00:00Z,8.899987792968773,0,344.47998046875,85.13808817796686,6.526162706692567,0,0
2020-11-26T00:00:00Z,8.640008544921898,0,313.489990234375,88.1917903667839,6.249231880259083,0,0
2020-11-26T01:00:00Z,8.209985351562523,0,313.5099792480469,88.95305480341355,5.573553624121121,0,0
2020-11-26T02:00:00Z,7.769982910156273,0,313.5299987792969,89.75290596273847,4.895222015645309,0,0
2020-11-26T03:00:00Z,7.329980468750023,0,338.5,90.53143950265287,4.238973852550301,0,0
2020-11-26T04:00:00Z,7.500024414062523,0,338.47998046875,92.4679786930948,4.2904193125722845,0,0
2020-11-26T05:00:00Z,7.659997558593773,0,338.4700012207031,94.40460225035123,4.4316248124628626,0,0
2020-11-26T06:00:00Z,7.820001220703148,0,359.3399963378906,96.28384032715785,4.662359821820254,0.01729919958114624,0
2020-11-26T07:00:00Z,8.320001220703148,0,359.29998779296875,96.80292997978975,4.916390687523561,0.0434975996017456,0
2020-11-26T08:00:00Z,8.820001220703148,0,359.2699890136719,97.18272977019068,5.1935729763742895,0.044073597908020026,0
2020-11-26T09:00:00Z,9.309991455078148,0,367.22998046875,97.49385143237568,5.490400570541906,0.05674559783935547,0
2020-11-26T10:00:00Z,9.980035400390648,0,367.19000244140625,97.0533660949824,5.554097643473668,0.027417600631713866,0
2020-11-26T11:00:00Z,10.649987792968773,0,367.1499938964844,96.48244382964158,5.748912711796809,0,0
2020-11-26T12:00:00Z,11.309991455078148,0,362.5099792480469,95.85759842833215,6.059042789821251,0,0
2020-11-26T13:00:00Z,12.070001220703148,49.25600051879883,362.4700012207031,94.59539812911311,6.246767028280058,0.006105599641799927,0
2020-11-26T14:00:00Z,12.829980468750023,94.01600646972656,362.4299926757813,93.24630159924915,6.499999761581421,0.002889599919319153,0
2020-11-26T15:00:00Z,13.589990234375023,170.1120147705078,363.489990234375,91.82466323342317,6.815100578019329,0.0022271999716758726,0
2020-11-26T16:00:00Z,14.209985351562523,199.24801635742188,363.4599914550781,89.15624365651719,6.797793674164974,0.03872640037536621,0
2020-11-26T17:00:00Z,14.820001220703148,198.97601318359375,363.4299926757813,86.62131639657352,6.8393712130221225,0.007679999828338623,0
2020-11-26T18:00:00Z,15.439996337890648,287.42901611328125,338.5099792480469,84.11330888785695,6.917896773302391,0,0
2020-11-26T19:00:00Z,15.290002441406273,231.03701782226565,338.5199890136719,83.3627683879559,5.826027876690016,0,0
2020-11-26T20:00:00Z,15.140039062500023,148.8900146484375,338.5299987792969,82.58687403051402,4.738744435569982,0,0
2020-11-26T21:00:00Z,14.989984130859398,20.80000114440918,343.8699951171875,81.79313052082365,3.6650237488855444,0,0
2020-11-26T22:00:00Z,14.450006103515648,0,343.8899841308594,82.87816490759467,4.013601815652238,0,0
2020-11-26T23:00:00Z,13.920007324218773,0,343.91998291015625,83.89241861444442,4.516292583983832,0,0
2020-11-27T00:00:00Z,13.379998779296898,0,331.79998779296875,84.93485296711616,5.136000207251848,0,0
2020-11-27T01:00:00Z,12.689996337890648,0,331.8299865722656,85.61640242606477,4.395281261437511,0,0
2020-11-27T02:00:00Z,11.999993896484398,0,331.8699951171875,86.19295643823818,3.714861843067482,0,0
2020-11-27T03:00:00Z,11.299981689453148,0,318.489990234375,86.70943263525112,3.1409710831839823,0,0
2020-11-27T04:00:00Z,10.899987792968773,0,318.5099792480469,87.67847065886862,2.890830207032002,0,0
2020-11-27T05:00:00Z,10.510003662109398,0,318.5199890136719,88.58369551914754,2.650679015208746,0,0
2020-11-27T06:00:00Z,10.109979248046898,0,309.3599853515625,89.54624780391858,2.4234890579651935,0,0
2020-11-27T07:00:00Z,9.790002441406273,0,309.3800048828125,89.78258828523194,2.361355437998736,0,0
2020-11-27T08:00:00Z,9.469995117187523,0,309.3899841308594,89.98674067040204,2.290196459967274,0,0
2020-11-27T09:00:00Z,9.140008544921898,0,304.54998779296875,90.2275546914876,2.2300897033639404,0,0
2020-11-27T10:00:00Z,8.950006103515648,0,304.55999755859375,90.76688899649386,2.1160339303748628,0,0
2020-11-27T11:00:00Z,8.760003662109398,0,304.57000732421875,91.3066886595222,2.0549694928575586,0,0
2020-11-27T12:00:00Z,8.570001220703148,0,317.55999755859375,91.84494524298317,2.0276586545659683,0,0
2020-11-27T13:00:00Z,9.959985351562523,100.4320068359375,317.5,85.44758762724582,2.1554116685311513,0,0
2020-11-27T14:00:00Z,11.359979248046898,193.760009765625,317.44000244140625,79.48048684577216,2.406013157479086,0,0
2020-11-27T15:00:00Z,12.749993896484398,251.63201904296875,346.67999267578125,74.01457844546451,2.7552312323981014,0,0
2020-11-27T16:00:00Z,12.999993896484398,295.18402099609375,346.66998291015625,71.12160559695823,2.774310647244345,0,0
2020-11-27T17:00:00Z,13.250024414062523,294.9739990234375,346.66998291015625,68.30621849051899,2.837199338503182,0,0
2020-11-27T18:00:00Z,13.499993896484398,258.864013671875,351.1999816894531,65.57078926454096,2.9492539770829245,0,0
2020-11-27T19:00:00Z,13.209985351562523,207.99900817871097,351.2099914550781,67.61503740941687,2.798856754967407,0,0
2020-11-27T20:00:00Z,12.920007324218773,133.7740020751953,351.2200012207031,69.71883118736143,2.678824213310963,0,0
2020-11-27T21:00:00Z,12.630029296875023,24.68800163269043,330.6099853515625,71.87954646414163,2.5645661182946564,0,0
2020-11-27T22:00:00Z,11.839990234375023,0,330.6499938964844,74.39228244913669,2.401103834720738,0,0
2020-11-27T23:00:00Z,11.040002441406273,0,330.67999267578125,77.0450578194461,2.2706827071102205,0,0
2020-11-28T00:00:00Z,10.249993896484398,0,281.6000061035156,79.73435982297623,2.20383760939153,0,0
2020-11-28T01:00:00Z,9.390008544921898,0,281.6399841308594,80.83585864731894,2.173890359502829,0,0
2020-11-28T02:00:00Z,8.529992675781273,0,281.66998291015625,81.81257188585452,2.1654097673875006,0,0
2020-11-28T03:00:00Z,7.670037841796898,0,267.9100036621094,82.63985931223499,2.1982946955452496,0,0
2020-11-28T04:00:00Z,7.230004882812523,0,267.92999267578125,84.32981335138055,2.374026176473026,0,0
2020-11-28T05:00:00Z,6.779992675781273,0,267.94000244140625,86.11657081158735,2.5730332302196754,0,0
2020-11-28T06:00:00Z,6.329980468750023,0,295.5799865722656,87.93735949256701,2.795800334567024,0,0
2020-11-28T07:00:00Z,6.309991455078148,0,295.5799865722656,87.53595257780415,2.554251320525612,0,0
2020-11-28T08:00:00Z,6.279992675781273,0,295.5799865722656,87.18975185660189,2.3777509976817,0,0
2020-11-28T09:00:00Z,6.260034179687523,0,313.1000061035156,86.77953022481061,2.2688322882323297,0,0
2020-11-28T10:00:00Z,6.269982910156273,0,313.1000061035156,86.85136667621515,2.39426386598928,0,0
2020-11-28T11:00:00Z,6.279992675781273,0,313.1000061035156,86.91718194742549,2.637612567415834,0,0
2020-11-28T12:00:00Z,6.290002441406273,0,318.17999267578125,86.98682907287063,2.957718615751287,0,0
2020-11-28T13:00:00Z,7.160028076171898,54.90400314331055,318.1399841308594,82.58876361742232,3.2379005126949423,0,0
2020-11-28T14:00:00Z,8.029992675781273,107.07200622558594,318.1099853515625,78.44127915693984,3.508917239083143,0,0
2020-11-28T15:00:00Z,8.899987792968773,187.95201110839844,319.8800048828125,74.5205941926947,3.797288323103731,0,0
2020-11-28T16:00:00Z,9.260003662109398,220.8000030517578,319.8699951171875,71.84078615764007,4.414906616098165,0,0
2020-11-28T17:00:00Z,9.619989013671898,220.80801391601565,319.8599853515625,69.25511324975889,5.2538079538899645,0,0
2020-11-28T18:00:00Z,9.980004882812523,243.3380126953125,302.8299865722656,66.76042757250008,6.240288225987147,0.00802559995651245,0
2020-11-28T19:00:00Z,9.519982910156273,195.43701171875,302.8500061035156,66.15400747024445,5.882329471870839,0,0
2020-11-28T20:00:00Z,9.060021972656273,125.4830093383789,302.8800048828125,65.44332505998537,5.89078075587117,0,0
2020-11-28T21:00:00Z,8.589990234375023,27.296001434326172,290.0199890136719,64.66521519301125,6.250151779284978,0,0
2020-11-28T22:00:00Z,7.579980468750023,0,290.05999755859375,67.61132821060244,5.442076509143983,0,0
2020-11-28T23:00:00Z,6.559991455078148,0,290.1000061035156,70.72298942727508,4.640614153629048,0,0
2020-11-29T00:00:00Z,5.540002441406273,0,270.07000732421875,73.9626099103642,3.839192506233856,0,0
2020-11-29T01:00:00Z,4.969995117187523,0,270.0899963378906,74.69751434058755,3.6064663626623874,0,0
2020-11-29T02:00:00Z,4.390008544921898,0,270.1199951171875,75.42626194480897,3.3975431638534332,0,0
2020-11-29T03:00:00Z,3.8099914550781477,0,237.59999084472656,76.10451407025828,3.204325133460765,0,0
2020-11-29T04:00:00Z,3.4599853515625227,0,237.61000061035156,77.02736803258874,2.8901383091654913,0,0
2020-11-29T05:00:00Z,3.1000305175781477,0,237.6199951171875,78.01298208917662,2.9496100076688156,0,0
2020-11-29T06:00:00Z,2.7399841308593977,0,235.9199981689453,79.00192568783238,3.3762699571773185,0,0
2020-11-29T07:00:00Z,2.4800048828125227,0,235.92999267578125,79.55843876441163,3.331816290053894,0,0
2020-11-29T08:00:00Z,2.2199951171875227,0,235.9399871826172,80.11302545222564,3.294616778871217,0,0
2020-11-29T09:00:00Z,1.9599853515625227,0,231.3199920654297,80.66107202070107,3.279466308084522,0,0
2020-11-29T10:00:00Z,1.7600036621093977,0,231.3300018310547,80.9797902007801,3.2206364431239045,0,0
2020-11-29T11:00:00Z,1.5599914550781477,0,231.3300018310547,81.29298445654493,3.202264815114048,0,0
2020-11-29T12:00:00Z,1.3599792480468977,0,234.239990234375,81.60056005462535,3.2312535983569184,0,0
2020-11-29T13:00:00Z,3.2199951171875227,123.24800872802734,234.1699981689453,73.1958395568667,3.115204547301612,0,0
2020-11-29T14:00:00Z,5.070001220703148,243.04000854492188,234.11000061035156,65.78714545129014,3.002165892606543,0,0
2020-11-29T15:00:00Z,6.929986572265648,358.4000244140625,248.9099884033203,59.160265476208,2.8924902150706555,0,0
2020-11-29T16:00:00Z,7.920007324218773,421.6800231933594,248.87998962402344,56.41252667304588,3.3658281031170763,0,0
2020-11-29T17:00:00Z,8.909997558593773,422.0210266113281,248.83999633789065,53.80157080189889,3.8399087332767494,0,0
2020-11-29T18:00:00Z,9.899987792968773,378.9310302734375,253.34999084472656,51.309257883110405,4.307586267950237,0,0
2020-11-29T19:00:00Z,9.320001220703148,304.260009765625,253.36000061035156,55.22092990752244,3.835127003219221,0,0
2020-11-29T20:00:00Z,8.730004882812523,195.0380096435547,253.37998962402344,59.42065164949588,3.3641789481016255,0,0
2020-11-29T21:00:00Z,8.150018310546898,26.832000732421875,242.5699920654297,63.84488217797119,2.8949957144084566,0,0
2020-11-29T22:00:00Z,6.969995117187523,0,242.61000061035156,67.38104574595971,3.0456689952050144,0,0
2020-11-29T23:00:00Z,5.799981689453148,0,242.6499938964844,71.05759164929044,3.2423755121709044,0,0
2020-11-30T00:00:00Z,4.619989013671898,0,234.5699920654297,74.98322465757435,3.486688927777842,0,0
2020-11-30T01:00:00Z,4.239984130859398,0,234.58999633789065,74.82374024435163,3.573373627819492,0,0
2020-11-30T02:00:00Z,3.8599792480468977,0,234.61000061035156,74.60429679556479,3.6636866450225054,0,0
2020-11-30T03:00:00Z,3.4800048828125227,0,238.12998962402344,74.32315614918309,3.764465298925789,0,0
2020-11-30T04:00:00Z,3.2300048828125227,0,238.12998962402344,76.11699817444162,3.6547228669815657,0,0
2020-11-30T05:00:00Z,2.9800048828125227,0,238.13999938964844,77.95401076795292,3.584522206786542,0,0
2020-11-30T06:00:00Z,2.7300048828125227,0,244.6199951171875,79.83511061330061,3.556205795323421,0,0
2020-11-30T07:00:00Z,2.7600036621093977,0,244.61000061035156,81.00391682160684,3.3446225548025383,0,0
2020-11-30T08:00:00Z,2.7900024414062727,0,244.61000061035156,82.16194229918607,3.2736063839995184,0,0
2020-11-30T09:00:00Z,2.8299804687500227,0,286.79998779296875,83.25241782678728,3.3514920619863227,0,0
2020-11-30T10:00:00Z,3.1899963378906477,0,286.7799987792969,86.6137544386581,3.384154230668109,0,0
2020-11-30T11:00:00Z,3.5400024414062727,0,286.7599792480469,89.82063492494173,3.5436985654243567,0,0
2020-11-30T12:00:00Z,3.8999877929687727,0,332.8699951171875,92.74850050703374,3.8038400810975346,0,0
2020-11-30T13:00:00Z,5.269982910156273,57.23200225830078,332.78997802734375,93.46768501122477,5.365854839150139,0,0
2020-11-30T14:00:00Z,6.649987792968773,114.12800598144533,332.7200012207031,93.24348449399663,6.9528768075944445,0.0320831995010376,0
2020-11-30T15:00:00Z,8.019982910156273,91.9520034790039,365.2099914550781,92.38908608889986,8.554326464192787,0.08212799835205079,0
2020-11-30T16:00:00Z,9.420007324218773,108.3520050048828,365.1199951171875,94.53188558097564,9.723296571813993,0.05380799674987793,0
2020-11-30T17:00:00Z,10.820001220703148,108.52400207519533,365.0299987792969,95.54563364563128,11.28140481023264,0.14410559463500977,0
2020-11-30T18:00:00Z,12.219995117187523,108.13400268554688,378.69000244140625,95.64096861259358,13.076428579765322,0.17417279434204103,0
2020-11-30T19:00:00Z,13.450006103515648,86.81400299072266,378.6099853515625,95.86043395663836,11.85048479287673,0.23310720062255855,0
2020-11-30T20:00:00Z,14.670007324218773,55.55900192260742,378.53997802734375,95.57943473820002,11.164515023740716,0.1941119842529297,0
2020-11-30T21:00:00Z,15.899987792968773,16.80000114440918,379.28997802734375,94.7620928025137,11.147241186699427,0.12041279983520507,0
2020-11-30T22:00:00Z,16.119989013671898,0,379.2699890136719,95.79132651927463,10.715857381869094,0.21742078399658202,0
2020-11-30T23:00:00Z,16.329980468750023,0,379.25,96.83512207465898,10.292366012950147,0.2840064010620117,0
2020-12-01T00:00:00Z,16.540002441406273,0,366.5699768066406,97.83803386957294,9.861206443507653,0.05833919906616211,0
2020-12-01T01:00:00Z,14.950006103515648,0,366.66998291015625,96.69457346648072,8.133934881449134,0.03318719959259033,0
2020-12-01T02:00:00Z,13.350000000000023,0,366.7799987792969,94.3085994680834,6.3951229133455705,0.006225599527359009,0
2020-12-01T03:00:00Z,11.760003662109398,0,361.8899841308594,90.2386739841634,4.6666904213618645,0.01225920009613037,0
2020-12-01T04:00:00Z,12.200006103515648,0,361.8599853515625,92.60849282887087,4.8205601535235445,0,0
2020-12-01T05:00:00Z,12.649987792968773,0,361.8199768066406,94.71441454955512,4.971569013596712,0,0
2020-12-01T06:00:00Z,13.100000000000023,0,346.7599792480469,96.61647292595838,5.137547959208263,0,0
2020-12-01T07:00:00Z,13.109979248046898,0,346.7599792480469,96.26656779986722,5.437793763251575,0,0
2020-12-01T08:00:00Z,13.129998779296898,0,346.7599792480469,95.84935563153958,5.738083110374304,0,0
2020-12-01T09:00:00Z,13.140008544921898,0,302.1099853515625,95.49552577737393,6.038410387653979,0,0
2020-12-01T10:00:00Z,12.679986572265648,0,302.1300048828125,95.89771577599254,6.1314271456513385,0,0
2020-12-01T11:00:00Z,12.219995117187523,0,302.1600036621094,96.2478552056012,6.2351985113912525,0,0
2020-12-01T12:00:00Z,11.749993896484398,0,321.489990234375,96.59443779122134,6.339747324821252,0,0
2020-12-01T13:00:00Z,11.749993896484398,80.84000396728516,321.5099792480469,88.2235152331258,7.050957359688718,0.008315999507904053,0
2020-12-01T14:00:00Z,11.749993896484398,163.04000854492188,321.5299987792969,79.84423284082355,7.939080556823821,5.7599997147917515e-5,0
2020-12-01T15:00:00Z,11.739984130859398,191.3280029296875,321.5899963378906,71.51190889567295,8.937885053873757,0,0
2020-12-01T16:00:00Z,11.329980468750023,221.31201171875,321.6199951171875,69.6799705543495,9.06564923277611,0,0
2020-12-01T17:00:00Z,10.909997558593773,230.46400451660156,321.6399841308594,67.74668323911794,9.252999442761475,0,0
2020-12-01T18:00:00Z,10.499993896484398,222.3010101318359,315.3999938964844,65.60482851176975,9.522320991409924,0,0
2020-12-01T19:00:00Z,9.549981689453148,174.40501403808594,315.4499816894531,66.46409529691194,9.481349942228151,0,0
2020-12-01T20:00:00Z,8.600000000000023,111.49700164794922,315.5,67.16513504252703,9.460338106303142,0,0
2020-12-01T21:00:00Z,7.649987792968773,14.880001068115234,303.54998779296875,67.6950536537817,9.437632091866003,0,0
2020-12-01T22:00:00Z,6.680047607421898,0,303.5899963378906,69.71774189720894,9.25481492886396,0.0086256000995636,0
2020-12-01T23:00:00Z,5.710046386718773,0,303.6300048828125,71.72024310060831,9.095548114880236,0,0
2020-12-02T00:00:00Z,4.739984130859398,0,312.9499816894531,73.68897238120275,8.947250704174182,0,0
2020-12-02T01:00:00Z,4.200006103515648,0,312.97998046875,72.35003958555379,8.651456536323241,0,0
2020-12-02T02:00:00Z,3.6599975585937727,0,313.0099792480469,70.79350267360735,8.355961562275084,0,0
2020-12-02T03:00:00Z,3.1199890136718977,0,299.16998291015625,69.00228712558655,8.061395574016268,0,0
2020-12-02T04:00:00Z,2.7999816894531477,0,299.17999267578125,69.65094972239906,7.990506667232538,0,0
2020-12-02T05:00:00Z,2.4800048828125227,0,299.1999816894531,70.29194717414579,7.929697034852263,0,0
2020-12-02T06:00:00Z,2.1599975585937727,0,282.6399841308594,70.9340147960565,7.878591155397176,0,0
2020-12-02T07:00:00Z,1.8900085449218977,0,282.6499938964844,72.41312842203226,7.621896087579776,0,0
2020-12-02T08:00:00Z,1.6099792480468977,0,282.6600036621094,73.97753939459629,7.373743858716381,0,0
2020-12-02T09:00:00Z,1.3399902343750227,0,289.04998779296875,75.52454484810407,7.125369996057683,0,0
2020-12-02T10:00:00Z,1.2900024414062727,0,289.04998779296875,75.93637102068564,7.384260173665198,0,0
2020-12-02T11:00:00Z,1.2399841308593977,0,289.04998779296875,76.34061459620406,7.649575003742666,0,0
2020-12-02T12:00:00Z,1.2000061035156477,0,308.6300048828125,76.70152293580163,7.914953950252791,0,0
2020-12-02T13:00:00Z,1.4599853515625227,29.45600128173828,308.6199951171875,75.95714850233863,7.820594398123443,9.599999757483601e-6,0
2020-12-02T14:00:00Z,1.7300048828125227,60.096004486083984,308.6000061035156,75.16076003472519,7.752070376840455,0,0
2020-12-02T15:00:00Z,1.9899841308593977,131.20001220703125,303.8999938964844,74.42582594723257,7.724467365185834,0,0
2020-12-02T16:00:00Z,2.4399963378906477,152,303.8800048828125,73.84416086588327,7.510665595481476,3.83999990299344e-5,0
2020-12-02T17:00:00Z,2.8799987792968977,158.42001342773438,303.8599853515625,73.28185039395304,7.379159736895705,0,0
2020-12-02T18:00:00Z,3.3299804687500227,187.5430145263672,307.19000244140625,72.64079861622436,7.352659011672668,0,0
2020-12-02T19:00:00Z,3.4099975585937727,147.1320037841797,307.17999267578125,71.6998167366032,6.929624590173365,0,0
2020-12-02T20:00:00Z,3.4800048828125227,93.962005615234375,307.17999267578125,70.81106779112525,6.615043386531879,0,0
2020-12-02T21:00:00Z,3.5599914550781477,13.744000434875488,302.79998779296875,69.8870727601775,6.42486583358861,0,0
2020-12-02T22:00:00Z,3.2399841308593977,0,302.82000732421875,71.26007260466284,6.441497889312093,0,0
2020-12-02T23:00:00Z,2.9200073242187727,0,302.8299865722656,72.67026006112171,6.491871471629944,0,0
2020-12-03T00:00:00Z,2.5899902343750227,0,270.05999755859375,74.15827953780318,6.578145290026336,0,0
2020-12-03T01:00:00Z,2.0299926757812727,0,270.0899963378906,76.01301427464585,5.9525203852362525,0,0
2020-12-03T02:00:00Z,1.4599853515625227,0,270.1099853515625,77.96241301848893,5.375211526975665,0,0
2020-12-03T03:00:00Z,0.8900085449218977,0,215.3199920654297,79.95081193044906,4.8502576297180235,0,0
2020-12-03T04:00:00Z,0.6799865722656477,0,215.3300018310547,80.42701400550737,4.72958775580554,0,0
2020-12-03T05:00:00Z,0.45998535156252274,0,215.33999633789065,80.95962773988478,4.629643550194277,0,0
2020-12-03T06:00:00Z,0.24999389648439774,0,214.489990234375,81.42584371746996,4.5748006022832906,0,0
2020-12-03T07:00:00Z,0.14000854492189774,0,214.5,81.33774997147617,4.1365684507966565,0,0
2020-12-03T08:00:00Z,0.019982910156272737,0,214.5,81.30107764958485,3.7104177708111004,0,0
2020-12-03T09:00:00Z,-0.09000244140622726,0,213.1699981689453,81.19597662236855,3.3053441520763025,0,0
2020-12-03T10:00:00Z,-0.17999877929685226,0,213.1699981689453,80.69243530682448,3.857525012775154,0,0
2020-12-03T11:00:00Z,-0.28000488281247726,0,213.17999267578125,80.24732530966692,4.4349743719338965,0,0
2020-12-03T12:00:00Z,-0.37000122070310226,0,215.59999084472656,79.7181998525615,5.020806354603245,0,0
2020-12-03T13:00:00Z,1.1599975585937727,120.64800262451172,215.55999755859375,73.4360067989349,5.4700090263891985,0,0
2020-12-03T14:00:00Z,2.6899963378906477,249.04000854492188,215.5099945068359,67.69650546107002,5.9210218493601765,0,0
2020-12-03T15:00:00Z,4.219995117187523,378.176025390625,228.83999633789065,62.42835684920918,6.381261651591724,0,0
2020-12-03T16:00:00Z,5.409997558593773,438.8000183105469,228.79998779296875,58.35532544559715,6.512019406090584,0,0
2020-12-03T17:00:00Z,6.609979248046898,457.7110290527344,228.7599945068359,54.54168919073654,6.648225334079551,0,0
2020-12-03T18:00:00Z,7.799981689453148,400.6710205078125,230.45999145507813,51.04331193132715,6.795123119179187,0,0
2020-12-03T19:00:00Z,6.929986572265648,314.3230285644531,230.489990234375,54.53928656473529,6.370282453326247,0,0
2020-12-03T20:00:00Z,6.050042724609398,200.5330047607422,230.5099945068359,58.34305672111545,5.980183645828594,0,0
2020-12-03T21:00:00Z,5.179986572265648,27.50400161743164,227.55999755859375,62.391158687465534,5.629209395706946,0,0
2020-12-03T22:00:00Z,4.200006103515648,0,227.58999633789065,64.40472269456681,5.686563087509891,0,0
2020-12-03T23:00:00Z,3.2300048828125227,0,227.62998962402344,66.3638087183092,5.737359777428336,0,0
2020-12-04T00:00:00Z,2.2499938964843977,0,244.989990234375,68.35641459865674,5.7953514623497036,0,0
2020-12-04T01:00:00Z,2.3599792480468977,0,245,64.5862689388439,5.70664505728117,0,0
2020-12-04T02:00:00Z,2.4599853515625227,0,245,60.91474210940301,5.6240909663829814,0,0
2020-12-04T03:00:00Z,2.5700012207031477,0,257.3800048828125,57.25369254179805,5.56952406262413,0,0
2020-12-04T04:00:00Z,2.5700012207031477,0,257.3699951171875,57.691986586505756,5.461364050626213,0,0
2020-12-04T05:00:00Z,2.5799804687500227,0,257.3699951171875,58.101892213998084,5.358852535856952,0,0
2020-12-04T06:00:00Z,2.5799804687500227,0,275.3399963378906,58.543918109513754,5.248123233781703,0,0
2020-12-04T07:00:00Z,2.8200012207031477,0,275.3299865722656,58.65962818253219,5.494305863330034,0,0
2020-12-04T08:00:00Z,3.0599914550781477,0,275.32000732421875,58.75309857727541,5.741671911908085,0,0
2020-12-04T09:00:00Z,3.2999816894531477,0,290.0799865722656,58.827122529733934,5.9869523298775205,0,0
2020-12-04T10:00:00Z,3.4699951171875227,0,290.07000732421875,61.2858942710884,6.134248158430482,0,0
2020-12-04T11:00:00Z,3.6400085449218977,0,290.04998779296875,63.68474231084513,6.286882861479765,0,0
2020-12-04T12:00:00Z,3.8099914550781477,0,308.82000732421875,66.01065319938809,6.439518362687773,0,0
2020-12-04T13:00:00Z,4.480004882812523,35.08000183105469,308.78997802734375,65.10258781834547,6.433296156536993,0,0
2020-12-04T14:00:00Z,5.159997558593773,73.26399993896484,308.75,64.11106147302368,6.427767644270674,0,0
2020-12-04T15:00:00Z,5.829980468750023,143.66400146484375,328.6300048828125,63.13039275998346,6.428001206841205,0,0
2020-12-04T16:00:00Z,6.799981689453148,166.9440155029297,328.5799865722656,62.09749502315063,6.67562703720018,0,0
2020-12-04T17:00:00Z,7.769982910156273,174.2830047607422,328.5299987792969,60.949795489265746,6.928585612717664,0,0
2020-12-04T18:00:00Z,8.739984130859398,375.5270080566406,262.4499816894531,59.71800873996131,7.176886290631299,0,0
2020-12-04T19:00:00Z,8.510003662109398,294.60601806640625,262.4499816894531,62.50311064518808,7.021288970409904,0,0
2020-12-04T20:00:00Z,8.269982910156273,187.82400512695313,262.4599914550781,65.39763540422828,6.879222291083431,0,0
2020-12-04T21:00:00Z,8.029992675781273,36.895999908447266,283.19000244140625,68.3727322921817,6.761515764996224,0,0
2020-12-04T22:00:00Z,7.250024414062523,0,283.2099914550781,73.58193345604725,6.611542830030703,0,0
2020-12-04T23:00:00Z,6.469995117187523,0,283.239990234375,79.17627639657549,6.468940873784424,0,0
2020-12-05T00:00:00Z,5.689996337890648,0,319.41998291015625,85.20225359749709,6.337925347284272,0,0
2020-12-05T01:00:00Z,5.609979248046898,0,319.41998291015625,86.4509477382275,5.550206939619584,0,0
2020-12-05T02:00:00Z,5.540002441406273,0,319.41998291015625,87.64847236988173,4.802134796308146,0,0
2020-12-05T03:00:00Z,5.469995117187523,0,319.9700012207031,88.85256989866645,4.122486890745406,0,0
2020-12-05T04:00:00Z,5.239984130859398,0,319.97998046875,90.72693274525614,3.0914235417959994,0,0
2020-12-05T05:00:00Z,5.000024414062523,0,319.989990234375,92.69918981560804,2.078196290845539,0,0
2020-12-05T06:00:00Z,4.769982910156273,0,324.29998779296875,94.65954011131491,1.0653168303048353,0,0
2020-12-05T07:00:00Z,4.879998779296898,0,324.29998779296875,94.25921404016269,0.36878176277564007,9.599999757483601e-6,0
2020-12-05T08:00:00Z,4.999993896484398,0,324.28997802734375,93.79026567586219,1.5008330606774163,0,0
2020-12-05T09:00:00Z,5.109979248046898,0,331.9499816894531,93.38814708742817,2.7411675982390697,0,0
2020-12-05T10:00:00Z,5.040002441406273,0,331.9499816894531,93.34822042463226,3.1062839008837737,0.011313599824905396,0
2020-12-05T11:00:00Z,4.969995117187523,0,331.9599914550781,93.3009841767087,3.721558629321509,0.05249279594421387,0
2020-12-05T12:00:00Z,4.899987792968773,0,329.47998046875,93.2485845999219,4.485197763814007,0.043310400009155266,0
2020-12-05T13:00:00Z,5.279992675781273,47.90400314331055,329.4599914550781,89.6498034692895,5.1234850451027905,0.016320000171661377,0
2020-12-05T14:00:00Z,5.649987792968773,101.23200225830078,329.4499816894531,86.24420150571534,5.830077110156637,0.005375999808311462,0
2020-12-05T15:00:00Z,6.029992675781273,153.8400115966797,326.0099792480469,82.907138962055555,6.583858993928854,0.0055103999376297,0
2020-12-05T16:00:00Z,6.119989013671898,179.05601501464844,326,81.98560408063847,7.379457680487887,0.011385599613189697,0
2020-12-05T17:00:00Z,6.209985351562523,187.08401489257813,326,81.07990275046726,8.197658146167166,0.010166399717330932,0
2020-12-05T18:00:00Z,6.310021972656273,157.20201110839844,327.44000244140625,80.11804473288768,9.042040634953304,0.003897599816322327,0
2020-12-05T19:00:00Z,5.970025634765648,123.33800506591795,327.4599914550781,79.11299132570093,9.05107717204951,4.319999925792216e-5,0
2020-12-05T20:00:00Z,5.629998779296898,78.587005615234375,327.47998046875,78.01320232891126,9.108375036406498,0,0
2020-12-05T21:00:00Z,5.290002441406273,13.232000350952148,302.3399963378906,76.80924911602385,9.222022503729628,0,0
2020-12-05T22:00:00Z,4.679986572265648,0,302.3699951171875,76.79630224654137,9.258606824997461,0,0
2020-12-05T23:00:00Z,4.070001220703148,0,302.3999938964844,76.65324901847845,9.31932379084746,0,0
2020-12-06T00:00:00Z,3.4600463867187727,0,249.4199981689453,76.34652904087994,9.393854209844717,0,0
2020-12-06T01:00:00Z,2.4400268554687727,0,249.45999145507813,75.51047547281453,9.312284216532976,0,0
2020-12-06T02:00:00Z,1.4200073242187727,0,249.5099945068359,74.14497964502105,9.233639455887284,0,0
2020-12-06T03:00:00Z,0.39998779296877274,0,226.22000122070313,72.1756469266277,9.15201065835132,0,0
2020-12-06T04:00:00Z,0.04998168945314774,0,226.22999572753903,72.63984010673448,8.672542763893523,0,0
2020-12-06T05:00:00Z,-0.29999389648435226,0,226.239990234375,73.08322469517422,8.193084249119732,0,0
2020-12-06T06:00:00Z,-0.6600097656249773,0,214.5800018310547,73.56387123499027,7.727386259749406,0,0
2020-12-06T07:00:00Z,-0.7699951171874773,0,214.58999633789065,73.55586205083641,7.558306569055897,0,0
2020-12-06T08:00:00Z,-0.8900207519531023,0,214.58999633789065,73.59767090287976,7.398283278626878,0,0
2020-12-06T09:00:00Z,-1.0100158691406023,0,222.02999877929688,73.63421993593215,7.226686507197223,0,0
2020-12-06T10:00:00Z,-1.1400207519531023,0,222.0399932861328,73.19895336940019,7.157317849845078,0,0
2020-12-06T11:00:00Z,-1.2699951171874773,0,222.0399932861328,72.75137877582225,7.077908960759918,0,0
2020-12-06T12:00:00Z,-1.3999999999999773,0,256.17999267578125,72.29155744193314,7.010285209534963,0,0
2020-12-06T13:00:00Z,-0.9700073242187273,100.64000701904295,256.1600036621094,69.57478956867712,7.300027176375301,0,0
2020-12-06T14:00:00Z,-0.5300048828124773,215.2320098876953,256.1499938964844,66.91513426208533,7.594800690477414,0,0
2020-12-06T15:00:00Z,-0.09000244140622726,336.54400634765625,245.22999572753903,64.3620881409037,7.9072685319983185,0,0
2020-12-06T16:00:00Z,0.5199829101562727,392.28802490234375,245.20999145507813,61.85203598000945,7.8152221237119415,0,0
2020-12-06T17:00:00Z,1.1199890136718977,410.2380065917969,245.1899871826172,59.49671765504095,7.728835496745773,0,0
2020-12-06T18:00:00Z,1.7300048828125227,359.1810302734375,250.97999572753903,57.19574020032806,7.648300084626268,0,0
2020-12-06T19:00:00Z,1.4200073242187727,281.88800048828125,250.989990234375,58.38924799999778,7.607798483236509,0,0
2020-12-06T20:00:00Z,1.1099792480468977,179.55601501464844,251,59.61315419541426,7.58630973368756,0,0
2020-12-06T21:00:00Z,0.7999816894531477,25.552001953125,237.22999572753903,60.86816922518672,7.555686543573981,0,0
2020-12-06T22:00:00Z,0.32000122070314774,0,237.25,62.447914327490686,6.832722512427903,0,0
2020-12-06T23:00:00Z,-0.14999999999997726,0,237.26998901367188,64.02471297091665,6.110057042069459,0,0
2020-12-07T00:00:00Z,-0.6300109863281023,0,243.3199920654297,65.68305896437512,5.381393837028793,0,0
2020-12-07T01:00:00Z,-0.9200195312499773,0,243.3300018310547,66.99840897223481,5.371126491022368,0,0
2020-12-07T02:00:00Z,-1.2200073242187273,0,243.33999633789065,68.38251131467209,5.374429844890183,0,0
2020-12-07T03:00:00Z,-1.5100158691406023,0,219.9099884033203,69.7558543982811,5.378001319008382,0,0
2020-12-07T04:00:00Z,-1.8200134277343523,0,219.9199981689453,71.63473169791803,5.185527820299562,0,0
2020-12-07T05:00:00Z,-2.1200012207031023,0,219.92999267578125,73.50356667582868,5.003568449917463,0,0
2020-12-07T06:00:00Z,-2.4200195312499773,0,201.26998901367188,75.43360736401097,4.821493320669737,0,0
2020-12-07T07:00:00Z,-2.5300048828124773,0,201.27999877929688,75.89807423242908,4.219004565435175,0,0
2020-12-07T08:00:00Z,-2.6400207519531023,0,201.27999877929688,76.37153958166078,3.6360004679592532,0,0
2020-12-07T09:00:00Z,-2.7500061035156023,0,196.94000244140625,76.84522103495068,3.0974181938914476,0,0
2020-12-07T10:00:00Z,-3.0700134277343523,0,196.9499969482422,78.14506376575372,3.139554148929246,0,0
2020-12-07T11:00:00Z,-3.3900207519531023,0,196.95999145507813,79.46126527348409,3.1822633449428372,0,0
2020-12-07T12:00:00Z,-3.7099975585937273,0,195.5699920654297,80.81072310014271,3.225523170795988,0,0
2020-12-07T13:00:00Z,-2.7000183105468523,110.91200256347656,195.5500030517578,74.63884049236061,3.7435410784728114,0,0
2020-12-07T14:00:00Z,-1.6900085449218523,240.05601501464844,195.51998901367188,68.97737660042584,4.254656096410839,0,0
2020-12-07T15:00:00Z,-0.6900085449218523,368.2240295410156,207.3999938964844,63.83600856968894,4.773468183702915,0,0
2020-12-07T16:00:00Z,-0.07999267578122726,429.8880310058594,207.37998962402344,60.686503152893835,4.617358444844708,0,0
2020-12-07T17:00:00Z,0.5299926757812727,449.9620361328125,207.3699951171875,57.71124466520243,4.533982849304884,0,0
2020-12-07T18:00:00Z,1.1400085449218977,307.3380126953125,241.92999267578125,54.88043727234368,4.512471420599135,0,0
2020-12-07T19:00:00Z,0.8299804687500227,241.27301025390625,241.9399871826172,55.50868519963677,3.7554227494750965,0,0
2020-12-07T20:00:00Z,0.5299926757812727,153.66900634765625,241.9499969482422,56.09499747399207,3.01254046394746,0,0
2020-12-07T21:00:00Z,0.23000488281252274,20.38400077819824,234.0099945068359,56.67347313183967,2.2585393033347962,0,0
2020-12-07T22:00:00Z,-0.44000854492185226,0,234.0399932861328,59.79082971348647,2.468947188177575,0,0
2020-12-07T23:00:00Z,-1.1099914550781023,0,234.05999755859375,63.092822122726574,2.6672081893002275,0,0
2020-12-08T00:00:00Z,-1.7699951171874773,0,231.6699981689453,66.54198128835468,2.8714107852203963,0,0
2020-12-08T01:00:00Z,-2.0600036621093523,0,231.67999267578125,69.03962290323686,2.8711145955809525,0,0
2020-12-08T02:00:00Z,-2.3500122070312273,0,231.69000244140625,71.60828439570128,2.938332747852257,0,0
2020-12-08T03:00:00Z,-2.6300109863281023,0,247.02999877929688,74.21681559802109,3.059428003165692,0,0
2020-12-08T04:00:00Z,-2.4700073242187273,0,247.02999877929688,73.26097016451338,3.136367210852557,0,0
2020-12-08T05:00:00Z,-2.2999938964843523,0,247.01998901367188,72.25904023608972,3.2149803770602614,0,0
2020-12-08T06:00:00Z,-2.1300109863281023,0,282.4700012207031,71.27480661412885,3.2867308956073256,0,0
2020-12-08T07:00:00Z,-2.1400207519531023,0,282.4700012207031,71.38449180319556,3.517172177051329,0,0
2020-12-08T08:00:00Z,-2.1499999999999773,0,282.4700012207031,71.49662146867783,3.7363616753100364,0,0
2020-12-08T09:00:00Z,-2.1499999999999773,0,280.8800048828125,71.55578700865699,3.966925586590058,0,0
2020-12-08T10:00:00Z,-2.2099975585937273,0,280.8800048828125,70.86955056982036,4.23341481059744,0,0
2020-12-08T11:00:00Z,-2.2600158691406023,0,280.8899841308594,70.11363765684426,4.526731620391851,0,0
2020-12-08T12:00:00Z,-2.3100036621093523,0,280.97998046875,69.35312103379833,4.838480891512554,0,0
2020-12-08T13:00:00Z,-2.0499938964843523,53.36000442504883,280.9700012207031,66.5283105939597,5.195478676523215,0,0
2020-12-08T14:00:00Z,-1.7999938964843523,116.88800811767578,280.9700012207031,63.82766593953177,5.5584618089984765,0,0
2020-12-08T15:00:00Z,-1.5400146484374773,194.49600219726565,275.3299865722656,61.162170539363935,5.915572608518267,0,0
2020-12-08T16:00:00Z,-1.0600036621093523,227.4080047607422,275.30999755859375,60.3265485463448,5.9125967506735,0,0
2020-12-08T17:00:00Z,-0.5700134277343523,238.24900817871097,275.2900085449219,59.44360001763165,5.921562310378403,0,0
2020-12-08T18:00:00Z,-0.09000244140622726,350.11602783203125,242.22999572753903,58.58906277491096,5.93902315603953,0,0
2020-12-08T19:00:00Z,-0.14002075195310226,274.9350280761719,242.22999572753903,60.42737472252102,5.167601091995202,0,0
2020-12-08T20:00:00Z,-0.17999877929685226,175.12100219726565,242.22999572753903,62.23850009695425,4.447842176503608,0,0
2020-12-08T21:00:00Z,-0.23001708984372726,23.136001586914063,215.02999877929688,64.09952455602414,3.8235061422093923,0,0
2020-12-08T22:00:00Z,-0.9800170898437273,0,215.04998779296875,67.73370495581166,3.8187955222155847,0,0
2020-12-08T23:00:00Z,-1.7399963378906023,0,215.0800018310547,71.66252350226691,3.812099066792987,0,0
2020-12-09T00:00:00Z,-2.5000061035156023,0,199.33999633789065,75.84625454438601,3.8034851607064195,0,0
2020-12-09T01:00:00Z,-2.8400024414062273,0,199.34999084472656,77.30780129112247,3.56384620983535,0,0
2020-12-09T02:00:00Z,-3.1900085449218523,0,199.36000061035156,78.86853738857124,3.338637469761466,0,0
2020-12-09T03:00:00Z,-3.5400146484374773,0,204.6499938964844,80.4634142907449,3.130015969601315,0,0
2020-12-09T04:00:00Z,-3.5199951171874773,0,204.6499938964844,80.6599098752105,2.7719487437488333,0,0
2020-12-09T05:00:00Z,-3.5000061035156023,0,204.6499938964844,80.87317939684489,2.5937231256816253,0,0
2020-12-09T06:00:00Z,-3.4800170898437273,0,210.3199920654297,81.07205630895801,2.6222508561280886,0,0
2020-12-09T07:00:00Z,-3.6400207519531023,0,210.3300018310547,82.30588190300125,2.61818632966945,0,0
2020-12-09T08:00:00Z,-3.8100036621093523,0,210.3300018310547,83.60773793903651,2.617365034890304,0,0
2020-12-09T09:00:00Z,-3.9800170898437273,0,232.72000122070313,84.95615733964257,2.619790042152179,0,0
2020-12-09T10:00:00Z,-3.9100097656249773,0,232.72000122070313,86.20010546010127,2.778488715513586,0,0
2020-12-09T11:00:00Z,-3.8400024414062273,0,232.70999145507813,87.45178433627346,2.978086514699634,0,0
2020-12-09T12:00:00Z,-3.7699951171874773,0,285.05999755859375,88.66775455436482,3.2270418909136005,0,0
2020-12-09T13:00:00Z,-2.6200012207031023,76.99200439453125,285,84.38285768779437,3.814301971531528,0,0
2020-12-09T14:00:00Z,-1.4599975585937273,170.67201232910156,284.9499816894531,80.1980807847498,4.402022165538163,0,0
2020-12-09T15:00:00Z,-0.29999389648435226,171.28001403808594,306.6499938964844,76.19385279188273,4.990040089459579,0,0
2020-12-09T16:00:00Z,0.20000610351564774,200.5760040283203,306.6300048828125,76.63076207499184,5.243977263571561,4.7519999742507937e-4,0
2020-12-09T17:00:00Z,0.6899963378906477,210.3220062255859,306.6000061035156,77.00451803071222,5.5026265555893215,6.335999965667723e-4,0
2020-12-09T18:00:00Z,1.1899963378906477,71.26700592041016,310.29998779296875,77.20143625894426,5.7706845908412525,0,0
2020-12-09T19:00:00Z,1.0100036621093977,55.996002197265625,310.30999755859375,79.30357475481475,5.397563944584031,3.839999735355377e-4,0
2020-12-09T20:00:00Z,0.8300415039062727,35.677001953125,310.30999755859375,81.43896517297229,5.024937516388608,8.136000037193296e-4,0
2020-12-09T21:00:00Z,0.6499877929687727,7.63200044631958,307.67999267578125,83.62233381511828,4.658003592629404,0,0
2020-12-09T22:00:00Z,0.46999511718752274,0,307.67999267578125,85.7567506353363,4.426928899884705,0,0
2020-12-09T23:00:00Z,0.28002319335939774,0,307.69000244140625,88.00286416639769,4.267188697191796,0,0
2020-12-10T00:00:00Z,0.10000000000002274,0,309.739990234375,90.22409733577129,4.1675173777919925,0,0
2020-12-10T01:00:00Z,0.22002563476564774,0,309.72998046875,90.64760917921879,3.9159416428911604,0,0
2020-12-10T02:00:00Z,0.33999023437502274,0,309.72998046875,91.0541166052789,3.685430603308645,0,0
2020-12-10T03:00:00Z,0.45998535156252274,0,302.8999938964844,91.45233773877636,3.4602312442820242,0,0
2020-12-10T04:00:00Z,0.5100036621093977,0,302.8899841308594,91.87664972700203,3.6219882897110582,0,0
2020-12-10T05:00:00Z,0.5700012207031477,0,302.8899841308594,92.22745294000377,3.7753012928000254,0,0
2020-12-10T06:00:00Z,0.6199890136718977,0,282.54998779296875,92.63926112846127,3.9392637180622883,0,0
2020-12-10T07:00:00Z,0.5599914550781477,0,282.54998779296875,93.33490193633182,3.997211537250473,0,0
2020-12-10T08:00:00Z,0.49999389648439774,0,282.54998779296875,94.03836760566293,4.055440503794595,0,0
2020-12-10T09:00:00Z,0.43999633789064774,0,245.9399871826172,94.74365144619361,4.123930049627098,0,0
2020-12-10T10:00:00Z,0.39000854492189774,0,245.9499969482422,93.78344462019572,3.942435632693064,0,0
2020-12-10T11:00:00Z,0.34002075195314774,0,245.9499969482422,92.80488338621959,3.7879414063879677,0,0
2020-12-10T12:00:00Z,0.27999267578127274,0,227.79998779296875,91.87631559216678,3.6526154584084116,0,0
2020-12-10T13:00:00Z,1.6499877929687727,99.8560028076172,227.7599945068359,84.26196320895266,3.8644662738986244,0,0
2020-12-10T14:00:00Z,3.0199829101562727,224.03201293945313,227.72000122070313,77.35190074609915,4.162655400167668,0,0
2020-12-10T15:00:00Z,4.390008544921898,350.8000183105469,235.17999267578125,71.08064967330412,4.546218117724591,0,0
2020-12-10T16:00:00Z,4.939996337890648,411.4080200195313,235.1599884033203,68.4264674508444,4.902183065737673,0,0
2020-12-10T17:00:00Z,5.499993896484398,431.7750244140625,235.13999938964844,65.84521990676136,5.268747345802664,0,0
2020-12-10T18:00:00Z,6.059991455078148,382.7990112304687,237.22999572753903,63.372631303335254,5.643845880481851,0,0
2020-12-10T19:00:00Z,5.140008544921898,300.8830261230469,237.2599945068359,67.41149051327547,4.922194492397367,0,0
2020-12-10T20:00:00Z,4.209985351562523,191.78700256347656,237.2899932861328,71.7892175727648,4.200595069350671,0,0
2020-12-10T21:00:00Z,3.2900024414062727,23.520000457763672,224.489990234375,76.43514507347298,3.4720742014436023,0,0
2020-12-10T22:00:00Z,2.4899841308593977,0,224.51998901367188,77.90799014085425,3.0363793186243284,0,0
2020-12-10T23:00:00Z,1.6799865722656477,0,224.54998779296875,79.37384458888357,2.679440138825658,0,0
2020-12-11T00:00:00Z,0.8799987792968977,0,225.97000122070313,80.68845355068069,2.4233240790914112,0,0
2020-12-11T01:00:00Z,0.9000183105468977,0,225.95999145507813,81.57097719993439,2.063419454652531,0,0
2020-12-11T02:00:00Z,0.9299865722656477,0,225.95999145507813,82.37997564484492,1.7400000095367432,0,0
2020-12-11T03:00:00Z,0.9500061035156477,0,228.55999755859375,83.25802619684633,1.4751270511025603,0,0
2020-12-11T04:00:00Z,0.9099975585937727,0,228.55999755859375,83.38136252659544,1.4426711477103131,0,0
2020-12-11T05:00:00Z,0.8799987792968977,0,228.5699920654297,83.44002843320436,1.5711460691719654,0,0
2020-12-11T06:00:00Z,0.8399902343750227,0,233.34999084472656,83.56648095777719,1.838967054432891,0,0
2020-12-11T07:00:00Z,0.6199890136718977,0,233.34999084472656,85.33610728524526,2.3269291694026664,0,0
2020-12-11T08:00:00Z,0.39998779296877274,0,233.36000061035156,87.14598282125753,2.8301942082009233,0,0
2020-12-11T09:00:00Z,0.17998657226564774,0,228.0099945068359,88.9940868613021,3.3217464161601837,0,0
2020-12-11T10:00:00Z,0.12999877929689774,0,228.0099945068359,89.63401647602795,3.440930068015215,0,0
2020-12-11T11:00:00Z,0.07998046875002274,0,228.0099945068359,90.26809673729562,3.5687671163452515,0,0
2020-12-11T12:00:00Z,0.04000244140627274,0,234.4199981689453,90.84151457313727,3.698986246602948,0,0
2020-12-11T13:00:00Z,1.7300048828125227,97.28400421142578,234.36000061035156,83.60759570489849,4.240671841997311,0,0
2020-12-11T14:00:00Z,3.4200073242187727,220.87200927734375,234.29998779296875,76.94971725487585,4.800260214904852,0,0
2020-12-11T15:00:00Z,5.109979248046898,345.85601806640625,256.9100036621094,70.8397581302891,5.3863532177606706,0,0
2020-12-11T16:00:00Z,6.209985351562523,406.2080078125,256.8599853515625,69.5635319563319,6.077910680762916,0,0
2020-12-11T17:00:00Z,7.299981689453148,426.7190246582031,256.82000732421875,68.1836475360148,6.775780443432291,0,0
2020-12-11T18:00:00Z,8.399987792968773,375.0650329589844,263.5299987792969,66.62417145823008,7.483214363718554,0,0
2020-12-11T19:00:00Z,7.519982910156273,294.9670104980469,263.55999755859375,71.60503681382856,6.75553811847413,0,0
2020-12-11T20:00:00Z,6.640008544921898,188.14801025390625,263.5799865722656,76.98050581362072,6.019601135790886,0,0
2020-12-11T21:00:00Z,5.749993896484398,27.200000762939453,251.70999145507813,82.84136763673845,5.292730642851187,0,0
2020-12-11T22:00:00Z,4.980004882812523,0,251.739990234375,85.58612737478548,5.0021794545594,0,0
2020-12-11T23:00:00Z,4.200006103515648,0,251.76998901367188,88.47964374033863,4.7124726153116905,0,0
2020-12-12T00:00:00Z,3.4299865722656477,0,248.63999938964844,91.38017710752867,4.42377654853178,0,0
2020-12-12T01:00:00Z,3.2799926757812727,0,248.63999938964844,91.85969895061271,4.249482234875961,0,0
2020-12-12T02:00:00Z,3.1400085449218977,0,248.6499938964844,92.28128247165432,4.081482450866919,0,0
2020-12-12T03:00:00Z,2.9999938964843977,0,254.17999267578125,92.6908481359603,3.908401056224843,0,0
2020-12-12T04:00:00Z,2.8799987792968977,0,254.17999267578125,93.38248433329716,3.5922692946205865,0,0
2020-12-12T05:00:00Z,2.7699829101562727,0,254.1899871826172,94.00504673944118,3.27404933819388,0,0
2020-12-12T06:00:00Z,2.6499877929687727,0,257.2699890136719,94.69972493983144,2.958005982081497,0,0
2020-12-12T07:00:00Z,2.6499877929687727,0,257.2699890136719,95.02674825388117,2.757263084775568,0,0
2020-12-12T08:00:00Z,2.6400085449218977,0,257.2599792480469,95.41513502825823,2.5723529534718934,0,0
2020-12-12T09:00:00Z,2.6400085449218977,0,254.97999572753903,95.73600513356679,2.39770727611053,0,0
2020-12-12T10:00:00Z,2.7399841308593977,0,254.97999572753903,95.89111636630986,2.4777813134291744,0,0
2020-12-12T11:00:00Z,2.8399902343750227,0,254.97000122070313,96.04310763040644,2.6867264615120496,0,0
2020-12-12T12:00:00Z,2.9399963378906477,0,273.1499938964844,96.19525958144364,3.0050955245946014,0,0
2020-12-12T13:00:00Z,4.779992675781273,93.12800598144533,273.07000732421875,94.26140312538902,3.013784892284879,0,0
2020-12-12T14:00:00Z,6.609979248046898,213.95201110839844,272.989990234375,91.57940715701281,3.054242918102644,0,0
2020-12-12T15:00:00Z,8.439996337890648,182.14401245117188,335.0799865722656,88.32296904423387,3.1088582779817804,0,0
2020-12-12T16:00:00Z,9.149987792968773,214.25601196289065,335.0299987792969,89.28597359087485,3.5509011063325993,0,0
2020-12-12T17:00:00Z,9.869989013671898,225.2800140380859,334.989990234375,89.90698130573762,3.993820149147388,2.97599986195564e-4,0
2020-12-12T18:00:00Z,10.589990234375023,270.4460144042969,340.6499938964844,90.28326383692887,4.4373525801765314,0,0
2020-12-12T19:00:00Z,10.760003662109398,212.8350067138672,340.6399841308594,92.06576718398078,4.779424523283696,0,0
2020-12-12T20:00:00Z,10.929986572265648,135.86199951171875,340.6199951171875,93.79732842804357,5.122470136660596,0,0
2020-12-12T21:00:00Z,11.109979248046898,27.440000534057617,344.3800048828125,95.40601970024619,5.462398446245516,0,0
2020-12-12T22:00:00Z,11.049981689453148,0,344.3800048828125,96.02262322978048,5.51522433069383,0,0
2020-12-12T23:00:00Z,10.989984130859398,0,344.3800048828125,96.64267170689133,5.637605584388656,0,0
2020-12-13T00:00:00Z,10.929986572265648,0,300.66998291015625,97.26499186876741,5.825160883965638,0,0
2020-12-13T01:00:00Z,10.579980468750023,0,300.69000244140625,96.86503046772853,5.747347005572467,0,0
2020-12-13T02:00:00Z,10.230004882812523,0,300.7099914550781,96.39297601061196,5.834191960492144,0,0
2020-12-13T03:00:00Z,9.879998779296898,0,331.6199951171875,95.8561612746111,6.08208019755224,0,0
2020-12-13T04:00:00Z,9.969995117187523,0,331.6099853515625,95.92899059045693,5.899567484972337,5.375999808311463e-4,0
2020-12-13T05:00:00Z,10.059991455078148,0,331.6099853515625,95.99343145846487,5.7154526184349965,0.0013727999925613403,0
2020-12-13T06:00:00Z,10.159997558593773,0,342.7200012207031,95.99355205210658,5.538844691564567,9.503999948501587e-4,0
2020-12-13T07:00:00Z,10.119989013671898,0,342.72998046875,95.94495461235437,5.527431553658834,0,0
2020-12-13T08:00:00Z,10.079980468750023,0,342.72998046875,95.89393734249326,5.536108619657269,0,0
2020-12-13T09:00:00Z,10.040002441406273,0,316.92999267578125,95.84210838887529,5.552116710722356,0,0
2020-12-13T10:00:00Z,9.489984130859398,0,316.9599914550781,96.18650856459847,5.3975177151847396,0,0
2020-12-13T11:00:00Z,8.939996337890648,0,316.989990234375,96.43416195574865,5.236878577865222,0,0
2020-12-13T12:00:00Z,8.379998779296898,0,283.55999755859375,96.63430202988732,5.085951120440972,0,0
2020-12-13T13:00:00Z,9.609979248046898,83.92000579833984,283.5199890136719,91.75733305524359,5.355231081039871,0,0
2020-12-13T14:00:00Z,10.829980468750023,195.05601501464844,283.4700012207031,87.16811560972728,5.7899999198518275,0,0
2020-12-13T15:00:00Z,12.049981689453148,226.3840179443359,343.5099792480469,82.79324726186168,6.347093880166582,0,0
2020-12-13T16:00:00Z,12.159997558593773,266.656005859375,343.5099792480469,78.06430857059247,6.287646320225505,0,0
2020-12-13T17:00:00Z,12.260003662109398,280.6400146484375,343.5199890136719,73.45291148227805,6.321787720048043,0,0
2020-12-13T18:00:00Z,12.369989013671898,267.6310119628906,338.03997802734375,68.85576729555339,6.42486583358861,0,0
2020-12-13T19:00:00Z,11.829980468750023,210.76600646972656,338.07000732421875,69.91258490557352,5.835794642159155,0,0
2020-12-13T20:00:00Z,11.290002441406273,134.69700622558594,338.1000061035156,70.96173776389276,5.236964787852691,0,0
2020-12-13T21:00:00Z,10.749993896484398,26.624000549316406,313.6199951171875,72.00376736953069,4.637866001667494,0,0
2020-12-13T22:00:00Z,9.899987792968773,0,313.6600036621094,74.48413111873664,4.392914616356564,0,0
2020-12-13T23:00:00Z,9.059991455078148,0,313.69000244140625,76.98197086984763,4.191730043860526,0,0
2020-12-14T00:00:00Z,8.219995117187523,0,254.08999633789065,79.53718599352165,4.031178344515554,0,0
2020-12-14T01:00:00Z,6.799981689453148,0,254.1499938964844,79.94423488135193,3.694861186237197,0,0
2020-12-14T02:00:00Z,5.390008544921898,0,254.20999145507813,79.60427490113408,3.5143846155205054,0,0
2020-12-14T03:00:00Z,3.9699951171875227,0,229.87998962402344,78.47273266467478,3.503212858760657,0,0
2020-12-14T04:00:00Z,3.1799865722656477,0,229.9099884033203,80.54325702135424,3.380902196232826,0,0
2020-12-14T05:00:00Z,2.3799987792968977,0,229.94000244140625,82.67993953429881,3.2970591387051256,0,0
2020-12-14T06:00:00Z,1.5899902343750227,0,236.9199981689453,84.76235781818235,3.2441023020888236,0,0
2020-12-14T07:00:00Z,1.4800048828125227,0,236.92999267578125,85.33709335047455,2.775049448921622,0,0
2020-12-14T08:00:00Z,1.3799987792968977,0,236.92999267578125,85.85685323539391,2.321120467343893,0,0
2020-12-14T09:00:00Z,1.2699829101562727,0,272.1000061035156,86.44022631247464,1.8681541232828263,0,0
2020-12-14T10:00:00Z,1.3999877929687727,0,272.0899963378906,85.84240101219926,1.7065754636206842,0,0
2020-12-14T11:00:00Z,1.5299926757812727,0,272.0899963378906,85.247029067809,1.5638733392896758,0,0
2020-12-14T12:00:00Z,1.6599975585937727,0,309.489990234375,84.6512771236495,1.4527903468424022,0,0
2020-12-14T13:00:00Z,2.4999938964843977,60.50400161743164,309.4499816894531,81.11092084940394,1.9233824391173155,0.00853439998626709,0
2020-12-14T14:00:00Z,3.3399902343750227,142.26400756835938,309.4100036621094,77.72172505936264,2.4384625862451306,0.017865599155426026,0
2020-12-14T15:00:00Z,4.179986572265648,181.52000427246097,326.1199951171875,74.47853418726612,2.9701515119130426,0.00921119999885559,0
2020-12-14T16:00:00Z,4.459985351562523,214.1280059814453,326.1099853515625,75.21311756070887,1.7504570831438497,0.024508798599243164,0
2020-12-14T17:00:00Z,4.730004882812523,225.57000732421875,326.0899963378906,75.94129531323514,1.334541135893601,0.0253439998626709,0
2020-12-14T18:00:00Z,5.010003662109398,216.93600463867188,317.8599853515625,76.56455745492178,2.2299103399634,0.015028799057006836,0
2020-12-14T19:00:00Z,5.049981689453148,170.97500610351565,317.8500061035156,77.36371393033669,2.3913384038055057,5.232000052928922e-4,0
2020-12-14T20:00:00Z,5.089990234375023,109.39400482177734,317.8500061035156,78.15090753986196,2.570486268504456,0,0
2020-12-14T21:00:00Z,5.129998779296898,29.952001571655273,289.17999267578125,78.94267253566576,2.7459060525574897,0,0
2020-12-14T22:00:00Z,4.579980468750023,0,289.2099914550781,79.07216047889986,3.4242223730048575,0,0
2020-12-14T23:00:00Z,4.040002441406273,0,289.239990234375,79.04961146012424,4.326811600820843,0,0
2020-12-15T00:00:00Z,3.4999938964843977,0,275.9100036621094,78.90875852299156,5.333235217119763,0,0
2020-12-15T01:00:00Z,2.7900024414062727,0,275.94000244140625,77.4065872545703,5.883298368964255,0,0
2020-12-15T02:00:00Z,2.0899902343750227,0,275.97998046875,75.48617409045025,6.427013094905173,0,0
2020-12-15T03:00:00Z,1.3799987792968977,0,268.17999267578125,73.22031145920279,6.984969667738835,0,0
2020-12-15T04:00:00Z,0.9200073242187727,0,268.2099914550781,71.85255711725482,6.934219320206065,0,0
2020-12-15T05:00:00Z,0.45000610351564774,0,268.22998046875,70.35586446028844,6.892263464149936,0,0
2020-12-15T06:00:00Z,-0.019995117187477263,0,242.9199981689453,68.68155456887997,6.845326636151125,0,0
2020-12-15T07:00:00Z,-0.19000854492185226,0,242.9399871826172,65.93921106137601,6.758054299407644,0,0
2020-12-15T08:00:00Z,-0.37000122070310226,0,242.9499969482422,63.15683939212373,6.663122142551045,0,0
2020-12-15T09:00:00Z,-0.5499938964843523,0,247.34999084472656,60.287762334265835,6.575986452142077,0,0
2020-12-15T10:00:00Z,-0.8999999999999773,0,247.3699951171875,59.6630437698901,6.71205617341689,0,0
2020-12-15T11:00:00Z,-1.2500061035156023,0,247.37998962402344,58.96023909716002,6.8518609416343885,0,0
2020-12-15T12:00:00Z,-1.6000122070312273,0,257.8899841308594,58.18319757994677,7.0020851381710685,0,0
2020-12-15T13:00:00Z,-1.1700195312499773,81.1520004272461,257.8800048828125,55.98729986629683,7.149272444888471,0,0
2020-12-15T14:00:00Z,-0.7399963378906023,192.99200439453125,257.8599853515625,53.87411865210552,7.303971645394198,0,0
2020-12-15T15:00:00Z,-0.31000366210935226,323.85601806640625,234.9499969482422,51.837599894062386,7.464696724461529,0,0
2020-12-15T16:00:00Z,-0.10001220703122726,382.5760192871094,234.9499969482422,49.121495137745335,7.29214625502669,0,0
2020-12-15T17:00:00Z,0.10997924804689774,403.3940124511719,234.9399871826172,46.48671818835161,7.118911238534829,0,0
2020-12-15T18:00:00Z,0.32000122070314774,367.10601806640625,230.36000061035156,43.91528727566393,6.94603465717302,0,0
2020-12-15T19:00:00Z,-0.09000244140622726,289.572021484375,230.37998962402344,42.8014746693682,6.454060542577746,0,0
2020-12-15T20:00:00Z,-0.5100158691406023,185.552001953125,230.3999938964844,41.61333301480902,5.985649484084633,0,0
2020-12-15T21:00:00Z,-0.9299987792968523,27.93600082397461,202.5099945068359,40.30128810218917,5.541200064501459,0,0
2020-12-15T22:00:00Z,-1.5600036621093523,0,202.52999877929688,41.01940183394219,4.661201491897583,0,0
2020-12-15T23:00:00Z,-2.1900085449218523,0,202.5500030517578,41.72085927806585,3.7790208985179095,0,0
2020-12-16T00:00:00Z,-2.8299926757812273,0,195.45999145507813,42.43343341824736,2.915098460401051,0,0
2020-12-16T01:00:00Z,-3.3299926757812273,0,195.47000122070313,48.07657273267569,3.0972568320068836,0,0
2020-12-16T02:00:00Z,-3.8299926757812273,0,195.47000122070313,54.09904982021718,3.3634059151861795,0,0
2020-12-16T03:00:00Z,-4.329992675781227,0,193.05999755859375,60.52763962324264,3.692654690453035,0,0
2020-12-16T04:00:00Z,-4.600012207031227,0,193.05999755859375,61.38320447749561,3.427068556440476,0,0
2020-12-16T05:00:00Z,-4.870001220703102,0,193.0699920654297,62.247448188090175,3.165217070005782,0,0
2020-12-16T06:00:00Z,-5.140020751953102,0,191.36000061035156,63.11200590459235,2.9062861653200462,0,0
2020-12-16T07:00:00Z,-5.500006103515602,0,191.3699951171875,62.964421679279845,2.890882126840001,0,0
2020-12-16T08:00:00Z,-5.859991455078102,0,191.37998962402344,62.74301386488802,2.891107000466863,0,0
2020-12-16T09:00:00Z,-6.220007324218727,0,188.8699951171875,62.48557227262189,2.9012583154939664,0,0
2020-12-16T10:00:00Z,-6.510015869140602,0,188.87998962402344,63.592095986944805,2.7079512870603653,0,0
2020-12-16T11:00:00Z,-6.799993896484352,0,188.87998962402344,64.72893994560044,2.574023945899326,0,0
2020-12-16T12:00:00Z,-7.090002441406227,0,227.62998962402344,65.87904020409606,2.505713359029374,0,0
2020-12-16T13:00:00Z,-6.329992675781227,85.96000671386719,227.61000061035156,53.79070020550949,3.5223995651021585,0,0
2020-12-16T14:00:00Z,-5.570013427734352,206.70401000976565,227.59999084472656,42.91774215818235,4.646568672986274,0,0
2020-12-16T15:00:00Z,-4.810003662109352,295.40802001953125,256.1199951171875,33.11142193840646,5.825478412055474,0,0
2020-12-16T16:00:00Z,-3.8800109863281023,349.44000244140625,256.0899963378906,30.060860229522813,5.522264003131988,0,0
2020-12-16T17:00:00Z,-2.9500183105468523,368.78802490234375,256.05999755859375,27.278466059931286,5.275945268645713,0,0
2020-12-16T18:00:00Z,-2.0199951171874773,304.39300537109375,278.2900085449219,24.74606860905394,5.0699210672940005,0,0
2020-12-16T19:00:00Z,-1.9700073242187273,240.3360137939453,278.2699890136719,28.40874132289946,5.2994054882649575,0,0
2020-12-16T20:00:00Z,-1.9100097656249773,154.24900817871094,278.2599792480469,32.02671831173209,5.619474840691155,0,0
2020-12-16T21:00:00Z,-1.8500122070312273,20.80000114440918,296.54998779296875,35.597219801469336,6.01143069723287,0,0
2020-12-16T22:00:00Z,-2.9400085449218523,0,296.57000732421875,47.36307649391911,6.432612104095078,0,0
2020-12-16T23:00:00Z,-4.030004882812477,0,296.6000061035156,60.8934139979251,6.900180870947399,0,0
2020-12-17T00:00:00Z,-5.109991455078102,0,296.17999267578125,76.40457518871567,7.405356015566386,0,4.7999998787418005e-6
2020-12-17T01:00:00Z,-5.440008544921852,0,296.19000244140625,80.91633792424494,8.086000022261683,0,0.024758399963378905
2020-12-17T02:00:00Z,-5.769995117187477,0,296.1999816894531,85.60610822890482,8.80620777470339,0,0.03398400020599365
2020-12-17T03:00:00Z,-6.090002441406227,0,293.2599792480469,90.39975743440333,9.552030634626485,0,0.09255360031127928
2020-12-17T04:00:00Z,-5.890020751953102,0,293.25,90.73014679978988,10.115739887932124,0,0.0826079978942871
2020-12-17T05:00:00Z,-5.679998779296852,0,293.239990234375,90.96125744270941,10.681357390156862,0,0.03926399803161621
2020-12-17T06:00:00Z,-5.470007324218727,0,284.75,91.15882415194731,11.258494345344937,0,0.07974239730834962
2020-12-17T07:00:00Z,-5.149999999999977,0,284.739990234375,90.99959486353909,11.49373691609953,0,0.07710720062255859
2020-12-17T08:00:00Z,-4.820013427734352,0,284.7200012207031,90.72914787242654,11.88682004971548,0,0.0977471923828125
2020-12-17T09:00:00Z,-4.489996337890602,0,285.8800048828125,90.41437580781293,12.417056421536822,0,0.061248001098632814
2020-12-17T10:00:00Z,-4.560003662109352,0,285.8899841308594,89.82822486988704,11.616388880356046,0,0.04423199844360352
2020-12-17T11:00:00Z,-4.630010986328102,0,285.8899841308594,89.24828735142157,10.943510034811748,0,0.045412799835205075
2020-12-17T12:00:00Z,-4.690008544921852,0,284.2699890136719,88.59190826237138,10.442412987260465,0,0.03954239845275879
2020-12-17T13:00:00Z,-5.090002441406227,25.988000869750977,284.2900085449219,87.76977830039493,10.087070854257346,0,0.01774079990386963
2020-12-17T14:00:00Z,-5.480017089843727,63.16800308227539,284.30999755859375,86.74897189869858,9.760701511374105,0,0.0060191996097564695
2020-12-17T15:00:00Z,-5.880010986328102,102.8320083618164,289.7900085449219,85.64130749704783,9.455717276105862,0,0
2020-12-17T16:00:00Z,-5.459997558593727,121.8080062866211,289.7699890136719,85.74502798453038,8.708483767332332,0,4.607999771833418e-4
2020-12-17T17:00:00Z,-5.030004882812477,128.67201232910156,289.75,85.70461958490864,7.977248954325527,0,0
2020-12-17T18:00:00Z,-4.609991455078102,204.75100708007813,291.67999267578125,85.6449800591968,7.2533576144908904,0,0
2020-12-17T19:00:00Z,-4.340002441406227,161.81201171875,291.66998291015625,86.00377930172216,6.4095627864165055,0,0
2020-12-17T20:00:00Z,-4.070013427734352,104.04800415039064,291.6600036621094,86.3240166875229,5.575607285340484,0,0
2020-12-17T21:00:00Z,-3.7900146484374773,22.304000854492188,279.7900085449219,86.53802661853358,4.742699424278945,0,0
2020-12-17T22:00:00Z,-4.209997558593727,0,279.80999755859375,87.94919157754109,4.210011914614143,0,0
2020-12-17T23:00:00Z,-4.630010986328102,0,279.8299865722656,89.36832398904133,3.684901455353495,0,0
2020-12-18T00:00:00Z,-5.049993896484352,0,274.3899841308594,90.79118148738678,3.180440067740087,0,0
2020-12-18T01:00:00Z,-5.079992675781227,0,274.3999938964844,89.26504401707264,3.196404068511567,0,0
2020-12-18T02:00:00Z,-5.109991455078102,0,274.3999938964844,87.72949925160108,3.214544898910747,0,0
2020-12-18T03:00:00Z,-5.140020751953102,0,263.8699951171875,86.1886659166865,3.2321043956097086,0,0
2020-12-18T04:00:00Z,-5.190008544921852,0,263.8800048828125,86.21169253037863,3.3452204043679443,0,0
2020-12-18T05:00:00Z,-5.250006103515602,0,263.8800048828125,86.31488565787637,3.4530564349034507,0,0
2020-12-18T06:00:00Z,-5.299993896484352,0,249.37998962402344,86.33982978768266,3.5745348677225244,0,0
2020-12-18T07:00:00Z,-5.470007324218727,0,249.38999938964844,86.20279903545523,3.4832312771432874,0,0
2020-12-18T08:00:00Z,-5.649999999999977,0,249.38999938964844,86.10312708655226,3.3921230953679475,0,0
2020-12-18T09:00:00Z,-5.820013427734352,0,246.84999084472656,85.92105975663534,3.301226996828619,0,0
2020-12-18T10:00:00Z,-5.989996337890602,0,246.86000061035156,85.62425623092584,3.236077910367891,0,0
2020-12-18T11:00:00Z,-6.160009765624977,0,246.86000061035156,85.30894255262665,3.2042626650624624,0,0
2020-12-18T12:00:00Z,-6.329992675781227,0,289.5299987792969,84.95300460574813,3.2067740373288247,0,0
2020-12-18T13:00:00Z,-5.760015869140602,38.78000259399414,289.5,80.32316888385765,3.675350324229979,0,0
2020-12-18T14:00:00Z,-5.190008544921852,95.264007568359375,289.47998046875,75.95225904765722,4.137305903731126,0,0
2020-12-18T15:00:00Z,-4.620001220703102,283.1520080566406,251.67999267578125,71.82189717660295,4.610910998907818,0,0
2020-12-18T16:00:00Z,-3.7600158691406023,335.84002685546875,251.6499938964844,69.10389009531977,4.8048517497103616,0,0
2020-12-18T17:00:00Z,-2.8999999999999773,355.0970153808594,251.6199951171875,66.45694027413553,5.0218819052097485,0,0
2020-12-18T18:00:00Z,-2.0300048828124773,386.89300537109375,207.11000061035156,63.85485989376977,5.243891475765004,0,0
2020-12-18T19:00:00Z,-2.2699951171874773,306.1000061035156,207.11000061035156,65.84336525483043,4.668715135538639,0,0
2020-12-18T20:00:00Z,-2.5000061035156023,197.2050018310547,207.1199951171875,67.84837043337639,4.11176332637247,0,0
2020-12-18T21:00:00Z,-2.7300170898437273,27.552001953125,198.05999755859375,69.8904170565463,3.553547560936737,0,0
2020-12-18T22:00:00Z,-3.5700134277343523,0,198.08999633789065,71.44565094164639,3.7425792107580036,0,0
2020-12-18T23:00:00Z,-4.410009765624977,0,198.1199951171875,72.94205529145931,3.931259291742501,0,0
2020-12-19T00:00:00Z,-5.239996337890602,0,182.8000030517578,74.29569785703606,4.124560418028545,0,0
2020-12-19T01:00:00Z,-6.260015869140602,0,182.8300018310547,76.3248180319821,4.028821095008859,0,0
2020-12-19T02:00:00Z,-7.269995117187477,0,182.86000061035156,78.18412712670252,3.9213516120768954,0,0
2020-12-19T03:00:00Z,-8.290014648437477,0,179.8699951171875,79.95755077579344,3.8275317359072076,0,0
2020-12-19T04:00:00Z,-8.570013427734352,0,179.87998962402344,79.48294712683403,3.7065347792525785,0,0
2020-12-19T05:00:00Z,-8.859991455078102,0,179.88999938964844,79.00344870195707,3.5860283036580394,0,0
2020-12-19T06:00:00Z,-9.149999999999977,0,179.63999938964844,78.47373246597998,3.4565444634324543,0,0
2020-12-19T07:00:00Z,-9.310003662109352,0,179.63999938964844,77.84319941972413,3.3748035346457064,0,0
2020-12-19T08:00:00Z,-9.470007324218727,0,179.64999389648438,77.21142196427722,3.292567302664802,0,0
2020-12-19T09:00:00Z,-9.640020751953102,0,184.9099884033203,76.61230161432992,3.2131137897419815,0,0
2020-12-19T10:00:00Z,-9.840002441406227,0,184.9199981689453,76.77988368354931,3.140254652485282,0,0
2020-12-19T11:00:00Z,-10.049993896484352,0,184.92999267578125,76.9905000633759,3.072995282395774,0,0
2020-12-19T12:00:00Z,-10.250006103515602,0,183.86000061035156,77.14460580467738,3.0117103854962495,0,0
2020-12-19T13:00:00Z,-8.750006103515602,88.264007568359375,183.80999755859375,78.59566535597511,2.616123105255641,0,0
2020-12-19T14:00:00Z,-7.250006103515602,219.0240173339844,183.7599945068359,78.85930353996916,2.2250392544316164,0,0
2020-12-19T15:00:00Z,-5.739996337890602,346.2400207519531,202.6699981689453,78.13679556933963,1.8413309785447807,0,0
2020-12-19T16:00:00Z,-4.459997558593727,411.2000122070313,202.6199951171875,75.90250357796164,1.420035146023105,0,0
2020-12-19T17:00:00Z,-3.1700195312499773,435.1800231933594,202.5800018310547,73.41602119593853,1.1982069323090565,0,0
2020-12-19T18:00:00Z,-1.8800109863281023,378.8810119628906,225.6999969482422,70.79302908081137,1.3130878851401082,0,0
2020-12-19T19:00:00Z,-1.9400085449218523,300.08001708984375,225.70999145507813,71.72619619847877,1.4713938264706161,0,0
2020-12-19T20:00:00Z,-2.0000061035156023,193.74600219726565,225.70999145507813,72.66911115680158,1.6397560386808248,0,0
2020-12-19T21:00:00Z,-2.0600036621093523,39.68000030517578,243.11000061035156,73.62803838023906,1.8085352809872228,0,0
2020-12-19T22:00:00Z,-2.6600097656249773,0,243.12998962402344,75.15620107602842,2.1927607480656555,0,0
2020-12-19T23:00:00Z,-3.2600158691406023,0,243.1599884033203,76.67445750664044,2.6488111067128037,0,0
2020-12-20T00:00:00Z,-3.8599914550781023,0,255.72000122070313,78.2091815832992,3.167080641447059,0,0
2020-12-20T01:00:00Z,-4.049993896484352,0,255.72000122070313,80.37764993049957,3.1349800061313853,0,0
2020-12-20T02:00:00Z,-4.230017089843727,0,255.72999572753903,82.53089255637279,3.0994515404362932,0,0
2020-12-20T03:00:00Z,-4.420019531249977,0,246.17999267578125,84.7893064363483,3.0605227931980736,0,0
2020-12-20T04:00:00Z,-4.429998779296852,0,246.1699981689453,85.47556955187831,2.979530203481662,0,0
2020-12-20T05:00:00Z,-4.440008544921852,0,246.1699981689453,86.16288769996856,2.89435648240682,0,0
2020-12-20T06:00:00Z,-4.450018310546852,0,245.38999938964844,86.85886095565516,2.813485313635488,0,0
2020-12-20T07:00:00Z,-4.530004882812477,0,245.38999938964844,87.61475085928053,2.832136915711275,0,0
2020-12-20T08:00:00Z,-4.620001220703102,0,245.38999938964844,88.44424577595153,2.8552406869303404,0,0
2020-12-20T09:00:00Z,-4.709997558593727,0,274.4499816894531,89.28069033100778,2.8785064265093476,0,0
2020-12-20T10:00:00Z,-4.399999999999977,0,274.42999267578125,89.61782101856018,3.0585289745501845,0,0
2020-12-20T11:00:00Z,-4.090002441406227,0,274.41998291015625,89.90275344246778,3.25405891616816,0,0
2020-12-20T12:00:00Z,-3.7800048828124773,0,289.57000732421875,90.1169055651776,3.4453010878808596,0,0
2020-12-20T13:00:00Z,-2.7999938964843523,69.25200653076172,289.5299987792969,88.7108203196774,3.8450225610157998,0,0
2020-12-20T14:00:00Z,-1.8299926757812273,173.52801513671875,289.47998046875,87.16298455064401,4.244384409793361,0,0
2020-12-20T15:00:00Z,-0.8500122070312273,247.48800659179688,297.3899841308594,85.36201112755467,4.647848696049965,0,0
2020-12-20T16:00:00Z,-0.14002075195310226,294.28802490234375,297.3599853515625,84.61475445701804,5.105653774681451,0,0
2020-12-20T17:00:00Z,0.5599914550781477,311.7250061035156,297.32000732421875,83.80172460986824,5.570008871783687,0,0
2020-12-20T18:00:00Z,1.2699829101562727,240.01101684570313,301.6999816894531,82.80938216692702,6.0251555854051295,0,0
2020-12-20T19:00:00Z,1.2500244140625227,190.3140106201172,301.6999816894531,85.09881382857468,5.587852845659382,6.816000044345856e-4,0
2020-12-20T20:00:00Z,1.2300354003906477,123.156005859375,301.69000244140625,87.38507294638953,5.154502797684673,0,0
2020-12-20T21:00:00Z,1.2099853515625227,10.91200065612793,297.42999267578125,89.67789247869382,4.726192847115426,0,0
2020-12-20T22:00:00Z,0.8900085449218977,0,297.44000244140625,91.66423160194398,4.217119657589142,0,0
2020-12-20T23:00:00Z,0.5799804687500227,0,297.4499816894531,93.62692275278323,3.7165171483389807,0,0
2020-12-21T00:00:00Z,0.26998291015627274,0,280.8699951171875,95.64546059022186,3.2283276106259042,0,0
2020-12-21T01:00:00Z,0.010003662109397737,0,280.8800048828125,96.10706773867447,3.1280824073536553,0,0
2020-12-21T02:00:00Z,-0.25000610351560226,0,280.8899841308594,96.55050962325772,3.041989470805368,0,0
2020-12-21T03:00:00Z,-0.5000061035156023,0,287.3500061035156,96.92128743189849,2.9632583893412834,0,0
2020-12-21T04:00:00Z,-0.35999145507810226,0,287.3399963378906,97.4074842347269,2.696145245741476,0,0
2020-12-21T05:00:00Z,-0.22000732421872726,0,287.3399963378906,97.86073620061569,2.4423348309769755,0,0
2020-12-21T06:00:00Z,-0.07001342773435226,0,297.3899841308594,98.23379460933393,2.220495359424948,0,0
2020-12-21T07:00:00Z,-0.019995117187477263,0,297.3800048828125,98.12974320215179,2.042841095428814,0,0
2020-12-21T08:00:00Z,0.029992675781272737,0,297.3800048828125,98.02018796497106,1.8668154255595264,0,0
2020-12-21T09:00:00Z,0.07998046875002274,0,294.5199890136719,97.90749695181154,1.700176437429163,0,0
2020-12-21T10:00:00Z,0.07000122070314774,0,294.5199890136719,97.66660838902209,1.6977926151228282,0,0
2020-12-21T11:00:00Z,0.07000122070314774,0,294.5199890136719,97.35748244791033,1.7394826089796152,0,0
2020-12-21T12:00:00Z,0.05999145507814774,0,264.6300048828125,97.12514580643474,1.8222238718955148,0,0
2020-12-21T13:00:00Z,0.6499877929687727,72.04000091552734,264.6000061035156,95.0535081147364,1.7647945261757128,0,0
2020-12-21T14:00:00Z,1.2300048828125227,182.21600341796875,264.5799865722656,93.07309587305829,1.744849486103745,0,0
2020-12-21T15:00:00Z,1.8200012207031477,274.1440124511719,290.7799987792969,91.03856996325389,1.7545368762702798,0,0
2020-12-21T16:00:00Z,2.2600036621093977,326.3680114746094,290.7599792480469,88.82489444832107,2.030295492919789,0,0
2020-12-21T17:00:00Z,2.6899963378906477,346.03900146484375,290.75,86.72502093238793,2.335401435178509,0,0
2020-12-21T18:00:00Z,3.1299987792968977,330.5080261230469,272.9100036621094,84.61423168286959,2.6658019296259785,0,0
2020-12-21T19:00:00Z,2.6299987792968977,262.4000244140625,272.92999267578125,86.56548331415176,2.5955538611580256,0,0
2020-12-21T20:00:00Z,2.1299987792968977,170.21701049804688,272.9499816894531,88.56557113264051,2.5339691672553144,0,0
2020-12-21T21:00:00Z,1.6299987792968977,33.52000045776367,238.84999084472656,90.61227589272926,2.473155886245373,0,0
2020-12-21T22:00:00Z,0.9599853515625227,0,238.8699951171875,92.17114406632271,2.579786667228376,0,0
2020-12-21T23:00:00Z,0.29000244140627274,0,238.8999938964844,93.67081284808602,2.7118995714975673,0,0
2020-12-22T00:00:00Z,-0.37000122070310226,0,287.5899963378906,95.05491216004677,2.8756215436716115,0,0
2020-12-22T01:00:00Z,-0.13001098632810226,0,287.5799865722656,94.55984860543651,2.9701515119130426,0,0
2020-12-22T02:00:00Z,0.11998901367189774,0,287.57000732421875,93.98470791771707,3.064702179956156,0,0
2020-12-22T03:00:00Z,0.35997924804689774,0,301.22998046875,93.46715177481812,3.1592719349336296,0,0
2020-12-22T04:00:00Z,0.29998168945314774,0,301.22998046875,93.33285864163321,2.9415132006164693,0,0
2020-12-22T05:00:00Z,0.23998413085939774,0,301.22998046875,93.19796253274498,2.726352801109741,0,0
2020-12-22T06:00:00Z,0.17998657226564774,0,280.4100036621094,93.05078828064896,2.5240046086579144,0,0
2020-12-22T07:00:00Z,0.11998901367189774,0,280.41998291015625,92.59014998724288,2.4110785243087793,0,0
2020-12-22T08:00:00Z,0.05999145507814774,0,280.41998291015625,92.11551034100647,2.312509445825823,0,0
2020-12-22T09:00:00Z,-0.010015869140602263,0,296.1099853515625,91.70001159497919,2.2079176358933954,0,0
2020-12-22T10:00:00Z,0.20000610351564774,0,296.0899963378906,92.3450947074372,2.3345234385817335,0,0
2020-12-22T11:00:00Z,0.39998779296877274,0,296.0799865722656,93.01797505169208,2.4658670256709048,0,0
2020-12-22T12:00:00Z,0.6099792480468977,0,314.3899841308594,93.58781328100659,2.601557130526253,0,0
2020-12-22T13:00:00Z,1.1799865722656477,53.18400192260742,314.3599853515625,92.10014114172633,3.1626727675187616,0,0
2020-12-22T14:00:00Z,1.7499938964843977,135.71200561523438,314.3399963378906,90.60134086994753,3.7255467406028595,0,0
2020-12-22T15:00:00Z,2.3200012207031477,226.22401428222656,281.739990234375,89.07973082001887,4.295357715084244,0,0
2020-12-22T16:00:00Z,2.5899902343750227,269.64801025390625,281.72998046875,86.88562494892585,5.079921328581241,5.711999684572219e-4,0
2020-12-22T17:00:00Z,2.8599792480468977,286.13800048828125,281.7200012207031,84.74575648694596,5.931778746050974,0,0
2020-12-22T18:00:00Z,3.1299987792968977,353.1470031738281,261.239990234375,82.66476540915077,6.821803284572621,0,0
2020-12-22T19:00:00Z,2.9599853515625227,280.7270202636719,261.25,82.17360804406688,7.003827242652545,0,0
2020-12-22T20:00:00Z,2.7900024414062727,182.59600830078125,261.2599792480469,81.65774464536283,7.1822559940358675,0,0
2020-12-22T21:00:00Z,2.6199890136718977,31.856000900268555,276.16998291015625,81.11276486471832,7.3617931689873375,0,0
2020-12-22T22:00:00Z,2.2199951171875227,0,276.19000244140625,82.26668365536246,6.905678633558339,0,0
2020-12-22T23:00:00Z,1.8200012207031477,0,276.1999816894531,83.41340117661616,6.455571278025308,0,0
2020-12-23T00:00:00Z,1.4200073242187727,0,289,84.57343467203752,6.012819570824006,0,0
2020-12-23T01:00:00Z,1.3599792480468977,0,289,84.23793075421503,6.34151383136678,0,0
2020-12-23T02:00:00Z,1.3099914550781477,0,289,83.83943528893201,6.714469345042114,0,0
2020-12-23T03:00:00Z,1.2600036621093977,0,276.1300048828125,83.43169716828058,7.111322053774595,0,0
2020-12-23T04:00:00Z,0.8699890136718977,0,276.1499938964844,83.81328600246323,6.559268213486925,0,0
2020-12-23T05:00:00Z,0.48998413085939774,0,276.16998291015625,84.08734798501794,6.010723577347311,0,0
2020-12-23T06:00:00Z,0.10000000000002274,0,249.6699981689453,84.3719929686125,5.478549184267342,0,0
2020-12-23T07:00:00Z,-0.7000183105468523,0,249.6999969482422,85.08345767896147,4.939392461368171,0,0
2020-12-23T08:00:00Z,-1.5100158691406023,0,249.739990234375,85.6544265105134,4.418970355613604,0,0
2020-12-23T09:00:00Z,-2.3200134277343523,0,207.5399932861328,85.9918597805316,3.930852300228715,0,0
2020-12-23T10:00:00Z,-2.8800109863281023,0,207.55999755859375,85.95783286297393,3.756008513953865,0,0
2020-12-23T11:00:00Z,-3.4400085449218523,0,207.5800018310547,85.75707407647651,3.602846034186173,0,0
2020-12-23T12:00:00Z,-4.000006103515602,0,214.75,85.37418494163954,3.4618202820706463,0,0
2020-12-23T13:00:00Z,-2.7699951171874773,78.16800689697266,214.6999969482422,85.59410381317863,2.7017955766061528,0,0
2020-12-23T14:00:00Z,-1.5300048828124773,201.12001037597656,214.6599884033203,85.12958724261043,1.9507177962867066,0,0
2020-12-23T15:00:00Z,-0.29999389648435226,296.54400634765625,249.67999267578125,84.21231479276574,1.2111564480032153,0,0
2020-12-23T16:00:00Z,0.32998046875002274,353.84002685546875,249.6599884033203,81.41586894371271,1.1289374854178609,0,0
2020-12-23T17:00:00Z,0.9699951171875227,375.822021484375,249.63999938964844,78.67187943807325,1.4732277396964188,0,0
2020-12-23T18:00:00Z,1.6099792480468977,336.416015625,249.97000122070313,76.01088172366326,2.048316294234787,0,0
2020-12-23T19:00:00Z,1.2300048828125227,267.78802490234375,249.97999572753903,79.10348042633254,2.1976349625354907,0,0
2020-12-23T20:00:00Z,0.8500000000000227,174.6580047607422,249.989990234375,82.32780547744927,2.4424783067828284,0,0
2020-12-23T21:00:00Z,0.46999511718752274,43.7760009765625,226.4199981689453,85.66538787501112,2.7453597395061613,0,0
2020-12-23T22:00:00Z,-0.20001831054685226,0,226.4499969482422,86.7336133346787,3.136383142910235,0,0
2020-12-23T23:00:00Z,-0.8800109863281023,0,226.47000122070313,87.78756564426028,3.5217183115052695,0,0
2020-12-24T00:00:00Z,-1.5499938964843523,0,228.94000244140625,88.66719177894355,3.9200508579513373,0,0
2020-12-24T01:00:00Z,-1.5000061035156023,0,228.94000244140625,87.73388723851802,4.280945890050012,0,0
2020-12-24T02:00:00Z,-1.4599975585937273,0,228.94000244140625,86.8701362940591,4.642757667576667,0,0
2020-12-24T03:00:00Z,-1.4100097656249773,0,246.2899932861328,85.94118443359966,5.005287204053803,0,0
2020-12-24T04:00:00Z,-0.8200134277343523,0,246.2599945068359,87.71606951714129,5.13008783298333,0,0
2020-12-24T05:00:00Z,-0.22000732421872726,0,246.22999572753903,89.11766102204292,5.2530848077306445,0,0
2020-12-24T06:00:00Z,0.36998901367189774,0,265.7599792480469,90.3171750937937,5.393403492022484,0,0
2020-12-24T07:00:00Z,0.9800048828125227,0,265.72998046875,91.57863850864054,5.546575481054221,0,0
2020-12-24T08:00:00Z,1.6000000000000227,0,265.6999816894531,92.50122483863434,5.702531950504016,0,0
2020-12-24T09:00:00Z,2.2099853515625227,0,266.9499816894531,93.24939294119642,5.860304431806112,0,0
2020-12-24T10:00:00Z,2.5100036621093977,0,266.94000244140625,94.4574767862592,5.611077984468554,0,0
2020-12-24T11:00:00Z,2.8099914550781477,0,266.91998291015625,95.57223368979899,5.37269008705253,0,0
2020-12-24T12:00:00Z,3.1199890136718977,0,340.69000244140625,96.5297626624332,5.124721886458252,0,0
2020-12-24T13:00:00Z,3.8900085449218977,40.20000076293945,340.6499938964844,94.5248464062619,5.653007936588833,0,0
2020-12-24T14:00:00Z,4.659997558593773,104.24000549316406,340.6099853515625,92.48876058399041,6.287129585169638,0,0
2020-12-24T15:00:00Z,5.429986572265648,138.0800018310547,345.75,90.42716036245837,6.998378269156979,0,0
2020-12-24T16:00:00Z,5.809991455078148,164.92800903320313,345.72998046875,90.12794086163848,7.185499146882234,0,0
2020-12-24T17:00:00Z,6.200006103515648,175.3350067138672,345.6999816894531,89.71615364816809,7.369619757316638,0,0
2020-12-24T18:00:00Z,6.589990234375023,141.05101013183594,346.53997802734375,89.26784130219305,7.563755378538415,0,0
2020-12-24T19:00:00Z,6.629998779296898,112.43400573730467,346.5299987792969,89.91620237372179,7.3965734888986585,0,0
2020-12-24T20:00:00Z,6.670007324218773,73.53700256347656,346.5299987792969,90.55745418552556,7.243983664850727,0.0325055980682373,0
2020-12-24T21:00:00Z,6.719995117187523,17.392000198364258,354.739990234375,91.13222370699015,7.122000942454054,1.9199999514967202e-5,0
2020-12-24T22:00:00Z,6.929986572265648,0,354.7200012207031,91.52485697698548,7.514020207556367,0.014188799858093262,0
2020-12-24T23:00:00Z,7.129998779296898,0,354.7099914550781,91.95257498909778,7.902417064968917,0.03949439907073975,0
2020-12-25T00:00:00Z,7.339990234375023,0,355.8999938964844,92.28913590401115,8.304775385176114,0.016953599452972413,0
2020-12-25T01:00:00Z,7.399987792968773,0,355.8999938964844,92.77406837603324,9.032967421861558,0.029471998214721674,0
2020-12-25T02:00:00Z,7.469995117187523,0,355.8899841308594,93.19290294208142,9.766580745047838,0.0644735984802246,0
2020-12-25T03:00:00Z,7.529992675781273,0,362.6499938964844,93.66144707995595,10.509576377280053,0.015235198974609374,0
2020-12-25T04:00:00Z,7.959985351562523,0,362.6300048828125,93.21071147367819,10.896283520376437,0.07330559921264648,0
2020-12-25T05:00:00Z,8.399987792968773,0,362.6000061035156,92.64595639243875,11.287679234464125,0.1623935966491699,0
2020-12-25T06:00:00Z,8.829980468750023,0,369.5,92.08893325356361,11.700106669208697,0.20353438568115234,0
2020-12-25T07:00:00Z,9.170007324218773,0,369.47998046875,91.16593181150402,11.858583163196311,0.06980159568786622,0
2020-12-25T08:00:00Z,9.510003662109398,0,369.4700012207031,90.24193822760886,12.152452061136195,0.018935999393463136,0
2020-12-25T09:00:00Z,9.839990234375023,0,364.5299987792969,89.37502193274199,12.58214982523052,0.02627519989013672,0
2020-12-25T10:00:00Z,9.829980468750023,0,364.5299987792969,89.33286797614677,11.325514947800627,0.02686079978942871,0
2020-12-25T11:00:00Z,9.820001220703148,0,364.5299987792969,89.28986749690618,10.07575822403152,0.023879998683929444,0
2020-12-25T12:00:00Z,9.799981689453148,0,360.1000061035156,89.30716580448122,8.845790111300193,0.045187199592590335,0
2020-12-25T13:00:00Z,9.749993896484398,27.32000160217285,360.1099853515625,88.02539876691944,8.667507683863636,0.028416000366210937,0
2020-12-25T14:00:00Z,9.700006103515648,71.34400177001953,360.1199951171875,86.72908724777407,8.517475954396375,0.04634879779815674,0
2020-12-25T15:00:00Z,9.640008544921898,117.92000579833984,354.41998291015625,85.48091580542255,8.384581301567787,0.018451199054718016,0
2020-12-25T16:00:00Z,9.350000000000023,141.0080108642578,354.44000244140625,85.48529715327456,8.207563542728046,0,0
2020-12-25T17:00:00Z,9.049981689453148,150.02200317382813,354.4499816894531,85.5190452423941,8.05020489323536,0.009043200016021729,0
2020-12-25T18:00:00Z,8.760003662109398,158.53001403808594,340.2099914550781,85.46482387303429,7.889137751189606,0.03292799949645996,0
2020-12-25T19:00:00Z,8.209985351562523,126.54400634765624,340.239990234375,85.01678984781987,7.804774008484363,0.006441599607467651,0
2020-12-25T20:00:00Z,7.659997558593773,83.0270004272461,340.2799987792969,84.41877999979496,7.781548687974053,0.03039359951019287,0
2020-12-25T21:00:00Z,7.109979248046898,35.71200180053711,302.5799865722656,83.65286074752105,7.830006309399268,0,0
2020-12-25T22:00:00Z,6.149987792968773,0,302.6300048828125,85.18718057813332,7.897455206982801,0,0
2020-12-25T23:00:00Z,5.189996337890648,0,302.66998291015625,86.57163665839384,8.108667870827906,0,0
2020-12-26T00:00:00Z,4.219995117187523,0,289.8999938964844,87.84491226639285,8.443612843459094,0,0
2020-12-26T01:00:00Z,3.0400024414062727,0,289.9599914550781,86.80127610295425,7.730232494134701,0,0
2020-12-26T02:00:00Z,1.8599792480468977,0,290.0299987792969,84.92170081788319,7.616094499005756,0.0015983998775482178,0
2020-12-26T03:00:00Z,0.6799865722656477,0,274.3999938964844,82.06848911144586,8.11682793913567,0,0
2020-12-26T04:00:00Z,-0.17999877929685226,0,274.44000244140625,78.88549627507389,7.966240913700789,0,0
2020-12-26T05:00:00Z,-1.0499938964843523,0,274.489990234375,75.03387121614058,7.886095155818347,0,0
2020-12-26T06:00:00Z,-1.9100097656249773,0,237.0699920654297,70.29426651116913,7.864000192475341,0,0
2020-12-26T07:00:00Z,-2.1700195312499773,0,237.0800018310547,68.70487501461817,7.499506558868941,0,0
2020-12-26T08:00:00Z,-2.4400085449218523,0,237.09999084472656,67.07073240194738,7.203811106584007,0,0
2020-12-26T09:00:00Z,-2.7000183105468523,0,242.3999938964844,65.30023067508883,6.969368467412544,0,0
2020-12-26T10:00:00Z,-2.7800048828124773,0,242.4099884033203,62.770974840770435,7.393219745985702,0,0
2020-12-26T11:00:00Z,-2.8700012207031023,0,242.4199981689453,60.24449643913088,7.841256162840777,0,0
2020-12-26T12:00:00Z,-2.9500183105468523,0,255.37998962402344,57.63548312991034,8.309566660782084,0,0
2020-12-26T13:00:00Z,-2.7399963378906023,43.544002532958984,255.37998962402344,54.851978014378936,8.214821617641563,0,0
2020-12-26T14:00:00Z,-2.5199951171874773,114.4560089111328,255.3699951171875,52.09506702740661,8.128253016418888,0,0
2020-12-26T15:00:00Z,-2.3100036621093523,222.03201293945313,244.2599945068359,49.45821415477713,8.036746653240927,0,0
2020-12-26T16:00:00Z,-1.8400024414062273,265.7440185546875,244.239990234375,50.371472448758205,8.070154679303846,0,0
2020-12-26T17:00:00Z,-1.3800109863281023,282.9950256347656,244.22000122070313,51.199077413028014,8.113845846279721,0,0
2020-12-26T18:00:00Z,-0.9100097656249773,280.84002685546875,248.52999877929688,51.88255598439078,8.190390367578438,0,0
2020-12-26T19:00:00Z,-1.0300048828124773,224.5050048828125,248.52999877929688,53.261715126289424,7.75654523694878,0,0
2020-12-26T20:00:00Z,-1.1499999999999773,147.7570037841797,248.52999877929688,54.65615650168351,7.3322981328193775,0,0
2020-12-26T21:00:00Z,-1.2800048828124773,23.920001983642575,260.8599853515625,56.11304165560311,6.898528507642417,0,0
2020-12-26T22:00:00Z,-1.5100158691406023,0,260.8699951171875,57.17391557817775,6.582833793368468,0,0
2020-12-26T23:00:00Z,-1.7399963378906023,0,260.8699951171875,58.262732029303066,6.2870183546660865,0,0
2020-12-27T00:00:00Z,-1.9700073242187273,0,278.2099914550781,59.368106920255585,6.015189130176807,0,0
2020-12-27T01:00:00Z,-2.1600097656249773,0,278.2200012207031,61.3678712578623,5.96453684253364,0,0
2020-12-27T02:00:00Z,-2.3500122070312273,0,278.2200012207031,63.41320818198311,5.949394757654483,0,0
2020-12-27T03:00:00Z,-2.5400146484374773,0,263.6499938964844,65.51456792059415,5.9722689338079675,0,0
2020-12-27T04:00:00Z,-2.6099914550781023,0,263.6499938964844,67.58872858479282,5.548233947917527,0,0
2020-12-27T05:00:00Z,-2.6700195312499773,0,263.6499938964844,69.63106959598487,5.181389603276754,0,0
2020-12-27T06:00:00Z,-2.7399963378906023,0,229.5399932861328,71.74365488810416,4.884638844688794,0,0
2020-12-27T07:00:00Z,-2.9100097656249773,0,229.5399932861328,74.12023956559464,4.290291327217879,0,7.919999957084654e-4
2020-12-27T08:00:00Z,-3.0799926757812273,0,229.54998779296875,76.55253094958536,3.7403877074044236,0,0
2020-12-27T09:00:00Z,-3.2500061035156023,0,222.489990234375,79.0464325386147,3.2575142472556515,0,0
2020-12-27T10:00:00Z,-3.2999938964843523,0,222.5,79.67162926627317,3.331095948699236,0,0
2020-12-27T11:00:00Z,-3.3500122070312273,0,222.5,80.29790627297344,3.4052018813294516,0,0
2020-12-27T12:00:00Z,-3.3999999999999773,0,230.47999572753903,80.93207779968512,3.482714380045027,0,0
2020-12-27T13:00:00Z,-2.6600097656249773,73.94800567626953,230.4499969482422,75.10529453956578,3.369169004805744,0,0
2020-12-27T14:00:00Z,-1.9299987792968523,195.52000427246097,230.42999267578125,69.73781007781108,3.261717364275061,0,0
2020-12-27T15:00:00Z,-1.2000183105468523,337.7120056152344,219.04998779296875,64.743073698646,3.1715136804599906,0,0
2020-12-27T16:00:00Z,-0.45001831054685226,404.5760192871094,219.02999877929688,60.161955026755116,2.953811051338716,0,0
2020-12-27T17:00:00Z,0.29000244140627274,431.1720275878906,219.0099945068359,55.94558118581467,2.932063969491311,0,0
2020-12-27T18:00:00Z,1.0400024414062727,393.3440246582031,220.42999267578125,51.983988341572,3.1205447186977677,0,0
2020-12-27T19:00:00Z,0.8599792480468977,314.9220275878906,220.42999267578125,53.31114187261254,3.0050955864783186,0,0
2020-12-27T20:00:00Z,0.6899963378906477,207.95501708984375,220.44000244140625,54.633135097578645,2.9584624505857047,0,0
2020-12-27T21:00:00Z,0.5199829101562727,38.400001525878906,211.20999145507813,55.970342229769344,2.9906853911182845,0,0
2020-12-27T22:00:00Z,-0.09000244140622726,0,211.22999572753903,59.05117803983946,3.1949490028141025,0,0
2020-12-27T23:00:00Z,-0.6900085449218523,0,211.239990234375,62.27349084927308,3.4054367133758277,0,0
2020-12-28T00:00:00Z,-1.2999938964843523,0,211.05999755859375,65.71454437010023,3.621063283373616,0,0
2020-12-28T01:00:00Z,-1.6200012207031023,0,211.0699920654297,70.96991821694515,3.5493379384809747,0,0
2020-12-28T02:00:00Z,-1.9299987792968523,0,211.0699920654297,76.38907773088495,3.4766651070255414,0,0
2020-12-28T03:00:00Z,-2.2500061035156023,0,215.4499969482422,82.08833816406535,3.405069616057023,0,0
2020-12-28T04:00:00Z,-2.0900024414062273,0,215.44000244140625,82.83817429999985,3.874661161098002,0,0
2020-12-28T05:00:00Z,-1.9299987792968523,0,215.44000244140625,83.5466651628943,4.35041367804746,0,0
2020-12-28T06:00:00Z,-1.7600158691406023,0,230.72000122070313,84.17989775480449,4.820373124348843,0,0
2020-12-28T07:00:00Z,-1.5400146484374773,0,230.70999145507813,85.92021861943283,4.870256552282174,0,0
2020-12-28T08:00:00Z,-1.3200134277343523,0,230.6999969482422,87.58747254574705,4.910162777496833,0,0
2020-12-28T09:00:00Z,-1.0900024414062273,0,263.2200012207031,89.10150252118623,4.960090763118931,0,0
2020-12-28T10:00:00Z,-0.6700195312499773,0,263.19000244140625,90.57671502443473,5.530144396540647,0,0
2020-12-28T11:00:00Z,-0.23999633789060226,0,263.16998291015625,91.82117134777921,6.110130588172772,0,0
2020-12-28T12:00:00Z,0.17998657226564774,0,291.5299987792969,92.96510016354814,6.680119587741862,0,0
2020-12-28T13:00:00Z,0.9099975585937727,37.58400344848633,291.5,92.78778293639374,7.174300977380049,0,0
2020-12-28T14:00:00Z,1.6400085449218977,99.88800811767578,291.4599914550781,92.40870297411843,7.718633188773852,0,0
2020-12-28T15:00:00Z,2.3699890136718977,146.8800048828125,313.44000244140625,91.83050200654371,8.301066348493254,0,0
2020-12-28T16:00:00Z,3.0299926757812727,176.1120147705078,313.4100036621094,89.0825937791895,7.655984599493595,0,0
2020-12-28T17:00:00Z,3.7000061035156477,187.84201049804688,313.3800048828125,86.35132294119619,7.107664925187709,0,0
2020-12-28T18:00:00Z,4.359979248046898,272.60302734375,301.9599914550781,83.76070833591002,6.6677506030359455,0,0
2020-12-28T19:00:00Z,4.290002441406273,218.5810089111328,301.9599914550781,84.19604422107466,5.983284777567371,0,0
2020-12-28T20:00:00Z,4.219995117187523,144.82901000976565,301.9599914550781,84.6423655806534,5.319323107421823,0,0
2020-12-28T21:00:00Z,4.149987792968773,34.672000885009766,291.5400085449219,85.08159739792701,4.669989057728209,0,0
2020-12-28T22:00:00Z,3.6700073242187727,0,291.55999755859375,87.26320116873747,4.4741144150934415,0,0
2020-12-28T23:00:00Z,3.1799865722656477,0,291.5799865722656,89.55175317939766,4.414181533693863,0,0
2020-12-29T00:00:00Z,2.7000061035156477,0,313.16998291015625,91.84488477805904,4.501788464908362,0,0
2020-12-29T01:00:00Z,2.6400085449218977,0,313.17999267578125,90.60120955965934,4.550966907949215,0,0
2020-12-29T02:00:00Z,2.5700012207031477,0,313.17999267578125,89.40490660678195,4.725600280861042,0,0
2020-12-29T03:00:00Z,2.5100036621093977,0,289.6300048828125,88.12412194405255,5.020597648759799,0,0
2020-12-29T04:00:00Z,2.2900024414062727,0,289.6499938964844,86.57489375196631,5.275158649716458,0,0
2020-12-29T05:00:00Z,2.0700012207031477,0,289.6600036621094,84.95201242876986,5.538411020810671,0,0
2020-12-29T06:00:00Z,1.8500000000000227,0,258.75,83.24403469687405,5.806065760716747,0,0
2020-12-29T07:00:00Z,1.3299804687500227,0,258.7799987792969,82.41101994818871,5.804084591066385,0,0
2020-12-29T08:00:00Z,0.7999816894531477,0,258.79998779296875,81.44482408285174,5.814258019530337,0,0
2020-12-29T09:00:00Z,0.27999267578127274,0,251.87998962402344,80.23935778421951,5.827529267033454,0,0
2020-12-29T10:00:00Z,0.07000122070314774,0,251.88999938964844,77.78404188904432,6.095941323058012,0,0
2020-12-29T11:00:00Z,-0.14999999999997726,0,251.9099884033203,75.29815505124104,6.367173529793796,0,0
2020-12-29T12:00:00Z,-0.35999145507810226,0,271.8500061035156,72.64562937163313,6.645810464154386,0,0
2020-12-29T13:00:00Z,-0.28000488281247726,45.78400039672851,271.8500061035156,67.39389098609371,7.073570498602092,0,0
2020-12-29T14:00:00Z,-0.20001831054685226,122.21600341796876,271.8599853515625,62.204355764743326,7.500253318399601,0,0
2020-12-29T15:00:00Z,-0.13001098632810226,216.0640106201172,261.82000732421875,57.11255504069123,7.938167187922751,0,0.0025680000185966494
2020-12-29T16:00:00Z,0.07998046875002274,259.2799987792969,261.82000732421875,54.68610804618257,7.815727553178684,3.455999940633773e-4,0
2020-12-29T17:00:00Z,0.27999267578127274,276.77301025390625,261.80999755859375,52.36936485279781,7.823042513211425,0,0
2020-12-29T18:00:00Z,0.48000488281252274,292.2490234375,257.6000061035156,50.111426420697526,7.971680791997741,0,0
2020-12-29T19:00:00Z,0.11998901367189774,234.70701599121097,257.6199951171875,50.305070197680685,7.659197047158146,0,0
2020-12-29T20:00:00Z,-0.25000610351560226,156.05801391601565,257.6300048828125,50.518225971170814,7.358939899516928,0,0
2020-12-29T21:00:00Z,-0.6200012207031023,41.29600143432617,238.22000122070313,50.70730276432114,7.0560042908886915,0,0
2020-12-29T22:00:00Z,-1.2000183105468523,0,238.239990234375,53.011104669913294,6.61798291789387,0,0
2020-12-29T23:00:00Z,-1.7900146484374773,0,238.25,55.46267946808084,6.184916925944027,0,0
2020-12-30T00:00:00Z,-2.3700012207031023,0,192.8999938964844,58.006049334196184,5.754728562327915,0,0
2020-12-30T01:00:00Z,-2.7600158691406023,0,192.9099884033203,60.96840656392618,4.651719973368167,0,0
2020-12-30T02:00:00Z,-3.1499999999999773,0,192.9199981689453,64.06084667954312,3.556093359207634,0,0
2020-12-30T03:00:00Z,-3.5400146484374773,0,194.19000244140625,67.3029739530712,2.4972984362648116,0,0
2020-12-30T04:00:00Z,-3.4500183105468523,0,194.19000244140625,66.03307207451529,2.1780954202206018,0,0
2020-12-30T05:00:00Z,-3.3500122070312273,0,194.19000244140625,64.73188537856042,2.1095022149048397,0,0
2020-12-30T06:00:00Z,-3.2600158691406023,0,206.95999145507813,63.501395756667385,2.3089391601761395,0,0
2020-12-30T07:00:00Z,-3.2699951171874773,0,206.95999145507813,63.80050118093154,2.220315134222741,0,0
2020-12-30T08:00:00Z,-3.2800048828124773,0,206.95999145507813,64.1138020644693,2.1323460326563772,0,0
2020-12-30T09:00:00Z,-3.2900146484374773,0,227.62998962402344,64.40988319259631,2.039313591287688,0,0
2020-12-30T10:00:00Z,-3.2800048828124773,0,227.62998962402344,64.83553409099393,1.5673225450379056,0,0
2020-12-30T11:00:00Z,-3.2699951171874773,0,227.62998962402344,65.24680091961922,1.132519277530665,0,0
2020-12-30T12:00:00Z,-3.2500061035156023,0,276.92999267578125,65.61759013950298,0.8405355354832662,0,0
2020-12-30T13:00:00Z,-2.3900207519531023,64.9000015258789,276.8999938964844,60.01954093431098,1.8531054873026187,0,0
2020-12-30T14:00:00Z,-1.5300048828124773,173.8800048828125,276.8699951171875,54.90062845119207,2.9226186048117055,0,0
2020-12-30T15:00:00Z,-0.6700195312499773,310.1600036621094,263.8800048828125,50.19643522968102,3.989009745098463,0,0
2020-12-30T16:00:00Z,0.33999023437502274,372.4640197753906,263.8399963378906,46.828923911530524,5.649105828565324,0,0
2020-12-30T17:00:00Z,1.3500000000000227,397.89501953125,263.79998779296875,43.70914073729702,7.368371614999417,0,0
2020-12-30T18:00:00Z,2.3500000000000227,382.2120056152344,248.55999755859375,40.85781456432872,9.114251986941332,0,0
2020-12-30T19:00:00Z,2.3699890136718977,307.47100830078125,248.54998779296875,45.175252011064806,9.248394165205646,0,0
2020-12-30T20:00:00Z,2.3900085449218977,205.15101623535156,248.5399932861328,49.477742029104704,9.391724440208831,0,0
2020-12-30T21:00:00Z,2.4099975585937727,56.176002502441406,278.8299865722656,53.774209080657776,9.521942845913165,0,0
2020-12-30T22:00:00Z,2.1000000000000227,0,278.8299865722656,59.46487979798606,9.403196472241175,0,0
2020-12-30T23:00:00Z,1.7900024414062727,0,278.8299865722656,65.38269046242583,9.285741545092218,0,0
2020-12-31T00:00:00Z,1.4800048828125227,0,302.2799987792969,71.53174304532659,9.16048036440185,0,0
2020-12-31T01:00:00Z,1.5799804687500227,0,302.2699890136719,73.77158797412805,9.256051574527502,0,0
2020-12-31T02:00:00Z,1.6700073242187727,0,302.2599792480469,76.02594221095043,9.355709424361368,0,0
2020-12-31T03:00:00Z,1.7699829101562727,0,318.5,78.1974763260184,9.451454322663825,2.3039998859167077e-4,0
2020-12-31T04:00:00Z,2.0499816894531477,0,318.47998046875,82.09142144261544,9.167878494501078,0.00226559990644455,0
2020-12-31T05:00:00Z,2.3399902343750227,0,318.4599914550781,85.72505161779578,8.915716297686357,0.009158399820327758,0
2020-12-31T06:00:00Z,2.6199890136718977,0,328.2099914550781,89.2312953230997,8.700494207201059,0.0015552000403404236,0
2020-12-31T07:00:00Z,2.8699890136718977,0,328.19000244140625,92.0152537236565,8.618920696977629,0.006815999507904053,0
2020-12-31T08:00:00Z,3.1299987792968977,0,328.16998291015625,94.59853306561389,8.561477479434226,0.009935999393463135,0
2020-12-31T09:00:00Z,3.3799987792968977,0,335.1300048828125,97.12532990654194,8.52015223850654,0.030556797981262207,0
2020-12-31T10:00:00Z,3.3900085449218977,0,335.1300048828125,96.36713817869064,7.1269905680046435,0.007401600122451783,0
2020-12-31T11:00:00Z,3.3999877929687727,0,335.1300048828125,95.60917368273411,5.904786123767932,0,0
2020-12-31T12:00:00Z,3.3999877929687727,0,316.6499938964844,94.91673547482847,4.994847035514497,0,0
2020-12-31T13:00:00Z,3.9699951171875227,44.74800109863281,316.6300048828125,89.08765114609643,5.00960078264508,0,0
2020-12-31T14:00:00Z,4.529992675781273,120.23200225830078,316.6099853515625,83.64259923965199,5.234357706889724,0,0
2020-12-31T15:00:00Z,5.089990234375023,242.59201049804688,294.6999816894531,78.48730526034689,5.623681945804484,0,0
2020-12-31T16:00:00Z,5.089990234375023,291.5360107421875,294.7099914550781,74.72785008555982,5.615380537330065,0,0
2020-12-31T17:00:00Z,5.079980468750023,311.6800231933594,294.7200012207031,71.00320470562086,5.698596039918251,0,0
2020-12-31T18:00:00Z,5.079980468750023,283.9690246582031,294.2200012207031,67.23653867173526,5.877150466793351,0,0
2020-12-31T19:00:00Z,4.390008544921898,228.8170166015625,294.25,69.00989192989378,5.374765053817298,0,0
2020-12-31T20:00:00Z,3.7000061035156477,153.2320098876953,294.2799987792969,70.80816931625874,4.886112866881661,0,0
2020-12-31T21:00:00Z,3.0100036621093977,29.536001205444336,294.19000244140625,72.62261702108793,4.41575572945172,0,0
2020-12-31T22:00:00Z,2.3200012207031477,0,294.22998046875,73.69929735056103,4.034476298649433,0,0
2020-12-31T23:00:00Z,1.6199890136718977,0,294.2599792480469,74.75888490044859,3.6547091930670335,0,0
