dateTime,PotEvap
2020-01-01T00:00:00Z,0.055799998342990875
2020-01-01T01:00:00Z,0.003599999938160181
2020-01-01T02:00:00Z,0.003599999938160181
2020-01-01T03:00:00Z,0.003599999938160181
2020-01-01T04:00:00Z,-4.999999655410647e-4
2020-01-01T05:00:00Z,-4.999999655410647e-4
2020-01-01T06:00:00Z,-4.999999655410647e-4
2020-01-01T07:00:00Z,-8.999999845400453e-4
2020-01-01T08:00:00Z,-8.999999845400453e-4
2020-01-01T09:00:00Z,-8.999999845400453e-4
2020-01-01T10:00:00Z,3.9999998989515007e-4
2020-01-01T11:00:00Z,3.9999998989515007e-4
2020-01-01T12:00:00Z,3.9999998989515007e-4
2020-01-01T13:00:00Z,0.018699999898672104
2020-01-01T14:00:00Z,0.018699999898672104
2020-01-01T15:00:00Z,0.018699999898672104
2020-01-01T16:00:00Z,0.20600000023841858
2020-01-01T17:00:00Z,0.20600000023841858
2020-01-01T18:00:00Z,0.20600000023841858
2020-01-01T19:00:00Z,0.2881999909877777
2020-01-01T20:00:00Z,0.2881999909877777
2020-01-01T21:00:00Z,0.2881999909877777
2020-01-01T22:00:00Z,0.08320000022649765
2020-01-01T23:00:00Z,0.08320000022649765
2020-01-02T00:00:00Z,0.08320000022649765
2020-01-02T01:00:00Z,0.0026000000070780516
2020-01-02T02:00:00Z,0.0026000000070780516
2020-01-02T03:00:00Z,0.0026000000070780516
2020-01-02T04:00:00Z,-0.006899999920278788
2020-01-02T05:00:00Z,-0.006899999920278788
2020-01-02T06:00:00Z,-0.006899999920278788
2020-01-02T07:00:00Z,-0.009099999442696571
2020-01-02T08:00:00Z,-0.009099999442696571
2020-01-02T09:00:00Z,-0.009099999442696571
2020-01-02T10:00:00Z,-0.007400000002235174
2020-01-02T11:00:00Z,-0.007400000002235174
2020-01-02T12:00:00Z,-0.007400000002235174
2020-01-02T13:00:00Z,0.0058999997563660145
2020-01-02T14:00:00Z,0.0058999997563660145
2020-01-02T15:00:00Z,0.0058999997563660145
2020-01-02T16:00:00Z,0.1265999972820282
2020-01-02T17:00:00Z,0.1265999972820282
2020-01-02T18:00:00Z,0.1265999972820282
2020-01-02T19:00:00Z,0.15069997310638428
2020-01-02T20:00:00Z,0.15069997310638428
2020-01-02T21:00:00Z,0.15069997310638428
2020-01-02T22:00:00Z,0.03199999779462814
2020-01-02T23:00:00Z,0.03199999779462814
2020-01-03T00:00:00Z,0.03199999779462814
2020-01-03T01:00:00Z,-0.007599999662488699
2020-01-03T02:00:00Z,-0.007599999662488699
2020-01-03T03:00:00Z,-0.007599999662488699
2020-01-03T04:00:00Z,-0.011099999770522118
2020-01-03T05:00:00Z,-0.011099999770522118
2020-01-03T06:00:00Z,-0.011099999770522118
2020-01-03T07:00:00Z,-0.008299999870359898
2020-01-03T08:00:00Z,-0.008299999870359898
2020-01-03T09:00:00Z,-0.008299999870359898
2020-01-03T10:00:00Z,-0.0032999999821186066
2020-01-03T11:00:00Z,-0.0032999999821186066
2020-01-03T12:00:00Z,-0.0032999999821186066
2020-01-03T13:00:00Z,0.0044999998062849045
2020-01-03T14:00:00Z,0.0044999998062849045
2020-01-03T15:00:00Z,0.0044999998062849045
2020-01-03T16:00:00Z,0.10669999569654465
2020-01-03T17:00:00Z,0.10669999569654465
2020-01-03T18:00:00Z,0.10669999569654465
2020-01-03T19:00:00Z,0.1670999974012375
2020-01-03T20:00:00Z,0.1670999974012375
2020-01-03T21:00:00Z,0.1670999974012375
2020-01-03T22:00:00Z,0.04609999805688858
2020-01-03T23:00:00Z,0.04609999805688858
2020-01-04T00:00:00Z,0.04609999805688858
2020-01-04T01:00:00Z,0.0035000243224203587
2020-01-04T02:00:00Z,0.0035000243224203587
2020-01-04T03:00:00Z,0.0035000243224203587
2020-01-04T04:00:00Z,0.02029999904334545
2020-01-04T05:00:00Z,0.02029999904334545
2020-01-04T06:00:00Z,0.02029999904334545
2020-01-04T07:00:00Z,0.042399998754262924
2020-01-04T08:00:00Z,0.042399998754262924
2020-01-04T09:00:00Z,0.042399998754262924
2020-01-04T10:00:00Z,0.04989999905228615
2020-01-04T11:00:00Z,0.04989999905228615
2020-01-04T12:00:00Z,0.04989999905228615
2020-01-04T13:00:00Z,0.061799999326467514
2020-01-04T14:00:00Z,0.061799999326467514
2020-01-04T15:00:00Z,0.061799999326467514
2020-01-04T16:00:00Z,0.17790000140666962
2020-01-04T17:00:00Z,0.17790000140666962
2020-01-04T18:00:00Z,0.17790000140666962
2020-01-04T19:00:00Z,0.2280000001192093
2020-01-04T20:00:00Z,0.2280000001192093
2020-01-04T21:00:00Z,0.2280000001192093
2020-01-04T22:00:00Z,0.07159999758005142
2020-01-04T23:00:00Z,0.07159999758005142
2020-01-05T00:00:00Z,0.07159999758005142
2020-01-05T01:00:00Z,0.008499999530613422
2020-01-05T02:00:00Z,0.008499999530613422
2020-01-05T03:00:00Z,0.008499999530613422
2020-01-05T04:00:00Z,0.017799999564886093
2020-01-05T05:00:00Z,0.017799999564886093
2020-01-05T06:00:00Z,0.017799999564886093
2020-01-05T07:00:00Z,0.025299999862909317
2020-01-05T08:00:00Z,0.025299999862909317
2020-01-05T09:00:00Z,0.025299999862909317
2020-01-05T10:00:00Z,0.02979999966919422
2020-01-05T11:00:00Z,0.02979999966919422
2020-01-05T12:00:00Z,0.02979999966919422
2020-01-05T13:00:00Z,0.032899998128414154
2020-01-05T14:00:00Z,0.032899998128414154
2020-01-05T15:00:00Z,0.032899998128414154
2020-01-05T16:00:00Z,0.18230000138282776
2020-01-05T17:00:00Z,0.18230000138282776
2020-01-05T18:00:00Z,0.18230000138282776
2020-01-05T19:00:00Z,0.24849998950958252
2020-01-05T20:00:00Z,0.24849998950958252
2020-01-05T21:00:00Z,0.24849998950958252
2020-01-05T22:00:00Z,0.07899999618530273
2020-01-05T23:00:00Z,0.07899999618530273
2020-01-06T00:00:00Z,0.07899999618530273
2020-01-06T01:00:00Z,0.003000000026077032
2020-01-06T02:00:00Z,0.003000000026077032
2020-01-06T03:00:00Z,0.003000000026077032
2020-01-06T04:00:00Z,-9.999999747378752e-5
2020-01-06T05:00:00Z,-9.999999747378752e-5
2020-01-06T06:00:00Z,-9.999999747378752e-5
2020-01-06T07:00:00Z,3.9999998989515007e-4
2020-01-06T08:00:00Z,3.9999998989515007e-4
2020-01-06T09:00:00Z,3.9999998989515007e-4
2020-01-06T10:00:00Z,7.999999797903001e-4
2020-01-06T11:00:00Z,7.999999797903001e-4
2020-01-06T12:00:00Z,7.999999797903001e-4
2020-01-06T13:00:00Z,0.011399999260902405
2020-01-06T14:00:00Z,0.011399999260902405
2020-01-06T15:00:00Z,0.011399999260902405
2020-01-06T16:00:00Z,0.11819999665021896
2020-01-06T17:00:00Z,0.11819999665021896
2020-01-06T18:00:00Z,0.11819999665021896
2020-01-06T19:00:00Z,0.14909999072551727
2020-01-06T20:00:00Z,0.14909999072551727
2020-01-06T21:00:00Z,0.14909999072551727
2020-01-06T22:00:00Z,0.016499975696206093
2020-01-06T23:00:00Z,0.016499975696206093
2020-01-07T00:00:00Z,0.016499975696206093
2020-01-07T01:00:00Z,0.006000000052154064
2020-01-07T02:00:00Z,0.006000000052154064
2020-01-07T03:00:00Z,0.006000000052154064
2020-01-07T04:00:00Z,0.008700000122189522
2020-01-07T05:00:00Z,0.008700000122189522
2020-01-07T06:00:00Z,0.008700000122189522
2020-01-07T07:00:00Z,0.004999999888241291
2020-01-07T08:00:00Z,0.004999999888241291
2020-01-07T09:00:00Z,0.004999999888241291
2020-01-07T10:00:00Z,0.0016999999061226845
2020-01-07T11:00:00Z,0.0016999999061226845
2020-01-07T12:00:00Z,0.0016999999061226845
2020-01-07T13:00:00Z,0.015399999916553497
2020-01-07T14:00:00Z,0.015399999916553497
2020-01-07T15:00:00Z,0.015399999916553497
2020-01-07T16:00:00Z,0.15709999203681946
2020-01-07T17:00:00Z,0.15709999203681946
2020-01-07T18:00:00Z,0.15709999203681946
2020-01-07T19:00:00Z,0.19789999723434448
2020-01-07T20:00:00Z,0.19789999723434448
2020-01-07T21:00:00Z,0.19789999723434448
2020-01-07T22:00:00Z,0.059699997305870056
2020-01-07T23:00:00Z,0.059699997305870056
2020-01-08T00:00:00Z,0.059699997305870056
2020-01-08T01:00:00Z,0.0020999754779040813
2020-01-08T02:00:00Z,0.0020999754779040813
2020-01-08T03:00:00Z,0.0020999754779040813
2020-01-08T04:00:00Z,0.0016999999061226845
2020-01-08T05:00:00Z,0.0016999999061226845
2020-01-08T06:00:00Z,0.0016999999061226845
2020-01-08T07:00:00Z,0.002300000051036477
2020-01-08T08:00:00Z,0.002300000051036477
2020-01-08T09:00:00Z,0.002300000051036477
2020-01-08T10:00:00Z,0.0050999997183680534
2020-01-08T11:00:00Z,0.0050999997183680534
2020-01-08T12:00:00Z,0.0050999997183680534
2020-01-08T13:00:00Z,0.043699998408555984
2020-01-08T14:00:00Z,0.043699998408555984
2020-01-08T15:00:00Z,0.043699998408555984
2020-01-08T16:00:00Z,0.2239999920129776
2020-01-08T17:00:00Z,0.2239999920129776
2020-01-08T18:00:00Z,0.2239999920129776
2020-01-08T19:00:00Z,0.2879999876022339
2020-01-08T20:00:00Z,0.2879999876022339
2020-01-08T21:00:00Z,0.2879999876022339
2020-01-08T22:00:00Z,0.10599999874830246
2020-01-08T23:00:00Z,0.10599999874830246
2020-01-09T00:00:00Z,0.10599999874830246
2020-01-09T01:00:00Z,0.024699999019503593
2020-01-09T02:00:00Z,0.024699999019503593
2020-01-09T03:00:00Z,0.024699999019503593
2020-01-09T04:00:00Z,0.001500000013038516
2020-01-09T05:00:00Z,0.001500000013038516
2020-01-09T06:00:00Z,0.001500000013038516
2020-01-09T07:00:00Z,0.002699999837204814
2020-01-09T08:00:00Z,0.002699999837204814
2020-01-09T09:00:00Z,0.002699999837204814
2020-01-09T10:00:00Z,0.01889999955892563
2020-01-09T11:00:00Z,0.01889999955892563
2020-01-09T12:00:00Z,0.01889999955892563
2020-01-09T13:00:00Z,0.06039999797940254
2020-01-09T14:00:00Z,0.06039999797940254
2020-01-09T15:00:00Z,0.06039999797940254
2020-01-09T16:00:00Z,0.16990000009536743
2020-01-09T17:00:00Z,0.16990000009536743
2020-01-09T18:00:00Z,0.16990000009536743
2020-01-09T19:00:00Z,0.20789998769760132
2020-01-09T20:00:00Z,0.20789998769760132
2020-01-09T21:00:00Z,0.20789998769760132
2020-01-09T22:00:00Z,0.05949999764561653
2020-01-09T23:00:00Z,0.05949999764561653
2020-01-10T00:00:00Z,0.05949999764561653
2020-01-10T01:00:00Z,-0.003399999812245369
2020-01-10T02:00:00Z,-0.003399999812245369
2020-01-10T03:00:00Z,-0.003399999812245369
2020-01-10T04:00:00Z,-0.016699999570846558
2020-01-10T05:00:00Z,-0.016699999570846558
2020-01-10T06:00:00Z,-0.016699999570846558
2020-01-10T07:00:00Z,-0.013399999588727951
2020-01-10T08:00:00Z,-0.013399999588727951
2020-01-10T09:00:00Z,-0.013399999588727951
2020-01-10T10:00:00Z,-0.010300000198185444
2020-01-10T11:00:00Z,-0.010300000198185444
2020-01-10T12:00:00Z,-0.010300000198185444
2020-01-10T13:00:00Z,0.00419999985024333
2020-01-10T14:00:00Z,0.00419999985024333
2020-01-10T15:00:00Z,0.00419999985024333
2020-01-10T16:00:00Z,0.07769999653100967
2020-01-10T17:00:00Z,0.07769999653100967
2020-01-10T18:00:00Z,0.07769999653100967
2020-01-10T19:00:00Z,0.15889999270439148
2020-01-10T20:00:00Z,0.15889999270439148
2020-01-10T21:00:00Z,0.15889999270439148
2020-01-10T22:00:00Z,0.04230000078678131
2020-01-10T23:00:00Z,0.04230000078678131
2020-01-11T00:00:00Z,0.04230000078678131
2020-01-11T01:00:00Z,0.04699999839067459
2020-01-11T02:00:00Z,0.04699999839067459
2020-01-11T03:00:00Z,0.04699999839067459
2020-01-11T04:00:00Z,0.05559999868273735
2020-01-11T05:00:00Z,0.05559999868273735
2020-01-11T06:00:00Z,0.05559999868273735
2020-01-11T07:00:00Z,0.060500022023916245
2020-01-11T08:00:00Z,0.060500022023916245
2020-01-11T09:00:00Z,0.060500022023916245
2020-01-11T10:00:00Z,0.06929999589920044
2020-01-11T11:00:00Z,0.06929999589920044
2020-01-11T12:00:00Z,0.06929999589920044
2020-01-11T13:00:00Z,0.056199997663497925
2020-01-11T14:00:00Z,0.056199997663497925
2020-01-11T15:00:00Z,0.056199997663497925
2020-01-11T16:00:00Z,0.07970000058412552
2020-01-11T17:00:00Z,0.07970000058412552
2020-01-11T18:00:00Z,0.07970000058412552
2020-01-11T19:00:00Z,0.06909999996423721
2020-01-11T20:00:00Z,0.06909999996423721
2020-01-11T21:00:00Z,0.06909999996423721
2020-01-11T22:00:00Z,0.04969999939203262
2020-01-11T23:00:00Z,0.04969999939203262
2020-01-12T00:00:00Z,0.04969999939203262
2020-01-12T01:00:00Z,0.06159999966621399
2020-01-12T02:00:00Z,0.06159999966621399
2020-01-12T03:00:00Z,0.06159999966621399
2020-01-12T04:00:00Z,0.05199999734759331
2020-01-12T05:00:00Z,0.05199999734759331
2020-01-12T06:00:00Z,0.05199999734759331
2020-01-12T07:00:00Z,0.03739999979734421
2020-01-12T08:00:00Z,0.03739999979734421
2020-01-12T09:00:00Z,0.03739999979734421
2020-01-12T10:00:00Z,0.037699997425079346
2020-01-12T11:00:00Z,0.037699997425079346
2020-01-12T12:00:00Z,0.037699997425079346
2020-01-12T13:00:00Z,0.05069999769330025
2020-01-12T14:00:00Z,0.05069999769330025
2020-01-12T15:00:00Z,0.05069999769330025
2020-01-12T16:00:00Z,0.14229999482631683
2020-01-12T17:00:00Z,0.14229999482631683
2020-01-12T18:00:00Z,0.14229999482631683
2020-01-12T19:00:00Z,0.19699999690055847
2020-01-12T20:00:00Z,0.19699999690055847
2020-01-12T21:00:00Z,0.19699999690055847
2020-01-12T22:00:00Z,0.0559999980032444
2020-01-12T23:00:00Z,0.0559999980032444
2020-01-13T00:00:00Z,0.0559999980032444
2020-01-13T01:00:00Z,0.0032999999821186066
2020-01-13T02:00:00Z,0.0032999999821186066
2020-01-13T03:00:00Z,0.0032999999821186066
2020-01-13T04:00:00Z,0.0024999999441206455
2020-01-13T05:00:00Z,0.0024999999441206455
2020-01-13T06:00:00Z,0.0024999999441206455
2020-01-13T07:00:00Z,-0.003499999875202775
2020-01-13T08:00:00Z,-0.003499999875202775
2020-01-13T09:00:00Z,-0.003499999875202775
2020-01-13T10:00:00Z,-0.005399999674409628
2020-01-13T11:00:00Z,-0.005399999674409628
2020-01-13T12:00:00Z,-0.005399999674409628
2020-01-13T13:00:00Z,0.004999999888241291
2020-01-13T14:00:00Z,0.004999999888241291
2020-01-13T15:00:00Z,0.004999999888241291
2020-01-13T16:00:00Z,0.120899997651577
2020-01-13T17:00:00Z,0.120899997651577
2020-01-13T18:00:00Z,0.120899997651577
2020-01-13T19:00:00Z,0.18959999084472656
2020-01-13T20:00:00Z,0.18959999084472656
2020-01-13T21:00:00Z,0.18959999084472656
2020-01-13T22:00:00Z,0.05339999869465828
2020-01-13T23:00:00Z,0.05339999869465828
2020-01-14T00:00:00Z,0.05339999869465828
2020-01-14T01:00:00Z,-0.01939999870955944
2020-01-14T02:00:00Z,-0.01939999870955944
2020-01-14T03:00:00Z,-0.01939999870955944
2020-01-14T04:00:00Z,-0.012399999424815178
2020-01-14T05:00:00Z,-0.012399999424815178
2020-01-14T06:00:00Z,-0.012399999424815178
2020-01-14T07:00:00Z,-0.010199999436736107
2020-01-14T08:00:00Z,-0.010199999436736107
2020-01-14T09:00:00Z,-0.010199999436736107
2020-01-14T10:00:00Z,-0.01549999974668026
2020-01-14T11:00:00Z,-0.01549999974668026
2020-01-14T12:00:00Z,-0.01549999974668026
2020-01-14T13:00:00Z,-0.005699999630451202
2020-01-14T14:00:00Z,-0.005699999630451202
2020-01-14T15:00:00Z,-0.005699999630451202
2020-01-14T16:00:00Z,0.012299999594688416
2020-01-14T17:00:00Z,0.012299999594688416
2020-01-14T18:00:00Z,0.012299999594688416
2020-01-14T19:00:00Z,0.0050999997183680534
2020-01-14T20:00:00Z,0.0050999997183680534
2020-01-14T21:00:00Z,0.0050999997183680534
2020-01-14T22:00:00Z,0
2020-01-14T23:00:00Z,0
2020-01-15T00:00:00Z,0
2020-01-15T01:00:00Z,-0.008599999360740185
2020-01-15T02:00:00Z,-0.008599999360740185
2020-01-15T03:00:00Z,-0.008599999360740185
2020-01-15T04:00:00Z,-0.008999999612569809
2020-01-15T05:00:00Z,-0.008999999612569809
2020-01-15T06:00:00Z,-0.008999999612569809
2020-01-15T07:00:00Z,-0.02029999904334545
2020-01-15T08:00:00Z,-0.02029999904334545
2020-01-15T09:00:00Z,-0.02029999904334545
2020-01-15T10:00:00Z,-0.01679997518658638
2020-01-15T11:00:00Z,-0.01679997518658638
2020-01-15T12:00:00Z,-0.01679997518658638
2020-01-15T13:00:00Z,-0.009100024588406086
2020-01-15T14:00:00Z,-0.009100024588406086
2020-01-15T15:00:00Z,-0.009100024588406086
2020-01-15T16:00:00Z,-0.02589999884366989
2020-01-15T17:00:00Z,-0.02589999884366989
2020-01-15T18:00:00Z,-0.02589999884366989
2020-01-15T19:00:00Z,0.042500000447034836
2020-01-15T20:00:00Z,0.042500000447034836
2020-01-15T21:00:00Z,0.042500000447034836
2020-01-15T22:00:00Z,0.0568000003695488
2020-01-15T23:00:00Z,0.0568000003695488
2020-01-16T00:00:00Z,0.0568000003695488
2020-01-16T01:00:00Z,0.006199999712407589
2020-01-16T02:00:00Z,0.006199999712407589
2020-01-16T03:00:00Z,0.006199999712407589
2020-01-16T04:00:00Z,0.0340999998152256
2020-01-16T05:00:00Z,0.0340999998152256
2020-01-16T06:00:00Z,0.0340999998152256
2020-01-16T07:00:00Z,0.04600000008940697
2020-01-16T08:00:00Z,0.04600000008940697
2020-01-16T09:00:00Z,0.04600000008940697
2020-01-16T10:00:00Z,0.054999999701976776
2020-01-16T11:00:00Z,0.054999999701976776
2020-01-16T12:00:00Z,0.054999999701976776
2020-01-16T13:00:00Z,0.05849999934434891
2020-01-16T14:00:00Z,0.05849999934434891
2020-01-16T15:00:00Z,0.05849999934434891
2020-01-16T16:00:00Z,0.20319999754428864
2020-01-16T17:00:00Z,0.20319999754428864
2020-01-16T18:00:00Z,0.20319999754428864
2020-01-16T19:00:00Z,0.24959999322891235
2020-01-16T20:00:00Z,0.24959999322891235
2020-01-16T21:00:00Z,0.24959999322891235
2020-01-16T22:00:00Z,0.12889999151229858
2020-01-16T23:00:00Z,0.12889999151229858
2020-01-17T00:00:00Z,0.12889999151229858
2020-01-17T01:00:00Z,0.07339999824762344
2020-01-17T02:00:00Z,0.07339999824762344
2020-01-17T03:00:00Z,0.07339999824762344
2020-01-17T04:00:00Z,0.09609999507665634
2020-01-17T05:00:00Z,0.09609999507665634
2020-01-17T06:00:00Z,0.09609999507665634
2020-01-17T07:00:00Z,0.09769999980926514
2020-01-17T08:00:00Z,0.09769999980926514
2020-01-17T09:00:00Z,0.09769999980926514
2020-01-17T10:00:00Z,0.1087999939918518
2020-01-17T11:00:00Z,0.1087999939918518
2020-01-17T12:00:00Z,0.1087999939918518
2020-01-17T13:00:00Z,0.11989999562501907
2020-01-17T14:00:00Z,0.11989999562501907
2020-01-17T15:00:00Z,0.11989999562501907
2020-01-17T16:00:00Z,0.12969999015331268
2020-01-17T17:00:00Z,0.12969999015331268
2020-01-17T18:00:00Z,0.12969999015331268
2020-01-17T19:00:00Z,0.06509999930858612
2020-01-17T20:00:00Z,0.06509999930858612
2020-01-17T21:00:00Z,0.06509999930858612
2020-01-17T22:00:00Z,0.03749999776482582
2020-01-17T23:00:00Z,0.03749999776482582
2020-01-18T00:00:00Z,0.03749999776482582
2020-01-18T01:00:00Z,0.017799999564886093
2020-01-18T02:00:00Z,0.017799999564886093
2020-01-18T03:00:00Z,0.017799999564886093
2020-01-18T04:00:00Z,0.014800000004470348
2020-01-18T05:00:00Z,0.014800000004470348
2020-01-18T06:00:00Z,0.014800000004470348
2020-01-18T07:00:00Z,-0.006199999712407589
2020-01-18T08:00:00Z,-0.006199999712407589
2020-01-18T09:00:00Z,-0.006199999712407589
2020-01-18T10:00:00Z,-0.0478999987244606
2020-01-18T11:00:00Z,-0.0478999987244606
2020-01-18T12:00:00Z,-0.0478999987244606
2020-01-18T13:00:00Z,0.0139999995008111
2020-01-18T14:00:00Z,0.0139999995008111
2020-01-18T15:00:00Z,0.0139999995008111
2020-01-18T16:00:00Z,0.16099999845027924
2020-01-18T17:00:00Z,0.16099999845027924
2020-01-18T18:00:00Z,0.16099999845027924
2020-01-18T19:00:00Z,0.2224999964237213
2020-01-18T20:00:00Z,0.2224999964237213
2020-01-18T21:00:00Z,0.2224999964237213
2020-01-18T22:00:00Z,0.10559999942779541
2020-01-18T23:00:00Z,0.10559999942779541
2020-01-19T00:00:00Z,0.10559999942779541
2020-01-19T01:00:00Z,0.07660000026226044
2020-01-19T02:00:00Z,0.07660000026226044
2020-01-19T03:00:00Z,0.07660000026226044
2020-01-19T04:00:00Z,0.093299999833107
2020-01-19T05:00:00Z,0.093299999833107
2020-01-19T06:00:00Z,0.093299999833107
2020-01-19T07:00:00Z,0.09749999642372131
2020-01-19T08:00:00Z,0.09749999642372131
2020-01-19T09:00:00Z,0.09749999642372131
2020-01-19T10:00:00Z,0.09380000084638596
2020-01-19T11:00:00Z,0.09380000084638596
2020-01-19T12:00:00Z,0.09380000084638596
2020-01-19T13:00:00Z,0.08909999579191208
2020-01-19T14:00:00Z,0.08909999579191208
2020-01-19T15:00:00Z,0.08909999579191208
2020-01-19T16:00:00Z,0.15619999170303345
2020-01-19T17:00:00Z,0.15619999170303345
2020-01-19T18:00:00Z,0.15619999170303345
2020-01-19T19:00:00Z,0.17970000207424164
2020-01-19T20:00:00Z,0.17970000207424164
2020-01-19T21:00:00Z,0.17970000207424164
2020-01-19T22:00:00Z,0.10109999775886536
2020-01-19T23:00:00Z,0.10109999775886536
2020-01-20T00:00:00Z,0.10109999775886536
2020-01-20T01:00:00Z,0.04270000010728836
2020-01-20T02:00:00Z,0.04270000010728836
2020-01-20T03:00:00Z,0.04270000010728836
2020-01-20T04:00:00Z,0.03319999948143959
2020-01-20T05:00:00Z,0.03319999948143959
2020-01-20T06:00:00Z,0.03319999948143959
2020-01-20T07:00:00Z,0.028999999165534973
2020-01-20T08:00:00Z,0.028999999165534973
2020-01-20T09:00:00Z,0.028999999165534973
2020-01-20T10:00:00Z,0.029899999499320984
2020-01-20T11:00:00Z,0.029899999499320984
2020-01-20T12:00:00Z,0.029899999499320984
2020-01-20T13:00:00Z,0.03319999948143959
2020-01-20T14:00:00Z,0.03319999948143959
2020-01-20T15:00:00Z,0.03319999948143959
2020-01-20T16:00:00Z,0.06610000133514404
2020-01-20T17:00:00Z,0.06610000133514404
2020-01-20T18:00:00Z,0.06610000133514404
2020-01-20T19:00:00Z,0.06870000064373016
2020-01-20T20:00:00Z,0.06870000064373016
2020-01-20T21:00:00Z,0.06870000064373016
2020-01-20T22:00:00Z,0.04349999874830246
2020-01-20T23:00:00Z,0.04349999874830246
2020-01-21T00:00:00Z,0.04349999874830246
2020-01-21T01:00:00Z,0.013799975626170635
2020-01-21T02:00:00Z,0.013799975626170635
2020-01-21T03:00:00Z,0.013799975626170635
2020-01-21T04:00:00Z,0.005699999630451202
2020-01-21T05:00:00Z,0.005699999630451202
2020-01-21T06:00:00Z,0.005699999630451202
2020-01-21T07:00:00Z,0.00139999995008111
2020-01-21T08:00:00Z,0.00139999995008111
2020-01-21T09:00:00Z,0.00139999995008111
2020-01-21T10:00:00Z,-9.999999747378752e-5
2020-01-21T11:00:00Z,-9.999999747378752e-5
2020-01-21T12:00:00Z,-9.999999747378752e-5
2020-01-21T13:00:00Z,0.006899999920278788
2020-01-21T14:00:00Z,0.006899999920278788
2020-01-21T15:00:00Z,0.006899999920278788
2020-01-21T16:00:00Z,0.08349999785423279
2020-01-21T17:00:00Z,0.08349999785423279
2020-01-21T18:00:00Z,0.08349999785423279
2020-01-21T19:00:00Z,0.1151999980211258
2020-01-21T20:00:00Z,0.1151999980211258
2020-01-21T21:00:00Z,0.1151999980211258
2020-01-21T22:00:00Z,0.037699975073337555
2020-01-21T23:00:00Z,0.037699975073337555
2020-01-22T00:00:00Z,0.037699975073337555
2020-01-22T01:00:00Z,0.005699999630451202
2020-01-22T02:00:00Z,0.005699999630451202
2020-01-22T03:00:00Z,0.005699999630451202
2020-01-22T04:00:00Z,0.0050999997183680534
2020-01-22T05:00:00Z,0.0050999997183680534
2020-01-22T06:00:00Z,0.0050999997183680534
2020-01-22T07:00:00Z,0.008899999782443047
2020-01-22T08:00:00Z,0.008899999782443047
2020-01-22T09:00:00Z,0.008899999782443047
2020-01-22T10:00:00Z,0.010799975134432316
2020-01-22T11:00:00Z,0.010799975134432316
2020-01-22T12:00:00Z,0.010799975134432316
2020-01-22T13:00:00Z,0.025699999183416367
2020-01-22T14:00:00Z,0.025699999183416367
2020-01-22T15:00:00Z,0.025699999183416367
2020-01-22T16:00:00Z,0.0828000009059906
2020-01-22T17:00:00Z,0.0828000009059906
2020-01-22T18:00:00Z,0.0828000009059906
2020-01-22T19:00:00Z,0.061799999326467514
2020-01-22T20:00:00Z,0.061799999326467514
2020-01-22T21:00:00Z,0.061799999326467514
2020-01-22T22:00:00Z,0.03620002418756485
2020-01-22T23:00:00Z,0.03620002418756485
2020-01-23T00:00:00Z,0.03620002418756485
2020-01-23T01:00:00Z,0.02449999935925007
2020-01-23T02:00:00Z,0.02449999935925007
2020-01-23T03:00:00Z,0.02449999935925007
2020-01-23T04:00:00Z,0.014999999664723873
2020-01-23T05:00:00Z,0.014999999664723873
2020-01-23T06:00:00Z,0.014999999664723873
2020-01-23T07:00:00Z,0.008599999360740185
2020-01-23T08:00:00Z,0.008599999360740185
2020-01-23T09:00:00Z,0.008599999360740185
2020-01-23T10:00:00Z,0.0031999999191612005
2020-01-23T11:00:00Z,0.0031999999191612005
2020-01-23T12:00:00Z,0.0031999999191612005
2020-01-23T13:00:00Z,0.003700000001117587
2020-01-23T14:00:00Z,0.003700000001117587
2020-01-23T15:00:00Z,0.003700000001117587
2020-01-23T16:00:00Z,0.0017999999690800905
2020-01-23T17:00:00Z,0.0017999999690800905
2020-01-23T18:00:00Z,0.0017999999690800905
2020-01-23T19:00:00Z,-0.004100024234503508
2020-01-23T20:00:00Z,-0.004100024234503508
2020-01-23T21:00:00Z,-0.004100024234503508
2020-01-23T22:00:00Z,-0.0023999998811632395
2020-01-23T23:00:00Z,-0.0023999998811632395
2020-01-24T00:00:00Z,-0.0023999998811632395
2020-01-24T01:00:00Z,-0.0021999755408614874
2020-01-24T02:00:00Z,-0.0021999755408614874
2020-01-24T03:00:00Z,-0.0021999755408614874
2020-01-24T04:00:00Z,0.0011999999405816197
2020-01-24T05:00:00Z,0.0011999999405816197
2020-01-24T06:00:00Z,0.0011999999405816197
2020-01-24T07:00:00Z,0.003999999724328518
2020-01-24T08:00:00Z,0.003999999724328518
2020-01-24T09:00:00Z,0.003999999724328518
2020-01-24T10:00:00Z,0.006399999838322401
2020-01-24T11:00:00Z,0.006399999838322401
2020-01-24T12:00:00Z,0.006399999838322401
2020-01-24T13:00:00Z,0.018199998885393143
2020-01-24T14:00:00Z,0.018199998885393143
2020-01-24T15:00:00Z,0.018199998885393143
2020-01-24T16:00:00Z,0.03439999744296074
2020-01-24T17:00:00Z,0.03439999744296074
2020-01-24T18:00:00Z,0.03439999744296074
2020-01-24T19:00:00Z,0.02070000022649765
2020-01-24T20:00:00Z,0.02070000022649765
2020-01-24T21:00:00Z,0.02070000022649765
2020-01-24T22:00:00Z,0.01249999925494194
2020-01-24T23:00:00Z,0.01249999925494194
2020-01-25T00:00:00Z,0.01249999925494194
2020-01-25T01:00:00Z,0.0139999995008111
2020-01-25T02:00:00Z,0.0139999995008111
2020-01-25T03:00:00Z,0.0139999995008111
2020-01-25T04:00:00Z,0.007899999618530273
2020-01-25T05:00:00Z,0.007899999618530273
2020-01-25T06:00:00Z,0.007899999618530273
2020-01-25T07:00:00Z,0.004699999932199717
2020-01-25T08:00:00Z,0.004699999932199717
2020-01-25T09:00:00Z,0.004699999932199717
2020-01-25T10:00:00Z,0
2020-01-25T11:00:00Z,0
2020-01-25T12:00:00Z,0
2020-01-25T13:00:00Z,0.007400000002235174
2020-01-25T14:00:00Z,0.007400000002235174
2020-01-25T15:00:00Z,0.007400000002235174
2020-01-25T16:00:00Z,0.06549999862909317
2020-01-25T17:00:00Z,0.06549999862909317
2020-01-25T18:00:00Z,0.06549999862909317
2020-01-25T19:00:00Z,0.04209999740123749
2020-01-25T20:00:00Z,0.04209999740123749
2020-01-25T21:00:00Z,0.04209999740123749
2020-01-25T22:00:00Z,0.0064999996684491634
2020-01-25T23:00:00Z,0.0064999996684491634
2020-01-26T00:00:00Z,0.0064999996684491634
2020-01-26T01:00:00Z,-0.013100000098347664
2020-01-26T02:00:00Z,-0.013100000098347664
2020-01-26T03:00:00Z,-0.013100000098347664
2020-01-26T04:00:00Z,-0.011099999770522118
2020-01-26T05:00:00Z,-0.011099999770522118
2020-01-26T06:00:00Z,-0.011099999770522118
2020-01-26T07:00:00Z,-0.008599999360740185
2020-01-26T08:00:00Z,-0.008599999360740185
2020-01-26T09:00:00Z,-0.008599999360740185
2020-01-26T10:00:00Z,-0.006799999624490738
2020-01-26T11:00:00Z,-0.006799999624490738
2020-01-26T12:00:00Z,-0.006799999624490738
2020-01-26T13:00:00Z,9.999999310821295e-4
2020-01-26T14:00:00Z,9.999999310821295e-4
2020-01-26T15:00:00Z,9.999999310821295e-4
2020-01-26T16:00:00Z,0.030799999833106995
2020-01-26T17:00:00Z,0.030799999833106995
2020-01-26T18:00:00Z,0.030799999833106995
2020-01-26T19:00:00Z,0.020899999886751175
2020-01-26T20:00:00Z,0.020899999886751175
2020-01-26T21:00:00Z,0.020899999886751175
2020-01-26T22:00:00Z,-0.0018999999156221747
2020-01-26T23:00:00Z,-0.0018999999156221747
2020-01-27T00:00:00Z,-0.0018999999156221747
2020-01-27T01:00:00Z,-0.01899999938905239
2020-01-27T02:00:00Z,-0.01899999938905239
2020-01-27T03:00:00Z,-0.01899999938905239
2020-01-27T04:00:00Z,-0.013100000098347664
2020-01-27T05:00:00Z,-0.013100000098347664
2020-01-27T06:00:00Z,-0.013100000098347664
2020-01-27T07:00:00Z,-0.008799999952316284
2020-01-27T08:00:00Z,-0.008799999952316284
2020-01-27T09:00:00Z,-0.008799999952316284
2020-01-27T10:00:00Z,-0.00279999990016222
2020-01-27T11:00:00Z,-0.00279999990016222
2020-01-27T12:00:00Z,-0.00279999990016222
2020-01-27T13:00:00Z,0.0017999999690800905
2020-01-27T14:00:00Z,0.0017999999690800905
2020-01-27T15:00:00Z,0.0017999999690800905
2020-01-27T16:00:00Z,0.0348999984562397
2020-01-27T17:00:00Z,0.0348999984562397
2020-01-27T18:00:00Z,0.0348999984562397
2020-01-27T19:00:00Z,0.02449999935925007
2020-01-27T20:00:00Z,0.02449999935925007
2020-01-27T21:00:00Z,0.02449999935925007
2020-01-27T22:00:00Z,9.999999310821295e-4
2020-01-27T23:00:00Z,9.999999310821295e-4
2020-01-28T00:00:00Z,9.999999310821295e-4
2020-01-28T01:00:00Z,-0.014999999664723873
2020-01-28T02:00:00Z,-0.014999999664723873
2020-01-28T03:00:00Z,-0.014999999664723873
2020-01-28T04:00:00Z,-0.011599999852478504
2020-01-28T05:00:00Z,-0.011599999852478504
2020-01-28T06:00:00Z,-0.011599999852478504
2020-01-28T07:00:00Z,-0.00969999935477972
2020-01-28T08:00:00Z,-0.00969999935477972
2020-01-28T09:00:00Z,-0.00969999935477972
2020-01-28T10:00:00Z,-0.00699999975040555
2020-01-28T11:00:00Z,-0.00699999975040555
2020-01-28T12:00:00Z,-0.00699999975040555
2020-01-28T13:00:00Z,0.014599999412894249
2020-01-28T14:00:00Z,0.014599999412894249
2020-01-28T15:00:00Z,0.014599999412894249
2020-01-28T16:00:00Z,0.04149999842047691
2020-01-28T17:00:00Z,0.04149999842047691
2020-01-28T18:00:00Z,0.04149999842047691
2020-01-28T19:00:00Z,0.016099998727440834
2020-01-28T20:00:00Z,0.016099998727440834
2020-01-28T21:00:00Z,0.016099998727440834
2020-01-28T22:00:00Z,0.004999999888241291
2020-01-28T23:00:00Z,0.004999999888241291
2020-01-29T00:00:00Z,0.004999999888241291
2020-01-29T01:00:00Z,-0.004699999932199717
2020-01-29T02:00:00Z,-0.004699999932199717
2020-01-29T03:00:00Z,-0.004699999932199717
2020-01-29T04:00:00Z,-0.00279999990016222
2020-01-29T05:00:00Z,-0.00279999990016222
2020-01-29T06:00:00Z,-0.00279999990016222
2020-01-29T07:00:00Z,7.999999797903001e-4
2020-01-29T08:00:00Z,7.999999797903001e-4
2020-01-29T09:00:00Z,7.999999797903001e-4
2020-01-29T10:00:00Z,0.0037999998312443495
2020-01-29T11:00:00Z,0.0037999998312443495
2020-01-29T12:00:00Z,0.0037999998312443495
2020-01-29T13:00:00Z,0.01549999974668026
2020-01-29T14:00:00Z,0.01549999974668026
2020-01-29T15:00:00Z,0.01549999974668026
2020-01-29T16:00:00Z,0.03709997609257698
2020-01-29T17:00:00Z,0.03709997609257698
2020-01-29T18:00:00Z,0.03709997609257698
2020-01-29T19:00:00Z,0.03319999948143959
2020-01-29T20:00:00Z,0.03319999948143959
2020-01-29T21:00:00Z,0.03319999948143959
2020-01-29T22:00:00Z,0.016200000420212746
2020-01-29T23:00:00Z,0.016200000420212746
2020-01-30T00:00:00Z,0.016200000420212746
2020-01-30T01:00:00Z,-0.007400000002235174
2020-01-30T02:00:00Z,-0.007400000002235174
2020-01-30T03:00:00Z,-0.007400000002235174
2020-01-30T04:00:00Z,-0.012299999594688416
2020-01-30T05:00:00Z,-0.012299999594688416
2020-01-30T06:00:00Z,-0.012299999594688416
2020-01-30T07:00:00Z,-0.00839999970048666
2020-01-30T08:00:00Z,-0.00839999970048666
2020-01-30T09:00:00Z,-0.00839999970048666
2020-01-30T10:00:00Z,-0.0072999997064471245
2020-01-30T11:00:00Z,-0.0072999997064471245
2020-01-30T12:00:00Z,-0.0072999997064471245
2020-01-30T13:00:00Z,-4.999999655410647e-4
2020-01-30T14:00:00Z,-4.999999655410647e-4
2020-01-30T15:00:00Z,-4.999999655410647e-4
2020-01-30T16:00:00Z,0.04659999907016754
2020-01-30T17:00:00Z,0.04659999907016754
2020-01-30T18:00:00Z,0.04659999907016754
2020-01-30T19:00:00Z,0.027699999511241913
2020-01-30T20:00:00Z,0.027699999511241913
2020-01-30T21:00:00Z,0.027699999511241913
2020-01-30T22:00:00Z,0.007899999618530273
2020-01-30T23:00:00Z,0.007899999618530273
2020-01-31T00:00:00Z,0.007899999618530273
2020-01-31T01:00:00Z,-0.003399999812245369
2020-01-31T02:00:00Z,-0.003399999812245369
2020-01-31T03:00:00Z,-0.003399999812245369
2020-01-31T04:00:00Z,-0.00279999990016222
2020-01-31T05:00:00Z,-0.00279999990016222
2020-01-31T06:00:00Z,-0.00279999990016222
2020-01-31T07:00:00Z,-0.0052999998442828655
2020-01-31T08:00:00Z,-0.0052999998442828655
2020-01-31T09:00:00Z,-0.0052999998442828655
2020-01-31T10:00:00Z,-0.003499999875202775
2020-01-31T11:00:00Z,-0.003499999875202775
2020-01-31T12:00:00Z,-0.003499999875202775
2020-01-31T13:00:00Z,0.004799999762326479
2020-01-31T14:00:00Z,0.004799999762326479
2020-01-31T15:00:00Z,0.004799999762326479
2020-01-31T16:00:00Z,0.01489999983459711
2020-01-31T17:00:00Z,0.01489999983459711
2020-01-31T18:00:00Z,0.01489999983459711
2020-01-31T19:00:00Z,0.004100000020116568
2020-01-31T20:00:00Z,0.004100000020116568
2020-01-31T21:00:00Z,0.004100000020116568
2020-01-31T22:00:00Z,-9.999999310821295e-4
2020-01-31T23:00:00Z,-9.999999310821295e-4
2020-02-01T00:00:00Z,-9.999999310821295e-4
2020-02-01T01:00:00Z,-0.0011999999405816197
2020-02-01T02:00:00Z,-0.0011999999405816197
2020-02-01T03:00:00Z,-0.0011999999405816197
2020-02-01T04:00:00Z,-0.004799999762326479
2020-02-01T05:00:00Z,-0.004799999762326479
2020-02-01T06:00:00Z,-0.004799999762326479
2020-02-01T07:00:00Z,-0.008299999870359898
2020-02-01T08:00:00Z,-0.008299999870359898
2020-02-01T09:00:00Z,-0.008299999870359898
2020-02-01T10:00:00Z,-0.0064999996684491634
2020-02-01T11:00:00Z,-0.0064999996684491634
2020-02-01T12:00:00Z,-0.0064999996684491634
2020-02-01T13:00:00Z,-0.0044999998062849045
2020-02-01T14:00:00Z,-0.0044999998062849045
2020-02-01T15:00:00Z,-0.0044999998062849045
2020-02-01T16:00:00Z,0.034199997782707214
2020-02-01T17:00:00Z,0.034199997782707214
2020-02-01T18:00:00Z,0.034199997782707214
2020-02-01T19:00:00Z,0.016699999570846558
2020-02-01T20:00:00Z,0.016699999570846558
2020-02-01T21:00:00Z,0.016699999570846558
2020-02-01T22:00:00Z,8.999999845400453e-4
2020-02-01T23:00:00Z,8.999999845400453e-4
2020-02-02T00:00:00Z,8.999999845400453e-4
2020-02-02T01:00:00Z,-0.011399999260902405
2020-02-02T02:00:00Z,-0.011399999260902405
2020-02-02T03:00:00Z,-0.011399999260902405
2020-02-02T04:00:00Z,-0.005799999926239252
2020-02-02T05:00:00Z,-0.005799999926239252
2020-02-02T06:00:00Z,-0.005799999926239252
2020-02-02T07:00:00Z,-0.004699999932199717
2020-02-02T08:00:00Z,-0.004699999932199717
2020-02-02T09:00:00Z,-0.004699999932199717
2020-02-02T10:00:00Z,-0.004999999888241291
2020-02-02T11:00:00Z,-0.004999999888241291
2020-02-02T12:00:00Z,-0.004999999888241291
2020-02-02T13:00:00Z,0.007799999788403511
2020-02-02T14:00:00Z,0.007799999788403511
2020-02-02T15:00:00Z,0.007799999788403511
2020-02-02T16:00:00Z,0.02290000021457672
2020-02-02T17:00:00Z,0.02290000021457672
2020-02-02T18:00:00Z,0.02290000021457672
2020-02-02T19:00:00Z,0.00559999980032444
2020-02-02T20:00:00Z,0.00559999980032444
2020-02-02T21:00:00Z,0.00559999980032444
2020-02-02T22:00:00Z,-0.003700000001117587
2020-02-02T23:00:00Z,-0.003700000001117587
2020-02-03T00:00:00Z,-0.003700000001117587
2020-02-03T01:00:00Z,-0.014599999412894249
2020-02-03T02:00:00Z,-0.014599999412894249
2020-02-03T03:00:00Z,-0.014599999412894249
2020-02-03T04:00:00Z,-0.01269999984651804
2020-02-03T05:00:00Z,-0.01269999984651804
2020-02-03T06:00:00Z,-0.01269999984651804
2020-02-03T07:00:00Z,-0.013299999758601189
2020-02-03T08:00:00Z,-0.013299999758601189
2020-02-03T09:00:00Z,-0.013299999758601189
2020-02-03T10:00:00Z,-0.013100000098347664
2020-02-03T11:00:00Z,-0.013100000098347664
2020-02-03T12:00:00Z,-0.013100000098347664
2020-02-03T13:00:00Z,-0.004600000102072954
2020-02-03T14:00:00Z,-0.004600000102072954
2020-02-03T15:00:00Z,-0.004600000102072954
2020-02-03T16:00:00Z,0.005499999970197678
2020-02-03T17:00:00Z,0.005499999970197678
2020-02-03T18:00:00Z,0.005499999970197678
2020-02-03T19:00:00Z,-0.0011999999405816197
2020-02-03T20:00:00Z,-0.0011999999405816197
2020-02-03T21:00:00Z,-0.0011999999405816197
2020-02-03T22:00:00Z,-0.004399999976158142
2020-02-03T23:00:00Z,-0.004399999976158142
2020-02-04T00:00:00Z,-0.004399999976158142
2020-02-04T01:00:00Z,-0.00839999970048666
2020-02-04T02:00:00Z,-0.00839999970048666
2020-02-04T03:00:00Z,-0.00839999970048666
2020-02-04T04:00:00Z,-0.0015999999595806003
2020-02-04T05:00:00Z,-0.0015999999595806003
2020-02-04T06:00:00Z,-0.0015999999595806003
2020-02-04T07:00:00Z,0.010599999688565731
2020-02-04T08:00:00Z,0.010599999688565731
2020-02-04T09:00:00Z,0.010599999688565731
2020-02-04T10:00:00Z,0.035499997437000275
2020-02-04T11:00:00Z,0.035499997437000275
2020-02-04T12:00:00Z,0.035499997437000275
2020-02-04T13:00:00Z,0.05429999902844429
2020-02-04T14:00:00Z,0.05429999902844429
2020-02-04T15:00:00Z,0.05429999902844429
2020-02-04T16:00:00Z,0.09730000048875809
2020-02-04T17:00:00Z,0.09730000048875809
2020-02-04T18:00:00Z,0.09730000048875809
2020-02-04T19:00:00Z,0.10399999469518661
2020-02-04T20:00:00Z,0.10399999469518661
2020-02-04T21:00:00Z,0.10399999469518661
2020-02-04T22:00:00Z,0.07229999452829361
2020-02-04T23:00:00Z,0.07229999452829361
2020-02-05T00:00:00Z,0.07229999452829361
2020-02-05T01:00:00Z,0.06709999591112137
2020-02-05T02:00:00Z,0.06709999591112137
2020-02-05T03:00:00Z,0.06709999591112137
2020-02-05T04:00:00Z,0.07459999620914459
2020-02-05T05:00:00Z,0.07459999620914459
2020-02-05T06:00:00Z,0.07459999620914459
2020-02-05T07:00:00Z,0.08760000020265579
2020-02-05T08:00:00Z,0.08760000020265579
2020-02-05T09:00:00Z,0.08760000020265579
2020-02-05T10:00:00Z,0.09369999915361404
2020-02-05T11:00:00Z,0.09369999915361404
2020-02-05T12:00:00Z,0.09369999915361404
2020-02-05T13:00:00Z,0.08179999887943268
2020-02-05T14:00:00Z,0.08179999887943268
2020-02-05T15:00:00Z,0.08179999887943268
2020-02-05T16:00:00Z,0.11180000007152557
2020-02-05T17:00:00Z,0.11180000007152557
2020-02-05T18:00:00Z,0.11180000007152557
2020-02-05T19:00:00Z,0.10369999706745148
2020-02-05T20:00:00Z,0.10369999706745148
2020-02-05T21:00:00Z,0.10369999706745148
2020-02-05T22:00:00Z,0.06359997391700745
2020-02-05T23:00:00Z,0.06359997391700745
2020-02-06T00:00:00Z,0.06359997391700745
2020-02-06T01:00:00Z,0.04600000008940697
2020-02-06T02:00:00Z,0.04600000008940697
2020-02-06T03:00:00Z,0.04600000008940697
2020-02-06T04:00:00Z,0.05179999768733978
2020-02-06T05:00:00Z,0.05179999768733978
2020-02-06T06:00:00Z,0.05179999768733978
2020-02-06T07:00:00Z,0.0494999997317791
2020-02-06T08:00:00Z,0.0494999997317791
2020-02-06T09:00:00Z,0.0494999997317791
2020-02-06T10:00:00Z,0.04820000007748604
2020-02-06T11:00:00Z,0.04820000007748604
2020-02-06T12:00:00Z,0.04820000007748604
2020-02-06T13:00:00Z,0.04749999940395355
2020-02-06T14:00:00Z,0.04749999940395355
2020-02-06T15:00:00Z,0.04749999940395355
2020-02-06T16:00:00Z,0.12789998948574066
2020-02-06T17:00:00Z,0.12789998948574066
2020-02-06T18:00:00Z,0.12789998948574066
2020-02-06T19:00:00Z,0.17159999907016754
2020-02-06T20:00:00Z,0.17159999907016754
2020-02-06T21:00:00Z,0.17159999907016754
2020-02-06T22:00:00Z,0.07279999554157257
2020-02-06T23:00:00Z,0.07279999554157257
2020-02-07T00:00:00Z,0.07279999554157257
2020-02-07T01:00:00Z,0.003199975471943617
2020-02-07T02:00:00Z,0.003199975471943617
2020-02-07T03:00:00Z,0.003199975471943617
2020-02-07T04:00:00Z,0.0031999999191612005
2020-02-07T05:00:00Z,0.0031999999191612005
2020-02-07T06:00:00Z,0.0031999999191612005
2020-02-07T07:00:00Z,0.004100000020116568
2020-02-07T08:00:00Z,0.004100000020116568
2020-02-07T09:00:00Z,0.004100000020116568
2020-02-07T10:00:00Z,0.004600000102072954
2020-02-07T11:00:00Z,0.004600000102072954
2020-02-07T12:00:00Z,0.004600000102072954
2020-02-07T13:00:00Z,0.020899999886751175
2020-02-07T14:00:00Z,0.020899999886751175
2020-02-07T15:00:00Z,0.020899999886751175
2020-02-07T16:00:00Z,0.06960000097751617
2020-02-07T17:00:00Z,0.06960000097751617
2020-02-07T18:00:00Z,0.06960000097751617
2020-02-07T19:00:00Z,0.05689999833703041
2020-02-07T20:00:00Z,0.05689999833703041
2020-02-07T21:00:00Z,0.05689999833703041
2020-02-07T22:00:00Z,0.03500000014901161
2020-02-07T23:00:00Z,0.03500000014901161
2020-02-08T00:00:00Z,0.03500000014901161
2020-02-08T01:00:00Z,0.027799999341368675
2020-02-08T02:00:00Z,0.027799999341368675
2020-02-08T03:00:00Z,0.027799999341368675
2020-02-08T04:00:00Z,0.028299998492002487
2020-02-08T05:00:00Z,0.028299998492002487
2020-02-08T06:00:00Z,0.028299998492002487
2020-02-08T07:00:00Z,0.018699999898672104
2020-02-08T08:00:00Z,0.018699999898672104
2020-02-08T09:00:00Z,0.018699999898672104
2020-02-08T10:00:00Z,0.022499999031424522
2020-02-08T11:00:00Z,0.022499999031424522
2020-02-08T12:00:00Z,0.022499999031424522
2020-02-08T13:00:00Z,0.031599998474121094
2020-02-08T14:00:00Z,0.031599998474121094
2020-02-08T15:00:00Z,0.031599998474121094
2020-02-08T16:00:00Z,0.10939999669790268
2020-02-08T17:00:00Z,0.10939999669790268
2020-02-08T18:00:00Z,0.10939999669790268
2020-02-08T19:00:00Z,0.10209999978542328
2020-02-08T20:00:00Z,0.10209999978542328
2020-02-08T21:00:00Z,0.10209999978542328
2020-02-08T22:00:00Z,0.03969999775290489
2020-02-08T23:00:00Z,0.03969999775290489
2020-02-09T00:00:00Z,0.03969999775290489
2020-02-09T01:00:00Z,0.002300000051036477
2020-02-09T02:00:00Z,0.002300000051036477
2020-02-09T03:00:00Z,0.002300000051036477
2020-02-09T04:00:00Z,0.008999999612569809
2020-02-09T05:00:00Z,0.008999999612569809
2020-02-09T06:00:00Z,0.008999999612569809
2020-02-09T07:00:00Z,0.014099999330937862
2020-02-09T08:00:00Z,0.014099999330937862
2020-02-09T09:00:00Z,0.014099999330937862
2020-02-09T10:00:00Z,0.01400002371519804
2020-02-09T11:00:00Z,0.01400002371519804
2020-02-09T12:00:00Z,0.01400002371519804
2020-02-09T13:00:00Z,0.012899999506771564
2020-02-09T14:00:00Z,0.012899999506771564
2020-02-09T15:00:00Z,0.012899999506771564
2020-02-09T16:00:00Z,-0.003599999938160181
2020-02-09T17:00:00Z,-0.003599999938160181
2020-02-09T18:00:00Z,-0.003599999938160181
2020-02-09T19:00:00Z,-0.014800000004470348
2020-02-09T20:00:00Z,-0.014800000004470348
2020-02-09T21:00:00Z,-0.014800000004470348
2020-02-09T22:00:00Z,-0.012199999764561653
2020-02-09T23:00:00Z,-0.012199999764561653
2020-02-10T00:00:00Z,-0.012199999764561653
2020-02-10T01:00:00Z,-0.009499999694526196
2020-02-10T02:00:00Z,-0.009499999694526196
2020-02-10T03:00:00Z,-0.009499999694526196
2020-02-10T04:00:00Z,-0.007799999788403511
2020-02-10T05:00:00Z,-0.007799999788403511
2020-02-10T06:00:00Z,-0.007799999788403511
2020-02-10T07:00:00Z,0.001899975584819913
2020-02-10T08:00:00Z,0.001899975584819913
2020-02-10T09:00:00Z,0.001899975584819913
2020-02-10T10:00:00Z,0.009099999442696571
2020-02-10T11:00:00Z,0.009099999442696571
2020-02-10T12:00:00Z,0.009099999442696571
2020-02-10T13:00:00Z,0.02879999950528145
2020-02-10T14:00:00Z,0.02879999950528145
2020-02-10T15:00:00Z,0.02879999950528145
2020-02-10T16:00:00Z,0.0762999951839447
2020-02-10T17:00:00Z,0.0762999951839447
2020-02-10T18:00:00Z,0.0762999951839447
2020-02-10T19:00:00Z,0.07809999585151672
2020-02-10T20:00:00Z,0.07809999585151672
2020-02-10T21:00:00Z,0.07809999585151672
2020-02-10T22:00:00Z,0.029600000008940697
2020-02-10T23:00:00Z,0.029600000008940697
2020-02-11T00:00:00Z,0.029600000008940697
2020-02-11T01:00:00Z,0.004600000102072954
2020-02-11T02:00:00Z,0.004600000102072954
2020-02-11T03:00:00Z,0.004600000102072954
2020-02-11T04:00:00Z,0.004799999762326479
2020-02-11T05:00:00Z,0.004799999762326479
2020-02-11T06:00:00Z,0.004799999762326479
2020-02-11T07:00:00Z,0.007999999448657036
2020-02-11T08:00:00Z,0.007999999448657036
2020-02-11T09:00:00Z,0.007999999448657036
2020-02-11T10:00:00Z,0.013199999928474426
2020-02-11T11:00:00Z,0.013199999928474426
2020-02-11T12:00:00Z,0.013199999928474426
2020-02-11T13:00:00Z,0.03199999779462814
2020-02-11T14:00:00Z,0.03199999779462814
2020-02-11T15:00:00Z,0.03199999779462814
2020-02-11T16:00:00Z,0.0810999944806099
2020-02-11T17:00:00Z,0.0810999944806099
2020-02-11T18:00:00Z,0.0810999944806099
2020-02-11T19:00:00Z,0.15600000321865082
2020-02-11T20:00:00Z,0.15600000321865082
2020-02-11T21:00:00Z,0.15600000321865082
2020-02-11T22:00:00Z,0.0786999985575676
2020-02-11T23:00:00Z,0.0786999985575676
2020-02-12T00:00:00Z,0.0786999985575676
2020-02-12T01:00:00Z,0.0038999998942017555
2020-02-12T02:00:00Z,0.0038999998942017555
2020-02-12T03:00:00Z,0.0038999998942017555
2020-02-12T04:00:00Z,0.00839999970048666
2020-02-12T05:00:00Z,0.00839999970048666
2020-02-12T06:00:00Z,0.00839999970048666
2020-02-12T07:00:00Z,0.008100000210106373
2020-02-12T08:00:00Z,0.008100000210106373
2020-02-12T09:00:00Z,0.008100000210106373
2020-02-12T10:00:00Z,0.010699999518692493
2020-02-12T11:00:00Z,0.010699999518692493
2020-02-12T12:00:00Z,0.010699999518692493
2020-02-12T13:00:00Z,0.03739999979734421
2020-02-12T14:00:00Z,0.03739999979734421
2020-02-12T15:00:00Z,0.03739999979734421
2020-02-12T16:00:00Z,0.10859999805688858
2020-02-12T17:00:00Z,0.10859999805688858
2020-02-12T18:00:00Z,0.10859999805688858
2020-02-12T19:00:00Z,0.07679999619722366
2020-02-12T20:00:00Z,0.07679999619722366
2020-02-12T21:00:00Z,0.07679999619722366
2020-02-12T22:00:00Z,0.01730000041425228
2020-02-12T23:00:00Z,0.01730000041425228
2020-02-13T00:00:00Z,0.01730000041425228
2020-02-13T01:00:00Z,0.0016999999061226845
2020-02-13T02:00:00Z,0.0016999999061226845
2020-02-13T03:00:00Z,0.0016999999061226845
2020-02-13T04:00:00Z,0.010900000110268593
2020-02-13T05:00:00Z,0.010900000110268593
2020-02-13T06:00:00Z,0.010900000110268593
2020-02-13T07:00:00Z,0.062199998646974564
2020-02-13T08:00:00Z,0.062199998646974564
2020-02-13T09:00:00Z,0.062199998646974564
2020-02-13T10:00:00Z,0.09129999577999115
2020-02-13T11:00:00Z,0.09129999577999115
2020-02-13T12:00:00Z,0.09129999577999115
2020-02-13T13:00:00Z,0.11339999735355377
2020-02-13T14:00:00Z,0.11339999735355377
2020-02-13T15:00:00Z,0.11339999735355377
2020-02-13T16:00:00Z,0.1955999881029129
2020-02-13T17:00:00Z,0.1955999881029129
2020-02-13T18:00:00Z,0.1955999881029129
2020-02-13T19:00:00Z,0.22289998829364777
2020-02-13T20:00:00Z,0.22289998829364777
2020-02-13T21:00:00Z,0.22289998829364777
2020-02-13T22:00:00Z,0.1363999992609024
2020-02-13T23:00:00Z,0.1363999992609024
2020-02-14T00:00:00Z,0.1363999992609024
2020-02-14T01:00:00Z,0.0762999951839447
2020-02-14T02:00:00Z,0.0762999951839447
2020-02-14T03:00:00Z,0.0762999951839447
2020-02-14T04:00:00Z,0.04899999871850014
2020-02-14T05:00:00Z,0.04899999871850014
2020-02-14T06:00:00Z,0.04899999871850014
2020-02-14T07:00:00Z,0.029399998486042023
2020-02-14T08:00:00Z,0.029399998486042023
2020-02-14T09:00:00Z,0.029399998486042023
2020-02-14T10:00:00Z,0.016699999570846558
2020-02-14T11:00:00Z,0.016699999570846558
2020-02-14T12:00:00Z,0.016699999570846558
2020-02-14T13:00:00Z,0.03219999745488167
2020-02-14T14:00:00Z,0.03219999745488167
2020-02-14T15:00:00Z,0.03219999745488167
2020-02-14T16:00:00Z,0.12319999933242798
2020-02-14T17:00:00Z,0.12319999933242798
2020-02-14T18:00:00Z,0.12319999933242798
2020-02-14T19:00:00Z,0.21239998936653137
2020-02-14T20:00:00Z,0.21239998936653137
2020-02-14T21:00:00Z,0.21239998936653137
2020-02-14T22:00:00Z,0.1193000003695488
2020-02-14T23:00:00Z,0.1193000003695488
2020-02-15T00:00:00Z,0.1193000003695488
2020-02-15T01:00:00Z,0.0559999980032444
2020-02-15T02:00:00Z,0.0559999980032444
2020-02-15T03:00:00Z,0.0559999980032444
2020-02-15T04:00:00Z,0.055299997329711914
2020-02-15T05:00:00Z,0.055299997329711914
2020-02-15T06:00:00Z,0.055299997329711914
2020-02-15T07:00:00Z,0.03999999910593033
2020-02-15T08:00:00Z,0.03999999910593033
2020-02-15T09:00:00Z,0.03999999910593033
2020-02-15T10:00:00Z,0.022299999371170998
2020-02-15T11:00:00Z,0.022299999371170998
2020-02-15T12:00:00Z,0.022299999371170998
2020-02-15T13:00:00Z,0.03989999741315842
2020-02-15T14:00:00Z,0.03989999741315842
2020-02-15T15:00:00Z,0.03989999741315842
2020-02-15T16:00:00Z,0.10920000076293945
2020-02-15T17:00:00Z,0.10920000076293945
2020-02-15T18:00:00Z,0.10920000076293945
2020-02-15T19:00:00Z,0.1200999990105629
2020-02-15T20:00:00Z,0.1200999990105629
2020-02-15T21:00:00Z,0.1200999990105629
2020-02-15T22:00:00Z,0.044999998062849045
2020-02-15T23:00:00Z,0.044999998062849045
2020-02-16T00:00:00Z,0.044999998062849045
2020-02-16T01:00:00Z,-0.008799999952316284
2020-02-16T02:00:00Z,-0.008799999952316284
2020-02-16T03:00:00Z,-0.008799999952316284
2020-02-16T04:00:00Z,-0.005399999674409628
2020-02-16T05:00:00Z,-0.005399999674409628
2020-02-16T06:00:00Z,-0.005399999674409628
2020-02-16T07:00:00Z,-0.003700000001117587
2020-02-16T08:00:00Z,-0.003700000001117587
2020-02-16T09:00:00Z,-0.003700000001117587
2020-02-16T10:00:00Z,-0.0013000000035390258
2020-02-16T11:00:00Z,-0.0013000000035390258
2020-02-16T12:00:00Z,-0.0013000000035390258
2020-02-16T13:00:00Z,0.009099999442696571
2020-02-16T14:00:00Z,0.009099999442696571
2020-02-16T15:00:00Z,0.009099999442696571
2020-02-16T16:00:00Z,0.02979999966919422
2020-02-16T17:00:00Z,0.02979999966919422
2020-02-16T18:00:00Z,0.02979999966919422
2020-02-16T19:00:00Z,0.14329999685287476
2020-02-16T20:00:00Z,0.14329999685287476
2020-02-16T21:00:00Z,0.14329999685287476
2020-02-16T22:00:00Z,0.03739999979734421
2020-02-16T23:00:00Z,0.03739999979734421
2020-02-17T00:00:00Z,0.03739999979734421
2020-02-17T01:00:00Z,-0.016499999910593033
2020-02-17T02:00:00Z,-0.016499999910593033
2020-02-17T03:00:00Z,-0.016499999910593033
2020-02-17T04:00:00Z,-0.004299999680370092
2020-02-17T05:00:00Z,-0.004299999680370092
2020-02-17T06:00:00Z,-0.004299999680370092
2020-02-17T07:00:00Z,0.003499999875202775
2020-02-17T08:00:00Z,0.003499999875202775
2020-02-17T09:00:00Z,0.003499999875202775
2020-02-17T10:00:00Z,-0.0050999997183680534
2020-02-17T11:00:00Z,-0.0050999997183680534
2020-02-17T12:00:00Z,-0.0050999997183680534
2020-02-17T13:00:00Z,-0.013299999758601189
2020-02-17T14:00:00Z,-0.013299999758601189
2020-02-17T15:00:00Z,-0.013299999758601189
2020-02-17T16:00:00Z,-0.018200023099780083
2020-02-17T17:00:00Z,-0.018200023099780083
2020-02-17T18:00:00Z,-0.018200023099780083
2020-02-17T19:00:00Z,-0.015399999916553497
2020-02-17T20:00:00Z,-0.015399999916553497
2020-02-17T21:00:00Z,-0.015399999916553497
2020-02-17T22:00:00Z,-0.006399999838322401
2020-02-17T23:00:00Z,-0.006399999838322401
2020-02-18T00:00:00Z,-0.006399999838322401
2020-02-18T01:00:00Z,-0.006799999624490738
2020-02-18T02:00:00Z,-0.006799999624490738
2020-02-18T03:00:00Z,-0.006799999624490738
2020-02-18T04:00:00Z,-0.011299999430775642
2020-02-18T05:00:00Z,-0.011299999430775642
2020-02-18T06:00:00Z,-0.011299999430775642
2020-02-18T07:00:00Z,5.999999702908099e-4
2020-02-18T08:00:00Z,5.999999702908099e-4
2020-02-18T09:00:00Z,5.999999702908099e-4
2020-02-18T10:00:00Z,0.011500000022351742
2020-02-18T11:00:00Z,0.011500000022351742
2020-02-18T12:00:00Z,0.011500000022351742
2020-02-18T13:00:00Z,0.029999999329447746
2020-02-18T14:00:00Z,0.029999999329447746
2020-02-18T15:00:00Z,0.029999999329447746
2020-02-18T16:00:00Z,0.08709999918937683
2020-02-18T17:00:00Z,0.08709999918937683
2020-02-18T18:00:00Z,0.08709999918937683
2020-02-18T19:00:00Z,0.11299999803304672
2020-02-18T20:00:00Z,0.11299999803304672
2020-02-18T21:00:00Z,0.11299999803304672
2020-02-18T22:00:00Z,0.06929999589920044
2020-02-18T23:00:00Z,0.06929999589920044
2020-02-19T00:00:00Z,0.06929999589920044
2020-02-19T01:00:00Z,0.0015999999595806003
2020-02-19T02:00:00Z,0.0015999999595806003
2020-02-19T03:00:00Z,0.0015999999595806003
2020-02-19T04:00:00Z,0.004900000058114529
2020-02-19T05:00:00Z,0.004900000058114529
2020-02-19T06:00:00Z,0.004900000058114529
2020-02-19T07:00:00Z,0.010799999348819256
2020-02-19T08:00:00Z,0.010799999348819256
2020-02-19T09:00:00Z,0.010799999348819256
2020-02-19T10:00:00Z,0.018699999898672104
2020-02-19T11:00:00Z,0.018699999898672104
2020-02-19T12:00:00Z,0.018699999898672104
2020-02-19T13:00:00Z,0.05959999933838844
2020-02-19T14:00:00Z,0.05959999933838844
2020-02-19T15:00:00Z,0.05959999933838844
2020-02-19T16:00:00Z,0.19599999487400055
2020-02-19T17:00:00Z,0.19599999487400055
2020-02-19T18:00:00Z,0.19599999487400055
2020-02-19T19:00:00Z,0.2613999843597412
2020-02-19T20:00:00Z,0.2613999843597412
2020-02-19T21:00:00Z,0.2613999843597412
2020-02-19T22:00:00Z,0.11559999734163284
2020-02-19T23:00:00Z,0.11559999734163284
2020-02-20T00:00:00Z,0.11559999734163284
2020-02-20T01:00:00Z,0.03889999911189079
2020-02-20T02:00:00Z,0.03889999911189079
2020-02-20T03:00:00Z,0.03889999911189079
2020-02-20T04:00:00Z,0.0486999973654747
2020-02-20T05:00:00Z,0.0486999973654747
2020-02-20T06:00:00Z,0.0486999973654747
2020-02-20T07:00:00Z,0.06469999998807907
2020-02-20T08:00:00Z,0.06469999998807907
2020-02-20T09:00:00Z,0.06469999998807907
2020-02-20T10:00:00Z,0.07539999485015869
2020-02-20T11:00:00Z,0.07539999485015869
2020-02-20T12:00:00Z,0.07539999485015869
2020-02-20T13:00:00Z,0.09809999912977219
2020-02-20T14:00:00Z,0.09809999912977219
2020-02-20T15:00:00Z,0.09809999912977219
2020-02-20T16:00:00Z,0.2102999985218048
2020-02-20T17:00:00Z,0.2102999985218048
2020-02-20T18:00:00Z,0.2102999985218048
2020-02-20T19:00:00Z,0.25529998540878296
2020-02-20T20:00:00Z,0.25529998540878296
2020-02-20T21:00:00Z,0.25529998540878296
2020-02-20T22:00:00Z,0.1460999995470047
2020-02-20T23:00:00Z,0.1460999995470047
2020-02-21T00:00:00Z,0.1460999995470047
2020-02-21T01:00:00Z,0.018400000408291817
2020-02-21T02:00:00Z,0.018400000408291817
2020-02-21T03:00:00Z,0.018400000408291817
2020-02-21T04:00:00Z,0.010199999436736107
2020-02-21T05:00:00Z,0.010199999436736107
2020-02-21T06:00:00Z,0.010199999436736107
2020-02-21T07:00:00Z,0.008100000210106373
2020-02-21T08:00:00Z,0.008100000210106373
2020-02-21T09:00:00Z,0.008100000210106373
2020-02-21T10:00:00Z,0.007799999788403511
2020-02-21T11:00:00Z,0.007799999788403511
2020-02-21T12:00:00Z,0.007799999788403511
2020-02-21T13:00:00Z,0.03009999915957451
2020-02-21T14:00:00Z,0.03009999915957451
2020-02-21T15:00:00Z,0.03009999915957451
2020-02-21T16:00:00Z,0.1607999950647354
2020-02-21T17:00:00Z,0.1607999950647354
2020-02-21T18:00:00Z,0.1607999950647354
2020-02-21T19:00:00Z,0.29739999771118164
2020-02-21T20:00:00Z,0.29739999771118164
2020-02-21T21:00:00Z,0.29739999771118164
2020-02-21T22:00:00Z,0.14980000257492065
2020-02-21T23:00:00Z,0.14980000257492065
2020-02-22T00:00:00Z,0.14980000257492065
2020-02-22T01:00:00Z,0.02290000021457672
2020-02-22T02:00:00Z,0.02290000021457672
2020-02-22T03:00:00Z,0.02290000021457672
2020-02-22T04:00:00Z,0.02029999904334545
2020-02-22T05:00:00Z,0.02029999904334545
2020-02-22T06:00:00Z,0.02029999904334545
2020-02-22T07:00:00Z,0.015199999324977398
2020-02-22T08:00:00Z,0.015199999324977398
2020-02-22T09:00:00Z,0.015199999324977398
2020-02-22T10:00:00Z,0.011500000022351742
2020-02-22T11:00:00Z,0.011500000022351742
2020-02-22T12:00:00Z,0.011500000022351742
2020-02-22T13:00:00Z,0.04619999974966049
2020-02-22T14:00:00Z,0.04619999974966049
2020-02-22T15:00:00Z,0.04619999974966049
2020-02-22T16:00:00Z,0.24979999661445618
2020-02-22T17:00:00Z,0.24979999661445618
2020-02-22T18:00:00Z,0.24979999661445618
2020-02-22T19:00:00Z,0.3561999797821045
2020-02-22T20:00:00Z,0.3561999797821045
2020-02-22T21:00:00Z,0.3561999797821045
2020-02-22T22:00:00Z,0.1233999952673912
2020-02-22T23:00:00Z,0.1233999952673912
2020-02-23T00:00:00Z,0.1233999952673912
2020-02-23T01:00:00Z,-0.0072999997064471245
2020-02-23T02:00:00Z,-0.0072999997064471245
2020-02-23T03:00:00Z,-0.0072999997064471245
2020-02-23T04:00:00Z,-0.0058999997563660145
2020-02-23T05:00:00Z,-0.0058999997563660145
2020-02-23T06:00:00Z,-0.0058999997563660145
2020-02-23T07:00:00Z,-0.005399999674409628
2020-02-23T08:00:00Z,-0.005399999674409628
2020-02-23T09:00:00Z,-0.005399999674409628
2020-02-23T10:00:00Z,-0.003499999875202775
2020-02-23T11:00:00Z,-0.003499999875202775
2020-02-23T12:00:00Z,-0.003499999875202775
2020-02-23T13:00:00Z,0.02979999966919422
2020-02-23T14:00:00Z,0.02979999966919422
2020-02-23T15:00:00Z,0.02979999966919422
2020-02-23T16:00:00Z,0.17629998922348022
2020-02-23T17:00:00Z,0.17629998922348022
2020-02-23T18:00:00Z,0.17629998922348022
2020-02-23T19:00:00Z,0.20719999074935913
2020-02-23T20:00:00Z,0.20719999074935913
2020-02-23T21:00:00Z,0.20719999074935913
2020-02-23T22:00:00Z,0.08619999885559082
2020-02-23T23:00:00Z,0.08619999885559082
2020-02-24T00:00:00Z,0.08619999885559082
2020-02-24T01:00:00Z,-0.01119999960064888
2020-02-24T02:00:00Z,-0.01119999960064888
2020-02-24T03:00:00Z,-0.01119999960064888
2020-02-24T04:00:00Z,-0.009599999524652958
2020-02-24T05:00:00Z,-0.009599999524652958
2020-02-24T06:00:00Z,-0.009599999524652958
2020-02-24T07:00:00Z,-0.008899999782443047
2020-02-24T08:00:00Z,-0.008899999782443047
2020-02-24T09:00:00Z,-0.008899999782443047
2020-02-24T10:00:00Z,0.001500000013038516
2020-02-24T11:00:00Z,0.001500000013038516
2020-02-24T12:00:00Z,0.001500000013038516
2020-02-24T13:00:00Z,0.033399999141693115
2020-02-24T14:00:00Z,0.033399999141693115
2020-02-24T15:00:00Z,0.033399999141693115
2020-02-24T16:00:00Z,0.10939999669790268
2020-02-24T17:00:00Z,0.10939999669790268
2020-02-24T18:00:00Z,0.10939999669790268
2020-02-24T19:00:00Z,0.14790000021457672
2020-02-24T20:00:00Z,0.14790000021457672
2020-02-24T21:00:00Z,0.14790000021457672
2020-02-24T22:00:00Z,0.08139999955892563
2020-02-24T23:00:00Z,0.08139999955892563
2020-02-25T00:00:00Z,0.08139999955892563
2020-02-25T01:00:00Z,0.03529999777674675
2020-02-25T02:00:00Z,0.03529999777674675
2020-02-25T03:00:00Z,0.03529999777674675
2020-02-25T04:00:00Z,0.039900023490190506
2020-02-25T05:00:00Z,0.039900023490190506
2020-02-25T06:00:00Z,0.039900023490190506
2020-02-25T07:00:00Z,0.03490002453327179
2020-02-25T08:00:00Z,0.03490002453327179
2020-02-25T09:00:00Z,0.03490002453327179
2020-02-25T10:00:00Z,0.03480000048875809
2020-02-25T11:00:00Z,0.03480000048875809
2020-02-25T12:00:00Z,0.03480000048875809
2020-02-25T13:00:00Z,0.03519999980926514
2020-02-25T14:00:00Z,0.03519999980926514
2020-02-25T15:00:00Z,0.03519999980926514
2020-02-25T16:00:00Z,0.1039000004529953
2020-02-25T17:00:00Z,0.1039000004529953
2020-02-25T18:00:00Z,0.1039000004529953
2020-02-25T19:00:00Z,0.12159999459981918
2020-02-25T20:00:00Z,0.12159999459981918
2020-02-25T21:00:00Z,0.12159999459981918
2020-02-25T22:00:00Z,0.08549999445676804
2020-02-25T23:00:00Z,0.08549999445676804
2020-02-26T00:00:00Z,0.08549999445676804
2020-02-26T01:00:00Z,0.055799998342990875
2020-02-26T02:00:00Z,0.055799998342990875
2020-02-26T03:00:00Z,0.055799998342990875
2020-02-26T04:00:00Z,0.05350000038743019
2020-02-26T05:00:00Z,0.05350000038743019
2020-02-26T06:00:00Z,0.05350000038743019
2020-02-26T07:00:00Z,0.04399999976158142
2020-02-26T08:00:00Z,0.04399999976158142
2020-02-26T09:00:00Z,0.04399999976158142
2020-02-26T10:00:00Z,0.04739999771118164
2020-02-26T11:00:00Z,0.04739999771118164
2020-02-26T12:00:00Z,0.04739999771118164
2020-02-26T13:00:00Z,0.07079999893903732
2020-02-26T14:00:00Z,0.07079999893903732
2020-02-26T15:00:00Z,0.07079999893903732
2020-02-26T16:00:00Z,0.1955999881029129
2020-02-26T17:00:00Z,0.1955999881029129
2020-02-26T18:00:00Z,0.1955999881029129
2020-02-26T19:00:00Z,0.2563000023365021
2020-02-26T20:00:00Z,0.2563000023365021
2020-02-26T21:00:00Z,0.2563000023365021
2020-02-26T22:00:00Z,0.17099998891353607
2020-02-26T23:00:00Z,0.17099998891353607
2020-02-27T00:00:00Z,0.17099998891353607
2020-02-27T01:00:00Z,0.04039999842643738
2020-02-27T02:00:00Z,0.04039999842643738
2020-02-27T03:00:00Z,0.04039999842643738
2020-02-27T04:00:00Z,0.023000000044703484
2020-02-27T05:00:00Z,0.023000000044703484
2020-02-27T06:00:00Z,0.023000000044703484
2020-02-27T07:00:00Z,0.01119999960064888
2020-02-27T08:00:00Z,0.01119999960064888
2020-02-27T09:00:00Z,0.01119999960064888
2020-02-27T10:00:00Z,0.019600000232458115
2020-02-27T11:00:00Z,0.019600000232458115
2020-02-27T12:00:00Z,0.019600000232458115
2020-02-27T13:00:00Z,0.05339999869465828
2020-02-27T14:00:00Z,0.05339999869465828
2020-02-27T15:00:00Z,0.05339999869465828
2020-02-27T16:00:00Z,0.18529999256134033
2020-02-27T17:00:00Z,0.18529999256134033
2020-02-27T18:00:00Z,0.18529999256134033
2020-02-27T19:00:00Z,0.3131999969482422
2020-02-27T20:00:00Z,0.3131999969482422
2020-02-27T21:00:00Z,0.3131999969482422
2020-02-27T22:00:00Z,0.1410999894142151
2020-02-27T23:00:00Z,0.1410999894142151
2020-02-28T00:00:00Z,0.1410999894142151
2020-02-28T01:00:00Z,0.011899999342858791
2020-02-28T02:00:00Z,0.011899999342858791
2020-02-28T03:00:00Z,0.011899999342858791
2020-02-28T04:00:00Z,0.00989999994635582
2020-02-28T05:00:00Z,0.00989999994635582
2020-02-28T06:00:00Z,0.00989999994635582
2020-02-28T07:00:00Z,2.9999998514540493e-4
2020-02-28T08:00:00Z,2.9999998514540493e-4
2020-02-28T09:00:00Z,2.9999998514540493e-4
2020-02-28T10:00:00Z,0.002899999963119626
2020-02-28T11:00:00Z,0.002899999963119626
2020-02-28T12:00:00Z,0.002899999963119626
2020-02-28T13:00:00Z,0.04259999841451645
2020-02-28T14:00:00Z,0.04259999841451645
2020-02-28T15:00:00Z,0.04259999841451645
2020-02-28T16:00:00Z,0.1648000031709671
2020-02-28T17:00:00Z,0.1648000031709671
2020-02-28T18:00:00Z,0.1648000031709671
2020-02-28T19:00:00Z,0.33649998903274536
2020-02-28T20:00:00Z,0.33649998903274536
2020-02-28T21:00:00Z,0.33649998903274536
2020-02-28T22:00:00Z,0.14980000257492065
2020-02-28T23:00:00Z,0.14980000257492065
2020-02-29T00:00:00Z,0.14980000257492065
2020-02-29T01:00:00Z,0.004699999932199717
2020-02-29T02:00:00Z,0.004699999932199717
2020-02-29T03:00:00Z,0.004699999932199717
2020-02-29T04:00:00Z,-0.002899999963119626
2020-02-29T05:00:00Z,-0.002899999963119626
2020-02-29T06:00:00Z,-0.002899999963119626
2020-02-29T07:00:00Z,-7.999999797903001e-4
2020-02-29T08:00:00Z,-7.999999797903001e-4
2020-02-29T09:00:00Z,-7.999999797903001e-4
2020-02-29T10:00:00Z,7.999999797903001e-4
2020-02-29T11:00:00Z,7.999999797903001e-4
2020-02-29T12:00:00Z,7.999999797903001e-4
2020-02-29T13:00:00Z,0.039000000804662704
2020-02-29T14:00:00Z,0.039000000804662704
2020-02-29T15:00:00Z,0.039000000804662704
2020-02-29T16:00:00Z,0.11999999731779099
2020-02-29T17:00:00Z,0.11999999731779099
2020-02-29T18:00:00Z,0.11999999731779099
2020-02-29T19:00:00Z,0.3564999997615814
2020-02-29T20:00:00Z,0.3564999997615814
2020-02-29T21:00:00Z,0.3564999997615814
2020-02-29T22:00:00Z,0.14090000092983246
2020-02-29T23:00:00Z,0.14090000092983246
2020-03-01T00:00:00Z,0.14090000092983246
2020-03-01T01:00:00Z,-0.0058999997563660145
2020-03-01T02:00:00Z,-0.0058999997563660145
2020-03-01T03:00:00Z,-0.0058999997563660145
2020-03-01T04:00:00Z,-0.010799999348819256
2020-03-01T05:00:00Z,-0.010799999348819256
2020-03-01T06:00:00Z,-0.010799999348819256
2020-03-01T07:00:00Z,-0.0072999997064471245
2020-03-01T08:00:00Z,-0.0072999997064471245
2020-03-01T09:00:00Z,-0.0072999997064471245
2020-03-01T10:00:00Z,9.999999310821295e-4
2020-03-01T11:00:00Z,9.999999310821295e-4
2020-03-01T12:00:00Z,9.999999310821295e-4
2020-03-01T13:00:00Z,0.05049999803304672
2020-03-01T14:00:00Z,0.05049999803304672
2020-03-01T15:00:00Z,0.05049999803304672
2020-03-01T16:00:00Z,0.29739999771118164
2020-03-01T17:00:00Z,0.29739999771118164
2020-03-01T18:00:00Z,0.29739999771118164
2020-03-01T19:00:00Z,0.41119998693466187
2020-03-01T20:00:00Z,0.41119998693466187
2020-03-01T21:00:00Z,0.41119998693466187
2020-03-01T22:00:00Z,0.16839998960494995
2020-03-01T23:00:00Z,0.16839998960494995
2020-03-02T00:00:00Z,0.16839998960494995
2020-03-02T01:00:00Z,-0.008299999870359898
2020-03-02T02:00:00Z,-0.008299999870359898
2020-03-02T03:00:00Z,-0.008299999870359898
2020-03-02T04:00:00Z,-0.012299999594688416
2020-03-02T05:00:00Z,-0.012299999594688416
2020-03-02T06:00:00Z,-0.012299999594688416
2020-03-02T07:00:00Z,0.0031999999191612005
2020-03-02T08:00:00Z,0.0031999999191612005
2020-03-02T09:00:00Z,0.0031999999191612005
2020-03-02T10:00:00Z,0.012399999424815178
2020-03-02T11:00:00Z,0.012399999424815178
2020-03-02T12:00:00Z,0.012399999424815178
2020-03-02T13:00:00Z,0.05979999899864197
2020-03-02T14:00:00Z,0.05979999899864197
2020-03-02T15:00:00Z,0.05979999899864197
2020-03-02T16:00:00Z,0.26350000500679016
2020-03-02T17:00:00Z,0.26350000500679016
2020-03-02T18:00:00Z,0.26350000500679016
2020-03-02T19:00:00Z,0.29089999198913574
2020-03-02T20:00:00Z,0.29089999198913574
2020-03-02T21:00:00Z,0.29089999198913574
2020-03-02T22:00:00Z,0.15459999442100525
2020-03-02T23:00:00Z,0.15459999442100525
2020-03-03T00:00:00Z,0.15459999442100525
2020-03-03T01:00:00Z,6.99999975040555e-4
2020-03-03T02:00:00Z,6.99999975040555e-4
2020-03-03T03:00:00Z,6.99999975040555e-4
2020-03-03T04:00:00Z,-0.006899999920278788
2020-03-03T05:00:00Z,-0.006899999920278788
2020-03-03T06:00:00Z,-0.006899999920278788
2020-03-03T07:00:00Z,-0.012600000016391277
2020-03-03T08:00:00Z,-0.012600000016391277
2020-03-03T09:00:00Z,-0.012600000016391277
2020-03-03T10:00:00Z,-0.009399999864399433
2020-03-03T11:00:00Z,-0.009399999864399433
2020-03-03T12:00:00Z,-0.009399999864399433
2020-03-03T13:00:00Z,0.0510999970138073
2020-03-03T14:00:00Z,0.0510999970138073
2020-03-03T15:00:00Z,0.0510999970138073
2020-03-03T16:00:00Z,0.3255999684333801
2020-03-03T17:00:00Z,0.3255999684333801
2020-03-03T18:00:00Z,0.3255999684333801
2020-03-03T19:00:00Z,0.5101999640464783
2020-03-03T20:00:00Z,0.5101999640464783
2020-03-03T21:00:00Z,0.5101999640464783
2020-03-03T22:00:00Z,0.2410999983549118
2020-03-03T23:00:00Z,0.2410999983549118
2020-03-04T00:00:00Z,0.2410999983549118
2020-03-04T01:00:00Z,0.010599999688565731
2020-03-04T02:00:00Z,0.010599999688565731
2020-03-04T03:00:00Z,0.010599999688565731
2020-03-04T04:00:00Z,0.022099999710917473
2020-03-04T05:00:00Z,0.022099999710917473
2020-03-04T06:00:00Z,0.022099999710917473
2020-03-04T07:00:00Z,0.02759999968111515
2020-03-04T08:00:00Z,0.02759999968111515
2020-03-04T09:00:00Z,0.02759999968111515
2020-03-04T10:00:00Z,0.00279999990016222
2020-03-04T11:00:00Z,0.00279999990016222
2020-03-04T12:00:00Z,0.00279999990016222
2020-03-04T13:00:00Z,0.05089999735355377
2020-03-04T14:00:00Z,0.05089999735355377
2020-03-04T15:00:00Z,0.05089999735355377
2020-03-04T16:00:00Z,0.2883000075817108
2020-03-04T17:00:00Z,0.2883000075817108
2020-03-04T18:00:00Z,0.2883000075817108
2020-03-04T19:00:00Z,0.43779999017715454
2020-03-04T20:00:00Z,0.43779999017715454
2020-03-04T21:00:00Z,0.43779999017715454
2020-03-04T22:00:00Z,0.19509999454021454
2020-03-04T23:00:00Z,0.19509999454021454
2020-03-05T00:00:00Z,0.19509999454021454
2020-03-05T01:00:00Z,0.007899999618530273
2020-03-05T02:00:00Z,0.007899999618530273
2020-03-05T03:00:00Z,0.007899999618530273
2020-03-05T04:00:00Z,0.002899999963119626
2020-03-05T05:00:00Z,0.002899999963119626
2020-03-05T06:00:00Z,0.002899999963119626
2020-03-05T07:00:00Z,-0.002699999837204814
2020-03-05T08:00:00Z,-0.002699999837204814
2020-03-05T09:00:00Z,-0.002699999837204814
2020-03-05T10:00:00Z,3.9999998989515007e-4
2020-03-05T11:00:00Z,3.9999998989515007e-4
2020-03-05T12:00:00Z,3.9999998989515007e-4
2020-03-05T13:00:00Z,0.06679999828338623
2020-03-05T14:00:00Z,0.06679999828338623
2020-03-05T15:00:00Z,0.06679999828338623
2020-03-05T16:00:00Z,0.37610000371932983
2020-03-05T17:00:00Z,0.37610000371932983
2020-03-05T18:00:00Z,0.37610000371932983
2020-03-05T19:00:00Z,0.5845000147819519
2020-03-05T20:00:00Z,0.5845000147819519
2020-03-05T21:00:00Z,0.5845000147819519
2020-03-05T22:00:00Z,0.3375000059604645
2020-03-05T23:00:00Z,0.3375000059604645
2020-03-06T00:00:00Z,0.3375000059604645
2020-03-06T01:00:00Z,0.10499999672174454
2020-03-06T02:00:00Z,0.10499999672174454
2020-03-06T03:00:00Z,0.10499999672174454
2020-03-06T04:00:00Z,0.07859999686479568
2020-03-06T05:00:00Z,0.07859999686479568
2020-03-06T06:00:00Z,0.07859999686479568
2020-03-06T07:00:00Z,0.032899998128414154
2020-03-06T08:00:00Z,0.032899998128414154
2020-03-06T09:00:00Z,0.032899998128414154
2020-03-06T10:00:00Z,0.002899999963119626
2020-03-06T11:00:00Z,0.002899999963119626
2020-03-06T12:00:00Z,0.002899999963119626
2020-03-06T13:00:00Z,0.06870000064373016
2020-03-06T14:00:00Z,0.06870000064373016
2020-03-06T15:00:00Z,0.06870000064373016
2020-03-06T16:00:00Z,0.29899999499320984
2020-03-06T17:00:00Z,0.29899999499320984
2020-03-06T18:00:00Z,0.29899999499320984
2020-03-06T19:00:00Z,0.40070000290870667
2020-03-06T20:00:00Z,0.40070000290870667
2020-03-06T21:00:00Z,0.40070000290870667
2020-03-06T22:00:00Z,0.1784999966621399
2020-03-06T23:00:00Z,0.1784999966621399
2020-03-07T00:00:00Z,0.1784999966621399
2020-03-07T01:00:00Z,0.008599999360740185
2020-03-07T02:00:00Z,0.008599999360740185
2020-03-07T03:00:00Z,0.008599999360740185
2020-03-07T04:00:00Z,0.010099999606609344
2020-03-07T05:00:00Z,0.010099999606609344
2020-03-07T06:00:00Z,0.010099999606609344
2020-03-07T07:00:00Z,0.010499999858438969
2020-03-07T08:00:00Z,0.010499999858438969
2020-03-07T09:00:00Z,0.010499999858438969
2020-03-07T10:00:00Z,0.014099999330937862
2020-03-07T11:00:00Z,0.014099999330937862
2020-03-07T12:00:00Z,0.014099999330937862
2020-03-07T13:00:00Z,0.09539999812841415
2020-03-07T14:00:00Z,0.09539999812841415
2020-03-07T15:00:00Z,0.09539999812841415
2020-03-07T16:00:00Z,0.385699987411499
2020-03-07T17:00:00Z,0.385699987411499
2020-03-07T18:00:00Z,0.385699987411499
2020-03-07T19:00:00Z,0.48420000076293945
2020-03-07T20:00:00Z,0.48420000076293945
2020-03-07T21:00:00Z,0.48420000076293945
2020-03-07T22:00:00Z,0.2465999871492386
2020-03-07T23:00:00Z,0.2465999871492386
2020-03-08T00:00:00Z,0.2465999871492386
2020-03-08T01:00:00Z,0.01719999872148037
2020-03-08T02:00:00Z,0.01719999872148037
2020-03-08T03:00:00Z,0.01719999872148037
2020-03-08T04:00:00Z,0.011599999852478504
2020-03-08T05:00:00Z,0.011599999852478504
2020-03-08T06:00:00Z,0.011599999852478504
2020-03-08T07:00:00Z,7.999999797903001e-4
2020-03-08T08:00:00Z,7.999999797903001e-4
2020-03-08T09:00:00Z,7.999999797903001e-4
2020-03-08T10:00:00Z,-5.999999702908099e-4
2020-03-08T11:00:00Z,-5.999999702908099e-4
2020-03-08T12:00:00Z,-5.999999702908099e-4
2020-03-08T13:00:00Z,0.08169999718666077
2020-03-08T14:00:00Z,0.08169999718666077
2020-03-08T15:00:00Z,0.08169999718666077
2020-03-08T16:00:00Z,0.4253999888896942
2020-03-08T17:00:00Z,0.4253999888896942
2020-03-08T18:00:00Z,0.4253999888896942
2020-03-08T19:00:00Z,0.6040999889373779
2020-03-08T20:00:00Z,0.6040999889373779
2020-03-08T21:00:00Z,0.6040999889373779
2020-03-08T22:00:00Z,0.3726999759674072
2020-03-08T23:00:00Z,0.3726999759674072
2020-03-09T00:00:00Z,0.3726999759674072
2020-03-09T01:00:00Z,0.07919999957084656
2020-03-09T02:00:00Z,0.07919999957084656
2020-03-09T03:00:00Z,0.07919999957084656
2020-03-09T04:00:00Z,0.04969999939203262
2020-03-09T05:00:00Z,0.04969999939203262
2020-03-09T06:00:00Z,0.04969999939203262
2020-03-09T07:00:00Z,0.02850000001490116
2020-03-09T08:00:00Z,0.02850000001490116
2020-03-09T09:00:00Z,0.02850000001490116
2020-03-09T10:00:00Z,0.013899999670684338
2020-03-09T11:00:00Z,0.013899999670684338
2020-03-09T12:00:00Z,0.013899999670684338
2020-03-09T13:00:00Z,0.03240000084042549
2020-03-09T14:00:00Z,0.03240000084042549
2020-03-09T15:00:00Z,0.03240000084042549
2020-03-09T16:00:00Z,0.09510000050067902
2020-03-09T17:00:00Z,0.09510000050067902
2020-03-09T18:00:00Z,0.09510000050067902
2020-03-09T19:00:00Z,0.09070000052452087
2020-03-09T20:00:00Z,0.09070000052452087
2020-03-09T21:00:00Z,0.09070000052452087
2020-03-09T22:00:00Z,0.04010000079870224
2020-03-09T23:00:00Z,0.04010000079870224
2020-03-10T00:00:00Z,0.04010000079870224
2020-03-10T01:00:00Z,0.002099999925121665
2020-03-10T02:00:00Z,0.002099999925121665
2020-03-10T03:00:00Z,0.002099999925121665
2020-03-10T04:00:00Z,0.03610000014305115
2020-03-10T05:00:00Z,0.03610000014305115
2020-03-10T06:00:00Z,0.03610000014305115
2020-03-10T07:00:00Z,0.03350000083446503
2020-03-10T08:00:00Z,0.03350000083446503
2020-03-10T09:00:00Z,0.03350000083446503
2020-03-10T10:00:00Z,0.004399999976158142
2020-03-10T11:00:00Z,0.004399999976158142
2020-03-10T12:00:00Z,0.004399999976158142
2020-03-10T13:00:00Z,0.06159999966621399
2020-03-10T14:00:00Z,0.06159999966621399
2020-03-10T15:00:00Z,0.06159999966621399
2020-03-10T16:00:00Z,0.28019997477531433
2020-03-10T17:00:00Z,0.28019997477531433
2020-03-10T18:00:00Z,0.28019997477531433
2020-03-10T19:00:00Z,0.3506999909877777
2020-03-10T20:00:00Z,0.3506999909877777
2020-03-10T21:00:00Z,0.3506999909877777
2020-03-10T22:00:00Z,0.1850999891757965
2020-03-10T23:00:00Z,0.1850999891757965
2020-03-11T00:00:00Z,0.1850999891757965
2020-03-11T01:00:00Z,0.008999999612569809
2020-03-11T02:00:00Z,0.008999999612569809
2020-03-11T03:00:00Z,0.008999999612569809
2020-03-11T04:00:00Z,0.002099999925121665
2020-03-11T05:00:00Z,0.002099999925121665
2020-03-11T06:00:00Z,0.002099999925121665
2020-03-11T07:00:00Z,2.9999998514540493e-4
2020-03-11T08:00:00Z,2.9999998514540493e-4
2020-03-11T09:00:00Z,2.9999998514540493e-4
2020-03-11T10:00:00Z,-0.008899999782443047
2020-03-11T11:00:00Z,-0.008899999782443047
2020-03-11T12:00:00Z,-0.008899999782443047
2020-03-11T13:00:00Z,0.03790000081062317
2020-03-11T14:00:00Z,0.03790000081062317
2020-03-11T15:00:00Z,0.03790000081062317
2020-03-11T16:00:00Z,0.30489999055862427
2020-03-11T17:00:00Z,0.30489999055862427
2020-03-11T18:00:00Z,0.30489999055862427
2020-03-11T19:00:00Z,0.44419997930526733
2020-03-11T20:00:00Z,0.44419997930526733
2020-03-11T21:00:00Z,0.44419997930526733
2020-03-11T22:00:00Z,0.20419999957084656
2020-03-11T23:00:00Z,0.20419999957084656
2020-03-12T00:00:00Z,0.20419999957084656
2020-03-12T01:00:00Z,0.00139999995008111
2020-03-12T02:00:00Z,0.00139999995008111
2020-03-12T03:00:00Z,0.00139999995008111
2020-03-12T04:00:00Z,-0.008499999530613422
2020-03-12T05:00:00Z,-0.008499999530613422
2020-03-12T06:00:00Z,-0.008499999530613422
2020-03-12T07:00:00Z,-0.0139999995008111
2020-03-12T08:00:00Z,-0.0139999995008111
2020-03-12T09:00:00Z,-0.0139999995008111
2020-03-12T10:00:00Z,-0.013399999588727951
2020-03-12T11:00:00Z,-0.013399999588727951
2020-03-12T12:00:00Z,-0.013399999588727951
2020-03-12T13:00:00Z,0.030899999663233757
2020-03-12T14:00:00Z,0.030899999663233757
2020-03-12T15:00:00Z,0.030899999663233757
2020-03-12T16:00:00Z,0.19290000200271606
2020-03-12T17:00:00Z,0.19290000200271606
2020-03-12T18:00:00Z,0.19290000200271606
2020-03-12T19:00:00Z,0.26589998602867126
2020-03-12T20:00:00Z,0.26589998602867126
2020-03-12T21:00:00Z,0.26589998602867126
2020-03-12T22:00:00Z,0.18779999017715454
2020-03-12T23:00:00Z,0.18779999017715454
2020-03-13T00:00:00Z,0.18779999017715454
2020-03-13T01:00:00Z,0.022699998691678047
2020-03-13T02:00:00Z,0.022699998691678047
2020-03-13T03:00:00Z,0.022699998691678047
2020-03-13T04:00:00Z,0.05949999764561653
2020-03-13T05:00:00Z,0.05949999764561653
2020-03-13T06:00:00Z,0.05949999764561653
2020-03-13T07:00:00Z,0.03629999980330467
2020-03-13T08:00:00Z,0.03629999980330467
2020-03-13T09:00:00Z,0.03629999980330467
2020-03-13T10:00:00Z,0.008700000122189522
2020-03-13T11:00:00Z,0.008700000122189522
2020-03-13T12:00:00Z,0.008700000122189522
2020-03-13T13:00:00Z,0.08379999548196793
2020-03-13T14:00:00Z,0.08379999548196793
2020-03-13T15:00:00Z,0.08379999548196793
2020-03-13T16:00:00Z,0.3335999846458435
2020-03-13T17:00:00Z,0.3335999846458435
2020-03-13T18:00:00Z,0.3335999846458435
2020-03-13T19:00:00Z,0.37700000405311584
2020-03-13T20:00:00Z,0.37700000405311584
2020-03-13T21:00:00Z,0.37700000405311584
2020-03-13T22:00:00Z,0.23979999125003815
2020-03-13T23:00:00Z,0.23979999125003815
2020-03-14T00:00:00Z,0.23979999125003815
2020-03-14T01:00:00Z,0.06309999525547028
2020-03-14T02:00:00Z,0.06309999525547028
2020-03-14T03:00:00Z,0.06309999525547028
2020-03-14T04:00:00Z,0.0810999944806099
2020-03-14T05:00:00Z,0.0810999944806099
2020-03-14T06:00:00Z,0.0810999944806099
2020-03-14T07:00:00Z,0.06340000033378601
2020-03-14T08:00:00Z,0.06340000033378601
2020-03-14T09:00:00Z,0.06340000033378601
2020-03-14T10:00:00Z,0.07189999520778656
2020-03-14T11:00:00Z,0.07189999520778656
2020-03-14T12:00:00Z,0.07189999520778656
2020-03-14T13:00:00Z,0.06659999489784241
2020-03-14T14:00:00Z,0.06659999489784241
2020-03-14T15:00:00Z,0.06659999489784241
2020-03-14T16:00:00Z,0.0973999947309494
2020-03-14T17:00:00Z,0.0973999947309494
2020-03-14T18:00:00Z,0.0973999947309494
2020-03-14T19:00:00Z,0.09759999811649323
2020-03-14T20:00:00Z,0.09759999811649323
2020-03-14T21:00:00Z,0.09759999811649323
2020-03-14T22:00:00Z,0.07609999924898148
2020-03-14T23:00:00Z,0.07609999924898148
2020-03-15T00:00:00Z,0.07609999924898148
2020-03-15T01:00:00Z,0.013399999588727951
2020-03-15T02:00:00Z,0.013399999588727951
2020-03-15T03:00:00Z,0.013399999588727951
2020-03-15T04:00:00Z,0.008899999782443047
2020-03-15T05:00:00Z,0.008899999782443047
2020-03-15T06:00:00Z,0.008899999782443047
2020-03-15T07:00:00Z,0.007400000002235174
2020-03-15T08:00:00Z,0.007400000002235174
2020-03-15T09:00:00Z,0.007400000002235174
2020-03-15T10:00:00Z,0.006399999838322401
2020-03-15T11:00:00Z,0.006399999838322401
2020-03-15T12:00:00Z,0.006399999838322401
2020-03-15T13:00:00Z,0.07019999623298645
2020-03-15T14:00:00Z,0.07019999623298645
2020-03-15T15:00:00Z,0.07019999623298645
2020-03-15T16:00:00Z,0.29909998178482056
2020-03-15T17:00:00Z,0.29909998178482056
2020-03-15T18:00:00Z,0.29909998178482056
2020-03-15T19:00:00Z,0.39469999074935913
2020-03-15T20:00:00Z,0.39469999074935913
2020-03-15T21:00:00Z,0.39469999074935913
2020-03-15T22:00:00Z,0.21139998733997345
2020-03-15T23:00:00Z,0.21139998733997345
2020-03-16T00:00:00Z,0.21139998733997345
2020-03-16T01:00:00Z,0.023899998515844345
2020-03-16T02:00:00Z,0.023899998515844345
2020-03-16T03:00:00Z,0.023899998515844345
2020-03-16T04:00:00Z,0.01679999940097332
2020-03-16T05:00:00Z,0.01679999940097332
2020-03-16T06:00:00Z,0.01679999940097332
2020-03-16T07:00:00Z,0.016499999910593033
2020-03-16T08:00:00Z,0.016499999910593033
2020-03-16T09:00:00Z,0.016499999910593033
2020-03-16T10:00:00Z,0.012999999336898327
2020-03-16T11:00:00Z,0.012999999336898327
2020-03-16T12:00:00Z,0.012999999336898327
2020-03-16T13:00:00Z,0.030499998480081558
2020-03-16T14:00:00Z,0.030499998480081558
2020-03-16T15:00:00Z,0.030499998480081558
2020-03-16T16:00:00Z,0.07859999686479568
2020-03-16T17:00:00Z,0.07859999686479568
2020-03-16T18:00:00Z,0.07859999686479568
2020-03-16T19:00:00Z,0.15449999272823334
2020-03-16T20:00:00Z,0.15449999272823334
2020-03-16T21:00:00Z,0.15449999272823334
2020-03-16T22:00:00Z,0.09279999881982803
2020-03-16T23:00:00Z,0.09279999881982803
2020-03-17T00:00:00Z,0.09279999881982803
2020-03-17T01:00:00Z,-0.0020000014919787645
2020-03-17T02:00:00Z,-0.0020000014919787645
2020-03-17T03:00:00Z,-0.0020000014919787645
2020-03-17T04:00:00Z,-0.00989999994635582
2020-03-17T05:00:00Z,-0.00989999994635582
2020-03-17T06:00:00Z,-0.00989999994635582
2020-03-17T07:00:00Z,-0.02159999869763851
2020-03-17T08:00:00Z,-0.02159999869763851
2020-03-17T09:00:00Z,-0.02159999869763851
2020-03-17T10:00:00Z,-0.016599999740719795
2020-03-17T11:00:00Z,-0.016599999740719795
2020-03-17T12:00:00Z,-0.016599999740719795
2020-03-17T13:00:00Z,0.07409999519586563
2020-03-17T14:00:00Z,0.07409999519586563
2020-03-17T15:00:00Z,0.07409999519586563
2020-03-17T16:00:00Z,0.37529999017715454
2020-03-17T17:00:00Z,0.37529999017715454
2020-03-17T18:00:00Z,0.37529999017715454
2020-03-17T19:00:00Z,0.47020000219345093
2020-03-17T20:00:00Z,0.47020000219345093
2020-03-17T21:00:00Z,0.47020000219345093
2020-03-17T22:00:00Z,0.2708999812602997
2020-03-17T23:00:00Z,0.2708999812602997
2020-03-18T00:00:00Z,0.2708999812602997
2020-03-18T01:00:00Z,0.011899999342858791
2020-03-18T02:00:00Z,0.011899999342858791
2020-03-18T03:00:00Z,0.011899999342858791
2020-03-18T04:00:00Z,0.009999999776482582
2020-03-18T05:00:00Z,0.009999999776482582
2020-03-18T06:00:00Z,0.009999999776482582
2020-03-18T07:00:00Z,0.006799999624490738
2020-03-18T08:00:00Z,0.006799999624490738
2020-03-18T09:00:00Z,0.006799999624490738
2020-03-18T10:00:00Z,-0.0030999998562037945
2020-03-18T11:00:00Z,-0.0030999998562037945
2020-03-18T12:00:00Z,-0.0030999998562037945
2020-03-18T13:00:00Z,0.02199999988079071
2020-03-18T14:00:00Z,0.02199999988079071
2020-03-18T15:00:00Z,0.02199999988079071
2020-03-18T16:00:00Z,0.06159999966621399
2020-03-18T17:00:00Z,0.06159999966621399
2020-03-18T18:00:00Z,0.06159999966621399
2020-03-18T19:00:00Z,0.10659999400377274
2020-03-18T20:00:00Z,0.10659999400377274
2020-03-18T21:00:00Z,0.10659999400377274
2020-03-18T22:00:00Z,0.12049999833106995
2020-03-18T23:00:00Z,0.12049999833106995
2020-03-19T00:00:00Z,0.12049999833106995
2020-03-19T01:00:00Z,-0.026899999007582664
2020-03-19T02:00:00Z,-0.026899999007582664
2020-03-19T03:00:00Z,-0.026899999007582664
2020-03-19T04:00:00Z,-0.02419999986886978
2020-03-19T05:00:00Z,-0.02419999986886978
2020-03-19T06:00:00Z,-0.02419999986886978
2020-03-19T07:00:00Z,-0.006599999964237213
2020-03-19T08:00:00Z,-0.006599999964237213
2020-03-19T09:00:00Z,-0.006599999964237213
2020-03-19T10:00:00Z,-0.020099999383091927
2020-03-19T11:00:00Z,-0.020099999383091927
2020-03-19T12:00:00Z,-0.020099999383091927
2020-03-19T13:00:00Z,0.031300000846385956
2020-03-19T14:00:00Z,0.031300000846385956
2020-03-19T15:00:00Z,0.031300000846385956
2020-03-19T16:00:00Z,0.19759999215602875
2020-03-19T17:00:00Z,0.19759999215602875
2020-03-19T18:00:00Z,0.19759999215602875
2020-03-19T19:00:00Z,0.5394999980926514
2020-03-19T20:00:00Z,0.5394999980926514
2020-03-19T21:00:00Z,0.5394999980926514
2020-03-19T22:00:00Z,0.3133999705314636
2020-03-19T23:00:00Z,0.3133999705314636
2020-03-20T00:00:00Z,0.3133999705314636
2020-03-20T01:00:00Z,0
2020-03-20T02:00:00Z,0
2020-03-20T03:00:00Z,0
2020-03-20T04:00:00Z,-0.02199999988079071
2020-03-20T05:00:00Z,-0.02199999988079071
2020-03-20T06:00:00Z,-0.02199999988079071
2020-03-20T07:00:00Z,0.026399999856948853
2020-03-20T08:00:00Z,0.026399999856948853
2020-03-20T09:00:00Z,0.026399999856948853
2020-03-20T10:00:00Z,0.09879999607801437
2020-03-20T11:00:00Z,0.09879999607801437
2020-03-20T12:00:00Z,0.09879999607801437
2020-03-20T13:00:00Z,0.1225999966263771
2020-03-20T14:00:00Z,0.1225999966263771
2020-03-20T15:00:00Z,0.1225999966263771
2020-03-20T16:00:00Z,0.3604999780654907
2020-03-20T17:00:00Z,0.3604999780654907
2020-03-20T18:00:00Z,0.3604999780654907
2020-03-20T19:00:00Z,0.46799999475479126
2020-03-20T20:00:00Z,0.46799999475479126
2020-03-20T21:00:00Z,0.46799999475479126
2020-03-20T22:00:00Z,0.2791999876499176
2020-03-20T23:00:00Z,0.2791999876499176
2020-03-21T00:00:00Z,0.2791999876499176
2020-03-21T01:00:00Z,0.09779999405145645
2020-03-21T02:00:00Z,0.09779999405145645
2020-03-21T03:00:00Z,0.09779999405145645
2020-03-21T04:00:00Z,0.07199999690055847
2020-03-21T05:00:00Z,0.07199999690055847
2020-03-21T06:00:00Z,0.07199999690055847
2020-03-21T07:00:00Z,0.05819999799132347
2020-03-21T08:00:00Z,0.05819999799132347
2020-03-21T09:00:00Z,0.05819999799132347
2020-03-21T10:00:00Z,0.037299998104572296
2020-03-21T11:00:00Z,0.037299998104572296
2020-03-21T12:00:00Z,0.037299998104572296
2020-03-21T13:00:00Z,0.11189999431371689
2020-03-21T14:00:00Z,0.11189999431371689
2020-03-21T15:00:00Z,0.11189999431371689
2020-03-21T16:00:00Z,0.31129997968673706
2020-03-21T17:00:00Z,0.31129997968673706
2020-03-21T18:00:00Z,0.31129997968673706
2020-03-21T19:00:00Z,0.3666999936103821
2020-03-21T20:00:00Z,0.3666999936103821
2020-03-21T21:00:00Z,0.3666999936103821
2020-03-21T22:00:00Z,0.22699999809265137
2020-03-21T23:00:00Z,0.22699999809265137
2020-03-22T00:00:00Z,0.22699999809265137
2020-03-22T01:00:00Z,0.04019999876618385
2020-03-22T02:00:00Z,0.04019999876618385
2020-03-22T03:00:00Z,0.04019999876618385
2020-03-22T04:00:00Z,0.0142000000923872
2020-03-22T05:00:00Z,0.0142000000923872
2020-03-22T06:00:00Z,0.0142000000923872
2020-03-22T07:00:00Z,0.006899999920278788
2020-03-22T08:00:00Z,0.006899999920278788
2020-03-22T09:00:00Z,0.006899999920278788
2020-03-22T10:00:00Z,0.007699999958276749
2020-03-22T11:00:00Z,0.007699999958276749
2020-03-22T12:00:00Z,0.007699999958276749
2020-03-22T13:00:00Z,0.06439999490976334
2020-03-22T14:00:00Z,0.06439999490976334
2020-03-22T15:00:00Z,0.06439999490976334
2020-03-22T16:00:00Z,0.0819999948143959
2020-03-22T17:00:00Z,0.0819999948143959
2020-03-22T18:00:00Z,0.0819999948143959
2020-03-22T19:00:00Z,0.06549999862909317
2020-03-22T20:00:00Z,0.06549999862909317
2020-03-22T21:00:00Z,0.06549999862909317
2020-03-22T22:00:00Z,0.03879999741911888
2020-03-22T23:00:00Z,0.03879999741911888
2020-03-23T00:00:00Z,0.03879999741911888
2020-03-23T01:00:00Z,0.007899999618530273
2020-03-23T02:00:00Z,0.007899999618530273
2020-03-23T03:00:00Z,0.007899999618530273
2020-03-23T04:00:00Z,0.005799999926239252
2020-03-23T05:00:00Z,0.005799999926239252
2020-03-23T06:00:00Z,0.005799999926239252
2020-03-23T07:00:00Z,-0.0016999999061226845
2020-03-23T08:00:00Z,-0.0016999999061226845
2020-03-23T09:00:00Z,-0.0016999999061226845
2020-03-23T10:00:00Z,-0.010599999688565731
2020-03-23T11:00:00Z,-0.010599999688565731
2020-03-23T12:00:00Z,-0.010599999688565731
2020-03-23T13:00:00Z,0.06629999727010727
2020-03-23T14:00:00Z,0.06629999727010727
2020-03-23T15:00:00Z,0.06629999727010727
2020-03-23T16:00:00Z,0.3449999988079071
2020-03-23T17:00:00Z,0.3449999988079071
2020-03-23T18:00:00Z,0.3449999988079071
2020-03-23T19:00:00Z,0.4553999900817871
2020-03-23T20:00:00Z,0.4553999900817871
2020-03-23T21:00:00Z,0.4553999900817871
2020-03-23T22:00:00Z,0.24629999697208405
2020-03-23T23:00:00Z,0.24629999697208405
2020-03-24T00:00:00Z,0.24629999697208405
2020-03-24T01:00:00Z,0.010400000028312206
2020-03-24T02:00:00Z,0.010400000028312206
2020-03-24T03:00:00Z,0.010400000028312206
2020-03-24T04:00:00Z,0.00930000003427267
2020-03-24T05:00:00Z,0.00930000003427267
2020-03-24T06:00:00Z,0.00930000003427267
2020-03-24T07:00:00Z,0.0026000000070780516
2020-03-24T08:00:00Z,0.0026000000070780516
2020-03-24T09:00:00Z,0.0026000000070780516
2020-03-24T10:00:00Z,-0.011399999260902405
2020-03-24T11:00:00Z,-0.011399999260902405
2020-03-24T12:00:00Z,-0.011399999260902405
2020-03-24T13:00:00Z,0.07609999924898148
2020-03-24T14:00:00Z,0.07609999924898148
2020-03-24T15:00:00Z,0.07609999924898148
2020-03-24T16:00:00Z,0.2590999901294708
2020-03-24T17:00:00Z,0.2590999901294708
2020-03-24T18:00:00Z,0.2590999901294708
2020-03-24T19:00:00Z,0.25360000133514404
2020-03-24T20:00:00Z,0.25360000133514404
2020-03-24T21:00:00Z,0.25360000133514404
2020-03-24T22:00:00Z,0.16210000216960907
2020-03-24T23:00:00Z,0.16210000216960907
2020-03-25T00:00:00Z,0.16210000216960907
2020-03-25T01:00:00Z,0.012799999676644802
2020-03-25T02:00:00Z,0.012799999676644802
2020-03-25T03:00:00Z,0.012799999676644802
2020-03-25T04:00:00Z,-0.0011999999405816197
2020-03-25T05:00:00Z,-0.0011999999405816197
2020-03-25T06:00:00Z,-0.0011999999405816197
2020-03-25T07:00:00Z,-0.007999999448657036
2020-03-25T08:00:00Z,-0.007999999448657036
2020-03-25T09:00:00Z,-0.007999999448657036
2020-03-25T10:00:00Z,-0.020499998703598976
2020-03-25T11:00:00Z,-0.020499998703598976
2020-03-25T12:00:00Z,-0.020499998703598976
2020-03-25T13:00:00Z,0.08129999786615372
2020-03-25T14:00:00Z,0.08129999786615372
2020-03-25T15:00:00Z,0.08129999786615372
2020-03-25T16:00:00Z,0.41259998083114624
2020-03-25T17:00:00Z,0.41259998083114624
2020-03-25T18:00:00Z,0.41259998083114624
2020-03-25T19:00:00Z,0.5885999798774719
2020-03-25T20:00:00Z,0.5885999798774719
2020-03-25T21:00:00Z,0.5885999798774719
2020-03-25T22:00:00Z,0.3343999981880188
2020-03-25T23:00:00Z,0.3343999981880188
2020-03-26T00:00:00Z,0.3343999981880188
2020-03-26T01:00:00Z,0.0066999997943639755
2020-03-26T02:00:00Z,0.0066999997943639755
2020-03-26T03:00:00Z,0.0066999997943639755
2020-03-26T04:00:00Z,-0.010099999606609344
2020-03-26T05:00:00Z,-0.010099999606609344
2020-03-26T06:00:00Z,-0.010099999606609344
2020-03-26T07:00:00Z,-0.0142000000923872
2020-03-26T08:00:00Z,-0.0142000000923872
2020-03-26T09:00:00Z,-0.0142000000923872
2020-03-26T10:00:00Z,-0.016499999910593033
2020-03-26T11:00:00Z,-0.016499999910593033
2020-03-26T12:00:00Z,-0.016499999910593033
2020-03-26T13:00:00Z,0.10989999771118164
2020-03-26T14:00:00Z,0.10989999771118164
2020-03-26T15:00:00Z,0.10989999771118164
2020-03-26T16:00:00Z,0.4136999845504761
2020-03-26T17:00:00Z,0.4136999845504761
2020-03-26T18:00:00Z,0.4136999845504761
2020-03-26T19:00:00Z,0.5151000022888184
2020-03-26T20:00:00Z,0.5151000022888184
2020-03-26T21:00:00Z,0.5151000022888184
2020-03-26T22:00:00Z,0.2595999836921692
2020-03-26T23:00:00Z,0.2595999836921692
2020-03-27T00:00:00Z,0.2595999836921692
2020-03-27T01:00:00Z,0.003499999875202775
2020-03-27T02:00:00Z,0.003499999875202775
2020-03-27T03:00:00Z,0.003499999875202775
2020-03-27T04:00:00Z,0.028599999845027924
2020-03-27T05:00:00Z,0.028599999845027924
2020-03-27T06:00:00Z,0.028599999845027924
2020-03-27T07:00:00Z,0.04659999907016754
2020-03-27T08:00:00Z,0.04659999907016754
2020-03-27T09:00:00Z,0.04659999907016754
2020-03-27T10:00:00Z,0.03449999913573265
2020-03-27T11:00:00Z,0.03449999913573265
2020-03-27T12:00:00Z,0.03449999913573265
2020-03-27T13:00:00Z,0.10779999941587448
2020-03-27T14:00:00Z,0.10779999941587448
2020-03-27T15:00:00Z,0.10779999941587448
2020-03-27T16:00:00Z,0.2572999894618988
2020-03-27T17:00:00Z,0.2572999894618988
2020-03-27T18:00:00Z,0.2572999894618988
2020-03-27T19:00:00Z,0.43639999628067017
2020-03-27T20:00:00Z,0.43639999628067017
2020-03-27T21:00:00Z,0.43639999628067017
2020-03-27T22:00:00Z,0.19529999792575836
2020-03-27T23:00:00Z,0.19529999792575836
2020-03-28T00:00:00Z,0.19529999792575836
2020-03-28T01:00:00Z,-0.005200000014156103
2020-03-28T02:00:00Z,-0.005200000014156103
2020-03-28T03:00:00Z,-0.005200000014156103
2020-03-28T04:00:00Z,-0.01489999983459711
2020-03-28T05:00:00Z,-0.01489999983459711
2020-03-28T06:00:00Z,-0.01489999983459711
2020-03-28T07:00:00Z,-0.01269999984651804
2020-03-28T08:00:00Z,-0.01269999984651804
2020-03-28T09:00:00Z,-0.01269999984651804
2020-03-28T10:00:00Z,-0.0284000001847744
2020-03-28T11:00:00Z,-0.0284000001847744
2020-03-28T12:00:00Z,-0.0284000001847744
2020-03-28T13:00:00Z,0.07159999758005142
2020-03-28T14:00:00Z,0.07159999758005142
2020-03-28T15:00:00Z,0.07159999758005142
2020-03-28T16:00:00Z,0.3756999969482422
2020-03-28T17:00:00Z,0.3756999969482422
2020-03-28T18:00:00Z,0.3756999969482422
2020-03-28T19:00:00Z,0.711899995803833
2020-03-28T20:00:00Z,0.711899995803833
2020-03-28T21:00:00Z,0.711899995803833
2020-03-28T22:00:00Z,0.5579999685287476
2020-03-28T23:00:00Z,0.5579999685287476
2020-03-29T00:00:00Z,0.5579999685287476
2020-03-29T01:00:00Z,0.1387999951839447
2020-03-29T02:00:00Z,0.1387999951839447
2020-03-29T03:00:00Z,0.1387999951839447
2020-03-29T04:00:00Z,0.09380000084638596
2020-03-29T05:00:00Z,0.09380000084638596
2020-03-29T06:00:00Z,0.09380000084638596
2020-03-29T07:00:00Z,0.10089999437332153
2020-03-29T08:00:00Z,0.10089999437332153
2020-03-29T09:00:00Z,0.10089999437332153
2020-03-29T10:00:00Z,0.1224999949336052
2020-03-29T11:00:00Z,0.1224999949336052
2020-03-29T12:00:00Z,0.1224999949336052
2020-03-29T13:00:00Z,0.24929998815059662
2020-03-29T14:00:00Z,0.24929998815059662
2020-03-29T15:00:00Z,0.24929998815059662
2020-03-29T16:00:00Z,0.6222999691963196
2020-03-29T17:00:00Z,0.6222999691963196
2020-03-29T18:00:00Z,0.6222999691963196
2020-03-29T19:00:00Z,0.7882999777793884
2020-03-29T20:00:00Z,0.7882999777793884
2020-03-29T21:00:00Z,0.7882999777793884
2020-03-29T22:00:00Z,0.4724999964237213
2020-03-29T23:00:00Z,0.4724999964237213
2020-03-30T00:00:00Z,0.4724999964237213
2020-03-30T01:00:00Z,0.030799999833106995
2020-03-30T02:00:00Z,0.030799999833106995
2020-03-30T03:00:00Z,0.030799999833106995
2020-03-30T04:00:00Z,0.008999999612569809
2020-03-30T05:00:00Z,0.008999999612569809
2020-03-30T06:00:00Z,0.008999999612569809
2020-03-30T07:00:00Z,9.999999747378752e-5
2020-03-30T08:00:00Z,9.999999747378752e-5
2020-03-30T09:00:00Z,9.999999747378752e-5
2020-03-30T10:00:00Z,-0.004799999762326479
2020-03-30T11:00:00Z,-0.004799999762326479
2020-03-30T12:00:00Z,-0.004799999762326479
2020-03-30T13:00:00Z,0.10969999432563782
2020-03-30T14:00:00Z,0.10969999432563782
2020-03-30T15:00:00Z,0.10969999432563782
2020-03-30T16:00:00Z,0.493399977684021
2020-03-30T17:00:00Z,0.493399977684021
2020-03-30T18:00:00Z,0.493399977684021
2020-03-30T19:00:00Z,0.6403999924659729
2020-03-30T20:00:00Z,0.6403999924659729
2020-03-30T21:00:00Z,0.6403999924659729
2020-03-30T22:00:00Z,0.34540000557899475
2020-03-30T23:00:00Z,0.34540000557899475
2020-03-31T00:00:00Z,0.34540000557899475
2020-03-31T01:00:00Z,0.04050000011920929
2020-03-31T02:00:00Z,0.04050000011920929
2020-03-31T03:00:00Z,0.04050000011920929
2020-03-31T04:00:00Z,0.027400000020861626
2020-03-31T05:00:00Z,0.027400000020861626
2020-03-31T06:00:00Z,0.027400000020861626
2020-03-31T07:00:00Z,0.0064999996684491634
2020-03-31T08:00:00Z,0.0064999996684491634
2020-03-31T09:00:00Z,0.0064999996684491634
2020-03-31T10:00:00Z,0.0017999999690800905
2020-03-31T11:00:00Z,0.0017999999690800905
2020-03-31T12:00:00Z,0.0017999999690800905
2020-03-31T13:00:00Z,0.12729999423027039
2020-03-31T14:00:00Z,0.12729999423027039
2020-03-31T15:00:00Z,0.12729999423027039
2020-03-31T16:00:00Z,0.4869000017642975
2020-03-31T17:00:00Z,0.4869000017642975
2020-03-31T18:00:00Z,0.4869000017642975
2020-03-31T19:00:00Z,0.6351999640464783
2020-03-31T20:00:00Z,0.6351999640464783
2020-03-31T21:00:00Z,0.6351999640464783
2020-03-31T22:00:00Z,0.33319997787475586
2020-03-31T23:00:00Z,0.33319997787475586
2020-04-01T00:00:00Z,0.33319997787475586
2020-04-01T01:00:00Z,0.023399999365210533
2020-04-01T02:00:00Z,0.023399999365210533
2020-04-01T03:00:00Z,0.023399999365210533
2020-04-01T04:00:00Z,0.016099998727440834
2020-04-01T05:00:00Z,0.016099998727440834
2020-04-01T06:00:00Z,0.016099998727440834
2020-04-01T07:00:00Z,0.0050999997183680534
2020-04-01T08:00:00Z,0.0050999997183680534
2020-04-01T09:00:00Z,0.0050999997183680534
2020-04-01T10:00:00Z,-0.002899999963119626
2020-04-01T11:00:00Z,-0.002899999963119626
2020-04-01T12:00:00Z,-0.002899999963119626
2020-04-01T13:00:00Z,0.13459999859333038
2020-04-01T14:00:00Z,0.13459999859333038
2020-04-01T15:00:00Z,0.13459999859333038
2020-04-01T16:00:00Z,0.47039997577667236
2020-04-01T17:00:00Z,0.47039997577667236
2020-04-01T18:00:00Z,0.47039997577667236
2020-04-01T19:00:00Z,0.5925999879837036
2020-04-01T20:00:00Z,0.5925999879837036
2020-04-01T21:00:00Z,0.5925999879837036
2020-04-01T22:00:00Z,0.3456999957561493
2020-04-01T23:00:00Z,0.3456999957561493
2020-04-02T00:00:00Z,0.3456999957561493
2020-04-02T01:00:00Z,0.03819999843835831
2020-04-02T02:00:00Z,0.03819999843835831
2020-04-02T03:00:00Z,0.03819999843835831
2020-04-02T04:00:00Z,0.033799998462200165
2020-04-02T05:00:00Z,0.033799998462200165
2020-04-02T06:00:00Z,0.033799998462200165
2020-04-02T07:00:00Z,0.017799999564886093
2020-04-02T08:00:00Z,0.017799999564886093
2020-04-02T09:00:00Z,0.017799999564886093
2020-04-02T10:00:00Z,0.020800000056624413
2020-04-02T11:00:00Z,0.020800000056624413
2020-04-02T12:00:00Z,0.020800000056624413
2020-04-02T13:00:00Z,0.1613999903202057
2020-04-02T14:00:00Z,0.1613999903202057
2020-04-02T15:00:00Z,0.1613999903202057
2020-04-02T16:00:00Z,0.3653999865055084
2020-04-02T17:00:00Z,0.3653999865055084
2020-04-02T18:00:00Z,0.3653999865055084
2020-04-02T19:00:00Z,0.3836999833583832
2020-04-02T20:00:00Z,0.3836999833583832
2020-04-02T21:00:00Z,0.3836999833583832
2020-04-02T22:00:00Z,0.2717999815940857
2020-04-02T23:00:00Z,0.2717999815940857
2020-04-03T00:00:00Z,0.2717999815940857
2020-04-03T01:00:00Z,0.05049999803304672
2020-04-03T02:00:00Z,0.05049999803304672
2020-04-03T03:00:00Z,0.05049999803304672
2020-04-03T04:00:00Z,0.019700000062584877
2020-04-03T05:00:00Z,0.019700000062584877
2020-04-03T06:00:00Z,0.019700000062584877
2020-04-03T07:00:00Z,0.016599999740719795
2020-04-03T08:00:00Z,0.016599999740719795
2020-04-03T09:00:00Z,0.016599999740719795
2020-04-03T10:00:00Z,0.015099999494850636
2020-04-03T11:00:00Z,0.015099999494850636
2020-04-03T12:00:00Z,0.015099999494850636
2020-04-03T13:00:00Z,0.0762999951839447
2020-04-03T14:00:00Z,0.0762999951839447
2020-04-03T15:00:00Z,0.0762999951839447
2020-04-03T16:00:00Z,0.23799999058246613
2020-04-03T17:00:00Z,0.23799999058246613
2020-04-03T18:00:00Z,0.23799999058246613
2020-04-03T19:00:00Z,0.16409999132156372
2020-04-03T20:00:00Z,0.16409999132156372
2020-04-03T21:00:00Z,0.16409999132156372
2020-04-03T22:00:00Z,0.10989999771118164
2020-04-03T23:00:00Z,0.10989999771118164
2020-04-04T00:00:00Z,0.10989999771118164
2020-04-04T01:00:00Z,0.05959999933838844
2020-04-04T02:00:00Z,0.05959999933838844
2020-04-04T03:00:00Z,0.05959999933838844
2020-04-04T04:00:00Z,0.04639999940991402
2020-04-04T05:00:00Z,0.04639999940991402
2020-04-04T06:00:00Z,0.04639999940991402
2020-04-04T07:00:00Z,0.019899999722838402
2020-04-04T08:00:00Z,0.019899999722838402
2020-04-04T09:00:00Z,0.019899999722838402
2020-04-04T10:00:00Z,0.004699999932199717
2020-04-04T11:00:00Z,0.004699999932199717
2020-04-04T12:00:00Z,0.004699999932199717
2020-04-04T13:00:00Z,0.1396999955177307
2020-04-04T14:00:00Z,0.1396999955177307
2020-04-04T15:00:00Z,0.1396999955177307
2020-04-04T16:00:00Z,0.4065999984741211
2020-04-04T17:00:00Z,0.4065999984741211
2020-04-04T18:00:00Z,0.4065999984741211
2020-04-04T19:00:00Z,0.5049999952316284
2020-04-04T20:00:00Z,0.5049999952316284
2020-04-04T21:00:00Z,0.5049999952316284
2020-04-04T22:00:00Z,0.2798999845981598
2020-04-04T23:00:00Z,0.2798999845981598
2020-04-05T00:00:00Z,0.2798999845981598
2020-04-05T01:00:00Z,0.015699999406933784
2020-04-05T02:00:00Z,0.015699999406933784
2020-04-05T03:00:00Z,0.015699999406933784
2020-04-05T04:00:00Z,0.01269999984651804
2020-04-05T05:00:00Z,0.01269999984651804
2020-04-05T06:00:00Z,0.01269999984651804
2020-04-05T07:00:00Z,0.00699999975040555
2020-04-05T08:00:00Z,0.00699999975040555
2020-04-05T09:00:00Z,0.00699999975040555
2020-04-05T10:00:00Z,3.9999998989515007e-4
2020-04-05T11:00:00Z,3.9999998989515007e-4
2020-04-05T12:00:00Z,3.9999998989515007e-4
2020-04-05T13:00:00Z,0.13419999182224274
2020-04-05T14:00:00Z,0.13419999182224274
2020-04-05T15:00:00Z,0.13419999182224274
2020-04-05T16:00:00Z,0.39149999618530273
2020-04-05T17:00:00Z,0.39149999618530273
2020-04-05T18:00:00Z,0.39149999618530273
2020-04-05T19:00:00Z,0.3920999765396118
2020-04-05T20:00:00Z,0.3920999765396118
2020-04-05T21:00:00Z,0.3920999765396118
2020-04-05T22:00:00Z,0.23149999976158142
2020-04-05T23:00:00Z,0.23149999976158142
2020-04-06T00:00:00Z,0.23149999976158142
2020-04-06T01:00:00Z,0.010499999858438969
2020-04-06T02:00:00Z,0.010499999858438969
2020-04-06T03:00:00Z,0.010499999858438969
2020-04-06T04:00:00Z,-0.006199999712407589
2020-04-06T05:00:00Z,-0.006199999712407589
2020-04-06T06:00:00Z,-0.006199999712407589
2020-04-06T07:00:00Z,-0.0052999998442828655
2020-04-06T08:00:00Z,-0.0052999998442828655
2020-04-06T09:00:00Z,-0.0052999998442828655
2020-04-06T10:00:00Z,-0.01809999905526638
2020-04-06T11:00:00Z,-0.01809999905526638
2020-04-06T12:00:00Z,-0.01809999905526638
2020-04-06T13:00:00Z,0.13499999046325684
2020-04-06T14:00:00Z,0.13499999046325684
2020-04-06T15:00:00Z,0.13499999046325684
2020-04-06T16:00:00Z,0.5227000117301941
2020-04-06T17:00:00Z,0.5227000117301941
2020-04-06T18:00:00Z,0.5227000117301941
2020-04-06T19:00:00Z,0.6739999651908875
2020-04-06T20:00:00Z,0.6739999651908875
2020-04-06T21:00:00Z,0.6739999651908875
2020-04-06T22:00:00Z,0.3937999904155731
2020-04-06T23:00:00Z,0.3937999904155731
2020-04-07T00:00:00Z,0.3937999904155731
2020-04-07T01:00:00Z,0.015199999324977398
2020-04-07T02:00:00Z,0.015199999324977398
2020-04-07T03:00:00Z,0.015199999324977398
2020-04-07T04:00:00Z,-0.01809999905526638
2020-04-07T05:00:00Z,-0.01809999905526638
2020-04-07T06:00:00Z,-0.01809999905526638
2020-04-07T07:00:00Z,-0.0279999990016222
2020-04-07T08:00:00Z,-0.0279999990016222
2020-04-07T09:00:00Z,-0.0279999990016222
2020-04-07T10:00:00Z,-0.029999999329447746
2020-04-07T11:00:00Z,-0.029999999329447746
2020-04-07T12:00:00Z,-0.029999999329447746
2020-04-07T13:00:00Z,0.1533999890089035
2020-04-07T14:00:00Z,0.1533999890089035
2020-04-07T15:00:00Z,0.1533999890089035
2020-04-07T16:00:00Z,0.5612999796867371
2020-04-07T17:00:00Z,0.5612999796867371
2020-04-07T18:00:00Z,0.5612999796867371
2020-04-07T19:00:00Z,0.6959999799728394
2020-04-07T20:00:00Z,0.6959999799728394
2020-04-07T21:00:00Z,0.6959999799728394
2020-04-07T22:00:00Z,0.3872999846935272
2020-04-07T23:00:00Z,0.3872999846935272
2020-04-08T00:00:00Z,0.3872999846935272
2020-04-08T01:00:00Z,0.01769999973475933
2020-04-08T02:00:00Z,0.01769999973475933
2020-04-08T03:00:00Z,0.01769999973475933
2020-04-08T04:00:00Z,-0.01769999973475933
2020-04-08T05:00:00Z,-0.01769999973475933
2020-04-08T06:00:00Z,-0.01769999973475933
2020-04-08T07:00:00Z,-0.02589999884366989
2020-04-08T08:00:00Z,-0.02589999884366989
2020-04-08T09:00:00Z,-0.02589999884366989
2020-04-08T10:00:00Z,-0.027899999171495438
2020-04-08T11:00:00Z,-0.027899999171495438
2020-04-08T12:00:00Z,-0.027899999171495438
2020-04-08T13:00:00Z,0.13750000298023224
2020-04-08T14:00:00Z,0.13750000298023224
2020-04-08T15:00:00Z,0.13750000298023224
2020-04-08T16:00:00Z,0.5740999579429626
2020-04-08T17:00:00Z,0.5740999579429626
2020-04-08T18:00:00Z,0.5740999579429626
2020-04-08T19:00:00Z,0.5249999761581421
2020-04-08T20:00:00Z,0.5249999761581421
2020-04-08T21:00:00Z,0.5249999761581421
2020-04-08T22:00:00Z,0.3203999996185303
2020-04-08T23:00:00Z,0.3203999996185303
2020-04-09T00:00:00Z,0.3203999996185303
2020-04-09T01:00:00Z,0.1873999983072281
2020-04-09T02:00:00Z,0.1873999983072281
2020-04-09T03:00:00Z,0.1873999983072281
2020-04-09T04:00:00Z,0.09049999713897705
2020-04-09T05:00:00Z,0.09049999713897705
2020-04-09T06:00:00Z,0.09049999713897705
2020-04-09T07:00:00Z,0.026399999856948853
2020-04-09T08:00:00Z,0.026399999856948853
2020-04-09T09:00:00Z,0.026399999856948853
2020-04-09T10:00:00Z,0.016099998727440834
2020-04-09T11:00:00Z,0.016099998727440834
2020-04-09T12:00:00Z,0.016099998727440834
2020-04-09T13:00:00Z,0.19119998812675476
2020-04-09T14:00:00Z,0.19119998812675476
2020-04-09T15:00:00Z,0.19119998812675476
2020-04-09T16:00:00Z,0.6474999785423279
2020-04-09T17:00:00Z,0.6474999785423279
2020-04-09T18:00:00Z,0.6474999785423279
2020-04-09T19:00:00Z,0.7638999819755554
2020-04-09T20:00:00Z,0.7638999819755554
2020-04-09T21:00:00Z,0.7638999819755554
2020-04-09T22:00:00Z,0.48729997873306274
2020-04-09T23:00:00Z,0.48729997873306274
2020-04-10T00:00:00Z,0.48729997873306274
2020-04-10T01:00:00Z,0.16459999978542328
2020-04-10T02:00:00Z,0.16459999978542328
2020-04-10T03:00:00Z,0.16459999978542328
2020-04-10T04:00:00Z,0.05379999801516533
2020-04-10T05:00:00Z,0.05379999801516533
2020-04-10T06:00:00Z,0.05379999801516533
2020-04-10T07:00:00Z,0.02159999869763851
2020-04-10T08:00:00Z,0.02159999869763851
2020-04-10T09:00:00Z,0.02159999869763851
2020-04-10T10:00:00Z,0.01529999915510416
2020-04-10T11:00:00Z,0.01529999915510416
2020-04-10T12:00:00Z,0.01529999915510416
2020-04-10T13:00:00Z,0.1673000007867813
2020-04-10T14:00:00Z,0.1673000007867813
2020-04-10T15:00:00Z,0.1673000007867813
2020-04-10T16:00:00Z,0.47349998354911804
2020-04-10T17:00:00Z,0.47349998354911804
2020-04-10T18:00:00Z,0.47349998354911804
2020-04-10T19:00:00Z,0.5340999960899353
2020-04-10T20:00:00Z,0.5340999960899353
2020-04-10T21:00:00Z,0.5340999960899353
2020-04-10T22:00:00Z,0.31520000100135803
2020-04-10T23:00:00Z,0.31520000100135803
2020-04-11T00:00:00Z,0.31520000100135803
2020-04-11T01:00:00Z,0.014099999330937862
2020-04-11T02:00:00Z,0.014099999330937862
2020-04-11T03:00:00Z,0.014099999330937862
2020-04-11T04:00:00Z,0.01939999870955944
2020-04-11T05:00:00Z,0.01939999870955944
2020-04-11T06:00:00Z,0.01939999870955944
2020-04-11T07:00:00Z,0.035999998450279236
2020-04-11T08:00:00Z,0.035999998450279236
2020-04-11T09:00:00Z,0.035999998450279236
2020-04-11T10:00:00Z,0.016599999740719795
2020-04-11T11:00:00Z,0.016599999740719795
2020-04-11T12:00:00Z,0.016599999740719795
2020-04-11T13:00:00Z,0.19460000097751617
2020-04-11T14:00:00Z,0.19460000097751617
2020-04-11T15:00:00Z,0.19460000097751617
2020-04-11T16:00:00Z,0.3391999900341034
2020-04-11T17:00:00Z,0.3391999900341034
2020-04-11T18:00:00Z,0.3391999900341034
2020-04-11T19:00:00Z,0.3935999870300293
2020-04-11T20:00:00Z,0.3935999870300293
2020-04-11T21:00:00Z,0.3935999870300293
2020-04-11T22:00:00Z,0.18310000002384186
2020-04-11T23:00:00Z,0.18310000002384186
2020-04-12T00:00:00Z,0.18310000002384186
2020-04-12T01:00:00Z,0.02850000001490116
2020-04-12T02:00:00Z,0.02850000001490116
2020-04-12T03:00:00Z,0.02850000001490116
2020-04-12T04:00:00Z,0.006399999838322401
2020-04-12T05:00:00Z,0.006399999838322401
2020-04-12T06:00:00Z,0.006399999838322401
2020-04-12T07:00:00Z,-0.010199999436736107
2020-04-12T08:00:00Z,-0.010199999436736107
2020-04-12T09:00:00Z,-0.010199999436736107
2020-04-12T10:00:00Z,-0.009099999442696571
2020-04-12T11:00:00Z,-0.009099999442696571
2020-04-12T12:00:00Z,-0.009099999442696571
2020-04-12T13:00:00Z,0.14579999446868896
2020-04-12T14:00:00Z,0.14579999446868896
2020-04-12T15:00:00Z,0.14579999446868896
2020-04-12T16:00:00Z,0.39469999074935913
2020-04-12T17:00:00Z,0.39469999074935913
2020-04-12T18:00:00Z,0.39469999074935913
2020-04-12T19:00:00Z,0.423799991607666
2020-04-12T20:00:00Z,0.423799991607666
2020-04-12T21:00:00Z,0.423799991607666
2020-04-12T22:00:00Z,0.1988999992609024
2020-04-12T23:00:00Z,0.1988999992609024
2020-04-13T00:00:00Z,0.1988999992609024
2020-04-13T01:00:00Z,0.08749999850988388
2020-04-13T02:00:00Z,0.08749999850988388
2020-04-13T03:00:00Z,0.08749999850988388
2020-04-13T04:00:00Z,0.1096000000834465
2020-04-13T05:00:00Z,0.1096000000834465
2020-04-13T06:00:00Z,0.1096000000834465
2020-04-13T07:00:00Z,0.11140000075101852
2020-04-13T08:00:00Z,0.11140000075101852
2020-04-13T09:00:00Z,0.11140000075101852
2020-04-13T10:00:00Z,0.08370000123977661
2020-04-13T11:00:00Z,0.08370000123977661
2020-04-13T12:00:00Z,0.08370000123977661
2020-04-13T13:00:00Z,0.22839999198913574
2020-04-13T14:00:00Z,0.22839999198913574
2020-04-13T15:00:00Z,0.22839999198913574
2020-04-13T16:00:00Z,0.5054999589920044
2020-04-13T17:00:00Z,0.5054999589920044
2020-04-13T18:00:00Z,0.5054999589920044
2020-04-13T19:00:00Z,0.5633999705314636
2020-04-13T20:00:00Z,0.5633999705314636
2020-04-13T21:00:00Z,0.5633999705314636
2020-04-13T22:00:00Z,0.3482999801635742
2020-04-13T23:00:00Z,0.3482999801635742
2020-04-14T00:00:00Z,0.3482999801635742
2020-04-14T01:00:00Z,0.061400000005960464
2020-04-14T02:00:00Z,0.061400000005960464
2020-04-14T03:00:00Z,0.061400000005960464
2020-04-14T04:00:00Z,0.02419999986886978
2020-04-14T05:00:00Z,0.02419999986886978
2020-04-14T06:00:00Z,0.02419999986886978
2020-04-14T07:00:00Z,0.0284000001847744
2020-04-14T08:00:00Z,0.0284000001847744
2020-04-14T09:00:00Z,0.0284000001847744
2020-04-14T10:00:00Z,0.04169999808073044
2020-04-14T11:00:00Z,0.04169999808073044
2020-04-14T12:00:00Z,0.04169999808073044
2020-04-14T13:00:00Z,0.1589999943971634
2020-04-14T14:00:00Z,0.1589999943971634
2020-04-14T15:00:00Z,0.1589999943971634
2020-04-14T16:00:00Z,0.5234999656677246
2020-04-14T17:00:00Z,0.5234999656677246
2020-04-14T18:00:00Z,0.5234999656677246
2020-04-14T19:00:00Z,0.6304000020027161
2020-04-14T20:00:00Z,0.6304000020027161
2020-04-14T21:00:00Z,0.6304000020027161
2020-04-14T22:00:00Z,0.3125999867916107
2020-04-14T23:00:00Z,0.3125999867916107
2020-04-15T00:00:00Z,0.3125999867916107
2020-04-15T01:00:00Z,0.028699999675154686
2020-04-15T02:00:00Z,0.028699999675154686
2020-04-15T03:00:00Z,0.028699999675154686
2020-04-15T04:00:00Z,0.039799999445676804
2020-04-15T05:00:00Z,0.039799999445676804
2020-04-15T06:00:00Z,0.039799999445676804
2020-04-15T07:00:00Z,0.01589999906718731
2020-04-15T08:00:00Z,0.01589999906718731
2020-04-15T09:00:00Z,0.01589999906718731
2020-04-15T10:00:00Z,0.002699999837204814
2020-04-15T11:00:00Z,0.002699999837204814
2020-04-15T12:00:00Z,0.002699999837204814
2020-04-15T13:00:00Z,0.14649999141693115
2020-04-15T14:00:00Z,0.14649999141693115
2020-04-15T15:00:00Z,0.14649999141693115
2020-04-15T16:00:00Z,0.4724999964237213
2020-04-15T17:00:00Z,0.4724999964237213
2020-04-15T18:00:00Z,0.4724999964237213
2020-04-15T19:00:00Z,0.5126000046730042
2020-04-15T20:00:00Z,0.5126000046730042
2020-04-15T21:00:00Z,0.5126000046730042
2020-04-15T22:00:00Z,0.28939998149871826
2020-04-15T23:00:00Z,0.28939998149871826
2020-04-16T00:00:00Z,0.28939998149871826
2020-04-16T01:00:00Z,0.03749999776482582
2020-04-16T02:00:00Z,0.03749999776482582
2020-04-16T03:00:00Z,0.03749999776482582
2020-04-16T04:00:00Z,0.014399999752640724
2020-04-16T05:00:00Z,0.014399999752640724
2020-04-16T06:00:00Z,0.014399999752640724
2020-04-16T07:00:00Z,0.014800000004470348
2020-04-16T08:00:00Z,0.014800000004470348
2020-04-16T09:00:00Z,0.014800000004470348
2020-04-16T10:00:00Z,0.023499999195337296
2020-04-16T11:00:00Z,0.023499999195337296
2020-04-16T12:00:00Z,0.023499999195337296
2020-04-16T13:00:00Z,0.12459999322891235
2020-04-16T14:00:00Z,0.12459999322891235
2020-04-16T15:00:00Z,0.12459999322891235
2020-04-16T16:00:00Z,0.3077999949455261
2020-04-16T17:00:00Z,0.3077999949455261
2020-04-16T18:00:00Z,0.3077999949455261
2020-04-16T19:00:00Z,0.35009998083114624
2020-04-16T20:00:00Z,0.35009998083114624
2020-04-16T21:00:00Z,0.35009998083114624
2020-04-16T22:00:00Z,0.21139998733997345
2020-04-16T23:00:00Z,0.21139998733997345
2020-04-17T00:00:00Z,0.21139998733997345
2020-04-17T01:00:00Z,0.05169999971985817
2020-04-17T02:00:00Z,0.05169999971985817
2020-04-17T03:00:00Z,0.05169999971985817
2020-04-17T04:00:00Z,0.03700000047683716
2020-04-17T05:00:00Z,0.03700000047683716
2020-04-17T06:00:00Z,0.03700000047683716
2020-04-17T07:00:00Z,0.021400000900030136
2020-04-17T08:00:00Z,0.021400000900030136
2020-04-17T09:00:00Z,0.021400000900030136
2020-04-17T10:00:00Z,0.02850000001490116
2020-04-17T11:00:00Z,0.02850000001490116
2020-04-17T12:00:00Z,0.02850000001490116
2020-04-17T13:00:00Z,0.09519999474287033
2020-04-17T14:00:00Z,0.09519999474287033
2020-04-17T15:00:00Z,0.09519999474287033
2020-04-17T16:00:00Z,0.21310000121593475
2020-04-17T17:00:00Z,0.21310000121593475
2020-04-17T18:00:00Z,0.21310000121593475
2020-04-17T19:00:00Z,0.3929999768733978
2020-04-17T20:00:00Z,0.3929999768733978
2020-04-17T21:00:00Z,0.3929999768733978
2020-04-17T22:00:00Z,0.2858999967575073
2020-04-17T23:00:00Z,0.2858999967575073
2020-04-18T00:00:00Z,0.2858999967575073
2020-04-18T01:00:00Z,0.04690000042319298
2020-04-18T02:00:00Z,0.04690000042319298
2020-04-18T03:00:00Z,0.04690000042319298
2020-04-18T04:00:00Z,0.021800000220537186
2020-04-18T05:00:00Z,0.021800000220537186
2020-04-18T06:00:00Z,0.021800000220537186
2020-04-18T07:00:00Z,0.004699999932199717
2020-04-18T08:00:00Z,0.004699999932199717
2020-04-18T09:00:00Z,0.004699999932199717
2020-04-18T10:00:00Z,-0.003599999938160181
2020-04-18T11:00:00Z,-0.003599999938160181
2020-04-18T12:00:00Z,-0.003599999938160181
2020-04-18T13:00:00Z,0.1777999997138977
2020-04-18T14:00:00Z,0.1777999997138977
2020-04-18T15:00:00Z,0.1777999997138977
2020-04-18T16:00:00Z,0.540399968624115
2020-04-18T17:00:00Z,0.540399968624115
2020-04-18T18:00:00Z,0.540399968624115
2020-04-18T19:00:00Z,0.6525999903678894
2020-04-18T20:00:00Z,0.6525999903678894
2020-04-18T21:00:00Z,0.6525999903678894
2020-04-18T22:00:00Z,0.3856000006198883
2020-04-18T23:00:00Z,0.3856000006198883
2020-04-19T00:00:00Z,0.3856000006198883
2020-04-19T01:00:00Z,0.018799999728798866
2020-04-19T02:00:00Z,0.018799999728798866
2020-04-19T03:00:00Z,0.018799999728798866
2020-04-19T04:00:00Z,-7.999999797903001e-4
2020-04-19T05:00:00Z,-7.999999797903001e-4
2020-04-19T06:00:00Z,-7.999999797903001e-4
2020-04-19T07:00:00Z,-0.00279999990016222
2020-04-19T08:00:00Z,-0.00279999990016222
2020-04-19T09:00:00Z,-0.00279999990016222
2020-04-19T10:00:00Z,-0.002899999963119626
2020-04-19T11:00:00Z,-0.002899999963119626
2020-04-19T12:00:00Z,-0.002899999963119626
2020-04-19T13:00:00Z,0.1639999896287918
2020-04-19T14:00:00Z,0.1639999896287918
2020-04-19T15:00:00Z,0.1639999896287918
2020-04-19T16:00:00Z,0.5178999900817871
2020-04-19T17:00:00Z,0.5178999900817871
2020-04-19T18:00:00Z,0.5178999900817871
2020-04-19T19:00:00Z,0.6850999593734741
2020-04-19T20:00:00Z,0.6850999593734741
2020-04-19T21:00:00Z,0.6850999593734741
2020-04-19T22:00:00Z,0.3911999762058258
2020-04-19T23:00:00Z,0.3911999762058258
2020-04-20T00:00:00Z,0.3911999762058258
2020-04-20T01:00:00Z,0.02850000001490116
2020-04-20T02:00:00Z,0.02850000001490116
2020-04-20T03:00:00Z,0.02850000001490116
2020-04-20T04:00:00Z,0.005699999630451202
2020-04-20T05:00:00Z,0.005699999630451202
2020-04-20T06:00:00Z,0.005699999630451202
2020-04-20T07:00:00Z,0.003399999812245369
2020-04-20T08:00:00Z,0.003399999812245369
2020-04-20T09:00:00Z,0.003399999812245369
2020-04-20T10:00:00Z,0.012299999594688416
2020-04-20T11:00:00Z,0.012299999594688416
2020-04-20T12:00:00Z,0.012299999594688416
2020-04-20T13:00:00Z,0.11059999465942383
2020-04-20T14:00:00Z,0.11059999465942383
2020-04-20T15:00:00Z,0.11059999465942383
2020-04-20T16:00:00Z,0.4010999798774719
2020-04-20T17:00:00Z,0.4010999798774719
2020-04-20T18:00:00Z,0.4010999798774719
2020-04-20T19:00:00Z,0.7145000100135803
2020-04-20T20:00:00Z,0.7145000100135803
2020-04-20T21:00:00Z,0.7145000100135803
2020-04-20T22:00:00Z,0.4259999990463257
2020-04-20T23:00:00Z,0.4259999990463257
2020-04-21T00:00:00Z,0.4259999990463257
2020-04-21T01:00:00Z,0.041099999099969864
2020-04-21T02:00:00Z,0.041099999099969864
2020-04-21T03:00:00Z,0.041099999099969864
2020-04-21T04:00:00Z,0.008499999530613422
2020-04-21T05:00:00Z,0.008499999530613422
2020-04-21T06:00:00Z,0.008499999530613422
2020-04-21T07:00:00Z,0.0064999996684491634
2020-04-21T08:00:00Z,0.0064999996684491634
2020-04-21T09:00:00Z,0.0064999996684491634
2020-04-21T10:00:00Z,-0.00279999990016222
2020-04-21T11:00:00Z,-0.00279999990016222
2020-04-21T12:00:00Z,-0.00279999990016222
2020-04-21T13:00:00Z,0.19579999148845673
2020-04-21T14:00:00Z,0.19579999148845673
2020-04-21T15:00:00Z,0.19579999148845673
2020-04-21T16:00:00Z,0.5726999640464783
2020-04-21T17:00:00Z,0.5726999640464783
2020-04-21T18:00:00Z,0.5726999640464783
2020-04-21T19:00:00Z,0.7067999839782715
2020-04-21T20:00:00Z,0.7067999839782715
2020-04-21T21:00:00Z,0.7067999839782715
2020-04-21T22:00:00Z,0.38259997963905334
2020-04-21T23:00:00Z,0.38259997963905334
2020-04-22T00:00:00Z,0.38259997963905334
2020-04-22T01:00:00Z,0.016499999910593033
2020-04-22T02:00:00Z,0.016499999910593033
2020-04-22T03:00:00Z,0.016499999910593033
2020-04-22T04:00:00Z,0.008899999782443047
2020-04-22T05:00:00Z,0.008899999782443047
2020-04-22T06:00:00Z,0.008899999782443047
2020-04-22T07:00:00Z,0.008200000040233135
2020-04-22T08:00:00Z,0.008200000040233135
2020-04-22T09:00:00Z,0.008200000040233135
2020-04-22T10:00:00Z,0.010499999858438969
2020-04-22T11:00:00Z,0.010499999858438969
2020-04-22T12:00:00Z,0.010499999858438969
2020-04-22T13:00:00Z,0.24699999392032623
2020-04-22T14:00:00Z,0.24699999392032623
2020-04-22T15:00:00Z,0.24699999392032623
2020-04-22T16:00:00Z,0.6791999936103821
2020-04-22T17:00:00Z,0.6791999936103821
2020-04-22T18:00:00Z,0.6791999936103821
2020-04-22T19:00:00Z,0.7384999990463257
2020-04-22T20:00:00Z,0.7384999990463257
2020-04-22T21:00:00Z,0.7384999990463257
2020-04-22T22:00:00Z,0.3447999954223633
2020-04-22T23:00:00Z,0.3447999954223633
2020-04-23T00:00:00Z,0.3447999954223633
2020-04-23T01:00:00Z,0.03920000046491623
2020-04-23T02:00:00Z,0.03920000046491623
2020-04-23T03:00:00Z,0.03920000046491623
2020-04-23T04:00:00Z,0.023000000044703484
2020-04-23T05:00:00Z,0.023000000044703484
2020-04-23T06:00:00Z,0.023000000044703484
2020-04-23T07:00:00Z,0.016599999740719795
2020-04-23T08:00:00Z,0.016599999740719795
2020-04-23T09:00:00Z,0.016599999740719795
2020-04-23T10:00:00Z,0.004999999888241291
2020-04-23T11:00:00Z,0.004999999888241291
2020-04-23T12:00:00Z,0.004999999888241291
2020-04-23T13:00:00Z,0.15709999203681946
2020-04-23T14:00:00Z,0.15709999203681946
2020-04-23T15:00:00Z,0.15709999203681946
2020-04-23T16:00:00Z,0.5227999687194824
2020-04-23T17:00:00Z,0.5227999687194824
2020-04-23T18:00:00Z,0.5227999687194824
2020-04-23T19:00:00Z,0.6581000089645386
2020-04-23T20:00:00Z,0.6581000089645386
2020-04-23T21:00:00Z,0.6581000089645386
2020-04-23T22:00:00Z,0.3885999917984009
2020-04-23T23:00:00Z,0.3885999917984009
2020-04-24T00:00:00Z,0.3885999917984009
2020-04-24T01:00:00Z,0.01939999870955944
2020-04-24T02:00:00Z,0.01939999870955944
2020-04-24T03:00:00Z,0.01939999870955944
2020-04-24T04:00:00Z,-0.006099999882280827
2020-04-24T05:00:00Z,-0.006099999882280827
2020-04-24T06:00:00Z,-0.006099999882280827
2020-04-24T07:00:00Z,-0.010199999436736107
2020-04-24T08:00:00Z,-0.010199999436736107
2020-04-24T09:00:00Z,-0.010199999436736107
2020-04-24T10:00:00Z,-0.010699999518692493
2020-04-24T11:00:00Z,-0.010699999518692493
2020-04-24T12:00:00Z,-0.010699999518692493
2020-04-24T13:00:00Z,0.17970000207424164
2020-04-24T14:00:00Z,0.17970000207424164
2020-04-24T15:00:00Z,0.17970000207424164
2020-04-24T16:00:00Z,0.4641999900341034
2020-04-24T17:00:00Z,0.4641999900341034
2020-04-24T18:00:00Z,0.4641999900341034
2020-04-24T19:00:00Z,0.4964999854564667
2020-04-24T20:00:00Z,0.4964999854564667
2020-04-24T21:00:00Z,0.4964999854564667
2020-04-24T22:00:00Z,0.27719998359680176
2020-04-24T23:00:00Z,0.27719998359680176
2020-04-25T00:00:00Z,0.27719998359680176
2020-04-25T01:00:00Z,0.04639999940991402
2020-04-25T02:00:00Z,0.04639999940991402
2020-04-25T03:00:00Z,0.04639999940991402
2020-04-25T04:00:00Z,0.05040000006556511
2020-04-25T05:00:00Z,0.05040000006556511
2020-04-25T06:00:00Z,0.05040000006556511
2020-04-25T07:00:00Z,0.02719999849796295
2020-04-25T08:00:00Z,0.02719999849796295
2020-04-25T09:00:00Z,0.02719999849796295
2020-04-25T10:00:00Z,0.03849999979138374
2020-04-25T11:00:00Z,0.03849999979138374
2020-04-25T12:00:00Z,0.03849999979138374
2020-04-25T13:00:00Z,0.20089997351169586
2020-04-25T14:00:00Z,0.20089997351169586
2020-04-25T15:00:00Z,0.20089997351169586
2020-04-25T16:00:00Z,0.515999972820282
2020-04-25T17:00:00Z,0.515999972820282
2020-04-25T18:00:00Z,0.515999972820282
2020-04-25T19:00:00Z,0.7102000117301941
2020-04-25T20:00:00Z,0.7102000117301941
2020-04-25T21:00:00Z,0.7102000117301941
2020-04-25T22:00:00Z,0.4519999921321869
2020-04-25T23:00:00Z,0.4519999921321869
2020-04-26T00:00:00Z,0.4519999921321869
2020-04-26T01:00:00Z,0.03500000014901161
2020-04-26T02:00:00Z,0.03500000014901161
2020-04-26T03:00:00Z,0.03500000014901161
2020-04-26T04:00:00Z,-9.999999310821295e-4
2020-04-26T05:00:00Z,-9.999999310821295e-4
2020-04-26T06:00:00Z,-9.999999310821295e-4
2020-04-26T07:00:00Z,-0.005399999674409628
2020-04-26T08:00:00Z,-0.005399999674409628
2020-04-26T09:00:00Z,-0.005399999674409628
2020-04-26T10:00:00Z,-0.009399999864399433
2020-04-26T11:00:00Z,-0.009399999864399433
2020-04-26T12:00:00Z,-0.009399999864399433
2020-04-26T13:00:00Z,0.18709999322891235
2020-04-26T14:00:00Z,0.18709999322891235
2020-04-26T15:00:00Z,0.18709999322891235
2020-04-26T16:00:00Z,0.5935999751091003
2020-04-26T17:00:00Z,0.5935999751091003
2020-04-26T18:00:00Z,0.5935999751091003
2020-04-26T19:00:00Z,0.7093999981880188
2020-04-26T20:00:00Z,0.7093999981880188
2020-04-26T21:00:00Z,0.7093999981880188
2020-04-26T22:00:00Z,0.4271000027656555
2020-04-26T23:00:00Z,0.4271000027656555
2020-04-27T00:00:00Z,0.4271000027656555
2020-04-27T01:00:00Z,0.01809997484087944
2020-04-27T02:00:00Z,0.01809997484087944
2020-04-27T03:00:00Z,0.01809997484087944
2020-04-27T04:00:00Z,0.021299999207258224
2020-04-27T05:00:00Z,0.021299999207258224
2020-04-27T06:00:00Z,0.021299999207258224
2020-04-27T07:00:00Z,0.02669999934732914
2020-04-27T08:00:00Z,0.02669999934732914
2020-04-27T09:00:00Z,0.02669999934732914
2020-04-27T10:00:00Z,0.01719999872148037
2020-04-27T11:00:00Z,0.01719999872148037
2020-04-27T12:00:00Z,0.01719999872148037
2020-04-27T13:00:00Z,0.14919999241828918
2020-04-27T14:00:00Z,0.14919999241828918
2020-04-27T15:00:00Z,0.14919999241828918
2020-04-27T16:00:00Z,0.5685999989509583
2020-04-27T17:00:00Z,0.5685999989509583
2020-04-27T18:00:00Z,0.5685999989509583
2020-04-27T19:00:00Z,0.7059999704360962
2020-04-27T20:00:00Z,0.7059999704360962
2020-04-27T21:00:00Z,0.7059999704360962
2020-04-27T22:00:00Z,0.42069998383522034
2020-04-27T23:00:00Z,0.42069998383522034
2020-04-28T00:00:00Z,0.42069998383522034
2020-04-28T01:00:00Z,0.01759999990463257
2020-04-28T02:00:00Z,0.01759999990463257
2020-04-28T03:00:00Z,0.01759999990463257
2020-04-28T04:00:00Z,-0.012799999676644802
2020-04-28T05:00:00Z,-0.012799999676644802
2020-04-28T06:00:00Z,-0.012799999676644802
2020-04-28T07:00:00Z,-0.01759999990463257
2020-04-28T08:00:00Z,-0.01759999990463257
2020-04-28T09:00:00Z,-0.01759999990463257
2020-04-28T10:00:00Z,-0.014800000004470348
2020-04-28T11:00:00Z,-0.014800000004470348
2020-04-28T12:00:00Z,-0.014800000004470348
2020-04-28T13:00:00Z,0.2402999997138977
2020-04-28T14:00:00Z,0.2402999997138977
2020-04-28T15:00:00Z,0.2402999997138977
2020-04-28T16:00:00Z,0.6197999715805054
2020-04-28T17:00:00Z,0.6197999715805054
2020-04-28T18:00:00Z,0.6197999715805054
2020-04-28T19:00:00Z,0.6875999569892883
2020-04-28T20:00:00Z,0.6875999569892883
2020-04-28T21:00:00Z,0.6875999569892883
2020-04-28T22:00:00Z,0.2872999906539917
2020-04-28T23:00:00Z,0.2872999906539917
2020-04-29T00:00:00Z,0.2872999906539917
2020-04-29T01:00:00Z,0.04690000042319298
2020-04-29T02:00:00Z,0.04690000042319298
2020-04-29T03:00:00Z,0.04690000042319298
2020-04-29T04:00:00Z,0.07209999859333038
2020-04-29T05:00:00Z,0.07209999859333038
2020-04-29T06:00:00Z,0.07209999859333038
2020-04-29T07:00:00Z,0.024799998849630356
2020-04-29T08:00:00Z,0.024799998849630356
2020-04-29T09:00:00Z,0.024799998849630356
2020-04-29T10:00:00Z,0.060999996960163116
2020-04-29T11:00:00Z,0.060999996960163116
2020-04-29T12:00:00Z,0.060999996960163116
2020-04-29T13:00:00Z,0.13169999420642853
2020-04-29T14:00:00Z,0.13169999420642853
2020-04-29T15:00:00Z,0.13169999420642853
2020-04-29T16:00:00Z,0.20669999718666077
2020-04-29T17:00:00Z,0.20669999718666077
2020-04-29T18:00:00Z,0.20669999718666077
2020-04-29T19:00:00Z,0.20759999752044678
2020-04-29T20:00:00Z,0.20759999752044678
2020-04-29T21:00:00Z,0.20759999752044678
2020-04-29T22:00:00Z,0.2029999941587448
2020-04-29T23:00:00Z,0.2029999941587448
2020-04-30T00:00:00Z,0.2029999941587448
2020-04-30T01:00:00Z,0.030299974605441093
2020-04-30T02:00:00Z,0.030299974605441093
2020-04-30T03:00:00Z,0.030299974605441093
2020-04-30T04:00:00Z,0.002199999988079071
2020-04-30T05:00:00Z,0.002199999988079071
2020-04-30T06:00:00Z,0.002199999988079071
2020-04-30T07:00:00Z,-0.006099999882280827
2020-04-30T08:00:00Z,-0.006099999882280827
2020-04-30T09:00:00Z,-0.006099999882280827
2020-04-30T10:00:00Z,-0.0072999997064471245
2020-04-30T11:00:00Z,-0.0072999997064471245
2020-04-30T12:00:00Z,-0.0072999997064471245
2020-04-30T13:00:00Z,0.23199999332427979
2020-04-30T14:00:00Z,0.23199999332427979
2020-04-30T15:00:00Z,0.23199999332427979
2020-04-30T16:00:00Z,0.6696999669075012
2020-04-30T17:00:00Z,0.6696999669075012
2020-04-30T18:00:00Z,0.6696999669075012
2020-04-30T19:00:00Z,0.7874999642372131
2020-04-30T20:00:00Z,0.7874999642372131
2020-04-30T21:00:00Z,0.7874999642372131
2020-04-30T22:00:00Z,0.43529999256134033
2020-04-30T23:00:00Z,0.43529999256134033
2020-05-01T00:00:00Z,0.43529999256134033
2020-05-01T01:00:00Z,0.009200000204145908
2020-05-01T02:00:00Z,0.009200000204145908
2020-05-01T03:00:00Z,0.009200000204145908
2020-05-01T04:00:00Z,-0.004699999932199717
2020-05-01T05:00:00Z,-0.004699999932199717
2020-05-01T06:00:00Z,-0.004699999932199717
2020-05-01T07:00:00Z,-0.004699999932199717
2020-05-01T08:00:00Z,-0.004699999932199717
2020-05-01T09:00:00Z,-0.004699999932199717
2020-05-01T10:00:00Z,-0.0016999999061226845
2020-05-01T11:00:00Z,-0.0016999999061226845
2020-05-01T12:00:00Z,-0.0016999999061226845
2020-05-01T13:00:00Z,0.25189998745918274
2020-05-01T14:00:00Z,0.25189998745918274
2020-05-01T15:00:00Z,0.25189998745918274
2020-05-01T16:00:00Z,0.5726000070571899
2020-05-01T17:00:00Z,0.5726000070571899
2020-05-01T18:00:00Z,0.5726000070571899
2020-05-01T19:00:00Z,0.7270999550819397
2020-05-01T20:00:00Z,0.7270999550819397
2020-05-01T21:00:00Z,0.7270999550819397
2020-05-01T22:00:00Z,0.47099998593330383
2020-05-01T23:00:00Z,0.47099998593330383
2020-05-02T00:00:00Z,0.47099998593330383
2020-05-02T01:00:00Z,0.0340999998152256
2020-05-02T02:00:00Z,0.0340999998152256
2020-05-02T03:00:00Z,0.0340999998152256
2020-05-02T04:00:00Z,-0.010499999858438969
2020-05-02T05:00:00Z,-0.010499999858438969
2020-05-02T06:00:00Z,-0.010499999858438969
2020-05-02T07:00:00Z,-0.01269999984651804
2020-05-02T08:00:00Z,-0.01269999984651804
2020-05-02T09:00:00Z,-0.01269999984651804
2020-05-02T10:00:00Z,-0.01489999983459711
2020-05-02T11:00:00Z,-0.01489999983459711
2020-05-02T12:00:00Z,-0.01489999983459711
2020-05-02T13:00:00Z,0.2556000053882599
2020-05-02T14:00:00Z,0.2556000053882599
2020-05-02T15:00:00Z,0.2556000053882599
2020-05-02T16:00:00Z,0.746399998664856
2020-05-02T17:00:00Z,0.746399998664856
2020-05-02T18:00:00Z,0.746399998664856
2020-05-02T19:00:00Z,0.8694999814033508
2020-05-02T20:00:00Z,0.8694999814033508
2020-05-02T21:00:00Z,0.8694999814033508
2020-05-02T22:00:00Z,0.5271999835968018
2020-05-02T23:00:00Z,0.5271999835968018
2020-05-03T00:00:00Z,0.5271999835968018
2020-05-03T01:00:00Z,0.04779999703168869
2020-05-03T02:00:00Z,0.04779999703168869
2020-05-03T03:00:00Z,0.04779999703168869
2020-05-03T04:00:00Z,0.06539999693632126
2020-05-03T05:00:00Z,0.06539999693632126
2020-05-03T06:00:00Z,0.06539999693632126
2020-05-03T07:00:00Z,0.054999999701976776
2020-05-03T08:00:00Z,0.054999999701976776
2020-05-03T09:00:00Z,0.054999999701976776
2020-05-03T10:00:00Z,0.03669999912381172
2020-05-03T11:00:00Z,0.03669999912381172
2020-05-03T12:00:00Z,0.03669999912381172
2020-05-03T13:00:00Z,0.20250000059604645
2020-05-03T14:00:00Z,0.20250000059604645
2020-05-03T15:00:00Z,0.20250000059604645
2020-05-03T16:00:00Z,0.36820000410079956
2020-05-03T17:00:00Z,0.36820000410079956
2020-05-03T18:00:00Z,0.36820000410079956
2020-05-03T19:00:00Z,0.6548999547958374
2020-05-03T20:00:00Z,0.6548999547958374
2020-05-03T21:00:00Z,0.6548999547958374
2020-05-03T22:00:00Z,0.4245999753475189
2020-05-03T23:00:00Z,0.4245999753475189
2020-05-04T00:00:00Z,0.4245999753475189
2020-05-04T01:00:00Z,0.018799999728798866
2020-05-04T02:00:00Z,0.018799999728798866
2020-05-04T03:00:00Z,0.018799999728798866
2020-05-04T04:00:00Z,0.00559999980032444
2020-05-04T05:00:00Z,0.00559999980032444
2020-05-04T06:00:00Z,0.00559999980032444
2020-05-04T07:00:00Z,-0.0026000000070780516
2020-05-04T08:00:00Z,-0.0026000000070780516
2020-05-04T09:00:00Z,-0.0026000000070780516
2020-05-04T10:00:00Z,0.006399999838322401
2020-05-04T11:00:00Z,0.006399999838322401
2020-05-04T12:00:00Z,0.006399999838322401
2020-05-04T13:00:00Z,0.27549999952316284
2020-05-04T14:00:00Z,0.27549999952316284
2020-05-04T15:00:00Z,0.27549999952316284
2020-05-04T16:00:00Z,0.47589999437332153
2020-05-04T17:00:00Z,0.47589999437332153
2020-05-04T18:00:00Z,0.47589999437332153
2020-05-04T19:00:00Z,0.15079998970031738
2020-05-04T20:00:00Z,0.15079998970031738
2020-05-04T21:00:00Z,0.15079998970031738
2020-05-04T22:00:00Z,0.11829999834299088
2020-05-04T23:00:00Z,0.11829999834299088
2020-05-05T00:00:00Z,0.11829999834299088
2020-05-05T01:00:00Z,0.04729999974370003
2020-05-05T02:00:00Z,0.04729999974370003
2020-05-05T03:00:00Z,0.04729999974370003
2020-05-05T04:00:00Z,0.0284000001847744
2020-05-05T05:00:00Z,0.0284000001847744
2020-05-05T06:00:00Z,0.0284000001847744
2020-05-05T07:00:00Z,0.04309999942779541
2020-05-05T08:00:00Z,0.04309999942779541
2020-05-05T09:00:00Z,0.04309999942779541
2020-05-05T10:00:00Z,0.03460000082850456
2020-05-05T11:00:00Z,0.03460000082850456
2020-05-05T12:00:00Z,0.03460000082850456
2020-05-05T13:00:00Z,0.14329999685287476
2020-05-05T14:00:00Z,0.14329999685287476
2020-05-05T15:00:00Z,0.14329999685287476
2020-05-05T16:00:00Z,0.5810999870300293
2020-05-05T17:00:00Z,0.5810999870300293
2020-05-05T18:00:00Z,0.5810999870300293
2020-05-05T19:00:00Z,0.804099977016449
2020-05-05T20:00:00Z,0.804099977016449
2020-05-05T21:00:00Z,0.804099977016449
2020-05-05T22:00:00Z,0.525600016117096
2020-05-05T23:00:00Z,0.525600016117096
2020-05-06T00:00:00Z,0.525600016117096
2020-05-06T01:00:00Z,0.07169999927282333
2020-05-06T02:00:00Z,0.07169999927282333
2020-05-06T03:00:00Z,0.07169999927282333
2020-05-06T04:00:00Z,-3.9999998989515007e-4
2020-05-06T05:00:00Z,-3.9999998989515007e-4
2020-05-06T06:00:00Z,-3.9999998989515007e-4
2020-05-06T07:00:00Z,-0.012899999506771564
2020-05-06T08:00:00Z,-0.012899999506771564
2020-05-06T09:00:00Z,-0.012899999506771564
2020-05-06T10:00:00Z,-0.012600000016391277
2020-05-06T11:00:00Z,-0.012600000016391277
2020-05-06T12:00:00Z,-0.012600000016391277
2020-05-06T13:00:00Z,0.20589999854564667
2020-05-06T14:00:00Z,0.20589999854564667
2020-05-06T15:00:00Z,0.20589999854564667
2020-05-06T16:00:00Z,0.48429998755455017
2020-05-06T17:00:00Z,0.48429998755455017
2020-05-06T18:00:00Z,0.48429998755455017
2020-05-06T19:00:00Z,0.5411999821662903
2020-05-06T20:00:00Z,0.5411999821662903
2020-05-06T21:00:00Z,0.5411999821662903
2020-05-06T22:00:00Z,0.3197000026702881
2020-05-06T23:00:00Z,0.3197000026702881
2020-05-07T00:00:00Z,0.3197000026702881
2020-05-07T01:00:00Z,0.03629999980330467
2020-05-07T02:00:00Z,0.03629999980330467
2020-05-07T03:00:00Z,0.03629999980330467
2020-05-07T04:00:00Z,0.016599999740719795
2020-05-07T05:00:00Z,0.016599999740719795
2020-05-07T06:00:00Z,0.016599999740719795
2020-05-07T07:00:00Z,0.009800000116229057
2020-05-07T08:00:00Z,0.009800000116229057
2020-05-07T09:00:00Z,0.009800000116229057
2020-05-07T10:00:00Z,-0.002099999925121665
2020-05-07T11:00:00Z,-0.002099999925121665
2020-05-07T12:00:00Z,-0.002099999925121665
2020-05-07T13:00:00Z,0.2451999932527542
2020-05-07T14:00:00Z,0.2451999932527542
2020-05-07T15:00:00Z,0.2451999932527542
2020-05-07T16:00:00Z,0.6758999824523926
2020-05-07T17:00:00Z,0.6758999824523926
2020-05-07T18:00:00Z,0.6758999824523926
2020-05-07T19:00:00Z,0.5877000093460083
2020-05-07T20:00:00Z,0.5877000093460083
2020-05-07T21:00:00Z,0.5877000093460083
2020-05-07T22:00:00Z,0.18869999051094055
2020-05-07T23:00:00Z,0.18869999051094055
2020-05-08T00:00:00Z,0.18869999051094055
2020-05-08T01:00:00Z,0.02459999918937683
2020-05-08T02:00:00Z,0.02459999918937683
2020-05-08T03:00:00Z,0.02459999918937683
2020-05-08T04:00:00Z,0.022599998861551285
2020-05-08T05:00:00Z,0.022599998861551285
2020-05-08T06:00:00Z,0.022599998861551285
2020-05-08T07:00:00Z,0.025699999183416367
2020-05-08T08:00:00Z,0.025699999183416367
2020-05-08T09:00:00Z,0.025699999183416367
2020-05-08T10:00:00Z,0.02719999849796295
2020-05-08T11:00:00Z,0.02719999849796295
2020-05-08T12:00:00Z,0.02719999849796295
2020-05-08T13:00:00Z,0.2840999960899353
2020-05-08T14:00:00Z,0.2840999960899353
2020-05-08T15:00:00Z,0.2840999960899353
2020-05-08T16:00:00Z,0.7217999696731567
2020-05-08T17:00:00Z,0.7217999696731567
2020-05-08T18:00:00Z,0.7217999696731567
2020-05-08T19:00:00Z,0.777899980545044
2020-05-08T20:00:00Z,0.777899980545044
2020-05-08T21:00:00Z,0.777899980545044
2020-05-08T22:00:00Z,0.46559998393058777
2020-05-08T23:00:00Z,0.46559998393058777
2020-05-09T00:00:00Z,0.46559998393058777
2020-05-09T01:00:00Z,0.047999974340200424
2020-05-09T02:00:00Z,0.047999974340200424
2020-05-09T03:00:00Z,0.047999974340200424
2020-05-09T04:00:00Z,0.0023999998811632395
2020-05-09T05:00:00Z,0.0023999998811632395
2020-05-09T06:00:00Z,0.0023999998811632395
2020-05-09T07:00:00Z,-2.9999998514540493e-4
2020-05-09T08:00:00Z,-2.9999998514540493e-4
2020-05-09T09:00:00Z,-2.9999998514540493e-4
2020-05-09T10:00:00Z,0.005499999970197678
2020-05-09T11:00:00Z,0.005499999970197678
2020-05-09T12:00:00Z,0.005499999970197678
2020-05-09T13:00:00Z,0.22599999606609344
2020-05-09T14:00:00Z,0.22599999606609344
2020-05-09T15:00:00Z,0.22599999606609344
2020-05-09T16:00:00Z,0.6340999603271484
2020-05-09T17:00:00Z,0.6340999603271484
2020-05-09T18:00:00Z,0.6340999603271484
2020-05-09T19:00:00Z,0.7211999893188477
2020-05-09T20:00:00Z,0.7211999893188477
2020-05-09T21:00:00Z,0.7211999893188477
2020-05-09T22:00:00Z,0.42980000376701355
2020-05-09T23:00:00Z,0.42980000376701355
2020-05-10T00:00:00Z,0.42980000376701355
2020-05-10T01:00:00Z,0.039400000125169754
2020-05-10T02:00:00Z,0.039400000125169754
2020-05-10T03:00:00Z,0.039400000125169754
2020-05-10T04:00:00Z,0.025999998673796654
2020-05-10T05:00:00Z,0.025999998673796654
2020-05-10T06:00:00Z,0.025999998673796654
2020-05-10T07:00:00Z,0.022699998691678047
2020-05-10T08:00:00Z,0.022699998691678047
2020-05-10T09:00:00Z,0.022699998691678047
2020-05-10T10:00:00Z,0.025100000202655792
2020-05-10T11:00:00Z,0.025100000202655792
2020-05-10T12:00:00Z,0.025100000202655792
2020-05-10T13:00:00Z,0.3093999922275543
2020-05-10T14:00:00Z,0.3093999922275543
2020-05-10T15:00:00Z,0.3093999922275543
2020-05-10T16:00:00Z,0.6675999760627747
2020-05-10T17:00:00Z,0.6675999760627747
2020-05-10T18:00:00Z,0.6675999760627747
2020-05-10T19:00:00Z,0.7019000053405762
2020-05-10T20:00:00Z,0.7019000053405762
2020-05-10T21:00:00Z,0.7019000053405762
2020-05-10T22:00:00Z,0.44339999556541443
2020-05-10T23:00:00Z,0.44339999556541443
2020-05-11T00:00:00Z,0.44339999556541443
2020-05-11T01:00:00Z,0.0737999975681305
2020-05-11T02:00:00Z,0.0737999975681305
2020-05-11T03:00:00Z,0.0737999975681305
2020-05-11T04:00:00Z,0.002199999988079071
2020-05-11T05:00:00Z,0.002199999988079071
2020-05-11T06:00:00Z,0.002199999988079071
2020-05-11T07:00:00Z,-0.004799999762326479
2020-05-11T08:00:00Z,-0.004799999762326479
2020-05-11T09:00:00Z,-0.004799999762326479
2020-05-11T10:00:00Z,-0.002199999988079071
2020-05-11T11:00:00Z,-0.002199999988079071
2020-05-11T12:00:00Z,-0.002199999988079071
2020-05-11T13:00:00Z,0.25209999084472656
2020-05-11T14:00:00Z,0.25209999084472656
2020-05-11T15:00:00Z,0.25209999084472656
2020-05-11T16:00:00Z,0.6144999861717224
2020-05-11T17:00:00Z,0.6144999861717224
2020-05-11T18:00:00Z,0.6144999861717224
2020-05-11T19:00:00Z,0.524399995803833
2020-05-11T20:00:00Z,0.524399995803833
2020-05-11T21:00:00Z,0.524399995803833
2020-05-11T22:00:00Z,0.2653999924659729
2020-05-11T23:00:00Z,0.2653999924659729
2020-05-12T00:00:00Z,0.2653999924659729
2020-05-12T01:00:00Z,0.040300000458955765
2020-05-12T02:00:00Z,0.040300000458955765
2020-05-12T03:00:00Z,0.040300000458955765
2020-05-12T04:00:00Z,0.011699999682605267
2020-05-12T05:00:00Z,0.011699999682605267
2020-05-12T06:00:00Z,0.011699999682605267
2020-05-12T07:00:00Z,0.006099999882280827
2020-05-12T08:00:00Z,0.006099999882280827
2020-05-12T09:00:00Z,0.006099999882280827
2020-05-12T10:00:00Z,0.014499999582767487
2020-05-12T11:00:00Z,0.014499999582767487
2020-05-12T12:00:00Z,0.014499999582767487
2020-05-12T13:00:00Z,0.13750000298023224
2020-05-12T14:00:00Z,0.13750000298023224
2020-05-12T15:00:00Z,0.13750000298023224
2020-05-12T16:00:00Z,0.24059997498989105
2020-05-12T17:00:00Z,0.24059997498989105
2020-05-12T18:00:00Z,0.24059997498989105
2020-05-12T19:00:00Z,0.288100004196167
2020-05-12T20:00:00Z,0.288100004196167
2020-05-12T21:00:00Z,0.288100004196167
2020-05-12T22:00:00Z,0.16929998993873596
2020-05-12T23:00:00Z,0.16929998993873596
2020-05-13T00:00:00Z,0.16929998993873596
2020-05-13T01:00:00Z,0.02070000022649765
2020-05-13T02:00:00Z,0.02070000022649765
2020-05-13T03:00:00Z,0.02070000022649765
2020-05-13T04:00:00Z,0.008499999530613422
2020-05-13T05:00:00Z,0.008499999530613422
2020-05-13T06:00:00Z,0.008499999530613422
2020-05-13T07:00:00Z,0.004299999680370092
2020-05-13T08:00:00Z,0.004299999680370092
2020-05-13T09:00:00Z,0.004299999680370092
2020-05-13T10:00:00Z,0.012799999676644802
2020-05-13T11:00:00Z,0.012799999676644802
2020-05-13T12:00:00Z,0.012799999676644802
2020-05-13T13:00:00Z,0.12639999389648438
2020-05-13T14:00:00Z,0.12639999389648438
2020-05-13T15:00:00Z,0.12639999389648438
2020-05-13T16:00:00Z,0.23889999091625214
2020-05-13T17:00:00Z,0.23889999091625214
2020-05-13T18:00:00Z,0.23889999091625214
2020-05-13T19:00:00Z,0.26899999380111694
2020-05-13T20:00:00Z,0.26899999380111694
2020-05-13T21:00:00Z,0.26899999380111694
2020-05-13T22:00:00Z,0.2232999950647354
2020-05-13T23:00:00Z,0.2232999950647354
2020-05-14T00:00:00Z,0.2232999950647354
2020-05-14T01:00:00Z,0.003999999724328518
2020-05-14T02:00:00Z,0.003999999724328518
2020-05-14T03:00:00Z,0.003999999724328518
2020-05-14T04:00:00Z,-0.028099998831748962
2020-05-14T05:00:00Z,-0.028099998831748962
2020-05-14T06:00:00Z,-0.028099998831748962
2020-05-14T07:00:00Z,-0.028699999675154686
2020-05-14T08:00:00Z,-0.028699999675154686
2020-05-14T09:00:00Z,-0.028699999675154686
2020-05-14T10:00:00Z,-0.011099999770522118
2020-05-14T11:00:00Z,-0.011099999770522118
2020-05-14T12:00:00Z,-0.011099999770522118
2020-05-14T13:00:00Z,0.181099995970726
2020-05-14T14:00:00Z,0.181099995970726
2020-05-14T15:00:00Z,0.181099995970726
2020-05-14T16:00:00Z,0.6556000113487244
2020-05-14T17:00:00Z,0.6556000113487244
2020-05-14T18:00:00Z,0.6556000113487244
2020-05-14T19:00:00Z,0.8258999586105347
2020-05-14T20:00:00Z,0.8258999586105347
2020-05-14T21:00:00Z,0.8258999586105347
2020-05-14T22:00:00Z,0.4690999984741211
2020-05-14T23:00:00Z,0.4690999984741211
2020-05-15T00:00:00Z,0.4690999984741211
2020-05-15T01:00:00Z,0.06499999761581421
2020-05-15T02:00:00Z,0.06499999761581421
2020-05-15T03:00:00Z,0.06499999761581421
2020-05-15T04:00:00Z,0.0066999997943639755
2020-05-15T05:00:00Z,0.0066999997943639755
2020-05-15T06:00:00Z,0.0066999997943639755
2020-05-15T07:00:00Z,0.004999999888241291
2020-05-15T08:00:00Z,0.004999999888241291
2020-05-15T09:00:00Z,0.004999999888241291
2020-05-15T10:00:00Z,-0.004999999888241291
2020-05-15T11:00:00Z,-0.004999999888241291
2020-05-15T12:00:00Z,-0.004999999888241291
2020-05-15T13:00:00Z,0.26989999413490295
2020-05-15T14:00:00Z,0.26989999413490295
2020-05-15T15:00:00Z,0.26989999413490295
2020-05-15T16:00:00Z,0.6466000080108643
2020-05-15T17:00:00Z,0.6466000080108643
2020-05-15T18:00:00Z,0.6466000080108643
2020-05-15T19:00:00Z,0.8148999810218811
2020-05-15T20:00:00Z,0.8148999810218811
2020-05-15T21:00:00Z,0.8148999810218811
2020-05-15T22:00:00Z,0.5206999778747559
2020-05-15T23:00:00Z,0.5206999778747559
2020-05-16T00:00:00Z,0.5206999778747559
2020-05-16T01:00:00Z,0.04399999976158142
2020-05-16T02:00:00Z,0.04399999976158142
2020-05-16T03:00:00Z,0.04399999976158142
2020-05-16T04:00:00Z,2.9999998514540493e-4
2020-05-16T05:00:00Z,2.9999998514540493e-4
2020-05-16T06:00:00Z,2.9999998514540493e-4
2020-05-16T07:00:00Z,-0.0015999999595806003
2020-05-16T08:00:00Z,-0.0015999999595806003
2020-05-16T09:00:00Z,-0.0015999999595806003
2020-05-16T10:00:00Z,-0.0011999999405816197
2020-05-16T11:00:00Z,-0.0011999999405816197
2020-05-16T12:00:00Z,-0.0011999999405816197
2020-05-16T13:00:00Z,0.29819998145103455
2020-05-16T14:00:00Z,0.29819998145103455
2020-05-16T15:00:00Z,0.29819998145103455
2020-05-16T16:00:00Z,0.6814000010490417
2020-05-16T17:00:00Z,0.6814000010490417
2020-05-16T18:00:00Z,0.6814000010490417
2020-05-16T19:00:00Z,0.5519999861717224
2020-05-16T20:00:00Z,0.5519999861717224
2020-05-16T21:00:00Z,0.5519999861717224
2020-05-16T22:00:00Z,0.34630000591278076
2020-05-16T23:00:00Z,0.34630000591278076
2020-05-17T00:00:00Z,0.34630000591278076
2020-05-17T01:00:00Z,0.04309999942779541
2020-05-17T02:00:00Z,0.04309999942779541
2020-05-17T03:00:00Z,0.04309999942779541
2020-05-17T04:00:00Z,-0.0072999997064471245
2020-05-17T05:00:00Z,-0.0072999997064471245
2020-05-17T06:00:00Z,-0.0072999997064471245
2020-05-17T07:00:00Z,-0.008499999530613422
2020-05-17T08:00:00Z,-0.008499999530613422
2020-05-17T09:00:00Z,-0.008499999530613422
2020-05-17T10:00:00Z,0.00699999975040555
2020-05-17T11:00:00Z,0.00699999975040555
2020-05-17T12:00:00Z,0.00699999975040555
2020-05-17T13:00:00Z,0.25769999623298645
2020-05-17T14:00:00Z,0.25769999623298645
2020-05-17T15:00:00Z,0.25769999623298645
2020-05-17T16:00:00Z,0.652899980545044
2020-05-17T17:00:00Z,0.652899980545044
2020-05-17T18:00:00Z,0.652899980545044
2020-05-17T19:00:00Z,0.8357999920845032
2020-05-17T20:00:00Z,0.8357999920845032
2020-05-17T21:00:00Z,0.8357999920845032
2020-05-17T22:00:00Z,0.5041999816894531
2020-05-17T23:00:00Z,0.5041999816894531
2020-05-18T00:00:00Z,0.5041999816894531
2020-05-18T01:00:00Z,0.10019999742507935
2020-05-18T02:00:00Z,0.10019999742507935
2020-05-18T03:00:00Z,0.10019999742507935
2020-05-18T04:00:00Z,0.03929999843239784
2020-05-18T05:00:00Z,0.03929999843239784
2020-05-18T06:00:00Z,0.03929999843239784
2020-05-18T07:00:00Z,0.035999998450279236
2020-05-18T08:00:00Z,0.035999998450279236
2020-05-18T09:00:00Z,0.035999998450279236
2020-05-18T10:00:00Z,0.027699999511241913
2020-05-18T11:00:00Z,0.027699999511241913
2020-05-18T12:00:00Z,0.027699999511241913
2020-05-18T13:00:00Z,0.14790000021457672
2020-05-18T14:00:00Z,0.14790000021457672
2020-05-18T15:00:00Z,0.14790000021457672
2020-05-18T16:00:00Z,0.3075999915599823
2020-05-18T17:00:00Z,0.3075999915599823
2020-05-18T18:00:00Z,0.3075999915599823
2020-05-18T19:00:00Z,0.32409998774528503
2020-05-18T20:00:00Z,0.32409998774528503
2020-05-18T21:00:00Z,0.32409998774528503
2020-05-18T22:00:00Z,0.19769999384880066
2020-05-18T23:00:00Z,0.19769999384880066
2020-05-19T00:00:00Z,0.19769999384880066
2020-05-19T01:00:00Z,0.03879999741911888
2020-05-19T02:00:00Z,0.03879999741911888
2020-05-19T03:00:00Z,0.03879999741911888
2020-05-19T04:00:00Z,0.01719999872148037
2020-05-19T05:00:00Z,0.01719999872148037
2020-05-19T06:00:00Z,0.01719999872148037
2020-05-19T07:00:00Z,0.0016999999061226845
2020-05-19T08:00:00Z,0.0016999999061226845
2020-05-19T09:00:00Z,0.0016999999061226845
2020-05-19T10:00:00Z,0.00989999994635582
2020-05-19T11:00:00Z,0.00989999994635582
2020-05-19T12:00:00Z,0.00989999994635582
2020-05-19T13:00:00Z,0.19329999387264252
2020-05-19T14:00:00Z,0.19329999387264252
2020-05-19T15:00:00Z,0.19329999387264252
2020-05-19T16:00:00Z,0.5238999724388123
2020-05-19T17:00:00Z,0.5238999724388123
2020-05-19T18:00:00Z,0.5238999724388123
2020-05-19T19:00:00Z,0.7069999575614929
2020-05-19T20:00:00Z,0.7069999575614929
2020-05-19T21:00:00Z,0.7069999575614929
2020-05-19T22:00:00Z,0.4194999933242798
2020-05-19T23:00:00Z,0.4194999933242798
2020-05-20T00:00:00Z,0.4194999933242798
2020-05-20T01:00:00Z,0.05009999871253967
2020-05-20T02:00:00Z,0.05009999871253967
2020-05-20T03:00:00Z,0.05009999871253967
2020-05-20T04:00:00Z,0.00559999980032444
2020-05-20T05:00:00Z,0.00559999980032444
2020-05-20T06:00:00Z,0.00559999980032444
2020-05-20T07:00:00Z,-3.9999998989515007e-4
2020-05-20T08:00:00Z,-3.9999998989515007e-4
2020-05-20T09:00:00Z,-3.9999998989515007e-4
2020-05-20T10:00:00Z,0.009200000204145908
2020-05-20T11:00:00Z,0.009200000204145908
2020-05-20T12:00:00Z,0.009200000204145908
2020-05-20T13:00:00Z,0.12229999899864197
2020-05-20T14:00:00Z,0.12229999899864197
2020-05-20T15:00:00Z,0.12229999899864197
2020-05-20T16:00:00Z,0.35040000081062317
2020-05-20T17:00:00Z,0.35040000081062317
2020-05-20T18:00:00Z,0.35040000081062317
2020-05-20T19:00:00Z,0.46059998869895935
2020-05-20T20:00:00Z,0.46059998869895935
2020-05-20T21:00:00Z,0.46059998869895935
2020-05-20T22:00:00Z,0.2822999954223633
2020-05-20T23:00:00Z,0.2822999954223633
2020-05-21T00:00:00Z,0.2822999954223633
2020-05-21T01:00:00Z,0.042399998754262924
2020-05-21T02:00:00Z,0.042399998754262924
2020-05-21T03:00:00Z,0.042399998754262924
2020-05-21T04:00:00Z,0.01899999938905239
2020-05-21T05:00:00Z,0.01899999938905239
2020-05-21T06:00:00Z,0.01899999938905239
2020-05-21T07:00:00Z,0.009399999864399433
2020-05-21T08:00:00Z,0.009399999864399433
2020-05-21T09:00:00Z,0.009399999864399433
2020-05-21T10:00:00Z,0.010499999858438969
2020-05-21T11:00:00Z,0.010499999858438969
2020-05-21T12:00:00Z,0.010499999858438969
2020-05-21T13:00:00Z,0.17149999737739563
2020-05-21T14:00:00Z,0.17149999737739563
2020-05-21T15:00:00Z,0.17149999737739563
2020-05-21T16:00:00Z,0.344899982213974
2020-05-21T17:00:00Z,0.344899982213974
2020-05-21T18:00:00Z,0.344899982213974
2020-05-21T19:00:00Z,0.47579997777938843
2020-05-21T20:00:00Z,0.47579997777938843
2020-05-21T21:00:00Z,0.47579997777938843
2020-05-21T22:00:00Z,0.2944999635219574
2020-05-21T23:00:00Z,0.2944999635219574
2020-05-22T00:00:00Z,0.2944999635219574
2020-05-22T01:00:00Z,0.04479999840259552
2020-05-22T02:00:00Z,0.04479999840259552
2020-05-22T03:00:00Z,0.04479999840259552
2020-05-22T04:00:00Z,0.007799999788403511
2020-05-22T05:00:00Z,0.007799999788403511
2020-05-22T06:00:00Z,0.007799999788403511
2020-05-22T07:00:00Z,0.005200000014156103
2020-05-22T08:00:00Z,0.005200000014156103
2020-05-22T09:00:00Z,0.005200000014156103
2020-05-22T10:00:00Z,0.013399999588727951
2020-05-22T11:00:00Z,0.013399999588727951
2020-05-22T12:00:00Z,0.013399999588727951
2020-05-22T13:00:00Z,0.17299999296665192
2020-05-22T14:00:00Z,0.17299999296665192
2020-05-22T15:00:00Z,0.17299999296665192
2020-05-22T16:00:00Z,0.41349998116493225
2020-05-22T17:00:00Z,0.41349998116493225
2020-05-22T18:00:00Z,0.41349998116493225
2020-05-22T19:00:00Z,0.5959999561309814
2020-05-22T20:00:00Z,0.5959999561309814
2020-05-22T21:00:00Z,0.5959999561309814
2020-05-22T22:00:00Z,0.31039997935295105
2020-05-22T23:00:00Z,0.31039997935295105
2020-05-23T00:00:00Z,0.31039997935295105
2020-05-23T01:00:00Z,0.03529999777674675
2020-05-23T02:00:00Z,0.03529999777674675
2020-05-23T03:00:00Z,0.03529999777674675
2020-05-23T04:00:00Z,-0.007400000002235174
2020-05-23T05:00:00Z,-0.007400000002235174
2020-05-23T06:00:00Z,-0.007400000002235174
2020-05-23T07:00:00Z,-5.999999702908099e-4
2020-05-23T08:00:00Z,-5.999999702908099e-4
2020-05-23T09:00:00Z,-5.999999702908099e-4
2020-05-23T10:00:00Z,0.012199999764561653
2020-05-23T11:00:00Z,0.012199999764561653
2020-05-23T12:00:00Z,0.012199999764561653
2020-05-23T13:00:00Z,0.33169999718666077
2020-05-23T14:00:00Z,0.33169999718666077
2020-05-23T15:00:00Z,0.33169999718666077
2020-05-23T16:00:00Z,0.8066999912261963
2020-05-23T17:00:00Z,0.8066999912261963
2020-05-23T18:00:00Z,0.8066999912261963
2020-05-23T19:00:00Z,0.9041999578475952
2020-05-23T20:00:00Z,0.9041999578475952
2020-05-23T21:00:00Z,0.9041999578475952
2020-05-23T22:00:00Z,0.5185999870300293
2020-05-23T23:00:00Z,0.5185999870300293
2020-05-24T00:00:00Z,0.5185999870300293
2020-05-24T01:00:00Z,0.028599999845027924
2020-05-24T02:00:00Z,0.028599999845027924
2020-05-24T03:00:00Z,0.028599999845027924
2020-05-24T04:00:00Z,-0.0072999997064471245
2020-05-24T05:00:00Z,-0.0072999997064471245
2020-05-24T06:00:00Z,-0.0072999997064471245
2020-05-24T07:00:00Z,-0.010599999688565731
2020-05-24T08:00:00Z,-0.010599999688565731
2020-05-24T09:00:00Z,-0.010599999688565731
2020-05-24T10:00:00Z,-0.0052999998442828655
2020-05-24T11:00:00Z,-0.0052999998442828655
2020-05-24T12:00:00Z,-0.0052999998442828655
2020-05-24T13:00:00Z,0.33889999985694885
2020-05-24T14:00:00Z,0.33889999985694885
2020-05-24T15:00:00Z,0.33889999985694885
2020-05-24T16:00:00Z,0.7533999681472778
2020-05-24T17:00:00Z,0.7533999681472778
2020-05-24T18:00:00Z,0.7533999681472778
2020-05-24T19:00:00Z,0.830299973487854
2020-05-24T20:00:00Z,0.830299973487854
2020-05-24T21:00:00Z,0.830299973487854
2020-05-24T22:00:00Z,0.40209999680519104
2020-05-24T23:00:00Z,0.40209999680519104
2020-05-25T00:00:00Z,0.40209999680519104
2020-05-25T01:00:00Z,0.08069999516010284
2020-05-25T02:00:00Z,0.08069999516010284
2020-05-25T03:00:00Z,0.08069999516010284
2020-05-25T04:00:00Z,0.021900000050663948
2020-05-25T05:00:00Z,0.021900000050663948
2020-05-25T06:00:00Z,0.021900000050663948
2020-05-25T07:00:00Z,-0.007400000002235174
2020-05-25T08:00:00Z,-0.007400000002235174
2020-05-25T09:00:00Z,-0.007400000002235174
2020-05-25T10:00:00Z,-0.0037999998312443495
2020-05-25T11:00:00Z,-0.0037999998312443495
2020-05-25T12:00:00Z,-0.0037999998312443495
2020-05-25T13:00:00Z,0.3158999979496002
2020-05-25T14:00:00Z,0.3158999979496002
2020-05-25T15:00:00Z,0.3158999979496002
2020-05-25T16:00:00Z,0.5245999693870544
2020-05-25T17:00:00Z,0.5245999693870544
2020-05-25T18:00:00Z,0.5245999693870544
2020-05-25T19:00:00Z,0.6674999594688416
2020-05-25T20:00:00Z,0.6674999594688416
2020-05-25T21:00:00Z,0.6674999594688416
2020-05-25T22:00:00Z,0.2401999980211258
2020-05-25T23:00:00Z,0.2401999980211258
2020-05-26T00:00:00Z,0.2401999980211258
2020-05-26T01:00:00Z,0.05209999904036522
2020-05-26T02:00:00Z,0.05209999904036522
2020-05-26T03:00:00Z,0.05209999904036522
2020-05-26T04:00:00Z,0.005799999926239252
2020-05-26T05:00:00Z,0.005799999926239252
2020-05-26T06:00:00Z,0.005799999926239252
2020-05-26T07:00:00Z,0.020499998703598976
2020-05-26T08:00:00Z,0.020499998703598976
2020-05-26T09:00:00Z,0.020499998703598976
2020-05-26T10:00:00Z,0.020399998873472214
2020-05-26T11:00:00Z,0.020399998873472214
2020-05-26T12:00:00Z,0.020399998873472214
2020-05-26T13:00:00Z,0.31790000200271606
2020-05-26T14:00:00Z,0.31790000200271606
2020-05-26T15:00:00Z,0.31790000200271606
2020-05-26T16:00:00Z,0.7652999758720398
2020-05-26T17:00:00Z,0.7652999758720398
2020-05-26T18:00:00Z,0.7652999758720398
2020-05-26T19:00:00Z,0.6912999749183655
2020-05-26T20:00:00Z,0.6912999749183655
2020-05-26T21:00:00Z,0.6912999749183655
2020-05-26T22:00:00Z,0.39409998059272766
2020-05-26T23:00:00Z,0.39409998059272766
2020-05-27T00:00:00Z,0.39409998059272766
2020-05-27T01:00:00Z,0.06729999929666519
2020-05-27T02:00:00Z,0.06729999929666519
2020-05-27T03:00:00Z,0.06729999929666519
2020-05-27T04:00:00Z,0.007400000002235174
2020-05-27T05:00:00Z,0.007400000002235174
2020-05-27T06:00:00Z,0.007400000002235174
2020-05-27T07:00:00Z,-7.999999797903001e-4
2020-05-27T08:00:00Z,-7.999999797903001e-4
2020-05-27T09:00:00Z,-7.999999797903001e-4
2020-05-27T10:00:00Z,0.00279999990016222
2020-05-27T11:00:00Z,0.00279999990016222
2020-05-27T12:00:00Z,0.00279999990016222
2020-05-27T13:00:00Z,0.19829997420310974
2020-05-27T14:00:00Z,0.19829997420310974
2020-05-27T15:00:00Z,0.19829997420310974
2020-05-27T16:00:00Z,0.36660000681877136
2020-05-27T17:00:00Z,0.36660000681877136
2020-05-27T18:00:00Z,0.36660000681877136
2020-05-27T19:00:00Z,0.3828999996185303
2020-05-27T20:00:00Z,0.3828999996185303
2020-05-27T21:00:00Z,0.3828999996185303
2020-05-27T22:00:00Z,0.23899999260902405
2020-05-27T23:00:00Z,0.23899999260902405
2020-05-28T00:00:00Z,0.23899999260902405
2020-05-28T01:00:00Z,0.03289997577667236
2020-05-28T02:00:00Z,0.03289997577667236
2020-05-28T03:00:00Z,0.03289997577667236
2020-05-28T04:00:00Z,0.006799999624490738
2020-05-28T05:00:00Z,0.006799999624490738
2020-05-28T06:00:00Z,0.006799999624490738
2020-05-28T07:00:00Z,0.003499999875202775
2020-05-28T08:00:00Z,0.003499999875202775
2020-05-28T09:00:00Z,0.003499999875202775
2020-05-28T10:00:00Z,0.00839999970048666
2020-05-28T11:00:00Z,0.00839999970048666
2020-05-28T12:00:00Z,0.00839999970048666
2020-05-28T13:00:00Z,0.21079999208450317
2020-05-28T14:00:00Z,0.21079999208450317
2020-05-28T15:00:00Z,0.21079999208450317
2020-05-28T16:00:00Z,0.38259997963905334
2020-05-28T17:00:00Z,0.38259997963905334
2020-05-28T18:00:00Z,0.38259997963905334
2020-05-28T19:00:00Z,0.39239999651908875
2020-05-28T20:00:00Z,0.39239999651908875
2020-05-28T21:00:00Z,0.39239999651908875
2020-05-28T22:00:00Z,0.2087000012397766
2020-05-28T23:00:00Z,0.2087000012397766
2020-05-29T00:00:00Z,0.2087000012397766
2020-05-29T01:00:00Z,0.06549999862909317
2020-05-29T02:00:00Z,0.06549999862909317
2020-05-29T03:00:00Z,0.06549999862909317
2020-05-29T04:00:00Z,0.02879999950528145
2020-05-29T05:00:00Z,0.02879999950528145
2020-05-29T06:00:00Z,0.02879999950528145
2020-05-29T07:00:00Z,-0.004699999932199717
2020-05-29T08:00:00Z,-0.004699999932199717
2020-05-29T09:00:00Z,-0.004699999932199717
2020-05-29T10:00:00Z,-0.0015999999595806003
2020-05-29T11:00:00Z,-0.0015999999595806003
2020-05-29T12:00:00Z,-0.0015999999595806003
2020-05-29T13:00:00Z,0.31220000982284546
2020-05-29T14:00:00Z,0.31220000982284546
2020-05-29T15:00:00Z,0.31220000982284546
2020-05-29T16:00:00Z,0.73089998960495
2020-05-29T17:00:00Z,0.73089998960495
2020-05-29T18:00:00Z,0.73089998960495
2020-05-29T19:00:00Z,0.9055999517440796
2020-05-29T20:00:00Z,0.9055999517440796
2020-05-29T21:00:00Z,0.9055999517440796
2020-05-29T22:00:00Z,0.5521000027656555
2020-05-29T23:00:00Z,0.5521000027656555
2020-05-30T00:00:00Z,0.5521000027656555
2020-05-30T01:00:00Z,0.04470000043511391
2020-05-30T02:00:00Z,0.04470000043511391
2020-05-30T03:00:00Z,0.04470000043511391
2020-05-30T04:00:00Z,-0.001999999862164259
2020-05-30T05:00:00Z,-0.001999999862164259
2020-05-30T06:00:00Z,-0.001999999862164259
2020-05-30T07:00:00Z,-0.007599999662488699
2020-05-30T08:00:00Z,-0.007599999662488699
2020-05-30T09:00:00Z,-0.007599999662488699
2020-05-30T10:00:00Z,-0.00139999995008111
2020-05-30T11:00:00Z,-0.00139999995008111
2020-05-30T12:00:00Z,-0.00139999995008111
2020-05-30T13:00:00Z,0.2818000018596649
2020-05-30T14:00:00Z,0.2818000018596649
2020-05-30T15:00:00Z,0.2818000018596649
2020-05-30T16:00:00Z,0.7275999784469604
2020-05-30T17:00:00Z,0.7275999784469604
2020-05-30T18:00:00Z,0.7275999784469604
2020-05-30T19:00:00Z,0.5266000032424927
2020-05-30T20:00:00Z,0.5266000032424927
2020-05-30T21:00:00Z,0.5266000032424927
2020-05-30T22:00:00Z,0.2133999913930893
2020-05-30T23:00:00Z,0.2133999913930893
2020-05-31T00:00:00Z,0.2133999913930893
2020-05-31T01:00:00Z,0.02759997546672821
2020-05-31T02:00:00Z,0.02759997546672821
2020-05-31T03:00:00Z,0.02759997546672821
2020-05-31T04:00:00Z,0.0072999997064471245
2020-05-31T05:00:00Z,0.0072999997064471245
2020-05-31T06:00:00Z,0.0072999997064471245
2020-05-31T07:00:00Z,0.005499999970197678
2020-05-31T08:00:00Z,0.005499999970197678
2020-05-31T09:00:00Z,0.005499999970197678
2020-05-31T10:00:00Z,0.01529999915510416
2020-05-31T11:00:00Z,0.01529999915510416
2020-05-31T12:00:00Z,0.01529999915510416
2020-05-31T13:00:00Z,0.23680000007152557
2020-05-31T14:00:00Z,0.23680000007152557
2020-05-31T15:00:00Z,0.23680000007152557
2020-05-31T16:00:00Z,0.49539998173713684
2020-05-31T17:00:00Z,0.49539998173713684
2020-05-31T18:00:00Z,0.49539998173713684
2020-05-31T19:00:00Z,0.784500002861023
2020-05-31T20:00:00Z,0.784500002861023
2020-05-31T21:00:00Z,0.784500002861023
2020-05-31T22:00:00Z,0.505899965763092
2020-05-31T23:00:00Z,0.505899965763092
2020-06-01T00:00:00Z,0.505899965763092
2020-06-01T01:00:00Z,0.04470000043511391
2020-06-01T02:00:00Z,0.04470000043511391
2020-06-01T03:00:00Z,0.04470000043511391
2020-06-01T04:00:00Z,0.00559999980032444
2020-06-01T05:00:00Z,0.00559999980032444
2020-06-01T06:00:00Z,0.00559999980032444
2020-06-01T07:00:00Z,0.008200000040233135
2020-06-01T08:00:00Z,0.008200000040233135
2020-06-01T09:00:00Z,0.008200000040233135
2020-06-01T10:00:00Z,0.028699999675154686
2020-06-01T11:00:00Z,0.028699999675154686
2020-06-01T12:00:00Z,0.028699999675154686
2020-06-01T13:00:00Z,0.2782000005245209
2020-06-01T14:00:00Z,0.2782000005245209
2020-06-01T15:00:00Z,0.2782000005245209
2020-06-01T16:00:00Z,0.8052999973297119
2020-06-01T17:00:00Z,0.8052999973297119
2020-06-01T18:00:00Z,0.8052999973297119
2020-06-01T19:00:00Z,0.9030999541282654
2020-06-01T20:00:00Z,0.9030999541282654
2020-06-01T21:00:00Z,0.9030999541282654
2020-06-01T22:00:00Z,0.5199999809265137
2020-06-01T23:00:00Z,0.5199999809265137
2020-06-02T00:00:00Z,0.5199999809265137
2020-06-02T01:00:00Z,0.06379999965429306
2020-06-02T02:00:00Z,0.06379999965429306
2020-06-02T03:00:00Z,0.06379999965429306
2020-06-02T04:00:00Z,-0.005699999630451202
2020-06-02T05:00:00Z,-0.005699999630451202
2020-06-02T06:00:00Z,-0.005699999630451202
2020-06-02T07:00:00Z,-0.017099998891353607
2020-06-02T08:00:00Z,-0.017099998891353607
2020-06-02T09:00:00Z,-0.017099998891353607
2020-06-02T10:00:00Z,-0.008200000040233135
2020-06-02T11:00:00Z,-0.008200000040233135
2020-06-02T12:00:00Z,-0.008200000040233135
2020-06-02T13:00:00Z,0.3464999794960022
2020-06-02T14:00:00Z,0.3464999794960022
2020-06-02T15:00:00Z,0.3464999794960022
2020-06-02T16:00:00Z,0.7788999676704407
2020-06-02T17:00:00Z,0.7788999676704407
2020-06-02T18:00:00Z,0.7788999676704407
2020-06-02T19:00:00Z,0.8700999617576599
2020-06-02T20:00:00Z,0.8700999617576599
2020-06-02T21:00:00Z,0.8700999617576599
2020-06-02T22:00:00Z,0.526199996471405
2020-06-02T23:00:00Z,0.526199996471405
2020-06-03T00:00:00Z,0.526199996471405
2020-06-03T01:00:00Z,0.045099999755620956
2020-06-03T02:00:00Z,0.045099999755620956
2020-06-03T03:00:00Z,0.045099999755620956
2020-06-03T04:00:00Z,-0.017999999225139618
2020-06-03T05:00:00Z,-0.017999999225139618
2020-06-03T06:00:00Z,-0.017999999225139618
2020-06-03T07:00:00Z,-0.02410000003874302
2020-06-03T08:00:00Z,-0.02410000003874302
2020-06-03T09:00:00Z,-0.02410000003874302
2020-06-03T10:00:00Z,-0.002199999988079071
2020-06-03T11:00:00Z,-0.002199999988079071
2020-06-03T12:00:00Z,-0.002199999988079071
2020-06-03T13:00:00Z,0.34439998865127563
2020-06-03T14:00:00Z,0.34439998865127563
2020-06-03T15:00:00Z,0.34439998865127563
2020-06-03T16:00:00Z,0.791700005531311
2020-06-03T17:00:00Z,0.791700005531311
2020-06-03T18:00:00Z,0.791700005531311
2020-06-03T19:00:00Z,0.880899965763092
2020-06-03T20:00:00Z,0.880899965763092
2020-06-03T21:00:00Z,0.880899965763092
2020-06-03T22:00:00Z,0.557200014591217
2020-06-03T23:00:00Z,0.557200014591217
2020-06-04T00:00:00Z,0.557200014591217
2020-06-04T01:00:00Z,0.06289999932050705
2020-06-04T02:00:00Z,0.06289999932050705
2020-06-04T03:00:00Z,0.06289999932050705
2020-06-04T04:00:00Z,0.021199999377131462
2020-06-04T05:00:00Z,0.021199999377131462
2020-06-04T06:00:00Z,0.021199999377131462
2020-06-04T07:00:00Z,0.013799999840557575
2020-06-04T08:00:00Z,0.013799999840557575
2020-06-04T09:00:00Z,0.013799999840557575
2020-06-04T10:00:00Z,0.009999999776482582
2020-06-04T11:00:00Z,0.009999999776482582
2020-06-04T12:00:00Z,0.009999999776482582
2020-06-04T13:00:00Z,0.32429999113082886
2020-06-04T14:00:00Z,0.32429999113082886
2020-06-04T15:00:00Z,0.32429999113082886
2020-06-04T16:00:00Z,0.7597999572753906
2020-06-04T17:00:00Z,0.7597999572753906
2020-06-04T18:00:00Z,0.7597999572753906
2020-06-04T19:00:00Z,0.8745999932289124
2020-06-04T20:00:00Z,0.8745999932289124
2020-06-04T21:00:00Z,0.8745999932289124
2020-06-04T22:00:00Z,0.527999997138977
2020-06-04T23:00:00Z,0.527999997138977
2020-06-05T00:00:00Z,0.527999997138977
2020-06-05T01:00:00Z,0.04349999874830246
2020-06-05T02:00:00Z,0.04349999874830246
2020-06-05T03:00:00Z,0.04349999874830246
2020-06-05T04:00:00Z,-0.0071000000461936
2020-06-05T05:00:00Z,-0.0071000000461936
2020-06-05T06:00:00Z,-0.0071000000461936
2020-06-05T07:00:00Z,-0.012899999506771564
2020-06-05T08:00:00Z,-0.012899999506771564
2020-06-05T09:00:00Z,-0.012899999506771564
2020-06-05T10:00:00Z,0.012600000016391277
2020-06-05T11:00:00Z,0.012600000016391277
2020-06-05T12:00:00Z,0.012600000016391277
2020-06-05T13:00:00Z,0.3003000020980835
2020-06-05T14:00:00Z,0.3003000020980835
2020-06-05T15:00:00Z,0.3003000020980835
2020-06-05T16:00:00Z,0.6947999596595764
2020-06-05T17:00:00Z,0.6947999596595764
2020-06-05T18:00:00Z,0.6947999596595764
2020-06-05T19:00:00Z,0.7955999970436096
2020-06-05T20:00:00Z,0.7955999970436096
2020-06-05T21:00:00Z,0.7955999970436096
2020-06-05T22:00:00Z,0.5170999765396118
2020-06-05T23:00:00Z,0.5170999765396118
2020-06-06T00:00:00Z,0.5170999765396118
2020-06-06T01:00:00Z,0.06279999762773514
2020-06-06T02:00:00Z,0.06279999762773514
2020-06-06T03:00:00Z,0.06279999762773514
2020-06-06T04:00:00Z,2.9999998514540493e-4
2020-06-06T05:00:00Z,2.9999998514540493e-4
2020-06-06T06:00:00Z,2.9999998514540493e-4
2020-06-06T07:00:00Z,-0.006599999964237213
2020-06-06T08:00:00Z,-0.006599999964237213
2020-06-06T09:00:00Z,-0.006599999964237213
2020-06-06T10:00:00Z,0.006099999882280827
2020-06-06T11:00:00Z,0.006099999882280827
2020-06-06T12:00:00Z,0.006099999882280827
2020-06-06T13:00:00Z,0.38269999623298645
2020-06-06T14:00:00Z,0.38269999623298645
2020-06-06T15:00:00Z,0.38269999623298645
2020-06-06T16:00:00Z,0.8362999558448792
2020-06-06T17:00:00Z,0.8362999558448792
2020-06-06T18:00:00Z,0.8362999558448792
2020-06-06T19:00:00Z,0.9175999760627747
2020-06-06T20:00:00Z,0.9175999760627747
2020-06-06T21:00:00Z,0.9175999760627747
2020-06-06T22:00:00Z,0.5626999735832214
2020-06-06T23:00:00Z,0.5626999735832214
2020-06-07T00:00:00Z,0.5626999735832214
2020-06-07T01:00:00Z,0.05779999867081642
2020-06-07T02:00:00Z,0.05779999867081642
2020-06-07T03:00:00Z,0.05779999867081642
2020-06-07T04:00:00Z,0.0071000000461936
2020-06-07T05:00:00Z,0.0071000000461936
2020-06-07T06:00:00Z,0.0071000000461936
2020-06-07T07:00:00Z,8.999999845400453e-4
2020-06-07T08:00:00Z,8.999999845400453e-4
2020-06-07T09:00:00Z,8.999999845400453e-4
2020-06-07T10:00:00Z,0.008899999782443047
2020-06-07T11:00:00Z,0.008899999782443047
2020-06-07T12:00:00Z,0.008899999782443047
2020-06-07T13:00:00Z,0.3757999837398529
2020-06-07T14:00:00Z,0.3757999837398529
2020-06-07T15:00:00Z,0.3757999837398529
2020-06-07T16:00:00Z,0.8054999709129333
2020-06-07T17:00:00Z,0.8054999709129333
2020-06-07T18:00:00Z,0.8054999709129333
2020-06-07T19:00:00Z,0.9347999691963196
2020-06-07T20:00:00Z,0.9347999691963196
2020-06-07T21:00:00Z,0.9347999691963196
2020-06-07T22:00:00Z,0.5967000126838684
2020-06-07T23:00:00Z,0.5967000126838684
2020-06-08T00:00:00Z,0.5967000126838684
2020-06-08T01:00:00Z,0.07279999554157257
2020-06-08T02:00:00Z,0.07279999554157257
2020-06-08T03:00:00Z,0.07279999554157257
2020-06-08T04:00:00Z,0.016099998727440834
2020-06-08T05:00:00Z,0.016099998727440834
2020-06-08T06:00:00Z,0.016099998727440834
2020-06-08T07:00:00Z,0.011699999682605267
2020-06-08T08:00:00Z,0.011699999682605267
2020-06-08T09:00:00Z,0.011699999682605267
2020-06-08T10:00:00Z,0.01209999993443489
2020-06-08T11:00:00Z,0.01209999993443489
2020-06-08T12:00:00Z,0.01209999993443489
2020-06-08T13:00:00Z,0.3874000012874603
2020-06-08T14:00:00Z,0.3874000012874603
2020-06-08T15:00:00Z,0.3874000012874603
2020-06-08T16:00:00Z,0.7870999574661255
2020-06-08T17:00:00Z,0.7870999574661255
2020-06-08T18:00:00Z,0.7870999574661255
2020-06-08T19:00:00Z,0.8488999605178833
2020-06-08T20:00:00Z,0.8488999605178833
2020-06-08T21:00:00Z,0.8488999605178833
2020-06-08T22:00:00Z,0.5331000089645386
2020-06-08T23:00:00Z,0.5331000089645386
2020-06-09T00:00:00Z,0.5331000089645386
2020-06-09T01:00:00Z,0.05460000038146973
2020-06-09T02:00:00Z,0.05460000038146973
2020-06-09T03:00:00Z,0.05460000038146973
2020-06-09T04:00:00Z,0.004999999888241291
2020-06-09T05:00:00Z,0.004999999888241291
2020-06-09T06:00:00Z,0.004999999888241291
2020-06-09T07:00:00Z,0.001500000013038516
2020-06-09T08:00:00Z,0.001500000013038516
2020-06-09T09:00:00Z,0.001500000013038516
2020-06-09T10:00:00Z,0.010099999606609344
2020-06-09T11:00:00Z,0.010099999606609344
2020-06-09T12:00:00Z,0.010099999606609344
2020-06-09T13:00:00Z,0.1736999899148941
2020-06-09T14:00:00Z,0.1736999899148941
2020-06-09T15:00:00Z,0.1736999899148941
2020-06-09T16:00:00Z,0.34610000252723694
2020-06-09T17:00:00Z,0.34610000252723694
2020-06-09T18:00:00Z,0.34610000252723694
2020-06-09T19:00:00Z,0.6161999702453613
2020-06-09T20:00:00Z,0.6161999702453613
2020-06-09T21:00:00Z,0.6161999702453613
2020-06-09T22:00:00Z,0.5066999793052673
2020-06-09T23:00:00Z,0.5066999793052673
2020-06-10T00:00:00Z,0.5066999793052673
2020-06-10T01:00:00Z,0.09160000085830688
2020-06-10T02:00:00Z,0.09160000085830688
2020-06-10T03:00:00Z,0.09160000085830688
2020-06-10T04:00:00Z,-0.0030999998562037945
2020-06-10T05:00:00Z,-0.0030999998562037945
2020-06-10T06:00:00Z,-0.0030999998562037945
2020-06-10T07:00:00Z,-0.019199999049305916
2020-06-10T08:00:00Z,-0.019199999049305916
2020-06-10T09:00:00Z,-0.019199999049305916
2020-06-10T10:00:00Z,-0.004900000058114529
2020-06-10T11:00:00Z,-0.004900000058114529
2020-06-10T12:00:00Z,-0.004900000058114529
2020-06-10T13:00:00Z,0.20389996469020844
2020-06-10T14:00:00Z,0.20389996469020844
2020-06-10T15:00:00Z,0.20389996469020844
2020-06-10T16:00:00Z,0.23109999299049377
2020-06-10T17:00:00Z,0.23109999299049377
2020-06-10T18:00:00Z,0.23109999299049377
2020-06-10T19:00:00Z,0.4219000041484833
2020-06-10T20:00:00Z,0.4219000041484833
2020-06-10T21:00:00Z,0.4219000041484833
2020-06-10T22:00:00Z,0.5174999833106995
2020-06-10T23:00:00Z,0.5174999833106995
2020-06-11T00:00:00Z,0.5174999833106995
2020-06-11T01:00:00Z,0.08289999514818192
2020-06-11T02:00:00Z,0.08289999514818192
2020-06-11T03:00:00Z,0.08289999514818192
2020-06-11T04:00:00Z,0.009299974888563156
2020-06-11T05:00:00Z,0.009299974888563156
2020-06-11T06:00:00Z,0.009299974888563156
2020-06-11T07:00:00Z,-0.005399999674409628
2020-06-11T08:00:00Z,-0.005399999674409628
2020-06-11T09:00:00Z,-0.005399999674409628
2020-06-11T10:00:00Z,0.0029999755788594484
2020-06-11T11:00:00Z,0.0029999755788594484
2020-06-11T12:00:00Z,0.0029999755788594484
2020-06-11T13:00:00Z,0.30539998412132263
2020-06-11T14:00:00Z,0.30539998412132263
2020-06-11T15:00:00Z,0.30539998412132263
2020-06-11T16:00:00Z,0.7318999767303467
2020-06-11T17:00:00Z,0.7318999767303467
2020-06-11T18:00:00Z,0.7318999767303467
2020-06-11T19:00:00Z,0.9293999671936035
2020-06-11T20:00:00Z,0.9293999671936035
2020-06-11T21:00:00Z,0.9293999671936035
2020-06-11T22:00:00Z,0.564799964427948
2020-06-11T23:00:00Z,0.564799964427948
2020-06-12T00:00:00Z,0.564799964427948
2020-06-12T01:00:00Z,0.046299997717142105
2020-06-12T02:00:00Z,0.046299997717142105
2020-06-12T03:00:00Z,0.046299997717142105
2020-06-12T04:00:00Z,-0.002099999925121665
2020-06-12T05:00:00Z,-0.002099999925121665
2020-06-12T06:00:00Z,-0.002099999925121665
2020-06-12T07:00:00Z,-0.007599999662488699
2020-06-12T08:00:00Z,-0.007599999662488699
2020-06-12T09:00:00Z,-0.007599999662488699
2020-06-12T10:00:00Z,4.999999655410647e-4
2020-06-12T11:00:00Z,4.999999655410647e-4
2020-06-12T12:00:00Z,4.999999655410647e-4
2020-06-12T13:00:00Z,0.323199987411499
2020-06-12T14:00:00Z,0.323199987411499
2020-06-12T15:00:00Z,0.323199987411499
2020-06-12T16:00:00Z,0.740399956703186
2020-06-12T17:00:00Z,0.740399956703186
2020-06-12T18:00:00Z,0.740399956703186
2020-06-12T19:00:00Z,0.8782999515533447
2020-06-12T20:00:00Z,0.8782999515533447
2020-06-12T21:00:00Z,0.8782999515533447
2020-06-12T22:00:00Z,0.5453000068664551
2020-06-12T23:00:00Z,0.5453000068664551
2020-06-13T00:00:00Z,0.5453000068664551
2020-06-13T01:00:00Z,0.04969999939203262
2020-06-13T02:00:00Z,0.04969999939203262
2020-06-13T03:00:00Z,0.04969999939203262
2020-06-13T04:00:00Z,-0.0044999998062849045
2020-06-13T05:00:00Z,-0.0044999998062849045
2020-06-13T06:00:00Z,-0.0044999998062849045
2020-06-13T07:00:00Z,-0.01529999915510416
2020-06-13T08:00:00Z,-0.01529999915510416
2020-06-13T09:00:00Z,-0.01529999915510416
2020-06-13T10:00:00Z,-0.004299999680370092
2020-06-13T11:00:00Z,-0.004299999680370092
2020-06-13T12:00:00Z,-0.004299999680370092
2020-06-13T13:00:00Z,0.35249999165534973
2020-06-13T14:00:00Z,0.35249999165534973
2020-06-13T15:00:00Z,0.35249999165534973
2020-06-13T16:00:00Z,0.8280999660491943
2020-06-13T17:00:00Z,0.8280999660491943
2020-06-13T18:00:00Z,0.8280999660491943
2020-06-13T19:00:00Z,0.9271000027656555
2020-06-13T20:00:00Z,0.9271000027656555
2020-06-13T21:00:00Z,0.9271000027656555
2020-06-13T22:00:00Z,0.5755999684333801
2020-06-13T23:00:00Z,0.5755999684333801
2020-06-14T00:00:00Z,0.5755999684333801
2020-06-14T01:00:00Z,0.07039999961853027
2020-06-14T02:00:00Z,0.07039999961853027
2020-06-14T03:00:00Z,0.07039999961853027
2020-06-14T04:00:00Z,0.0030999998562037945
2020-06-14T05:00:00Z,0.0030999998562037945
2020-06-14T06:00:00Z,0.0030999998562037945
2020-06-14T07:00:00Z,0.0066999997943639755
2020-06-14T08:00:00Z,0.0066999997943639755
2020-06-14T09:00:00Z,0.0066999997943639755
2020-06-14T10:00:00Z,0.029500000178813934
2020-06-14T11:00:00Z,0.029500000178813934
2020-06-14T12:00:00Z,0.029500000178813934
2020-06-14T13:00:00Z,0.3942999839782715
2020-06-14T14:00:00Z,0.3942999839782715
2020-06-14T15:00:00Z,0.3942999839782715
2020-06-14T16:00:00Z,0.7805999517440796
2020-06-14T17:00:00Z,0.7805999517440796
2020-06-14T18:00:00Z,0.7805999517440796
2020-06-14T19:00:00Z,0.8761999607086182
2020-06-14T20:00:00Z,0.8761999607086182
2020-06-14T21:00:00Z,0.8761999607086182
2020-06-14T22:00:00Z,0.558899998664856
2020-06-14T23:00:00Z,0.558899998664856
2020-06-15T00:00:00Z,0.558899998664856
2020-06-15T01:00:00Z,0.08859999477863312
2020-06-15T02:00:00Z,0.08859999477863312
2020-06-15T03:00:00Z,0.08859999477863312
2020-06-15T04:00:00Z,0.01769999973475933
2020-06-15T05:00:00Z,0.01769999973475933
2020-06-15T06:00:00Z,0.01769999973475933
2020-06-15T07:00:00Z,0.02029999904334545
2020-06-15T08:00:00Z,0.02029999904334545
2020-06-15T09:00:00Z,0.02029999904334545
2020-06-15T10:00:00Z,0.053199999034404755
2020-06-15T11:00:00Z,0.053199999034404755
2020-06-15T12:00:00Z,0.053199999034404755
2020-06-15T13:00:00Z,0.37770000100135803
2020-06-15T14:00:00Z,0.37770000100135803
2020-06-15T15:00:00Z,0.37770000100135803
2020-06-15T16:00:00Z,0.7674999833106995
2020-06-15T17:00:00Z,0.7674999833106995
2020-06-15T18:00:00Z,0.7674999833106995
2020-06-15T19:00:00Z,0.8606999516487122
2020-06-15T20:00:00Z,0.8606999516487122
2020-06-15T21:00:00Z,0.8606999516487122
2020-06-15T22:00:00Z,0.551800012588501
2020-06-15T23:00:00Z,0.551800012588501
2020-06-16T00:00:00Z,0.551800012588501
2020-06-16T01:00:00Z,0.07849999517202377
2020-06-16T02:00:00Z,0.07849999517202377
2020-06-16T03:00:00Z,0.07849999517202377
2020-06-16T04:00:00Z,0.01589999906718731
2020-06-16T05:00:00Z,0.01589999906718731
2020-06-16T06:00:00Z,0.01589999906718731
2020-06-16T07:00:00Z,0.010199999436736107
2020-06-16T08:00:00Z,0.010199999436736107
2020-06-16T09:00:00Z,0.010199999436736107
2020-06-16T10:00:00Z,0.028599999845027924
2020-06-16T11:00:00Z,0.028599999845027924
2020-06-16T12:00:00Z,0.028599999845027924
2020-06-16T13:00:00Z,0.3935000002384186
2020-06-16T14:00:00Z,0.3935000002384186
2020-06-16T15:00:00Z,0.3935000002384186
2020-06-16T16:00:00Z,0.808899998664856
2020-06-16T17:00:00Z,0.808899998664856
2020-06-16T18:00:00Z,0.808899998664856
2020-06-16T19:00:00Z,0.8868999481201172
2020-06-16T20:00:00Z,0.8868999481201172
2020-06-16T21:00:00Z,0.8868999481201172
2020-06-16T22:00:00Z,0.5697000026702881
2020-06-16T23:00:00Z,0.5697000026702881
2020-06-17T00:00:00Z,0.5697000026702881
2020-06-17T01:00:00Z,0.06539999693632126
2020-06-17T02:00:00Z,0.06539999693632126
2020-06-17T03:00:00Z,0.06539999693632126
2020-06-17T04:00:00Z,-0.008700000122189522
2020-06-17T05:00:00Z,-0.008700000122189522
2020-06-17T06:00:00Z,-0.008700000122189522
2020-06-17T07:00:00Z,-0.01850000023841858
2020-06-17T08:00:00Z,-0.01850000023841858
2020-06-17T09:00:00Z,-0.01850000023841858
2020-06-17T10:00:00Z,-0.004999999888241291
2020-06-17T11:00:00Z,-0.004999999888241291
2020-06-17T12:00:00Z,-0.004999999888241291
2020-06-17T13:00:00Z,0.3463999927043915
2020-06-17T14:00:00Z,0.3463999927043915
2020-06-17T15:00:00Z,0.3463999927043915
2020-06-17T16:00:00Z,0.7680999636650085
2020-06-17T17:00:00Z,0.7680999636650085
2020-06-17T18:00:00Z,0.7680999636650085
2020-06-17T19:00:00Z,0.8784999847412109
2020-06-17T20:00:00Z,0.8784999847412109
2020-06-17T21:00:00Z,0.8784999847412109
2020-06-17T22:00:00Z,0.5648999810218811
2020-06-17T23:00:00Z,0.5648999810218811
2020-06-18T00:00:00Z,0.5648999810218811
2020-06-18T01:00:00Z,0.05139999836683273
2020-06-18T02:00:00Z,0.05139999836683273
2020-06-18T03:00:00Z,0.05139999836683273
2020-06-18T04:00:00Z,-0.006199999712407589
2020-06-18T05:00:00Z,-0.006199999712407589
2020-06-18T06:00:00Z,-0.006199999712407589
2020-06-18T07:00:00Z,-0.017899999395012856
2020-06-18T08:00:00Z,-0.017899999395012856
2020-06-18T09:00:00Z,-0.017899999395012856
2020-06-18T10:00:00Z,-0.003700000001117587
2020-06-18T11:00:00Z,-0.003700000001117587
2020-06-18T12:00:00Z,-0.003700000001117587
2020-06-18T13:00:00Z,0.3376999795436859
2020-06-18T14:00:00Z,0.3376999795436859
2020-06-18T15:00:00Z,0.3376999795436859
2020-06-18T16:00:00Z,0.7807999849319458
2020-06-18T17:00:00Z,0.7807999849319458
2020-06-18T18:00:00Z,0.7807999849319458
2020-06-18T19:00:00Z,0.8969999551773071
2020-06-18T20:00:00Z,0.8969999551773071
2020-06-18T21:00:00Z,0.8969999551773071
2020-06-18T22:00:00Z,0.5751000046730042
2020-06-18T23:00:00Z,0.5751000046730042
2020-06-19T00:00:00Z,0.5751000046730042
2020-06-19T01:00:00Z,0.07369999587535858
2020-06-19T02:00:00Z,0.07369999587535858
2020-06-19T03:00:00Z,0.07369999587535858
2020-06-19T04:00:00Z,-0.004299999680370092
2020-06-19T05:00:00Z,-0.004299999680370092
2020-06-19T06:00:00Z,-0.004299999680370092
2020-06-19T07:00:00Z,-0.011799999512732029
2020-06-19T08:00:00Z,-0.011799999512732029
2020-06-19T09:00:00Z,-0.011799999512732029
2020-06-19T10:00:00Z,0.003000000026077032
2020-06-19T11:00:00Z,0.003000000026077032
2020-06-19T12:00:00Z,0.003000000026077032
2020-06-19T13:00:00Z,0.2621999979019165
2020-06-19T14:00:00Z,0.2621999979019165
2020-06-19T15:00:00Z,0.2621999979019165
2020-06-19T16:00:00Z,0.6042999625205994
2020-06-19T17:00:00Z,0.6042999625205994
2020-06-19T18:00:00Z,0.6042999625205994
2020-06-19T19:00:00Z,0.6736999750137329
2020-06-19T20:00:00Z,0.6736999750137329
2020-06-19T21:00:00Z,0.6736999750137329
2020-06-19T22:00:00Z,0.2775000035762787
2020-06-19T23:00:00Z,0.2775000035762787
2020-06-20T00:00:00Z,0.2775000035762787
2020-06-20T01:00:00Z,0.0632999986410141
2020-06-20T02:00:00Z,0.0632999986410141
2020-06-20T03:00:00Z,0.0632999986410141
2020-06-20T04:00:00Z,-0.00139999995008111
2020-06-20T05:00:00Z,-0.00139999995008111
2020-06-20T06:00:00Z,-0.00139999995008111
2020-06-20T07:00:00Z,8.999999845400453e-4
2020-06-20T08:00:00Z,8.999999845400453e-4
2020-06-20T09:00:00Z,8.999999845400453e-4
2020-06-20T10:00:00Z,0.008299999870359898
2020-06-20T11:00:00Z,0.008299999870359898
2020-06-20T12:00:00Z,0.008299999870359898
2020-06-20T13:00:00Z,0.28919997811317444
2020-06-20T14:00:00Z,0.28919997811317444
2020-06-20T15:00:00Z,0.28919997811317444
2020-06-20T16:00:00Z,0.763700008392334
2020-06-20T17:00:00Z,0.763700008392334
2020-06-20T18:00:00Z,0.763700008392334
2020-06-20T19:00:00Z,0.7032999992370605
2020-06-20T20:00:00Z,0.7032999992370605
2020-06-20T21:00:00Z,0.7032999992370605
2020-06-20T22:00:00Z,0.3774999976158142
2020-06-20T23:00:00Z,0.3774999976158142
2020-06-21T00:00:00Z,0.3774999976158142
2020-06-21T01:00:00Z,0.0705999955534935
2020-06-21T02:00:00Z,0.0705999955534935
2020-06-21T03:00:00Z,0.0705999955534935
2020-06-21T04:00:00Z,-0.001500000013038516
2020-06-21T05:00:00Z,-0.001500000013038516
2020-06-21T06:00:00Z,-0.001500000013038516
2020-06-21T07:00:00Z,-0.011099999770522118
2020-06-21T08:00:00Z,-0.011099999770522118
2020-06-21T09:00:00Z,-0.011099999770522118
2020-06-21T10:00:00Z,-0.002699999837204814
2020-06-21T11:00:00Z,-0.002699999837204814
2020-06-21T12:00:00Z,-0.002699999837204814
2020-06-21T13:00:00Z,0.3418000042438507
2020-06-21T14:00:00Z,0.3418000042438507
2020-06-21T15:00:00Z,0.3418000042438507
2020-06-21T16:00:00Z,0.7961999773979187
2020-06-21T17:00:00Z,0.7961999773979187
2020-06-21T18:00:00Z,0.7961999773979187
2020-06-21T19:00:00Z,0.849399983882904
2020-06-21T20:00:00Z,0.849399983882904
2020-06-21T21:00:00Z,0.849399983882904
2020-06-21T22:00:00Z,0.5511000156402588
2020-06-21T23:00:00Z,0.5511000156402588
2020-06-22T00:00:00Z,0.5511000156402588
2020-06-22T01:00:00Z,0.06529999524354935
2020-06-22T02:00:00Z,0.06529999524354935
2020-06-22T03:00:00Z,0.06529999524354935
2020-06-22T04:00:00Z,-0.00989999994635582
2020-06-22T05:00:00Z,-0.00989999994635582
2020-06-22T06:00:00Z,-0.00989999994635582
2020-06-22T07:00:00Z,-0.0032999999821186066
2020-06-22T08:00:00Z,-0.0032999999821186066
2020-06-22T09:00:00Z,-0.0032999999821186066
2020-06-22T10:00:00Z,0.009200000204145908
2020-06-22T11:00:00Z,0.009200000204145908
2020-06-22T12:00:00Z,0.009200000204145908
2020-06-22T13:00:00Z,0.19949999451637268
2020-06-22T14:00:00Z,0.19949999451637268
2020-06-22T15:00:00Z,0.19949999451637268
2020-06-22T16:00:00Z,0.5801999568939209
2020-06-22T17:00:00Z,0.5801999568939209
2020-06-22T18:00:00Z,0.5801999568939209
2020-06-22T19:00:00Z,0.8127999901771545
2020-06-22T20:00:00Z,0.8127999901771545
2020-06-22T21:00:00Z,0.8127999901771545
2020-06-22T22:00:00Z,0.5058000087738037
2020-06-22T23:00:00Z,0.5058000087738037
2020-06-23T00:00:00Z,0.5058000087738037
2020-06-23T01:00:00Z,0.06780000030994415
2020-06-23T02:00:00Z,0.06780000030994415
2020-06-23T03:00:00Z,0.06780000030994415
2020-06-23T04:00:00Z,-0.016300000250339508
2020-06-23T05:00:00Z,-0.016300000250339508
2020-06-23T06:00:00Z,-0.016300000250339508
2020-06-23T07:00:00Z,-0.02070000022649765
2020-06-23T08:00:00Z,-0.02070000022649765
2020-06-23T09:00:00Z,-0.02070000022649765
2020-06-23T10:00:00Z,-0.008299999870359898
2020-06-23T11:00:00Z,-0.008299999870359898
2020-06-23T12:00:00Z,-0.008299999870359898
2020-06-23T13:00:00Z,0.320499986410141
2020-06-23T14:00:00Z,0.320499986410141
2020-06-23T15:00:00Z,0.320499986410141
2020-06-23T16:00:00Z,0.7910999655723572
2020-06-23T17:00:00Z,0.7910999655723572
2020-06-23T18:00:00Z,0.7910999655723572
2020-06-23T19:00:00Z,0.8899999856948853
2020-06-23T20:00:00Z,0.8899999856948853
2020-06-23T21:00:00Z,0.8899999856948853
2020-06-23T22:00:00Z,0.5767999887466431
2020-06-23T23:00:00Z,0.5767999887466431
2020-06-24T00:00:00Z,0.5767999887466431
2020-06-24T01:00:00Z,0.06439999490976334
2020-06-24T02:00:00Z,0.06439999490976334
2020-06-24T03:00:00Z,0.06439999490976334
2020-06-24T04:00:00Z,-0.009099999442696571
2020-06-24T05:00:00Z,-0.009099999442696571
2020-06-24T06:00:00Z,-0.009099999442696571
2020-06-24T07:00:00Z,-0.012799999676644802
2020-06-24T08:00:00Z,-0.012799999676644802
2020-06-24T09:00:00Z,-0.012799999676644802
2020-06-24T10:00:00Z,-0.003499999875202775
2020-06-24T11:00:00Z,-0.003499999875202775
2020-06-24T12:00:00Z,-0.003499999875202775
2020-06-24T13:00:00Z,0.3206000030040741
2020-06-24T14:00:00Z,0.3206000030040741
2020-06-24T15:00:00Z,0.3206000030040741
2020-06-24T16:00:00Z,0.7705999612808228
2020-06-24T17:00:00Z,0.7705999612808228
2020-06-24T18:00:00Z,0.7705999612808228
2020-06-24T19:00:00Z,0.8762999773025513
2020-06-24T20:00:00Z,0.8762999773025513
2020-06-24T21:00:00Z,0.8762999773025513
2020-06-24T22:00:00Z,0.5475000143051147
2020-06-24T23:00:00Z,0.5475000143051147
2020-06-25T00:00:00Z,0.5475000143051147
2020-06-25T01:00:00Z,0.03830000013113022
2020-06-25T02:00:00Z,0.03830000013113022
2020-06-25T03:00:00Z,0.03830000013113022
2020-06-25T04:00:00Z,-0.008999999612569809
2020-06-25T05:00:00Z,-0.008999999612569809
2020-06-25T06:00:00Z,-0.008999999612569809
2020-06-25T07:00:00Z,-0.011599999852478504
2020-06-25T08:00:00Z,-0.011599999852478504
2020-06-25T09:00:00Z,-0.011599999852478504
2020-06-25T10:00:00Z,-0.003999999724328518
2020-06-25T11:00:00Z,-0.003999999724328518
2020-06-25T12:00:00Z,-0.003999999724328518
2020-06-25T13:00:00Z,0.3402999937534332
2020-06-25T14:00:00Z,0.3402999937534332
2020-06-25T15:00:00Z,0.3402999937534332
2020-06-25T16:00:00Z,0.7849000096321106
2020-06-25T17:00:00Z,0.7849000096321106
2020-06-25T18:00:00Z,0.7849000096321106
2020-06-25T19:00:00Z,0.8422999978065491
2020-06-25T20:00:00Z,0.8422999978065491
2020-06-25T21:00:00Z,0.8422999978065491
2020-06-25T22:00:00Z,0.5443999767303467
2020-06-25T23:00:00Z,0.5443999767303467
2020-06-26T00:00:00Z,0.5443999767303467
2020-06-26T01:00:00Z,0.07180000096559525
2020-06-26T02:00:00Z,0.07180000096559525
2020-06-26T03:00:00Z,0.07180000096559525
2020-06-26T04:00:00Z,-0.003999999724328518
2020-06-26T05:00:00Z,-0.003999999724328518
2020-06-26T06:00:00Z,-0.003999999724328518
2020-06-26T07:00:00Z,-0.010400000028312206
2020-06-26T08:00:00Z,-0.010400000028312206
2020-06-26T09:00:00Z,-0.010400000028312206
2020-06-26T10:00:00Z,-0.001500000013038516
2020-06-26T11:00:00Z,-0.001500000013038516
2020-06-26T12:00:00Z,-0.001500000013038516
2020-06-26T13:00:00Z,0.35199999809265137
2020-06-26T14:00:00Z,0.35199999809265137
2020-06-26T15:00:00Z,0.35199999809265137
2020-06-26T16:00:00Z,0.8055999875068665
2020-06-26T17:00:00Z,0.8055999875068665
2020-06-26T18:00:00Z,0.8055999875068665
2020-06-26T19:00:00Z,0.988099992275238
2020-06-26T20:00:00Z,0.988099992275238
2020-06-26T21:00:00Z,0.988099992275238
2020-06-26T22:00:00Z,0.6283000111579895
2020-06-26T23:00:00Z,0.6283000111579895
2020-06-27T00:00:00Z,0.6283000111579895
2020-06-27T01:00:00Z,0.07349999994039536
2020-06-27T02:00:00Z,0.07349999994039536
2020-06-27T03:00:00Z,0.07349999994039536
2020-06-27T04:00:00Z,0
2020-06-27T05:00:00Z,0
2020-06-27T06:00:00Z,0
2020-06-27T07:00:00Z,-0.008200000040233135
2020-06-27T08:00:00Z,-0.008200000040233135
2020-06-27T09:00:00Z,-0.008200000040233135
2020-06-27T10:00:00Z,0.01489999983459711
2020-06-27T11:00:00Z,0.01489999983459711
2020-06-27T12:00:00Z,0.01489999983459711
2020-06-27T13:00:00Z,0.23639999330043793
2020-06-27T14:00:00Z,0.23639999330043793
2020-06-27T15:00:00Z,0.23639999330043793
2020-06-27T16:00:00Z,0.512499988079071
2020-06-27T17:00:00Z,0.512499988079071
2020-06-27T18:00:00Z,0.512499988079071
2020-06-27T19:00:00Z,0.7506999969482422
2020-06-27T20:00:00Z,0.7506999969482422
2020-06-27T21:00:00Z,0.7506999969482422
2020-06-27T22:00:00Z,0.4526999890804291
2020-06-27T23:00:00Z,0.4526999890804291
2020-06-28T00:00:00Z,0.4526999890804291
2020-06-28T01:00:00Z,0.054899998009204865
2020-06-28T02:00:00Z,0.054899998009204865
2020-06-28T03:00:00Z,0.054899998009204865
2020-06-28T04:00:00Z,-0.0072999997064471245
2020-06-28T05:00:00Z,-0.0072999997064471245
2020-06-28T06:00:00Z,-0.0072999997064471245
2020-06-28T07:00:00Z,-0.013799999840557575
2020-06-28T08:00:00Z,-0.013799999840557575
2020-06-28T09:00:00Z,-0.013799999840557575
2020-06-28T10:00:00Z,0.013199999928474426
2020-06-28T11:00:00Z,0.013199999928474426
2020-06-28T12:00:00Z,0.013199999928474426
2020-06-28T13:00:00Z,0.20729999244213104
2020-06-28T14:00:00Z,0.20729999244213104
2020-06-28T15:00:00Z,0.20729999244213104
2020-06-28T16:00:00Z,0.6473999619483948
2020-06-28T17:00:00Z,0.6473999619483948
2020-06-28T18:00:00Z,0.6473999619483948
2020-06-28T19:00:00Z,0.9091999530792236
2020-06-28T20:00:00Z,0.9091999530792236
2020-06-28T21:00:00Z,0.9091999530792236
2020-06-28T22:00:00Z,0.5916999578475952
2020-06-28T23:00:00Z,0.5916999578475952
2020-06-29T00:00:00Z,0.5916999578475952
2020-06-29T01:00:00Z,0.10080000013113022
2020-06-29T02:00:00Z,0.10080000013113022
2020-06-29T03:00:00Z,0.10080000013113022
2020-06-29T04:00:00Z,0.014099999330937862
2020-06-29T05:00:00Z,0.014099999330937862
2020-06-29T06:00:00Z,0.014099999330937862
2020-06-29T07:00:00Z,0.010099999606609344
2020-06-29T08:00:00Z,0.010099999606609344
2020-06-29T09:00:00Z,0.010099999606609344
2020-06-29T10:00:00Z,0.012799999676644802
2020-06-29T11:00:00Z,0.012799999676644802
2020-06-29T12:00:00Z,0.012799999676644802
2020-06-29T13:00:00Z,0.3610999882221222
2020-06-29T14:00:00Z,0.3610999882221222
2020-06-29T15:00:00Z,0.3610999882221222
2020-06-29T16:00:00Z,0.7555999755859375
2020-06-29T17:00:00Z,0.7555999755859375
2020-06-29T18:00:00Z,0.7555999755859375
2020-06-29T19:00:00Z,0.8952999711036682
2020-06-29T20:00:00Z,0.8952999711036682
2020-06-29T21:00:00Z,0.8952999711036682
2020-06-29T22:00:00Z,0.6195999979972839
2020-06-29T23:00:00Z,0.6195999979972839
2020-06-30T00:00:00Z,0.6195999979972839
2020-06-30T01:00:00Z,0.10839999467134476
2020-06-30T02:00:00Z,0.10839999467134476
2020-06-30T03:00:00Z,0.10839999467134476
2020-06-30T04:00:00Z,0.0030999998562037945
2020-06-30T05:00:00Z,0.0030999998562037945
2020-06-30T06:00:00Z,0.0030999998562037945
2020-06-30T07:00:00Z,-0.007199999876320362
2020-06-30T08:00:00Z,-0.007199999876320362
2020-06-30T09:00:00Z,-0.007199999876320362
2020-06-30T10:00:00Z,0.00559999980032444
2020-06-30T11:00:00Z,0.00559999980032444
2020-06-30T12:00:00Z,0.00559999980032444
2020-06-30T13:00:00Z,0.35519999265670776
2020-06-30T14:00:00Z,0.35519999265670776
2020-06-30T15:00:00Z,0.35519999265670776
2020-06-30T16:00:00Z,0.8210999965667725
2020-06-30T17:00:00Z,0.8210999965667725
2020-06-30T18:00:00Z,0.8210999965667725
2020-06-30T19:00:00Z,0.8791999816894531
2020-06-30T20:00:00Z,0.8791999816894531
2020-06-30T21:00:00Z,0.8791999816894531
2020-06-30T22:00:00Z,0.5931000113487244
2020-06-30T23:00:00Z,0.5931000113487244
2020-07-01T00:00:00Z,0.5931000113487244
2020-07-01T01:00:00Z,0.07279999554157257
2020-07-01T02:00:00Z,0.07279999554157257
2020-07-01T03:00:00Z,0.07279999554157257
2020-07-01T04:00:00Z,0.008100000210106373
2020-07-01T05:00:00Z,0.008100000210106373
2020-07-01T06:00:00Z,0.008100000210106373
2020-07-01T07:00:00Z,-0.0066999997943639755
2020-07-01T08:00:00Z,-0.0066999997943639755
2020-07-01T09:00:00Z,-0.0066999997943639755
2020-07-01T10:00:00Z,0.0064999996684491634
2020-07-01T11:00:00Z,0.0064999996684491634
2020-07-01T12:00:00Z,0.0064999996684491634
2020-07-01T13:00:00Z,0.14489999413490295
2020-07-01T14:00:00Z,0.14489999413490295
2020-07-01T15:00:00Z,0.14489999413490295
2020-07-01T16:00:00Z,0.5320000052452087
2020-07-01T17:00:00Z,0.5320000052452087
2020-07-01T18:00:00Z,0.5320000052452087
2020-07-01T19:00:00Z,0.8352999687194824
2020-07-01T20:00:00Z,0.8352999687194824
2020-07-01T21:00:00Z,0.8352999687194824
2020-07-01T22:00:00Z,0.5410000085830688
2020-07-01T23:00:00Z,0.5410000085830688
2020-07-02T00:00:00Z,0.5410000085830688
2020-07-02T01:00:00Z,0.044599998742341995
2020-07-02T02:00:00Z,0.044599998742341995
2020-07-02T03:00:00Z,0.044599998742341995
2020-07-02T04:00:00Z,-0.015399999916553497
2020-07-02T05:00:00Z,-0.015399999916553497
2020-07-02T06:00:00Z,-0.015399999916553497
2020-07-02T07:00:00Z,-0.018400000408291817
2020-07-02T08:00:00Z,-0.018400000408291817
2020-07-02T09:00:00Z,-0.018400000408291817
2020-07-02T10:00:00Z,-0.008200000040233135
2020-07-02T11:00:00Z,-0.008200000040233135
2020-07-02T12:00:00Z,-0.008200000040233135
2020-07-02T13:00:00Z,0.33879998326301575
2020-07-02T14:00:00Z,0.33879998326301575
2020-07-02T15:00:00Z,0.33879998326301575
2020-07-02T16:00:00Z,0.7928999662399292
2020-07-02T17:00:00Z,0.7928999662399292
2020-07-02T18:00:00Z,0.7928999662399292
2020-07-02T19:00:00Z,0.9210000038146973
2020-07-02T20:00:00Z,0.9210000038146973
2020-07-02T21:00:00Z,0.9210000038146973
2020-07-02T22:00:00Z,0.6037999987602234
2020-07-02T23:00:00Z,0.6037999987602234
2020-07-03T00:00:00Z,0.6037999987602234
2020-07-03T01:00:00Z,0.08969999849796295
2020-07-03T02:00:00Z,0.08969999849796295
2020-07-03T03:00:00Z,0.08969999849796295
2020-07-03T04:00:00Z,0.008999999612569809
2020-07-03T05:00:00Z,0.008999999612569809
2020-07-03T06:00:00Z,0.008999999612569809
2020-07-03T07:00:00Z,-0.005499999970197678
2020-07-03T08:00:00Z,-0.005499999970197678
2020-07-03T09:00:00Z,-0.005499999970197678
2020-07-03T10:00:00Z,0.019199999049305916
2020-07-03T11:00:00Z,0.019199999049305916
2020-07-03T12:00:00Z,0.019199999049305916
2020-07-03T13:00:00Z,0.36569997668266296
2020-07-03T14:00:00Z,0.36569997668266296
2020-07-03T15:00:00Z,0.36569997668266296
2020-07-03T16:00:00Z,0.8424999713897705
2020-07-03T17:00:00Z,0.8424999713897705
2020-07-03T18:00:00Z,0.8424999713897705
2020-07-03T19:00:00Z,0.8472999930381775
2020-07-03T20:00:00Z,0.8472999930381775
2020-07-03T21:00:00Z,0.8472999930381775
2020-07-03T22:00:00Z,0.40299999713897705
2020-07-03T23:00:00Z,0.40299999713897705
2020-07-04T00:00:00Z,0.40299999713897705
2020-07-04T01:00:00Z,0.06529999524354935
2020-07-04T02:00:00Z,0.06529999524354935
2020-07-04T03:00:00Z,0.06529999524354935
2020-07-04T04:00:00Z,-0.003499999875202775
2020-07-04T05:00:00Z,-0.003499999875202775
2020-07-04T06:00:00Z,-0.003499999875202775
2020-07-04T07:00:00Z,-0.010400000028312206
2020-07-04T08:00:00Z,-0.010400000028312206
2020-07-04T09:00:00Z,-0.010400000028312206
2020-07-04T10:00:00Z,-0.003999999724328518
2020-07-04T11:00:00Z,-0.003999999724328518
2020-07-04T12:00:00Z,-0.003999999724328518
2020-07-04T13:00:00Z,0.3463999927043915
2020-07-04T14:00:00Z,0.3463999927043915
2020-07-04T15:00:00Z,0.3463999927043915
2020-07-04T16:00:00Z,0.7833999991416931
2020-07-04T17:00:00Z,0.7833999991416931
2020-07-04T18:00:00Z,0.7833999991416931
2020-07-04T19:00:00Z,0.8632999658584595
2020-07-04T20:00:00Z,0.8632999658584595
2020-07-04T21:00:00Z,0.8632999658584595
2020-07-04T22:00:00Z,0.5109999775886536
2020-07-04T23:00:00Z,0.5109999775886536
2020-07-05T00:00:00Z,0.5109999775886536
2020-07-05T01:00:00Z,0.0568000003695488
2020-07-05T02:00:00Z,0.0568000003695488
2020-07-05T03:00:00Z,0.0568000003695488
2020-07-05T04:00:00Z,-0.011099999770522118
2020-07-05T05:00:00Z,-0.011099999770522118
2020-07-05T06:00:00Z,-0.011099999770522118
2020-07-05T07:00:00Z,-0.014099999330937862
2020-07-05T08:00:00Z,-0.014099999330937862
2020-07-05T09:00:00Z,-0.014099999330937862
2020-07-05T10:00:00Z,-0.006300000008195639
2020-07-05T11:00:00Z,-0.006300000008195639
2020-07-05T12:00:00Z,-0.006300000008195639
2020-07-05T13:00:00Z,0.3376999795436859
2020-07-05T14:00:00Z,0.3376999795436859
2020-07-05T15:00:00Z,0.3376999795436859
2020-07-05T16:00:00Z,0.8197999596595764
2020-07-05T17:00:00Z,0.8197999596595764
2020-07-05T18:00:00Z,0.8197999596595764
2020-07-05T19:00:00Z,0.9199999570846558
2020-07-05T20:00:00Z,0.9199999570846558
2020-07-05T21:00:00Z,0.9199999570846558
2020-07-05T22:00:00Z,0.5360000133514404
2020-07-05T23:00:00Z,0.5360000133514404
2020-07-06T00:00:00Z,0.5360000133514404
2020-07-06T01:00:00Z,0.06229999661445618
2020-07-06T02:00:00Z,0.06229999661445618
2020-07-06T03:00:00Z,0.06229999661445618
2020-07-06T04:00:00Z,0
2020-07-06T05:00:00Z,0
2020-07-06T06:00:00Z,0
2020-07-06T07:00:00Z,-0.006000000052154064
2020-07-06T08:00:00Z,-0.006000000052154064
2020-07-06T09:00:00Z,-0.006000000052154064
2020-07-06T10:00:00Z,-0.0015999999595806003
2020-07-06T11:00:00Z,-0.0015999999595806003
2020-07-06T12:00:00Z,-0.0015999999595806003
2020-07-06T13:00:00Z,0.34049999713897705
2020-07-06T14:00:00Z,0.34049999713897705
2020-07-06T15:00:00Z,0.34049999713897705
2020-07-06T16:00:00Z,0.8414999842643738
2020-07-06T17:00:00Z,0.8414999842643738
2020-07-06T18:00:00Z,0.8414999842643738
2020-07-06T19:00:00Z,0.8783999681472778
2020-07-06T20:00:00Z,0.8783999681472778
2020-07-06T21:00:00Z,0.8783999681472778
2020-07-06T22:00:00Z,0.43529999256134033
2020-07-06T23:00:00Z,0.43529999256134033
2020-07-07T00:00:00Z,0.43529999256134033
2020-07-07T01:00:00Z,0.06659999489784241
2020-07-07T02:00:00Z,0.06659999489784241
2020-07-07T03:00:00Z,0.06659999489784241
2020-07-07T04:00:00Z,0.01889999955892563
2020-07-07T05:00:00Z,0.01889999955892563
2020-07-07T06:00:00Z,0.01889999955892563
2020-07-07T07:00:00Z,0.011699999682605267
2020-07-07T08:00:00Z,0.011699999682605267
2020-07-07T09:00:00Z,0.011699999682605267
2020-07-07T10:00:00Z,0.014399999752640724
2020-07-07T11:00:00Z,0.014399999752640724
2020-07-07T12:00:00Z,0.014399999752640724
2020-07-07T13:00:00Z,0.3181000053882599
2020-07-07T14:00:00Z,0.3181000053882599
2020-07-07T15:00:00Z,0.3181000053882599
2020-07-07T16:00:00Z,0.8290999531745911
2020-07-07T17:00:00Z,0.8290999531745911
2020-07-07T18:00:00Z,0.8290999531745911
2020-07-07T19:00:00Z,0.8999999761581421
2020-07-07T20:00:00Z,0.8999999761581421
2020-07-07T21:00:00Z,0.8999999761581421
2020-07-07T22:00:00Z,0.4919999837875366
2020-07-07T23:00:00Z,0.4919999837875366
2020-07-08T00:00:00Z,0.4919999837875366
2020-07-08T01:00:00Z,0.07609999924898148
2020-07-08T02:00:00Z,0.07609999924898148
2020-07-08T03:00:00Z,0.07609999924898148
2020-07-08T04:00:00Z,0.022099999710917473
2020-07-08T05:00:00Z,0.022099999710917473
2020-07-08T06:00:00Z,0.022099999710917473
2020-07-08T07:00:00Z,0.017899999395012856
2020-07-08T08:00:00Z,0.017899999395012856
2020-07-08T09:00:00Z,0.017899999395012856
2020-07-08T10:00:00Z,0.024799998849630356
2020-07-08T11:00:00Z,0.024799998849630356
2020-07-08T12:00:00Z,0.024799998849630356
2020-07-08T13:00:00Z,0.2786000072956085
2020-07-08T14:00:00Z,0.2786000072956085
2020-07-08T15:00:00Z,0.2786000072956085
2020-07-08T16:00:00Z,0.6793999671936035
2020-07-08T17:00:00Z,0.6793999671936035
2020-07-08T18:00:00Z,0.6793999671936035
2020-07-08T19:00:00Z,0.7574999928474426
2020-07-08T20:00:00Z,0.7574999928474426
2020-07-08T21:00:00Z,0.7574999928474426
2020-07-08T22:00:00Z,0.5115000009536743
2020-07-08T23:00:00Z,0.5115000009536743
2020-07-09T00:00:00Z,0.5115000009536743
2020-07-09T01:00:00Z,0.07859999686479568
2020-07-09T02:00:00Z,0.07859999686479568
2020-07-09T03:00:00Z,0.07859999686479568
2020-07-09T04:00:00Z,0.026499999687075615
2020-07-09T05:00:00Z,0.026499999687075615
2020-07-09T06:00:00Z,0.026499999687075615
2020-07-09T07:00:00Z,-3.9999998989515007e-4
2020-07-09T08:00:00Z,-3.9999998989515007e-4
2020-07-09T09:00:00Z,-3.9999998989515007e-4
2020-07-09T10:00:00Z,0.003399999812245369
2020-07-09T11:00:00Z,0.003399999812245369
2020-07-09T12:00:00Z,0.003399999812245369
2020-07-09T13:00:00Z,0.3644999861717224
2020-07-09T14:00:00Z,0.3644999861717224
2020-07-09T15:00:00Z,0.3644999861717224
2020-07-09T16:00:00Z,0.820099949836731
2020-07-09T17:00:00Z,0.820099949836731
2020-07-09T18:00:00Z,0.820099949836731
2020-07-09T19:00:00Z,0.8944999575614929
2020-07-09T20:00:00Z,0.8944999575614929
2020-07-09T21:00:00Z,0.8944999575614929
2020-07-09T22:00:00Z,0.5245999693870544
2020-07-09T23:00:00Z,0.5245999693870544
2020-07-10T00:00:00Z,0.5245999693870544
2020-07-10T01:00:00Z,0.11759999394416809
2020-07-10T02:00:00Z,0.11759999394416809
2020-07-10T03:00:00Z,0.11759999394416809
2020-07-10T04:00:00Z,0.005499999970197678
2020-07-10T05:00:00Z,0.005499999970197678
2020-07-10T06:00:00Z,0.005499999970197678
2020-07-10T07:00:00Z,-0.012600000016391277
2020-07-10T08:00:00Z,-0.012600000016391277
2020-07-10T09:00:00Z,-0.012600000016391277
2020-07-10T10:00:00Z,-0.009399999864399433
2020-07-10T11:00:00Z,-0.009399999864399433
2020-07-10T12:00:00Z,-0.009399999864399433
2020-07-10T13:00:00Z,0.33649998903274536
2020-07-10T14:00:00Z,0.33649998903274536
2020-07-10T15:00:00Z,0.33649998903274536
2020-07-10T16:00:00Z,0.7877999544143677
2020-07-10T17:00:00Z,0.7877999544143677
2020-07-10T18:00:00Z,0.7877999544143677
2020-07-10T19:00:00Z,0.9535999894142151
2020-07-10T20:00:00Z,0.9535999894142151
2020-07-10T21:00:00Z,0.9535999894142151
2020-07-10T22:00:00Z,0.6168999671936035
2020-07-10T23:00:00Z,0.6168999671936035
2020-07-11T00:00:00Z,0.6168999671936035
2020-07-11T01:00:00Z,0.05719999969005585
2020-07-11T02:00:00Z,0.05719999969005585
2020-07-11T03:00:00Z,0.05719999969005585
2020-07-11T04:00:00Z,-0.00930000003427267
2020-07-11T05:00:00Z,-0.00930000003427267
2020-07-11T06:00:00Z,-0.00930000003427267
2020-07-11T07:00:00Z,-0.011299999430775642
2020-07-11T08:00:00Z,-0.011299999430775642
2020-07-11T09:00:00Z,-0.011299999430775642
2020-07-11T10:00:00Z,-0.004999999888241291
2020-07-11T11:00:00Z,-0.004999999888241291
2020-07-11T12:00:00Z,-0.004999999888241291
2020-07-11T13:00:00Z,0.3513000011444092
2020-07-11T14:00:00Z,0.3513000011444092
2020-07-11T15:00:00Z,0.3513000011444092
2020-07-11T16:00:00Z,0.8287000060081482
2020-07-11T17:00:00Z,0.8287000060081482
2020-07-11T18:00:00Z,0.8287000060081482
2020-07-11T19:00:00Z,0.953499972820282
2020-07-11T20:00:00Z,0.953499972820282
2020-07-11T21:00:00Z,0.953499972820282
2020-07-11T22:00:00Z,0.5945000052452087
2020-07-11T23:00:00Z,0.5945000052452087
2020-07-12T00:00:00Z,0.5945000052452087
2020-07-12T01:00:00Z,0.07209999859333038
2020-07-12T02:00:00Z,0.07209999859333038
2020-07-12T03:00:00Z,0.07209999859333038
2020-07-12T04:00:00Z,0.023799998685717583
2020-07-12T05:00:00Z,0.023799998685717583
2020-07-12T06:00:00Z,0.023799998685717583
2020-07-12T07:00:00Z,0.009099999442696571
2020-07-12T08:00:00Z,0.009099999442696571
2020-07-12T09:00:00Z,0.009099999442696571
2020-07-12T10:00:00Z,8.999999845400453e-4
2020-07-12T11:00:00Z,8.999999845400453e-4
2020-07-12T12:00:00Z,8.999999845400453e-4
2020-07-12T13:00:00Z,0.34459999203681946
2020-07-12T14:00:00Z,0.34459999203681946
2020-07-12T15:00:00Z,0.34459999203681946
2020-07-12T16:00:00Z,0.8115999698638916
2020-07-12T17:00:00Z,0.8115999698638916
2020-07-12T18:00:00Z,0.8115999698638916
2020-07-12T19:00:00Z,0.929099977016449
2020-07-12T20:00:00Z,0.929099977016449
2020-07-12T21:00:00Z,0.929099977016449
2020-07-12T22:00:00Z,0.5853999853134155
2020-07-12T23:00:00Z,0.5853999853134155
2020-07-13T00:00:00Z,0.5853999853134155
2020-07-13T01:00:00Z,0.05460000038146973
2020-07-13T02:00:00Z,0.05460000038146973
2020-07-13T03:00:00Z,0.05460000038146973
2020-07-13T04:00:00Z,-0.013799999840557575
2020-07-13T05:00:00Z,-0.013799999840557575
2020-07-13T06:00:00Z,-0.013799999840557575
2020-07-13T07:00:00Z,-0.017999999225139618
2020-07-13T08:00:00Z,-0.017999999225139618
2020-07-13T09:00:00Z,-0.017999999225139618
2020-07-13T10:00:00Z,-0.011899999342858791
2020-07-13T11:00:00Z,-0.011899999342858791
2020-07-13T12:00:00Z,-0.011899999342858791
2020-07-13T13:00:00Z,0.31299999356269836
2020-07-13T14:00:00Z,0.31299999356269836
2020-07-13T15:00:00Z,0.31299999356269836
2020-07-13T16:00:00Z,0.7788999676704407
2020-07-13T17:00:00Z,0.7788999676704407
2020-07-13T18:00:00Z,0.7788999676704407
2020-07-13T19:00:00Z,0.9170999526977539
2020-07-13T20:00:00Z,0.9170999526977539
2020-07-13T21:00:00Z,0.9170999526977539
2020-07-13T22:00:00Z,0.6096999645233154
2020-07-13T23:00:00Z,0.6096999645233154
2020-07-14T00:00:00Z,0.6096999645233154
2020-07-14T01:00:00Z,0.056299999356269836
2020-07-14T02:00:00Z,0.056299999356269836
2020-07-14T03:00:00Z,0.056299999356269836
2020-07-14T04:00:00Z,-0.007699999958276749
2020-07-14T05:00:00Z,-0.007699999958276749
2020-07-14T06:00:00Z,-0.007699999958276749
2020-07-14T07:00:00Z,-0.017799999564886093
2020-07-14T08:00:00Z,-0.017799999564886093
2020-07-14T09:00:00Z,-0.017799999564886093
2020-07-14T10:00:00Z,-0.013399999588727951
2020-07-14T11:00:00Z,-0.013399999588727951
2020-07-14T12:00:00Z,-0.013399999588727951
2020-07-14T13:00:00Z,0.3335999846458435
2020-07-14T14:00:00Z,0.3335999846458435
2020-07-14T15:00:00Z,0.3335999846458435
2020-07-14T16:00:00Z,0.8126999735832214
2020-07-14T17:00:00Z,0.8126999735832214
2020-07-14T18:00:00Z,0.8126999735832214
2020-07-14T19:00:00Z,0.9535999894142151
2020-07-14T20:00:00Z,0.9535999894142151
2020-07-14T21:00:00Z,0.9535999894142151
2020-07-14T22:00:00Z,0.6114999651908875
2020-07-14T23:00:00Z,0.6114999651908875
2020-07-15T00:00:00Z,0.6114999651908875
2020-07-15T01:00:00Z,0.08419999480247498
2020-07-15T02:00:00Z,0.08419999480247498
2020-07-15T03:00:00Z,0.08419999480247498
2020-07-15T04:00:00Z,6.99999975040555e-4
2020-07-15T05:00:00Z,6.99999975040555e-4
2020-07-15T06:00:00Z,6.99999975040555e-4
2020-07-15T07:00:00Z,0.003399999812245369
2020-07-15T08:00:00Z,0.003399999812245369
2020-07-15T09:00:00Z,0.003399999812245369
2020-07-15T10:00:00Z,0.01860000006854534
2020-07-15T11:00:00Z,0.01860000006854534
2020-07-15T12:00:00Z,0.01860000006854534
2020-07-15T13:00:00Z,0.14000000059604645
2020-07-15T14:00:00Z,0.14000000059604645
2020-07-15T15:00:00Z,0.14000000059604645
2020-07-15T16:00:00Z,0.37229999899864197
2020-07-15T17:00:00Z,0.37229999899864197
2020-07-15T18:00:00Z,0.37229999899864197
2020-07-15T19:00:00Z,0.5180000066757202
2020-07-15T20:00:00Z,0.5180000066757202
2020-07-15T21:00:00Z,0.5180000066757202
2020-07-15T22:00:00Z,0.4357999861240387
2020-07-15T23:00:00Z,0.4357999861240387
2020-07-16T00:00:00Z,0.4357999861240387
2020-07-16T01:00:00Z,0.05419999733567238
2020-07-16T02:00:00Z,0.05419999733567238
2020-07-16T03:00:00Z,0.05419999733567238
2020-07-16T04:00:00Z,-0.0023999998811632395
2020-07-16T05:00:00Z,-0.0023999998811632395
2020-07-16T06:00:00Z,-0.0023999998811632395
2020-07-16T07:00:00Z,-0.01679999940097332
2020-07-16T08:00:00Z,-0.01679999940097332
2020-07-16T09:00:00Z,-0.01679999940097332
2020-07-16T10:00:00Z,-0.019099999219179153
2020-07-16T11:00:00Z,-0.019099999219179153
2020-07-16T12:00:00Z,-0.019099999219179153
2020-07-16T13:00:00Z,0.2870999872684479
2020-07-16T14:00:00Z,0.2870999872684479
2020-07-16T15:00:00Z,0.2870999872684479
2020-07-16T16:00:00Z,0.7272999882698059
2020-07-16T17:00:00Z,0.7272999882698059
2020-07-16T18:00:00Z,0.7272999882698059
2020-07-16T19:00:00Z,0.832099974155426
2020-07-16T20:00:00Z,0.832099974155426
2020-07-16T21:00:00Z,0.832099974155426
2020-07-16T22:00:00Z,0.5467999577522278
2020-07-16T23:00:00Z,0.5467999577522278
2020-07-17T00:00:00Z,0.5467999577522278
2020-07-17T01:00:00Z,0.04439999908208847
2020-07-17T02:00:00Z,0.04439999908208847
2020-07-17T03:00:00Z,0.04439999908208847
2020-07-17T04:00:00Z,-0.013100000098347664
2020-07-17T05:00:00Z,-0.013100000098347664
2020-07-17T06:00:00Z,-0.013100000098347664
2020-07-17T07:00:00Z,-0.01529999915510416
2020-07-17T08:00:00Z,-0.01529999915510416
2020-07-17T09:00:00Z,-0.01529999915510416
2020-07-17T10:00:00Z,-0.006199999712407589
2020-07-17T11:00:00Z,-0.006199999712407589
2020-07-17T12:00:00Z,-0.006199999712407589
2020-07-17T13:00:00Z,0.3334999978542328
2020-07-17T14:00:00Z,0.3334999978542328
2020-07-17T15:00:00Z,0.3334999978542328
2020-07-17T16:00:00Z,0.786799967288971
2020-07-17T17:00:00Z,0.786799967288971
2020-07-17T18:00:00Z,0.786799967288971
2020-07-17T19:00:00Z,0.9095999598503113
2020-07-17T20:00:00Z,0.9095999598503113
2020-07-17T21:00:00Z,0.9095999598503113
2020-07-17T22:00:00Z,0.6136999726295471
2020-07-17T23:00:00Z,0.6136999726295471
2020-07-18T00:00:00Z,0.6136999726295471
2020-07-18T01:00:00Z,0.08389999717473984
2020-07-18T02:00:00Z,0.08389999717473984
2020-07-18T03:00:00Z,0.08389999717473984
2020-07-18T04:00:00Z,-0.005399999674409628
2020-07-18T05:00:00Z,-0.005399999674409628
2020-07-18T06:00:00Z,-0.005399999674409628
2020-07-18T07:00:00Z,-0.012999999336898327
2020-07-18T08:00:00Z,-0.012999999336898327
2020-07-18T09:00:00Z,-0.012999999336898327
2020-07-18T10:00:00Z,-0.0026000000070780516
2020-07-18T11:00:00Z,-0.0026000000070780516
2020-07-18T12:00:00Z,-0.0026000000070780516
2020-07-18T13:00:00Z,0.35179996490478516
2020-07-18T14:00:00Z,0.35179996490478516
2020-07-18T15:00:00Z,0.35179996490478516
2020-07-18T16:00:00Z,0.868399977684021
2020-07-18T17:00:00Z,0.868399977684021
2020-07-18T18:00:00Z,0.868399977684021
2020-07-18T19:00:00Z,1.0348999500274658
2020-07-18T20:00:00Z,1.0348999500274658
2020-07-18T21:00:00Z,1.0348999500274658
2020-07-18T22:00:00Z,0.6899999976158142
2020-07-18T23:00:00Z,0.6899999976158142
2020-07-19T00:00:00Z,0.6899999976158142
2020-07-19T01:00:00Z,0.10049999505281448
2020-07-19T02:00:00Z,0.10049999505281448
2020-07-19T03:00:00Z,0.10049999505281448
2020-07-19T04:00:00Z,0.007199999876320362
2020-07-19T05:00:00Z,0.007199999876320362
2020-07-19T06:00:00Z,0.007199999876320362
2020-07-19T07:00:00Z,-0.012299999594688416
2020-07-19T08:00:00Z,-0.012299999594688416
2020-07-19T09:00:00Z,-0.012299999594688416
2020-07-19T10:00:00Z,-6.99999975040555e-4
2020-07-19T11:00:00Z,-6.99999975040555e-4
2020-07-19T12:00:00Z,-6.99999975040555e-4
2020-07-19T13:00:00Z,0.34369999170303345
2020-07-19T14:00:00Z,0.34369999170303345
2020-07-19T15:00:00Z,0.34369999170303345
2020-07-19T16:00:00Z,0.7979999780654907
2020-07-19T17:00:00Z,0.7979999780654907
2020-07-19T18:00:00Z,0.7979999780654907
2020-07-19T19:00:00Z,0.9264000058174133
2020-07-19T20:00:00Z,0.9264000058174133
2020-07-19T21:00:00Z,0.9264000058174133
2020-07-19T22:00:00Z,0.5888000130653381
2020-07-19T23:00:00Z,0.5888000130653381
2020-07-20T00:00:00Z,0.5888000130653381
2020-07-20T01:00:00Z,0.0697999969124794
2020-07-20T02:00:00Z,0.0697999969124794
2020-07-20T03:00:00Z,0.0697999969124794
2020-07-20T04:00:00Z,0.008999999612569809
2020-07-20T05:00:00Z,0.008999999612569809
2020-07-20T06:00:00Z,0.008999999612569809
2020-07-20T07:00:00Z,0.002699999837204814
2020-07-20T08:00:00Z,0.002699999837204814
2020-07-20T09:00:00Z,0.002699999837204814
2020-07-20T10:00:00Z,0.020800000056624413
2020-07-20T11:00:00Z,0.020800000056624413
2020-07-20T12:00:00Z,0.020800000056624413
2020-07-20T13:00:00Z,0.26159998774528503
2020-07-20T14:00:00Z,0.26159998774528503
2020-07-20T15:00:00Z,0.26159998774528503
2020-07-20T16:00:00Z,0.3317999839782715
2020-07-20T17:00:00Z,0.3317999839782715
2020-07-20T18:00:00Z,0.3317999839782715
2020-07-20T19:00:00Z,0.5443999767303467
2020-07-20T20:00:00Z,0.5443999767303467
2020-07-20T21:00:00Z,0.5443999767303467
2020-07-20T22:00:00Z,0.4869000017642975
2020-07-20T23:00:00Z,0.4869000017642975
2020-07-21T00:00:00Z,0.4869000017642975
2020-07-21T01:00:00Z,0.06449999660253525
2020-07-21T02:00:00Z,0.06449999660253525
2020-07-21T03:00:00Z,0.06449999660253525
2020-07-21T04:00:00Z,0.02410000003874302
2020-07-21T05:00:00Z,0.02410000003874302
2020-07-21T06:00:00Z,0.02410000003874302
2020-07-21T07:00:00Z,0.013199999928474426
2020-07-21T08:00:00Z,0.013199999928474426
2020-07-21T09:00:00Z,0.013199999928474426
2020-07-21T10:00:00Z,0.010999999940395355
2020-07-21T11:00:00Z,0.010999999940395355
2020-07-21T12:00:00Z,0.010999999940395355
2020-07-21T13:00:00Z,0.21050000190734863
2020-07-21T14:00:00Z,0.21050000190734863
2020-07-21T15:00:00Z,0.21050000190734863
2020-07-21T16:00:00Z,0.6861000061035156
2020-07-21T17:00:00Z,0.6861000061035156
2020-07-21T18:00:00Z,0.6861000061035156
2020-07-21T19:00:00Z,0.5684999823570251
2020-07-21T20:00:00Z,0.5684999823570251
2020-07-21T21:00:00Z,0.5684999823570251
2020-07-21T22:00:00Z,0.4359999895095825
2020-07-21T23:00:00Z,0.4359999895095825
2020-07-22T00:00:00Z,0.4359999895095825
2020-07-22T01:00:00Z,0.057099997997283936
2020-07-22T02:00:00Z,0.057099997997283936
2020-07-22T03:00:00Z,0.057099997997283936
2020-07-22T04:00:00Z,0.008700000122189522
2020-07-22T05:00:00Z,0.008700000122189522
2020-07-22T06:00:00Z,0.008700000122189522
2020-07-22T07:00:00Z,-0.008799999952316284
2020-07-22T08:00:00Z,-0.008799999952316284
2020-07-22T09:00:00Z,-0.008799999952316284
2020-07-22T10:00:00Z,-0.010199999436736107
2020-07-22T11:00:00Z,-0.010199999436736107
2020-07-22T12:00:00Z,-0.010199999436736107
2020-07-22T13:00:00Z,0.30799999833106995
2020-07-22T14:00:00Z,0.30799999833106995
2020-07-22T15:00:00Z,0.30799999833106995
2020-07-22T16:00:00Z,0.7728999853134155
2020-07-22T17:00:00Z,0.7728999853134155
2020-07-22T18:00:00Z,0.7728999853134155
2020-07-22T19:00:00Z,0.9333999752998352
2020-07-22T20:00:00Z,0.9333999752998352
2020-07-22T21:00:00Z,0.9333999752998352
2020-07-22T22:00:00Z,0.5909000039100647
2020-07-22T23:00:00Z,0.5909000039100647
2020-07-23T00:00:00Z,0.5909000039100647
2020-07-23T01:00:00Z,0.05819999799132347
2020-07-23T02:00:00Z,0.05819999799132347
2020-07-23T03:00:00Z,0.05819999799132347
2020-07-23T04:00:00Z,-0.0024999999441206455
2020-07-23T05:00:00Z,-0.0024999999441206455
2020-07-23T06:00:00Z,-0.0024999999441206455
2020-07-23T07:00:00Z,-0.0058999997563660145
2020-07-23T08:00:00Z,-0.0058999997563660145
2020-07-23T09:00:00Z,-0.0058999997563660145
2020-07-23T10:00:00Z,9.999999747378752e-5
2020-07-23T11:00:00Z,9.999999747378752e-5
2020-07-23T12:00:00Z,9.999999747378752e-5
2020-07-23T13:00:00Z,0.3294999897480011
2020-07-23T14:00:00Z,0.3294999897480011
2020-07-23T15:00:00Z,0.3294999897480011
2020-07-23T16:00:00Z,0.788100004196167
2020-07-23T17:00:00Z,0.788100004196167
2020-07-23T18:00:00Z,0.788100004196167
2020-07-23T19:00:00Z,0.8851000070571899
2020-07-23T20:00:00Z,0.8851000070571899
2020-07-23T21:00:00Z,0.8851000070571899
2020-07-23T22:00:00Z,0.5719000101089478
2020-07-23T23:00:00Z,0.5719000101089478
2020-07-24T00:00:00Z,0.5719000101089478
2020-07-24T01:00:00Z,0.0575999990105629
2020-07-24T02:00:00Z,0.0575999990105629
2020-07-24T03:00:00Z,0.0575999990105629
2020-07-24T04:00:00Z,-0.0016999999061226845
2020-07-24T05:00:00Z,-0.0016999999061226845
2020-07-24T06:00:00Z,-0.0016999999061226845
2020-07-24T07:00:00Z,-0.00839999970048666
2020-07-24T08:00:00Z,-0.00839999970048666
2020-07-24T09:00:00Z,-0.00839999970048666
2020-07-24T10:00:00Z,-0.007899999618530273
2020-07-24T11:00:00Z,-0.007899999618530273
2020-07-24T12:00:00Z,-0.007899999618530273
2020-07-24T13:00:00Z,0.32569998502731323
2020-07-24T14:00:00Z,0.32569998502731323
2020-07-24T15:00:00Z,0.32569998502731323
2020-07-24T16:00:00Z,0.7954999804496765
2020-07-24T17:00:00Z,0.7954999804496765
2020-07-24T18:00:00Z,0.7954999804496765
2020-07-24T19:00:00Z,0.8895999789237976
2020-07-24T20:00:00Z,0.8895999789237976
2020-07-24T21:00:00Z,0.8895999789237976
2020-07-24T22:00:00Z,0.3879999816417694
2020-07-24T23:00:00Z,0.3879999816417694
2020-07-25T00:00:00Z,0.3879999816417694
2020-07-25T01:00:00Z,0.05939999967813492
2020-07-25T02:00:00Z,0.05939999967813492
2020-07-25T03:00:00Z,0.05939999967813492
2020-07-25T04:00:00Z,0.004100000020116568
2020-07-25T05:00:00Z,0.004100000020116568
2020-07-25T06:00:00Z,0.004100000020116568
2020-07-25T07:00:00Z,-0.0052999998442828655
2020-07-25T08:00:00Z,-0.0052999998442828655
2020-07-25T09:00:00Z,-0.0052999998442828655
2020-07-25T10:00:00Z,-0.006199999712407589
2020-07-25T11:00:00Z,-0.006199999712407589
2020-07-25T12:00:00Z,-0.006199999712407589
2020-07-25T13:00:00Z,0.32189998030662537
2020-07-25T14:00:00Z,0.32189998030662537
2020-07-25T15:00:00Z,0.32189998030662537
2020-07-25T16:00:00Z,0.776699960231781
2020-07-25T17:00:00Z,0.776699960231781
2020-07-25T18:00:00Z,0.776699960231781
2020-07-25T19:00:00Z,0.8693000078201294
2020-07-25T20:00:00Z,0.8693000078201294
2020-07-25T21:00:00Z,0.8693000078201294
2020-07-25T22:00:00Z,0.5134999752044678
2020-07-25T23:00:00Z,0.5134999752044678
2020-07-26T00:00:00Z,0.5134999752044678
2020-07-26T01:00:00Z,0.08999999612569809
2020-07-26T02:00:00Z,0.08999999612569809
2020-07-26T03:00:00Z,0.08999999612569809
2020-07-26T04:00:00Z,0.0066999997943639755
2020-07-26T05:00:00Z,0.0066999997943639755
2020-07-26T06:00:00Z,0.0066999997943639755
2020-07-26T07:00:00Z,-0.0011999999405816197
2020-07-26T08:00:00Z,-0.0011999999405816197
2020-07-26T09:00:00Z,-0.0011999999405816197
2020-07-26T10:00:00Z,-9.999999310821295e-4
2020-07-26T11:00:00Z,-9.999999310821295e-4
2020-07-26T12:00:00Z,-9.999999310821295e-4
2020-07-26T13:00:00Z,0.3398999869823456
2020-07-26T14:00:00Z,0.3398999869823456
2020-07-26T15:00:00Z,0.3398999869823456
2020-07-26T16:00:00Z,0.8199999928474426
2020-07-26T17:00:00Z,0.8199999928474426
2020-07-26T18:00:00Z,0.8199999928474426
2020-07-26T19:00:00Z,0.9380999803543091
2020-07-26T20:00:00Z,0.9380999803543091
2020-07-26T21:00:00Z,0.9380999803543091
2020-07-26T22:00:00Z,0.5651999711990356
2020-07-26T23:00:00Z,0.5651999711990356
2020-07-27T00:00:00Z,0.5651999711990356
2020-07-27T01:00:00Z,0.0674000009894371
2020-07-27T02:00:00Z,0.0674000009894371
2020-07-27T03:00:00Z,0.0674000009894371
2020-07-27T04:00:00Z,0.0071000000461936
2020-07-27T05:00:00Z,0.0071000000461936
2020-07-27T06:00:00Z,0.0071000000461936
2020-07-27T07:00:00Z,0.009599999524652958
2020-07-27T08:00:00Z,0.009599999524652958
2020-07-27T09:00:00Z,0.009599999524652958
2020-07-27T10:00:00Z,0.01889999955892563
2020-07-27T11:00:00Z,0.01889999955892563
2020-07-27T12:00:00Z,0.01889999955892563
2020-07-27T13:00:00Z,0.1842999905347824
2020-07-27T14:00:00Z,0.1842999905347824
2020-07-27T15:00:00Z,0.1842999905347824
2020-07-27T16:00:00Z,0.5051000118255615
2020-07-27T17:00:00Z,0.5051000118255615
2020-07-27T18:00:00Z,0.5051000118255615
2020-07-27T19:00:00Z,0.5447999835014343
2020-07-27T20:00:00Z,0.5447999835014343
2020-07-27T21:00:00Z,0.5447999835014343
2020-07-27T22:00:00Z,0.4324999749660492
2020-07-27T23:00:00Z,0.4324999749660492
2020-07-28T00:00:00Z,0.4324999749660492
2020-07-28T01:00:00Z,0.05379999801516533
2020-07-28T02:00:00Z,0.05379999801516533
2020-07-28T03:00:00Z,0.05379999801516533
2020-07-28T04:00:00Z,-0.007799999788403511
2020-07-28T05:00:00Z,-0.007799999788403511
2020-07-28T06:00:00Z,-0.007799999788403511
2020-07-28T07:00:00Z,-0.016099998727440834
2020-07-28T08:00:00Z,-0.016099998727440834
2020-07-28T09:00:00Z,-0.016099998727440834
2020-07-28T10:00:00Z,-0.016699999570846558
2020-07-28T11:00:00Z,-0.016699999570846558
2020-07-28T12:00:00Z,-0.016699999570846558
2020-07-28T13:00:00Z,0.29749998450279236
2020-07-28T14:00:00Z,0.29749998450279236
2020-07-28T15:00:00Z,0.29749998450279236
2020-07-28T16:00:00Z,0.8183000087738037
2020-07-28T17:00:00Z,0.8183000087738037
2020-07-28T18:00:00Z,0.8183000087738037
2020-07-28T19:00:00Z,0.9178999662399292
2020-07-28T20:00:00Z,0.9178999662399292
2020-07-28T21:00:00Z,0.9178999662399292
2020-07-28T22:00:00Z,0.5210999846458435
2020-07-28T23:00:00Z,0.5210999846458435
2020-07-29T00:00:00Z,0.5210999846458435
2020-07-29T01:00:00Z,0.06189999729394913
2020-07-29T02:00:00Z,0.06189999729394913
2020-07-29T03:00:00Z,0.06189999729394913
2020-07-29T04:00:00Z,0.010900000110268593
2020-07-29T05:00:00Z,0.010900000110268593
2020-07-29T06:00:00Z,0.010900000110268593
2020-07-29T07:00:00Z,0.004900000058114529
2020-07-29T08:00:00Z,0.004900000058114529
2020-07-29T09:00:00Z,0.004900000058114529
2020-07-29T10:00:00Z,0.004600000102072954
2020-07-29T11:00:00Z,0.004600000102072954
2020-07-29T12:00:00Z,0.004600000102072954
2020-07-29T13:00:00Z,0.25290000438690186
2020-07-29T14:00:00Z,0.25290000438690186
2020-07-29T15:00:00Z,0.25290000438690186
2020-07-29T16:00:00Z,0.4584999978542328
2020-07-29T17:00:00Z,0.4584999978542328
2020-07-29T18:00:00Z,0.4584999978542328
2020-07-29T19:00:00Z,0.4227999746799469
2020-07-29T20:00:00Z,0.4227999746799469
2020-07-29T21:00:00Z,0.4227999746799469
2020-07-29T22:00:00Z,0.29889997839927673
2020-07-29T23:00:00Z,0.29889997839927673
2020-07-30T00:00:00Z,0.29889997839927673
2020-07-30T01:00:00Z,0.057099997997283936
2020-07-30T02:00:00Z,0.057099997997283936
2020-07-30T03:00:00Z,0.057099997997283936
2020-07-30T04:00:00Z,0.01599999889731407
2020-07-30T05:00:00Z,0.01599999889731407
2020-07-30T06:00:00Z,0.01599999889731407
2020-07-30T07:00:00Z,0.0071000000461936
2020-07-30T08:00:00Z,0.0071000000461936
2020-07-30T09:00:00Z,0.0071000000461936
2020-07-30T10:00:00Z,0.003399999812245369
2020-07-30T11:00:00Z,0.003399999812245369
2020-07-30T12:00:00Z,0.003399999812245369
2020-07-30T13:00:00Z,0.17729999125003815
2020-07-30T14:00:00Z,0.17729999125003815
2020-07-30T15:00:00Z,0.17729999125003815
2020-07-30T16:00:00Z,0.5426999926567078
2020-07-30T17:00:00Z,0.5426999926567078
2020-07-30T18:00:00Z,0.5426999926567078
2020-07-30T19:00:00Z,0.58160001039505
2020-07-30T20:00:00Z,0.58160001039505
2020-07-30T21:00:00Z,0.58160001039505
2020-07-30T22:00:00Z,0.3628000020980835
2020-07-30T23:00:00Z,0.3628000020980835
2020-07-31T00:00:00Z,0.3628000020980835
2020-07-31T01:00:00Z,0.06509999930858612
2020-07-31T02:00:00Z,0.06509999930858612
2020-07-31T03:00:00Z,0.06509999930858612
2020-07-31T04:00:00Z,0.025699999183416367
2020-07-31T05:00:00Z,0.025699999183416367
2020-07-31T06:00:00Z,0.025699999183416367
2020-07-31T07:00:00Z,0.013899999670684338
2020-07-31T08:00:00Z,0.013899999670684338
2020-07-31T09:00:00Z,0.013899999670684338
2020-07-31T10:00:00Z,0.021299999207258224
2020-07-31T11:00:00Z,0.021299999207258224
2020-07-31T12:00:00Z,0.021299999207258224
2020-07-31T13:00:00Z,0.15449999272823334
2020-07-31T14:00:00Z,0.15449999272823334
2020-07-31T15:00:00Z,0.15449999272823334
2020-07-31T16:00:00Z,0.4414999783039093
2020-07-31T17:00:00Z,0.4414999783039093
2020-07-31T18:00:00Z,0.4414999783039093
2020-07-31T19:00:00Z,0.6948999762535095
2020-07-31T20:00:00Z,0.6948999762535095
2020-07-31T21:00:00Z,0.6948999762535095
2020-07-31T22:00:00Z,0.4778999984264374
2020-07-31T23:00:00Z,0.4778999984264374
2020-08-01T00:00:00Z,0.4778999984264374
2020-08-01T01:00:00Z,0.06300000101327896
2020-08-01T02:00:00Z,0.06300000101327896
2020-08-01T03:00:00Z,0.06300000101327896
2020-08-01T04:00:00Z,-0.011500000022351742
2020-08-01T05:00:00Z,-0.011500000022351742
2020-08-01T06:00:00Z,-0.011500000022351742
2020-08-01T07:00:00Z,-0.01769999973475933
2020-08-01T08:00:00Z,-0.01769999973475933
2020-08-01T09:00:00Z,-0.01769999973475933
2020-08-01T10:00:00Z,-0.016599999740719795
2020-08-01T11:00:00Z,-0.016599999740719795
2020-08-01T12:00:00Z,-0.016599999740719795
2020-08-01T13:00:00Z,0.25360000133514404
2020-08-01T14:00:00Z,0.25360000133514404
2020-08-01T15:00:00Z,0.25360000133514404
2020-08-01T16:00:00Z,0.7181999683380127
2020-08-01T17:00:00Z,0.7181999683380127
2020-08-01T18:00:00Z,0.7181999683380127
2020-08-01T19:00:00Z,0.8327999711036682
2020-08-01T20:00:00Z,0.8327999711036682
2020-08-01T21:00:00Z,0.8327999711036682
2020-08-01T22:00:00Z,0.5217999815940857
2020-08-01T23:00:00Z,0.5217999815940857
2020-08-02T00:00:00Z,0.5217999815940857
2020-08-02T01:00:00Z,0.041999999433755875
2020-08-02T02:00:00Z,0.041999999433755875
2020-08-02T03:00:00Z,0.041999999433755875
2020-08-02T04:00:00Z,-0.004699999932199717
2020-08-02T05:00:00Z,-0.004699999932199717
2020-08-02T06:00:00Z,-0.004699999932199717
2020-08-02T07:00:00Z,-0.001999999862164259
2020-08-02T08:00:00Z,-0.001999999862164259
2020-08-02T09:00:00Z,-0.001999999862164259
2020-08-02T10:00:00Z,0.010199999436736107
2020-08-02T11:00:00Z,0.010199999436736107
2020-08-02T12:00:00Z,0.010199999436736107
2020-08-02T13:00:00Z,0.26919999718666077
2020-08-02T14:00:00Z,0.26919999718666077
2020-08-02T15:00:00Z,0.26919999718666077
2020-08-02T16:00:00Z,0.7443000078201294
2020-08-02T17:00:00Z,0.7443000078201294
2020-08-02T18:00:00Z,0.7443000078201294
2020-08-02T19:00:00Z,0.6857999563217163
2020-08-02T20:00:00Z,0.6857999563217163
2020-08-02T21:00:00Z,0.6857999563217163
2020-08-02T22:00:00Z,0.34880000352859497
2020-08-02T23:00:00Z,0.34880000352859497
2020-08-03T00:00:00Z,0.34880000352859497
2020-08-03T01:00:00Z,0.04619999974966049
2020-08-03T02:00:00Z,0.04619999974966049
2020-08-03T03:00:00Z,0.04619999974966049
2020-08-03T04:00:00Z,0.0072999997064471245
2020-08-03T05:00:00Z,0.0072999997064471245
2020-08-03T06:00:00Z,0.0072999997064471245
2020-08-03T07:00:00Z,0.005499999970197678
2020-08-03T08:00:00Z,0.005499999970197678
2020-08-03T09:00:00Z,0.005499999970197678
2020-08-03T10:00:00Z,-0.0072999997064471245
2020-08-03T11:00:00Z,-0.0072999997064471245
2020-08-03T12:00:00Z,-0.0072999997064471245
2020-08-03T13:00:00Z,0.2604999840259552
2020-08-03T14:00:00Z,0.2604999840259552
2020-08-03T15:00:00Z,0.2604999840259552
2020-08-03T16:00:00Z,0.6983999609947205
2020-08-03T17:00:00Z,0.6983999609947205
2020-08-03T18:00:00Z,0.6983999609947205
2020-08-03T19:00:00Z,0.7774999737739563
2020-08-03T20:00:00Z,0.7774999737739563
2020-08-03T21:00:00Z,0.7774999737739563
2020-08-03T22:00:00Z,0.515999972820282
2020-08-03T23:00:00Z,0.515999972820282
2020-08-04T00:00:00Z,0.515999972820282
2020-08-04T01:00:00Z,0.04739999771118164
2020-08-04T02:00:00Z,0.04739999771118164
2020-08-04T03:00:00Z,0.04739999771118164
2020-08-04T04:00:00Z,-0.0010999999940395355
2020-08-04T05:00:00Z,-0.0010999999940395355
2020-08-04T06:00:00Z,-0.0010999999940395355
2020-08-04T07:00:00Z,-0.00989999994635582
2020-08-04T08:00:00Z,-0.00989999994635582
2020-08-04T09:00:00Z,-0.00989999994635582
2020-08-04T10:00:00Z,-0.011899999342858791
2020-08-04T11:00:00Z,-0.011899999342858791
2020-08-04T12:00:00Z,-0.011899999342858791
2020-08-04T13:00:00Z,0.24319998919963837
2020-08-04T14:00:00Z,0.24319998919963837
2020-08-04T15:00:00Z,0.24319998919963837
2020-08-04T16:00:00Z,0.6804999709129333
2020-08-04T17:00:00Z,0.6804999709129333
2020-08-04T18:00:00Z,0.6804999709129333
2020-08-04T19:00:00Z,0.8449999690055847
2020-08-04T20:00:00Z,0.8449999690055847
2020-08-04T21:00:00Z,0.8449999690055847
2020-08-04T22:00:00Z,0.5041999816894531
2020-08-04T23:00:00Z,0.5041999816894531
2020-08-05T00:00:00Z,0.5041999816894531
2020-08-05T01:00:00Z,0.026999998837709427
2020-08-05T02:00:00Z,0.026999998837709427
2020-08-05T03:00:00Z,0.026999998837709427
2020-08-05T04:00:00Z,-0.012999999336898327
2020-08-05T05:00:00Z,-0.012999999336898327
2020-08-05T06:00:00Z,-0.012999999336898327
2020-08-05T07:00:00Z,-0.016499999910593033
2020-08-05T08:00:00Z,-0.016499999910593033
2020-08-05T09:00:00Z,-0.016499999910593033
2020-08-05T10:00:00Z,-0.015099999494850636
2020-08-05T11:00:00Z,-0.015099999494850636
2020-08-05T12:00:00Z,-0.015099999494850636
2020-08-05T13:00:00Z,0.21439999341964722
2020-08-05T14:00:00Z,0.21439999341964722
2020-08-05T15:00:00Z,0.21439999341964722
2020-08-05T16:00:00Z,0.3050000071525574
2020-08-05T17:00:00Z,0.3050000071525574
2020-08-05T18:00:00Z,0.3050000071525574
2020-08-05T19:00:00Z,0.4919999837875366
2020-08-05T20:00:00Z,0.4919999837875366
2020-08-05T21:00:00Z,0.4919999837875366
2020-08-05T22:00:00Z,0.42010000348091125
2020-08-05T23:00:00Z,0.42010000348091125
2020-08-06T00:00:00Z,0.42010000348091125
2020-08-06T01:00:00Z,0.032099999487400055
2020-08-06T02:00:00Z,0.032099999487400055
2020-08-06T03:00:00Z,0.032099999487400055
2020-08-06T04:00:00Z,0.010300000198185444
2020-08-06T05:00:00Z,0.010300000198185444
2020-08-06T06:00:00Z,0.010300000198185444
2020-08-06T07:00:00Z,0.007899999618530273
2020-08-06T08:00:00Z,0.007899999618530273
2020-08-06T09:00:00Z,0.007899999618530273
2020-08-06T10:00:00Z,0.011899999342858791
2020-08-06T11:00:00Z,0.011899999342858791
2020-08-06T12:00:00Z,0.011899999342858791
2020-08-06T13:00:00Z,0.2662999927997589
2020-08-06T14:00:00Z,0.2662999927997589
2020-08-06T15:00:00Z,0.2662999927997589
2020-08-06T16:00:00Z,0.5895999670028687
2020-08-06T17:00:00Z,0.5895999670028687
2020-08-06T18:00:00Z,0.5895999670028687
2020-08-06T19:00:00Z,0.796999990940094
2020-08-06T20:00:00Z,0.796999990940094
2020-08-06T21:00:00Z,0.796999990940094
2020-08-06T22:00:00Z,0.508899986743927
2020-08-06T23:00:00Z,0.508899986743927
2020-08-07T00:00:00Z,0.508899986743927
2020-08-07T01:00:00Z,0.041200000792741776
2020-08-07T02:00:00Z,0.041200000792741776
2020-08-07T03:00:00Z,0.041200000792741776
2020-08-07T04:00:00Z,0.006399999838322401
2020-08-07T05:00:00Z,0.006399999838322401
2020-08-07T06:00:00Z,0.006399999838322401
2020-08-07T07:00:00Z,-0.0038999998942017555
2020-08-07T08:00:00Z,-0.0038999998942017555
2020-08-07T09:00:00Z,-0.0038999998942017555
2020-08-07T10:00:00Z,-0.004799999762326479
2020-08-07T11:00:00Z,-0.004799999762326479
2020-08-07T12:00:00Z,-0.004799999762326479
2020-08-07T13:00:00Z,0.2906999886035919
2020-08-07T14:00:00Z,0.2906999886035919
2020-08-07T15:00:00Z,0.2906999886035919
2020-08-07T16:00:00Z,0.75
2020-08-07T17:00:00Z,0.75
2020-08-07T18:00:00Z,0.75
2020-08-07T19:00:00Z,0.8662999868392944
2020-08-07T20:00:00Z,0.8662999868392944
2020-08-07T21:00:00Z,0.8662999868392944
2020-08-07T22:00:00Z,0.5109999775886536
2020-08-07T23:00:00Z,0.5109999775886536
2020-08-08T00:00:00Z,0.5109999775886536
2020-08-08T01:00:00Z,0.02719999849796295
2020-08-08T02:00:00Z,0.02719999849796295
2020-08-08T03:00:00Z,0.02719999849796295
2020-08-08T04:00:00Z,-0.0044999998062849045
2020-08-08T05:00:00Z,-0.0044999998062849045
2020-08-08T06:00:00Z,-0.0044999998062849045
2020-08-08T07:00:00Z,0.006300000008195639
2020-08-08T08:00:00Z,0.006300000008195639
2020-08-08T09:00:00Z,0.006300000008195639
2020-08-08T10:00:00Z,0.002699999837204814
2020-08-08T11:00:00Z,0.002699999837204814
2020-08-08T12:00:00Z,0.002699999837204814
2020-08-08T13:00:00Z,0.1500999927520752
2020-08-08T14:00:00Z,0.1500999927520752
2020-08-08T15:00:00Z,0.1500999927520752
2020-08-08T16:00:00Z,0.5722000002861023
2020-08-08T17:00:00Z,0.5722000002861023
2020-08-08T18:00:00Z,0.5722000002861023
2020-08-08T19:00:00Z,0.8490999937057495
2020-08-08T20:00:00Z,0.8490999937057495
2020-08-08T21:00:00Z,0.8490999937057495
2020-08-08T22:00:00Z,0.5178999900817871
2020-08-08T23:00:00Z,0.5178999900817871
2020-08-09T00:00:00Z,0.5178999900817871
2020-08-09T01:00:00Z,0.03059999831020832
2020-08-09T02:00:00Z,0.03059999831020832
2020-08-09T03:00:00Z,0.03059999831020832
2020-08-09T04:00:00Z,9.999999310821295e-4
2020-08-09T05:00:00Z,9.999999310821295e-4
2020-08-09T06:00:00Z,9.999999310821295e-4
2020-08-09T07:00:00Z,-0.01759999990463257
2020-08-09T08:00:00Z,-0.01759999990463257
2020-08-09T09:00:00Z,-0.01759999990463257
2020-08-09T10:00:00Z,-0.018299998715519905
2020-08-09T11:00:00Z,-0.018299998715519905
2020-08-09T12:00:00Z,-0.018299998715519905
2020-08-09T13:00:00Z,0.2994000017642975
2020-08-09T14:00:00Z,0.2994000017642975
2020-08-09T15:00:00Z,0.2994000017642975
2020-08-09T16:00:00Z,0.7099999785423279
2020-08-09T17:00:00Z,0.7099999785423279
2020-08-09T18:00:00Z,0.7099999785423279
2020-08-09T19:00:00Z,0.7120999693870544
2020-08-09T20:00:00Z,0.7120999693870544
2020-08-09T21:00:00Z,0.7120999693870544
2020-08-09T22:00:00Z,0.4496999979019165
2020-08-09T23:00:00Z,0.4496999979019165
2020-08-10T00:00:00Z,0.4496999979019165
2020-08-10T01:00:00Z,0.035599999129772186
2020-08-10T02:00:00Z,0.035599999129772186
2020-08-10T03:00:00Z,0.035599999129772186
2020-08-10T04:00:00Z,-0.013899999670684338
2020-08-10T05:00:00Z,-0.013899999670684338
2020-08-10T06:00:00Z,-0.013899999670684338
2020-08-10T07:00:00Z,-0.020600000396370888
2020-08-10T08:00:00Z,-0.020600000396370888
2020-08-10T09:00:00Z,-0.020600000396370888
2020-08-10T10:00:00Z,-0.022199999541044235
2020-08-10T11:00:00Z,-0.022199999541044235
2020-08-10T12:00:00Z,-0.022199999541044235
2020-08-10T13:00:00Z,0.29409998655319214
2020-08-10T14:00:00Z,0.29409998655319214
2020-08-10T15:00:00Z,0.29409998655319214
2020-08-10T16:00:00Z,0.7829999923706055
2020-08-10T17:00:00Z,0.7829999923706055
2020-08-10T18:00:00Z,0.7829999923706055
2020-08-10T19:00:00Z,0.5309999585151672
2020-08-10T20:00:00Z,0.5309999585151672
2020-08-10T21:00:00Z,0.5309999585151672
2020-08-10T22:00:00Z,0.31200000643730164
2020-08-10T23:00:00Z,0.31200000643730164
2020-08-11T00:00:00Z,0.31200000643730164
2020-08-11T01:00:00Z,0.02449999935925007
2020-08-11T02:00:00Z,0.02449999935925007
2020-08-11T03:00:00Z,0.02449999935925007
2020-08-11T04:00:00Z,-0.022199999541044235
2020-08-11T05:00:00Z,-0.022199999541044235
2020-08-11T06:00:00Z,-0.022199999541044235
2020-08-11T07:00:00Z,-0.020499998703598976
2020-08-11T08:00:00Z,-0.020499998703598976
2020-08-11T09:00:00Z,-0.020499998703598976
2020-08-11T10:00:00Z,-0.016899999231100082
2020-08-11T11:00:00Z,-0.016899999231100082
2020-08-11T12:00:00Z,-0.016899999231100082
2020-08-11T13:00:00Z,0.2621999979019165
2020-08-11T14:00:00Z,0.2621999979019165
2020-08-11T15:00:00Z,0.2621999979019165
2020-08-11T16:00:00Z,0.699999988079071
2020-08-11T17:00:00Z,0.699999988079071
2020-08-11T18:00:00Z,0.699999988079071
2020-08-11T19:00:00Z,0.788599967956543
2020-08-11T20:00:00Z,0.788599967956543
2020-08-11T21:00:00Z,0.788599967956543
2020-08-11T22:00:00Z,0.4684999883174896
2020-08-11T23:00:00Z,0.4684999883174896
2020-08-12T00:00:00Z,0.4684999883174896
2020-08-12T01:00:00Z,0.03019999898970127
2020-08-12T02:00:00Z,0.03019999898970127
2020-08-12T03:00:00Z,0.03019999898970127
2020-08-12T04:00:00Z,-0.014299999922513962
2020-08-12T05:00:00Z,-0.014299999922513962
2020-08-12T06:00:00Z,-0.014299999922513962
2020-08-12T07:00:00Z,-0.015799999237060547
2020-08-12T08:00:00Z,-0.015799999237060547
2020-08-12T09:00:00Z,-0.015799999237060547
2020-08-12T10:00:00Z,-0.014699999243021011
2020-08-12T11:00:00Z,-0.014699999243021011
2020-08-12T12:00:00Z,-0.014699999243021011
2020-08-12T13:00:00Z,0.2639999985694885
2020-08-12T14:00:00Z,0.2639999985694885
2020-08-12T15:00:00Z,0.2639999985694885
2020-08-12T16:00:00Z,0.7142999768257141
2020-08-12T17:00:00Z,0.7142999768257141
2020-08-12T18:00:00Z,0.7142999768257141
2020-08-12T19:00:00Z,0.8086999654769897
2020-08-12T20:00:00Z,0.8086999654769897
2020-08-12T21:00:00Z,0.8086999654769897
2020-08-12T22:00:00Z,0.49219998717308044
2020-08-12T23:00:00Z,0.49219998717308044
2020-08-13T00:00:00Z,0.49219998717308044
2020-08-13T01:00:00Z,0.018400000408291817
2020-08-13T02:00:00Z,0.018400000408291817
2020-08-13T03:00:00Z,0.018400000408291817
2020-08-13T04:00:00Z,-0.008100000210106373
2020-08-13T05:00:00Z,-0.008100000210106373
2020-08-13T06:00:00Z,-0.008100000210106373
2020-08-13T07:00:00Z,-0.006599999964237213
2020-08-13T08:00:00Z,-0.006599999964237213
2020-08-13T09:00:00Z,-0.006599999964237213
2020-08-13T10:00:00Z,-0.010300000198185444
2020-08-13T11:00:00Z,-0.010300000198185444
2020-08-13T12:00:00Z,-0.010300000198185444
2020-08-13T13:00:00Z,0.2651999890804291
2020-08-13T14:00:00Z,0.2651999890804291
2020-08-13T15:00:00Z,0.2651999890804291
2020-08-13T16:00:00Z,0.7404999732971191
2020-08-13T17:00:00Z,0.7404999732971191
2020-08-13T18:00:00Z,0.7404999732971191
2020-08-13T19:00:00Z,0.85589998960495
2020-08-13T20:00:00Z,0.85589998960495
2020-08-13T21:00:00Z,0.85589998960495
2020-08-13T22:00:00Z,0.4893999993801117
2020-08-13T23:00:00Z,0.4893999993801117
2020-08-14T00:00:00Z,0.4893999993801117
2020-08-14T01:00:00Z,0.019199999049305916
2020-08-14T02:00:00Z,0.019199999049305916
2020-08-14T03:00:00Z,0.019199999049305916
2020-08-14T04:00:00Z,-0.01719999872148037
2020-08-14T05:00:00Z,-0.01719999872148037
2020-08-14T06:00:00Z,-0.01719999872148037
2020-08-14T07:00:00Z,-0.023499999195337296
2020-08-14T08:00:00Z,-0.023499999195337296
2020-08-14T09:00:00Z,-0.023499999195337296
2020-08-14T10:00:00Z,-0.022299999371170998
2020-08-14T11:00:00Z,-0.022299999371170998
2020-08-14T12:00:00Z,-0.022299999371170998
2020-08-14T13:00:00Z,0.25779998302459717
2020-08-14T14:00:00Z,0.25779998302459717
2020-08-14T15:00:00Z,0.25779998302459717
2020-08-14T16:00:00Z,0.7387999892234802
2020-08-14T17:00:00Z,0.7387999892234802
2020-08-14T18:00:00Z,0.7387999892234802
2020-08-14T19:00:00Z,0.8522999882698059
2020-08-14T20:00:00Z,0.8522999882698059
2020-08-14T21:00:00Z,0.8522999882698059
2020-08-14T22:00:00Z,0.4917999804019928
2020-08-14T23:00:00Z,0.4917999804019928
2020-08-15T00:00:00Z,0.4917999804019928
2020-08-15T01:00:00Z,0.008599999360740185
2020-08-15T02:00:00Z,0.008599999360740185
2020-08-15T03:00:00Z,0.008599999360740185
2020-08-15T04:00:00Z,-0.021800000220537186
2020-08-15T05:00:00Z,-0.021800000220537186
2020-08-15T06:00:00Z,-0.021800000220537186
2020-08-15T07:00:00Z,-0.021199999377131462
2020-08-15T08:00:00Z,-0.021199999377131462
2020-08-15T09:00:00Z,-0.021199999377131462
2020-08-15T10:00:00Z,-0.012600000016391277
2020-08-15T11:00:00Z,-0.012600000016391277
2020-08-15T12:00:00Z,-0.012600000016391277
2020-08-15T13:00:00Z,0.23099999129772186
2020-08-15T14:00:00Z,0.23099999129772186
2020-08-15T15:00:00Z,0.23099999129772186
2020-08-15T16:00:00Z,0.7195000052452087
2020-08-15T17:00:00Z,0.7195000052452087
2020-08-15T18:00:00Z,0.7195000052452087
2020-08-15T19:00:00Z,0.8889999985694885
2020-08-15T20:00:00Z,0.8889999985694885
2020-08-15T21:00:00Z,0.8889999985694885
2020-08-15T22:00:00Z,0.5385000109672546
2020-08-15T23:00:00Z,0.5385000109672546
2020-08-16T00:00:00Z,0.5385000109672546
2020-08-16T01:00:00Z,0.03199999779462814
2020-08-16T02:00:00Z,0.03199999779462814
2020-08-16T03:00:00Z,0.03199999779462814
2020-08-16T04:00:00Z,0.012199999764561653
2020-08-16T05:00:00Z,0.012199999764561653
2020-08-16T06:00:00Z,0.012199999764561653
2020-08-16T07:00:00Z,-0.004399999976158142
2020-08-16T08:00:00Z,-0.004399999976158142
2020-08-16T09:00:00Z,-0.004399999976158142
2020-08-16T10:00:00Z,-0.008899999782443047
2020-08-16T11:00:00Z,-0.008899999782443047
2020-08-16T12:00:00Z,-0.008899999782443047
2020-08-16T13:00:00Z,0.249099999666214
2020-08-16T14:00:00Z,0.249099999666214
2020-08-16T15:00:00Z,0.249099999666214
2020-08-16T16:00:00Z,0.6800999641418457
2020-08-16T17:00:00Z,0.6800999641418457
2020-08-16T18:00:00Z,0.6800999641418457
2020-08-16T19:00:00Z,0.8464999794960022
2020-08-16T20:00:00Z,0.8464999794960022
2020-08-16T21:00:00Z,0.8464999794960022
2020-08-16T22:00:00Z,0.4765999913215637
2020-08-16T23:00:00Z,0.4765999913215637
2020-08-17T00:00:00Z,0.4765999913215637
2020-08-17T01:00:00Z,0.012999999336898327
2020-08-17T02:00:00Z,0.012999999336898327
2020-08-17T03:00:00Z,0.012999999336898327
2020-08-17T04:00:00Z,-0.011099999770522118
2020-08-17T05:00:00Z,-0.011099999770522118
2020-08-17T06:00:00Z,-0.011099999770522118
2020-08-17T07:00:00Z,-0.011099999770522118
2020-08-17T08:00:00Z,-0.011099999770522118
2020-08-17T09:00:00Z,-0.011099999770522118
2020-08-17T10:00:00Z,-0.009800000116229057
2020-08-17T11:00:00Z,-0.009800000116229057
2020-08-17T12:00:00Z,-0.009800000116229057
2020-08-17T13:00:00Z,0.25360000133514404
2020-08-17T14:00:00Z,0.25360000133514404
2020-08-17T15:00:00Z,0.25360000133514404
2020-08-17T16:00:00Z,0.7387999892234802
2020-08-17T17:00:00Z,0.7387999892234802
2020-08-17T18:00:00Z,0.7387999892234802
2020-08-17T19:00:00Z,0.9256999492645264
2020-08-17T20:00:00Z,0.9256999492645264
2020-08-17T21:00:00Z,0.9256999492645264
2020-08-17T22:00:00Z,0.5386999845504761
2020-08-17T23:00:00Z,0.5386999845504761
2020-08-18T00:00:00Z,0.5386999845504761
2020-08-18T01:00:00Z,0.04349999874830246
2020-08-18T02:00:00Z,0.04349999874830246
2020-08-18T03:00:00Z,0.04349999874830246
2020-08-18T04:00:00Z,0.001999999862164259
2020-08-18T05:00:00Z,0.001999999862164259
2020-08-18T06:00:00Z,0.001999999862164259
2020-08-18T07:00:00Z,-0.002199999988079071
2020-08-18T08:00:00Z,-0.002199999988079071
2020-08-18T09:00:00Z,-0.002199999988079071
2020-08-18T10:00:00Z,-0.011299999430775642
2020-08-18T11:00:00Z,-0.011299999430775642
2020-08-18T12:00:00Z,-0.011299999430775642
2020-08-18T13:00:00Z,0.2516999840736389
2020-08-18T14:00:00Z,0.2516999840736389
2020-08-18T15:00:00Z,0.2516999840736389
2020-08-18T16:00:00Z,0.7583000063896179
2020-08-18T17:00:00Z,0.7583000063896179
2020-08-18T18:00:00Z,0.7583000063896179
2020-08-18T19:00:00Z,0.9055999517440796
2020-08-18T20:00:00Z,0.9055999517440796
2020-08-18T21:00:00Z,0.9055999517440796
2020-08-18T22:00:00Z,0.5042999982833862
2020-08-18T23:00:00Z,0.5042999982833862
2020-08-19T00:00:00Z,0.5042999982833862
2020-08-19T01:00:00Z,0.013599999248981476
2020-08-19T02:00:00Z,0.013599999248981476
2020-08-19T03:00:00Z,0.013599999248981476
2020-08-19T04:00:00Z,-0.010400000028312206
2020-08-19T05:00:00Z,-0.010400000028312206
2020-08-19T06:00:00Z,-0.010400000028312206
2020-08-19T07:00:00Z,-0.010999999940395355
2020-08-19T08:00:00Z,-0.010999999940395355
2020-08-19T09:00:00Z,-0.010999999940395355
2020-08-19T10:00:00Z,-0.010999999940395355
2020-08-19T11:00:00Z,-0.010999999940395355
2020-08-19T12:00:00Z,-0.010999999940395355
2020-08-19T13:00:00Z,0.2329999953508377
2020-08-19T14:00:00Z,0.2329999953508377
2020-08-19T15:00:00Z,0.2329999953508377
2020-08-19T16:00:00Z,0.6974999904632568
2020-08-19T17:00:00Z,0.6974999904632568
2020-08-19T18:00:00Z,0.6974999904632568
2020-08-19T19:00:00Z,0.8234999775886536
2020-08-19T20:00:00Z,0.8234999775886536
2020-08-19T21:00:00Z,0.8234999775886536
2020-08-19T22:00:00Z,0.4721999764442444
2020-08-19T23:00:00Z,0.4721999764442444
2020-08-20T00:00:00Z,0.4721999764442444
2020-08-20T01:00:00Z,0.008999999612569809
2020-08-20T02:00:00Z,0.008999999612569809
2020-08-20T03:00:00Z,0.008999999612569809
2020-08-20T04:00:00Z,-0.01529999915510416
2020-08-20T05:00:00Z,-0.01529999915510416
2020-08-20T06:00:00Z,-0.01529999915510416
2020-08-20T07:00:00Z,-0.019199999049305916
2020-08-20T08:00:00Z,-0.019199999049305916
2020-08-20T09:00:00Z,-0.019199999049305916
2020-08-20T10:00:00Z,-0.01889999955892563
2020-08-20T11:00:00Z,-0.01889999955892563
2020-08-20T12:00:00Z,-0.01889999955892563
2020-08-20T13:00:00Z,0.21089999377727509
2020-08-20T14:00:00Z,0.21089999377727509
2020-08-20T15:00:00Z,0.21089999377727509
2020-08-20T16:00:00Z,0.6934999823570251
2020-08-20T17:00:00Z,0.6934999823570251
2020-08-20T18:00:00Z,0.6934999823570251
2020-08-20T19:00:00Z,0.8143999576568604
2020-08-20T20:00:00Z,0.8143999576568604
2020-08-20T21:00:00Z,0.8143999576568604
2020-08-20T22:00:00Z,0.43879997730255127
2020-08-20T23:00:00Z,0.43879997730255127
2020-08-21T00:00:00Z,0.43879997730255127
2020-08-21T01:00:00Z,0
2020-08-21T02:00:00Z,0
2020-08-21T03:00:00Z,0
2020-08-21T04:00:00Z,-0.021199999377131462
2020-08-21T05:00:00Z,-0.021199999377131462
2020-08-21T06:00:00Z,-0.021199999377131462
2020-08-21T07:00:00Z,-0.022499999031424522
2020-08-21T08:00:00Z,-0.022499999031424522
2020-08-21T09:00:00Z,-0.022499999031424522
2020-08-21T10:00:00Z,-0.02319999970495701
2020-08-21T11:00:00Z,-0.02319999970495701
2020-08-21T12:00:00Z,-0.02319999970495701
2020-08-21T13:00:00Z,0.20409999787807465
2020-08-21T14:00:00Z,0.20409999787807465
2020-08-21T15:00:00Z,0.20409999787807465
2020-08-21T16:00:00Z,0.6744999885559082
2020-08-21T17:00:00Z,0.6744999885559082
2020-08-21T18:00:00Z,0.6744999885559082
2020-08-21T19:00:00Z,0.8291999697685242
2020-08-21T20:00:00Z,0.8291999697685242
2020-08-21T21:00:00Z,0.8291999697685242
2020-08-21T22:00:00Z,0.44679999351501465
2020-08-21T23:00:00Z,0.44679999351501465
2020-08-22T00:00:00Z,0.44679999351501465
2020-08-22T01:00:00Z,4.999999655410647e-4
2020-08-22T02:00:00Z,4.999999655410647e-4
2020-08-22T03:00:00Z,4.999999655410647e-4
2020-08-22T04:00:00Z,-0.018299998715519905
2020-08-22T05:00:00Z,-0.018299998715519905
2020-08-22T06:00:00Z,-0.018299998715519905
2020-08-22T07:00:00Z,-0.019099999219179153
2020-08-22T08:00:00Z,-0.019099999219179153
2020-08-22T09:00:00Z,-0.019099999219179153
2020-08-22T10:00:00Z,-0.019099999219179153
2020-08-22T11:00:00Z,-0.019099999219179153
2020-08-22T12:00:00Z,-0.019099999219179153
2020-08-22T13:00:00Z,0.22589999437332153
2020-08-22T14:00:00Z,0.22589999437332153
2020-08-22T15:00:00Z,0.22589999437332153
2020-08-22T16:00:00Z,0.7272999882698059
2020-08-22T17:00:00Z,0.7272999882698059
2020-08-22T18:00:00Z,0.7272999882698059
2020-08-22T19:00:00Z,0.8853999972343445
2020-08-22T20:00:00Z,0.8853999972343445
2020-08-22T21:00:00Z,0.8853999972343445
2020-08-22T22:00:00Z,0.4860999882221222
2020-08-22T23:00:00Z,0.4860999882221222
2020-08-23T00:00:00Z,0.4860999882221222
2020-08-23T01:00:00Z,0.00559999980032444
2020-08-23T02:00:00Z,0.00559999980032444
2020-08-23T03:00:00Z,0.00559999980032444
2020-08-23T04:00:00Z,-0.016099998727440834
2020-08-23T05:00:00Z,-0.016099998727440834
2020-08-23T06:00:00Z,-0.016099998727440834
2020-08-23T07:00:00Z,-0.014399999752640724
2020-08-23T08:00:00Z,-0.014399999752640724
2020-08-23T09:00:00Z,-0.014399999752640724
2020-08-23T10:00:00Z,-0.01119999960064888
2020-08-23T11:00:00Z,-0.01119999960064888
2020-08-23T12:00:00Z,-0.01119999960064888
2020-08-23T13:00:00Z,0.24569998681545258
2020-08-23T14:00:00Z,0.24569998681545258
2020-08-23T15:00:00Z,0.24569998681545258
2020-08-23T16:00:00Z,0.7854999899864197
2020-08-23T17:00:00Z,0.7854999899864197
2020-08-23T18:00:00Z,0.7854999899864197
2020-08-23T19:00:00Z,0.9717999696731567
2020-08-23T20:00:00Z,0.9717999696731567
2020-08-23T21:00:00Z,0.9717999696731567
2020-08-23T22:00:00Z,0.5485999584197998
2020-08-23T23:00:00Z,0.5485999584197998
2020-08-24T00:00:00Z,0.5485999584197998
2020-08-24T01:00:00Z,0.01860000006854534
2020-08-24T02:00:00Z,0.01860000006854534
2020-08-24T03:00:00Z,0.01860000006854534
2020-08-24T04:00:00Z,-0.0031999999191612005
2020-08-24T05:00:00Z,-0.0031999999191612005
2020-08-24T06:00:00Z,-0.0031999999191612005
2020-08-24T07:00:00Z,-0.00969999935477972
2020-08-24T08:00:00Z,-0.00969999935477972
2020-08-24T09:00:00Z,-0.00969999935477972
2020-08-24T10:00:00Z,-0.014099999330937862
2020-08-24T11:00:00Z,-0.014099999330937862
2020-08-24T12:00:00Z,-0.014099999330937862
2020-08-24T13:00:00Z,0.26350000500679016
2020-08-24T14:00:00Z,0.26350000500679016
2020-08-24T15:00:00Z,0.26350000500679016
2020-08-24T16:00:00Z,0.7935999631881714
2020-08-24T17:00:00Z,0.7935999631881714
2020-08-24T18:00:00Z,0.7935999631881714
2020-08-24T19:00:00Z,0.9488999843597412
2020-08-24T20:00:00Z,0.9488999843597412
2020-08-24T21:00:00Z,0.9488999843597412
2020-08-24T22:00:00Z,0.5045999884605408
2020-08-24T23:00:00Z,0.5045999884605408
2020-08-25T00:00:00Z,0.5045999884605408
2020-08-25T01:00:00Z,0.00699999975040555
2020-08-25T02:00:00Z,0.00699999975040555
2020-08-25T03:00:00Z,0.00699999975040555
2020-08-25T04:00:00Z,-0.0139999995008111
2020-08-25T05:00:00Z,-0.0139999995008111
2020-08-25T06:00:00Z,-0.0139999995008111
2020-08-25T07:00:00Z,-0.015199999324977398
2020-08-25T08:00:00Z,-0.015199999324977398
2020-08-25T09:00:00Z,-0.015199999324977398
2020-08-25T10:00:00Z,-0.017400000244379044
2020-08-25T11:00:00Z,-0.017400000244379044
2020-08-25T12:00:00Z,-0.017400000244379044
2020-08-25T13:00:00Z,0.25599998235702515
2020-08-25T14:00:00Z,0.25599998235702515
2020-08-25T15:00:00Z,0.25599998235702515
2020-08-25T16:00:00Z,0.7936999797821045
2020-08-25T17:00:00Z,0.7936999797821045
2020-08-25T18:00:00Z,0.7936999797821045
2020-08-25T19:00:00Z,0.9048999547958374
2020-08-25T20:00:00Z,0.9048999547958374
2020-08-25T21:00:00Z,0.9048999547958374
2020-08-25T22:00:00Z,0.4740999937057495
2020-08-25T23:00:00Z,0.4740999937057495
2020-08-26T00:00:00Z,0.4740999937057495
2020-08-26T01:00:00Z,0.012299999594688416
2020-08-26T02:00:00Z,0.012299999594688416
2020-08-26T03:00:00Z,0.012299999594688416
2020-08-26T04:00:00Z,-0.009999999776482582
2020-08-26T05:00:00Z,-0.009999999776482582
2020-08-26T06:00:00Z,-0.009999999776482582
2020-08-26T07:00:00Z,-0.0142000000923872
2020-08-26T08:00:00Z,-0.0142000000923872
2020-08-26T09:00:00Z,-0.0142000000923872
2020-08-26T10:00:00Z,-0.016300000250339508
2020-08-26T11:00:00Z,-0.016300000250339508
2020-08-26T12:00:00Z,-0.016300000250339508
2020-08-26T13:00:00Z,0.2572000026702881
2020-08-26T14:00:00Z,0.2572000026702881
2020-08-26T15:00:00Z,0.2572000026702881
2020-08-26T16:00:00Z,0.8057000041007996
2020-08-26T17:00:00Z,0.8057000041007996
2020-08-26T18:00:00Z,0.8057000041007996
2020-08-26T19:00:00Z,0.9488999843597412
2020-08-26T20:00:00Z,0.9488999843597412
2020-08-26T21:00:00Z,0.9488999843597412
2020-08-26T22:00:00Z,0.5419999957084656
2020-08-26T23:00:00Z,0.5419999957084656
2020-08-27T00:00:00Z,0.5419999957084656
2020-08-27T01:00:00Z,0.027400000020861626
2020-08-27T02:00:00Z,0.027400000020861626
2020-08-27T03:00:00Z,0.027400000020861626
2020-08-27T04:00:00Z,0.0015999999595806003
2020-08-27T05:00:00Z,0.0015999999595806003
2020-08-27T06:00:00Z,0.0015999999595806003
2020-08-27T07:00:00Z,-0.015399999916553497
2020-08-27T08:00:00Z,-0.015399999916553497
2020-08-27T09:00:00Z,-0.015399999916553497
2020-08-27T10:00:00Z,-0.017799999564886093
2020-08-27T11:00:00Z,-0.017799999564886093
2020-08-27T12:00:00Z,-0.017799999564886093
2020-08-27T13:00:00Z,0.25
2020-08-27T14:00:00Z,0.25
2020-08-27T15:00:00Z,0.25
2020-08-27T16:00:00Z,0.772599995136261
2020-08-27T17:00:00Z,0.772599995136261
2020-08-27T18:00:00Z,0.772599995136261
2020-08-27T19:00:00Z,0.9160999655723572
2020-08-27T20:00:00Z,0.9160999655723572
2020-08-27T21:00:00Z,0.9160999655723572
2020-08-27T22:00:00Z,0.5026999711990356
2020-08-27T23:00:00Z,0.5026999711990356
2020-08-28T00:00:00Z,0.5026999711990356
2020-08-28T01:00:00Z,0.007799999788403511
2020-08-28T02:00:00Z,0.007799999788403511
2020-08-28T03:00:00Z,0.007799999788403511
2020-08-28T04:00:00Z,-0.01640000008046627
2020-08-28T05:00:00Z,-0.01640000008046627
2020-08-28T06:00:00Z,-0.01640000008046627
2020-08-28T07:00:00Z,-0.019999999552965164
2020-08-28T08:00:00Z,-0.019999999552965164
2020-08-28T09:00:00Z,-0.019999999552965164
2020-08-28T10:00:00Z,-0.02149999886751175
2020-08-28T11:00:00Z,-0.02149999886751175
2020-08-28T12:00:00Z,-0.02149999886751175
2020-08-28T13:00:00Z,0.23749999701976776
2020-08-28T14:00:00Z,0.23749999701976776
2020-08-28T15:00:00Z,0.23749999701976776
2020-08-28T16:00:00Z,0.7580999732017517
2020-08-28T17:00:00Z,0.7580999732017517
2020-08-28T18:00:00Z,0.7580999732017517
2020-08-28T19:00:00Z,0.9120000004768372
2020-08-28T20:00:00Z,0.9120000004768372
2020-08-28T21:00:00Z,0.9120000004768372
2020-08-28T22:00:00Z,0.49969998002052307
2020-08-28T23:00:00Z,0.49969998002052307
2020-08-29T00:00:00Z,0.49969998002052307
2020-08-29T01:00:00Z,0.02239999920129776
2020-08-29T02:00:00Z,0.02239999920129776
2020-08-29T03:00:00Z,0.02239999920129776
2020-08-29T04:00:00Z,0.005499999970197678
2020-08-29T05:00:00Z,0.005499999970197678
2020-08-29T06:00:00Z,0.005499999970197678
2020-08-29T07:00:00Z,0.009399999864399433
2020-08-29T08:00:00Z,0.009399999864399433
2020-08-29T09:00:00Z,0.009399999864399433
2020-08-29T10:00:00Z,0.0011999999405816197
2020-08-29T11:00:00Z,0.0011999999405816197
2020-08-29T12:00:00Z,0.0011999999405816197
2020-08-29T13:00:00Z,0.2727999985218048
2020-08-29T14:00:00Z,0.2727999985218048
2020-08-29T15:00:00Z,0.2727999985218048
2020-08-29T16:00:00Z,0.6312999725341797
2020-08-29T17:00:00Z,0.6312999725341797
2020-08-29T18:00:00Z,0.6312999725341797
2020-08-29T19:00:00Z,0.884399950504303
2020-08-29T20:00:00Z,0.884399950504303
2020-08-29T21:00:00Z,0.884399950504303
2020-08-29T22:00:00Z,0.4705999791622162
2020-08-29T23:00:00Z,0.4705999791622162
2020-08-30T00:00:00Z,0.4705999791622162
2020-08-30T01:00:00Z,0.010300000198185444
2020-08-30T02:00:00Z,0.010300000198185444
2020-08-30T03:00:00Z,0.010300000198185444
2020-08-30T04:00:00Z,-0.01249999925494194
2020-08-30T05:00:00Z,-0.01249999925494194
2020-08-30T06:00:00Z,-0.01249999925494194
2020-08-30T07:00:00Z,-0.010499999858438969
2020-08-30T08:00:00Z,-0.010499999858438969
2020-08-30T09:00:00Z,-0.010499999858438969
2020-08-30T10:00:00Z,-0.004699999932199717
2020-08-30T11:00:00Z,-0.004699999932199717
2020-08-30T12:00:00Z,-0.004699999932199717
2020-08-30T13:00:00Z,0.25189998745918274
2020-08-30T14:00:00Z,0.25189998745918274
2020-08-30T15:00:00Z,0.25189998745918274
2020-08-30T16:00:00Z,0.7737999558448792
2020-08-30T17:00:00Z,0.7737999558448792
2020-08-30T18:00:00Z,0.7737999558448792
2020-08-30T19:00:00Z,0.9009999632835388
2020-08-30T20:00:00Z,0.9009999632835388
2020-08-30T21:00:00Z,0.9009999632835388
2020-08-30T22:00:00Z,0.48179998993873596
2020-08-30T23:00:00Z,0.48179998993873596
2020-08-31T00:00:00Z,0.48179998993873596
2020-08-31T01:00:00Z,0.008999999612569809
2020-08-31T02:00:00Z,0.008999999612569809
2020-08-31T03:00:00Z,0.008999999612569809
2020-08-31T04:00:00Z,-0.01269999984651804
2020-08-31T05:00:00Z,-0.01269999984651804
2020-08-31T06:00:00Z,-0.01269999984651804
2020-08-31T07:00:00Z,-0.020999999716877937
2020-08-31T08:00:00Z,-0.020999999716877937
2020-08-31T09:00:00Z,-0.020999999716877937
2020-08-31T10:00:00Z,-0.02499999850988388
2020-08-31T11:00:00Z,-0.02499999850988388
2020-08-31T12:00:00Z,-0.02499999850988388
2020-08-31T13:00:00Z,0.18619999289512634
2020-08-31T14:00:00Z,0.18619999289512634
2020-08-31T15:00:00Z,0.18619999289512634
2020-08-31T16:00:00Z,0.34540000557899475
2020-08-31T17:00:00Z,0.34540000557899475
2020-08-31T18:00:00Z,0.34540000557899475
2020-08-31T19:00:00Z,0.5074999928474426
2020-08-31T20:00:00Z,0.5074999928474426
2020-08-31T21:00:00Z,0.5074999928474426
2020-08-31T22:00:00Z,0.3467999994754791
2020-08-31T23:00:00Z,0.3467999994754791
2020-09-01T00:00:00Z,0.3467999994754791
2020-09-01T01:00:00Z,0.02070000022649765
2020-09-01T02:00:00Z,0.02070000022649765
2020-09-01T03:00:00Z,0.02070000022649765
2020-09-01T04:00:00Z,-0.015599999576807022
2020-09-01T05:00:00Z,-0.015599999576807022
2020-09-01T06:00:00Z,-0.015599999576807022
2020-09-01T07:00:00Z,-0.011099999770522118
2020-09-01T08:00:00Z,-0.011099999770522118
2020-09-01T09:00:00Z,-0.011099999770522118
2020-09-01T10:00:00Z,9.999999747378752e-5
2020-09-01T11:00:00Z,9.999999747378752e-5
2020-09-01T12:00:00Z,9.999999747378752e-5
2020-09-01T13:00:00Z,0.21149998903274536
2020-09-01T14:00:00Z,0.21149998903274536
2020-09-01T15:00:00Z,0.21149998903274536
2020-09-01T16:00:00Z,0.5494999885559082
2020-09-01T17:00:00Z,0.5494999885559082
2020-09-01T18:00:00Z,0.5494999885559082
2020-09-01T19:00:00Z,0.7277999520301819
2020-09-01T20:00:00Z,0.7277999520301819
2020-09-01T21:00:00Z,0.7277999520301819
2020-09-01T22:00:00Z,0.3863999843597412
2020-09-01T23:00:00Z,0.3863999843597412
2020-09-02T00:00:00Z,0.3863999843597412
2020-09-02T01:00:00Z,0.02419999986886978
2020-09-02T02:00:00Z,0.02419999986886978
2020-09-02T03:00:00Z,0.02419999986886978
2020-09-02T04:00:00Z,0.003499999875202775
2020-09-02T05:00:00Z,0.003499999875202775
2020-09-02T06:00:00Z,0.003499999875202775
2020-09-02T07:00:00Z,-0.014099999330937862
2020-09-02T08:00:00Z,-0.014099999330937862
2020-09-02T09:00:00Z,-0.014099999330937862
2020-09-02T10:00:00Z,-0.023399999365210533
2020-09-02T11:00:00Z,-0.023399999365210533
2020-09-02T12:00:00Z,-0.023399999365210533
2020-09-02T13:00:00Z,0.19839999079704285
2020-09-02T14:00:00Z,0.19839999079704285
2020-09-02T15:00:00Z,0.19839999079704285
2020-09-02T16:00:00Z,0.6615999937057495
2020-09-02T17:00:00Z,0.6615999937057495
2020-09-02T18:00:00Z,0.6615999937057495
2020-09-02T19:00:00Z,0.8172000050544739
2020-09-02T20:00:00Z,0.8172000050544739
2020-09-02T21:00:00Z,0.8172000050544739
2020-09-02T22:00:00Z,0.4032999873161316
2020-09-02T23:00:00Z,0.4032999873161316
2020-09-03T00:00:00Z,0.4032999873161316
2020-09-03T01:00:00Z,0.003999999724328518
2020-09-03T02:00:00Z,0.003999999724328518
2020-09-03T03:00:00Z,0.003999999724328518
2020-09-03T04:00:00Z,-0.007199999876320362
2020-09-03T05:00:00Z,-0.007199999876320362
2020-09-03T06:00:00Z,-0.007199999876320362
2020-09-03T07:00:00Z,-0.010799999348819256
2020-09-03T08:00:00Z,-0.010799999348819256
2020-09-03T09:00:00Z,-0.010799999348819256
2020-09-03T10:00:00Z,-0.014299999922513962
2020-09-03T11:00:00Z,-0.014299999922513962
2020-09-03T12:00:00Z,-0.014299999922513962
2020-09-03T13:00:00Z,0.23269999027252197
2020-09-03T14:00:00Z,0.23269999027252197
2020-09-03T15:00:00Z,0.23269999027252197
2020-09-03T16:00:00Z,0.7651999592781067
2020-09-03T17:00:00Z,0.7651999592781067
2020-09-03T18:00:00Z,0.7651999592781067
2020-09-03T19:00:00Z,0.9269999861717224
2020-09-03T20:00:00Z,0.9269999861717224
2020-09-03T21:00:00Z,0.9269999861717224
2020-09-03T22:00:00Z,0.5212999582290649
2020-09-03T23:00:00Z,0.5212999582290649
2020-09-04T00:00:00Z,0.5212999582290649
2020-09-04T01:00:00Z,0.04989999905228615
2020-09-04T02:00:00Z,0.04989999905228615
2020-09-04T03:00:00Z,0.04989999905228615
2020-09-04T04:00:00Z,0.006399999838322401
2020-09-04T05:00:00Z,0.006399999838322401
2020-09-04T06:00:00Z,0.006399999838322401
2020-09-04T07:00:00Z,0.0016999999061226845
2020-09-04T08:00:00Z,0.0016999999061226845
2020-09-04T09:00:00Z,0.0016999999061226845
2020-09-04T10:00:00Z,-0.006099999882280827
2020-09-04T11:00:00Z,-0.006099999882280827
2020-09-04T12:00:00Z,-0.006099999882280827
2020-09-04T13:00:00Z,0.19929999113082886
2020-09-04T14:00:00Z,0.19929999113082886
2020-09-04T15:00:00Z,0.19929999113082886
2020-09-04T16:00:00Z,0.7285999655723572
2020-09-04T17:00:00Z,0.7285999655723572
2020-09-04T18:00:00Z,0.7285999655723572
2020-09-04T19:00:00Z,0.8906999826431274
2020-09-04T20:00:00Z,0.8906999826431274
2020-09-04T21:00:00Z,0.8906999826431274
2020-09-04T22:00:00Z,0.438400000333786
2020-09-04T23:00:00Z,0.438400000333786
2020-09-05T00:00:00Z,0.438400000333786
2020-09-05T01:00:00Z,-0.0052999998442828655
2020-09-05T02:00:00Z,-0.0052999998442828655
2020-09-05T03:00:00Z,-0.0052999998442828655
2020-09-05T04:00:00Z,-0.007199999876320362
2020-09-05T05:00:00Z,-0.007199999876320362
2020-09-05T06:00:00Z,-0.007199999876320362
2020-09-05T07:00:00Z,-0.0017999999690800905
2020-09-05T08:00:00Z,-0.0017999999690800905
2020-09-05T09:00:00Z,-0.0017999999690800905
2020-09-05T10:00:00Z,-0.003399999812245369
2020-09-05T11:00:00Z,-0.003399999812245369
2020-09-05T12:00:00Z,-0.003399999812245369
2020-09-05T13:00:00Z,0.22869999706745148
2020-09-05T14:00:00Z,0.22869999706745148
2020-09-05T15:00:00Z,0.22869999706745148
2020-09-05T16:00:00Z,0.713699996471405
2020-09-05T17:00:00Z,0.713699996471405
2020-09-05T18:00:00Z,0.713699996471405
2020-09-05T19:00:00Z,0.8748999834060669
2020-09-05T20:00:00Z,0.8748999834060669
2020-09-05T21:00:00Z,0.8748999834060669
2020-09-05T22:00:00Z,0.44909998774528503
2020-09-05T23:00:00Z,0.44909998774528503
2020-09-06T00:00:00Z,0.44909998774528503
2020-09-06T01:00:00Z,0.0015999999595806003
2020-09-06T02:00:00Z,0.0015999999595806003
2020-09-06T03:00:00Z,0.0015999999595806003
2020-09-06T04:00:00Z,-0.0072999997064471245
2020-09-06T05:00:00Z,-0.0072999997064471245
2020-09-06T06:00:00Z,-0.0072999997064471245
2020-09-06T07:00:00Z,-0.0066999997943639755
2020-09-06T08:00:00Z,-0.0066999997943639755
2020-09-06T09:00:00Z,-0.0066999997943639755
2020-09-06T10:00:00Z,-0.009499999694526196
2020-09-06T11:00:00Z,-0.009499999694526196
2020-09-06T12:00:00Z,-0.009499999694526196
2020-09-06T13:00:00Z,0.24139998853206635
2020-09-06T14:00:00Z,0.24139998853206635
2020-09-06T15:00:00Z,0.24139998853206635
2020-09-06T16:00:00Z,0.8046999573707581
2020-09-06T17:00:00Z,0.8046999573707581
2020-09-06T18:00:00Z,0.8046999573707581
2020-09-06T19:00:00Z,0.9860000014305115
2020-09-06T20:00:00Z,0.9860000014305115
2020-09-06T21:00:00Z,0.9860000014305115
2020-09-06T22:00:00Z,0.6018999814987183
2020-09-06T23:00:00Z,0.6018999814987183
2020-09-07T00:00:00Z,0.6018999814987183
2020-09-07T01:00:00Z,0.05329999700188637
2020-09-07T02:00:00Z,0.05329999700188637
2020-09-07T03:00:00Z,0.05329999700188637
2020-09-07T04:00:00Z,0.0210999995470047
2020-09-07T05:00:00Z,0.0210999995470047
2020-09-07T06:00:00Z,0.0210999995470047
2020-09-07T07:00:00Z,-0.008100000210106373
2020-09-07T08:00:00Z,-0.008100000210106373
2020-09-07T09:00:00Z,-0.008100000210106373
2020-09-07T10:00:00Z,-0.018400000408291817
2020-09-07T11:00:00Z,-0.018400000408291817
2020-09-07T12:00:00Z,-0.018400000408291817
2020-09-07T13:00:00Z,0.21220000088214874
2020-09-07T14:00:00Z,0.21220000088214874
2020-09-07T15:00:00Z,0.21220000088214874
2020-09-07T16:00:00Z,0.7335000038146973
2020-09-07T17:00:00Z,0.7335000038146973
2020-09-07T18:00:00Z,0.7335000038146973
2020-09-07T19:00:00Z,0.8939999938011169
2020-09-07T20:00:00Z,0.8939999938011169
2020-09-07T21:00:00Z,0.8939999938011169
2020-09-07T22:00:00Z,0.524399995803833
2020-09-07T23:00:00Z,0.524399995803833
2020-09-08T00:00:00Z,0.524399995803833
2020-09-08T01:00:00Z,0.03529999777674675
2020-09-08T02:00:00Z,0.03529999777674675
2020-09-08T03:00:00Z,0.03529999777674675
2020-09-08T04:00:00Z,0.00989999994635582
2020-09-08T05:00:00Z,0.00989999994635582
2020-09-08T06:00:00Z,0.00989999994635582
2020-09-08T07:00:00Z,-1.9999999494757503e-4
2020-09-08T08:00:00Z,-1.9999999494757503e-4
2020-09-08T09:00:00Z,-1.9999999494757503e-4
2020-09-08T10:00:00Z,0.027699999511241913
2020-09-08T11:00:00Z,0.027699999511241913
2020-09-08T12:00:00Z,0.027699999511241913
2020-09-08T13:00:00Z,0.15929999947547913
2020-09-08T14:00:00Z,0.15929999947547913
2020-09-08T15:00:00Z,0.15929999947547913
2020-09-08T16:00:00Z,0.5198000073432922
2020-09-08T17:00:00Z,0.5198000073432922
2020-09-08T18:00:00Z,0.5198000073432922
2020-09-08T19:00:00Z,0.43039998412132263
2020-09-08T20:00:00Z,0.43039998412132263
2020-09-08T21:00:00Z,0.43039998412132263
2020-09-08T22:00:00Z,0.24369999766349792
2020-09-08T23:00:00Z,0.24369999766349792
2020-09-09T00:00:00Z,0.24369999766349792
2020-09-09T01:00:00Z,0.06269999593496323
2020-09-09T02:00:00Z,0.06269999593496323
2020-09-09T03:00:00Z,0.06269999593496323
2020-09-09T04:00:00Z,0.04099999740719795
2020-09-09T05:00:00Z,0.04099999740719795
2020-09-09T06:00:00Z,0.04099999740719795
2020-09-09T07:00:00Z,0.04969999939203262
2020-09-09T08:00:00Z,0.04969999939203262
2020-09-09T09:00:00Z,0.04969999939203262
2020-09-09T10:00:00Z,0.059699997305870056
2020-09-09T11:00:00Z,0.059699997305870056
2020-09-09T12:00:00Z,0.059699997305870056
2020-09-09T13:00:00Z,0.15439999103546143
2020-09-09T14:00:00Z,0.15439999103546143
2020-09-09T15:00:00Z,0.15439999103546143
2020-09-09T16:00:00Z,0.3955000042915344
2020-09-09T17:00:00Z,0.3955000042915344
2020-09-09T18:00:00Z,0.3955000042915344
2020-09-09T19:00:00Z,0.5582000017166138
2020-09-09T20:00:00Z,0.5582000017166138
2020-09-09T21:00:00Z,0.5582000017166138
2020-09-09T22:00:00Z,0.32259997725486755
2020-09-09T23:00:00Z,0.32259997725486755
2020-09-10T00:00:00Z,0.32259997725486755
2020-09-10T01:00:00Z,-0.0030999998562037945
2020-09-10T02:00:00Z,-0.0030999998562037945
2020-09-10T03:00:00Z,-0.0030999998562037945
2020-09-10T04:00:00Z,0.006000000052154064
2020-09-10T05:00:00Z,0.006000000052154064
2020-09-10T06:00:00Z,0.006000000052154064
2020-09-10T07:00:00Z,0.02159999869763851
2020-09-10T08:00:00Z,0.02159999869763851
2020-09-10T09:00:00Z,0.02159999869763851
2020-09-10T10:00:00Z,0.019899999722838402
2020-09-10T11:00:00Z,0.019899999722838402
2020-09-10T12:00:00Z,0.019899999722838402
2020-09-10T13:00:00Z,0.13599999248981476
2020-09-10T14:00:00Z,0.13599999248981476
2020-09-10T15:00:00Z,0.13599999248981476
2020-09-10T16:00:00Z,0.2272000014781952
2020-09-10T17:00:00Z,0.2272000014781952
2020-09-10T18:00:00Z,0.2272000014781952
2020-09-10T19:00:00Z,0.13529999554157257
2020-09-10T20:00:00Z,0.13529999554157257
2020-09-10T21:00:00Z,0.13529999554157257
2020-09-10T22:00:00Z,0.08779999613761902
2020-09-10T23:00:00Z,0.08779999613761902
2020-09-11T00:00:00Z,0.08779999613761902
2020-09-11T01:00:00Z,0.008499999530613422
2020-09-11T02:00:00Z,0.008499999530613422
2020-09-11T03:00:00Z,0.008499999530613422
2020-09-11T04:00:00Z,0.015199999324977398
2020-09-11T05:00:00Z,0.015199999324977398
2020-09-11T06:00:00Z,0.015199999324977398
2020-09-11T07:00:00Z,0.013599999248981476
2020-09-11T08:00:00Z,0.013599999248981476
2020-09-11T09:00:00Z,0.013599999248981476
2020-09-11T10:00:00Z,-9.999999747378752e-5
2020-09-11T11:00:00Z,-9.999999747378752e-5
2020-09-11T12:00:00Z,-9.999999747378752e-5
2020-09-11T13:00:00Z,0.14329999685287476
2020-09-11T14:00:00Z,0.14329999685287476
2020-09-11T15:00:00Z,0.14329999685287476
2020-09-11T16:00:00Z,0.28439998626708984
2020-09-11T17:00:00Z,0.28439998626708984
2020-09-11T18:00:00Z,0.28439998626708984
2020-09-11T19:00:00Z,0.2701999843120575
2020-09-11T20:00:00Z,0.2701999843120575
2020-09-11T21:00:00Z,0.2701999843120575
2020-09-11T22:00:00Z,0.17599999904632568
2020-09-11T23:00:00Z,0.17599999904632568
2020-09-12T00:00:00Z,0.17599999904632568
2020-09-12T01:00:00Z,0.0012000243877992034
2020-09-12T02:00:00Z,0.0012000243877992034
2020-09-12T03:00:00Z,0.0012000243877992034
2020-09-12T04:00:00Z,-0.001500000013038516
2020-09-12T05:00:00Z,-0.001500000013038516
2020-09-12T06:00:00Z,-0.001500000013038516
2020-09-12T07:00:00Z,0.006300000008195639
2020-09-12T08:00:00Z,0.006300000008195639
2020-09-12T09:00:00Z,0.006300000008195639
2020-09-12T10:00:00Z,0.010699999518692493
2020-09-12T11:00:00Z,0.010699999518692493
2020-09-12T12:00:00Z,0.010699999518692493
2020-09-12T13:00:00Z,0.14919999241828918
2020-09-12T14:00:00Z,0.14919999241828918
2020-09-12T15:00:00Z,0.14919999241828918
2020-09-12T16:00:00Z,0.46939998865127563
2020-09-12T17:00:00Z,0.46939998865127563
2020-09-12T18:00:00Z,0.46939998865127563
2020-09-12T19:00:00Z,0.6814999580383301
2020-09-12T20:00:00Z,0.6814999580383301
2020-09-12T21:00:00Z,0.6814999580383301
2020-09-12T22:00:00Z,0.343099981546402
2020-09-12T23:00:00Z,0.343099981546402
2020-09-13T00:00:00Z,0.343099981546402
2020-09-13T01:00:00Z,-0.0015999999595806003
2020-09-13T02:00:00Z,-0.0015999999595806003
2020-09-13T03:00:00Z,-0.0015999999595806003
2020-09-13T04:00:00Z,-0.00279999990016222
2020-09-13T05:00:00Z,-0.00279999990016222
2020-09-13T06:00:00Z,-0.00279999990016222
2020-09-13T07:00:00Z,-3.9999998989515007e-4
2020-09-13T08:00:00Z,-3.9999998989515007e-4
2020-09-13T09:00:00Z,-3.9999998989515007e-4
2020-09-13T10:00:00Z,-0.02149999886751175
2020-09-13T11:00:00Z,-0.02149999886751175
2020-09-13T12:00:00Z,-0.02149999886751175
2020-09-13T13:00:00Z,0.18609999120235443
2020-09-13T14:00:00Z,0.18609999120235443
2020-09-13T15:00:00Z,0.18609999120235443
2020-09-13T16:00:00Z,0.6401999592781067
2020-09-13T17:00:00Z,0.6401999592781067
2020-09-13T18:00:00Z,0.6401999592781067
2020-09-13T19:00:00Z,0.7306999564170837
2020-09-13T20:00:00Z,0.7306999564170837
2020-09-13T21:00:00Z,0.7306999564170837
2020-09-13T22:00:00Z,0.3279999792575836
2020-09-13T23:00:00Z,0.3279999792575836
2020-09-14T00:00:00Z,0.3279999792575836
2020-09-14T01:00:00Z,-0.0071000000461936
2020-09-14T02:00:00Z,-0.0071000000461936
2020-09-14T03:00:00Z,-0.0071000000461936
2020-09-14T04:00:00Z,-0.013899999670684338
2020-09-14T05:00:00Z,-0.013899999670684338
2020-09-14T06:00:00Z,-0.013899999670684338
2020-09-14T07:00:00Z,-0.017799999564886093
2020-09-14T08:00:00Z,-0.017799999564886093
2020-09-14T09:00:00Z,-0.017799999564886093
2020-09-14T10:00:00Z,-0.01889999955892563
2020-09-14T11:00:00Z,-0.01889999955892563
2020-09-14T12:00:00Z,-0.01889999955892563
2020-09-14T13:00:00Z,0.16449999809265137
2020-09-14T14:00:00Z,0.16449999809265137
2020-09-14T15:00:00Z,0.16449999809265137
2020-09-14T16:00:00Z,0.6254000067710876
2020-09-14T17:00:00Z,0.6254000067710876
2020-09-14T18:00:00Z,0.6254000067710876
2020-09-14T19:00:00Z,0.7376999855041504
2020-09-14T20:00:00Z,0.7376999855041504
2020-09-14T21:00:00Z,0.7376999855041504
2020-09-14T22:00:00Z,0.3447999954223633
2020-09-14T23:00:00Z,0.3447999954223633
2020-09-15T00:00:00Z,0.3447999954223633
2020-09-15T01:00:00Z,-0.007400000002235174
2020-09-15T02:00:00Z,-0.007400000002235174
2020-09-15T03:00:00Z,-0.007400000002235174
2020-09-15T04:00:00Z,-0.01769997552037239
2020-09-15T05:00:00Z,-0.01769997552037239
2020-09-15T06:00:00Z,-0.01769997552037239
2020-09-15T07:00:00Z,-0.021199999377131462
2020-09-15T08:00:00Z,-0.021199999377131462
2020-09-15T09:00:00Z,-0.021199999377131462
2020-09-15T10:00:00Z,-0.022499999031424522
2020-09-15T11:00:00Z,-0.022499999031424522
2020-09-15T12:00:00Z,-0.022499999031424522
2020-09-15T13:00:00Z,0.1550000011920929
2020-09-15T14:00:00Z,0.1550000011920929
2020-09-15T15:00:00Z,0.1550000011920929
2020-09-15T16:00:00Z,0.6227999925613403
2020-09-15T17:00:00Z,0.6227999925613403
2020-09-15T18:00:00Z,0.6227999925613403
2020-09-15T19:00:00Z,0.7530999779701233
2020-09-15T20:00:00Z,0.7530999779701233
2020-09-15T21:00:00Z,0.7530999779701233
2020-09-15T22:00:00Z,0.34129998087882996
2020-09-15T23:00:00Z,0.34129998087882996
2020-09-16T00:00:00Z,0.34129998087882996
2020-09-16T01:00:00Z,-0.0072999997064471245
2020-09-16T02:00:00Z,-0.0072999997064471245
2020-09-16T03:00:00Z,-0.0072999997064471245
2020-09-16T04:00:00Z,-0.016300000250339508
2020-09-16T05:00:00Z,-0.016300000250339508
2020-09-16T06:00:00Z,-0.016300000250339508
2020-09-16T07:00:00Z,-0.01759999990463257
2020-09-16T08:00:00Z,-0.01759999990463257
2020-09-16T09:00:00Z,-0.01759999990463257
2020-09-16T10:00:00Z,-0.018199998885393143
2020-09-16T11:00:00Z,-0.018199998885393143
2020-09-16T12:00:00Z,-0.018199998885393143
2020-09-16T13:00:00Z,0.15279999375343323
2020-09-16T14:00:00Z,0.15279999375343323
2020-09-16T15:00:00Z,0.15279999375343323
2020-09-16T16:00:00Z,0.564300000667572
2020-09-16T17:00:00Z,0.564300000667572
2020-09-16T18:00:00Z,0.564300000667572
2020-09-16T19:00:00Z,0.6825000047683716
2020-09-16T20:00:00Z,0.6825000047683716
2020-09-16T21:00:00Z,0.6825000047683716
2020-09-16T22:00:00Z,0.29819998145103455
2020-09-16T23:00:00Z,0.29819998145103455
2020-09-17T00:00:00Z,0.29819998145103455
2020-09-17T01:00:00Z,-0.004699999932199717
2020-09-17T02:00:00Z,-0.004699999932199717
2020-09-17T03:00:00Z,-0.004699999932199717
2020-09-17T04:00:00Z,-0.010300000198185444
2020-09-17T05:00:00Z,-0.010300000198185444
2020-09-17T06:00:00Z,-0.010300000198185444
2020-09-17T07:00:00Z,-0.007999999448657036
2020-09-17T08:00:00Z,-0.007999999448657036
2020-09-17T09:00:00Z,-0.007999999448657036
2020-09-17T10:00:00Z,-0.006599999964237213
2020-09-17T11:00:00Z,-0.006599999964237213
2020-09-17T12:00:00Z,-0.006599999964237213
2020-09-17T13:00:00Z,0.1832999885082245
2020-09-17T14:00:00Z,0.1832999885082245
2020-09-17T15:00:00Z,0.1832999885082245
2020-09-17T16:00:00Z,0.6362000107765198
2020-09-17T17:00:00Z,0.6362000107765198
2020-09-17T18:00:00Z,0.6362000107765198
2020-09-17T19:00:00Z,0.7041999697685242
2020-09-17T20:00:00Z,0.7041999697685242
2020-09-17T21:00:00Z,0.7041999697685242
2020-09-17T22:00:00Z,0.3625999987125397
2020-09-17T23:00:00Z,0.3625999987125397
2020-09-18T00:00:00Z,0.3625999987125397
2020-09-18T01:00:00Z,0.005699999630451202
2020-09-18T02:00:00Z,0.005699999630451202
2020-09-18T03:00:00Z,0.005699999630451202
2020-09-18T04:00:00Z,-0.01249999925494194
2020-09-18T05:00:00Z,-0.01249999925494194
2020-09-18T06:00:00Z,-0.01249999925494194
2020-09-18T07:00:00Z,-0.018199998885393143
2020-09-18T08:00:00Z,-0.018199998885393143
2020-09-18T09:00:00Z,-0.018199998885393143
2020-09-18T10:00:00Z,-0.020899999886751175
2020-09-18T11:00:00Z,-0.020899999886751175
2020-09-18T12:00:00Z,-0.020899999886751175
2020-09-18T13:00:00Z,0.16349999606609344
2020-09-18T14:00:00Z,0.16349999606609344
2020-09-18T15:00:00Z,0.16349999606609344
2020-09-18T16:00:00Z,0.6182000041007996
2020-09-18T17:00:00Z,0.6182000041007996
2020-09-18T18:00:00Z,0.6182000041007996
2020-09-18T19:00:00Z,0.6151999831199646
2020-09-18T20:00:00Z,0.6151999831199646
2020-09-18T21:00:00Z,0.6151999831199646
2020-09-18T22:00:00Z,0.3264999985694885
2020-09-18T23:00:00Z,0.3264999985694885
2020-09-19T00:00:00Z,0.3264999985694885
2020-09-19T01:00:00Z,0.044599998742341995
2020-09-19T02:00:00Z,0.044599998742341995
2020-09-19T03:00:00Z,0.044599998742341995
2020-09-19T04:00:00Z,0.015699999406933784
2020-09-19T05:00:00Z,0.015699999406933784
2020-09-19T06:00:00Z,0.015699999406933784
2020-09-19T07:00:00Z,-0.004900000058114529
2020-09-19T08:00:00Z,-0.004900000058114529
2020-09-19T09:00:00Z,-0.004900000058114529
2020-09-19T10:00:00Z,-0.00989999994635582
2020-09-19T11:00:00Z,-0.00989999994635582
2020-09-19T12:00:00Z,-0.00989999994635582
2020-09-19T13:00:00Z,0.17539998888969421
2020-09-19T14:00:00Z,0.17539998888969421
2020-09-19T15:00:00Z,0.17539998888969421
2020-09-19T16:00:00Z,0.6284999847412109
2020-09-19T17:00:00Z,0.6284999847412109
2020-09-19T18:00:00Z,0.6284999847412109
2020-09-19T19:00:00Z,0.733199954032898
2020-09-19T20:00:00Z,0.733199954032898
2020-09-19T21:00:00Z,0.733199954032898
2020-09-19T22:00:00Z,0.3100999891757965
2020-09-19T23:00:00Z,0.3100999891757965
2020-09-20T00:00:00Z,0.3100999891757965
2020-09-20T01:00:00Z,0.006300000008195639
2020-09-20T02:00:00Z,0.006300000008195639
2020-09-20T03:00:00Z,0.006300000008195639
2020-09-20T04:00:00Z,0.005799999926239252
2020-09-20T05:00:00Z,0.005799999926239252
2020-09-20T06:00:00Z,0.005799999926239252
2020-09-20T07:00:00Z,0
2020-09-20T08:00:00Z,0
2020-09-20T09:00:00Z,0
2020-09-20T10:00:00Z,-0.008999999612569809
2020-09-20T11:00:00Z,-0.008999999612569809
2020-09-20T12:00:00Z,-0.008999999612569809
2020-09-20T13:00:00Z,0.17289999127388
2020-09-20T14:00:00Z,0.17289999127388
2020-09-20T15:00:00Z,0.17289999127388
2020-09-20T16:00:00Z,0.6388999819755554
2020-09-20T17:00:00Z,0.6388999819755554
2020-09-20T18:00:00Z,0.6388999819755554
2020-09-20T19:00:00Z,0.7856000065803528
2020-09-20T20:00:00Z,0.7856000065803528
2020-09-20T21:00:00Z,0.7856000065803528
2020-09-20T22:00:00Z,0.35679998993873596
2020-09-20T23:00:00Z,0.35679998993873596
2020-09-21T00:00:00Z,0.35679998993873596
2020-09-21T01:00:00Z,0.003399999812245369
2020-09-21T02:00:00Z,0.003399999812245369
2020-09-21T03:00:00Z,0.003399999812245369
2020-09-21T04:00:00Z,-0.0066999997943639755
2020-09-21T05:00:00Z,-0.0066999997943639755
2020-09-21T06:00:00Z,-0.0066999997943639755
2020-09-21T07:00:00Z,-0.011399999260902405
2020-09-21T08:00:00Z,-0.011399999260902405
2020-09-21T09:00:00Z,-0.011399999260902405
2020-09-21T10:00:00Z,-0.01769999973475933
2020-09-21T11:00:00Z,-0.01769999973475933
2020-09-21T12:00:00Z,-0.01769999973475933
2020-09-21T13:00:00Z,0.1614999920129776
2020-09-21T14:00:00Z,0.1614999920129776
2020-09-21T15:00:00Z,0.1614999920129776
2020-09-21T16:00:00Z,0.6098999977111816
2020-09-21T17:00:00Z,0.6098999977111816
2020-09-21T18:00:00Z,0.6098999977111816
2020-09-21T19:00:00Z,0.7181000113487244
2020-09-21T20:00:00Z,0.7181000113487244
2020-09-21T21:00:00Z,0.7181000113487244
2020-09-21T22:00:00Z,0.3236999809741974
2020-09-21T23:00:00Z,0.3236999809741974
2020-09-22T00:00:00Z,0.3236999809741974
2020-09-22T01:00:00Z,-0.003000000026077032
2020-09-22T02:00:00Z,-0.003000000026077032
2020-09-22T03:00:00Z,-0.003000000026077032
2020-09-22T04:00:00Z,-0.012299999594688416
2020-09-22T05:00:00Z,-0.012299999594688416
2020-09-22T06:00:00Z,-0.012299999594688416
2020-09-22T07:00:00Z,-0.015699999406933784
2020-09-22T08:00:00Z,-0.015699999406933784
2020-09-22T09:00:00Z,-0.015699999406933784
2020-09-22T10:00:00Z,-0.013799999840557575
2020-09-22T11:00:00Z,-0.013799999840557575
2020-09-22T12:00:00Z,-0.013799999840557575
2020-09-22T13:00:00Z,0.16589999198913574
2020-09-22T14:00:00Z,0.16589999198913574
2020-09-22T15:00:00Z,0.16589999198913574
2020-09-22T16:00:00Z,0.5777999758720398
2020-09-22T17:00:00Z,0.5777999758720398
2020-09-22T18:00:00Z,0.5777999758720398
2020-09-22T19:00:00Z,0.6922999620437622
2020-09-22T20:00:00Z,0.6922999620437622
2020-09-22T21:00:00Z,0.6922999620437622
2020-09-22T22:00:00Z,0.32989999651908875
2020-09-22T23:00:00Z,0.32989999651908875
2020-09-23T00:00:00Z,0.32989999651908875
2020-09-23T01:00:00Z,-0.0032999999821186066
2020-09-23T02:00:00Z,-0.0032999999821186066
2020-09-23T03:00:00Z,-0.0032999999821186066
2020-09-23T04:00:00Z,-0.007599999662488699
2020-09-23T05:00:00Z,-0.007599999662488699
2020-09-23T06:00:00Z,-0.007599999662488699
2020-09-23T07:00:00Z,-0.006799999624490738
2020-09-23T08:00:00Z,-0.006799999624490738
2020-09-23T09:00:00Z,-0.006799999624490738
2020-09-23T10:00:00Z,-0.011599999852478504
2020-09-23T11:00:00Z,-0.011599999852478504
2020-09-23T12:00:00Z,-0.011599999852478504
2020-09-23T13:00:00Z,0.15609999001026154
2020-09-23T14:00:00Z,0.15609999001026154
2020-09-23T15:00:00Z,0.15609999001026154
2020-09-23T16:00:00Z,0.5105999708175659
2020-09-23T17:00:00Z,0.5105999708175659
2020-09-23T18:00:00Z,0.5105999708175659
2020-09-23T19:00:00Z,0.663599967956543
2020-09-23T20:00:00Z,0.663599967956543
2020-09-23T21:00:00Z,0.663599967956543
2020-09-23T22:00:00Z,0.33799999952316284
2020-09-23T23:00:00Z,0.33799999952316284
2020-09-24T00:00:00Z,0.33799999952316284
2020-09-24T01:00:00Z,0.00279999990016222
2020-09-24T02:00:00Z,0.00279999990016222
2020-09-24T03:00:00Z,0.00279999990016222
2020-09-24T04:00:00Z,-0.006000000052154064
2020-09-24T05:00:00Z,-0.006000000052154064
2020-09-24T06:00:00Z,-0.006000000052154064
2020-09-24T07:00:00Z,-0.0142000000923872
2020-09-24T08:00:00Z,-0.0142000000923872
2020-09-24T09:00:00Z,-0.0142000000923872
2020-09-24T10:00:00Z,-0.018799999728798866
2020-09-24T11:00:00Z,-0.018799999728798866
2020-09-24T12:00:00Z,-0.018799999728798866
2020-09-24T13:00:00Z,0.14880000054836273
2020-09-24T14:00:00Z,0.14880000054836273
2020-09-24T15:00:00Z,0.14880000054836273
2020-09-24T16:00:00Z,0.6075999736785889
2020-09-24T17:00:00Z,0.6075999736785889
2020-09-24T18:00:00Z,0.6075999736785889
2020-09-24T19:00:00Z,0.736799955368042
2020-09-24T20:00:00Z,0.736799955368042
2020-09-24T21:00:00Z,0.736799955368042
2020-09-24T22:00:00Z,0.3190000057220459
2020-09-24T23:00:00Z,0.3190000057220459
2020-09-25T00:00:00Z,0.3190000057220459
2020-09-25T01:00:00Z,-0.0018999999156221747
2020-09-25T02:00:00Z,-0.0018999999156221747
2020-09-25T03:00:00Z,-0.0018999999156221747
2020-09-25T04:00:00Z,-0.0066999997943639755
2020-09-25T05:00:00Z,-0.0066999997943639755
2020-09-25T06:00:00Z,-0.0066999997943639755
2020-09-25T07:00:00Z,-0.009800000116229057
2020-09-25T08:00:00Z,-0.009800000116229057
2020-09-25T09:00:00Z,-0.009800000116229057
2020-09-25T10:00:00Z,-0.014599999412894249
2020-09-25T11:00:00Z,-0.014599999412894249
2020-09-25T12:00:00Z,-0.014599999412894249
2020-09-25T13:00:00Z,0.17080000042915344
2020-09-25T14:00:00Z,0.17080000042915344
2020-09-25T15:00:00Z,0.17080000042915344
2020-09-25T16:00:00Z,0.6653000116348267
2020-09-25T17:00:00Z,0.6653000116348267
2020-09-25T18:00:00Z,0.6653000116348267
2020-09-25T19:00:00Z,0.8255999684333801
2020-09-25T20:00:00Z,0.8255999684333801
2020-09-25T21:00:00Z,0.8255999684333801
2020-09-25T22:00:00Z,0.38109999895095825
2020-09-25T23:00:00Z,0.38109999895095825
2020-09-26T00:00:00Z,0.38109999895095825
2020-09-26T01:00:00Z,0.022199999541044235
2020-09-26T02:00:00Z,0.022199999541044235
2020-09-26T03:00:00Z,0.022199999541044235
2020-09-26T04:00:00Z,0.0066999997943639755
2020-09-26T05:00:00Z,0.0066999997943639755
2020-09-26T06:00:00Z,0.0066999997943639755
2020-09-26T07:00:00Z,-0.012600024230778217
2020-09-26T08:00:00Z,-0.012600024230778217
2020-09-26T09:00:00Z,-0.012600024230778217
2020-09-26T10:00:00Z,-0.023000024259090424
2020-09-26T11:00:00Z,-0.023000024259090424
2020-09-26T12:00:00Z,-0.023000024259090424
2020-09-26T13:00:00Z,0.16369999945163727
2020-09-26T14:00:00Z,0.16369999945163727
2020-09-26T15:00:00Z,0.16369999945163727
2020-09-26T16:00:00Z,0.7110999822616577
2020-09-26T17:00:00Z,0.7110999822616577
2020-09-26T18:00:00Z,0.7110999822616577
2020-09-26T19:00:00Z,0.9110999703407288
2020-09-26T20:00:00Z,0.9110999703407288
2020-09-26T21:00:00Z,0.9110999703407288
2020-09-26T22:00:00Z,0.49609997868537903
2020-09-26T23:00:00Z,0.49609997868537903
2020-09-27T00:00:00Z,0.49609997868537903
2020-09-27T01:00:00Z,0.040300000458955765
2020-09-27T02:00:00Z,0.040300000458955765
2020-09-27T03:00:00Z,0.040300000458955765
2020-09-27T04:00:00Z,0.015099999494850636
2020-09-27T05:00:00Z,0.015099999494850636
2020-09-27T06:00:00Z,0.015099999494850636
2020-09-27T07:00:00Z,-0.00699999975040555
2020-09-27T08:00:00Z,-0.00699999975040555
2020-09-27T09:00:00Z,-0.00699999975040555
2020-09-27T10:00:00Z,-0.013100000098347664
2020-09-27T11:00:00Z,-0.013100000098347664
2020-09-27T12:00:00Z,-0.013100000098347664
2020-09-27T13:00:00Z,0.14630000293254852
2020-09-27T14:00:00Z,0.14630000293254852
2020-09-27T15:00:00Z,0.14630000293254852
2020-09-27T16:00:00Z,0.5357999801635742
2020-09-27T17:00:00Z,0.5357999801635742
2020-09-27T18:00:00Z,0.5357999801635742
2020-09-27T19:00:00Z,0.20489999651908875
2020-09-27T20:00:00Z,0.20489999651908875
2020-09-27T21:00:00Z,0.20489999651908875
2020-09-27T22:00:00Z,0.08060000091791153
2020-09-27T23:00:00Z,0.08060000091791153
2020-09-28T00:00:00Z,0.08060000091791153
2020-09-28T01:00:00Z,0.03959999978542328
2020-09-28T02:00:00Z,0.03959999978542328
2020-09-28T03:00:00Z,0.03959999978542328
2020-09-28T04:00:00Z,0.02319997549057007
2020-09-28T05:00:00Z,0.02319997549057007
2020-09-28T06:00:00Z,0.02319997549057007
2020-09-28T07:00:00Z,0.00989999994635582
2020-09-28T08:00:00Z,0.00989999994635582
2020-09-28T09:00:00Z,0.00989999994635582
2020-09-28T10:00:00Z,0.0024999999441206455
2020-09-28T11:00:00Z,0.0024999999441206455
2020-09-28T12:00:00Z,0.0024999999441206455
2020-09-28T13:00:00Z,0.12429999560117722
2020-09-28T14:00:00Z,0.12429999560117722
2020-09-28T15:00:00Z,0.12429999560117722
2020-09-28T16:00:00Z,0.5496000051498413
2020-09-28T17:00:00Z,0.5496000051498413
2020-09-28T18:00:00Z,0.5496000051498413
2020-09-28T19:00:00Z,0.7152999639511108
2020-09-28T20:00:00Z,0.7152999639511108
2020-09-28T21:00:00Z,0.7152999639511108
2020-09-28T22:00:00Z,0.3375000059604645
2020-09-28T23:00:00Z,0.3375000059604645
2020-09-29T00:00:00Z,0.3375000059604645
2020-09-29T01:00:00Z,0.11409999430179596
2020-09-29T02:00:00Z,0.11409999430179596
2020-09-29T03:00:00Z,0.11409999430179596
2020-09-29T04:00:00Z,0.03189999982714653
2020-09-29T05:00:00Z,0.03189999982714653
2020-09-29T06:00:00Z,0.03189999982714653
2020-09-29T07:00:00Z,-0.007199999876320362
2020-09-29T08:00:00Z,-0.007199999876320362
2020-09-29T09:00:00Z,-0.007199999876320362
2020-09-29T10:00:00Z,-0.010699999518692493
2020-09-29T11:00:00Z,-0.010699999518692493
2020-09-29T12:00:00Z,-0.010699999518692493
2020-09-29T13:00:00Z,0.1152999997138977
2020-09-29T14:00:00Z,0.1152999997138977
2020-09-29T15:00:00Z,0.1152999997138977
2020-09-29T16:00:00Z,0.5320000052452087
2020-09-29T17:00:00Z,0.5320000052452087
2020-09-29T18:00:00Z,0.5320000052452087
2020-09-29T19:00:00Z,0.6378999948501587
2020-09-29T20:00:00Z,0.6378999948501587
2020-09-29T21:00:00Z,0.6378999948501587
2020-09-29T22:00:00Z,0.2994999885559082
2020-09-29T23:00:00Z,0.2994999885559082
2020-09-30T00:00:00Z,0.2994999885559082
2020-09-30T01:00:00Z,0.030899999663233757
2020-09-30T02:00:00Z,0.030899999663233757
2020-09-30T03:00:00Z,0.030899999663233757
2020-09-30T04:00:00Z,0.02419999986886978
2020-09-30T05:00:00Z,0.02419999986886978
2020-09-30T06:00:00Z,0.02419999986886978
2020-09-30T07:00:00Z,0.022199999541044235
2020-09-30T08:00:00Z,0.022199999541044235
2020-09-30T09:00:00Z,0.022199999541044235
2020-09-30T10:00:00Z,0.029600000008940697
2020-09-30T11:00:00Z,0.029600000008940697
2020-09-30T12:00:00Z,0.029600000008940697
2020-09-30T13:00:00Z,0.14489999413490295
2020-09-30T14:00:00Z,0.14489999413490295
2020-09-30T15:00:00Z,0.14489999413490295
2020-09-30T16:00:00Z,0.6281999945640564
2020-09-30T17:00:00Z,0.6281999945640564
2020-09-30T18:00:00Z,0.6281999945640564
2020-09-30T19:00:00Z,0.8459999561309814
2020-09-30T20:00:00Z,0.8459999561309814
2020-09-30T21:00:00Z,0.8459999561309814
2020-09-30T22:00:00Z,0.3702999949455261
2020-09-30T23:00:00Z,0.3702999949455261
2020-10-01T00:00:00Z,0.3702999949455261
2020-10-01T01:00:00Z,0.020099999383091927
2020-10-01T02:00:00Z,0.020099999383091927
2020-10-01T03:00:00Z,0.020099999383091927
2020-10-01T04:00:00Z,0.00699999975040555
2020-10-01T05:00:00Z,0.00699999975040555
2020-10-01T06:00:00Z,0.00699999975040555
2020-10-01T07:00:00Z,0.006399999838322401
2020-10-01T08:00:00Z,0.006399999838322401
2020-10-01T09:00:00Z,0.006399999838322401
2020-10-01T10:00:00Z,-5.999999702908099e-4
2020-10-01T11:00:00Z,-5.999999702908099e-4
2020-10-01T12:00:00Z,-5.999999702908099e-4
2020-10-01T13:00:00Z,0.1673000007867813
2020-10-01T14:00:00Z,0.1673000007867813
2020-10-01T15:00:00Z,0.1673000007867813
2020-10-01T16:00:00Z,0.6092999577522278
2020-10-01T17:00:00Z,0.6092999577522278
2020-10-01T18:00:00Z,0.6092999577522278
2020-10-01T19:00:00Z,0.7008999586105347
2020-10-01T20:00:00Z,0.7008999586105347
2020-10-01T21:00:00Z,0.7008999586105347
2020-10-01T22:00:00Z,0.3075999915599823
2020-10-01T23:00:00Z,0.3075999915599823
2020-10-02T00:00:00Z,0.3075999915599823
2020-10-02T01:00:00Z,0.04969999939203262
2020-10-02T02:00:00Z,0.04969999939203262
2020-10-02T03:00:00Z,0.04969999939203262
2020-10-02T04:00:00Z,0.02929999865591526
2020-10-02T05:00:00Z,0.02929999865591526
2020-10-02T06:00:00Z,0.02929999865591526
2020-10-02T07:00:00Z,0.019600000232458115
2020-10-02T08:00:00Z,0.019600000232458115
2020-10-02T09:00:00Z,0.019600000232458115
2020-10-02T10:00:00Z,0.014699999243021011
2020-10-02T11:00:00Z,0.014699999243021011
2020-10-02T12:00:00Z,0.014699999243021011
2020-10-02T13:00:00Z,0.13179999589920044
2020-10-02T14:00:00Z,0.13179999589920044
2020-10-02T15:00:00Z,0.13179999589920044
2020-10-02T16:00:00Z,0.4066999852657318
2020-10-02T17:00:00Z,0.4066999852657318
2020-10-02T18:00:00Z,0.4066999852657318
2020-10-02T19:00:00Z,0.45489999651908875
2020-10-02T20:00:00Z,0.45489999651908875
2020-10-02T21:00:00Z,0.45489999651908875
2020-10-02T22:00:00Z,0.21959999203681946
2020-10-02T23:00:00Z,0.21959999203681946
2020-10-03T00:00:00Z,0.21959999203681946
2020-10-03T01:00:00Z,0.019600000232458115
2020-10-03T02:00:00Z,0.019600000232458115
2020-10-03T03:00:00Z,0.019600000232458115
2020-10-03T04:00:00Z,0.01860000006854534
2020-10-03T05:00:00Z,0.01860000006854534
2020-10-03T06:00:00Z,0.01860000006854534
2020-10-03T07:00:00Z,0.019899999722838402
2020-10-03T08:00:00Z,0.019899999722838402
2020-10-03T09:00:00Z,0.019899999722838402
2020-10-03T10:00:00Z,0.009800000116229057
2020-10-03T11:00:00Z,0.009800000116229057
2020-10-03T12:00:00Z,0.009800000116229057
2020-10-03T13:00:00Z,0.049300000071525574
2020-10-03T14:00:00Z,0.049300000071525574
2020-10-03T15:00:00Z,0.049300000071525574
2020-10-03T16:00:00Z,0.11829999834299088
2020-10-03T17:00:00Z,0.11829999834299088
2020-10-03T18:00:00Z,0.11829999834299088
2020-10-03T19:00:00Z,0.2789999842643738
2020-10-03T20:00:00Z,0.2789999842643738
2020-10-03T21:00:00Z,0.2789999842643738
2020-10-03T22:00:00Z,0.14880000054836273
2020-10-03T23:00:00Z,0.14880000054836273
2020-10-04T00:00:00Z,0.14880000054836273
2020-10-04T01:00:00Z,0.03720000013709068
2020-10-04T02:00:00Z,0.03720000013709068
2020-10-04T03:00:00Z,0.03720000013709068
2020-10-04T04:00:00Z,0.017500000074505806
2020-10-04T05:00:00Z,0.017500000074505806
2020-10-04T06:00:00Z,0.017500000074505806
2020-10-04T07:00:00Z,-0.006099999882280827
2020-10-04T08:00:00Z,-0.006099999882280827
2020-10-04T09:00:00Z,-0.006099999882280827
2020-10-04T10:00:00Z,-0.026200000196695328
2020-10-04T11:00:00Z,-0.026200000196695328
2020-10-04T12:00:00Z,-0.026200000196695328
2020-10-04T13:00:00Z,0.09809999912977219
2020-10-04T14:00:00Z,0.09809999912977219
2020-10-04T15:00:00Z,0.09809999912977219
2020-10-04T16:00:00Z,0.5374000072479248
2020-10-04T17:00:00Z,0.5374000072479248
2020-10-04T18:00:00Z,0.5374000072479248
2020-10-04T19:00:00Z,0.5875999927520752
2020-10-04T20:00:00Z,0.5875999927520752
2020-10-04T21:00:00Z,0.5875999927520752
2020-10-04T22:00:00Z,0.23510000109672546
2020-10-04T23:00:00Z,0.23510000109672546
2020-10-05T00:00:00Z,0.23510000109672546
2020-10-05T01:00:00Z,0.002699999837204814
2020-10-05T02:00:00Z,0.002699999837204814
2020-10-05T03:00:00Z,0.002699999837204814
2020-10-05T04:00:00Z,6.99999975040555e-4
2020-10-05T05:00:00Z,6.99999975040555e-4
2020-10-05T06:00:00Z,6.99999975040555e-4
2020-10-05T07:00:00Z,-6.99999975040555e-4
2020-10-05T08:00:00Z,-6.99999975040555e-4
2020-10-05T09:00:00Z,-6.99999975040555e-4
2020-10-05T10:00:00Z,-0.002099999925121665
2020-10-05T11:00:00Z,-0.002099999925121665
2020-10-05T12:00:00Z,-0.002099999925121665
2020-10-05T13:00:00Z,0.140299990773201
2020-10-05T14:00:00Z,0.140299990773201
2020-10-05T15:00:00Z,0.140299990773201
2020-10-05T16:00:00Z,0.579800009727478
2020-10-05T17:00:00Z,0.579800009727478
2020-10-05T18:00:00Z,0.579800009727478
2020-10-05T19:00:00Z,0.7127000093460083
2020-10-05T20:00:00Z,0.7127000093460083
2020-10-05T21:00:00Z,0.7127000093460083
2020-10-05T22:00:00Z,0.3474999964237213
2020-10-05T23:00:00Z,0.3474999964237213
2020-10-06T00:00:00Z,0.3474999964237213
2020-10-06T01:00:00Z,0.03669999912381172
2020-10-06T02:00:00Z,0.03669999912381172
2020-10-06T03:00:00Z,0.03669999912381172
2020-10-06T04:00:00Z,0.019299998879432678
2020-10-06T05:00:00Z,0.019299998879432678
2020-10-06T06:00:00Z,0.019299998879432678
2020-10-06T07:00:00Z,0.004999999888241291
2020-10-06T08:00:00Z,0.004999999888241291
2020-10-06T09:00:00Z,0.004999999888241291
2020-10-06T10:00:00Z,-0.00559999980032444
2020-10-06T11:00:00Z,-0.00559999980032444
2020-10-06T12:00:00Z,-0.00559999980032444
2020-10-06T13:00:00Z,0.12269999831914902
2020-10-06T14:00:00Z,0.12269999831914902
2020-10-06T15:00:00Z,0.12269999831914902
2020-10-06T16:00:00Z,0.5511999726295471
2020-10-06T17:00:00Z,0.5511999726295471
2020-10-06T18:00:00Z,0.5511999726295471
2020-10-06T19:00:00Z,0.6954999566078186
2020-10-06T20:00:00Z,0.6954999566078186
2020-10-06T21:00:00Z,0.6954999566078186
2020-10-06T22:00:00Z,0.2506999969482422
2020-10-06T23:00:00Z,0.2506999969482422
2020-10-07T00:00:00Z,0.2506999969482422
2020-10-07T01:00:00Z,0.006000000052154064
2020-10-07T02:00:00Z,0.006000000052154064
2020-10-07T03:00:00Z,0.006000000052154064
2020-10-07T04:00:00Z,0.0026000000070780516
2020-10-07T05:00:00Z,0.0026000000070780516
2020-10-07T06:00:00Z,0.0026000000070780516
2020-10-07T07:00:00Z,0.004699999932199717
2020-10-07T08:00:00Z,0.004699999932199717
2020-10-07T09:00:00Z,0.004699999932199717
2020-10-07T10:00:00Z,-0.003700000001117587
2020-10-07T11:00:00Z,-0.003700000001117587
2020-10-07T12:00:00Z,-0.003700000001117587
2020-10-07T13:00:00Z,0.13220000267028809
2020-10-07T14:00:00Z,0.13220000267028809
2020-10-07T15:00:00Z,0.13220000267028809
2020-10-07T16:00:00Z,0.5845999717712402
2020-10-07T17:00:00Z,0.5845999717712402
2020-10-07T18:00:00Z,0.5845999717712402
2020-10-07T19:00:00Z,0.6791999936103821
2020-10-07T20:00:00Z,0.6791999936103821
2020-10-07T21:00:00Z,0.6791999936103821
2020-10-07T22:00:00Z,0.2328999936580658
2020-10-07T23:00:00Z,0.2328999936580658
2020-10-08T00:00:00Z,0.2328999936580658
2020-10-08T01:00:00Z,0.01249999925494194
2020-10-08T02:00:00Z,0.01249999925494194
2020-10-08T03:00:00Z,0.01249999925494194
2020-10-08T04:00:00Z,0.02019999921321869
2020-10-08T05:00:00Z,0.02019999921321869
2020-10-08T06:00:00Z,0.02019999921321869
2020-10-08T07:00:00Z,0.011399999260902405
2020-10-08T08:00:00Z,0.011399999260902405
2020-10-08T09:00:00Z,0.011399999260902405
2020-10-08T10:00:00Z,0.006000000052154064
2020-10-08T11:00:00Z,0.006000000052154064
2020-10-08T12:00:00Z,0.006000000052154064
2020-10-08T13:00:00Z,0.16669999063014984
2020-10-08T14:00:00Z,0.16669999063014984
2020-10-08T15:00:00Z,0.16669999063014984
2020-10-08T16:00:00Z,0.6663999557495117
2020-10-08T17:00:00Z,0.6663999557495117
2020-10-08T18:00:00Z,0.6663999557495117
2020-10-08T19:00:00Z,0.8070999979972839
2020-10-08T20:00:00Z,0.8070999979972839
2020-10-08T21:00:00Z,0.8070999979972839
2020-10-08T22:00:00Z,0.3667999804019928
2020-10-08T23:00:00Z,0.3667999804019928
2020-10-09T00:00:00Z,0.3667999804019928
2020-10-09T01:00:00Z,0.025499999523162842
2020-10-09T02:00:00Z,0.025499999523162842
2020-10-09T03:00:00Z,0.025499999523162842
2020-10-09T04:00:00Z,0.022499999031424522
2020-10-09T05:00:00Z,0.022499999031424522
2020-10-09T06:00:00Z,0.022499999031424522
2020-10-09T07:00:00Z,0.00419999985024333
2020-10-09T08:00:00Z,0.00419999985024333
2020-10-09T09:00:00Z,0.00419999985024333
2020-10-09T10:00:00Z,-0.010400000028312206
2020-10-09T11:00:00Z,-0.010400000028312206
2020-10-09T12:00:00Z,-0.010400000028312206
2020-10-09T13:00:00Z,0.15410000085830688
2020-10-09T14:00:00Z,0.15410000085830688
2020-10-09T15:00:00Z,0.15410000085830688
2020-10-09T16:00:00Z,0.6376000046730042
2020-10-09T17:00:00Z,0.6376000046730042
2020-10-09T18:00:00Z,0.6376000046730042
2020-10-09T19:00:00Z,0.7595999836921692
2020-10-09T20:00:00Z,0.7595999836921692
2020-10-09T21:00:00Z,0.7595999836921692
2020-10-09T22:00:00Z,0.32429999113082886
2020-10-09T23:00:00Z,0.32429999113082886
2020-10-10T00:00:00Z,0.32429999113082886
2020-10-10T01:00:00Z,0.020999999716877937
2020-10-10T02:00:00Z,0.020999999716877937
2020-10-10T03:00:00Z,0.020999999716877937
2020-10-10T04:00:00Z,-0.0026000000070780516
2020-10-10T05:00:00Z,-0.0026000000070780516
2020-10-10T06:00:00Z,-0.0026000000070780516
2020-10-10T07:00:00Z,-0.016200000420212746
2020-10-10T08:00:00Z,-0.016200000420212746
2020-10-10T09:00:00Z,-0.016200000420212746
2020-10-10T10:00:00Z,-0.02279999852180481
2020-10-10T11:00:00Z,-0.02279999852180481
2020-10-10T12:00:00Z,-0.02279999852180481
2020-10-10T13:00:00Z,0.11459999531507492
2020-10-10T14:00:00Z,0.11459999531507492
2020-10-10T15:00:00Z,0.11459999531507492
2020-10-10T16:00:00Z,0.5335999727249146
2020-10-10T17:00:00Z,0.5335999727249146
2020-10-10T18:00:00Z,0.5335999727249146
2020-10-10T19:00:00Z,0.6293999552726746
2020-10-10T20:00:00Z,0.6293999552726746
2020-10-10T21:00:00Z,0.6293999552726746
2020-10-10T22:00:00Z,0.23539999127388
2020-10-10T23:00:00Z,0.23539999127388
2020-10-11T00:00:00Z,0.23539999127388
2020-10-11T01:00:00Z,-4.999999655410647e-4
2020-10-11T02:00:00Z,-4.999999655410647e-4
2020-10-11T03:00:00Z,-4.999999655410647e-4
2020-10-11T04:00:00Z,-0.00419999985024333
2020-10-11T05:00:00Z,-0.00419999985024333
2020-10-11T06:00:00Z,-0.00419999985024333
2020-10-11T07:00:00Z,-0.013299999758601189
2020-10-11T08:00:00Z,-0.013299999758601189
2020-10-11T09:00:00Z,-0.013299999758601189
2020-10-11T10:00:00Z,-0.01899999938905239
2020-10-11T11:00:00Z,-0.01899999938905239
2020-10-11T12:00:00Z,-0.01899999938905239
2020-10-11T13:00:00Z,0.12269999831914902
2020-10-11T14:00:00Z,0.12269999831914902
2020-10-11T15:00:00Z,0.12269999831914902
2020-10-11T16:00:00Z,0.6272000074386597
2020-10-11T17:00:00Z,0.6272000074386597
2020-10-11T18:00:00Z,0.6272000074386597
2020-10-11T19:00:00Z,0.784500002861023
2020-10-11T20:00:00Z,0.784500002861023
2020-10-11T21:00:00Z,0.784500002861023
2020-10-11T22:00:00Z,0.3513000011444092
2020-10-11T23:00:00Z,0.3513000011444092
2020-10-12T00:00:00Z,0.3513000011444092
2020-10-12T01:00:00Z,0.0608999989926815
2020-10-12T02:00:00Z,0.0608999989926815
2020-10-12T03:00:00Z,0.0608999989926815
2020-10-12T04:00:00Z,0.03669999912381172
2020-10-12T05:00:00Z,0.03669999912381172
2020-10-12T06:00:00Z,0.03669999912381172
2020-10-12T07:00:00Z,-7.999999797903001e-4
2020-10-12T08:00:00Z,-7.999999797903001e-4
2020-10-12T09:00:00Z,-7.999999797903001e-4
2020-10-12T10:00:00Z,0.01249999925494194
2020-10-12T11:00:00Z,0.01249999925494194
2020-10-12T12:00:00Z,0.01249999925494194
2020-10-12T13:00:00Z,0.21599999070167542
2020-10-12T14:00:00Z,0.21599999070167542
2020-10-12T15:00:00Z,0.21599999070167542
2020-10-12T16:00:00Z,0.6818999648094177
2020-10-12T17:00:00Z,0.6818999648094177
2020-10-12T18:00:00Z,0.6818999648094177
2020-10-12T19:00:00Z,0.7960000038146973
2020-10-12T20:00:00Z,0.7960000038146973
2020-10-12T21:00:00Z,0.7960000038146973
2020-10-12T22:00:00Z,0.307699978351593
2020-10-12T23:00:00Z,0.307699978351593
2020-10-13T00:00:00Z,0.307699978351593
2020-10-13T01:00:00Z,0.017400000244379044
2020-10-13T02:00:00Z,0.017400000244379044
2020-10-13T03:00:00Z,0.017400000244379044
2020-10-13T04:00:00Z,0.014099975116550922
2020-10-13T05:00:00Z,0.014099975116550922
2020-10-13T06:00:00Z,0.014099975116550922
2020-10-13T07:00:00Z,0.013799999840557575
2020-10-13T08:00:00Z,0.013799999840557575
2020-10-13T09:00:00Z,0.013799999840557575
2020-10-13T10:00:00Z,0.02499999850988388
2020-10-13T11:00:00Z,0.02499999850988388
2020-10-13T12:00:00Z,0.02499999850988388
2020-10-13T13:00:00Z,0.17000000178813934
2020-10-13T14:00:00Z,0.17000000178813934
2020-10-13T15:00:00Z,0.17000000178813934
2020-10-13T16:00:00Z,0.6861000061035156
2020-10-13T17:00:00Z,0.6861000061035156
2020-10-13T18:00:00Z,0.6861000061035156
2020-10-13T19:00:00Z,0.7766000032424927
2020-10-13T20:00:00Z,0.7766000032424927
2020-10-13T21:00:00Z,0.7766000032424927
2020-10-13T22:00:00Z,0.2475999891757965
2020-10-13T23:00:00Z,0.2475999891757965
2020-10-14T00:00:00Z,0.2475999891757965
2020-10-14T01:00:00Z,0.006599999964237213
2020-10-14T02:00:00Z,0.006599999964237213
2020-10-14T03:00:00Z,0.006599999964237213
2020-10-14T04:00:00Z,0.0037999998312443495
2020-10-14T05:00:00Z,0.0037999998312443495
2020-10-14T06:00:00Z,0.0037999998312443495
2020-10-14T07:00:00Z,0.00559999980032444
2020-10-14T08:00:00Z,0.00559999980032444
2020-10-14T09:00:00Z,0.00559999980032444
2020-10-14T10:00:00Z,0.023000000044703484
2020-10-14T11:00:00Z,0.023000000044703484
2020-10-14T12:00:00Z,0.023000000044703484
2020-10-14T13:00:00Z,0.17109999060630798
2020-10-14T14:00:00Z,0.17109999060630798
2020-10-14T15:00:00Z,0.17109999060630798
2020-10-14T16:00:00Z,0.6976000070571899
2020-10-14T17:00:00Z,0.6976000070571899
2020-10-14T18:00:00Z,0.6976000070571899
2020-10-14T19:00:00Z,0.8604999780654907
2020-10-14T20:00:00Z,0.8604999780654907
2020-10-14T21:00:00Z,0.8604999780654907
2020-10-14T22:00:00Z,0.37539997696876526
2020-10-14T23:00:00Z,0.37539997696876526
2020-10-15T00:00:00Z,0.37539997696876526
2020-10-15T01:00:00Z,0.1070999950170517
2020-10-15T02:00:00Z,0.1070999950170517
2020-10-15T03:00:00Z,0.1070999950170517
2020-10-15T04:00:00Z,0.13040000200271606
2020-10-15T05:00:00Z,0.13040000200271606
2020-10-15T06:00:00Z,0.13040000200271606
2020-10-15T07:00:00Z,0.10579999536275864
2020-10-15T08:00:00Z,0.10579999536275864
2020-10-15T09:00:00Z,0.10579999536275864
2020-10-15T10:00:00Z,0.1013999953866005
2020-10-15T11:00:00Z,0.1013999953866005
2020-10-15T12:00:00Z,0.1013999953866005
2020-10-15T13:00:00Z,0.1882999986410141
2020-10-15T14:00:00Z,0.1882999986410141
2020-10-15T15:00:00Z,0.1882999986410141
2020-10-15T16:00:00Z,0.5417999625205994
2020-10-15T17:00:00Z,0.5417999625205994
2020-10-15T18:00:00Z,0.5417999625205994
2020-10-15T19:00:00Z,0.665399968624115
2020-10-15T20:00:00Z,0.665399968624115
2020-10-15T21:00:00Z,0.665399968624115
2020-10-15T22:00:00Z,0.27129998803138733
2020-10-15T23:00:00Z,0.27129998803138733
2020-10-16T00:00:00Z,0.27129998803138733
2020-10-16T01:00:00Z,0.02669999934732914
2020-10-16T02:00:00Z,0.02669999934732914
2020-10-16T03:00:00Z,0.02669999934732914
2020-10-16T04:00:00Z,0.010499999858438969
2020-10-16T05:00:00Z,0.010499999858438969
2020-10-16T06:00:00Z,0.010499999858438969
2020-10-16T07:00:00Z,0.0024999999441206455
2020-10-16T08:00:00Z,0.0024999999441206455
2020-10-16T09:00:00Z,0.0024999999441206455
2020-10-16T10:00:00Z,0.0072999997064471245
2020-10-16T11:00:00Z,0.0072999997064471245
2020-10-16T12:00:00Z,0.0072999997064471245
2020-10-16T13:00:00Z,0.11459999531507492
2020-10-16T14:00:00Z,0.11459999531507492
2020-10-16T15:00:00Z,0.11459999531507492
2020-10-16T16:00:00Z,0.515999972820282
2020-10-16T17:00:00Z,0.515999972820282
2020-10-16T18:00:00Z,0.515999972820282
2020-10-16T19:00:00Z,0.665399968624115
2020-10-16T20:00:00Z,0.665399968624115
2020-10-16T21:00:00Z,0.665399968624115
2020-10-16T22:00:00Z,0.2713000178337097
2020-10-16T23:00:00Z,0.2713000178337097
2020-10-17T00:00:00Z,0.2713000178337097
2020-10-17T01:00:00Z,0.01599999889731407
2020-10-17T02:00:00Z,0.01599999889731407
2020-10-17T03:00:00Z,0.01599999889731407
2020-10-17T04:00:00Z,0.03359999880194664
2020-10-17T05:00:00Z,0.03359999880194664
2020-10-17T06:00:00Z,0.03359999880194664
2020-10-17T07:00:00Z,0.062199998646974564
2020-10-17T08:00:00Z,0.062199998646974564
2020-10-17T09:00:00Z,0.062199998646974564
2020-10-17T10:00:00Z,0.10289999842643738
2020-10-17T11:00:00Z,0.10289999842643738
2020-10-17T12:00:00Z,0.10289999842643738
2020-10-17T13:00:00Z,0.1973000019788742
2020-10-17T14:00:00Z,0.1973000019788742
2020-10-17T15:00:00Z,0.1973000019788742
2020-10-17T16:00:00Z,0.6864999532699585
2020-10-17T17:00:00Z,0.6864999532699585
2020-10-17T18:00:00Z,0.6864999532699585
2020-10-17T19:00:00Z,0.8026999831199646
2020-10-17T20:00:00Z,0.8026999831199646
2020-10-17T21:00:00Z,0.8026999831199646
2020-10-17T22:00:00Z,0.4276999831199646
2020-10-17T23:00:00Z,0.4276999831199646
2020-10-18T00:00:00Z,0.4276999831199646
2020-10-18T01:00:00Z,0.05900000035762787
2020-10-18T02:00:00Z,0.05900000035762787
2020-10-18T03:00:00Z,0.05900000035762787
2020-10-18T04:00:00Z,0.05889999866485596
2020-10-18T05:00:00Z,0.05889999866485596
2020-10-18T06:00:00Z,0.05889999866485596
2020-10-18T07:00:00Z,0.026200000196695328
2020-10-18T08:00:00Z,0.026200000196695328
2020-10-18T09:00:00Z,0.026200000196695328
2020-10-18T10:00:00Z,0.02319999970495701
2020-10-18T11:00:00Z,0.02319999970495701
2020-10-18T12:00:00Z,0.02319999970495701
2020-10-18T13:00:00Z,0.16210000216960907
2020-10-18T14:00:00Z,0.16210000216960907
2020-10-18T15:00:00Z,0.16210000216960907
2020-10-18T16:00:00Z,0.30979999899864197
2020-10-18T17:00:00Z,0.30979999899864197
2020-10-18T18:00:00Z,0.30979999899864197
2020-10-18T19:00:00Z,0.33559998869895935
2020-10-18T20:00:00Z,0.33559998869895935
2020-10-18T21:00:00Z,0.33559998869895935
2020-10-18T22:00:00Z,0.19779999554157257
2020-10-18T23:00:00Z,0.19779999554157257
2020-10-19T00:00:00Z,0.19779999554157257
2020-10-19T01:00:00Z,0.11349999904632568
2020-10-19T02:00:00Z,0.11349999904632568
2020-10-19T03:00:00Z,0.11349999904632568
2020-10-19T04:00:00Z,0.08419999480247498
2020-10-19T05:00:00Z,0.08419999480247498
2020-10-19T06:00:00Z,0.08419999480247498
2020-10-19T07:00:00Z,0.08739999681711197
2020-10-19T08:00:00Z,0.08739999681711197
2020-10-19T09:00:00Z,0.08739999681711197
2020-10-19T10:00:00Z,0.10539999604225159
2020-10-19T11:00:00Z,0.10539999604225159
2020-10-19T12:00:00Z,0.10539999604225159
2020-10-19T13:00:00Z,0.1590999960899353
2020-10-19T14:00:00Z,0.1590999960899353
2020-10-19T15:00:00Z,0.1590999960899353
2020-10-19T16:00:00Z,0.26409998536109924
2020-10-19T17:00:00Z,0.26409998536109924
2020-10-19T18:00:00Z,0.26409998536109924
2020-10-19T19:00:00Z,0.28200000524520874
2020-10-19T20:00:00Z,0.28200000524520874
2020-10-19T21:00:00Z,0.28200000524520874
2020-10-19T22:00:00Z,0.1824999898672104
2020-10-19T23:00:00Z,0.1824999898672104
2020-10-20T00:00:00Z,0.1824999898672104
2020-10-20T01:00:00Z,0.10080000013113022
2020-10-20T02:00:00Z,0.10080000013113022
2020-10-20T03:00:00Z,0.10080000013113022
2020-10-20T04:00:00Z,0.08219999819993973
2020-10-20T05:00:00Z,0.08219999819993973
2020-10-20T06:00:00Z,0.08219999819993973
2020-10-20T07:00:00Z,0.0705999955534935
2020-10-20T08:00:00Z,0.0705999955534935
2020-10-20T09:00:00Z,0.0705999955534935
2020-10-20T10:00:00Z,0.06719999760389328
2020-10-20T11:00:00Z,0.06719999760389328
2020-10-20T12:00:00Z,0.06719999760389328
2020-10-20T13:00:00Z,0.08590000122785568
2020-10-20T14:00:00Z,0.08590000122785568
2020-10-20T15:00:00Z,0.08590000122785568
2020-10-20T16:00:00Z,0.1793999969959259
2020-10-20T17:00:00Z,0.1793999969959259
2020-10-20T18:00:00Z,0.1793999969959259
2020-10-20T19:00:00Z,0.3118000030517578
2020-10-20T20:00:00Z,0.3118000030517578
2020-10-20T21:00:00Z,0.3118000030517578
2020-10-20T22:00:00Z,0.11289999634027481
2020-10-20T23:00:00Z,0.11289999634027481
2020-10-21T00:00:00Z,0.11289999634027481
2020-10-21T01:00:00Z,0.01809999905526638
2020-10-21T02:00:00Z,0.01809999905526638
2020-10-21T03:00:00Z,0.01809999905526638
2020-10-21T04:00:00Z,0.012399999424815178
2020-10-21T05:00:00Z,0.012399999424815178
2020-10-21T06:00:00Z,0.012399999424815178
2020-10-21T07:00:00Z,0
2020-10-21T08:00:00Z,0
2020-10-21T09:00:00Z,0
2020-10-21T10:00:00Z,-0.017099998891353607
2020-10-21T11:00:00Z,-0.017099998891353607
2020-10-21T12:00:00Z,-0.017099998891353607
2020-10-21T13:00:00Z,0.07449999451637268
2020-10-21T14:00:00Z,0.07449999451637268
2020-10-21T15:00:00Z,0.07449999451637268
2020-10-21T16:00:00Z,0.43860000371932983
2020-10-21T17:00:00Z,0.43860000371932983
2020-10-21T18:00:00Z,0.43860000371932983
2020-10-21T19:00:00Z,0.20559999346733093
2020-10-21T20:00:00Z,0.20559999346733093
2020-10-21T21:00:00Z,0.20559999346733093
2020-10-21T22:00:00Z,0.10639999806880951
2020-10-21T23:00:00Z,0.10639999806880951
2020-10-22T00:00:00Z,0.10639999806880951
2020-10-22T01:00:00Z,0.029199998825788498
2020-10-22T02:00:00Z,0.029199998825788498
2020-10-22T03:00:00Z,0.029199998825788498
2020-10-22T04:00:00Z,0.030700000002980232
2020-10-22T05:00:00Z,0.030700000002980232
2020-10-22T06:00:00Z,0.030700000002980232
2020-10-22T07:00:00Z,0.014999999664723873
2020-10-22T08:00:00Z,0.014999999664723873
2020-10-22T09:00:00Z,0.014999999664723873
2020-10-22T10:00:00Z,-0.012399999424815178
2020-10-22T11:00:00Z,-0.012399999424815178
2020-10-22T12:00:00Z,-0.012399999424815178
2020-10-22T13:00:00Z,0.0885000005364418
2020-10-22T14:00:00Z,0.0885000005364418
2020-10-22T15:00:00Z,0.0885000005364418
2020-10-22T16:00:00Z,0.4772999882698059
2020-10-22T17:00:00Z,0.4772999882698059
2020-10-22T18:00:00Z,0.4772999882698059
2020-10-22T19:00:00Z,0.63339996337890625
2020-10-22T20:00:00Z,0.63339996337890625
2020-10-22T21:00:00Z,0.63339996337890625
2020-10-22T22:00:00Z,0.287200003862381
2020-10-22T23:00:00Z,0.287200003862381
2020-10-23T00:00:00Z,0.287200003862381
2020-10-23T01:00:00Z,0.03819999843835831
2020-10-23T02:00:00Z,0.03819999843835831
2020-10-23T03:00:00Z,0.03819999843835831
2020-10-23T04:00:00Z,0.006599999964237213
2020-10-23T05:00:00Z,0.006599999964237213
2020-10-23T06:00:00Z,0.006599999964237213
2020-10-23T07:00:00Z,-0.007400000002235174
2020-10-23T08:00:00Z,-0.007400000002235174
2020-10-23T09:00:00Z,-0.007400000002235174
2020-10-23T10:00:00Z,0.050599999725818634
2020-10-23T11:00:00Z,0.050599999725818634
2020-10-23T12:00:00Z,0.050599999725818634
2020-10-23T13:00:00Z,0.08649999648332596
2020-10-23T14:00:00Z,0.08649999648332596
2020-10-23T15:00:00Z,0.08649999648332596
2020-10-23T16:00:00Z,0.1573999971151352
2020-10-23T17:00:00Z,0.1573999971151352
2020-10-23T18:00:00Z,0.1573999971151352
2020-10-23T19:00:00Z,0.2766000032424927
2020-10-23T20:00:00Z,0.2766000032424927
2020-10-23T21:00:00Z,0.2766000032424927
2020-10-23T22:00:00Z,0.1777999997138977
2020-10-23T23:00:00Z,0.1777999997138977
2020-10-24T00:00:00Z,0.1777999997138977
2020-10-24T01:00:00Z,0.08940000087022781
2020-10-24T02:00:00Z,0.08940000087022781
2020-10-24T03:00:00Z,0.08940000087022781
2020-10-24T04:00:00Z,0.05249999836087227
2020-10-24T05:00:00Z,0.05249999836087227
2020-10-24T06:00:00Z,0.05249999836087227
2020-10-24T07:00:00Z,0.006000000052154064
2020-10-24T08:00:00Z,0.006000000052154064
2020-10-24T09:00:00Z,0.006000000052154064
2020-10-24T10:00:00Z,-0.0016999999061226845
2020-10-24T11:00:00Z,-0.0016999999061226845
2020-10-24T12:00:00Z,-0.0016999999061226845
2020-10-24T13:00:00Z,0.06149997562170029
2020-10-24T14:00:00Z,0.06149997562170029
2020-10-24T15:00:00Z,0.06149997562170029
2020-10-24T16:00:00Z,0.3123999834060669
2020-10-24T17:00:00Z,0.3123999834060669
2020-10-24T18:00:00Z,0.3123999834060669
2020-10-24T19:00:00Z,0.37199997901916504
2020-10-24T20:00:00Z,0.37199997901916504
2020-10-24T21:00:00Z,0.37199997901916504
2020-10-24T22:00:00Z,0.1469999998807907
2020-10-24T23:00:00Z,0.1469999998807907
2020-10-25T00:00:00Z,0.1469999998807907
2020-10-25T01:00:00Z,0.05889999866485596
2020-10-25T02:00:00Z,0.05889999866485596
2020-10-25T03:00:00Z,0.05889999866485596
2020-10-25T04:00:00Z,0.0632999986410141
2020-10-25T05:00:00Z,0.0632999986410141
2020-10-25T06:00:00Z,0.0632999986410141
2020-10-25T07:00:00Z,0.05639999732375145
2020-10-25T08:00:00Z,0.05639999732375145
2020-10-25T09:00:00Z,0.05639999732375145
2020-10-25T10:00:00Z,0.04910000041127205
2020-10-25T11:00:00Z,0.04910000041127205
2020-10-25T12:00:00Z,0.04910000041127205
2020-10-25T13:00:00Z,0.09699999541044235
2020-10-25T14:00:00Z,0.09699999541044235
2020-10-25T15:00:00Z,0.09699999541044235
2020-10-25T16:00:00Z,0.21570000052452087
2020-10-25T17:00:00Z,0.21570000052452087
2020-10-25T18:00:00Z,0.21570000052452087
2020-10-25T19:00:00Z,0.2533999979496002
2020-10-25T20:00:00Z,0.2533999979496002
2020-10-25T21:00:00Z,0.2533999979496002
2020-10-25T22:00:00Z,0.13930000364780426
2020-10-25T23:00:00Z,0.13930000364780426
2020-10-26T00:00:00Z,0.13930000364780426
2020-10-26T01:00:00Z,0.07829999923706055
2020-10-26T02:00:00Z,0.07829999923706055
2020-10-26T03:00:00Z,0.07829999923706055
2020-10-26T04:00:00Z,0.08299999684095383
2020-10-26T05:00:00Z,0.08299999684095383
2020-10-26T06:00:00Z,0.08299999684095383
2020-10-26T07:00:00Z,0.07919999957084656
2020-10-26T08:00:00Z,0.07919999957084656
2020-10-26T09:00:00Z,0.07919999957084656
2020-10-26T10:00:00Z,0.06430000066757202
2020-10-26T11:00:00Z,0.06430000066757202
2020-10-26T12:00:00Z,0.06430000066757202
2020-10-26T13:00:00Z,0.06019999831914902
2020-10-26T14:00:00Z,0.06019999831914902
2020-10-26T15:00:00Z,0.06019999831914902
2020-10-26T16:00:00Z,0.10040000081062317
2020-10-26T17:00:00Z,0.10040000081062317
2020-10-26T18:00:00Z,0.10040000081062317
2020-10-26T19:00:00Z,0.10579999536275864
2020-10-26T20:00:00Z,0.10579999536275864
2020-10-26T21:00:00Z,0.10579999536275864
2020-10-26T22:00:00Z,0.05929999798536301
2020-10-26T23:00:00Z,0.05929999798536301
2020-10-27T00:00:00Z,0.05929999798536301
2020-10-27T01:00:00Z,0.026999998837709427
2020-10-27T02:00:00Z,0.026999998837709427
2020-10-27T03:00:00Z,0.026999998837709427
2020-10-27T04:00:00Z,0.02579999901354313
2020-10-27T05:00:00Z,0.02579999901354313
2020-10-27T06:00:00Z,0.02579999901354313
2020-10-27T07:00:00Z,0.017500000074505806
2020-10-27T08:00:00Z,0.017500000074505806
2020-10-27T09:00:00Z,0.017500000074505806
2020-10-27T10:00:00Z,0.008200000040233135
2020-10-27T11:00:00Z,0.008200000040233135
2020-10-27T12:00:00Z,0.008200000040233135
2020-10-27T13:00:00Z,0.05419999733567238
2020-10-27T14:00:00Z,0.05419999733567238
2020-10-27T15:00:00Z,0.05419999733567238
2020-10-27T16:00:00Z,0.16120000183582306
2020-10-27T17:00:00Z,0.16120000183582306
2020-10-27T18:00:00Z,0.16120000183582306
2020-10-27T19:00:00Z,0.1289999932050705
2020-10-27T20:00:00Z,0.1289999932050705
2020-10-27T21:00:00Z,0.1289999932050705
2020-10-27T22:00:00Z,0.04479999840259552
2020-10-27T23:00:00Z,0.04479999840259552
2020-10-28T00:00:00Z,0.04479999840259552
2020-10-28T01:00:00Z,0.0011999999405816197
2020-10-28T02:00:00Z,0.0011999999405816197
2020-10-28T03:00:00Z,0.0011999999405816197
2020-10-28T04:00:00Z,0.0038999998942017555
2020-10-28T05:00:00Z,0.0038999998942017555
2020-10-28T06:00:00Z,0.0038999998942017555
2020-10-28T07:00:00Z,0.0018999999156221747
2020-10-28T08:00:00Z,0.0018999999156221747
2020-10-28T09:00:00Z,0.0018999999156221747
2020-10-28T10:00:00Z,-7.999999797903001e-4
2020-10-28T11:00:00Z,-7.999999797903001e-4
2020-10-28T12:00:00Z,-7.999999797903001e-4
2020-10-28T13:00:00Z,0.008499999530613422
2020-10-28T14:00:00Z,0.008499999530613422
2020-10-28T15:00:00Z,0.008499999530613422
2020-10-28T16:00:00Z,0.1103999987244606
2020-10-28T17:00:00Z,0.1103999987244606
2020-10-28T18:00:00Z,0.1103999987244606
2020-10-28T19:00:00Z,0.2069999873638153
2020-10-28T20:00:00Z,0.2069999873638153
2020-10-28T21:00:00Z,0.2069999873638153
2020-10-28T22:00:00Z,0.09079999476671219
2020-10-28T23:00:00Z,0.09079999476671219
2020-10-29T00:00:00Z,0.09079999476671219
2020-10-29T01:00:00Z,0.022099999710917473
2020-10-29T02:00:00Z,0.022099999710917473
2020-10-29T03:00:00Z,0.022099999710917473
2020-10-29T04:00:00Z,0.020999999716877937
2020-10-29T05:00:00Z,0.020999999716877937
2020-10-29T06:00:00Z,0.020999999716877937
2020-10-29T07:00:00Z,0.038100000470876694
2020-10-29T08:00:00Z,0.038100000470876694
2020-10-29T09:00:00Z,0.038100000470876694
2020-10-29T10:00:00Z,0.08959999680519104
2020-10-29T11:00:00Z,0.08959999680519104
2020-10-29T12:00:00Z,0.08959999680519104
2020-10-29T13:00:00Z,0.11869999766349792
2020-10-29T14:00:00Z,0.11869999766349792
2020-10-29T15:00:00Z,0.11869999766349792
2020-10-29T16:00:00Z,0.35179999470710754
2020-10-29T17:00:00Z,0.35179999470710754
2020-10-29T18:00:00Z,0.35179999470710754
2020-10-29T19:00:00Z,0.43299999833106995
2020-10-29T20:00:00Z,0.43299999833106995
2020-10-29T21:00:00Z,0.43299999833106995
2020-10-29T22:00:00Z,0.15070000290870667
2020-10-29T23:00:00Z,0.15070000290870667
2020-10-30T00:00:00Z,0.15070000290870667
2020-10-30T01:00:00Z,0.011500000022351742
2020-10-30T02:00:00Z,0.011500000022351742
2020-10-30T03:00:00Z,0.011500000022351742
2020-10-30T04:00:00Z,5.999999702908099e-4
2020-10-30T05:00:00Z,5.999999702908099e-4
2020-10-30T06:00:00Z,5.999999702908099e-4
2020-10-30T07:00:00Z,-0.00419999985024333
2020-10-30T08:00:00Z,-0.00419999985024333
2020-10-30T09:00:00Z,-0.00419999985024333
2020-10-30T10:00:00Z,-0.00559999980032444
2020-10-30T11:00:00Z,-0.00559999980032444
2020-10-30T12:00:00Z,-0.00559999980032444
2020-10-30T13:00:00Z,0.0543999969959259
2020-10-30T14:00:00Z,0.0543999969959259
2020-10-30T15:00:00Z,0.0543999969959259
2020-10-30T16:00:00Z,0.3141999840736389
2020-10-30T17:00:00Z,0.3141999840736389
2020-10-30T18:00:00Z,0.3141999840736389
2020-10-30T19:00:00Z,0.3856000006198883
2020-10-30T20:00:00Z,0.3856000006198883
2020-10-30T21:00:00Z,0.3856000006198883
2020-10-30T22:00:00Z,0.0949999988079071
2020-10-30T23:00:00Z,0.0949999988079071
2020-10-31T00:00:00Z,0.0949999988079071
2020-10-31T01:00:00Z,0.0072999997064471245
2020-10-31T02:00:00Z,0.0072999997064471245
2020-10-31T03:00:00Z,0.0072999997064471245
2020-10-31T04:00:00Z,3.9999998989515007e-4
2020-10-31T05:00:00Z,3.9999998989515007e-4
2020-10-31T06:00:00Z,3.9999998989515007e-4
2020-10-31T07:00:00Z,-0.0071000000461936
2020-10-31T08:00:00Z,-0.0071000000461936
2020-10-31T09:00:00Z,-0.0071000000461936
2020-10-31T10:00:00Z,-0.011799999512732029
2020-10-31T11:00:00Z,-0.011799999512732029
2020-10-31T12:00:00Z,-0.011799999512732029
2020-10-31T13:00:00Z,0.06030000001192093
2020-10-31T14:00:00Z,0.06030000001192093
2020-10-31T15:00:00Z,0.06030000001192093
2020-10-31T16:00:00Z,0.3991999924182892
2020-10-31T17:00:00Z,0.3991999924182892
2020-10-31T18:00:00Z,0.3991999924182892
2020-10-31T19:00:00Z,0.5234999656677246
2020-10-31T20:00:00Z,0.5234999656677246
2020-10-31T21:00:00Z,0.5234999656677246
2020-10-31T22:00:00Z,0.1826999932527542
2020-10-31T23:00:00Z,0.1826999932527542
2020-11-01T00:00:00Z,0.1826999932527542
2020-11-01T01:00:00Z,0.02539999969303608
2020-11-01T02:00:00Z,0.02539999969303608
2020-11-01T03:00:00Z,0.02539999969303608
2020-11-01T04:00:00Z,0.08689999580383301
2020-11-01T05:00:00Z,0.08689999580383301
2020-11-01T06:00:00Z,0.08689999580383301
2020-11-01T07:00:00Z,0.08639999479055405
2020-11-01T08:00:00Z,0.08639999479055405
2020-11-01T09:00:00Z,0.08639999479055405
2020-11-01T10:00:00Z,0.024399975314736366
2020-11-01T11:00:00Z,0.024399975314736366
2020-11-01T12:00:00Z,0.024399975314736366
2020-11-01T13:00:00Z,0.09640000015497208
2020-11-01T14:00:00Z,0.09640000015497208
2020-11-01T15:00:00Z,0.09640000015497208
2020-11-01T16:00:00Z,0.40299999713897705
2020-11-01T17:00:00Z,0.40299999713897705
2020-11-01T18:00:00Z,0.40299999713897705
2020-11-01T19:00:00Z,0.48569998145103455
2020-11-01T20:00:00Z,0.48569998145103455
2020-11-01T21:00:00Z,0.48569998145103455
2020-11-01T22:00:00Z,0.142099991440773
2020-11-01T23:00:00Z,0.142099991440773
2020-11-02T00:00:00Z,0.142099991440773
2020-11-02T01:00:00Z,0.012799999676644802
2020-11-02T02:00:00Z,0.012799999676644802
2020-11-02T03:00:00Z,0.012799999676644802
2020-11-02T04:00:00Z,0.002899999963119626
2020-11-02T05:00:00Z,0.002899999963119626
2020-11-02T06:00:00Z,0.002899999963119626
2020-11-02T07:00:00Z,0.003000000026077032
2020-11-02T08:00:00Z,0.003000000026077032
2020-11-02T09:00:00Z,0.003000000026077032
2020-11-02T10:00:00Z,0.00419999985024333
2020-11-02T11:00:00Z,0.00419999985024333
2020-11-02T12:00:00Z,0.00419999985024333
2020-11-02T13:00:00Z,0.07189999520778656
2020-11-02T14:00:00Z,0.07189999520778656
2020-11-02T15:00:00Z,0.07189999520778656
2020-11-02T16:00:00Z,0.3911999762058258
2020-11-02T17:00:00Z,0.3911999762058258
2020-11-02T18:00:00Z,0.3911999762058258
2020-11-02T19:00:00Z,0.4991999864578247
2020-11-02T20:00:00Z,0.4991999864578247
2020-11-02T21:00:00Z,0.4991999864578247
2020-11-02T22:00:00Z,0.1386999934911728
2020-11-02T23:00:00Z,0.1386999934911728
2020-11-03T00:00:00Z,0.1386999934911728
2020-11-03T01:00:00Z,0.006199999712407589
2020-11-03T02:00:00Z,0.006199999712407589
2020-11-03T03:00:00Z,0.006199999712407589
2020-11-03T04:00:00Z,-0.002199999988079071
2020-11-03T05:00:00Z,-0.002199999988079071
2020-11-03T06:00:00Z,-0.002199999988079071
2020-11-03T07:00:00Z,-0.007999999448657036
2020-11-03T08:00:00Z,-0.007999999448657036
2020-11-03T09:00:00Z,-0.007999999448657036
2020-11-03T10:00:00Z,-0.009999999776482582
2020-11-03T11:00:00Z,-0.009999999776482582
2020-11-03T12:00:00Z,-0.009999999776482582
2020-11-03T13:00:00Z,0.04479999840259552
2020-11-03T14:00:00Z,0.04479999840259552
2020-11-03T15:00:00Z,0.04479999840259552
2020-11-03T16:00:00Z,0.34209999442100525
2020-11-03T17:00:00Z,0.34209999442100525
2020-11-03T18:00:00Z,0.34209999442100525
2020-11-03T19:00:00Z,0.45719999074935913
2020-11-03T20:00:00Z,0.45719999074935913
2020-11-03T21:00:00Z,0.45719999074935913
2020-11-03T22:00:00Z,0.11669999361038208
2020-11-03T23:00:00Z,0.11669999361038208
2020-11-04T00:00:00Z,0.11669999361038208
2020-11-04T01:00:00Z,0.002300000051036477
2020-11-04T02:00:00Z,0.002300000051036477
2020-11-04T03:00:00Z,0.002300000051036477
2020-11-04T04:00:00Z,-0.007599999662488699
2020-11-04T05:00:00Z,-0.007599999662488699
2020-11-04T06:00:00Z,-0.007599999662488699
2020-11-04T07:00:00Z,-0.01719999872148037
2020-11-04T08:00:00Z,-0.01719999872148037
2020-11-04T09:00:00Z,-0.01719999872148037
2020-11-04T10:00:00Z,-0.013500023633241653
2020-11-04T11:00:00Z,-0.013500023633241653
2020-11-04T12:00:00Z,-0.013500023633241653
2020-11-04T13:00:00Z,0.06870000064373016
2020-11-04T14:00:00Z,0.06870000064373016
2020-11-04T15:00:00Z,0.06870000064373016
2020-11-04T16:00:00Z,0.4188999831676483
2020-11-04T17:00:00Z,0.4188999831676483
2020-11-04T18:00:00Z,0.4188999831676483
2020-11-04T19:00:00Z,0.5315999984741211
2020-11-04T20:00:00Z,0.5315999984741211
2020-11-04T21:00:00Z,0.5315999984741211
2020-11-04T22:00:00Z,0.18959999084472656
2020-11-04T23:00:00Z,0.18959999084472656
2020-11-05T00:00:00Z,0.18959999084472656
2020-11-05T01:00:00Z,0.037299998104572296
2020-11-05T02:00:00Z,0.037299998104572296
2020-11-05T03:00:00Z,0.037299998104572296
2020-11-05T04:00:00Z,0.014800000004470348
2020-11-05T05:00:00Z,0.014800000004470348
2020-11-05T06:00:00Z,0.014800000004470348
2020-11-05T07:00:00Z,-0.001999999862164259
2020-11-05T08:00:00Z,-0.001999999862164259
2020-11-05T09:00:00Z,-0.001999999862164259
2020-11-05T10:00:00Z,-0.009499999694526196
2020-11-05T11:00:00Z,-0.009499999694526196
2020-11-05T12:00:00Z,-0.009499999694526196
2020-11-05T13:00:00Z,0.05029997602105141
2020-11-05T14:00:00Z,0.05029997602105141
2020-11-05T15:00:00Z,0.05029997602105141
2020-11-05T16:00:00Z,0.36800000071525574
2020-11-05T17:00:00Z,0.36800000071525574
2020-11-05T18:00:00Z,0.36800000071525574
2020-11-05T19:00:00Z,0.43709999322891235
2020-11-05T20:00:00Z,0.43709999322891235
2020-11-05T21:00:00Z,0.43709999322891235
2020-11-05T22:00:00Z,0.10249999910593033
2020-11-05T23:00:00Z,0.10249999910593033
2020-11-06T00:00:00Z,0.10249999910593033
2020-11-06T01:00:00Z,-0.005200000014156103
2020-11-06T02:00:00Z,-0.005200000014156103
2020-11-06T03:00:00Z,-0.005200000014156103
2020-11-06T04:00:00Z,-0.011399999260902405
2020-11-06T05:00:00Z,-0.011399999260902405
2020-11-06T06:00:00Z,-0.011399999260902405
2020-11-06T07:00:00Z,-0.016099998727440834
2020-11-06T08:00:00Z,-0.016099998727440834
2020-11-06T09:00:00Z,-0.016099998727440834
2020-11-06T10:00:00Z,-0.020099999383091927
2020-11-06T11:00:00Z,-0.020099999383091927
2020-11-06T12:00:00Z,-0.020099999383091927
2020-11-06T13:00:00Z,0.04050000011920929
2020-11-06T14:00:00Z,0.04050000011920929
2020-11-06T15:00:00Z,0.04050000011920929
2020-11-06T16:00:00Z,0.35099998116493225
2020-11-06T17:00:00Z,0.35099998116493225
2020-11-06T18:00:00Z,0.35099998116493225
2020-11-06T19:00:00Z,0.44259998202323914
2020-11-06T20:00:00Z,0.44259998202323914
2020-11-06T21:00:00Z,0.44259998202323914
2020-11-06T22:00:00Z,0.11879999935626984
2020-11-06T23:00:00Z,0.11879999935626984
2020-11-07T00:00:00Z,0.11879999935626984
2020-11-07T01:00:00Z,0.0074999756179749966
2020-11-07T02:00:00Z,0.0074999756179749966
2020-11-07T03:00:00Z,0.0074999756179749966
2020-11-07T04:00:00Z,-0.014299999922513962
2020-11-07T05:00:00Z,-0.014299999922513962
2020-11-07T06:00:00Z,-0.014299999922513962
2020-11-07T07:00:00Z,-0.018799999728798866
2020-11-07T08:00:00Z,-0.018799999728798866
2020-11-07T09:00:00Z,-0.018799999728798866
2020-11-07T10:00:00Z,-0.02239999920129776
2020-11-07T11:00:00Z,-0.02239999920129776
2020-11-07T12:00:00Z,-0.02239999920129776
2020-11-07T13:00:00Z,0.045399975031614304
2020-11-07T14:00:00Z,0.045399975031614304
2020-11-07T15:00:00Z,0.045399975031614304
2020-11-07T16:00:00Z,0.3824999928474426
2020-11-07T17:00:00Z,0.3824999928474426
2020-11-07T18:00:00Z,0.3824999928474426
2020-11-07T19:00:00Z,0.4763000011444092
2020-11-07T20:00:00Z,0.4763000011444092
2020-11-07T21:00:00Z,0.4763000011444092
2020-11-07T22:00:00Z,0.12789997458457947
2020-11-07T23:00:00Z,0.12789997458457947
2020-11-08T00:00:00Z,0.12789997458457947
2020-11-08T01:00:00Z,0.00699999975040555
2020-11-08T02:00:00Z,0.00699999975040555
2020-11-08T03:00:00Z,0.00699999975040555
2020-11-08T04:00:00Z,-2.9999998514540493e-4
2020-11-08T05:00:00Z,-2.9999998514540493e-4
2020-11-08T06:00:00Z,-2.9999998514540493e-4
2020-11-08T07:00:00Z,-0.011799999512732029
2020-11-08T08:00:00Z,-0.011799999512732029
2020-11-08T09:00:00Z,-0.011799999512732029
2020-11-08T10:00:00Z,-0.020800000056624413
2020-11-08T11:00:00Z,-0.020800000056624413
2020-11-08T12:00:00Z,-0.020800000056624413
2020-11-08T13:00:00Z,0.041099999099969864
2020-11-08T14:00:00Z,0.041099999099969864
2020-11-08T15:00:00Z,0.041099999099969864
2020-11-08T16:00:00Z,0.39100000262260437
2020-11-08T17:00:00Z,0.39100000262260437
2020-11-08T18:00:00Z,0.39100000262260437
2020-11-08T19:00:00Z,0.524399995803833
2020-11-08T20:00:00Z,0.524399995803833
2020-11-08T21:00:00Z,0.524399995803833
2020-11-08T22:00:00Z,0.1761000007390976
2020-11-08T23:00:00Z,0.1761000007390976
2020-11-09T00:00:00Z,0.1761000007390976
2020-11-09T01:00:00Z,0.020800000056624413
2020-11-09T02:00:00Z,0.020800000056624413
2020-11-09T03:00:00Z,0.020800000056624413
2020-11-09T04:00:00Z,-0.0038999998942017555
2020-11-09T05:00:00Z,-0.0038999998942017555
2020-11-09T06:00:00Z,-0.0038999998942017555
2020-11-09T07:00:00Z,-0.01549999974668026
2020-11-09T08:00:00Z,-0.01549999974668026
2020-11-09T09:00:00Z,-0.01549999974668026
2020-11-09T10:00:00Z,-0.02449999935925007
2020-11-09T11:00:00Z,-0.02449999935925007
2020-11-09T12:00:00Z,-0.02449999935925007
2020-11-09T13:00:00Z,0.04479999840259552
2020-11-09T14:00:00Z,0.04479999840259552
2020-11-09T15:00:00Z,0.04479999840259552
2020-11-09T16:00:00Z,0.40139999985694885
2020-11-09T17:00:00Z,0.40139999985694885
2020-11-09T18:00:00Z,0.40139999985694885
2020-11-09T19:00:00Z,0.5252000093460083
2020-11-09T20:00:00Z,0.5252000093460083
2020-11-09T21:00:00Z,0.5252000093460083
2020-11-09T22:00:00Z,0.16449999809265137
2020-11-09T23:00:00Z,0.16449999809265137
2020-11-10T00:00:00Z,0.16449999809265137
2020-11-10T01:00:00Z,0.015799999237060547
2020-11-10T02:00:00Z,0.015799999237060547
2020-11-10T03:00:00Z,0.015799999237060547
2020-11-10T04:00:00Z,-0.007799975574016571
2020-11-10T05:00:00Z,-0.007799975574016571
2020-11-10T06:00:00Z,-0.007799975574016571
2020-11-10T07:00:00Z,-0.017800023779273033
2020-11-10T08:00:00Z,-0.017800023779273033
2020-11-10T09:00:00Z,-0.017800023779273033
2020-11-10T10:00:00Z,-0.01759999990463257
2020-11-10T11:00:00Z,-0.01759999990463257
2020-11-10T12:00:00Z,-0.01759999990463257
2020-11-10T13:00:00Z,0.04099999740719795
2020-11-10T14:00:00Z,0.04099999740719795
2020-11-10T15:00:00Z,0.04099999740719795
2020-11-10T16:00:00Z,0.2498999983072281
2020-11-10T17:00:00Z,0.2498999983072281
2020-11-10T18:00:00Z,0.2498999983072281
2020-11-10T19:00:00Z,0.2847999930381775
2020-11-10T20:00:00Z,0.2847999930381775
2020-11-10T21:00:00Z,0.2847999930381775
2020-11-10T22:00:00Z,0.1841999888420105
2020-11-10T23:00:00Z,0.1841999888420105
2020-11-11T00:00:00Z,0.1841999888420105
2020-11-11T01:00:00Z,0.07000000029802322
2020-11-11T02:00:00Z,0.07000000029802322
2020-11-11T03:00:00Z,0.07000000029802322
2020-11-11T04:00:00Z,0.025699999183416367
2020-11-11T05:00:00Z,0.025699999183416367
2020-11-11T06:00:00Z,0.025699999183416367
2020-11-11T07:00:00Z,0.003000000026077032
2020-11-11T08:00:00Z,0.003000000026077032
2020-11-11T09:00:00Z,0.003000000026077032
2020-11-11T10:00:00Z,-0.0038999998942017555
2020-11-11T11:00:00Z,-0.0038999998942017555
2020-11-11T12:00:00Z,-0.0038999998942017555
2020-11-11T13:00:00Z,0.033400025218725204
2020-11-11T14:00:00Z,0.033400025218725204
2020-11-11T15:00:00Z,0.033400025218725204
2020-11-11T16:00:00Z,0.24089999496936798
2020-11-11T17:00:00Z,0.24089999496936798
2020-11-11T18:00:00Z,0.24089999496936798
2020-11-11T19:00:00Z,0.2953000068664551
2020-11-11T20:00:00Z,0.2953000068664551
2020-11-11T21:00:00Z,0.2953000068664551
2020-11-11T22:00:00Z,0.054099999368190765
2020-11-11T23:00:00Z,0.054099999368190765
2020-11-12T00:00:00Z,0.054099999368190765
2020-11-12T01:00:00Z,-0.0011999999405816197
2020-11-12T02:00:00Z,-0.0011999999405816197
2020-11-12T03:00:00Z,-0.0011999999405816197
2020-11-12T04:00:00Z,-0.00139999995008111
2020-11-12T05:00:00Z,-0.00139999995008111
2020-11-12T06:00:00Z,-0.00139999995008111
2020-11-12T07:00:00Z,-9.999999310821295e-4
2020-11-12T08:00:00Z,-9.999999310821295e-4
2020-11-12T09:00:00Z,-9.999999310821295e-4
2020-11-12T10:00:00Z,-0.0050999997183680534
2020-11-12T11:00:00Z,-0.0050999997183680534
2020-11-12T12:00:00Z,-0.0050999997183680534
2020-11-12T13:00:00Z,0.030299998819828033
2020-11-12T14:00:00Z,0.030299998819828033
2020-11-12T15:00:00Z,0.030299998819828033
2020-11-12T16:00:00Z,0.3005000054836273
2020-11-12T17:00:00Z,0.3005000054836273
2020-11-12T18:00:00Z,0.3005000054836273
2020-11-12T19:00:00Z,0.4081999957561493
2020-11-12T20:00:00Z,0.4081999957561493
2020-11-12T21:00:00Z,0.4081999957561493
2020-11-12T22:00:00Z,0.08049997687339783
2020-11-12T23:00:00Z,0.08049997687339783
2020-11-13T00:00:00Z,0.08049997687339783
2020-11-13T01:00:00Z,0.08249999582767487
2020-11-13T02:00:00Z,0.08249999582767487
2020-11-13T03:00:00Z,0.08249999582767487
2020-11-13T04:00:00Z,0.05260000005364418
2020-11-13T05:00:00Z,0.05260000005364418
2020-11-13T06:00:00Z,0.05260000005364418
2020-11-13T07:00:00Z,0.012899999506771564
2020-11-13T08:00:00Z,0.012899999506771564
2020-11-13T09:00:00Z,0.012899999506771564
2020-11-13T10:00:00Z,-0.002699999837204814
2020-11-13T11:00:00Z,-0.002699999837204814
2020-11-13T12:00:00Z,-0.002699999837204814
2020-11-13T13:00:00Z,0.03659999743103981
2020-11-13T14:00:00Z,0.03659999743103981
2020-11-13T15:00:00Z,0.03659999743103981
2020-11-13T16:00:00Z,0.24799999594688416
2020-11-13T17:00:00Z,0.24799999594688416
2020-11-13T18:00:00Z,0.24799999594688416
2020-11-13T19:00:00Z,0.30660000443458557
2020-11-13T20:00:00Z,0.30660000443458557
2020-11-13T21:00:00Z,0.30660000443458557
2020-11-13T22:00:00Z,0.06799999624490738
2020-11-13T23:00:00Z,0.06799999624490738
2020-11-14T00:00:00Z,0.06799999624490738
2020-11-14T01:00:00Z,0.012999999336898327
2020-11-14T02:00:00Z,0.012999999336898327
2020-11-14T03:00:00Z,0.012999999336898327
2020-11-14T04:00:00Z,0.012299999594688416
2020-11-14T05:00:00Z,0.012299999594688416
2020-11-14T06:00:00Z,0.012299999594688416
2020-11-14T07:00:00Z,0.031099999323487282
2020-11-14T08:00:00Z,0.031099999323487282
2020-11-14T09:00:00Z,0.031099999323487282
2020-11-14T10:00:00Z,0.028999999165534973
2020-11-14T11:00:00Z,0.028999999165534973
2020-11-14T12:00:00Z,0.028999999165534973
2020-11-14T13:00:00Z,0.008999999612569809
2020-11-14T14:00:00Z,0.008999999612569809
2020-11-14T15:00:00Z,0.008999999612569809
2020-11-14T16:00:00Z,-0.02969999983906746
2020-11-14T17:00:00Z,-0.02969999983906746
2020-11-14T18:00:00Z,-0.02969999983906746
2020-11-14T19:00:00Z,-0.09459999948740005
2020-11-14T20:00:00Z,-0.09459999948740005
2020-11-14T21:00:00Z,-0.09459999948740005
2020-11-14T22:00:00Z,-0.13679999113082886
2020-11-14T23:00:00Z,-0.13679999113082886
2020-11-15T00:00:00Z,-0.13679999113082886
2020-11-15T01:00:00Z,-0.0037999998312443495
2020-11-15T02:00:00Z,-0.0037999998312443495
2020-11-15T03:00:00Z,-0.0037999998312443495
2020-11-15T04:00:00Z,-0.017899999395012856
2020-11-15T05:00:00Z,-0.017899999395012856
2020-11-15T06:00:00Z,-0.017899999395012856
2020-11-15T07:00:00Z,0.054499998688697815
2020-11-15T08:00:00Z,0.054499998688697815
2020-11-15T09:00:00Z,0.054499998688697815
2020-11-15T10:00:00Z,0.08899999409914017
2020-11-15T11:00:00Z,0.08899999409914017
2020-11-15T12:00:00Z,0.08899999409914017
2020-11-15T13:00:00Z,0.131400004029274
2020-11-15T14:00:00Z,0.131400004029274
2020-11-15T15:00:00Z,0.131400004029274
2020-11-15T16:00:00Z,0.3921999931335449
2020-11-15T17:00:00Z,0.3921999931335449
2020-11-15T18:00:00Z,0.3921999931335449
2020-11-15T19:00:00Z,0.4838999807834625
2020-11-15T20:00:00Z,0.4838999807834625
2020-11-15T21:00:00Z,0.4838999807834625
2020-11-15T22:00:00Z,0.20430000126361847
2020-11-15T23:00:00Z,0.20430000126361847
2020-11-16T00:00:00Z,0.20430000126361847
2020-11-16T01:00:00Z,0.025200000032782555
2020-11-16T02:00:00Z,0.025200000032782555
2020-11-16T03:00:00Z,0.025200000032782555
2020-11-16T04:00:00Z,0.0035000243224203587
2020-11-16T05:00:00Z,0.0035000243224203587
2020-11-16T06:00:00Z,0.0035000243224203587
2020-11-16T07:00:00Z,8.999999845400453e-4
2020-11-16T08:00:00Z,8.999999845400453e-4
2020-11-16T09:00:00Z,8.999999845400453e-4
2020-11-16T10:00:00Z,0.004900000058114529
2020-11-16T11:00:00Z,0.004900000058114529
2020-11-16T12:00:00Z,0.004900000058114529
2020-11-16T13:00:00Z,0.05139999836683273
2020-11-16T14:00:00Z,0.05139999836683273
2020-11-16T15:00:00Z,0.05139999836683273
2020-11-16T16:00:00Z,0.3569999933242798
2020-11-16T17:00:00Z,0.3569999933242798
2020-11-16T18:00:00Z,0.3569999933242798
2020-11-16T19:00:00Z,0.40609997510910034
2020-11-16T20:00:00Z,0.40609997510910034
2020-11-16T21:00:00Z,0.40609997510910034
2020-11-16T22:00:00Z,0.0754999965429306
2020-11-16T23:00:00Z,0.0754999965429306
2020-11-17T00:00:00Z,0.0754999965429306
2020-11-17T01:00:00Z,0.008100000210106373
2020-11-17T02:00:00Z,0.008100000210106373
2020-11-17T03:00:00Z,0.008100000210106373
2020-11-17T04:00:00Z,0.002300000051036477
2020-11-17T05:00:00Z,0.002300000051036477
2020-11-17T06:00:00Z,0.002300000051036477
2020-11-17T07:00:00Z,-0.006599999964237213
2020-11-17T08:00:00Z,-0.006599999964237213
2020-11-17T09:00:00Z,-0.006599999964237213
2020-11-17T10:00:00Z,-0.009599999524652958
2020-11-17T11:00:00Z,-0.009599999524652958
2020-11-17T12:00:00Z,-0.009599999524652958
2020-11-17T13:00:00Z,0.023499999195337296
2020-11-17T14:00:00Z,0.023499999195337296
2020-11-17T15:00:00Z,0.023499999195337296
2020-11-17T16:00:00Z,0.2337999939918518
2020-11-17T17:00:00Z,0.2337999939918518
2020-11-17T18:00:00Z,0.2337999939918518
2020-11-17T19:00:00Z,0.32510000467300415
2020-11-17T20:00:00Z,0.32510000467300415
2020-11-17T21:00:00Z,0.32510000467300415
2020-11-17T22:00:00Z,0.08540000021457672
2020-11-17T23:00:00Z,0.08540000021457672
2020-11-18T00:00:00Z,0.08540000021457672
2020-11-18T01:00:00Z,0.02070000022649765
2020-11-18T02:00:00Z,0.02070000022649765
2020-11-18T03:00:00Z,0.02070000022649765
2020-11-18T04:00:00Z,0.019199999049305916
2020-11-18T05:00:00Z,0.019199999049305916
2020-11-18T06:00:00Z,0.019199999049305916
2020-11-18T07:00:00Z,0.006799999624490738
2020-11-18T08:00:00Z,0.006799999624490738
2020-11-18T09:00:00Z,0.006799999624490738
2020-11-18T10:00:00Z,2.9999998514540493e-4
2020-11-18T11:00:00Z,2.9999998514540493e-4
2020-11-18T12:00:00Z,2.9999998514540493e-4
2020-11-18T13:00:00Z,0.045399997383356094
2020-11-18T14:00:00Z,0.045399997383356094
2020-11-18T15:00:00Z,0.045399997383356094
2020-11-18T16:00:00Z,0.35109999775886536
2020-11-18T17:00:00Z,0.35109999775886536
2020-11-18T18:00:00Z,0.35109999775886536
2020-11-18T19:00:00Z,0.468099981546402
2020-11-18T20:00:00Z,0.468099981546402
2020-11-18T21:00:00Z,0.468099981546402
2020-11-18T22:00:00Z,0.19449999928474426
2020-11-18T23:00:00Z,0.19449999928474426
2020-11-19T00:00:00Z,0.19449999928474426
2020-11-19T01:00:00Z,0.0754999965429306
2020-11-19T02:00:00Z,0.0754999965429306
2020-11-19T03:00:00Z,0.0754999965429306
2020-11-19T04:00:00Z,0.04580000042915344
2020-11-19T05:00:00Z,0.04580000042915344
2020-11-19T06:00:00Z,0.04580000042915344
2020-11-19T07:00:00Z,0.020899999886751175
2020-11-19T08:00:00Z,0.020899999886751175
2020-11-19T09:00:00Z,0.020899999886751175
2020-11-19T10:00:00Z,0.01589999906718731
2020-11-19T11:00:00Z,0.01589999906718731
2020-11-19T12:00:00Z,0.01589999906718731
2020-11-19T13:00:00Z,0.07999999821186066
2020-11-19T14:00:00Z,0.07999999821186066
2020-11-19T15:00:00Z,0.07999999821186066
2020-11-19T16:00:00Z,0.40149998664855957
2020-11-19T17:00:00Z,0.40149998664855957
2020-11-19T18:00:00Z,0.40149998664855957
2020-11-19T19:00:00Z,0.4795999825000763
2020-11-19T20:00:00Z,0.4795999825000763
2020-11-19T21:00:00Z,0.4795999825000763
2020-11-19T22:00:00Z,0.1542000025510788
2020-11-19T23:00:00Z,0.1542000025510788
2020-11-20T00:00:00Z,0.1542000025510788
2020-11-20T01:00:00Z,0.006599999964237213
2020-11-20T02:00:00Z,0.006599999964237213
2020-11-20T03:00:00Z,0.006599999964237213
2020-11-20T04:00:00Z,-0.00839999970048666
2020-11-20T05:00:00Z,-0.00839999970048666
2020-11-20T06:00:00Z,-0.00839999970048666
2020-11-20T07:00:00Z,-0.01860000006854534
2020-11-20T08:00:00Z,-0.01860000006854534
2020-11-20T09:00:00Z,-0.01860000006854534
2020-11-20T10:00:00Z,-0.022199999541044235
2020-11-20T11:00:00Z,-0.022199999541044235
2020-11-20T12:00:00Z,-0.022199999541044235
2020-11-20T13:00:00Z,0.012999999336898327
2020-11-20T14:00:00Z,0.012999999336898327
2020-11-20T15:00:00Z,0.012999999336898327
2020-11-20T16:00:00Z,0.2920999825000763
2020-11-20T17:00:00Z,0.2920999825000763
2020-11-20T18:00:00Z,0.2920999825000763
2020-11-20T19:00:00Z,0.40939998626708984
2020-11-20T20:00:00Z,0.40939998626708984
2020-11-20T21:00:00Z,0.40939998626708984
2020-11-20T22:00:00Z,0.13319998979568481
2020-11-20T23:00:00Z,0.13319998979568481
2020-11-21T00:00:00Z,0.13319998979568481
2020-11-21T01:00:00Z,0.06369999796152115
2020-11-21T02:00:00Z,0.06369999796152115
2020-11-21T03:00:00Z,0.06369999796152115
2020-11-21T04:00:00Z,0.05559999868273735
2020-11-21T05:00:00Z,0.05559999868273735
2020-11-21T06:00:00Z,0.05559999868273735
2020-11-21T07:00:00Z,0.03480000048875809
2020-11-21T08:00:00Z,0.03480000048875809
2020-11-21T09:00:00Z,0.03480000048875809
2020-11-21T10:00:00Z,0.029999999329447746
2020-11-21T11:00:00Z,0.029999999329447746
2020-11-21T12:00:00Z,0.029999999329447746
2020-11-21T13:00:00Z,0.08320000022649765
2020-11-21T14:00:00Z,0.08320000022649765
2020-11-21T15:00:00Z,0.08320000022649765
2020-11-21T16:00:00Z,0.22789999842643738
2020-11-21T17:00:00Z,0.22789999842643738
2020-11-21T18:00:00Z,0.22789999842643738
2020-11-21T19:00:00Z,0.2703000009059906
2020-11-21T20:00:00Z,0.2703000009059906
2020-11-21T21:00:00Z,0.2703000009059906
2020-11-21T22:00:00Z,0.13199999928474426
2020-11-21T23:00:00Z,0.13199999928474426
2020-11-22T00:00:00Z,0.13199999928474426
2020-11-22T01:00:00Z,0.03920000046491623
2020-11-22T02:00:00Z,0.03920000046491623
2020-11-22T03:00:00Z,0.03920000046491623
2020-11-22T04:00:00Z,0.030499998480081558
2020-11-22T05:00:00Z,0.030499998480081558
2020-11-22T06:00:00Z,0.030499998480081558
2020-11-22T07:00:00Z,0.02419999986886978
2020-11-22T08:00:00Z,0.02419999986886978
2020-11-22T09:00:00Z,0.02419999986886978
2020-11-22T10:00:00Z,0.015599999576807022
2020-11-22T11:00:00Z,0.015599999576807022
2020-11-22T12:00:00Z,0.015599999576807022
2020-11-22T13:00:00Z,0.031099999323487282
2020-11-22T14:00:00Z,0.031099999323487282
2020-11-22T15:00:00Z,0.031099999323487282
2020-11-22T16:00:00Z,0.13759998977184296
2020-11-22T17:00:00Z,0.13759998977184296
2020-11-22T18:00:00Z,0.13759998977184296
2020-11-22T19:00:00Z,0.19129998981952667
2020-11-22T20:00:00Z,0.19129998981952667
2020-11-22T21:00:00Z,0.19129998981952667
2020-11-22T22:00:00Z,0.04699999839067459
2020-11-22T23:00:00Z,0.04699999839067459
2020-11-23T00:00:00Z,0.04699999839067459
2020-11-23T01:00:00Z,-0.0064999996684491634
2020-11-23T02:00:00Z,-0.0064999996684491634
2020-11-23T03:00:00Z,-0.0064999996684491634
2020-11-23T04:00:00Z,-0.009599999524652958
2020-11-23T05:00:00Z,-0.009599999524652958
2020-11-23T06:00:00Z,-0.009599999524652958
2020-11-23T07:00:00Z,-0.011500000022351742
2020-11-23T08:00:00Z,-0.011500000022351742
2020-11-23T09:00:00Z,-0.011500000022351742
2020-11-23T10:00:00Z,-0.007799999788403511
2020-11-23T11:00:00Z,-0.007799999788403511
2020-11-23T12:00:00Z,-0.007799999788403511
2020-11-23T13:00:00Z,0.01529999915510416
2020-11-23T14:00:00Z,0.01529999915510416
2020-11-23T15:00:00Z,0.01529999915510416
2020-11-23T16:00:00Z,0.19059999287128448
2020-11-23T17:00:00Z,0.19059999287128448
2020-11-23T18:00:00Z,0.19059999287128448
2020-11-23T19:00:00Z,0.17559999227523804
2020-11-23T20:00:00Z,0.17559999227523804
2020-11-23T21:00:00Z,0.17559999227523804
2020-11-23T22:00:00Z,0.02630000002682209
2020-11-23T23:00:00Z,0.02630000002682209
2020-11-24T00:00:00Z,0.02630000002682209
2020-11-24T01:00:00Z,0.03759999945759773
2020-11-24T02:00:00Z,0.03759999945759773
2020-11-24T03:00:00Z,0.03759999945759773
2020-11-24T04:00:00Z,0.06309999525547028
2020-11-24T05:00:00Z,0.06309999525547028
2020-11-24T06:00:00Z,0.06309999525547028
2020-11-24T07:00:00Z,0.060099996626377106
2020-11-24T08:00:00Z,0.060099996626377106
2020-11-24T09:00:00Z,0.060099996626377106
2020-11-24T10:00:00Z,0.06869997084140778
2020-11-24T11:00:00Z,0.06869997084140778
2020-11-24T12:00:00Z,0.06869997084140778
2020-11-24T13:00:00Z,0.08659999817609787
2020-11-24T14:00:00Z,0.08659999817609787
2020-11-24T15:00:00Z,0.08659999817609787
2020-11-24T16:00:00Z,0.1582999974489212
2020-11-24T17:00:00Z,0.1582999974489212
2020-11-24T18:00:00Z,0.1582999974489212
2020-11-24T19:00:00Z,0.10719999670982361
2020-11-24T20:00:00Z,0.10719999670982361
2020-11-24T21:00:00Z,0.10719999670982361
2020-11-24T22:00:00Z,0.04010000079870224
2020-11-24T23:00:00Z,0.04010000079870224
2020-11-25T00:00:00Z,0.04010000079870224
2020-11-25T01:00:00Z,0.0031999999191612005
2020-11-25T02:00:00Z,0.0031999999191612005
2020-11-25T03:00:00Z,0.0031999999191612005
2020-11-25T04:00:00Z,0.006199999712407589
2020-11-25T05:00:00Z,0.006199999712407589
2020-11-25T06:00:00Z,0.006199999712407589
2020-11-25T07:00:00Z,0.014599999412894249
2020-11-25T08:00:00Z,0.014599999412894249
2020-11-25T09:00:00Z,0.014599999412894249
2020-11-25T10:00:00Z,0.019199999049305916
2020-11-25T11:00:00Z,0.019199999049305916
2020-11-25T12:00:00Z,0.019199999049305916
2020-11-25T13:00:00Z,0.03240000084042549
2020-11-25T14:00:00Z,0.03240000084042549
2020-11-25T15:00:00Z,0.03240000084042549
2020-11-25T16:00:00Z,0.10249999910593033
2020-11-25T17:00:00Z,0.10249999910593033
2020-11-25T18:00:00Z,0.10249999910593033
2020-11-25T19:00:00Z,0.1224999949336052
2020-11-25T20:00:00Z,0.1224999949336052
2020-11-25T21:00:00Z,0.1224999949336052
2020-11-25T22:00:00Z,0.0681999996304512
2020-11-25T23:00:00Z,0.0681999996304512
2020-11-26T00:00:00Z,0.0681999996304512
2020-11-26T01:00:00Z,0.008700000122189522
2020-11-26T02:00:00Z,0.008700000122189522
2020-11-26T03:00:00Z,0.008700000122189522
2020-11-26T04:00:00Z,-0.010900000110268593
2020-11-26T05:00:00Z,-0.010900000110268593
2020-11-26T06:00:00Z,-0.010900000110268593
2020-11-26T07:00:00Z,-0.014800000004470348
2020-11-26T08:00:00Z,-0.014800000004470348
2020-11-26T09:00:00Z,-0.014800000004470348
2020-11-26T10:00:00Z,-0.01119999960064888
2020-11-26T11:00:00Z,-0.01119999960064888
2020-11-26T12:00:00Z,-0.01119999960064888
2020-11-26T13:00:00Z,0.01269999984651804
2020-11-26T14:00:00Z,0.01269999984651804
2020-11-26T15:00:00Z,0.01269999984651804
2020-11-26T16:00:00Z,0.18449999392032623
2020-11-26T17:00:00Z,0.18449999392032623
2020-11-26T18:00:00Z,0.18449999392032623
2020-11-26T19:00:00Z,0.23510000109672546
2020-11-26T20:00:00Z,0.23510000109672546
2020-11-26T21:00:00Z,0.23510000109672546
2020-11-26T22:00:00Z,0.026399999856948853
2020-11-26T23:00:00Z,0.026399999856948853
2020-11-27T00:00:00Z,0.026399999856948853
2020-11-27T01:00:00Z,-0.00930000003427267
2020-11-27T02:00:00Z,-0.00930000003427267
2020-11-27T03:00:00Z,-0.00930000003427267
2020-11-27T04:00:00Z,-0.007899999618530273
2020-11-27T05:00:00Z,-0.007899999618530273
2020-11-27T06:00:00Z,-0.007899999618530273
2020-11-27T07:00:00Z,0.007499999832361937
2020-11-27T08:00:00Z,0.007499999832361937
2020-11-27T09:00:00Z,0.007499999832361937
2020-11-27T10:00:00Z,0.006799999624490738
2020-11-27T11:00:00Z,0.006799999624490738
2020-11-27T12:00:00Z,0.006799999624490738
2020-11-27T13:00:00Z,0.03350000083446503
2020-11-27T14:00:00Z,0.03350000083446503
2020-11-27T15:00:00Z,0.03350000083446503
2020-11-27T16:00:00Z,0.2248999923467636
2020-11-27T17:00:00Z,0.2248999923467636
2020-11-27T18:00:00Z,0.2248999923467636
2020-11-27T19:00:00Z,0.33059999346733093
2020-11-27T20:00:00Z,0.33059999346733093
2020-11-27T21:00:00Z,0.33059999346733093
2020-11-27T22:00:00Z,0.06759999692440033
2020-11-27T23:00:00Z,0.06759999692440033
2020-11-28T00:00:00Z,0.06759999692440033
2020-11-28T01:00:00Z,0.00559999980032444
2020-11-28T02:00:00Z,0.00559999980032444
2020-11-28T03:00:00Z,0.00559999980032444
2020-11-28T04:00:00Z,-1.9999999494757503e-4
2020-11-28T05:00:00Z,-1.9999999494757503e-4
2020-11-28T06:00:00Z,-1.9999999494757503e-4
2020-11-28T07:00:00Z,0.001500000013038516
2020-11-28T08:00:00Z,0.001500000013038516
2020-11-28T09:00:00Z,0.001500000013038516
2020-11-28T10:00:00Z,0.0016999999061226845
2020-11-28T11:00:00Z,0.0016999999061226845
2020-11-28T12:00:00Z,0.0016999999061226845
2020-11-28T13:00:00Z,0.02630000002682209
2020-11-28T14:00:00Z,0.02630000002682209
2020-11-28T15:00:00Z,0.02630000002682209
2020-11-28T16:00:00Z,0.21930000185966492
2020-11-28T17:00:00Z,0.21930000185966492
2020-11-28T18:00:00Z,0.21930000185966492
2020-11-28T19:00:00Z,0.2839999794960022
2020-11-28T20:00:00Z,0.2839999794960022
2020-11-28T21:00:00Z,0.2839999794960022
2020-11-28T22:00:00Z,0.051500000059604645
2020-11-28T23:00:00Z,0.051500000059604645
2020-11-29T00:00:00Z,0.051500000059604645
2020-11-29T01:00:00Z,-6.99999975040555e-4
2020-11-29T02:00:00Z,-6.99999975040555e-4
2020-11-29T03:00:00Z,-6.99999975040555e-4
2020-11-29T04:00:00Z,-0.005200000014156103
2020-11-29T05:00:00Z,-0.005200000014156103
2020-11-29T06:00:00Z,-0.005200000014156103
2020-11-29T07:00:00Z,-0.005200000014156103
2020-11-29T08:00:00Z,-0.005200000014156103
2020-11-29T09:00:00Z,-0.005200000014156103
2020-11-29T10:00:00Z,-0.004100000020116568
2020-11-29T11:00:00Z,-0.004100000020116568
2020-11-29T12:00:00Z,-0.004100000020116568
2020-11-29T13:00:00Z,0.02159999869763851
2020-11-29T14:00:00Z,0.02159999869763851
2020-11-29T15:00:00Z,0.02159999869763851
2020-11-29T16:00:00Z,0.1972000002861023
2020-11-29T17:00:00Z,0.1972000002861023
2020-11-29T18:00:00Z,0.1972000002861023
2020-11-29T19:00:00Z,0.27809998393058777
2020-11-29T20:00:00Z,0.27809998393058777
2020-11-29T21:00:00Z,0.27809998393058777
2020-11-29T22:00:00Z,0.15699999034404755
2020-11-29T23:00:00Z,0.15699999034404755
2020-11-30T00:00:00Z,0.15699999034404755
2020-11-30T01:00:00Z,0.07519999891519547
2020-11-30T02:00:00Z,0.07519999891519547
2020-11-30T03:00:00Z,0.07519999891519547
2020-11-30T04:00:00Z,0.0704999715089798
2020-11-30T05:00:00Z,0.0704999715089798
2020-11-30T06:00:00Z,0.0704999715089798
2020-11-30T07:00:00Z,0.06260000169277191
2020-11-30T08:00:00Z,0.06260000169277191
2020-11-30T09:00:00Z,0.06260000169277191
2020-11-30T10:00:00Z,0.0608999989926815
2020-11-30T11:00:00Z,0.0608999989926815
2020-11-30T12:00:00Z,0.0608999989926815
2020-11-30T13:00:00Z,0.08259999752044678
2020-11-30T14:00:00Z,0.08259999752044678
2020-11-30T15:00:00Z,0.08259999752044678
2020-11-30T16:00:00Z,0.22679996490478516
2020-11-30T17:00:00Z,0.22679996490478516
2020-11-30T18:00:00Z,0.22679996490478516
2020-11-30T19:00:00Z,0.25029999017715454
2020-11-30T20:00:00Z,0.25029999017715454
2020-11-30T21:00:00Z,0.25029999017715454
2020-11-30T22:00:00Z,0.054099999368190765
2020-11-30T23:00:00Z,0.054099999368190765
2020-12-01T00:00:00Z,0.054099999368190765
2020-12-01T01:00:00Z,0.003499999875202775
2020-12-01T02:00:00Z,0.003499999875202775
2020-12-01T03:00:00Z,0.003499999875202775
2020-12-01T04:00:00Z,0.003200024366378784
2020-12-01T05:00:00Z,0.003200024366378784
2020-12-01T06:00:00Z,0.003200024366378784
2020-12-01T07:00:00Z,0.0024999999441206455
2020-12-01T08:00:00Z,0.0024999999441206455
2020-12-01T09:00:00Z,0.0024999999441206455
2020-12-01T10:00:00Z,4.999999655410647e-4
2020-12-01T11:00:00Z,4.999999655410647e-4
2020-12-01T12:00:00Z,4.999999655410647e-4
2020-12-01T13:00:00Z,0.016899999231100082
2020-12-01T14:00:00Z,0.016899999231100082
2020-12-01T15:00:00Z,0.016899999231100082
2020-12-01T16:00:00Z,0.15919999778270721
2020-12-01T17:00:00Z,0.15919999778270721
2020-12-01T18:00:00Z,0.15919999778270721
2020-12-01T19:00:00Z,0.21539999544620514
2020-12-01T20:00:00Z,0.21539999544620514
2020-12-01T21:00:00Z,0.21539999544620514
2020-12-01T22:00:00Z,0.01719999872148037
2020-12-01T23:00:00Z,0.01719999872148037
2020-12-02T00:00:00Z,0.01719999872148037
2020-12-02T01:00:00Z,0.0023999998811632395
2020-12-02T02:00:00Z,0.0023999998811632395
2020-12-02T03:00:00Z,0.0023999998811632395
2020-12-02T04:00:00Z,0.0031999999191612005
2020-12-02T05:00:00Z,0.0031999999191612005
2020-12-02T06:00:00Z,0.0031999999191612005
2020-12-02T07:00:00Z,0.0023999998811632395
2020-12-02T08:00:00Z,0.0023999998811632395
2020-12-02T09:00:00Z,0.0023999998811632395
2020-12-02T10:00:00Z,0.0018999999156221747
2020-12-02T11:00:00Z,0.0018999999156221747
2020-12-02T12:00:00Z,0.0018999999156221747
2020-12-02T13:00:00Z,0.02449999935925007
2020-12-02T14:00:00Z,0.02449999935925007
2020-12-02T15:00:00Z,0.02449999935925007
2020-12-02T16:00:00Z,0.1818999946117401
2020-12-02T17:00:00Z,0.1818999946117401
2020-12-02T18:00:00Z,0.1818999946117401
2020-12-02T19:00:00Z,0.2328999936580658
2020-12-02T20:00:00Z,0.2328999936580658
2020-12-02T21:00:00Z,0.2328999936580658
2020-12-02T22:00:00Z,0.027300000190734863
2020-12-02T23:00:00Z,0.027300000190734863
2020-12-03T00:00:00Z,0.027300000190734863
2020-12-03T01:00:00Z,-0.0030999998562037945
2020-12-03T02:00:00Z,-0.0030999998562037945
2020-12-03T03:00:00Z,-0.0030999998562037945
2020-12-03T04:00:00Z,-0.002300000051036477
2020-12-03T05:00:00Z,-0.002300000051036477
2020-12-03T06:00:00Z,-0.002300000051036477
2020-12-03T07:00:00Z,-8.999999845400453e-4
2020-12-03T08:00:00Z,-8.999999845400453e-4
2020-12-03T09:00:00Z,-8.999999845400453e-4
2020-12-03T10:00:00Z,0.0031999999191612005
2020-12-03T11:00:00Z,0.0031999999191612005
2020-12-03T12:00:00Z,0.0031999999191612005
2020-12-03T13:00:00Z,0.014999999664723873
2020-12-03T14:00:00Z,0.014999999664723873
2020-12-03T15:00:00Z,0.014999999664723873
2020-12-03T16:00:00Z,0.09860000014305115
2020-12-03T17:00:00Z,0.09860000014305115
2020-12-03T18:00:00Z,0.09860000014305115
2020-12-03T19:00:00Z,0.0908999964594841
2020-12-03T20:00:00Z,0.0908999964594841
2020-12-03T21:00:00Z,0.0908999964594841
2020-12-03T22:00:00Z,0.016699999570846558
2020-12-03T23:00:00Z,0.016699999570846558
2020-12-04T00:00:00Z,0.016699999570846558
2020-12-04T01:00:00Z,0.002300000051036477
2020-12-04T02:00:00Z,0.002300000051036477
2020-12-04T03:00:00Z,0.002300000051036477
2020-12-04T04:00:00Z,-0.00419999985024333
2020-12-04T05:00:00Z,-0.00419999985024333
2020-12-04T06:00:00Z,-0.00419999985024333
2020-12-04T07:00:00Z,-0.0066999997943639755
2020-12-04T08:00:00Z,-0.0066999997943639755
2020-12-04T09:00:00Z,-0.0066999997943639755
2020-12-04T10:00:00Z,-0.004900000058114529
2020-12-04T11:00:00Z,-0.004900000058114529
2020-12-04T12:00:00Z,-0.004900000058114529
2020-12-04T13:00:00Z,0.015399999916553497
2020-12-04T14:00:00Z,0.015399999916553497
2020-12-04T15:00:00Z,0.015399999916553497
2020-12-04T16:00:00Z,0.1833999902009964
2020-12-04T17:00:00Z,0.1833999902009964
2020-12-04T18:00:00Z,0.1833999902009964
2020-12-04T19:00:00Z,0.2483000010251999
2020-12-04T20:00:00Z,0.2483000010251999
2020-12-04T21:00:00Z,0.2483000010251999
2020-12-04T22:00:00Z,0.04189999774098396
2020-12-04T23:00:00Z,0.04189999774098396
2020-12-05T00:00:00Z,0.04189999774098396
2020-12-05T01:00:00Z,-0.0026000000070780516
2020-12-05T02:00:00Z,-0.0026000000070780516
2020-12-05T03:00:00Z,-0.0026000000070780516
2020-12-05T04:00:00Z,-0.004999999888241291
2020-12-05T05:00:00Z,-0.004999999888241291
2020-12-05T06:00:00Z,-0.004999999888241291
2020-12-05T07:00:00Z,-0.003700000001117587
2020-12-05T08:00:00Z,-0.003700000001117587
2020-12-05T09:00:00Z,-0.003700000001117587
2020-12-05T10:00:00Z,-0.00279999990016222
2020-12-05T11:00:00Z,-0.00279999990016222
2020-12-05T12:00:00Z,-0.00279999990016222
2020-12-05T13:00:00Z,0.012299999594688416
2020-12-05T14:00:00Z,0.012299999594688416
2020-12-05T15:00:00Z,0.012299999594688416
2020-12-05T16:00:00Z,0.14589999616146088
2020-12-05T17:00:00Z,0.14589999616146088
2020-12-05T18:00:00Z,0.14589999616146088
2020-12-05T19:00:00Z,0.19550000131130219
2020-12-05T20:00:00Z,0.19550000131130219
2020-12-05T21:00:00Z,0.19550000131130219
2020-12-05T22:00:00Z,0.017500000074505806
2020-12-05T23:00:00Z,0.017500000074505806
2020-12-06T00:00:00Z,0.017500000074505806
2020-12-06T01:00:00Z,-0.0066999997943639755
2020-12-06T02:00:00Z,-0.0066999997943639755
2020-12-06T03:00:00Z,-0.0066999997943639755
2020-12-06T04:00:00Z,-0.006300000008195639
2020-12-06T05:00:00Z,-0.006300000008195639
2020-12-06T06:00:00Z,-0.006300000008195639
2020-12-06T07:00:00Z,-0.00430002436041832
2020-12-06T08:00:00Z,-0.00430002436041832
2020-12-06T09:00:00Z,-0.00430002436041832
2020-12-06T10:00:00Z,-0.003999999724328518
2020-12-06T11:00:00Z,-0.003999999724328518
2020-12-06T12:00:00Z,-0.003999999724328518
2020-12-06T13:00:00Z,0.014399999752640724
2020-12-06T14:00:00Z,0.014399999752640724
2020-12-06T15:00:00Z,0.014399999752640724
2020-12-06T16:00:00Z,0.1339000016450882
2020-12-06T17:00:00Z,0.1339000016450882
2020-12-06T18:00:00Z,0.1339000016450882
2020-12-06T19:00:00Z,0.1881999969482422
2020-12-06T20:00:00Z,0.1881999969482422
2020-12-06T21:00:00Z,0.1881999969482422
2020-12-06T22:00:00Z,0.03219999745488167
2020-12-06T23:00:00Z,0.03219999745488167
2020-12-07T00:00:00Z,0.03219999745488167
2020-12-07T01:00:00Z,0.0038999998942017555
2020-12-07T02:00:00Z,0.0038999998942017555
2020-12-07T03:00:00Z,0.0038999998942017555
2020-12-07T04:00:00Z,-0.0066999997943639755
2020-12-07T05:00:00Z,-0.0066999997943639755
2020-12-07T06:00:00Z,-0.0066999997943639755
2020-12-07T07:00:00Z,-0.004999999888241291
2020-12-07T08:00:00Z,-0.004999999888241291
2020-12-07T09:00:00Z,-0.004999999888241291
2020-12-07T10:00:00Z,-0.004600000102072954
2020-12-07T11:00:00Z,-0.004600000102072954
2020-12-07T12:00:00Z,-0.004600000102072954
2020-12-07T13:00:00Z,0.010899974964559078
2020-12-07T14:00:00Z,0.010899974964559078
2020-12-07T15:00:00Z,0.010899974964559078
2020-12-07T16:00:00Z,0.15389999747276306
2020-12-07T17:00:00Z,0.15389999747276306
2020-12-07T18:00:00Z,0.15389999747276306
2020-12-07T19:00:00Z,0.17960000038146973
2020-12-07T20:00:00Z,0.17960000038146973
2020-12-07T21:00:00Z,0.17960000038146973
2020-12-07T22:00:00Z,0.012799975462257862
2020-12-07T23:00:00Z,0.012799975462257862
2020-12-08T00:00:00Z,0.012799975462257862
2020-12-08T01:00:00Z,-0.007499999832361937
2020-12-08T02:00:00Z,-0.007499999832361937
2020-12-08T03:00:00Z,-0.007499999832361937
2020-12-08T04:00:00Z,-0.006199999712407589
2020-12-08T05:00:00Z,-0.006199999712407589
2020-12-08T06:00:00Z,-0.006199999712407589
2020-12-08T07:00:00Z,-0.005399975460022688
2020-12-08T08:00:00Z,-0.005399975460022688
2020-12-08T09:00:00Z,-0.005399975460022688
2020-12-08T10:00:00Z,-0.005799999926239252
2020-12-08T11:00:00Z,-0.005799999926239252
2020-12-08T12:00:00Z,-0.005799999926239252
2020-12-08T13:00:00Z,0.007799999788403511
2020-12-08T14:00:00Z,0.007799999788403511
2020-12-08T15:00:00Z,0.007799999788403511
2020-12-08T16:00:00Z,0.14409999549388885
2020-12-08T17:00:00Z,0.14409999549388885
2020-12-08T18:00:00Z,0.14409999549388885
2020-12-08T19:00:00Z,0.21089999377727509
2020-12-08T20:00:00Z,0.21089999377727509
2020-12-08T21:00:00Z,0.21089999377727509
2020-12-08T22:00:00Z,0.03350000083446503
2020-12-08T23:00:00Z,0.03350000083446503
2020-12-09T00:00:00Z,0.03350000083446503
2020-12-09T01:00:00Z,-0.002899999963119626
2020-12-09T02:00:00Z,-0.002899999963119626
2020-12-09T03:00:00Z,-0.002899999963119626
2020-12-09T04:00:00Z,-0.006199999712407589
2020-12-09T05:00:00Z,-0.006199999712407589
2020-12-09T06:00:00Z,-0.006199999712407589
2020-12-09T07:00:00Z,-0.007199999876320362
2020-12-09T08:00:00Z,-0.007199999876320362
2020-12-09T09:00:00Z,-0.007199999876320362
2020-12-09T10:00:00Z,-0.005200000014156103
2020-12-09T11:00:00Z,-0.005200000014156103
2020-12-09T12:00:00Z,-0.005200000014156103
2020-12-09T13:00:00Z,0.011699999682605267
2020-12-09T14:00:00Z,0.011699999682605267
2020-12-09T15:00:00Z,0.011699999682605267
2020-12-09T16:00:00Z,0.17790000140666962
2020-12-09T17:00:00Z,0.17790000140666962
2020-12-09T18:00:00Z,0.17790000140666962
2020-12-09T19:00:00Z,0.249099999666214
2020-12-09T20:00:00Z,0.249099999666214
2020-12-09T21:00:00Z,0.249099999666214
2020-12-09T22:00:00Z,0.026799999177455902
2020-12-09T23:00:00Z,0.026799999177455902
2020-12-10T00:00:00Z,0.026799999177455902
2020-12-10T01:00:00Z,-0.0037999998312443495
2020-12-10T02:00:00Z,-0.0037999998312443495
2020-12-10T03:00:00Z,-0.0037999998312443495
2020-12-10T04:00:00Z,-0.0066999997943639755
2020-12-10T05:00:00Z,-0.0066999997943639755
2020-12-10T06:00:00Z,-0.0066999997943639755
2020-12-10T07:00:00Z,-0.007799999788403511
2020-12-10T08:00:00Z,-0.007799999788403511
2020-12-10T09:00:00Z,-0.007799999788403511
2020-12-10T10:00:00Z,-0.008999999612569809
2020-12-10T11:00:00Z,-0.008999999612569809
2020-12-10T12:00:00Z,-0.008999999612569809
2020-12-10T13:00:00Z,0.007499999832361937
2020-12-10T14:00:00Z,0.007499999832361937
2020-12-10T15:00:00Z,0.007499999832361937
2020-12-10T16:00:00Z,0.16659998893737793
2020-12-10T17:00:00Z,0.16659998893737793
2020-12-10T18:00:00Z,0.16659998893737793
2020-12-10T19:00:00Z,0.2554999887943268
2020-12-10T20:00:00Z,0.2554999887943268
2020-12-10T21:00:00Z,0.2554999887943268
2020-12-10T22:00:00Z,0.02459999918937683
2020-12-10T23:00:00Z,0.02459999918937683
2020-12-11T00:00:00Z,0.02459999918937683
2020-12-11T01:00:00Z,-0.00930000003427267
2020-12-11T02:00:00Z,-0.00930000003427267
2020-12-11T03:00:00Z,-0.00930000003427267
2020-12-11T04:00:00Z,-0.011500000022351742
2020-12-11T05:00:00Z,-0.011500000022351742
2020-12-11T06:00:00Z,-0.011500000022351742
2020-12-11T07:00:00Z,-0.005699999630451202
2020-12-11T08:00:00Z,-0.005699999630451202
2020-12-11T09:00:00Z,-0.005699999630451202
2020-12-11T10:00:00Z,0
2020-12-11T11:00:00Z,0
2020-12-11T12:00:00Z,0
2020-12-11T13:00:00Z,0.010499999858438969
2020-12-11T14:00:00Z,0.010499999858438969
2020-12-11T15:00:00Z,0.010499999858438969
2020-12-11T16:00:00Z,0.04569999873638153
2020-12-11T17:00:00Z,0.04569999873638153
2020-12-11T18:00:00Z,0.04569999873638153
2020-12-11T19:00:00Z,0.052699998021125793
2020-12-11T20:00:00Z,0.052699998021125793
2020-12-11T21:00:00Z,0.052699998021125793
2020-12-11T22:00:00Z,0.026499999687075615
2020-12-11T23:00:00Z,0.026499999687075615
2020-12-12T00:00:00Z,0.026499999687075615
2020-12-12T01:00:00Z,0.009499999694526196
2020-12-12T02:00:00Z,0.009499999694526196
2020-12-12T03:00:00Z,0.009499999694526196
2020-12-12T04:00:00Z,0.003399999812245369
2020-12-12T05:00:00Z,0.003399999812245369
2020-12-12T06:00:00Z,0.003399999812245369
2020-12-12T07:00:00Z,0.002199999988079071
2020-12-12T08:00:00Z,0.002199999988079071
2020-12-12T09:00:00Z,0.002199999988079071
2020-12-12T10:00:00Z,0.0066999997943639755
2020-12-12T11:00:00Z,0.0066999997943639755
2020-12-12T12:00:00Z,0.0066999997943639755
2020-12-12T13:00:00Z,0.02969999983906746
2020-12-12T14:00:00Z,0.02969999983906746
2020-12-12T15:00:00Z,0.02969999983906746
2020-12-12T16:00:00Z,0.09299999475479126
2020-12-12T17:00:00Z,0.09299999475479126
2020-12-12T18:00:00Z,0.09299999475479126
2020-12-12T19:00:00Z,0.1193000003695488
2020-12-12T20:00:00Z,0.1193000003695488
2020-12-12T21:00:00Z,0.1193000003695488
2020-12-12T22:00:00Z,0.05079999938607216
2020-12-12T23:00:00Z,0.05079999938607216
2020-12-13T00:00:00Z,0.05079999938607216
2020-12-13T01:00:00Z,0.033399999141693115
2020-12-13T02:00:00Z,0.033399999141693115
2020-12-13T03:00:00Z,0.033399999141693115
2020-12-13T04:00:00Z,0.020899999886751175
2020-12-13T05:00:00Z,0.020899999886751175
2020-12-13T06:00:00Z,0.020899999886751175
2020-12-13T07:00:00Z,0.004100000020116568
2020-12-13T08:00:00Z,0.004100000020116568
2020-12-13T09:00:00Z,0.004100000020116568
2020-12-13T10:00:00Z,0.001999999862164259
2020-12-13T11:00:00Z,0.001999999862164259
2020-12-13T12:00:00Z,0.001999999862164259
2020-12-13T13:00:00Z,0.020899999886751175
2020-12-13T14:00:00Z,0.020899999886751175
2020-12-13T15:00:00Z,0.020899999886751175
2020-12-13T16:00:00Z,0.13300000131130219
2020-12-13T17:00:00Z,0.13300000131130219
2020-12-13T18:00:00Z,0.13300000131130219
2020-12-13T19:00:00Z,0.155799999833107
2020-12-13T20:00:00Z,0.155799999833107
2020-12-13T21:00:00Z,0.155799999833107
2020-12-13T22:00:00Z,0.05219999700784683
2020-12-13T23:00:00Z,0.05219999700784683
2020-12-14T00:00:00Z,0.05219999700784683
2020-12-14T01:00:00Z,0.005799999926239252
2020-12-14T02:00:00Z,0.005799999926239252
2020-12-14T03:00:00Z,0.005799999926239252
2020-12-14T04:00:00Z,0.0038999998942017555
2020-12-14T05:00:00Z,0.0038999998942017555
2020-12-14T06:00:00Z,0.0038999998942017555
2020-12-14T07:00:00Z,0.0072999997064471245
2020-12-14T08:00:00Z,0.0072999997064471245
2020-12-14T09:00:00Z,0.0072999997064471245
2020-12-14T10:00:00Z,0.004699999932199717
2020-12-14T11:00:00Z,0.004699999932199717
2020-12-14T12:00:00Z,0.004699999932199717
2020-12-14T13:00:00Z,0.019999999552965164
2020-12-14T14:00:00Z,0.019999999552965164
2020-12-14T15:00:00Z,0.019999999552965164
2020-12-14T16:00:00Z,0.14399999380111694
2020-12-14T17:00:00Z,0.14399999380111694
2020-12-14T18:00:00Z,0.14399999380111694
2020-12-14T19:00:00Z,0.19179999828338623
2020-12-14T20:00:00Z,0.19179999828338623
2020-12-14T21:00:00Z,0.19179999828338623
2020-12-14T22:00:00Z,0.03659999743103981
2020-12-14T23:00:00Z,0.03659999743103981
2020-12-15T00:00:00Z,0.03659999743103981
2020-12-15T01:00:00Z,0.01209999993443489
2020-12-15T02:00:00Z,0.01209999993443489
2020-12-15T03:00:00Z,0.01209999993443489
2020-12-15T04:00:00Z,0.02539999969303608
2020-12-15T05:00:00Z,0.02539999969303608
2020-12-15T06:00:00Z,0.02539999969303608
2020-12-15T07:00:00Z,0.031300000846385956
2020-12-15T08:00:00Z,0.031300000846385956
2020-12-15T09:00:00Z,0.031300000846385956
2020-12-15T10:00:00Z,0.0608999989926815
2020-12-15T11:00:00Z,0.0608999989926815
2020-12-15T12:00:00Z,0.0608999989926815
2020-12-15T13:00:00Z,0.07019999623298645
2020-12-15T14:00:00Z,0.07019999623298645
2020-12-15T15:00:00Z,0.07019999623298645
2020-12-15T16:00:00Z,0.20469999313354492
2020-12-15T17:00:00Z,0.20469999313354492
2020-12-15T18:00:00Z,0.20469999313354492
2020-12-15T19:00:00Z,0.22759999334812164
2020-12-15T20:00:00Z,0.22759999334812164
2020-12-15T21:00:00Z,0.22759999334812164
2020-12-15T22:00:00Z,0.07499999552965164
2020-12-15T23:00:00Z,0.07499999552965164
2020-12-16T00:00:00Z,0.07499999552965164
2020-12-16T01:00:00Z,0.020499998703598976
2020-12-16T02:00:00Z,0.020499998703598976
2020-12-16T03:00:00Z,0.020499998703598976
2020-12-16T04:00:00Z,0.01489999983459711
2020-12-16T05:00:00Z,0.01489999983459711
2020-12-16T06:00:00Z,0.01489999983459711
2020-12-16T07:00:00Z,0.013499999418854713
2020-12-16T08:00:00Z,0.013499999418854713
2020-12-16T09:00:00Z,0.013499999418854713
2020-12-16T10:00:00Z,0.00989999994635582
2020-12-16T11:00:00Z,0.00989999994635582
2020-12-16T12:00:00Z,0.00989999994635582
2020-12-16T13:00:00Z,0.016300000250339508
2020-12-16T14:00:00Z,0.016300000250339508
2020-12-16T15:00:00Z,0.016300000250339508
2020-12-16T16:00:00Z,0.09239999949932098
2020-12-16T17:00:00Z,0.09239999949932098
2020-12-16T18:00:00Z,0.09239999949932098
2020-12-16T19:00:00Z,0.15800002217292786
2020-12-16T20:00:00Z,0.15800002217292786
2020-12-16T21:00:00Z,0.15800002217292786
2020-12-16T22:00:00Z,0.02539999969303608
2020-12-16T23:00:00Z,0.02539999969303608
2020-12-17T00:00:00Z,0.02539999969303608
2020-12-17T01:00:00Z,0.0044999755918979645
2020-12-17T02:00:00Z,0.0044999755918979645
2020-12-17T03:00:00Z,0.0044999755918979645
2020-12-17T04:00:00Z,0.004799999762326479
2020-12-17T05:00:00Z,0.004799999762326479
2020-12-17T06:00:00Z,0.004799999762326479
2020-12-17T07:00:00Z,0.004799999762326479
2020-12-17T08:00:00Z,0.004799999762326479
2020-12-17T09:00:00Z,0.004799999762326479
2020-12-17T10:00:00Z,0.003999999724328518
2020-12-17T11:00:00Z,0.003999999724328518
2020-12-17T12:00:00Z,0.003999999724328518
2020-12-17T13:00:00Z,0.013399999588727951
2020-12-17T14:00:00Z,0.013399999588727951
2020-12-17T15:00:00Z,0.013399999588727951
2020-12-17T16:00:00Z,0.12879998981952667
2020-12-17T17:00:00Z,0.12879998981952667
2020-12-17T18:00:00Z,0.12879998981952667
2020-12-17T19:00:00Z,0.1664000004529953
2020-12-17T20:00:00Z,0.1664000004529953
2020-12-17T21:00:00Z,0.1664000004529953
2020-12-17T22:00:00Z,0.014299999922513962
2020-12-17T23:00:00Z,0.014299999922513962
2020-12-18T00:00:00Z,0.014299999922513962
2020-12-18T01:00:00Z,-0.006099999882280827
2020-12-18T02:00:00Z,-0.006099999882280827
2020-12-18T03:00:00Z,-0.006099999882280827
2020-12-18T04:00:00Z,-0.004900000058114529
2020-12-18T05:00:00Z,-0.004900000058114529
2020-12-18T06:00:00Z,-0.004900000058114529
2020-12-18T07:00:00Z,-0.0052999998442828655
2020-12-18T08:00:00Z,-0.0052999998442828655
2020-12-18T09:00:00Z,-0.0052999998442828655
2020-12-18T10:00:00Z,-0.0038999998942017555
2020-12-18T11:00:00Z,-0.0038999998942017555
2020-12-18T12:00:00Z,-0.0038999998942017555
2020-12-18T13:00:00Z,0.01269999984651804
2020-12-18T14:00:00Z,0.01269999984651804
2020-12-18T15:00:00Z,0.01269999984651804
2020-12-18T16:00:00Z,0.16669999063014984
2020-12-18T17:00:00Z,0.16669999063014984
2020-12-18T18:00:00Z,0.16669999063014984
2020-12-18T19:00:00Z,0.24549999833106995
2020-12-18T20:00:00Z,0.24549999833106995
2020-12-18T21:00:00Z,0.24549999833106995
2020-12-18T22:00:00Z,0.07400000095367432
2020-12-18T23:00:00Z,0.07400000095367432
2020-12-19T00:00:00Z,0.07400000095367432
2020-12-19T01:00:00Z,0.015699999406933784
2020-12-19T02:00:00Z,0.015699999406933784
2020-12-19T03:00:00Z,0.015699999406933784
2020-12-19T04:00:00Z,-0.004299999680370092
2020-12-19T05:00:00Z,-0.004299999680370092
2020-12-19T06:00:00Z,-0.004299999680370092
2020-12-19T07:00:00Z,-0.010799999348819256
2020-12-19T08:00:00Z,-0.010799999348819256
2020-12-19T09:00:00Z,-0.010799999348819256
2020-12-19T10:00:00Z,-0.008100000210106373
2020-12-19T11:00:00Z,-0.008100000210106373
2020-12-19T12:00:00Z,-0.008100000210106373
2020-12-19T13:00:00Z,0.006799999624490738
2020-12-19T14:00:00Z,0.006799999624490738
2020-12-19T15:00:00Z,0.006799999624490738
2020-12-19T16:00:00Z,0.14299999177455902
2020-12-19T17:00:00Z,0.14299999177455902
2020-12-19T18:00:00Z,0.14299999177455902
2020-12-19T19:00:00Z,0.1784999966621399
2020-12-19T20:00:00Z,0.1784999966621399
2020-12-19T21:00:00Z,0.1784999966621399
2020-12-19T22:00:00Z,0.03099999949336052
2020-12-19T23:00:00Z,0.03099999949336052
2020-12-20T00:00:00Z,0.03099999949336052
2020-12-20T01:00:00Z,-0.0018999999156221747
2020-12-20T02:00:00Z,-0.0018999999156221747
2020-12-20T03:00:00Z,-0.0018999999156221747
2020-12-20T04:00:00Z,-7.999999797903001e-4
2020-12-20T05:00:00Z,-7.999999797903001e-4
2020-12-20T06:00:00Z,-7.999999797903001e-4
2020-12-20T07:00:00Z,-0.0016999999061226845
2020-12-20T08:00:00Z,-0.0016999999061226845
2020-12-20T09:00:00Z,-0.0016999999061226845
2020-12-20T10:00:00Z,-0.0032999999821186066
2020-12-20T11:00:00Z,-0.0032999999821186066
2020-12-20T12:00:00Z,-0.0032999999821186066
2020-12-20T13:00:00Z,0.010499999858438969
2020-12-20T14:00:00Z,0.010499999858438969
2020-12-20T15:00:00Z,0.010499999858438969
2020-12-20T16:00:00Z,0.14059999585151672
2020-12-20T17:00:00Z,0.14059999585151672
2020-12-20T18:00:00Z,0.14059999585151672
2020-12-20T19:00:00Z,0.19119998812675476
2020-12-20T20:00:00Z,0.19119998812675476
2020-12-20T21:00:00Z,0.19119998812675476
2020-12-20T22:00:00Z,0.01119999960064888
2020-12-20T23:00:00Z,0.01119999960064888
2020-12-21T00:00:00Z,0.01119999960064888
2020-12-21T01:00:00Z,-0.008599999360740185
2020-12-21T02:00:00Z,-0.008599999360740185
2020-12-21T03:00:00Z,-0.008599999360740185
2020-12-21T04:00:00Z,-0.003599999938160181
2020-12-21T05:00:00Z,-0.003599999938160181
2020-12-21T06:00:00Z,-0.003599999938160181
2020-12-21T07:00:00Z,9.999999747378752e-5
2020-12-21T08:00:00Z,9.999999747378752e-5
2020-12-21T09:00:00Z,9.999999747378752e-5
2020-12-21T10:00:00Z,-0.007999999448657036
2020-12-21T11:00:00Z,-0.007999999448657036
2020-12-21T12:00:00Z,-0.007999999448657036
2020-12-21T13:00:00Z,0.007799999788403511
2020-12-21T14:00:00Z,0.007799999788403511
2020-12-21T15:00:00Z,0.007799999788403511
2020-12-21T16:00:00Z,0.1736999899148941
2020-12-21T17:00:00Z,0.1736999899148941
2020-12-21T18:00:00Z,0.1736999899148941
2020-12-21T19:00:00Z,0.28619998693466187
2020-12-21T20:00:00Z,0.28619998693466187
2020-12-21T21:00:00Z,0.28619998693466187
2020-12-21T22:00:00Z,0.07989999651908875
2020-12-21T23:00:00Z,0.07989999651908875
2020-12-22T00:00:00Z,0.07989999651908875
2020-12-22T01:00:00Z,0.018699999898672104
2020-12-22T02:00:00Z,0.018699999898672104
2020-12-22T03:00:00Z,0.018699999898672104
2020-12-22T04:00:00Z,-7.999999797903001e-4
2020-12-22T05:00:00Z,-7.999999797903001e-4
2020-12-22T06:00:00Z,-7.999999797903001e-4
2020-12-22T07:00:00Z,-0.001600024406798184
2020-12-22T08:00:00Z,-0.001600024406798184
2020-12-22T09:00:00Z,-0.001600024406798184
2020-12-22T10:00:00Z,-0.0010999999940395355
2020-12-22T11:00:00Z,-0.0010999999940395355
2020-12-22T12:00:00Z,-0.0010999999940395355
2020-12-22T13:00:00Z,0.012999999336898327
2020-12-22T14:00:00Z,0.012999999336898327
2020-12-22T15:00:00Z,0.012999999336898327
2020-12-22T16:00:00Z,0.18629999458789825
2020-12-22T17:00:00Z,0.18629999458789825
2020-12-22T18:00:00Z,0.18629999458789825
2020-12-22T19:00:00Z,0.2920999825000763
2020-12-22T20:00:00Z,0.2920999825000763
2020-12-22T21:00:00Z,0.2920999825000763
2020-12-22T22:00:00Z,0.11719999462366104
2020-12-22T23:00:00Z,0.11719999462366104
2020-12-23T00:00:00Z,0.11719999462366104
2020-12-23T01:00:00Z,0.046799998730421066
2020-12-23T02:00:00Z,0.046799998730421066
2020-12-23T03:00:00Z,0.046799998730421066
2020-12-23T04:00:00Z,0.026399999856948853
2020-12-23T05:00:00Z,0.026399999856948853
2020-12-23T06:00:00Z,0.026399999856948853
2020-12-23T07:00:00Z,0.013100000098347664
2020-12-23T08:00:00Z,0.013100000098347664
2020-12-23T09:00:00Z,0.013100000098347664
2020-12-23T10:00:00Z,0.0050999997183680534
2020-12-23T11:00:00Z,0.0050999997183680534
2020-12-23T12:00:00Z,0.0050999997183680534
2020-12-23T13:00:00Z,0.02239999920129776
2020-12-23T14:00:00Z,0.02239999920129776
2020-12-23T15:00:00Z,0.02239999920129776
2020-12-23T16:00:00Z,0.18709999322891235
2020-12-23T17:00:00Z,0.18709999322891235
2020-12-23T18:00:00Z,0.18709999322891235
2020-12-23T19:00:00Z,0.31129997968673706
2020-12-23T20:00:00Z,0.31129997968673706
2020-12-23T21:00:00Z,0.31129997968673706
2020-12-23T22:00:00Z,0.23319999873638153
2020-12-23T23:00:00Z,0.23319999873638153
2020-12-24T00:00:00Z,0.23319999873638153
2020-12-24T01:00:00Z,0.17809998989105225
2020-12-24T02:00:00Z,0.17809998989105225
2020-12-24T03:00:00Z,0.17809998989105225
2020-12-24T04:00:00Z,0.14649999141693115
2020-12-24T05:00:00Z,0.14649999141693115
2020-12-24T06:00:00Z,0.14649999141693115
2020-12-24T07:00:00Z,0.12289999425411224
2020-12-24T08:00:00Z,0.12289999425411224
2020-12-24T09:00:00Z,0.12289999425411224
2020-12-24T10:00:00Z,0.10189999639987946
2020-12-24T11:00:00Z,0.10189999639987946
2020-12-24T12:00:00Z,0.10189999639987946
2020-12-24T13:00:00Z,0.12170001864433289
2020-12-24T14:00:00Z,0.12170001864433289
2020-12-24T15:00:00Z,0.12170001864433289
2020-12-24T16:00:00Z,0.2013999968767166
2020-12-24T17:00:00Z,0.2013999968767166
2020-12-24T18:00:00Z,0.2013999968767166
2020-12-24T19:00:00Z,0.21650001406669617
2020-12-24T20:00:00Z,0.21650001406669617
2020-12-24T21:00:00Z,0.21650001406669617
2020-12-24T22:00:00Z,0.08810000121593475
2020-12-24T23:00:00Z,0.08810000121593475
2020-12-25T00:00:00Z,0.08810000121593475
2020-12-25T01:00:00Z,0.03720000013709068
2020-12-25T02:00:00Z,0.03720000013709068
2020-12-25T03:00:00Z,0.03720000013709068
2020-12-25T04:00:00Z,0.026999998837709427
2020-12-25T05:00:00Z,0.026999998837709427
2020-12-25T06:00:00Z,0.026999998837709427
2020-12-25T07:00:00Z,0.012999999336898327
2020-12-25T08:00:00Z,0.012999999336898327
2020-12-25T09:00:00Z,0.012999999336898327
2020-12-25T10:00:00Z,0.00989999994635582
2020-12-25T11:00:00Z,0.00989999994635582
2020-12-25T12:00:00Z,0.00989999994635582
2020-12-25T13:00:00Z,0.024399999529123306
2020-12-25T14:00:00Z,0.024399999529123306
2020-12-25T15:00:00Z,0.024399999529123306
2020-12-25T16:00:00Z,0.1453000009059906
2020-12-25T17:00:00Z,0.1453000009059906
2020-12-25T18:00:00Z,0.1453000009059906
2020-12-25T19:00:00Z,0.2076999992132187
2020-12-25T20:00:00Z,0.2076999992132187
2020-12-25T21:00:00Z,0.2076999992132187
2020-12-25T22:00:00Z,0.059699997305870056
2020-12-25T23:00:00Z,0.059699997305870056
2020-12-26T00:00:00Z,0.059699997305870056
2020-12-26T01:00:00Z,0.015799999237060547
2020-12-26T02:00:00Z,0.015799999237060547
2020-12-26T03:00:00Z,0.015799999237060547
2020-12-26T04:00:00Z,0.011699999682605267
2020-12-26T05:00:00Z,0.011699999682605267
2020-12-26T06:00:00Z,0.011699999682605267
2020-12-26T07:00:00Z,0.003100024303421378
2020-12-26T08:00:00Z,0.003100024303421378
2020-12-26T09:00:00Z,0.003100024303421378
2020-12-26T10:00:00Z,-5.999999702908099e-4
2020-12-26T11:00:00Z,-5.999999702908099e-4
2020-12-26T12:00:00Z,-5.999999702908099e-4
2020-12-26T13:00:00Z,0.0038999998942017555
2020-12-26T14:00:00Z,0.0038999998942017555
2020-12-26T15:00:00Z,0.0038999998942017555
2020-12-26T16:00:00Z,0.09589999914169312
2020-12-26T17:00:00Z,0.09589999914169312
2020-12-26T18:00:00Z,0.09589999914169312
2020-12-26T19:00:00Z,0.1662999987602234
2020-12-26T20:00:00Z,0.1662999987602234
2020-12-26T21:00:00Z,0.1662999987602234
2020-12-26T22:00:00Z,0.018400000408291817
2020-12-26T23:00:00Z,0.018400000408291817
2020-12-27T00:00:00Z,0.018400000408291817
2020-12-27T01:00:00Z,-0.007599999662488699
2020-12-27T02:00:00Z,-0.007599999662488699
2020-12-27T03:00:00Z,-0.007599999662488699
2020-12-27T04:00:00Z,-0.0064999996684491634
2020-12-27T05:00:00Z,-0.0064999996684491634
2020-12-27T06:00:00Z,-0.0064999996684491634
2020-12-27T07:00:00Z,-0.0038999998942017555
2020-12-27T08:00:00Z,-0.0038999998942017555
2020-12-27T09:00:00Z,-0.0038999998942017555
2020-12-27T10:00:00Z,-0.0024999999441206455
2020-12-27T11:00:00Z,-0.0024999999441206455
2020-12-27T12:00:00Z,-0.0024999999441206455
2020-12-27T13:00:00Z,0.007999999448657036
2020-12-27T14:00:00Z,0.007999999448657036
2020-12-27T15:00:00Z,0.007999999448657036
2020-12-27T16:00:00Z,0.13910000026226044
2020-12-27T17:00:00Z,0.13910000026226044
2020-12-27T18:00:00Z,0.13910000026226044
2020-12-27T19:00:00Z,0.19529999792575836
2020-12-27T20:00:00Z,0.19529999792575836
2020-12-27T21:00:00Z,0.19529999792575836
2020-12-27T22:00:00Z,0.049799997359514236
2020-12-27T23:00:00Z,0.049799997359514236
2020-12-28T00:00:00Z,0.049799997359514236
2020-12-28T01:00:00Z,-0.008299999870359898
2020-12-28T02:00:00Z,-0.008299999870359898
2020-12-28T03:00:00Z,-0.008299999870359898
2020-12-28T04:00:00Z,-0.010799999348819256
2020-12-28T05:00:00Z,-0.010799999348819256
2020-12-28T06:00:00Z,-0.010799999348819256
2020-12-28T07:00:00Z,-0.0072999997064471245
2020-12-28T08:00:00Z,-0.0072999997064471245
2020-12-28T09:00:00Z,-0.0072999997064471245
2020-12-28T10:00:00Z,-0.003399999812245369
2020-12-28T11:00:00Z,-0.003399999812245369
2020-12-28T12:00:00Z,-0.003399999812245369
2020-12-28T13:00:00Z,0.010999999940395355
2020-12-28T14:00:00Z,0.010999999940395355
2020-12-28T15:00:00Z,0.010999999940395355
2020-12-28T16:00:00Z,0.12849999964237213
2020-12-28T17:00:00Z,0.12849999964237213
2020-12-28T18:00:00Z,0.12849999964237213
2020-12-28T19:00:00Z,0.17299999296665192
2020-12-28T20:00:00Z,0.17299999296665192
2020-12-28T21:00:00Z,0.17299999296665192
2020-12-28T22:00:00Z,0.03009999915957451
2020-12-28T23:00:00Z,0.03009999915957451
2020-12-29T00:00:00Z,0.03009999915957451
2020-12-29T01:00:00Z,5.999999702908099e-4
2020-12-29T02:00:00Z,5.999999702908099e-4
2020-12-29T03:00:00Z,5.999999702908099e-4
2020-12-29T04:00:00Z,0.004100000020116568
2020-12-29T05:00:00Z,0.004100000020116568
2020-12-29T06:00:00Z,0.004100000020116568
2020-12-29T07:00:00Z,0.012399999424815178
2020-12-29T08:00:00Z,0.012399999424815178
2020-12-29T09:00:00Z,0.012399999424815178
2020-12-29T10:00:00Z,0.03949999809265137
2020-12-29T11:00:00Z,0.03949999809265137
2020-12-29T12:00:00Z,0.03949999809265137
2020-12-29T13:00:00Z,0.05829999968409538
2020-12-29T14:00:00Z,0.05829999968409538
2020-12-29T15:00:00Z,0.05829999968409538
2020-12-29T16:00:00Z,0.10080000013113022
2020-12-29T17:00:00Z,0.10080000013113022
2020-12-29T18:00:00Z,0.10080000013113022
2020-12-29T19:00:00Z,0.08079999685287476
2020-12-29T20:00:00Z,0.08079999685287476
2020-12-29T21:00:00Z,0.08079999685287476
2020-12-29T22:00:00Z,0.06689999997615814
2020-12-29T23:00:00Z,0.06689999997615814
2020-12-30T00:00:00Z,0.06689999997615814
2020-12-30T01:00:00Z,0.02879999950528145
2020-12-30T02:00:00Z,0.02879999950528145
2020-12-30T03:00:00Z,0.02879999950528145
2020-12-30T04:00:00Z,-0.003700000001117587
2020-12-30T05:00:00Z,-0.003700000001117587
2020-12-30T06:00:00Z,-0.003700000001117587
2020-12-30T07:00:00Z,-0.010400000028312206
2020-12-30T08:00:00Z,-0.010400000028312206
2020-12-30T09:00:00Z,-0.010400000028312206
2020-12-30T10:00:00Z,-0.011099999770522118
2020-12-30T11:00:00Z,-0.011099999770522118
2020-12-30T12:00:00Z,-0.011099999770522118
2020-12-30T13:00:00Z,0.009399999864399433
2020-12-30T14:00:00Z,0.009399999864399433
2020-12-30T15:00:00Z,0.009399999864399433
2020-12-30T16:00:00Z,0.06449999660253525
2020-12-30T17:00:00Z,0.06449999660253525
2020-12-30T18:00:00Z,0.06449999660253525
2020-12-30T19:00:00Z,0.1281999945640564
2020-12-30T20:00:00Z,0.1281999945640564
2020-12-30T21:00:00Z,0.1281999945640564
2020-12-30T22:00:00Z,0.04449997469782829
2020-12-30T23:00:00Z,0.04449997469782829
2020-12-31T00:00:00Z,0.04449997469782829
2020-12-31T01:00:00Z,0.0072999997064471245
2020-12-31T02:00:00Z,0.0072999997064471245
2020-12-31T03:00:00Z,0.0072999997064471245
2020-12-31T04:00:00Z,0.0058999997563660145
2020-12-31T05:00:00Z,0.0058999997563660145
2020-12-31T06:00:00Z,0.0058999997563660145
2020-12-31T07:00:00Z,0.003799975384026766
2020-12-31T08:00:00Z,0.003799975384026766
2020-12-31T09:00:00Z,0.003799975384026766
2020-12-31T10:00:00Z,0.005200000014156103
2020-12-31T11:00:00Z,0.005200000014156103
2020-12-31T12:00:00Z,0.005200000014156103
2020-12-31T13:00:00Z,0.01889999955892563
2020-12-31T14:00:00Z,0.01889999955892563
2020-12-31T15:00:00Z,0.01889999955892563
2020-12-31T16:00:00Z,0.13580000400543213
2020-12-31T17:00:00Z,0.13580000400543213
2020-12-31T18:00:00Z,0.13580000400543213
2020-12-31T19:00:00Z,0.17549999058246613
2020-12-31T20:00:00Z,0.17549999058246613
2020-12-31T21:00:00Z,0.17549999058246613
2020-12-31T22:00:00Z,0.035599999129772186
2020-12-31T23:00:00Z,0.035599999129772186
