dateTime,SWdown
2017-01-01,0
2017-01-01 01:00:00,0
2017-01-01 02:00:00,0
2017-01-01 03:00:00,0
2017-01-01 04:00:00,0
2017-01-01 05:00:00,0
2017-01-01 06:00:00,0
2017-01-01 07:00:00,0
2017-01-01 08:00:00,0
2017-01-01 09:00:00,0
2017-01-01 10:00:00,0
2017-01-01 11:00:00,0
2017-01-01 12:00:00,0
2017-01-01 13:00:00,0
2017-01-01 14:00:00,0
2017-01-01 15:00:00,66.44800567626953
2017-01-01 16:00:00,185.95201110839844
2017-01-01 17:00:00,278.83001708984375
2017-01-01 18:00:00,356.2640075683594
2017-01-01 19:00:00,386.02001953125
2017-01-01 20:00:00,372.2090148925781
2017-01-01 21:00:00,310.5920104980469
2017-01-01 22:00:00,218.20001220703125
2017-01-01 23:00:00,96.160003662109375
2017-01-02,0
2017-01-02 01:00:00,0
2017-01-02 02:00:00,0
2017-01-02 03:00:00,0
2017-01-02 04:00:00,0
2017-01-02 05:00:00,0
2017-01-02 06:00:00,0
2017-01-02 07:00:00,0
2017-01-02 08:00:00,0
2017-01-02 09:00:00,0
2017-01-02 10:00:00,0
2017-01-02 11:00:00,0
2017-01-02 12:00:00,0
2017-01-02 13:00:00,0
2017-01-02 14:00:00,0
2017-01-02 15:00:00,64.7040023803711
2017-01-02 16:00:00,181.552001953125
2017-01-02 17:00:00,272.4540100097656
2017-01-02 18:00:00,350.7480163574219
2017-01-02 19:00:00,380.3070068359375
2017-01-02 20:00:00,367.041015625
2017-01-02 21:00:00,306.1920166015625
2017-01-02 22:00:00,215.77601623535156
2017-01-02 23:00:00,96.1760025024414
2017-01-03,0
2017-01-03 01:00:00,0
2017-01-03 02:00:00,0
2017-01-03 03:00:00,0
2017-01-03 04:00:00,0
2017-01-03 05:00:00,0
2017-01-03 06:00:00,0
2017-01-03 07:00:00,0
2017-01-03 08:00:00,0
2017-01-03 09:00:00,0
2017-01-03 10:00:00,0
2017-01-03 11:00:00,0
2017-01-03 12:00:00,0
2017-01-03 13:00:00,0
2017-01-03 14:00:00,0
2017-01-03 15:00:00,53.60000228881836
2017-01-03 16:00:00,150.68800354003906
2017-01-03 17:00:00,226.29800415039065
2017-01-03 18:00:00,318.3050231933594
2017-01-03 19:00:00,345.35601806640625
2017-01-03 20:00:00,333.6130065917969
2017-01-03 21:00:00,287.072021484375
2017-01-03 22:00:00,202.91200256347656
2017-01-03 23:00:00,91.488006591796875
2017-01-04,0
2017-01-04 01:00:00,0
2017-01-04 02:00:00,0
2017-01-04 03:00:00,0
2017-01-04 04:00:00,0
2017-01-04 05:00:00,0
2017-01-04 06:00:00,0
2017-01-04 07:00:00,0
2017-01-04 08:00:00,0
2017-01-04 09:00:00,0
2017-01-04 10:00:00,0
2017-01-04 11:00:00,0
2017-01-04 12:00:00,0
2017-01-04 13:00:00,0
2017-01-04 14:00:00,0
2017-01-04 15:00:00,56.928001403808594
2017-01-04 16:00:00,160.2080078125
2017-01-04 17:00:00,240.7130126953125
2017-01-04 18:00:00,302.1180114746094
2017-01-04 19:00:00,328.00701904296875
2017-01-04 20:00:00,317.1520080566406
2017-01-04 21:00:00,278.4960021972656
2017-01-04 22:00:00,197.4560089111328
2017-01-04 23:00:00,90.06400299072266
2017-01-05,0
2017-01-05 01:00:00,0
2017-01-05 02:00:00,0
2017-01-05 03:00:00,0
2017-01-05 04:00:00,0
2017-01-05 05:00:00,0
2017-01-05 06:00:00,0
2017-01-05 07:00:00,0
2017-01-05 08:00:00,0
2017-01-05 09:00:00,0
2017-01-05 10:00:00,0
2017-01-05 11:00:00,0
2017-01-05 12:00:00,0
2017-01-05 13:00:00,0
2017-01-05 14:00:00,0
2017-01-05 15:00:00,58.83200454711914
2017-01-05 16:00:00,165.6160125732422
2017-01-05 17:00:00,248.9400177001953
2017-01-05 18:00:00,327.3900146484375
2017-01-05 19:00:00,355.6590270996094
2017-01-05 20:00:00,344.19403076171875
2017-01-05 21:00:00,308.06402587890625
2017-01-05 22:00:00,219.12001037597656
2017-01-05 23:00:00,101.10400390625
2017-01-06,0
2017-01-06 01:00:00,0
2017-01-06 02:00:00,0
2017-01-06 03:00:00,0
2017-01-06 04:00:00,0
2017-01-06 05:00:00,0
2017-01-06 06:00:00,0
2017-01-06 07:00:00,0
2017-01-06 08:00:00,0
2017-01-06 09:00:00,0
2017-01-06 10:00:00,0
2017-01-06 11:00:00,0
2017-01-06 12:00:00,0
2017-01-06 13:00:00,0
2017-01-06 14:00:00,0
2017-01-06 15:00:00,70.7040023803711
2017-01-06 16:00:00,198.92800903320312
2017-01-06 17:00:00,299.0780029296875
2017-01-06 18:00:00,394.5390319824219
2017-01-06 19:00:00,428.8730163574219
2017-01-06 20:00:00,415.4090270996094
2017-01-06 21:00:00,331.3440246582031
2017-01-06 22:00:00,236.416015625
2017-01-06 23:00:00,110.34400177001952
2017-01-07,0
2017-01-07 01:00:00,0
2017-01-07 02:00:00,0
2017-01-07 03:00:00,0
2017-01-07 04:00:00,0
2017-01-07 05:00:00,0
2017-01-07 06:00:00,0
2017-01-07 07:00:00,0
2017-01-07 08:00:00,0
2017-01-07 09:00:00,0
2017-01-07 10:00:00,0
2017-01-07 11:00:00,0
2017-01-07 12:00:00,0
2017-01-07 13:00:00,0
2017-01-07 14:00:00,0
2017-01-07 15:00:00,65.936004638671875
2017-01-07 16:00:00,185.24801635742188
2017-01-07 17:00:00,278.52001953125
2017-01-07 18:00:00,350.83203125
2017-01-07 19:00:00,381.5750122070313
2017-01-07 20:00:00,369.9330139160156
2017-01-07 21:00:00,315.20001220703125
2017-01-07 22:00:00,225.6320037841797
2017-01-07 23:00:00,106.52800750732422
2017-01-08,0
2017-01-08 01:00:00,0
2017-01-08 02:00:00,0
2017-01-08 03:00:00,0
2017-01-08 04:00:00,0
2017-01-08 05:00:00,0
2017-01-08 06:00:00,0
2017-01-08 07:00:00,0
2017-01-08 08:00:00,0
2017-01-08 09:00:00,0
2017-01-08 10:00:00,0
2017-01-08 11:00:00,0
2017-01-08 12:00:00,0
2017-01-08 13:00:00,0
2017-01-08 14:00:00,0
2017-01-08 15:00:00,61.7920036315918
2017-01-08 16:00:00,173.21600341796875
2017-01-08 17:00:00,260.3900146484375
2017-01-08 18:00:00,311.3370056152344
2017-01-08 19:00:00,338.81500244140625
2017-01-08 20:00:00,328.76702880859375
2017-01-08 21:00:00,302.32000732421875
2017-01-08 22:00:00,217.10400390625
2017-01-08 23:00:00,103.68000793457033
2017-01-09,0
2017-01-09 01:00:00,0
2017-01-09 02:00:00,0
2017-01-09 03:00:00,0
2017-01-09 04:00:00,0
2017-01-09 05:00:00,0
2017-01-09 06:00:00,0
2017-01-09 07:00:00,0
2017-01-09 08:00:00,0
2017-01-09 09:00:00,0
2017-01-09 10:00:00,0
2017-01-09 11:00:00,0
2017-01-09 12:00:00,0
2017-01-09 13:00:00,0
2017-01-09 14:00:00,0
2017-01-09 15:00:00,45.93600082397461
2017-01-09 16:00:00,128.40000915527344
2017-01-09 17:00:00,192.97801208496097
2017-01-09 18:00:00,295.5260009765625
2017-01-09 19:00:00,321.77001953125
2017-01-09 20:00:00,312.50201416015625
2017-01-09 21:00:00,277.6960144042969
2017-01-09 22:00:00,200.0640106201172
2017-01-09 23:00:00,96.64000701904295
2017-01-10,0
2017-01-10 01:00:00,0
2017-01-10 02:00:00,0
2017-01-10 03:00:00,0
2017-01-10 04:00:00,0
2017-01-10 05:00:00,0
2017-01-10 06:00:00,0
2017-01-10 07:00:00,0
2017-01-10 08:00:00,0
2017-01-10 09:00:00,0
2017-01-10 10:00:00,0
2017-01-10 11:00:00,0
2017-01-10 12:00:00,0
2017-01-10 13:00:00,0
2017-01-10 14:00:00,0
2017-01-10 15:00:00,53.87200164794922
2017-01-10 16:00:00,150
2017-01-10 17:00:00,225.35601806640625
2017-01-10 18:00:00,290.1470031738281
2017-01-10 19:00:00,316.052001953125
2017-01-10 20:00:00,307.2140197753906
2017-01-10 21:00:00,255.56800842285156
2017-01-10 22:00:00,184.72000122070312
2017-01-10 23:00:00,90.24000549316406
2017-01-11,0
2017-01-11 01:00:00,0
2017-01-11 02:00:00,0
2017-01-11 03:00:00,0
2017-01-11 04:00:00,0
2017-01-11 05:00:00,0
2017-01-11 06:00:00,0
2017-01-11 07:00:00,0
2017-01-11 08:00:00,0
2017-01-11 09:00:00,0
2017-01-11 10:00:00,0
2017-01-11 11:00:00,0
2017-01-11 12:00:00,0
2017-01-11 13:00:00,0
2017-01-11 14:00:00,0
2017-01-11 15:00:00,61.63200378417969
2017-01-11 16:00:00,170.83200073242188
2017-01-11 17:00:00,256.49700927734375
2017-01-11 18:00:00,307.90301513671875
2017-01-11 19:00:00,335.5500183105469
2017-01-11 20:00:00,326.4380187988281
2017-01-11 21:00:00,324.28802490234375
2017-01-11 22:00:00,235.1680145263672
2017-01-11 23:00:00,116.1760025024414
2017-01-12,0
2017-01-12 01:00:00,0
2017-01-12 02:00:00,0
2017-01-12 03:00:00,0
2017-01-12 04:00:00,0
2017-01-12 05:00:00,0
2017-01-12 06:00:00,0
2017-01-12 07:00:00,0
2017-01-12 08:00:00,0
2017-01-12 09:00:00,0
2017-01-12 10:00:00,0
2017-01-12 11:00:00,0
2017-01-12 12:00:00,0
2017-01-12 13:00:00,0
2017-01-12 14:00:00,0
2017-01-12 15:00:00,68.96000671386719
2017-01-12 16:00:00,190.1280059814453
2017-01-12 17:00:00,285.2799987792969
2017-01-12 18:00:00,323.322021484375
2017-01-12 19:00:00,352.5060119628906
2017-01-12 20:00:00,343.2060241699219
2017-01-12 21:00:00,298.6720275878906
2017-01-12 22:00:00,217.29600524902344
2017-01-12 23:00:00,108.54400634765624
2017-01-13,0
2017-01-13 01:00:00,0
2017-01-13 02:00:00,0
2017-01-13 03:00:00,0
2017-01-13 04:00:00,0
2017-01-13 05:00:00,0
2017-01-13 06:00:00,0
2017-01-13 07:00:00,0
2017-01-13 08:00:00,0
2017-01-13 09:00:00,0
2017-01-13 10:00:00,0
2017-01-13 11:00:00,0
2017-01-13 12:00:00,0
2017-01-13 13:00:00,0
2017-01-13 14:00:00,0
2017-01-13 15:00:00,61.58400344848633
2017-01-13 16:00:00,168.83200073242188
2017-01-13 17:00:00,253.0860137939453
2017-01-13 18:00:00,309.49200439453125
2017-01-13 19:00:00,337.5670166015625
2017-01-13 20:00:00,328.94000244140625
2017-01-13 21:00:00,283.5040283203125
2017-01-13 22:00:00,206.92800903320312
2017-01-13 23:00:00,104.5040054321289
2017-01-14,0
2017-01-14 01:00:00,0
2017-01-14 02:00:00,0
2017-01-14 03:00:00,0
2017-01-14 04:00:00,0
2017-01-14 05:00:00,0
2017-01-14 06:00:00,0
2017-01-14 07:00:00,0
2017-01-14 08:00:00,0
2017-01-14 09:00:00,0
2017-01-14 10:00:00,0
2017-01-14 11:00:00,0
2017-01-14 12:00:00,0
2017-01-14 13:00:00,0
2017-01-14 14:00:00,0
2017-01-14 15:00:00,64.7280044555664
2017-01-14 16:00:00,176.27200317382812
2017-01-14 17:00:00,263.9840087890625
2017-01-14 18:00:00,323.5500183105469
2017-01-14 19:00:00,353.0220031738281
2017-01-14 20:00:00,344.2750244140625
2017-01-14 21:00:00,289.84002685546875
2017-01-14 22:00:00,212.25601196289065
2017-01-14 23:00:00,108.3520050048828
2017-01-15,0
2017-01-15 01:00:00,0
2017-01-15 02:00:00,0
2017-01-15 03:00:00,0
2017-01-15 04:00:00,0
2017-01-15 05:00:00,0
2017-01-15 06:00:00,0
2017-01-15 07:00:00,0
2017-01-15 08:00:00,0
2017-01-15 09:00:00,0
2017-01-15 10:00:00,0
2017-01-15 11:00:00,0
2017-01-15 12:00:00,0
2017-01-15 13:00:00,0
2017-01-15 14:00:00,0
2017-01-15 15:00:00,70.09600067138672
2017-01-15 16:00:00,189.48800659179688
2017-01-15 17:00:00,283.4590148925781
2017-01-15 18:00:00,370.4880065917969
2017-01-15 19:00:00,404.35302734375
2017-01-15 20:00:00,394.6400146484375
2017-01-15 21:00:00,336.6880187988281
2017-01-15 22:00:00,247.3440093994141
2017-01-15 23:00:00,127.61600494384766
2017-01-16,0
2017-01-16 01:00:00,0
2017-01-16 02:00:00,0
2017-01-16 03:00:00,0
2017-01-16 04:00:00,0
2017-01-16 05:00:00,0
2017-01-16 06:00:00,0
2017-01-16 07:00:00,0
2017-01-16 08:00:00,0
2017-01-16 09:00:00,0
2017-01-16 10:00:00,0
2017-01-16 11:00:00,0
2017-01-16 12:00:00,0
2017-01-16 13:00:00,0
2017-01-16 14:00:00,0
2017-01-16 15:00:00,65.23200225830078
2017-01-16 16:00:00,174.9600067138672
2017-01-16 17:00:00,261.3840026855469
2017-01-16 18:00:00,340.166015625
2017-01-16 19:00:00,371.3750305175781
2017-01-16 20:00:00,362.7420043945313
2017-01-16 21:00:00,325.0080261230469
2017-01-16 22:00:00,239.5360107421875
2017-01-16 23:00:00,124.88800811767578
2017-01-17,0
2017-01-17 01:00:00,0
2017-01-17 02:00:00,0
2017-01-17 03:00:00,0
2017-01-17 04:00:00,0
2017-01-17 05:00:00,0
2017-01-17 06:00:00,0
2017-01-17 07:00:00,0
2017-01-17 08:00:00,0
2017-01-17 09:00:00,0
2017-01-17 10:00:00,0
2017-01-17 11:00:00,0
2017-01-17 12:00:00,0
2017-01-17 13:00:00,0
2017-01-17 14:00:00,0
2017-01-17 15:00:00,78.64000701904297
2017-01-17 16:00:00,209.1840057373047
2017-01-17 17:00:00,312.0820007324219
2017-01-17 18:00:00,407.5740051269531
2017-01-17 19:00:00,445.0840148925781
2017-01-17 20:00:00,435.0450134277344
2017-01-17 21:00:00,366.9920043945313
2017-01-17 22:00:00,271.3600158691406
2017-01-17 23:00:00,142.93600463867188
2017-01-18,0
2017-01-18 01:00:00,0
2017-01-18 02:00:00,0
2017-01-18 03:00:00,0
2017-01-18 04:00:00,0
2017-01-18 05:00:00,0
2017-01-18 06:00:00,0
2017-01-18 07:00:00,0
2017-01-18 08:00:00,0
2017-01-18 09:00:00,0
2017-01-18 10:00:00,0
2017-01-18 11:00:00,0
2017-01-18 12:00:00,0
2017-01-18 13:00:00,0
2017-01-18 14:00:00,0
2017-01-18 15:00:00,78.944000244140625
2017-01-18 16:00:00,208.1120147705078
2017-01-18 17:00:00,310.0060119628906
2017-01-18 18:00:00,411.6780090332031
2017-01-18 19:00:00,449.6600341796875
2017-01-18 20:00:00,439.8310241699219
2017-01-18 21:00:00,369.4880065917969
2017-01-18 22:00:00,274.06402587890625
2017-01-18 23:00:00,145.83200073242188
2017-01-19,0
2017-01-19 01:00:00,0
2017-01-19 02:00:00,0
2017-01-19 03:00:00,0
2017-01-19 04:00:00,0
2017-01-19 05:00:00,0
2017-01-19 06:00:00,0
2017-01-19 07:00:00,0
2017-01-19 08:00:00,0
2017-01-19 09:00:00,0
2017-01-19 10:00:00,0
2017-01-19 11:00:00,0
2017-01-19 12:00:00,0
2017-01-19 13:00:00,0
2017-01-19 14:00:00,0
2017-01-19 15:00:00,78.54400634765625
2017-01-19 16:00:00,205.12001037597656
2017-01-19 17:00:00,305.0210266113281
2017-01-19 18:00:00,403.8270263671875
2017-01-19 19:00:00,441.1920166015625
2017-01-19 20:00:00,431.8480224609375
2017-01-19 21:00:00,351.9840087890625
2017-01-19 22:00:00,261.9200134277344
2017-01-19 23:00:00,140.760009765625
2017-01-20,0
2017-01-20 01:00:00,0
2017-01-20 02:00:00,0
2017-01-20 03:00:00,0
2017-01-20 04:00:00,0
2017-01-20 05:00:00,0
2017-01-20 06:00:00,0
2017-01-20 07:00:00,0
2017-01-20 08:00:00,0
2017-01-20 09:00:00,0
2017-01-20 10:00:00,0
2017-01-20 11:00:00,0
2017-01-20 12:00:00,0
2017-01-20 13:00:00,0
2017-01-20 14:00:00,0
2017-01-20 15:00:00,68.31999969482422
2017-01-20 16:00:00,176.68800354003906
2017-01-20 17:00:00,262.27001953125
2017-01-20 18:00:00,340.9880065917969
2017-01-20 19:00:00,372.5980224609375
2017-01-20 20:00:00,364.96002197265625
2017-01-20 21:00:00,337.87200927734375
2017-01-20 22:00:00,252.2080078125
2017-01-20 23:00:00,136.864013671875
2017-01-21,0
2017-01-21 01:00:00,0
2017-01-21 02:00:00,0
2017-01-21 03:00:00,0
2017-01-21 04:00:00,0
2017-01-21 05:00:00,0
2017-01-21 06:00:00,0
2017-01-21 07:00:00,0
2017-01-21 08:00:00,0
2017-01-21 09:00:00,0
2017-01-21 10:00:00,0
2017-01-21 11:00:00,0
2017-01-21 12:00:00,0
2017-01-21 13:00:00,0
2017-01-21 14:00:00,0
2017-01-21 15:00:00,80.41600036621094
2017-01-21 16:00:00,205.8400115966797
2017-01-21 17:00:00,304.96502685546875
2017-01-21 18:00:00,374.9590148925781
2017-01-21 19:00:00,409.77001953125
2017-01-21 20:00:00,401.6460266113281
2017-01-21 21:00:00,336.5600280761719
2017-01-21 22:00:00,251.9840087890625
2017-01-21 23:00:00,138.0640106201172
2017-01-22,2.7160000801086426
2017-01-22 01:00:00,0
2017-01-22 02:00:00,0
2017-01-22 03:00:00,0
2017-01-22 04:00:00,0
2017-01-22 05:00:00,0
2017-01-22 06:00:00,0
2017-01-22 07:00:00,0
2017-01-22 08:00:00,0
2017-01-22 09:00:00,0
2017-01-22 10:00:00,0
2017-01-22 11:00:00,0
2017-01-22 12:00:00,0
2017-01-22 13:00:00,0
2017-01-22 14:00:00,0
2017-01-22 15:00:00,83.88800048828125
2017-01-22 16:00:00,212.4960174560547
2017-01-22 17:00:00,314.1850280761719
2017-01-22 18:00:00,412.12701416015625
2017-01-22 19:00:00,450.43402099609375
2017-01-22 20:00:00,441.780029296875
2017-01-22 21:00:00,375.85601806640625
2017-01-22 22:00:00,282.28802490234375
2017-01-22 23:00:00,156.1120147705078
2017-01-23,4.528000354766846
2017-01-23 01:00:00,0
2017-01-23 02:00:00,0
2017-01-23 03:00:00,0
2017-01-23 04:00:00,0
2017-01-23 05:00:00,0
2017-01-23 06:00:00,0
2017-01-23 07:00:00,0
2017-01-23 08:00:00,0
2017-01-23 09:00:00,0
2017-01-23 10:00:00,0
2017-01-23 11:00:00,0
2017-01-23 12:00:00,0
2017-01-23 13:00:00,0
2017-01-23 14:00:00,0
2017-01-23 15:00:00,65.552001953125
2017-01-23 16:00:00,164.22401428222656
2017-01-23 17:00:00,242.30601501464844
2017-01-23 18:00:00,364.8740234375
2017-01-23 19:00:00,398.8100280761719
2017-01-23 20:00:00,391.39801025390625
2017-01-23 21:00:00,324.08001708984375
2017-01-23 22:00:00,244.1280059814453
2017-01-23 23:00:00,136.2480010986328
2017-01-24,8.22800064086914
2017-01-24 01:00:00,0
2017-01-24 02:00:00,0
2017-01-24 03:00:00,0
2017-01-24 04:00:00,0
2017-01-24 05:00:00,0
2017-01-24 06:00:00,0
2017-01-24 07:00:00,0
2017-01-24 08:00:00,0
2017-01-24 09:00:00,0
2017-01-24 10:00:00,0
2017-01-24 11:00:00,0
2017-01-24 12:00:00,0
2017-01-24 13:00:00,0
2017-01-24 14:00:00,0
2017-01-24 15:00:00,79.2800064086914
2017-01-24 16:00:00,196.4320068359375
2017-01-24 17:00:00,289.1860046386719
2017-01-24 18:00:00,309.6510009765625
2017-01-24 19:00:00,338.47601318359375
2017-01-24 20:00:00,332.3700256347656
2017-01-24 21:00:00,211.3280029296875
2017-01-24 22:00:00,159.6800079345703
2017-01-24 23:00:00,89.92000579833984
2017-01-25,7.0960001945495605
2017-01-25 01:00:00,0
2017-01-25 02:00:00,0
2017-01-25 03:00:00,0
2017-01-25 04:00:00,0
2017-01-25 05:00:00,0
2017-01-25 06:00:00,0
2017-01-25 07:00:00,0
2017-01-25 08:00:00,0
2017-01-25 09:00:00,0
2017-01-25 10:00:00,0
2017-01-25 11:00:00,0
2017-01-25 12:00:00,0
2017-01-25 13:00:00,0
2017-01-25 14:00:00,0
2017-01-25 15:00:00,78.54400634765625
2017-01-25 16:00:00,192.38400268554688
2017-01-25 17:00:00,282.5610046386719
2017-01-25 18:00:00,392.4930114746094
2017-01-25 19:00:00,429.0330200195313
2017-01-25 20:00:00,421.551025390625
2017-01-25 21:00:00,373.2160034179687
2017-01-25 22:00:00,282.8160095214844
2017-01-25 23:00:00,160.66400146484375
2017-01-26,9.444000244140623
2017-01-26 01:00:00,0
2017-01-26 02:00:00,0
2017-01-26 03:00:00,0
2017-01-26 04:00:00,0
2017-01-26 05:00:00,0
2017-01-26 06:00:00,0
2017-01-26 07:00:00,0
2017-01-26 08:00:00,0
2017-01-26 09:00:00,0
2017-01-26 10:00:00,0
2017-01-26 11:00:00,0
2017-01-26 12:00:00,0
2017-01-26 13:00:00,0
2017-01-26 14:00:00,0
2017-01-26 15:00:00,92.9280014038086
2017-01-26 16:00:00,224.99200439453125
2017-01-26 17:00:00,329.63800048828125
2017-01-26 18:00:00,405.2170104980469
2017-01-26 19:00:00,442.9490356445313
2017-01-26 20:00:00,435.45501708984375
2017-01-26 21:00:00,302.8960266113281
2017-01-26 22:00:00,230.1920166015625
2017-01-26 23:00:00,131.88800048828125
2017-01-27,10.640000343322754
2017-01-27 01:00:00,0
2017-01-27 02:00:00,0
2017-01-27 03:00:00,0
2017-01-27 04:00:00,0
2017-01-27 05:00:00,0
2017-01-27 06:00:00,0
2017-01-27 07:00:00,0
2017-01-27 08:00:00,0
2017-01-27 09:00:00,0
2017-01-27 10:00:00,0
2017-01-27 11:00:00,0
2017-01-27 12:00:00,0
2017-01-27 13:00:00,0
2017-01-27 14:00:00,0
2017-01-27 15:00:00,94.22400665283205
2017-01-27 16:00:00,225.4400177001953
2017-01-27 17:00:00,329.4820251464844
2017-01-27 18:00:00,433.72601318359375
2017-01-27 19:00:00,474.0730285644531
2017-01-27 20:00:00,466.3160095214844
2017-01-27 21:00:00,400.9440307617187
2017-01-27 22:00:00,305.5840148925781
2017-01-27 23:00:00,176.552001953125
2017-01-28,12.26400089263916
2017-01-28 01:00:00,0
2017-01-28 02:00:00,0
2017-01-28 03:00:00,0
2017-01-28 04:00:00,0
2017-01-28 05:00:00,0
2017-01-28 06:00:00,0
2017-01-28 07:00:00,0
2017-01-28 08:00:00,0
2017-01-28 09:00:00,0
2017-01-28 10:00:00,0
2017-01-28 11:00:00,0
2017-01-28 12:00:00,0
2017-01-28 13:00:00,0
2017-01-28 14:00:00,0
2017-01-28 15:00:00,89.7760009765625
2017-01-28 16:00:00,212.27200317382812
2017-01-28 17:00:00,309.41900634765625
2017-01-28 18:00:00,360.9360046386719
2017-01-28 19:00:00,394.4930114746094
2017-01-28 20:00:00,388.2130126953125
2017-01-28 21:00:00,354.6400146484375
2017-01-28 22:00:00,271.0400085449219
2017-01-28 23:00:00,157.88800048828125
2017-01-29,12.896000862121582
2017-01-29 01:00:00,0
2017-01-29 02:00:00,0
2017-01-29 03:00:00,0
2017-01-29 04:00:00,0
2017-01-29 05:00:00,0
2017-01-29 06:00:00,0
2017-01-29 07:00:00,0
2017-01-29 08:00:00,0
2017-01-29 09:00:00,0
2017-01-29 10:00:00,0
2017-01-29 11:00:00,0
2017-01-29 12:00:00,0
2017-01-29 13:00:00,0
2017-01-29 14:00:00,0
2017-01-29 15:00:00,96.94400787353516
2017-01-29 16:00:00,226.46400451660156
2017-01-29 17:00:00,329.2430114746094
2017-01-29 18:00:00,425.5050354003906
2017-01-29 19:00:00,465.0010070800781
2017-01-29 20:00:00,457.8450317382813
2017-01-29 21:00:00,393.6160278320313
2017-01-29 22:00:00,301.6800231933594
2017-01-29 23:00:00,177.12001037597656
2017-01-30,14.656001091003418
2017-01-30 01:00:00,0
2017-01-30 02:00:00,0
2017-01-30 03:00:00,0
2017-01-30 04:00:00,0
2017-01-30 05:00:00,0
2017-01-30 06:00:00,0
2017-01-30 07:00:00,0
2017-01-30 08:00:00,0
2017-01-30 09:00:00,0
2017-01-30 10:00:00,0
2017-01-30 11:00:00,0
2017-01-30 12:00:00,0
2017-01-30 13:00:00,0
2017-01-30 14:00:00,0
2017-01-30 15:00:00,99.376007080078125
2017-01-30 16:00:00,229.3440093994141
2017-01-30 17:00:00,332.5320129394531
2017-01-30 18:00:00,417.5270080566406
2017-01-30 19:00:00,456.2340087890625
2017-01-30 20:00:00,449.41900634765625
2017-01-30 21:00:00,387.2000122070313
2017-01-30 22:00:00,297.5680236816406
2017-01-30 23:00:00,176.07200622558594
2017-01-31,15.712000846862791
2017-01-31 01:00:00,0
2017-01-31 02:00:00,0
2017-01-31 03:00:00,0
2017-01-31 04:00:00,0
2017-01-31 05:00:00,0
2017-01-31 06:00:00,0
2017-01-31 07:00:00,0
2017-01-31 08:00:00,0
2017-01-31 09:00:00,0
2017-01-31 10:00:00,0
2017-01-31 11:00:00,0
2017-01-31 12:00:00,0
2017-01-31 13:00:00,0
2017-01-31 14:00:00,0
2017-01-31 15:00:00,102.89600372314452
2017-01-31 16:00:00,234.59201049804688
2017-01-31 17:00:00,339.1850280761719
2017-01-31 18:00:00,437.8780212402344
2017-01-31 19:00:00,478.4070129394531
2017-01-31 20:00:00,471.4540100097656
2017-01-31 21:00:00,412.5120239257813
2017-01-31 22:00:00,317.85601806640625
2017-01-31 23:00:00,189.50401306152344
2017-02-01,17.84000015258789
2017-02-01 01:00:00,0
2017-02-01 02:00:00,0
2017-02-01 03:00:00,0
2017-02-01 04:00:00,0
2017-02-01 05:00:00,0
2017-02-01 06:00:00,0
2017-02-01 07:00:00,0
2017-02-01 08:00:00,0
2017-02-01 09:00:00,0
2017-02-01 10:00:00,0
2017-02-01 11:00:00,0
2017-02-01 12:00:00,0
2017-02-01 13:00:00,0
2017-02-01 14:00:00,0
2017-02-01 15:00:00,105.63200378417967
2017-02-01 16:00:00,237.8880157470703
2017-02-01 17:00:00,357.6210021972656
2017-02-01 18:00:00,470.7840270996094
2017-02-01 19:00:00,513.01702880859375
2017-02-01 20:00:00,490.4060363769531
2017-02-01 21:00:00,423.0120239257813
2017-02-01 22:00:00,325.2480163574219
2017-02-01 23:00:00,195.3440093994141
2017-02-02,21.16800117492676
2017-02-02 01:00:00,0
2017-02-02 02:00:00,0
2017-02-02 03:00:00,0
2017-02-02 04:00:00,0
2017-02-02 05:00:00,0
2017-02-02 06:00:00,0
2017-02-02 07:00:00,0
2017-02-02 08:00:00,0
2017-02-02 09:00:00,0
2017-02-02 10:00:00,0
2017-02-02 11:00:00,0
2017-02-02 12:00:00,0
2017-02-02 13:00:00,0
2017-02-02 14:00:00,0
2017-02-02 15:00:00,107.48800659179688
2017-02-02 16:00:00,239.15200805664065
2017-02-02 17:00:00,358.4690246582031
2017-02-02 18:00:00,442.5900268554687
2017-02-02 19:00:00,482.18902587890625
2017-02-02 20:00:00,461.1190185546875
2017-02-02 21:00:00,386.2530212402344
2017-02-02 22:00:00,297.7440185546875
2017-02-02 23:00:00,180.12001037597656
2017-02-03,29.88000106811523
2017-02-03 01:00:00,0
2017-02-03 02:00:00,0
2017-02-03 03:00:00,0
2017-02-03 04:00:00,0
2017-02-03 05:00:00,0
2017-02-03 06:00:00,0
2017-02-03 07:00:00,0
2017-02-03 08:00:00,0
2017-02-03 09:00:00,0
2017-02-03 10:00:00,0
2017-02-03 11:00:00,0
2017-02-03 12:00:00,0
2017-02-03 13:00:00,0
2017-02-03 14:00:00,0
2017-02-03 15:00:00,101.69600677490234
2017-02-03 16:00:00,223.52000427246097
2017-02-03 17:00:00,334.0420227050781
2017-02-03 18:00:00,429.1610107421875
2017-02-03 19:00:00,467.4490356445313
2017-02-03 20:00:00,447.1900329589844
2017-02-03 21:00:00,410.1250305175781
2017-02-03 22:00:00,316.9440002441406
2017-02-03 23:00:00,193.0800018310547
2017-02-04,25.30000114440918
2017-02-04 01:00:00,0
2017-02-04 02:00:00,0
2017-02-04 03:00:00,0
2017-02-04 04:00:00,0
2017-02-04 05:00:00,0
2017-02-04 06:00:00,0
2017-02-04 07:00:00,0
2017-02-04 08:00:00,0
2017-02-04 09:00:00,0
2017-02-04 10:00:00,0
2017-02-04 11:00:00,0
2017-02-04 12:00:00,0
2017-02-04 13:00:00,0
2017-02-04 14:00:00,0
2017-02-04 15:00:00,115.552001953125
2017-02-04 16:00:00,250.8800048828125
2017-02-04 17:00:00,373.8230285644531
2017-02-04 18:00:00,470.9400329589844
2017-02-04 19:00:00,512.8370361328125
2017-02-04 20:00:00,490.7760314941406
2017-02-04 21:00:00,383.697021484375
2017-02-04 22:00:00,297.2640075683594
2017-02-04 23:00:00,182.3280029296875
2017-02-05,25.87200164794922
2017-02-05 01:00:00,0
2017-02-05 02:00:00,0
2017-02-05 03:00:00,0
2017-02-05 04:00:00,0
2017-02-05 05:00:00,0
2017-02-05 06:00:00,0
2017-02-05 07:00:00,0
2017-02-05 08:00:00,0
2017-02-05 09:00:00,0
2017-02-05 10:00:00,0
2017-02-05 11:00:00,0
2017-02-05 12:00:00,0
2017-02-05 13:00:00,0
2017-02-05 14:00:00,0
2017-02-05 15:00:00,116.86400604248048
2017-02-05 16:00:00,250.68801879882812
2017-02-05 17:00:00,372.3910217285156
2017-02-05 18:00:00,483.9710083007813
2017-02-05 19:00:00,526.8780517578125
2017-02-05 20:00:00,504.3800354003906
2017-02-05 21:00:00,437.1410217285156
2017-02-05 22:00:00,339.4880065917969
2017-02-05 23:00:00,209.60801696777344
2017-02-06,28.632001876831055
2017-02-06 01:00:00,0
2017-02-06 02:00:00,0
2017-02-06 03:00:00,0
2017-02-06 04:00:00,0
2017-02-06 05:00:00,0
2017-02-06 06:00:00,0
2017-02-06 07:00:00,0
2017-02-06 08:00:00,0
2017-02-06 09:00:00,0
2017-02-06 10:00:00,0
2017-02-06 11:00:00,0
2017-02-06 12:00:00,0
2017-02-06 13:00:00,0
2017-02-06 14:00:00,0
2017-02-06 15:00:00,120.09600830078124
2017-02-06 16:00:00,254.54400634765625
2017-02-06 17:00:00,376.9690246582031
2017-02-06 18:00:00,478.030029296875
2017-02-06 19:00:00,520.239013671875
2017-02-06 20:00:00,498.18402099609375
2017-02-06 21:00:00,416.4770202636719
2017-02-06 22:00:00,324.1920166015625
2017-02-06 23:00:00,201.46400451660156
2017-02-07,30.84800148010254
2017-02-07 01:00:00,0
2017-02-07 02:00:00,0
2017-02-07 03:00:00,0
2017-02-07 04:00:00,0
2017-02-07 05:00:00,0
2017-02-07 06:00:00,0
2017-02-07 07:00:00,0
2017-02-07 08:00:00,0
2017-02-07 09:00:00,0
2017-02-07 10:00:00,0
2017-02-07 11:00:00,0
2017-02-07 12:00:00,0
2017-02-07 13:00:00,0
2017-02-07 14:00:00,0
2017-02-07 15:00:00,119.77600860595705
2017-02-07 16:00:00,250.83201599121097
2017-02-07 17:00:00,370.3080139160156
2017-02-07 18:00:00,405.49700927734375
2017-02-07 19:00:00,441.16900634765625
2017-02-07 20:00:00,422.5770263671875
2017-02-07 21:00:00,384.3620300292969
2017-02-07 22:00:00,299.88800048828125
2017-02-07 23:00:00,187.5360107421875
2017-02-08,33.28000259399414
2017-02-08 01:00:00,0
2017-02-08 02:00:00,0
2017-02-08 03:00:00,0
2017-02-08 04:00:00,0
2017-02-08 05:00:00,0
2017-02-08 06:00:00,0
2017-02-08 07:00:00,0
2017-02-08 08:00:00,0
2017-02-08 09:00:00,0
2017-02-08 10:00:00,0
2017-02-08 11:00:00,0
2017-02-08 12:00:00,0
2017-02-08 13:00:00,0
2017-02-08 14:00:00,0
2017-02-08 15:00:00,114.08000183105467
2017-02-08 16:00:00,236.10301208496097
2017-02-08 17:00:00,347.4540100097656
2017-02-08 18:00:00,420.0810241699219
2017-02-08 19:00:00,456.885009765625
2017-02-08 20:00:00,437.7360229492187
2017-02-08 21:00:00,447.8080139160156
2017-02-08 22:00:00,350.176025390625
2017-02-08 23:00:00,220.3280029296875
2017-02-09,34.20800018310547
2017-02-09 01:00:00,0
2017-02-09 02:00:00,0
2017-02-09 03:00:00,0
2017-02-09 04:00:00,0
2017-02-09 05:00:00,0
2017-02-09 06:00:00,0
2017-02-09 07:00:00,0
2017-02-09 08:00:00,0
2017-02-09 09:00:00,0
2017-02-09 10:00:00,0
2017-02-09 11:00:00,0
2017-02-09 12:00:00,0
2017-02-09 13:00:00,0
2017-02-09 14:00:00,0
2017-02-09 15:00:00,126.12800598144533
2017-02-09 16:00:00,258.0060119628906
2017-02-09 17:00:00,378.4860229492187
2017-02-09 18:00:00,479.2760314941406
2017-02-09 19:00:00,521.07000732421875
2017-02-09 20:00:00,499.3490295410156
2017-02-09 21:00:00,448.3740234375
2017-02-09 22:00:00,351.40802001953125
2017-02-09 23:00:00,222.4080047607422
2017-02-10,34.84800338745117
2017-02-10 01:00:00,0
2017-02-10 02:00:00,0
2017-02-10 03:00:00,0
2017-02-10 04:00:00,0
2017-02-10 05:00:00,0
2017-02-10 06:00:00,0
2017-02-10 07:00:00,0
2017-02-10 08:00:00,0
2017-02-10 09:00:00,0
2017-02-10 10:00:00,0
2017-02-10 11:00:00,0
2017-02-10 12:00:00,0
2017-02-10 13:00:00,0
2017-02-10 14:00:00,0
2017-02-10 15:00:00,132.59201049804688
2017-02-10 16:00:00,268.09600830078125
2017-02-10 17:00:00,392.0330200195313
2017-02-10 18:00:00,471.2270202636719
2017-02-10 19:00:00,512.10205078125
2017-02-10 20:00:00,490.8600158691406
2017-02-10 21:00:00,453.4120178222656
2017-02-10 22:00:00,356.1120300292969
2017-02-10 23:00:00,226.7040100097656
2017-02-11,37.73600006103515
2017-02-11 01:00:00,0
2017-02-11 02:00:00,0
2017-02-11 03:00:00,0
2017-02-11 04:00:00,0
2017-02-11 05:00:00,0
2017-02-11 06:00:00,0
2017-02-11 07:00:00,0
2017-02-11 08:00:00,0
2017-02-11 09:00:00,0
2017-02-11 10:00:00,0
2017-02-11 11:00:00,0
2017-02-11 12:00:00,0
2017-02-11 13:00:00,0
2017-02-11 14:00:00,0
2017-02-11 15:00:00,100.2080078125
2017-02-11 16:00:00,200.3330078125
2017-02-11 17:00:00,292.0050048828125
2017-02-11 18:00:00,383.885009765625
2017-02-11 19:00:00,417.0270080566406
2017-02-11 20:00:00,399.8080139160156
2017-02-11 21:00:00,336.5140075683594
2017-02-11 22:00:00,264.864013671875
2017-02-11 23:00:00,169.5600128173828
2017-02-12,48.96800231933594
2017-02-12 01:00:00,0
2017-02-12 02:00:00,0
2017-02-12 03:00:00,0
2017-02-12 04:00:00,0
2017-02-12 05:00:00,0
2017-02-12 06:00:00,0
2017-02-12 07:00:00,0
2017-02-12 08:00:00,0
2017-02-12 09:00:00,0
2017-02-12 10:00:00,0
2017-02-12 11:00:00,0
2017-02-12 12:00:00,0
2017-02-12 13:00:00,0
2017-02-12 14:00:00,0
2017-02-12 15:00:00,126.40000915527344
2017-02-12 16:00:00,249.83001708984375
2017-02-12 17:00:00,362.9930114746094
2017-02-12 18:00:00,427.4930114746094
2017-02-12 19:00:00,464.1910095214844
2017-02-12 20:00:00,445.114013671875
2017-02-12 21:00:00,415.5150146484375
2017-02-12 22:00:00,327.72802734375
2017-02-12 23:00:00,210.9440155029297
2017-02-13,55.68000411987305
2017-02-13 01:00:00,0
2017-02-13 02:00:00,0
2017-02-13 03:00:00,0
2017-02-13 04:00:00,0
2017-02-13 05:00:00,0
2017-02-13 06:00:00,0
2017-02-13 07:00:00,0
2017-02-13 08:00:00,0
2017-02-13 09:00:00,0
2017-02-13 10:00:00,0
2017-02-13 11:00:00,0
2017-02-13 12:00:00,0
2017-02-13 13:00:00,0
2017-02-13 14:00:00,0
2017-02-13 15:00:00,142.27200317382812
2017-02-13 16:00:00,278.0660095214844
2017-02-13 17:00:00,402.7150268554687
2017-02-13 18:00:00,488.6930236816406
2017-02-13 19:00:00,530.4110107421875
2017-02-13 20:00:00,508.6740112304687
2017-02-13 21:00:00,452.3790283203125
2017-02-13 22:00:00,357.5040283203125
2017-02-13 23:00:00,231.3440093994141
2017-02-14,53.928001403808594
2017-02-14 01:00:00,0
2017-02-14 02:00:00,0
2017-02-14 03:00:00,0
2017-02-14 04:00:00,0
2017-02-14 05:00:00,0
2017-02-14 06:00:00,0
2017-02-14 07:00:00,0
2017-02-14 08:00:00,0
2017-02-14 09:00:00,0
2017-02-14 10:00:00,0
2017-02-14 11:00:00,0
2017-02-14 12:00:00,0
2017-02-14 13:00:00,0
2017-02-14 14:00:00,0
2017-02-14 15:00:00,148.8800048828125
2017-02-14 16:00:00,287.8050231933594
2017-02-14 17:00:00,415.4690246582031
2017-02-14 18:00:00,528.18804931640625
2017-02-14 19:00:00,573.0050048828125
2017-02-14 20:00:00,549.59002685546875
2017-02-14 21:00:00,482.3260192871094
2017-02-14 22:00:00,381.9360046386719
2017-02-14 23:00:00,248.4320068359375
2017-02-15,50.048004150390625
2017-02-15 01:00:00,0
2017-02-15 02:00:00,0
2017-02-15 03:00:00,0
2017-02-15 04:00:00,0
2017-02-15 05:00:00,0
2017-02-15 06:00:00,0
2017-02-15 07:00:00,0
2017-02-15 08:00:00,0
2017-02-15 09:00:00,0
2017-02-15 10:00:00,0
2017-02-15 11:00:00,0
2017-02-15 12:00:00,0
2017-02-15 13:00:00,0
2017-02-15 14:00:00,0
2017-02-15 15:00:00,155.80801391601562
2017-02-15 16:00:00,297.9750061035156
2017-02-15 17:00:00,428.7400207519531
2017-02-15 18:00:00,539.42401123046875
2017-02-15 19:00:00,584.90704345703125
2017-02-15 20:00:00,561.09600830078125
2017-02-15 21:00:00,491.7580261230469
2017-02-15 22:00:00,390.1440124511719
2017-02-15 23:00:00,255.05601501464844
2017-02-16,57.400001525878906
2017-02-16 01:00:00,0
2017-02-16 02:00:00,0
2017-02-16 03:00:00,0
2017-02-16 04:00:00,0
2017-02-16 05:00:00,0
2017-02-16 06:00:00,0
2017-02-16 07:00:00,0
2017-02-16 08:00:00,0
2017-02-16 09:00:00,0
2017-02-16 10:00:00,0
2017-02-16 11:00:00,0
2017-02-16 12:00:00,0
2017-02-16 13:00:00,0
2017-02-16 14:00:00,0
2017-02-16 15:00:00,160.8000030517578
2017-02-16 16:00:00,304.25201416015625
2017-02-16 17:00:00,436.3520202636719
2017-02-16 18:00:00,551.4990234375
2017-02-16 19:00:00,597.71405029296875
2017-02-16 20:00:00,573.4150390625
2017-02-16 21:00:00,509.1980285644531
2017-02-16 22:00:00,404.7360229492187
2017-02-16 23:00:00,265.88800048828125
2017-02-17,60.99200439453125
2017-02-17 01:00:00,0
2017-02-17 02:00:00,0
2017-02-17 03:00:00,0
2017-02-17 04:00:00,0
2017-02-17 05:00:00,0
2017-02-17 06:00:00,0
2017-02-17 07:00:00,0
2017-02-17 08:00:00,0
2017-02-17 09:00:00,0
2017-02-17 10:00:00,0
2017-02-17 11:00:00,0
2017-02-17 12:00:00,0
2017-02-17 13:00:00,0
2017-02-17 14:00:00,1.2480000257492063
2017-02-17 15:00:00,156.3520050048828
2017-02-17 16:00:00,292.77301025390625
2017-02-17 17:00:00,418.530029296875
2017-02-17 18:00:00,535.1080322265625
2017-02-17 19:00:00,579.63604736328125
2017-02-17 20:00:00,556.125
2017-02-17 21:00:00,489.85003662109375
2017-02-17 22:00:00,390.06402587890625
2017-02-17 23:00:00,257.4720153808594
2017-02-18,61.57600402832031
2017-02-18 01:00:00,0
2017-02-18 02:00:00,0
2017-02-18 03:00:00,0
2017-02-18 04:00:00,0
2017-02-18 05:00:00,0
2017-02-18 06:00:00,0
2017-02-18 07:00:00,0
2017-02-18 08:00:00,0
2017-02-18 09:00:00,0
2017-02-18 10:00:00,0
2017-02-18 11:00:00,0
2017-02-18 12:00:00,0
2017-02-18 13:00:00,0
2017-02-18 14:00:00,4.080000400543213
2017-02-18 15:00:00,148.41600036621094
2017-02-18 16:00:00,275.05902099609375
2017-02-18 17:00:00,391.9460144042969
2017-02-18 18:00:00,484.6370239257813
2017-02-18 19:00:00,524.7030029296875
2017-02-18 20:00:00,503.447021484375
2017-02-18 21:00:00,435.676025390625
2017-02-18 22:00:00,347.552001953125
2017-02-18 23:00:00,230.47201538085935
2017-02-19,57.80000305175781
2017-02-19 01:00:00,0
2017-02-19 02:00:00,0
2017-02-19 03:00:00,0
2017-02-19 04:00:00,0
2017-02-19 05:00:00,0
2017-02-19 06:00:00,0
2017-02-19 07:00:00,0
2017-02-19 08:00:00,0
2017-02-19 09:00:00,0
2017-02-19 10:00:00,0
2017-02-19 11:00:00,0
2017-02-19 12:00:00,0
2017-02-19 13:00:00,0
2017-02-19 14:00:00,7.168000221252441
2017-02-19 15:00:00,156.99200439453125
2017-02-19 16:00:00,288.0270080566406
2017-02-19 17:00:00,409.0920104980469
2017-02-19 18:00:00,494.1980285644531
2017-02-19 19:00:00,534.75799560546875
2017-02-19 20:00:00,513.114013671875
2017-02-19 21:00:00,463.6400146484375
2017-02-19 22:00:00,370.49603271484375
2017-02-19 23:00:00,246.79200744628903
2017-02-20,78.13600158691406
2017-02-20 01:00:00,0
2017-02-20 02:00:00,0
2017-02-20 03:00:00,0
2017-02-20 04:00:00,0
2017-02-20 05:00:00,0
2017-02-20 06:00:00,0
2017-02-20 07:00:00,0
2017-02-20 08:00:00,0
2017-02-20 09:00:00,0
2017-02-20 10:00:00,0
2017-02-20 11:00:00,0
2017-02-20 12:00:00,0
2017-02-20 13:00:00,0
2017-02-20 14:00:00,9.984000205993652
2017-02-20 15:00:00,173.50401306152344
2017-02-20 16:00:00,315.166015625
2017-02-20 17:00:00,446.1960144042969
2017-02-20 18:00:00,533.8740234375
2017-02-20 19:00:00,577.36199951171875
2017-02-20 20:00:00,554.0150146484375
2017-02-20 21:00:00,507.1120300292969
2017-02-20 22:00:00,405.9200134277344
2017-02-20 23:00:00,271.5680236816406
2017-02-21,67.9280014038086
2017-02-21 01:00:00,0
2017-02-21 02:00:00,0
2017-02-21 03:00:00,0
2017-02-21 04:00:00,0
2017-02-21 05:00:00,0
2017-02-21 06:00:00,0
2017-02-21 07:00:00,0
2017-02-21 08:00:00,0
2017-02-21 09:00:00,0
2017-02-21 10:00:00,0
2017-02-21 11:00:00,0
2017-02-21 12:00:00,0
2017-02-21 13:00:00,0
2017-02-21 14:00:00,12.688000679016112
2017-02-21 15:00:00,174.2080078125
2017-02-21 16:00:00,313.3760070800781
2017-02-21 17:00:00,442.2440185546875
2017-02-21 18:00:00,545.738037109375
2017-02-21 19:00:00,589.8790283203125
2017-02-21 20:00:00,566.03399658203125
2017-02-21 21:00:00,488.10601806640625
2017-02-21 22:00:00,391.3440246582031
2017-02-21 23:00:00,262.9280090332031
2017-02-22,63.57600402832031
2017-02-22 01:00:00,0
2017-02-22 02:00:00,0
2017-02-22 03:00:00,0
2017-02-22 04:00:00,0
2017-02-22 05:00:00,0
2017-02-22 06:00:00,0
2017-02-22 07:00:00,0
2017-02-22 08:00:00,0
2017-02-22 09:00:00,0
2017-02-22 10:00:00,0
2017-02-22 11:00:00,0
2017-02-22 12:00:00,0
2017-02-22 13:00:00,0
2017-02-22 14:00:00,14.944000244140623
2017-02-22 15:00:00,173.9040069580078
2017-02-22 16:00:00,309.85302734375
2017-02-22 17:00:00,435.8820190429687
2017-02-22 18:00:00,542.46502685546875
2017-02-22 19:00:00,585.9830322265625
2017-02-22 20:00:00,562.300048828125
2017-02-22 21:00:00,511.3590393066406
2017-02-22 22:00:00,410.6400146484375
2017-02-22 23:00:00,277.0400085449219
2017-02-23,76.40800476074219
2017-02-23 01:00:00,0
2017-02-23 02:00:00,0
2017-02-23 03:00:00,0
2017-02-23 04:00:00,0
2017-02-23 05:00:00,0
2017-02-23 06:00:00,0
2017-02-23 07:00:00,0
2017-02-23 08:00:00,0
2017-02-23 09:00:00,0
2017-02-23 10:00:00,0
2017-02-23 11:00:00,0
2017-02-23 12:00:00,0
2017-02-23 13:00:00,0
2017-02-23 14:00:00,18.8960018157959
2017-02-23 15:00:00,137.20001220703125
2017-02-23 16:00:00,242.1540069580078
2017-02-23 17:00:00,339.5580139160156
2017-02-23 18:00:00,489.8650207519531
2017-02-23 19:00:00,528.8480224609375
2017-02-23 20:00:00,507.4540100097656
2017-02-23 21:00:00,472.0270080566406
2017-02-23 22:00:00,379.64801025390625
2017-02-23 23:00:00,257.1520080566406
2017-02-24,88.9280014038086
2017-02-24 01:00:00,0
2017-02-24 02:00:00,0
2017-02-24 03:00:00,0
2017-02-24 04:00:00,0
2017-02-24 05:00:00,0
2017-02-24 06:00:00,0
2017-02-24 07:00:00,0
2017-02-24 08:00:00,0
2017-02-24 09:00:00,0
2017-02-24 10:00:00,0
2017-02-24 11:00:00,0
2017-02-24 12:00:00,0
2017-02-24 13:00:00,0
2017-02-24 14:00:00,14.016000747680664
2017-02-24 15:00:00,93.12000274658205
2017-02-24 16:00:00,162.864013671875
2017-02-24 17:00:00,227.6470184326172
2017-02-24 18:00:00,296.92401123046875
2017-02-24 19:00:00,320.37200927734375
2017-02-24 20:00:00,307.4000244140625
2017-02-24 21:00:00,326.18701171875
2017-02-24 22:00:00,262.75201416015625
2017-02-24 23:00:00,178.67201232910156
2017-02-25,89.376007080078125
2017-02-25 01:00:00,0
2017-02-25 02:00:00,0
2017-02-25 03:00:00,0
2017-02-25 04:00:00,0
2017-02-25 05:00:00,0
2017-02-25 06:00:00,0
2017-02-25 07:00:00,0
2017-02-25 08:00:00,0
2017-02-25 09:00:00,0
2017-02-25 10:00:00,0
2017-02-25 11:00:00,0
2017-02-25 12:00:00,0
2017-02-25 13:00:00,0
2017-02-25 14:00:00,27.952001571655273
2017-02-25 15:00:00,194.76800537109375
2017-02-25 16:00:00,337.58001708984375
2017-02-25 17:00:00,470.3900146484375
2017-02-25 18:00:00,548.3050537109375
2017-02-25 19:00:00,591.2230224609375
2017-02-25 20:00:00,567.26104736328125
2017-02-25 21:00:00,467.0970153808594
2017-02-25 22:00:00,376.8000183105469
2017-02-25 23:00:00,257.20001220703125
2017-02-26,83.36800384521484
2017-02-26 01:00:00,0
2017-02-26 02:00:00,0
2017-02-26 03:00:00,0
2017-02-26 04:00:00,0
2017-02-26 05:00:00,0
2017-02-26 06:00:00,0
2017-02-26 07:00:00,0
2017-02-26 08:00:00,0
2017-02-26 09:00:00,0
2017-02-26 10:00:00,0
2017-02-26 11:00:00,0
2017-02-26 12:00:00,0
2017-02-26 13:00:00,0
2017-02-26 14:00:00,31.744001388549805
2017-02-26 15:00:00,204.7840118408203
2017-02-26 16:00:00,351.7980041503906
2017-02-26 17:00:00,488.6830139160156
2017-02-26 18:00:00,578.78204345703125
2017-02-26 19:00:00,623.7020263671875
2017-02-26 20:00:00,598.4000244140625
2017-02-26 21:00:00,547.406005859375
2017-02-26 22:00:00,442.2240295410156
2017-02-26 23:00:00,302.97601318359375
2017-02-27,90.92000579833984
2017-02-27 01:00:00,0
2017-02-27 02:00:00,0
2017-02-27 03:00:00,0
2017-02-27 04:00:00,0
2017-02-27 05:00:00,0
2017-02-27 06:00:00,0
2017-02-27 07:00:00,0
2017-02-27 08:00:00,0
2017-02-27 09:00:00,0
2017-02-27 10:00:00,0
2017-02-27 11:00:00,0
2017-02-27 12:00:00,0
2017-02-27 13:00:00,0
2017-02-27 14:00:00,34.432003021240234
2017-02-27 15:00:00,204.00001525878903
2017-02-27 16:00:00,347.4310302734375
2017-02-27 17:00:00,481.12603759765625
2017-02-27 18:00:00,568.77203369140625
2017-02-27 19:00:00,612.5350341796875
2017-02-27 20:00:00,587.633056640625
2017-02-27 21:00:00,497.2200317382813
2017-02-27 22:00:00,402.2400207519531
2017-02-27 23:00:00,276.5760192871094
2017-02-28,93.16800689697266
2017-02-28 01:00:00,0
2017-02-28 02:00:00,0
2017-02-28 03:00:00,0
2017-02-28 04:00:00,0
2017-02-28 05:00:00,0
2017-02-28 06:00:00,0
2017-02-28 07:00:00,0
2017-02-28 08:00:00,0
2017-02-28 09:00:00,0
2017-02-28 10:00:00,0
2017-02-28 11:00:00,0
2017-02-28 12:00:00,0
2017-02-28 13:00:00,0
2017-02-28 14:00:00,36.19200134277344
2017-02-28 15:00:00,183.66400146484375
2017-02-28 16:00:00,310.1730041503906
2017-02-28 17:00:00,428.2170104980469
2017-02-28 18:00:00,500.6440124511719
2017-02-28 19:00:00,538.822998046875
2017-02-28 20:00:00,516.86700439453125
2017-02-28 21:00:00,458.0520324707031
2017-02-28 22:00:00,371.072021484375
2017-02-28 23:00:00,256.0320129394531
2017-03-01,50.84800338745117
2017-03-01 01:00:00,0
2017-03-01 02:00:00,0
2017-03-01 03:00:00,0
2017-03-01 04:00:00,0
2017-03-01 05:00:00,0
2017-03-01 06:00:00,0
2017-03-01 07:00:00,0
2017-03-01 08:00:00,0
2017-03-01 09:00:00,0
2017-03-01 10:00:00,0
2017-03-01 11:00:00,0
2017-03-01 12:00:00,0
2017-03-01 13:00:00,0
2017-03-01 14:00:00,42.91200256347656
2017-03-01 15:00:00,216.2880096435547
2017-03-01 16:00:00,373.114013671875
2017-03-01 17:00:00,526.32403564453125
2017-03-01 18:00:00,611.9300537109375
2017-03-01 19:00:00,657.1610107421875
2017-03-01 20:00:00,623.8070068359375
2017-03-01 21:00:00,550.91204833984375
2017-03-01 22:00:00,427.6960144042969
2017-03-01 23:00:00,286.0320129394531
2017-03-02,90.92000579833984
2017-03-02 01:00:00,0
2017-03-02 02:00:00,0
2017-03-02 03:00:00,0
2017-03-02 04:00:00,0
2017-03-02 05:00:00,0
2017-03-02 06:00:00,0
2017-03-02 07:00:00,0
2017-03-02 08:00:00,0
2017-03-02 09:00:00,0
2017-03-02 10:00:00,0
2017-03-02 11:00:00,0
2017-03-02 12:00:00,0
2017-03-02 13:00:00,0
2017-03-02 14:00:00,46.064002990722656
2017-03-02 15:00:00,217.87200927734375
2017-03-02 16:00:00,372.8100280761719
2017-03-02 17:00:00,524.281005859375
2017-03-02 18:00:00,596.56304931640625
2017-03-02 19:00:00,640.258056640625
2017-03-02 20:00:00,607.6800537109375
2017-03-02 21:00:00,553.3470458984375
2017-03-02 22:00:00,430.1440124511719
2017-03-02 23:00:00,288.6240234375
2017-03-03,95.94400787353516
2017-03-03 01:00:00,0
2017-03-03 02:00:00,0
2017-03-03 03:00:00,0
2017-03-03 04:00:00,0
2017-03-03 05:00:00,0
2017-03-03 06:00:00,0
2017-03-03 07:00:00,0
2017-03-03 08:00:00,0
2017-03-03 09:00:00,0
2017-03-03 10:00:00,0
2017-03-03 11:00:00,0
2017-03-03 12:00:00,0
2017-03-03 13:00:00,0
2017-03-03 14:00:00,51.07200241088867
2017-03-03 15:00:00,225.0080108642578
2017-03-03 16:00:00,381.9910278320313
2017-03-03 17:00:00,535.592041015625
2017-03-03 18:00:00,632.4100341796875
2017-03-03 19:00:00,678.28302001953125
2017-03-03 20:00:00,643.70001220703125
2017-03-03 21:00:00,577.43804931640625
2017-03-03 22:00:00,449.43402099609375
2017-03-03 23:00:00,302.54400634765625
2017-03-04,98.67200469970705
2017-03-04 01:00:00,0
2017-03-04 02:00:00,0
2017-03-04 03:00:00,0
2017-03-04 04:00:00,0
2017-03-04 05:00:00,0
2017-03-04 06:00:00,0
2017-03-04 07:00:00,0
2017-03-04 08:00:00,0
2017-03-04 09:00:00,0
2017-03-04 10:00:00,0
2017-03-04 11:00:00,0
2017-03-04 12:00:00,0
2017-03-04 13:00:00,0
2017-03-04 14:00:00,56.33600234985352
2017-03-04 15:00:00,225.9200134277344
2017-03-04 16:00:00,380.5520324707031
2017-03-04 17:00:00,532.01702880859375
2017-03-04 18:00:00,631.7330322265625
2017-03-04 19:00:00,677.12603759765625
2017-03-04 20:00:00,642.51702880859375
2017-03-04 21:00:00,576.71502685546875
2017-03-04 22:00:00,449.4330139160156
2017-03-04 23:00:00,303.4880065917969
2017-03-05,99.44000244140624
2017-03-05 01:00:00,0
2017-03-05 02:00:00,0
2017-03-05 03:00:00,0
2017-03-05 04:00:00,0
2017-03-05 05:00:00,0
2017-03-05 06:00:00,0
2017-03-05 07:00:00,0
2017-03-05 08:00:00,0
2017-03-05 09:00:00,0
2017-03-05 10:00:00,0
2017-03-05 11:00:00,0
2017-03-05 12:00:00,0
2017-03-05 13:00:00,0
2017-03-05 14:00:00,59.7760009765625
2017-03-05 15:00:00,225.0080108642578
2017-03-05 16:00:00,376.1470031738281
2017-03-05 17:00:00,524.2900390625
2017-03-05 18:00:00,634.71600341796875
2017-03-05 19:00:00,679.8590087890625
2017-03-05 20:00:00,645.030029296875
2017-03-05 21:00:00,571.2440185546875
2017-03-05 22:00:00,445.697021484375
2017-03-05 23:00:00,301.87200927734375
2017-03-06,100.37600708007812
2017-03-06 01:00:00,0
2017-03-06 02:00:00,0
2017-03-06 03:00:00,0
2017-03-06 04:00:00,0
2017-03-06 05:00:00,0
2017-03-06 06:00:00,0
2017-03-06 07:00:00,0
2017-03-06 08:00:00,0
2017-03-06 09:00:00,0
2017-03-06 10:00:00,0
2017-03-06 11:00:00,0
2017-03-06 12:00:00,0
2017-03-06 13:00:00,0
2017-03-06 14:00:00,61.66400146484375
2017-03-06 15:00:00,173.79200744628906
2017-03-06 16:00:00,288.36602783203125
2017-03-06 17:00:00,400.7750244140625
2017-03-06 18:00:00,483.8900146484375
2017-03-06 19:00:00,517.97003173828125
2017-03-06 20:00:00,491.3540344238281
2017-03-06 21:00:00,489.8570251464844
2017-03-06 22:00:00,382.6470031738281
2017-03-06 23:00:00,259.9520263671875
2017-03-07,91.88800811767578
2017-03-07 01:00:00,0
2017-03-07 02:00:00,0
2017-03-07 03:00:00,0
2017-03-07 04:00:00,0
2017-03-07 05:00:00,0
2017-03-07 06:00:00,0
2017-03-07 07:00:00,0
2017-03-07 08:00:00,0
2017-03-07 09:00:00,0
2017-03-07 10:00:00,0
2017-03-07 11:00:00,0
2017-03-07 12:00:00,0
2017-03-07 13:00:00,0
2017-03-07 14:00:00,57.71200180053711
2017-03-07 15:00:00,227.8080139160156
2017-03-07 16:00:00,375.2610168457031
2017-03-07 17:00:00,520.05902099609375
2017-03-07 18:00:00,625.69403076171875
2017-03-07 19:00:00,669.301025390625
2017-03-07 20:00:00,634.821044921875
2017-03-07 21:00:00,561.6810302734375
2017-03-07 22:00:00,439.2370300292969
2017-03-07 23:00:00,299.2640075683594
2017-03-08,108.552001953125
2017-03-08 01:00:00,0
2017-03-08 02:00:00,0
2017-03-08 03:00:00,0
2017-03-08 04:00:00,0
2017-03-08 05:00:00,0
2017-03-08 06:00:00,0
2017-03-08 07:00:00,0
2017-03-08 08:00:00,0
2017-03-08 09:00:00,0
2017-03-08 10:00:00,0
2017-03-08 11:00:00,0
2017-03-08 12:00:00,0
2017-03-08 13:00:00,0
2017-03-08 14:00:00,69.07200622558594
2017-03-08 15:00:00,240.1540069580078
2017-03-08 16:00:00,392.7890319824219
2017-03-08 17:00:00,542.81903076171875
2017-03-08 18:00:00,593.06201171875
2017-03-08 19:00:00,633.98101806640625
2017-03-08 20:00:00,601.22003173828125
2017-03-08 21:00:00,571.32501220703125
2017-03-08 22:00:00,447.27203369140625
2017-03-08 23:00:00,305.6000061035156
2017-03-09,109.1760025024414
2017-03-09 01:00:00,0
2017-03-09 02:00:00,0
2017-03-09 03:00:00,0
2017-03-09 04:00:00,0
2017-03-09 05:00:00,0
2017-03-09 06:00:00,0
2017-03-09 07:00:00,0
2017-03-09 08:00:00,0
2017-03-09 09:00:00,0
2017-03-09 10:00:00,0
2017-03-09 11:00:00,0
2017-03-09 12:00:00,0
2017-03-09 13:00:00,0
2017-03-09 14:00:00,73.12000274658203
2017-03-09 15:00:00,245.7360076904297
2017-03-09 16:00:00,399.14300537109375
2017-03-09 17:00:00,550.051025390625
2017-03-09 18:00:00,646.69000244140625
2017-03-09 19:00:00,690.843017578125
2017-03-09 20:00:00,655.01202392578125
2017-03-09 21:00:00,582.65301513671875
2017-03-09 22:00:00,456.6290283203125
2017-03-09 23:00:00,312.8480224609375
2017-03-10,112.4320068359375
2017-03-10 01:00:00,0
2017-03-10 02:00:00,0
2017-03-10 03:00:00,0
2017-03-10 04:00:00,0
2017-03-10 05:00:00,0
2017-03-10 06:00:00,0
2017-03-10 07:00:00,0
2017-03-10 08:00:00,0
2017-03-10 09:00:00,0
2017-03-10 10:00:00,0
2017-03-10 11:00:00,0
2017-03-10 12:00:00,0
2017-03-10 13:00:00,0
2017-03-10 14:00:00,76.22400665283203
2017-03-10 15:00:00,247.84901428222656
2017-03-10 16:00:00,399.8550109863281
2017-03-10 17:00:00,549.4940185546875
2017-03-10 18:00:00,648.10205078125
2017-03-10 19:00:00,691.89202880859375
2017-03-10 20:00:00,655.8890380859375
2017-03-10 21:00:00,591.2080078125
2017-03-10 22:00:00,463.81103515625
2017-03-10 23:00:00,318.6240234375
2017-03-11,118.34400939941406
2017-03-11 01:00:00,0
2017-03-11 02:00:00,0
2017-03-11 03:00:00,0
2017-03-11 04:00:00,0
2017-03-11 05:00:00,0
2017-03-11 06:00:00,0
2017-03-11 07:00:00,0
2017-03-11 08:00:00,0
2017-03-11 09:00:00,0
2017-03-11 10:00:00,0
2017-03-11 11:00:00,0
2017-03-11 12:00:00,0
2017-03-11 13:00:00,0
2017-03-11 14:00:00,46.384002685546875
2017-03-11 15:00:00,214.18800354003903
2017-03-11 16:00:00,343.2610168457031
2017-03-11 17:00:00,470.4290161132813
2017-03-11 18:00:00,654.4730224609375
2017-03-11 19:00:00,698.22406005859375
2017-03-11 20:00:00,661.77801513671875
2017-03-11 21:00:00,594.99505615234375
2017-03-11 22:00:00,467.2660217285156
2017-03-11 23:00:00,321.84002685546875
2017-03-12,116.92000579833984
2017-03-12 01:00:00,0
2017-03-12 02:00:00,0
2017-03-12 03:00:00,0
2017-03-12 04:00:00,0
2017-03-12 05:00:00,0
2017-03-12 06:00:00,0
2017-03-12 07:00:00,0
2017-03-12 08:00:00,0
2017-03-12 09:00:00,0
2017-03-12 10:00:00,0
2017-03-12 11:00:00,0
2017-03-12 12:00:00,0
2017-03-12 13:00:00,0
2017-03-12 14:00:00,86.09600067138672
2017-03-12 15:00:00,232.8650054931641
2017-03-12 16:00:00,370.7820129394531
2017-03-12 17:00:00,506.7770385742187
2017-03-12 18:00:00,567.68804931640625
2017-03-12 19:00:00,605.217041015625
2017-03-12 20:00:00,573.51300048828125
2017-03-12 21:00:00,495.9950256347656
2017-03-12 22:00:00,389.89801025390625
2017-03-12 23:00:00,269.2320251464844
2017-03-13,111.97600555419922
2017-03-13 01:00:00,3.648000240325928
2017-03-13 02:00:00,0
2017-03-13 03:00:00,0
2017-03-13 04:00:00,0
2017-03-13 05:00:00,0
2017-03-13 06:00:00,0
2017-03-13 07:00:00,0
2017-03-13 08:00:00,0
2017-03-13 09:00:00,0
2017-03-13 10:00:00,0
2017-03-13 11:00:00,0
2017-03-13 12:00:00,0
2017-03-13 13:00:00,0
2017-03-13 14:00:00,89.23200225830078
2017-03-13 15:00:00,253.57701110839844
2017-03-13 16:00:00,401.1980285644531
2017-03-13 17:00:00,546.90301513671875
2017-03-13 18:00:00,624.1600341796875
2017-03-13 19:00:00,664.9820556640625
2017-03-13 20:00:00,630.01904296875
2017-03-13 21:00:00,579.39703369140625
2017-03-13 22:00:00,455.916015625
2017-03-13 23:00:00,315.6000061035156
2017-03-14,120.5040054321289
2017-03-14 01:00:00,5.940000057220459
2017-03-14 02:00:00,0
2017-03-14 03:00:00,0
2017-03-14 04:00:00,0
2017-03-14 05:00:00,0
2017-03-14 06:00:00,0
2017-03-14 07:00:00,0
2017-03-14 08:00:00,0
2017-03-14 09:00:00,0
2017-03-14 10:00:00,0
2017-03-14 11:00:00,0
2017-03-14 12:00:00,0
2017-03-14 13:00:00,0
2017-03-14 14:00:00,93.3280029296875
2017-03-14 15:00:00,264.364013671875
2017-03-14 16:00:00,415.6880187988281
2017-03-14 17:00:00,565.1490478515625
2017-03-14 18:00:00,664.35400390625
2017-03-14 19:00:00,707.3360595703125
2017-03-14 20:00:00,670.0050048828125
2017-03-14 21:00:00,602.7750244140625
2017-03-14 22:00:00,474.74603271484375
2017-03-14 23:00:00,329.4560241699219
2017-03-15,122.86400604248048
2017-03-15 01:00:00,8.02400016784668
2017-03-15 02:00:00,0
2017-03-15 03:00:00,0
2017-03-15 04:00:00,0
2017-03-15 05:00:00,0
2017-03-15 06:00:00,0
2017-03-15 07:00:00,0
2017-03-15 08:00:00,0
2017-03-15 09:00:00,0
2017-03-15 10:00:00,0
2017-03-15 11:00:00,0
2017-03-15 12:00:00,0
2017-03-15 13:00:00,0
2017-03-15 14:00:00,99.936004638671875
2017-03-15 15:00:00,276.4049987792969
2017-03-15 16:00:00,431.9870300292969
2017-03-15 17:00:00,585.801025390625
2017-03-15 18:00:00,680.99603271484375
2017-03-15 19:00:00,724.55206298828125
2017-03-15 20:00:00,686.17803955078125
2017-03-15 21:00:00,620.26702880859375
2017-03-15 22:00:00,488.9860229492187
2017-03-15 23:00:00,340.1280212402344
2017-03-16,131.7360076904297
2017-03-16 01:00:00,10.636000633239746
2017-03-16 02:00:00,0
2017-03-16 03:00:00,0
2017-03-16 04:00:00,0
2017-03-16 05:00:00,0
2017-03-16 06:00:00,0
2017-03-16 07:00:00,0
2017-03-16 08:00:00,0
2017-03-16 09:00:00,0
2017-03-16 10:00:00,0
2017-03-16 11:00:00,0
2017-03-16 12:00:00,0
2017-03-16 13:00:00,0
2017-03-16 14:00:00,105.71200561523438
2017-03-16 15:00:00,272.6809997558594
2017-03-16 16:00:00,423.64202880859375
2017-03-16 17:00:00,573.01104736328125
2017-03-16 18:00:00,680.92205810546875
2017-03-16 19:00:00,724.0040283203125
2017-03-16 20:00:00,685.50604248046875
2017-03-16 21:00:00,618.60400390625
2017-03-16 22:00:00,488.1110229492187
2017-03-16 23:00:00,340.32000732421875
2017-03-17,133.62400817871094
2017-03-17 01:00:00,12.7760009765625
2017-03-17 02:00:00,0
2017-03-17 03:00:00,0
2017-03-17 04:00:00,0
2017-03-17 05:00:00,0
2017-03-17 06:00:00,0
2017-03-17 07:00:00,0
2017-03-17 08:00:00,0
2017-03-17 09:00:00,0
2017-03-17 10:00:00,0
2017-03-17 11:00:00,0
2017-03-17 12:00:00,0
2017-03-17 13:00:00,0
2017-03-17 14:00:00,106.64000701904295
2017-03-17 15:00:00,277.4700012207031
2017-03-17 16:00:00,428.6240234375
2017-03-17 17:00:00,578.28204345703125
2017-03-17 18:00:00,674.20904541015625
2017-03-17 19:00:00,716.40106201171875
2017-03-17 20:00:00,678.16705322265625
2017-03-17 21:00:00,615.61700439453125
2017-03-17 22:00:00,486.1880187988281
2017-03-17 23:00:00,339.7440185546875
2017-03-18,132.6160125732422
2017-03-18 01:00:00,14.576001167297363
2017-03-18 02:00:00,0
2017-03-18 03:00:00,0
2017-03-18 04:00:00,0
2017-03-18 05:00:00,0
2017-03-18 06:00:00,0
2017-03-18 07:00:00,0
2017-03-18 08:00:00,0
2017-03-18 09:00:00,0
2017-03-18 10:00:00,0
2017-03-18 11:00:00,0
2017-03-18 12:00:00,0
2017-03-18 13:00:00,0
2017-03-18 14:00:00,110.22400665283205
2017-03-18 15:00:00,282.40301513671875
2017-03-18 16:00:00,433.7900085449219
2017-03-18 17:00:00,583.80401611328125
2017-03-18 18:00:00,676.0040283203125
2017-03-18 19:00:00,717.81805419921875
2017-03-18 20:00:00,679.36102294921875
2017-03-18 21:00:00,613.69403076171875
2017-03-18 22:00:00,485.0840148925781
2017-03-18 23:00:00,339.72802734375
2017-03-19,137.60000610351562
2017-03-19 01:00:00,17.02400016784668
2017-03-19 02:00:00,0
2017-03-19 03:00:00,0
2017-03-19 04:00:00,0
2017-03-19 05:00:00,0
2017-03-19 06:00:00,0
2017-03-19 07:00:00,0
2017-03-19 08:00:00,0
2017-03-19 09:00:00,0
2017-03-19 10:00:00,0
2017-03-19 11:00:00,0
2017-03-19 12:00:00,0
2017-03-19 13:00:00,0
2017-03-19 14:00:00,114.62400817871094
2017-03-19 15:00:00,286.93701171875
2017-03-19 16:00:00,438.3210144042969
2017-03-19 17:00:00,588.4530029296875
2017-03-19 18:00:00,682.87603759765625
2017-03-19 19:00:00,724.64801025390625
2017-03-19 20:00:00,685.66900634765625
2017-03-19 21:00:00,619.8580322265625
2017-03-19 22:00:00,490.37200927734375
2017-03-19 23:00:00,344.176025390625
2017-03-20,146.38400268554688
2017-03-20 01:00:00,20.056001663208008
2017-03-20 02:00:00,0
2017-03-20 03:00:00,0
2017-03-20 04:00:00,0
2017-03-20 05:00:00,0
2017-03-20 06:00:00,0
2017-03-20 07:00:00,0
2017-03-20 08:00:00,0
2017-03-20 09:00:00,0
2017-03-20 10:00:00,0
2017-03-20 11:00:00,0
2017-03-20 12:00:00,0
2017-03-20 13:00:00,0
2017-03-20 14:00:00,119.2800064086914
2017-03-20 15:00:00,291.9410095214844
2017-03-20 16:00:00,443.5760192871094
2017-03-20 17:00:00,594.0760498046875
2017-03-20 18:00:00,687.58905029296875
2017-03-20 19:00:00,729.17205810546875
2017-03-20 20:00:00,689.7960205078125
2017-03-20 21:00:00,620.67803955078125
2017-03-20 22:00:00,491.426025390625
2017-03-20 23:00:00,345.66400146484375
2017-03-21,147.60000610351562
2017-03-21 01:00:00,22.124000549316406
2017-03-21 02:00:00,0
2017-03-21 03:00:00,0
2017-03-21 04:00:00,0
2017-03-21 05:00:00,0
2017-03-21 06:00:00,0
2017-03-21 07:00:00,0
2017-03-21 08:00:00,0
2017-03-21 09:00:00,0
2017-03-21 10:00:00,0
2017-03-21 11:00:00,0
2017-03-21 12:00:00,0
2017-03-21 13:00:00,0
2017-03-21 14:00:00,123.44000244140624
2017-03-21 15:00:00,291.5840148925781
2017-03-21 16:00:00,440.6900329589844
2017-03-21 17:00:00,588.82501220703125
2017-03-21 18:00:00,661.093017578125
2017-03-21 19:00:00,700.61102294921875
2017-03-21 20:00:00,662.6380615234375
2017-03-21 21:00:00,582.0150146484375
2017-03-21 22:00:00,461.1990356445313
2017-03-21 23:00:00,325.072021484375
2017-03-22,152.552001953125
2017-03-22 01:00:00,24.768001556396484
2017-03-22 02:00:00,0
2017-03-22 03:00:00,0
2017-03-22 04:00:00,0
2017-03-22 05:00:00,0
2017-03-22 06:00:00,0
2017-03-22 07:00:00,0
2017-03-22 08:00:00,0
2017-03-22 09:00:00,0
2017-03-22 10:00:00,0
2017-03-22 11:00:00,0
2017-03-22 12:00:00,0
2017-03-22 13:00:00,0
2017-03-22 14:00:00,128.04800415039062
2017-03-22 15:00:00,290.1360168457031
2017-03-22 16:00:00,436.2650146484375
2017-03-22 17:00:00,581.56103515625
2017-03-22 18:00:00,699.4090576171875
2017-03-22 19:00:00,740.7550048828125
2017-03-22 20:00:00,700.43505859375
2017-03-22 21:00:00,632.09100341796875
2017-03-22 22:00:00,501.2640380859375
2017-03-22 23:00:00,354.0320129394531
2017-03-23,155.27200317382812
2017-03-23 01:00:00,27.07200050354004
2017-03-23 02:00:00,0
2017-03-23 03:00:00,0
2017-03-23 04:00:00,0
2017-03-23 05:00:00,0
2017-03-23 06:00:00,0
2017-03-23 07:00:00,0
2017-03-23 08:00:00,0
2017-03-23 09:00:00,0
2017-03-23 10:00:00,0
2017-03-23 11:00:00,0
2017-03-23 12:00:00,0
2017-03-23 13:00:00,0
2017-03-23 14:00:00,132
2017-03-23 15:00:00,306.4940185546875
2017-03-23 16:00:00,458.5760192871094
2017-03-23 17:00:00,609.87005615234375
2017-03-23 18:00:00,698.72601318359375
2017-03-23 19:00:00,739.5370483398436
2017-03-23 20:00:00,699.133056640625
2017-03-23 21:00:00,607.5050048828125
2017-03-23 22:00:00,482.1530151367187
2017-03-23 23:00:00,341.21600341796875
2017-03-24,166.2320098876953
2017-03-24 01:00:00,30.920001983642575
2017-03-24 02:00:00,0
2017-03-24 03:00:00,0
2017-03-24 04:00:00,0
2017-03-24 05:00:00,0
2017-03-24 06:00:00,0
2017-03-24 07:00:00,0
2017-03-24 08:00:00,0
2017-03-24 09:00:00,0
2017-03-24 10:00:00,0
2017-03-24 11:00:00,0
2017-03-24 12:00:00,0
2017-03-24 13:00:00,0
2017-03-24 14:00:00,107.92000579833984
2017-03-24 15:00:00,268.73602294921875
2017-03-24 16:00:00,400.1160278320313
2017-03-24 17:00:00,530.93499755859375
2017-03-24 18:00:00,692.23004150390625
2017-03-24 19:00:00,732.20001220703125
2017-03-24 20:00:00,692.05303955078125
2017-03-24 21:00:00,648.010009765625
2017-03-24 22:00:00,514.68701171875
2017-03-24 23:00:00,364.96002197265625
2017-03-25,160.93600463867188
2017-03-25 01:00:00,31.748001098632812
2017-03-25 02:00:00,0
2017-03-25 03:00:00,0
2017-03-25 04:00:00,0
2017-03-25 05:00:00,0
2017-03-25 06:00:00,0
2017-03-25 07:00:00,0
2017-03-25 08:00:00,0
2017-03-25 09:00:00,0
2017-03-25 10:00:00,0
2017-03-25 11:00:00,0
2017-03-25 12:00:00,0
2017-03-25 13:00:00,0
2017-03-25 14:00:00,144.5120086669922
2017-03-25 15:00:00,314.34002685546875
2017-03-25 16:00:00,465.8030090332031
2017-03-25 17:00:00,616.72003173828125
2017-03-25 18:00:00,704.83001708984375
2017-03-25 19:00:00,745.05401611328125
2017-03-25 20:00:00,704.02001953125
2017-03-25 21:00:00,589.6610107421875
2017-03-25 22:00:00,468.7010192871094
2017-03-25 23:00:00,332.99200439453125
2017-03-26,168.05601501464844
2017-03-26 01:00:00,34.992000579833984
2017-03-26 02:00:00,0
2017-03-26 03:00:00,0
2017-03-26 04:00:00,0
2017-03-26 05:00:00,0
2017-03-26 06:00:00,0
2017-03-26 07:00:00,0
2017-03-26 08:00:00,0
2017-03-26 09:00:00,0
2017-03-26 10:00:00,0
2017-03-26 11:00:00,0
2017-03-26 12:00:00,0
2017-03-26 13:00:00,0
2017-03-26 14:00:00,138.09600830078125
2017-03-26 15:00:00,268.23101806640625
2017-03-26 16:00:00,395.6130065917969
2017-03-26 17:00:00,522.6490478515625
2017-03-26 18:00:00,553.73004150390625
2017-03-26 19:00:00,584.96405029296875
2017-03-26 20:00:00,552.62005615234375
2017-03-26 21:00:00,530.260009765625
2017-03-26 22:00:00,421.7860107421875
2017-03-26 23:00:00,300.2239990234375
2017-03-27,162.88800048828125
2017-03-27 01:00:00,35.6400032043457
2017-03-27 02:00:00,0
2017-03-27 03:00:00,0
2017-03-27 04:00:00,0
2017-03-27 05:00:00,0
2017-03-27 06:00:00,0
2017-03-27 07:00:00,0
2017-03-27 08:00:00,0
2017-03-27 09:00:00,0
2017-03-27 10:00:00,0
2017-03-27 11:00:00,0
2017-03-27 12:00:00,0
2017-03-27 13:00:00,0
2017-03-27 14:00:00,148.8800048828125
2017-03-27 15:00:00,299.3970031738281
2017-03-27 16:00:00,439.60101318359375
2017-03-27 17:00:00,579.50103759765625
2017-03-27 18:00:00,420.62103271484375
2017-03-27 19:00:00,444.0660095214844
2017-03-27 20:00:00,419.4310302734375
2017-03-27 21:00:00,454.0360107421875
2017-03-27 22:00:00,361.4250183105469
2017-03-27 23:00:00,257.7440185546875
2017-03-28,162.49600219726562
2017-03-28 01:00:00,37.224002838134766
2017-03-28 02:00:00,0
2017-03-28 03:00:00,0
2017-03-28 04:00:00,0
2017-03-28 05:00:00,0
2017-03-28 06:00:00,0
2017-03-28 07:00:00,0
2017-03-28 08:00:00,0
2017-03-28 09:00:00,0
2017-03-28 10:00:00,0
2017-03-28 11:00:00,0
2017-03-28 12:00:00,0
2017-03-28 13:00:00,1.4160000085830688
2017-03-28 14:00:00,117.88800811767578
2017-03-28 15:00:00,207.9480133056641
2017-03-28 16:00:00,303.9670104980469
2017-03-28 17:00:00,399.87103271484375
2017-03-28 18:00:00,386.5600280761719
2017-03-28 19:00:00,407.8650207519531
2017-03-28 20:00:00,385.1490173339844
2017-03-28 21:00:00,332.416015625
2017-03-28 22:00:00,264.78802490234375
2017-03-28 23:00:00,189.1680145263672
2017-03-29,113.33600616455078
2017-03-29 01:00:00,27.09600067138672
2017-03-29 02:00:00,0
2017-03-29 03:00:00,0
2017-03-29 04:00:00,0
2017-03-29 05:00:00,0
2017-03-29 06:00:00,0
2017-03-29 07:00:00,0
2017-03-29 08:00:00,0
2017-03-29 09:00:00,0
2017-03-29 10:00:00,0
2017-03-29 11:00:00,0
2017-03-29 12:00:00,0
2017-03-29 13:00:00,6.0400004386901855
2017-03-29 14:00:00,157.72801208496094
2017-03-29 15:00:00,327.2980041503906
2017-03-29 16:00:00,476.3440246582031
2017-03-29 17:00:00,625.322021484375
2017-03-29 18:00:00,738.8340454101564
2017-03-29 19:00:00,779.08203125
2017-03-29 20:00:00,735.530029296875
2017-03-29 21:00:00,666.4830322265625
2017-03-29 22:00:00,531.2860107421875
2017-03-29 23:00:00,380.2400207519531
2017-03-30,178.46400451660156
2017-03-30 01:00:00,44.400001525878906
2017-03-30 02:00:00,0
2017-03-30 03:00:00,0
2017-03-30 04:00:00,0
2017-03-30 05:00:00,0
2017-03-30 06:00:00,0
2017-03-30 07:00:00,0
2017-03-30 08:00:00,0
2017-03-30 09:00:00,0
2017-03-30 10:00:00,0
2017-03-30 11:00:00,0
2017-03-30 12:00:00,0
2017-03-30 13:00:00,10.120000839233398
2017-03-30 14:00:00,160.24000549316406
2017-03-30 15:00:00,328.43902587890625
2017-03-30 16:00:00,476.02301025390625
2017-03-30 17:00:00,623.61505126953125
2017-03-30 18:00:00,731.3680419921875
2017-03-30 19:00:00,770.7530517578125
2017-03-30 20:00:00,727.510009765625
2017-03-30 21:00:00,660.90802001953125
2017-03-30 22:00:00,527.19403076171875
2017-03-30 23:00:00,377.9840087890625
2017-03-31,173.05601501464844
2017-03-31 01:00:00,44.68800354003906
2017-03-31 02:00:00,0
2017-03-31 03:00:00,0
2017-03-31 04:00:00,0
2017-03-31 05:00:00,0
2017-03-31 06:00:00,0
2017-03-31 07:00:00,0
2017-03-31 08:00:00,0
2017-03-31 09:00:00,0
2017-03-31 10:00:00,0
2017-03-31 11:00:00,0
2017-03-31 12:00:00,0
2017-03-31 13:00:00,13.632000923156738
2017-03-31 14:00:00,157.0880126953125
2017-03-31 15:00:00,314.02801513671875
2017-03-31 16:00:00,453.2350158691406
2017-03-31 17:00:00,592.61199951171875
2017-03-31 18:00:00,615.05902099609375
2017-03-31 19:00:00,647.78900146484375
2017-03-31 20:00:00,611.33001708984375
2017-03-31 21:00:00,555.46002197265625
2017-03-31 22:00:00,443.406005859375
2017-03-31 23:00:00,318.4480285644531
2017-04-01,165.656005859375
2017-04-01 01:00:00,43.8640022277832
2017-04-01 02:00:00,0
2017-04-01 03:00:00,0
2017-04-01 04:00:00,0
2017-04-01 05:00:00,0
2017-04-01 06:00:00,0
2017-04-01 07:00:00,0
2017-04-01 08:00:00,0
2017-04-01 09:00:00,0
2017-04-01 10:00:00,0
2017-04-01 11:00:00,0
2017-04-01 12:00:00,0
2017-04-01 13:00:00,18.832000732421875
2017-04-01 14:00:00,172.5120086669922
2017-04-01 15:00:00,342.5240173339844
2017-04-01 16:00:00,503.5940246582031
2017-04-01 17:00:00,637.79400634765625
2017-04-01 18:00:00,681.0870361328125
2017-04-01 19:00:00,648.9930419921875
2017-04-01 20:00:00,609.53900146484375
2017-04-01 21:00:00,573.9310302734375
2017-04-01 22:00:00,465.78802490234375
2017-04-01 23:00:00,346.6240234375
2017-04-02,161.5360107421875
2017-04-02 01:00:00,44.20000076293945
2017-04-02 02:00:00,0
2017-04-02 03:00:00,0
2017-04-02 04:00:00,0
2017-04-02 05:00:00,0
2017-04-02 06:00:00,0
2017-04-02 07:00:00,0
2017-04-02 08:00:00,0
2017-04-02 09:00:00,0
2017-04-02 10:00:00,0
2017-04-02 11:00:00,0
2017-04-02 12:00:00,0
2017-04-02 13:00:00,23.032001495361328
2017-04-02 14:00:00,176.5600128173828
2017-04-02 15:00:00,351.96502685546875
2017-04-02 16:00:00,515.44500732421875
2017-04-02 17:00:00,651.5570068359375
2017-04-02 18:00:00,737.676025390625
2017-04-02 19:00:00,702.52703857421875
2017-04-02 20:00:00,659.6800537109375
2017-04-02 21:00:00,576.1090087890625
2017-04-02 22:00:00,467.8580322265625
2017-04-02 23:00:00,348.75201416015625
2017-04-03,180.13600158691406
2017-04-03 01:00:00,50.84800338745117
2017-04-03 02:00:00,0
2017-04-03 03:00:00,0
2017-04-03 04:00:00,0
2017-04-03 05:00:00,0
2017-04-03 06:00:00,0
2017-04-03 07:00:00,0
2017-04-03 08:00:00,0
2017-04-03 09:00:00,0
2017-04-03 10:00:00,0
2017-04-03 11:00:00,0
2017-04-03 12:00:00,0
2017-04-03 13:00:00,27.632001876831055
2017-04-03 14:00:00,183.4080047607422
2017-04-03 15:00:00,340.7440185546875
2017-04-03 16:00:00,497.1090087890625
2017-04-03 17:00:00,627.18902587890625
2017-04-03 18:00:00,676.60601806640625
2017-04-03 19:00:00,644.0040283203125
2017-04-03 20:00:00,604.59503173828125
2017-04-03 21:00:00,594.23699951171875
2017-04-03 22:00:00,482.8880310058594
2017-04-03 23:00:00,360.54400634765625
2017-04-04,190.84800720214844
2017-04-04 01:00:00,55.47200393676758
2017-04-04 02:00:00,0
2017-04-04 03:00:00,0
2017-04-04 04:00:00,0
2017-04-04 05:00:00,0
2017-04-04 06:00:00,0
2017-04-04 07:00:00,0
2017-04-04 08:00:00,0
2017-04-04 09:00:00,0
2017-04-04 10:00:00,0
2017-04-04 11:00:00,0
2017-04-04 12:00:00,0
2017-04-04 13:00:00,28.112001419067383
2017-04-04 14:00:00,165.42401123046875
2017-04-04 15:00:00,304.2840270996094
2017-04-04 16:00:00,442.2710266113281
2017-04-04 17:00:00,556.9720458984375
2017-04-04 18:00:00,625.14605712890625
2017-04-04 19:00:00,594.7020263671875
2017-04-04 20:00:00,558.1910400390625
2017-04-04 21:00:00,529.114013671875
2017-04-04 22:00:00,430.2510070800781
2017-04-04 23:00:00,321.7760009765625
2017-04-05,189.77601623535156
2017-04-05 01:00:00,56.71200180053711
2017-04-05 02:00:00,0
2017-04-05 03:00:00,0
2017-04-05 04:00:00,0
2017-04-05 05:00:00,0
2017-04-05 06:00:00,0
2017-04-05 07:00:00,0
2017-04-05 08:00:00,0
2017-04-05 09:00:00,0
2017-04-05 10:00:00,0
2017-04-05 11:00:00,0
2017-04-05 12:00:00,0
2017-04-05 13:00:00,36.72800064086914
2017-04-05 14:00:00,195.15200805664065
2017-04-05 15:00:00,356.177001953125
2017-04-05 16:00:00,515.81500244140625
2017-04-05 17:00:00,648.404052734375
2017-04-05 18:00:00,737.781005859375
2017-04-05 19:00:00,701.446044921875
2017-04-05 20:00:00,658.2630615234375
2017-04-05 21:00:00,598.13201904296875
2017-04-05 22:00:00,486.6990356445313
2017-04-05 23:00:00,364.5760192871094
2017-04-06,175.32000732421875
2017-04-06 01:00:00,53.7920036315918
2017-04-06 02:00:00,0
2017-04-06 03:00:00,0
2017-04-06 04:00:00,0
2017-04-06 05:00:00,0
2017-04-06 06:00:00,0
2017-04-06 07:00:00,0
2017-04-06 08:00:00,0
2017-04-06 09:00:00,0
2017-04-06 10:00:00,0
2017-04-06 11:00:00,0
2017-04-06 12:00:00,0
2017-04-06 13:00:00,39.57600021362305
2017-04-06 14:00:00,192.4260101318359
2017-04-06 15:00:00,367.58203125
2017-04-06 16:00:00,530.44305419921875
2017-04-06 17:00:00,665.623046875
2017-04-06 18:00:00,754.3290405273436
2017-04-06 19:00:00,716.8160400390625
2017-04-06 20:00:00,672.54705810546875
2017-04-06 21:00:00,617.133056640625
2017-04-06 22:00:00,502.46002197265625
2017-04-06 23:00:00,376.97601318359375
2017-04-07,192.1280059814453
2017-04-07 01:00:00,60.448001861572266
2017-04-07 02:00:00,0
2017-04-07 03:00:00,0
2017-04-07 04:00:00,0
2017-04-07 05:00:00,0
2017-04-07 06:00:00,0
2017-04-07 07:00:00,0
2017-04-07 08:00:00,0
2017-04-07 09:00:00,0
2017-04-07 10:00:00,0
2017-04-07 11:00:00,0
2017-04-07 12:00:00,0
2017-04-07 13:00:00,43.61600112915039
2017-04-07 14:00:00,196.13101196289065
2017-04-07 15:00:00,369.7370300292969
2017-04-07 16:00:00,531.718017578125
2017-04-07 17:00:00,666.03802490234375
2017-04-07 18:00:00,676.06304931640625
2017-04-07 19:00:00,642.0980224609375
2017-04-07 20:00:00,602.3330078125
2017-04-07 21:00:00,560.48004150390625
2017-04-07 22:00:00,456.62200927734375
2017-04-07 23:00:00,343.1200256347656
2017-04-08,183.3360137939453
2017-04-08 01:00:00,59.07200241088867
2017-04-08 02:00:00,0
2017-04-08 03:00:00,0
2017-04-08 04:00:00,0
2017-04-08 05:00:00,0
2017-04-08 06:00:00,0
2017-04-08 07:00:00,0
2017-04-08 08:00:00,0
2017-04-08 09:00:00,0
2017-04-08 10:00:00,0
2017-04-08 11:00:00,0
2017-04-08 12:00:00,0
2017-04-08 13:00:00,48.048004150390625
2017-04-08 14:00:00,201.64100646972656
2017-04-08 15:00:00,372.9980163574219
2017-04-08 16:00:00,534.59503173828125
2017-04-08 17:00:00,668.508056640625
2017-04-08 18:00:00,751.5360107421875
2017-04-08 19:00:00,713.4320068359375
2017-04-08 20:00:00,669.12005615234375
2017-04-08 21:00:00,611.404052734375
2017-04-08 22:00:00,498.4310302734375
2017-04-08 23:00:00,375.1200256347656
2017-04-09,196.9440155029297
2017-04-09 01:00:00,64.9280014038086
2017-04-09 02:00:00,0
2017-04-09 03:00:00,0
2017-04-09 04:00:00,0
2017-04-09 05:00:00,0
2017-04-09 06:00:00,0
2017-04-09 07:00:00,0
2017-04-09 08:00:00,0
2017-04-09 09:00:00,0
2017-04-09 10:00:00,0
2017-04-09 11:00:00,0
2017-04-09 12:00:00,0
2017-04-09 13:00:00,52.480003356933594
2017-04-09 14:00:00,207.05601501464844
2017-04-09 15:00:00,325.0610046386719
2017-04-09 16:00:00,464.3540344238281
2017-04-09 17:00:00,579.71099853515625
2017-04-09 18:00:00,686.15301513671875
2017-04-09 19:00:00,651.008056640625
2017-04-09 20:00:00,610.49102783203125
2017-04-09 21:00:00,561.33502197265625
2017-04-09 22:00:00,457.9070129394531
2017-04-09 23:00:00,345.1360168457031
2017-04-10,193.2800140380859
2017-04-10 01:00:00,65.12000274658203
2017-04-10 02:00:00,0
2017-04-10 03:00:00,0
2017-04-10 04:00:00,0
2017-04-10 05:00:00,0
2017-04-10 06:00:00,0
2017-04-10 07:00:00,0
2017-04-10 08:00:00,0
2017-04-10 09:00:00,0
2017-04-10 10:00:00,0
2017-04-10 11:00:00,0
2017-04-10 12:00:00,0
2017-04-10 13:00:00,57.552001953125
2017-04-10 14:00:00,214.8010101318359
2017-04-10 15:00:00,389.3180236816406
2017-04-10 16:00:00,554.37603759765625
2017-04-10 17:00:00,690.968017578125
2017-04-10 18:00:00,731.1190185546875
2017-04-10 19:00:00,693.3480224609375
2017-04-10 20:00:00,650.0760498046875
2017-04-10 21:00:00,599.33001708984375
2017-04-10 22:00:00,489.1930236816406
2017-04-10 23:00:00,369.2860107421875
2017-04-11,207.2320098876953
2017-04-11 01:00:00,71.29600524902344
2017-04-11 02:00:00,0
2017-04-11 03:00:00,0
2017-04-11 04:00:00,0
2017-04-11 05:00:00,0
2017-04-11 06:00:00,0
2017-04-11 07:00:00,0
2017-04-11 08:00:00,0
2017-04-11 09:00:00,0
2017-04-11 10:00:00,0
2017-04-11 11:00:00,0
2017-04-11 12:00:00,0
2017-04-11 13:00:00,61.42400360107422
2017-04-11 14:00:00,217.9410095214844
2017-04-11 15:00:00,391.22802734375
2017-04-11 16:00:00,555.3570556640625
2017-04-11 17:00:00,691.07403564453125
2017-04-11 18:00:00,757.2860107421875
2017-04-11 19:00:00,717.81304931640625
2017-04-11 20:00:00,672.89501953125
2017-04-11 21:00:00,570.69500732421875
2017-04-11 22:00:00,466.113037109375
2017-04-11 23:00:00,352.3860168457031
2017-04-12,206.83201599121097
2017-04-12 01:00:00,72.59200286865234
2017-04-12 02:00:00,0
2017-04-12 03:00:00,0
2017-04-12 04:00:00,0
2017-04-12 05:00:00,0
2017-04-12 06:00:00,0
2017-04-12 07:00:00,0
2017-04-12 08:00:00,0
2017-04-12 09:00:00,0
2017-04-12 10:00:00,0
2017-04-12 11:00:00,0
2017-04-12 12:00:00,0
2017-04-12 13:00:00,61.552001953125
2017-04-12 14:00:00,208.5780029296875
2017-04-12 15:00:00,387.6280212402344
2017-04-12 16:00:00,548.58599853515625
2017-04-12 17:00:00,681.58001708984375
2017-04-12 18:00:00,776.88201904296875
2017-04-12 19:00:00,736.04803466796875
2017-04-12 20:00:00,689.89105224609375
2017-04-12 21:00:00,632.75103759765625
2017-04-12 22:00:00,517.0980224609375
2017-04-12 23:00:00,391.5130310058594
2017-04-13,210.8160095214844
2017-04-13 01:00:00,75.41600036621094
2017-04-13 02:00:00,0
2017-04-13 03:00:00,0
2017-04-13 04:00:00,0
2017-04-13 05:00:00,0
2017-04-13 06:00:00,0
2017-04-13 07:00:00,0
2017-04-13 08:00:00,0
2017-04-13 09:00:00,0
2017-04-13 10:00:00,0
2017-04-13 11:00:00,0
2017-04-13 12:00:00,0
2017-04-13 13:00:00,68.56000518798828
2017-04-13 14:00:00,222.70301818847656
2017-04-13 15:00:00,398.2960205078125
2017-04-13 16:00:00,562.0150146484375
2017-04-13 17:00:00,697.2030029296875
2017-04-13 18:00:00,780.72705078125
2017-04-13 19:00:00,739.341064453125
2017-04-13 20:00:00,692.87506103515625
2017-04-13 21:00:00,633.59906005859375
2017-04-13 22:00:00,518.11102294921875
2017-04-13 23:00:00,392.85101318359375
2017-04-14,216.3280029296875
2017-04-14 01:00:00,78.824005126953125
2017-04-14 02:00:00,0
2017-04-14 03:00:00,0
2017-04-14 04:00:00,0
2017-04-14 05:00:00,0
2017-04-14 06:00:00,0
2017-04-14 07:00:00,0
2017-04-14 08:00:00,0
2017-04-14 09:00:00,0
2017-04-14 10:00:00,0
2017-04-14 11:00:00,0
2017-04-14 12:00:00,0
2017-04-14 13:00:00,73.31200408935547
2017-04-14 14:00:00,229.09100341796875
2017-04-14 15:00:00,389.48101806640625
2017-04-14 16:00:00,547.98699951171875
2017-04-14 17:00:00,678.7650146484375
2017-04-14 18:00:00,753.49005126953125
2017-04-14 19:00:00,713.22601318359375
2017-04-14 20:00:00,668.2950439453125
2017-04-14 21:00:00,635.51300048828125
2017-04-14 22:00:00,519.99603271484375
2017-04-14 23:00:00,394.8420104980469
2017-04-15,217.3280029296875
2017-04-15 01:00:00,80.608001708984375
2017-04-15 02:00:00,0
2017-04-15 03:00:00,0
2017-04-15 04:00:00,0
2017-04-15 05:00:00,0
2017-04-15 06:00:00,0
2017-04-15 07:00:00,0
2017-04-15 08:00:00,0
2017-04-15 09:00:00,0
2017-04-15 10:00:00,0
2017-04-15 11:00:00,0
2017-04-15 12:00:00,0
2017-04-15 13:00:00,76.0320053100586
2017-04-15 14:00:00,229.2250061035156
2017-04-15 15:00:00,400.7160339355469
2017-04-15 16:00:00,562.218017578125
2017-04-15 17:00:00,695.38604736328125
2017-04-15 18:00:00,782.56304931640625
2017-04-15 19:00:00,740.43304443359375
2017-04-15 20:00:00,693.68505859375
2017-04-15 21:00:00,637.0350341796875
2017-04-15 22:00:00,521.55303955078125
2017-04-15 23:00:00,396.5990295410156
2017-04-16,216.864013671875
2017-04-16 01:00:00,81.81600189208984
2017-04-16 02:00:00,0
2017-04-16 03:00:00,0
2017-04-16 04:00:00,0
2017-04-16 05:00:00,0
2017-04-16 06:00:00,0
2017-04-16 07:00:00,0
2017-04-16 08:00:00,0
2017-04-16 09:00:00,0
2017-04-16 10:00:00,0
2017-04-16 11:00:00,0
2017-04-16 12:00:00,0
2017-04-16 13:00:00,79.53600311279297
2017-04-16 14:00:00,231.9900054931641
2017-04-16 15:00:00,403.426025390625
2017-04-16 16:00:00,564.47705078125
2017-04-16 17:00:00,697.1800537109375
2017-04-16 18:00:00,774.52301025390625
2017-04-16 19:00:00,732.5010375976564
2017-04-16 20:00:00,686.1800537109375
2017-04-16 21:00:00,625.4420166015625
2017-04-16 22:00:00,512.36602783203125
2017-04-16 23:00:00,390.1580200195313
2017-04-17,221.2320098876953
2017-04-17 01:00:00,84.832000732421875
2017-04-17 02:00:00,0
2017-04-17 03:00:00,0
2017-04-17 04:00:00,0
2017-04-17 05:00:00,0
2017-04-17 06:00:00,0
2017-04-17 07:00:00,0
2017-04-17 08:00:00,0
2017-04-17 09:00:00,0
2017-04-17 10:00:00,0
2017-04-17 11:00:00,0
2017-04-17 12:00:00,0
2017-04-17 13:00:00,78.8800048828125
2017-04-17 14:00:00,223.0940093994141
2017-04-17 15:00:00,402.8000183105469
2017-04-17 16:00:00,562.11700439453125
2017-04-17 17:00:00,693.2960205078125
2017-04-17 18:00:00,762.364013671875
2017-04-17 19:00:00,720.69805908203125
2017-04-17 20:00:00,675.03204345703125
2017-04-17 21:00:00,587.19403076171875
2017-04-17 22:00:00,481.3210144042969
2017-04-17 23:00:00,367.0330200195313
2017-04-18,207.3520050048828
2017-04-18 01:00:00,80.78400421142578
2017-04-18 02:00:00,0
2017-04-18 03:00:00,0
2017-04-18 04:00:00,0
2017-04-18 05:00:00,0
2017-04-18 06:00:00,0
2017-04-18 07:00:00,0
2017-04-18 08:00:00,0
2017-04-18 09:00:00,0
2017-04-18 10:00:00,0
2017-04-18 11:00:00,0
2017-04-18 12:00:00,0
2017-04-18 13:00:00,85.5840072631836
2017-04-18 14:00:00,235.1820068359375
2017-04-18 15:00:00,394.0390319824219
2017-04-18 16:00:00,548.468017578125
2017-04-18 17:00:00,675.54803466796875
2017-04-18 18:00:00,751.4150390625
2017-04-18 19:00:00,710.06005859375
2017-04-18 20:00:00,664.989013671875
2017-04-18 21:00:00,607.4930419921875
2017-04-18 22:00:00,498.2580261230469
2017-04-18 23:00:00,380.4740295410156
2017-04-19,224.92800903320312
2017-04-19 01:00:00,88.97600555419922
2017-04-19 02:00:00,0
2017-04-19 03:00:00,0
2017-04-19 04:00:00,0
2017-04-19 05:00:00,0
2017-04-19 06:00:00,0
2017-04-19 07:00:00,0
2017-04-19 08:00:00,0
2017-04-19 09:00:00,0
2017-04-19 10:00:00,0
2017-04-19 11:00:00,0
2017-04-19 12:00:00,0
2017-04-19 13:00:00,87.63200378417969
2017-04-19 14:00:00,234.4650115966797
2017-04-19 15:00:00,401.9310302734375
2017-04-19 16:00:00,558.02801513671875
2017-04-19 17:00:00,686.41204833984375
2017-04-19 18:00:00,639.25103759765625
2017-04-19 19:00:00,603.8470458984375
2017-04-19 20:00:00,565.45703125
2017-04-19 21:00:00,550.37200927734375
2017-04-19 22:00:00,451.6710205078125
2017-04-19 23:00:00,345.3830261230469
2017-04-20,225.47201538085935
2017-04-20 01:00:00,90.5040054321289
2017-04-20 02:00:00,0
2017-04-20 03:00:00,0
2017-04-20 04:00:00,0
2017-04-20 05:00:00,0
2017-04-20 06:00:00,0
2017-04-20 07:00:00,0
2017-04-20 08:00:00,0
2017-04-20 09:00:00,0
2017-04-20 10:00:00,0
2017-04-20 11:00:00,0
2017-04-20 12:00:00,0
2017-04-20 13:00:00,93.66400146484376
2017-04-20 14:00:00,244.406005859375
2017-04-20 15:00:00,381.2420043945313
2017-04-20 16:00:00,528.0140380859375
2017-04-20 17:00:00,648.66900634765625
2017-04-20 18:00:00,741.2060546875
2017-04-20 19:00:00,699.8800048828125
2017-04-20 20:00:00,655.3360595703125
2017-04-20 21:00:00,553.9840087890625
2017-04-20 22:00:00,454.9140319824219
2017-04-20 23:00:00,348.32501220703125
2017-04-21,191.77601623535156
2017-04-21 01:00:00,78.08000183105469
2017-04-21 02:00:00,0
2017-04-21 03:00:00,0
2017-04-21 04:00:00,0
2017-04-21 05:00:00,0
2017-04-21 06:00:00,0
2017-04-21 07:00:00,0
2017-04-21 08:00:00,0
2017-04-21 09:00:00,0
2017-04-21 10:00:00,0
2017-04-21 11:00:00,0
2017-04-21 12:00:00,0
2017-04-21 13:00:00,89.34400177001953
2017-04-21 14:00:00,227.7120056152344
2017-04-21 15:00:00,354.1460266113281
2017-04-21 16:00:00,489.3260192871094
2017-04-21 17:00:00,600.3890380859375
2017-04-21 18:00:00,727.06903076171875
2017-04-21 19:00:00,686.27703857421875
2017-04-21 20:00:00,642.51702880859375
2017-04-21 21:00:00,522.9010009765625
2017-04-21 22:00:00,429.6360168457031
2017-04-21 23:00:00,329.426025390625
2017-04-22,124.32000732421876
2017-04-22 01:00:00,51.32000350952149
2017-04-22 02:00:00,0
2017-04-22 03:00:00,0
2017-04-22 04:00:00,0
2017-04-22 05:00:00,0
2017-04-22 06:00:00,0
2017-04-22 07:00:00,0
2017-04-22 08:00:00,0
2017-04-22 09:00:00,0
2017-04-22 10:00:00,0
2017-04-22 11:00:00,0
2017-04-22 12:00:00,0
2017-04-22 13:00:00,60.53600311279297
2017-04-22 14:00:00,150.91700744628906
2017-04-22 15:00:00,322.93402099609375
2017-04-22 16:00:00,445.16802978515625
2017-04-22 17:00:00,545.52001953125
2017-04-22 18:00:00,750.5030517578125
2017-04-22 19:00:00,708.1390380859375
2017-04-22 20:00:00,662.93402099609375
2017-04-22 21:00:00,654.12701416015625
2017-04-22 22:00:00,537.7740478515625
2017-04-22 23:00:00,412.8900146484375
2017-04-23,234.67201232910156
2017-04-23 01:00:00,98.160003662109375
2017-04-23 02:00:00,0
2017-04-23 03:00:00,0
2017-04-23 04:00:00,0
2017-04-23 05:00:00,0
2017-04-23 06:00:00,0
2017-04-23 07:00:00,0
2017-04-23 08:00:00,0
2017-04-23 09:00:00,0
2017-04-23 10:00:00,0
2017-04-23 11:00:00,0
2017-04-23 12:00:00,0
2017-04-23 13:00:00,107.53600311279295
2017-04-23 14:00:00,262.60601806640625
2017-04-23 15:00:00,425.9440307617187
2017-04-23 16:00:00,585.86199951171875
2017-04-23 17:00:00,717.06201171875
2017-04-23 18:00:00,767.1600341796875
2017-04-23 19:00:00,723.623046875
2017-04-23 20:00:00,677.3740234375
2017-04-23 21:00:00,598.06005859375
2017-04-23 22:00:00,491.97802734375
2017-04-23 23:00:00,378.2200317382813
2017-04-24,235.36001586914065
2017-04-24 01:00:00,99.7280044555664
2017-04-24 02:00:00,0
2017-04-24 03:00:00,0
2017-04-24 04:00:00,0
2017-04-24 05:00:00,0
2017-04-24 06:00:00,0
2017-04-24 07:00:00,0
2017-04-24 08:00:00,0
2017-04-24 09:00:00,0
2017-04-24 10:00:00,0
2017-04-24 11:00:00,0
2017-04-24 12:00:00,0
2017-04-24 13:00:00,105.77600860595705
2017-04-24 14:00:00,253.32501220703125
2017-04-24 15:00:00,395.08203125
2017-04-24 16:00:00,542.218017578125
2017-04-24 17:00:00,662.883056640625
2017-04-24 18:00:00,646.760009765625
2017-04-24 19:00:00,609.85601806640625
2017-04-24 20:00:00,570.82904052734375
2017-04-24 21:00:00,538.7950439453125
2017-04-24 22:00:00,443.47601318359375
2017-04-24 23:00:00,341.39501953125
2017-04-25,208.59201049804688
2017-04-25 01:00:00,89.488006591796875
2017-04-25 02:00:00,0
2017-04-25 03:00:00,0
2017-04-25 04:00:00,0
2017-04-25 05:00:00,0
2017-04-25 06:00:00,0
2017-04-25 07:00:00,0
2017-04-25 08:00:00,0
2017-04-25 09:00:00,0
2017-04-25 10:00:00,0
2017-04-25 11:00:00,0
2017-04-25 12:00:00,0
2017-04-25 13:00:00,109.8560028076172
2017-04-25 14:00:00,258.2750244140625
2017-04-25 15:00:00,386.2710266113281
2017-04-25 16:00:00,529
2017-04-25 17:00:00,645.9930419921875
2017-04-25 18:00:00,520.9210205078125
2017-04-25 19:00:00,491.02001953125
2017-04-25 20:00:00,459.5760192871094
2017-04-25 21:00:00,555.9630126953125
2017-04-25 22:00:00,457.8750305175781
2017-04-25 23:00:00,352.9350280761719
2017-04-26,229.8080139160156
2017-04-26 01:00:00,99.79200744628906
2017-04-26 02:00:00,0
2017-04-26 03:00:00,0
2017-04-26 04:00:00,0
2017-04-26 05:00:00,0
2017-04-26 06:00:00,0
2017-04-26 07:00:00,0
2017-04-26 08:00:00,0
2017-04-26 09:00:00,0
2017-04-26 10:00:00,0
2017-04-26 11:00:00,0
2017-04-26 12:00:00,0
2017-04-26 13:00:00,114.2560043334961
2017-04-26 14:00:00,264.0160217285156
2017-04-26 15:00:00,412.51800537109375
2017-04-26 16:00:00,563.79205322265625
2017-04-26 17:00:00,687.73101806640625
2017-04-26 18:00:00,685.3790283203125
2017-04-26 19:00:00,645.864013671875
2017-04-26 20:00:00,604.4560546875
2017-04-26 21:00:00,523.98101806640625
2017-04-26 22:00:00,431.8000183105469
2017-04-26 23:00:00,333.2610168457031
2017-04-27,233.0080108642578
2017-04-27 01:00:00,102.36800384521484
2017-04-27 02:00:00,0
2017-04-27 03:00:00,0
2017-04-27 04:00:00,0
2017-04-27 05:00:00,0
2017-04-27 06:00:00,0
2017-04-27 07:00:00,0
2017-04-27 08:00:00,0
2017-04-27 09:00:00,0
2017-04-27 10:00:00,0
2017-04-27 11:00:00,0
2017-04-27 12:00:00,0
2017-04-27 13:00:00,101.77600860595705
2017-04-27 14:00:00,231.3400115966797
2017-04-27 15:00:00,348.5210266113281
2017-04-27 16:00:00,475.3750305175781
2017-04-27 17:00:00,579.248046875
2017-04-27 18:00:00,626.84503173828125
2017-04-27 19:00:00,590.531005859375
2017-04-27 20:00:00,552.6700439453125
2017-04-27 21:00:00,615.258056640625
2017-04-27 22:00:00,507.2990112304687
2017-04-27 23:00:00,392.0400085449219
2017-04-28,228.32000732421875
2017-04-28 01:00:00,101.44800567626952
2017-04-28 02:00:00,0
2017-04-28 03:00:00,0
2017-04-28 04:00:00,0
2017-04-28 05:00:00,0
2017-04-28 06:00:00,0
2017-04-28 07:00:00,0
2017-04-28 08:00:00,0
2017-04-28 09:00:00,0
2017-04-28 10:00:00,0
2017-04-28 11:00:00,0
2017-04-28 12:00:00,0
2017-04-28 13:00:00,123.1360092163086
2017-04-28 14:00:00,275.5710144042969
2017-04-28 15:00:00,417.1710205078125
2017-04-28 16:00:00,567.906005859375
2017-04-28 17:00:00,691.2650146484375
2017-04-28 18:00:00,701.06805419921875
2017-04-28 19:00:00,660.25701904296875
2017-04-28 20:00:00,617.885009765625
2017-04-28 21:00:00,579.0350341796875
2017-04-28 22:00:00,477.7210083007813
2017-04-28 23:00:00,369.64801025390625
2017-04-29,223.760009765625
2017-04-29 01:00:00,100.52000427246094
2017-04-29 02:00:00,0
2017-04-29 03:00:00,0
2017-04-29 04:00:00,0
2017-04-29 05:00:00,0
2017-04-29 06:00:00,0
2017-04-29 07:00:00,0
2017-04-29 08:00:00,0
2017-04-29 09:00:00,0
2017-04-29 10:00:00,0
2017-04-29 11:00:00,0
2017-04-29 12:00:00,0
2017-04-29 13:00:00,71.5040054321289
2017-04-29 14:00:00,157.68800354003906
2017-04-29 15:00:00,251.70901489257812
2017-04-29 16:00:00,342.0130310058594
2017-04-29 17:00:00,415.9040222167969
2017-04-29 18:00:00,631.0970458984375
2017-04-29 19:00:00,594.20703125
2017-04-29 20:00:00,556.05401611328125
2017-04-29 21:00:00,503.6120300292969
2017-04-29 22:00:00,415.7410278320313
2017-04-29 23:00:00,322.0970153808594
2017-04-30,245.9840087890625
2017-04-30 01:00:00,111.68800354003906
2017-04-30 02:00:00,0
2017-04-30 03:00:00,0
2017-04-30 04:00:00,0
2017-04-30 05:00:00,0
2017-04-30 06:00:00,0
2017-04-30 07:00:00,0
2017-04-30 08:00:00,0
2017-04-30 09:00:00,0
2017-04-30 10:00:00,0
2017-04-30 11:00:00,0
2017-04-30 12:00:00,0
2017-04-30 13:00:00,126.6080093383789
2017-04-30 14:00:00,275.3480224609375
2017-04-30 15:00:00,436.2640075683594
2017-04-30 16:00:00,591.68304443359375
2017-04-30 17:00:00,718.81201171875
2017-04-30 18:00:00,742.5760498046875
2017-04-30 19:00:00,698.9820556640625
2017-04-30 20:00:00,654.09600830078125
2017-04-30 21:00:00,622.16705322265625
2017-04-30 22:00:00,513.89801025390625
2017-04-30 23:00:00,398.6510314941406
2017-05-01,291.5680236816406
2017-05-01 01:00:00,135.0880126953125
2017-05-01 02:00:00,0
2017-05-01 03:00:00,0
2017-05-01 04:00:00,0
2017-05-01 05:00:00,0
2017-05-01 06:00:00,0
2017-05-01 07:00:00,0
2017-05-01 08:00:00,0
2017-05-01 09:00:00,0
2017-05-01 10:00:00,0
2017-05-01 11:00:00,0
2017-05-01 12:00:00,0
2017-05-01 13:00:00,86.4000015258789
2017-05-01 14:00:00,185.42201232910156
2017-05-01 15:00:00,303.3420104980469
2017-05-01 16:00:00,405.6400146484375
2017-05-01 17:00:00,491.2920227050781
2017-05-01 18:00:00,530.03900146484375
2017-05-01 19:00:00,511.8230285644531
2017-05-01 20:00:00,485.447021484375
2017-05-01 21:00:00,602.22003173828125
2017-05-01 22:00:00,496.4580383300781
2017-05-01 23:00:00,384.3000183105469
2017-05-02,282.11199951171875
2017-05-02 01:00:00,132.0240020751953
2017-05-02 02:00:00,0
2017-05-02 03:00:00,0
2017-05-02 04:00:00,0
2017-05-02 05:00:00,0
2017-05-02 06:00:00,0
2017-05-02 07:00:00,0
2017-05-02 08:00:00,0
2017-05-02 09:00:00,0
2017-05-02 10:00:00,0
2017-05-02 11:00:00,0
2017-05-02 12:00:00,0
2017-05-02 13:00:00,137.37600708007812
2017-05-02 14:00:00,291.125
2017-05-02 15:00:00,330.989013671875
2017-05-02 16:00:00,441.8800354003906
2017-05-02 17:00:00,534.656005859375
2017-05-02 18:00:00,590.1190185546875
2017-05-02 19:00:00,569.68701171875
2017-05-02 20:00:00,540.363037109375
2017-05-02 21:00:00,530.0250244140625
2017-05-02 22:00:00,437.2040100097656
2017-05-02 23:00:00,338.8490295410156
2017-05-03,281.6800231933594
2017-05-03 01:00:00,133.11199951171875
2017-05-03 02:00:00,0
2017-05-03 03:00:00,0
2017-05-03 04:00:00,0
2017-05-03 05:00:00,0
2017-05-03 06:00:00,0
2017-05-03 07:00:00,0
2017-05-03 08:00:00,0
2017-05-03 09:00:00,0
2017-05-03 10:00:00,0
2017-05-03 11:00:00,0
2017-05-03 12:00:00,0
2017-05-03 13:00:00,95.88800811767578
2017-05-03 14:00:00,200.81800842285156
2017-05-03 15:00:00,344.85302734375
2017-05-03 16:00:00,459.6160278320313
2017-05-03 17:00:00,555.64501953125
2017-05-03 18:00:00,751.67401123046875
2017-05-03 19:00:00,725.508056640625
2017-05-03 20:00:00,688.12200927734375
2017-05-03 21:00:00,698.3310546875
2017-05-03 22:00:00,576.37005615234375
2017-05-03 23:00:00,447.259033203125
2017-05-04,297.9360046386719
2017-05-04 01:00:00,142.13600158691406
2017-05-04 02:00:00,0
2017-05-04 03:00:00,0
2017-05-04 04:00:00,0
2017-05-04 05:00:00,0
2017-05-04 06:00:00,0
2017-05-04 07:00:00,0
2017-05-04 08:00:00,0
2017-05-04 09:00:00,0
2017-05-04 10:00:00,0
2017-05-04 11:00:00,0
2017-05-04 12:00:00,0
2017-05-04 13:00:00,149.9840087890625
2017-05-04 14:00:00,310.5600280761719
2017-05-04 15:00:00,483.72601318359375
2017-05-04 16:00:00,643.67901611328125
2017-05-04 17:00:00,777.4730224609375
2017-05-04 18:00:00,848.0350341796875
2017-05-04 19:00:00,818.320068359375
2017-05-04 20:00:00,776.17706298828125
2017-05-04 21:00:00,714.8270263671875
2017-05-04 22:00:00,590.34100341796875
2017-05-04 23:00:00,458.6510314941406
2017-05-05,294.6720275878906
2017-05-05 01:00:00,141.87200927734375
2017-05-05 02:00:00,0
2017-05-05 03:00:00,0
2017-05-05 04:00:00,0
2017-05-05 05:00:00,0
2017-05-05 06:00:00,0
2017-05-05 07:00:00,0
2017-05-05 08:00:00,0
2017-05-05 09:00:00,0
2017-05-05 10:00:00,0
2017-05-05 11:00:00,0
2017-05-05 12:00:00,0
2017-05-05 13:00:00,153.50401306152344
2017-05-05 14:00:00,314.4570007324219
2017-05-05 15:00:00,487.2040100097656
2017-05-05 16:00:00,647.30804443359375
2017-05-05 17:00:00,781.2110595703125
2017-05-05 18:00:00,852.67205810546875
2017-05-05 19:00:00,822.623046875
2017-05-05 20:00:00,780.260009765625
2017-05-05 21:00:00,719.67901611328125
2017-05-05 22:00:00,594.68402099609375
2017-05-05 23:00:00,462.5630187988281
2017-05-06,305.44000244140625
2017-05-06 01:00:00,148.37600708007812
2017-05-06 02:00:00,0
2017-05-06 03:00:00,0
2017-05-06 04:00:00,0
2017-05-06 05:00:00,0
2017-05-06 06:00:00,0
2017-05-06 07:00:00,0
2017-05-06 08:00:00,0
2017-05-06 09:00:00,0
2017-05-06 10:00:00,0
2017-05-06 11:00:00,0
2017-05-06 12:00:00,0
2017-05-06 13:00:00,156.8800048828125
2017-05-06 14:00:00,318.1000061035156
2017-05-06 15:00:00,490.8680114746094
2017-05-06 16:00:00,651.22003173828125
2017-05-06 17:00:00,785.2900390625
2017-05-06 18:00:00,847.0560302734375
2017-05-06 19:00:00,817.07501220703125
2017-05-06 20:00:00,775.01104736328125
2017-05-06 21:00:00,623.69305419921875
2017-05-06 22:00:00,515.6600341796875
2017-05-06 23:00:00,401.5870056152344
2017-05-07,299.0559997558594
2017-05-07 01:00:00,146.54400634765625
2017-05-07 02:00:00,0
2017-05-07 03:00:00,0
2017-05-07 04:00:00,0
2017-05-07 05:00:00,0
2017-05-07 06:00:00,0
2017-05-07 07:00:00,0
2017-05-07 08:00:00,0
2017-05-07 09:00:00,0
2017-05-07 10:00:00,0
2017-05-07 11:00:00,0
2017-05-07 12:00:00,0
2017-05-07 13:00:00,149.79200744628906
2017-05-07 14:00:00,300.7760009765625
2017-05-07 15:00:00,459.1260070800781
2017-05-07 16:00:00,608.23504638671875
2017-05-07 17:00:00,732.9140625
2017-05-07 18:00:00,792.05401611328125
2017-05-07 19:00:00,763.8700561523436
2017-05-07 20:00:00,724.57403564453125
2017-05-07 21:00:00,627.7900390625
2017-05-07 22:00:00,519.37603759765625
2017-05-07 23:00:00,404.93701171875
2017-05-08,265.9200134277344
2017-05-08 01:00:00,131.4080047607422
2017-05-08 02:00:00,0
2017-05-08 03:00:00,0
2017-05-08 04:00:00,0
2017-05-08 05:00:00,0
2017-05-08 06:00:00,0
2017-05-08 07:00:00,0
2017-05-08 08:00:00,0
2017-05-08 09:00:00,0
2017-05-08 10:00:00,0
2017-05-08 11:00:00,0
2017-05-08 12:00:00,1.496000051498413
2017-05-08 13:00:00,157.6160125732422
2017-05-08 14:00:00,313.5630187988281
2017-05-08 15:00:00,431.70501708984375
2017-05-08 16:00:00,571.0760498046875
2017-05-08 17:00:00,687.6240234375
2017-05-08 18:00:00,687.010009765625
2017-05-08 19:00:00,662.47900390625
2017-05-08 20:00:00,628.42803955078125
2017-05-08 21:00:00,475.9840087890625
2017-05-08 22:00:00,393.99700927734375
2017-05-08 23:00:00,307.5470275878906
2017-05-09,239.47201538085935
2017-05-09 01:00:00,119.31200408935548
2017-05-09 02:00:00,0
2017-05-09 03:00:00,0
2017-05-09 04:00:00,0
2017-05-09 05:00:00,0
2017-05-09 06:00:00,0
2017-05-09 07:00:00,0
2017-05-09 08:00:00,0
2017-05-09 09:00:00,0
2017-05-09 10:00:00,0
2017-05-09 11:00:00,0
2017-05-09 12:00:00,4.28000020980835
2017-05-09 13:00:00,159.0240020751953
2017-05-09 14:00:00,313.59002685546875
2017-05-09 15:00:00,470.31402587890625
2017-05-09 16:00:00,621.3260498046875
2017-05-09 17:00:00,747.614013671875
2017-05-09 18:00:00,799.30303955078125
2017-05-09 19:00:00,770.65106201171875
2017-05-09 20:00:00,731.02801513671875
2017-05-09 21:00:00,639.904052734375
2017-05-09 22:00:00,529.98101806640625
2017-05-09 23:00:00,414.1770324707031
2017-05-10,294.8480224609375
2017-05-10 01:00:00,148.07200622558594
2017-05-10 02:00:00,0
2017-05-10 03:00:00,0
2017-05-10 04:00:00,0
2017-05-10 05:00:00,0
2017-05-10 06:00:00,0
2017-05-10 07:00:00,0
2017-05-10 08:00:00,0
2017-05-10 09:00:00,0
2017-05-10 10:00:00,0
2017-05-10 11:00:00,0
2017-05-10 12:00:00,6.392000198364258
2017-05-10 13:00:00,147.4560089111328
2017-05-10 14:00:00,288.3340148925781
2017-05-10 15:00:00,336.4520263671875
2017-05-10 16:00:00,443.916015625
2017-05-10 17:00:00,533.7640380859375
2017-05-10 18:00:00,522.425048828125
2017-05-10 19:00:00,503.6020202636719
2017-05-10 20:00:00,477.7710266113281
2017-05-10 21:00:00,558.92401123046875
2017-05-10 22:00:00,463.1810302734375
2017-05-10 23:00:00,362.3890075683594
2017-05-11,294.6080017089844
2017-05-11 01:00:00,149.10400390625
2017-05-11 02:00:00,2.632000207901001
2017-05-11 03:00:00,0
2017-05-11 04:00:00,0
2017-05-11 05:00:00,0
2017-05-11 06:00:00,0
2017-05-11 07:00:00,0
2017-05-11 08:00:00,0
2017-05-11 09:00:00,0
2017-05-11 10:00:00,0
2017-05-11 11:00:00,0
2017-05-11 12:00:00,9.928000450134276
2017-05-11 13:00:00,168.6400146484375
2017-05-11 14:00:00,327.155029296875
2017-05-11 15:00:00,497.3230285644531
2017-05-11 16:00:00,655.34405517578125
2017-05-11 17:00:00,787.4840087890625
2017-05-11 18:00:00,861.0250244140625
2017-05-11 19:00:00,829.9530639648436
2017-05-11 20:00:00,787.39703369140625
2017-05-11 21:00:00,729.72802734375
2017-05-11 22:00:00,605.06805419921875
2017-05-11 23:00:00,473.9280090332031
2017-05-12,314.06402587890625
2017-05-12 01:00:00,160.15200805664062
2017-05-12 02:00:00,6.436000347137451
2017-05-12 03:00:00,0
2017-05-12 04:00:00,0
2017-05-12 05:00:00,0
2017-05-12 06:00:00,0
2017-05-12 07:00:00,0
2017-05-12 08:00:00,0
2017-05-12 09:00:00,0
2017-05-12 10:00:00,0
2017-05-12 11:00:00,0
2017-05-12 12:00:00,12.736001014709473
2017-05-12 13:00:00,173.2480010986328
2017-05-12 14:00:00,333.5530090332031
2017-05-12 15:00:00,506.56103515625
2017-05-12 16:00:00,666.7220458984375
2017-05-12 17:00:00,800.63201904296875
2017-05-12 18:00:00,869.18304443359375
2017-05-12 19:00:00,837.69305419921875
2017-05-12 20:00:00,794.7960205078125
2017-05-12 21:00:00,731.2880249023436
2017-05-12 22:00:00,606.72003173828125
2017-05-12 23:00:00,475.7540283203125
2017-05-13,309.6000061035156
2017-05-13 01:00:00,159.0240020751953
2017-05-13 02:00:00,8.656000137329102
2017-05-13 03:00:00,0
2017-05-13 04:00:00,0
2017-05-13 05:00:00,0
2017-05-13 06:00:00,0
2017-05-13 07:00:00,0
2017-05-13 08:00:00,0
2017-05-13 09:00:00,0
2017-05-13 10:00:00,0
2017-05-13 11:00:00,0
2017-05-13 12:00:00,15.09600067138672
2017-05-13 13:00:00,172.7840118408203
2017-05-13 14:00:00,330.2580261230469
2017-05-13 15:00:00,501.5160217285156
2017-05-13 16:00:00,659.3360595703125
2017-05-13 17:00:00,791.30303955078125
2017-05-13 18:00:00,858.10003662109375
2017-05-13 19:00:00,826.9170532226564
2017-05-13 20:00:00,784.6210327148436
2017-05-13 21:00:00,718.56304931640625
2017-05-13 22:00:00,596.49200439453125
2017-05-13 23:00:00,468.24603271484375
2017-05-14,310.09600830078125
2017-05-14 01:00:00,160.41600036621094
2017-05-14 02:00:00,10.93600082397461
2017-05-14 03:00:00,0
2017-05-14 04:00:00,0
2017-05-14 05:00:00,0
2017-05-14 06:00:00,0
2017-05-14 07:00:00,0
2017-05-14 08:00:00,0
2017-05-14 09:00:00,0
2017-05-14 10:00:00,0
2017-05-14 11:00:00,0
2017-05-14 12:00:00,17.672000885009766
2017-05-14 13:00:00,175.95201110839844
2017-05-14 14:00:00,334.030029296875
2017-05-14 15:00:00,479.64801025390625
2017-05-14 16:00:00,629.905029296875
2017-05-14 17:00:00,755.52801513671875
2017-05-14 18:00:00,814.0250244140625
2017-05-14 19:00:00,784.3900146484375
2017-05-14 20:00:00,744.322021484375
2017-05-14 21:00:00,648.2640380859375
2017-05-14 22:00:00,538.4420166015625
2017-05-14 23:00:00,423.1380310058594
2017-05-15,313.0240173339844
2017-05-15 01:00:00,163.04800415039062
2017-05-15 02:00:00,13.2760009765625
2017-05-15 03:00:00,0
2017-05-15 04:00:00,0
2017-05-15 05:00:00,0
2017-05-15 06:00:00,0
2017-05-15 07:00:00,0
2017-05-15 08:00:00,0
2017-05-15 09:00:00,0
2017-05-15 10:00:00,0
2017-05-15 11:00:00,0
2017-05-15 12:00:00,20.280000686645508
2017-05-15 13:00:00,179.7760009765625
2017-05-15 14:00:00,339.0610046386719
2017-05-15 15:00:00,506.3160095214844
2017-05-15 16:00:00,664.2110595703125
2017-05-15 17:00:00,796.22406005859375
2017-05-15 18:00:00,869.77001953125
2017-05-15 19:00:00,838.02703857421875
2017-05-15 20:00:00,795.301025390625
2017-05-15 21:00:00,686.48101806640625
2017-05-15 22:00:00,570.51300048828125
2017-05-15 23:00:00,448.83502197265625
2017-05-16,303.4560241699219
2017-05-16 01:00:00,159.1280059814453
2017-05-16 02:00:00,14.988000869750977
2017-05-16 03:00:00,0
2017-05-16 04:00:00,0
2017-05-16 05:00:00,0
2017-05-16 06:00:00,0
2017-05-16 07:00:00,0
2017-05-16 08:00:00,0
2017-05-16 09:00:00,0
2017-05-16 10:00:00,0
2017-05-16 11:00:00,0
2017-05-16 12:00:00,22.72800064086914
2017-05-16 13:00:00,182.5760040283203
2017-05-16 14:00:00,342.18701171875
2017-05-16 15:00:00,512.2130126953125
2017-05-16 16:00:00,671.27203369140625
2017-05-16 17:00:00,804.26904296875
2017-05-16 18:00:00,841.1290283203125
2017-05-16 19:00:00,810.35504150390625
2017-05-16 20:00:00,769.1190185546875
2017-05-16 21:00:00,656.8470458984375
2017-05-16 22:00:00,546.1820068359375
2017-05-16 23:00:00,430.1410217285156
2017-05-17,283.63201904296875
2017-05-17 01:00:00,149.69601440429688
2017-05-17 02:00:00,15.94400119781494
2017-05-17 03:00:00,0
2017-05-17 04:00:00,0
2017-05-17 05:00:00,0
2017-05-17 06:00:00,0
2017-05-17 07:00:00,0
2017-05-17 08:00:00,0
2017-05-17 09:00:00,0
2017-05-17 10:00:00,0
2017-05-17 11:00:00,0
2017-05-17 12:00:00,24.832000732421875
2017-05-17 13:00:00,183.1840057373047
2017-05-17 14:00:00,341.3270263671875
2017-05-17 15:00:00,500.405029296875
2017-05-17 16:00:00,655.17401123046875
2017-05-17 17:00:00,784.56903076171875
2017-05-17 18:00:00,805.7500610351564
2017-05-17 19:00:00,776.2500610351564
2017-05-17 20:00:00,736.82305908203125
2017-05-17 21:00:00,660.426025390625
2017-05-17 22:00:00,549.46099853515625
2017-05-17 23:00:00,433.1770324707031
2017-05-18,272.99200439453125
2017-05-18 01:00:00,144.99200439453125
2017-05-18 02:00:00,17.160001754760742
2017-05-18 03:00:00,0
2017-05-18 04:00:00,0
2017-05-18 05:00:00,0
2017-05-18 06:00:00,0
2017-05-18 07:00:00,0
2017-05-18 08:00:00,0
2017-05-18 09:00:00,0
2017-05-18 10:00:00,0
2017-05-18 11:00:00,0
2017-05-18 12:00:00,21.68000030517578
2017-05-18 13:00:00,148.49600219726562
2017-05-18 14:00:00,275.14801025390625
2017-05-18 15:00:00,380.8440246582031
2017-05-18 16:00:00,498.1720275878906
2017-05-18 17:00:00,596.2950439453125
2017-05-18 18:00:00,670.8590087890625
2017-05-18 19:00:00,646.2640380859375
2017-05-18 20:00:00,613.4930419921875
2017-05-18 21:00:00,572.39703369140625
2017-05-18 22:00:00,476.4860229492187
2017-05-18 23:00:00,376.0450134277344
2017-05-19,284.4000244140625
2017-05-19 01:00:00,151.9840087890625
2017-05-19 02:00:00,19.720001220703125
2017-05-19 03:00:00,0
2017-05-19 04:00:00,0
2017-05-19 05:00:00,0
2017-05-19 06:00:00,0
2017-05-19 07:00:00,0
2017-05-19 08:00:00,0
2017-05-19 09:00:00,0
2017-05-19 10:00:00,0
2017-05-19 11:00:00,0
2017-05-19 12:00:00,25.400001525878903
2017-05-19 13:00:00,162.9600067138672
2017-05-19 14:00:00,300.34600830078125
2017-05-19 15:00:00,448.6170349121094
2017-05-19 16:00:00,586.302001953125
2017-05-19 17:00:00,701.46405029296875
2017-05-19 18:00:00,741.362060546875
2017-05-19 19:00:00,714.14202880859375
2017-05-19 20:00:00,678.029052734375
2017-05-19 21:00:00,644.50604248046875
2017-05-19 22:00:00,536.8270263671875
2017-05-19 23:00:00,424.0870056152344
2017-05-20,306.4000244140625
2017-05-20 01:00:00,164.71200561523438
2017-05-20 02:00:00,23.19200134277344
2017-05-20 03:00:00,0
2017-05-20 04:00:00,0
2017-05-20 05:00:00,0
2017-05-20 06:00:00,0
2017-05-20 07:00:00,0
2017-05-20 08:00:00,0
2017-05-20 09:00:00,0
2017-05-20 10:00:00,0
2017-05-20 11:00:00,0
2017-05-20 12:00:00,30.464000701904297
2017-05-20 13:00:00,184.4480133056641
2017-05-20 14:00:00,338.2450256347656
2017-05-20 15:00:00,500.1560363769531
2017-05-20 16:00:00,653.13104248046875
2017-05-20 17:00:00,781.0870361328125
2017-05-20 18:00:00,866.8720703125
2017-05-20 19:00:00,835.02703857421875
2017-05-20 20:00:00,792.8750610351564
2017-05-20 21:00:00,747.9120483398436
2017-05-20 22:00:00,623.29803466796875
2017-05-20 23:00:00,492.89801025390625
2017-05-21,333.9200134277344
2017-05-21 01:00:00,180.5360107421875
2017-05-21 02:00:00,27.328001022338867
2017-05-21 03:00:00,0
2017-05-21 04:00:00,0
2017-05-21 05:00:00,0
2017-05-21 06:00:00,0
2017-05-21 07:00:00,0
2017-05-21 08:00:00,0
2017-05-21 09:00:00,0
2017-05-21 10:00:00,0
2017-05-21 11:00:00,0
2017-05-21 12:00:00,32.6879997253418
2017-05-21 13:00:00,187.9040069580078
2017-05-21 14:00:00,342.947021484375
2017-05-21 15:00:00,490.2560119628906
2017-05-21 16:00:00,639.677001953125
2017-05-21 17:00:00,764.69805908203125
2017-05-21 18:00:00,805.42401123046875
2017-05-21 19:00:00,775.80401611328125
2017-05-21 20:00:00,736.7430419921875
2017-05-21 21:00:00,670.68902587890625
2017-05-21 22:00:00,559.23004150390625
2017-05-21 23:00:00,442.6700134277344
2017-05-22,270.0480041503906
2017-05-22 01:00:00,146.82400512695312
2017-05-22 02:00:00,23.72800064086914
2017-05-22 03:00:00,0
2017-05-22 04:00:00,0
2017-05-22 05:00:00,0
2017-05-22 06:00:00,0
2017-05-22 07:00:00,0
2017-05-22 08:00:00,0
2017-05-22 09:00:00,0
2017-05-22 10:00:00,0
2017-05-22 11:00:00,0
2017-05-22 12:00:00,34.7760009765625
2017-05-22 13:00:00,190.83201599121097
2017-05-22 14:00:00,346.7250061035156
2017-05-22 15:00:00,506.18902587890625
2017-05-22 16:00:00,659.97100830078125
2017-05-22 17:00:00,788.6610107421875
2017-05-22 18:00:00,681.1280517578125
2017-05-22 19:00:00,656.09600830078125
2017-05-22 20:00:00,623.13201904296875
2017-05-22 21:00:00,552.81103515625
2017-05-22 22:00:00,461.18701171875
2017-05-22 23:00:00,365.4220275878906
2017-05-23,311.18402099609375
2017-05-23 01:00:00,170.10400390625
2017-05-23 02:00:00,29.160001754760746
2017-05-23 03:00:00,0
2017-05-23 04:00:00,0
2017-05-23 05:00:00,0
2017-05-23 06:00:00,0
2017-05-23 07:00:00,0
2017-05-23 08:00:00,0
2017-05-23 09:00:00,0
2017-05-23 10:00:00,0
2017-05-23 11:00:00,0
2017-05-23 12:00:00,37.12000274658203
2017-05-23 13:00:00,195.36001586914065
2017-05-23 14:00:00,353.4320068359375
2017-05-23 15:00:00,521.63201904296875
2017-05-23 16:00:00,679.62200927734375
2017-05-23 17:00:00,811.86102294921875
2017-05-23 18:00:00,818.22503662109375
2017-05-23 19:00:00,788.13702392578125
2017-05-23 20:00:00,748.6260375976564
2017-05-23 21:00:00,673.9420166015625
2017-05-23 22:00:00,562.5460205078125
2017-05-23 23:00:00,446.1780090332031
2017-05-24,337.87200927734375
2017-05-24 01:00:00,185.66400146484375
2017-05-24 02:00:00,33.592002868652344
2017-05-24 03:00:00,0
2017-05-24 04:00:00,0
2017-05-24 05:00:00,0
2017-05-24 06:00:00,0
2017-05-24 07:00:00,0
2017-05-24 08:00:00,0
2017-05-24 09:00:00,0
2017-05-24 10:00:00,0
2017-05-24 11:00:00,0
2017-05-24 12:00:00,38.2400016784668
2017-05-24 13:00:00,193.79200744628903
2017-05-24 14:00:00,349.2010192871094
2017-05-24 15:00:00,517.46002197265625
2017-05-24 16:00:00,673.73101806640625
2017-05-24 17:00:00,804.550048828125
2017-05-24 18:00:00,872.862060546875
2017-05-24 19:00:00,840.75506591796875
2017-05-24 20:00:00,798.74102783203125
2017-05-24 21:00:00,737.9610595703125
2017-05-24 22:00:00,616.31304931640625
2017-05-24 23:00:00,489.2780151367187
2017-05-25,335.552001953125
2017-05-25 01:00:00,185.3280029296875
2017-05-25 02:00:00,35.21600341796875
2017-05-25 03:00:00,0
2017-05-25 04:00:00,0
2017-05-25 05:00:00,0
2017-05-25 06:00:00,0
2017-05-25 07:00:00,0
2017-05-25 08:00:00,0
2017-05-25 09:00:00,0
2017-05-25 10:00:00,0
2017-05-25 11:00:00,0
2017-05-25 12:00:00,39.20000076293945
2017-05-25 13:00:00,191.8880157470703
2017-05-25 14:00:00,344.44403076171875
2017-05-25 15:00:00,505.0040283203125
2017-05-25 16:00:00,657.11102294921875
2017-05-25 17:00:00,784.4630126953125
2017-05-25 18:00:00,758.93603515625
2017-05-25 19:00:00,731.072021484375
2017-05-25 20:00:00,694.6080322265625
2017-05-25 21:00:00,526.22100830078125
2017-05-25 22:00:00,439.70703125
2017-05-25 23:00:00,349.4070129394531
2017-05-26,270.28802490234375
2017-05-26 01:00:00,150.0080108642578
2017-05-26 02:00:00,29.82400131225586
2017-05-26 03:00:00,0
2017-05-26 04:00:00,0
2017-05-26 05:00:00,0
2017-05-26 06:00:00,0
2017-05-26 07:00:00,0
2017-05-26 08:00:00,0
2017-05-26 09:00:00,0
2017-05-26 10:00:00,0
2017-05-26 11:00:00,0
2017-05-26 12:00:00,40.560001373291016
2017-05-26 13:00:00,192.48001098632812
2017-05-26 14:00:00,344.31500244140625
2017-05-26 15:00:00,461.7740173339844
2017-05-26 16:00:00,600.5
2017-05-26 17:00:00,716.68804931640625
2017-05-26 18:00:00,747.2100219726564
2017-05-26 19:00:00,719.7750244140625
2017-05-26 20:00:00,683.9940185546875
2017-05-26 21:00:00,646.21905517578125
2017-05-26 22:00:00,540.2740478515625
2017-05-26 23:00:00,429.7000122070313
2017-05-27,325.4880065917969
2017-05-27 01:00:00,181.5120086669922
2017-05-27 02:00:00,37.61600112915039
2017-05-27 03:00:00,0
2017-05-27 04:00:00,0
2017-05-27 05:00:00,0
2017-05-27 06:00:00,0
2017-05-27 07:00:00,0
2017-05-27 08:00:00,0
2017-05-27 09:00:00,0
2017-05-27 10:00:00,0
2017-05-27 11:00:00,0
2017-05-27 12:00:00,32.0160026550293
2017-05-27 13:00:00,147.69601440429688
2017-05-27 14:00:00,263.32000732421875
2017-05-27 15:00:00,276.2860107421875
2017-05-27 16:00:00,359.11102294921875
2017-05-27 17:00:00,428.4770202636719
2017-05-27 18:00:00,467.4060363769531
2017-05-27 19:00:00,450.2580261230469
2017-05-27 20:00:00,427.9490051269531
2017-05-27 21:00:00,615.8470458984375
2017-05-27 22:00:00,515.12603759765625
2017-05-27 23:00:00,410.0780334472656
2017-05-28,283.7760009765625
2017-05-28 01:00:00,158.97601318359375
2017-05-28 02:00:00,34.23200225830078
2017-05-28 03:00:00,0
2017-05-28 04:00:00,0
2017-05-28 05:00:00,0
2017-05-28 06:00:00,0
2017-05-28 07:00:00,0
2017-05-28 08:00:00,0
2017-05-28 09:00:00,0
2017-05-28 10:00:00,0
2017-05-28 11:00:00,0
2017-05-28 12:00:00,44.224002838134766
2017-05-28 13:00:00,198.8000030517578
2017-05-28 14:00:00,353.3060302734375
2017-05-28 15:00:00,516.9990234375
2017-05-28 16:00:00,671.60601806640625
2017-05-28 17:00:00,801.15301513671875
2017-05-28 18:00:00,869.6180419921875
2017-05-28 19:00:00,837.7530517578125
2017-05-28 20:00:00,796.36505126953125
2017-05-28 21:00:00,661.60504150390625
2017-05-28 22:00:00,553.6810302734375
2017-05-28 23:00:00,441.14501953125
2017-05-29,320.3360290527344
2017-05-29 01:00:00,180.25601196289065
2017-05-29 02:00:00,40.21600341796875
2017-05-29 03:00:00,0
2017-05-29 04:00:00,0
2017-05-29 05:00:00,0
2017-05-29 06:00:00,0
2017-05-29 07:00:00,0
2017-05-29 08:00:00,0
2017-05-29 09:00:00,0
2017-05-29 10:00:00,0
2017-05-29 11:00:00,0
2017-05-29 12:00:00,45.29600143432617
2017-05-29 13:00:00,198.91700744628903
2017-05-29 14:00:00,352.48602294921875
2017-05-29 15:00:00,516.60205078125
2017-05-29 16:00:00,670.781005859375
2017-05-29 17:00:00,799.97802734375
2017-05-29 18:00:00,825.10504150390625
2017-05-29 19:00:00,794.89105224609375
2017-05-29 20:00:00,755.7510375976564
2017-05-29 21:00:00,687.62200927734375
2017-05-29 22:00:00,575.72802734375
2017-05-29 23:00:00,459.12701416015625
2017-05-30,340.7200012207031
2017-05-30 01:00:00,192.552001953125
2017-05-30 02:00:00,44.400001525878906
2017-05-30 03:00:00,0
2017-05-30 04:00:00,0
2017-05-30 05:00:00,0
2017-05-30 06:00:00,0
2017-05-30 07:00:00,0
2017-05-30 08:00:00,0
2017-05-30 09:00:00,0
2017-05-30 10:00:00,0
2017-05-30 11:00:00,0
2017-05-30 12:00:00,46.47200393676758
2017-05-30 13:00:00,199.739013671875
2017-05-30 14:00:00,352.9800109863281
2017-05-30 15:00:00,516.81201171875
2017-05-30 16:00:00,670.7490234375
2017-05-30 17:00:00,799.7950439453125
2017-05-30 18:00:00,868.2210693359375
2017-05-30 19:00:00,836.47802734375
2017-05-30 20:00:00,795.42205810546875
2017-05-30 21:00:00,736.739013671875
2017-05-30 22:00:00,617.16802978515625
2017-05-30 23:00:00,492.5780334472656
2017-05-31,334.656005859375
2017-05-31 01:00:00,189.9040069580078
2017-05-31 02:00:00,45.152000427246094
2017-05-31 03:00:00,0
2017-05-31 04:00:00,0
2017-05-31 05:00:00,0
2017-05-31 06:00:00,0
2017-05-31 07:00:00,0
2017-05-31 08:00:00,0
2017-05-31 09:00:00,0
2017-05-31 10:00:00,0
2017-05-31 11:00:00,0
2017-05-31 12:00:00,43.88800048828125
2017-05-31 13:00:00,185.0070037841797
2017-05-31 14:00:00,326.13800048828125
2017-05-31 15:00:00,506.95703125
2017-05-31 16:00:00,657.69500732421875
2017-05-31 17:00:00,784.09906005859375
2017-05-31 18:00:00,849.967041015625
2017-05-31 19:00:00,818.9610595703125
2017-05-31 20:00:00,778.8890380859375
2017-05-31 21:00:00,734.0450439453125
2017-05-31 22:00:00,615.21502685546875
2017-05-31 23:00:00,491.4300231933594
2017-06-01,329.21600341796875
2017-06-01 01:00:00,187.56800842285156
2017-06-01 02:00:00,45.88800048828125
2017-06-01 03:00:00,0
2017-06-01 04:00:00,0
2017-06-01 05:00:00,0
2017-06-01 06:00:00,0
2017-06-01 07:00:00,0
2017-06-01 08:00:00,0
2017-06-01 09:00:00,0
2017-06-01 10:00:00,0
2017-06-01 11:00:00,0
2017-06-01 12:00:00,51.26400375366211
2017-06-01 13:00:00,212.33401489257812
2017-06-01 14:00:00,373.4520263671875
2017-06-01 15:00:00,499.6530151367187
2017-06-01 16:00:00,629.37701416015625
2017-06-01 17:00:00,735.6170654296875
2017-06-01 18:00:00,725.322021484375
2017-06-01 19:00:00,707.550048828125
2017-06-01 20:00:00,650.06500244140625
2017-06-01 21:00:00,590.5989990234375
2017-06-01 22:00:00,503.2030334472656
2017-06-01 23:00:00,409.62701416015625
2017-06-02,310.4960021972656
2017-06-02 01:00:00,177.5760040283203
2017-06-02 02:00:00,44.612003326416016
2017-06-02 03:00:00,0
2017-06-02 04:00:00,0
2017-06-02 05:00:00,0
2017-06-02 06:00:00,0
2017-06-02 07:00:00,0
2017-06-02 08:00:00,0
2017-06-02 09:00:00,0
2017-06-02 10:00:00,0
2017-06-02 11:00:00,0
2017-06-02 12:00:00,48.84000396728515
2017-06-02 13:00:00,199.10400390625
2017-06-02 14:00:00,349.4070129394531
2017-06-02 15:00:00,419.3820190429687
2017-06-02 16:00:00,528.07501220703125
2017-06-02 17:00:00,617.1510009765625
2017-06-02 18:00:00,598.02001953125
2017-06-02 19:00:00,583.40203857421875
2017-06-02 20:00:00,536.1199951171875
2017-06-02 21:00:00,519.71099853515625
2017-06-02 22:00:00,443.0180358886719
2017-06-02 23:00:00,360.91900634765625
2017-06-03,296.8960266113281
2017-06-03 01:00:00,170.4320068359375
2017-06-03 02:00:00,43.88800048828125
2017-06-03 03:00:00,0
2017-06-03 04:00:00,0
2017-06-03 05:00:00,0
2017-06-03 06:00:00,0
2017-06-03 07:00:00,0
2017-06-03 08:00:00,0
2017-06-03 09:00:00,0
2017-06-03 10:00:00,0
2017-06-03 11:00:00,0
2017-06-03 12:00:00,52.552001953125
2017-06-03 13:00:00,211.16200256347656
2017-06-03 14:00:00,369.87103271484375
2017-06-03 15:00:00,526.44305419921875
2017-06-03 16:00:00,662.696044921875
2017-06-03 17:00:00,774.39703369140625
2017-06-03 18:00:00,749.6640625
2017-06-03 19:00:00,731.4200439453125
2017-06-03 20:00:00,672.24505615234375
2017-06-03 21:00:00,566.79205322265625
2017-06-03 22:00:00,483.39501953125
2017-06-03 23:00:00,394.0970153808594
2017-06-04,333.85601806640625
2017-06-04 01:00:00,192.32000732421875
2017-06-04 02:00:00,50.68800354003906
2017-06-04 03:00:00,0
2017-06-04 04:00:00,0
2017-06-04 05:00:00,0
2017-06-04 06:00:00,0
2017-06-04 07:00:00,0
2017-06-04 08:00:00,0
2017-06-04 09:00:00,0
2017-06-04 10:00:00,0
2017-06-04 11:00:00,0
2017-06-04 12:00:00,53.92000198364258
2017-06-04 13:00:00,213.9110107421875
2017-06-04 14:00:00,374.0070190429687
2017-06-04 15:00:00,530.97705078125
2017-06-04 16:00:00,668.22705078125
2017-06-04 17:00:00,780.8050537109375
2017-06-04 18:00:00,814.81903076171875
2017-06-04 19:00:00,795.0650634765625
2017-06-04 20:00:00,730.8900146484375
2017-06-04 21:00:00,579.49505615234375
2017-06-04 22:00:00,494.4400329589844
2017-06-04 23:00:00,403.41302490234375
2017-06-05,333.7440185546875
2017-06-05 01:00:00,192.91200256347656
2017-06-05 02:00:00,51.952003479003906
2017-06-05 03:00:00,0
2017-06-05 04:00:00,0
2017-06-05 05:00:00,0
2017-06-05 06:00:00,0
2017-06-05 07:00:00,0
2017-06-05 08:00:00,0
2017-06-05 09:00:00,0
2017-06-05 10:00:00,0
2017-06-05 11:00:00,0
2017-06-05 12:00:00,50.432003021240234
2017-06-05 13:00:00,197.7840118408203
2017-06-05 14:00:00,345.2750244140625
2017-06-05 15:00:00,522.5550537109375
2017-06-05 16:00:00,657.49102783203125
2017-06-05 17:00:00,768.20001220703125
2017-06-05 18:00:00,719.93902587890625
2017-06-05 19:00:00,702.56201171875
2017-06-05 20:00:00,645.96405029296875
2017-06-05 21:00:00,510.7430114746094
2017-06-05 22:00:00,435.9710083007813
2017-06-05 23:00:00,355.97003173828125
2017-06-06,314.864013671875
2017-06-06 01:00:00,182.59201049804688
2017-06-06 02:00:00,50.176002502441406
2017-06-06 03:00:00,0
2017-06-06 04:00:00,0
2017-06-06 05:00:00,0
2017-06-06 06:00:00,0
2017-06-06 07:00:00,0
2017-06-06 08:00:00,0
2017-06-06 09:00:00,0
2017-06-06 10:00:00,0
2017-06-06 11:00:00,0
2017-06-06 12:00:00,51.80000305175781
2017-06-06 13:00:00,201.0880126953125
2017-06-06 14:00:00,350.5290222167969
2017-06-06 15:00:00,519.59100341796875
2017-06-06 16:00:00,653.654052734375
2017-06-06 17:00:00,763.6820068359375
2017-06-06 18:00:00,701.623046875
2017-06-06 19:00:00,684.7530517578125
2017-06-06 20:00:00,629.7020263671875
2017-06-06 21:00:00,463.3700256347656
2017-06-06 22:00:00,395.6910095214844
2017-06-06 23:00:00,323.3100280761719
2017-06-07,250.416015625
2017-06-07 01:00:00,145.6800079345703
2017-06-07 02:00:00,40.7920036315918
2017-06-07 03:00:00,0
2017-06-07 04:00:00,0
2017-06-07 05:00:00,0
2017-06-07 06:00:00,0
2017-06-07 07:00:00,0
2017-06-07 08:00:00,0
2017-06-07 09:00:00,0
2017-06-07 10:00:00,0
2017-06-07 11:00:00,0
2017-06-07 12:00:00,54.880001068115234
2017-06-07 13:00:00,211.1610107421875
2017-06-07 14:00:00,367.6460266113281
2017-06-07 15:00:00,470.4300231933594
2017-06-07 16:00:00,591.7230224609375
2017-06-07 17:00:00,691.31005859375
2017-06-07 18:00:00,702.90704345703125
2017-06-07 19:00:00,686.11700439453125
2017-06-07 20:00:00,631.072021484375
2017-06-07 21:00:00,543.51605224609375
2017-06-07 22:00:00,464.3480224609375
2017-06-07 23:00:00,379.6590270996094
2017-06-08,331.7440185546875
2017-06-08 01:00:00,193.5600128173828
2017-06-08 02:00:00,55.160003662109375
2017-06-08 03:00:00,0
2017-06-08 04:00:00,0
2017-06-08 05:00:00,0
2017-06-08 06:00:00,0
2017-06-08 07:00:00,0
2017-06-08 08:00:00,0
2017-06-08 09:00:00,0
2017-06-08 10:00:00,0
2017-06-08 11:00:00,0
2017-06-08 12:00:00,55.87200164794922
2017-06-08 13:00:00,213.3260040283203
2017-06-08 14:00:00,371.0370178222656
2017-06-08 15:00:00,527.135009765625
2017-06-08 16:00:00,662.9820556640625
2017-06-08 17:00:00,774.53106689453125
2017-06-08 18:00:00,810.09002685546875
2017-06-08 19:00:00,790.82305908203125
2017-06-08 20:00:00,727.5130615234375
2017-06-08 21:00:00,640.97406005859375
2017-06-08 22:00:00,547.821044921875
2017-06-08 23:00:00,448.22802734375
2017-06-09,NA
2017-06-09 01:00:00,192.09600830078125
2017-06-09 02:00:00,55.64800262451172
2017-06-09 03:00:00,0
2017-06-09 04:00:00,0
2017-06-09 05:00:00,0
2017-06-09 06:00:00,0
2017-06-09 07:00:00,0
2017-06-09 08:00:00,0
2017-06-09 09:00:00,0
2017-06-09 10:00:00,0
2017-06-09 11:00:00,0
2017-06-09 12:00:00,58.05600357055664
2017-06-09 13:00:00,220.19300842285156
2017-06-09 14:00:00,382.6380310058594
2017-06-09 15:00:00,528.3280029296875
2017-06-09 16:00:00,664.40106201171875
2017-06-09 17:00:00,776.22601318359375
2017-06-09 18:00:00,794.3150634765625
2017-06-09 19:00:00,775.5000610351564
2017-06-09 20:00:00,713.5760498046875
2017-06-09 21:00:00,647.0350341796875
2017-06-09 22:00:00,553.2330322265625
2017-06-09 23:00:00,452.93402099609375
2017-06-10,346.3840026855469
2017-06-10 01:00:00,203.22401428222656
2017-06-10 02:00:00,59.7760009765625
2017-06-10 03:00:00,0
2017-06-10 04:00:00,0
2017-06-10 05:00:00,0
2017-06-10 06:00:00,0
2017-06-10 07:00:00,0
2017-06-10 08:00:00,0
2017-06-10 09:00:00,0
2017-06-10 10:00:00,0
2017-06-10 11:00:00,0
2017-06-10 12:00:00,57.68800354003906
2017-06-10 13:00:00,217.61700439453125
2017-06-10 14:00:00,377.8600158691406
2017-06-10 15:00:00,517.405029296875
2017-06-10 16:00:00,650.63800048828125
2017-06-10 17:00:00,760.197021484375
2017-06-10 18:00:00,779.97802734375
2017-06-10 19:00:00,761.63702392578125
2017-06-10 20:00:00,700.9300537109375
2017-06-10 21:00:00,641.16302490234375
2017-06-10 22:00:00,548.4300537109375
2017-06-10 23:00:00,449.2900085449219
2017-06-11,345.2320251464844
2017-06-11 01:00:00,203.0720062255859
2017-06-11 02:00:00,60.592002868652344
2017-06-11 03:00:00,0
2017-06-11 04:00:00,0
2017-06-11 05:00:00,0
2017-06-11 06:00:00,0
2017-06-11 07:00:00,0
2017-06-11 08:00:00,0
2017-06-11 09:00:00,0
2017-06-11 10:00:00,0
2017-06-11 11:00:00,0
2017-06-11 12:00:00,57.00800323486328
2017-06-11 13:00:00,214.12901306152344
2017-06-11 14:00:00,371.6170043945313
2017-06-11 15:00:00,480.18402099609375
2017-06-11 16:00:00,603.81805419921875
2017-06-11 17:00:00,705.5030517578125
2017-06-11 18:00:00,691.59600830078125
2017-06-11 19:00:00,675.42303466796875
2017-06-11 20:00:00,621.7230224609375
2017-06-11 21:00:00,587.3890380859375
2017-06-11 22:00:00,502.6290283203125
2017-06-11 23:00:00,412.02301025390625
2017-06-12,324.0000305175781
2017-06-12 01:00:00,191.04800415039065
2017-06-12 02:00:00,57.76000213623047
2017-06-12 03:00:00,0
2017-06-12 04:00:00,0
2017-06-12 05:00:00,0
2017-06-12 06:00:00,0
2017-06-12 07:00:00,0
2017-06-12 08:00:00,0
2017-06-12 09:00:00,0
2017-06-12 10:00:00,0
2017-06-12 11:00:00,0
2017-06-12 12:00:00,57.44000244140625
2017-06-12 13:00:00,215.04200744628903
2017-06-12 14:00:00,373.0290222167969
2017-06-12 15:00:00,529.748046875
2017-06-12 16:00:00,666.1820068359375
2017-06-12 17:00:00,778.4170532226564
2017-06-12 18:00:00,774.7340087890625
2017-06-12 19:00:00,756.72601318359375
2017-06-12 20:00:00,696.68304443359375
2017-06-12 21:00:00,640.8070068359375
2017-06-12 22:00:00,548.529052734375
2017-06-12 23:00:00,449.9020080566406
2017-06-13,347.4880065917969
2017-06-13 01:00:00,205.36801147460935
2017-06-13 02:00:00,62.8640022277832
2017-06-13 03:00:00,0
2017-06-13 04:00:00,0
2017-06-13 05:00:00,0
2017-06-13 06:00:00,0
2017-06-13 07:00:00,0
2017-06-13 08:00:00,0
2017-06-13 09:00:00,0
2017-06-13 10:00:00,0
2017-06-13 11:00:00,0
2017-06-13 12:00:00,59.14400100708008
2017-06-13 13:00:00,220.9040069580078
2017-06-13 14:00:00,383.1070251464844
2017-06-13 15:00:00,540.12005615234375
2017-06-13 16:00:00,679.2490234375
2017-06-13 17:00:00,793.759033203125
2017-06-13 18:00:00,822.7040405273436
2017-06-13 19:00:00,803.7110595703125
2017-06-13 20:00:00,740.0830078125
2017-06-13 21:00:00,667.56201171875
2017-06-13 22:00:00,571.64300537109375
2017-06-13 23:00:00,469.1250305175781
2017-06-14,348.9280090332031
2017-06-14 01:00:00,206.6640167236328
2017-06-14 02:00:00,63.98400115966797
2017-06-14 03:00:00,0
2017-06-14 04:00:00,0
2017-06-14 05:00:00,0
2017-06-14 06:00:00,0
2017-06-14 07:00:00,0
2017-06-14 08:00:00,0
2017-06-14 09:00:00,0
2017-06-14 10:00:00,0
2017-06-14 11:00:00,0
2017-06-14 12:00:00,58.34400177001953
2017-06-14 13:00:00,217.656005859375
2017-06-14 14:00:00,377.4300231933594
2017-06-14 15:00:00,533.7130126953125
2017-06-14 16:00:00,671.22705078125
2017-06-14 17:00:00,784.47705078125
2017-06-14 18:00:00,820.2940673828125
2017-06-14 19:00:00,801.47503662109375
2017-06-14 20:00:00,738.1900634765625
2017-06-14 21:00:00,670.22503662109375
2017-06-14 22:00:00,574.14105224609375
2017-06-14 23:00:00,471.4090270996094
2017-06-15,345.20001220703125
2017-06-15 01:00:00,204.87200927734375
2017-06-15 02:00:00,64.10400390625
2017-06-15 03:00:00,0
2017-06-15 04:00:00,0
2017-06-15 05:00:00,0
2017-06-15 06:00:00,0
2017-06-15 07:00:00,0
2017-06-15 08:00:00,0
2017-06-15 09:00:00,0
2017-06-15 10:00:00,0
2017-06-15 11:00:00,0
2017-06-15 12:00:00,58.03200149536133
2017-06-15 13:00:00,216.4330139160156
2017-06-15 14:00:00,375.3250122070313
2017-06-15 15:00:00,530.48504638671875
2017-06-15 16:00:00,667.24200439453125
2017-06-15 17:00:00,779.90802001953125
2017-06-15 18:00:00,815.9620361328125
2017-06-15 19:00:00,797.35504150390625
2017-06-15 20:00:00,734.5460205078125
2017-06-15 21:00:00,667.3170166015625
2017-06-15 22:00:00,571.8310546875
2017-06-15 23:00:00,469.7680358886719
2017-06-16,347.6000061035156
2017-06-16 01:00:00,206.68800354003903
2017-06-16 02:00:00,65.29600524902344
2017-06-16 03:00:00,0
2017-06-16 04:00:00,0
2017-06-16 05:00:00,0
2017-06-16 06:00:00,0
2017-06-16 07:00:00,0
2017-06-16 08:00:00,0
2017-06-16 09:00:00,0
2017-06-16 10:00:00,0
2017-06-16 11:00:00,0
2017-06-16 12:00:00,57.00800323486328
2017-06-16 13:00:00,212.77601623535156
2017-06-16 14:00:00,369.08203125
2017-06-16 15:00:00,521.8900146484375
2017-06-16 16:00:00,656.5350341796875
2017-06-16 17:00:00,767.49005126953125
2017-06-16 18:00:00,803.06304931640625
2017-06-16 19:00:00,784.9110107421875
2017-06-16 20:00:00,723.1810302734375
2017-06-16 21:00:00,656.3890380859375
2017-06-16 22:00:00,562.65802001953125
2017-06-16 23:00:00,462.4400329589844
2017-06-17,343.1360168457031
2017-06-17 01:00:00,204.40000915527344
2017-06-17 02:00:00,65.1520004272461
2017-06-17 03:00:00,0
2017-06-17 04:00:00,0
2017-06-17 05:00:00,0
2017-06-17 06:00:00,0
2017-06-17 07:00:00,0
2017-06-17 08:00:00,0
2017-06-17 09:00:00,0
2017-06-17 10:00:00,0
2017-06-17 11:00:00,0
2017-06-17 12:00:00,55.89600372314453
2017-06-17 13:00:00,208.98501586914065
2017-06-17 14:00:00,362.6570129394531
2017-06-17 15:00:00,488.2030334472656
2017-06-17 16:00:00,614.258056640625
2017-06-17 17:00:00,718.19500732421875
2017-06-17 18:00:00,610.4420166015625
2017-06-17 19:00:00,596.72705078125
2017-06-17 20:00:00,549.9320068359375
2017-06-17 21:00:00,488.1320190429687
2017-06-17 22:00:00,418.53802490234375
2017-06-17 23:00:00,344.15802001953125
2017-06-18,314.6400146484375
2017-06-18 01:00:00,187.7360076904297
2017-06-18 02:00:00,60.3280029296875
2017-06-18 03:00:00,0
2017-06-18 04:00:00,0
2017-06-18 05:00:00,0
2017-06-18 06:00:00,0
2017-06-18 07:00:00,0
2017-06-18 08:00:00,0
2017-06-18 09:00:00,0
2017-06-18 10:00:00,0
2017-06-18 11:00:00,0
2017-06-18 12:00:00,55.85600280761719
2017-06-18 13:00:00,209.3880157470703
2017-06-18 14:00:00,363.5470275878906
2017-06-18 15:00:00,518.18902587890625
2017-06-18 16:00:00,652.1180419921875
2017-06-18 17:00:00,762.5870361328125
2017-06-18 18:00:00,799.83203125
2017-06-18 19:00:00,782.0020141601564
2017-06-18 20:00:00,720.8160400390625
2017-06-18 21:00:00,652.00604248046875
2017-06-18 22:00:00,559.22900390625
2017-06-18 23:00:00,460.0310363769531
2017-06-19,343.3280029296875
2017-06-19 01:00:00,205.15200805664065
2017-06-19 02:00:00,66.40800476074219
2017-06-19 03:00:00,0
2017-06-19 04:00:00,0
2017-06-19 05:00:00,0
2017-06-19 06:00:00,0
2017-06-19 07:00:00,0
2017-06-19 08:00:00,0
2017-06-19 09:00:00,0
2017-06-19 10:00:00,0
2017-06-19 11:00:00,0
2017-06-19 12:00:00,56.13600158691406
2017-06-19 13:00:00,211.23301696777344
2017-06-19 14:00:00,366.9830322265625
2017-06-19 15:00:00,522.48602294921875
2017-06-19 16:00:00,657.69500732421875
2017-06-19 17:00:00,769.2530517578125
2017-06-19 18:00:00,806.2520141601564
2017-06-19 19:00:00,788.42803955078125
2017-06-19 20:00:00,726.84600830078125
2017-06-19 21:00:00,660.8900146484375
2017-06-19 22:00:00,567.01605224609375
2017-06-19 23:00:00,466.635009765625
2017-06-20,349.3440246582031
2017-06-20 01:00:00,209.04000854492188
2017-06-20 02:00:00,68.11199951171875
2017-06-20 03:00:00,0
2017-06-20 04:00:00,0
2017-06-20 05:00:00,0
2017-06-20 06:00:00,0
2017-06-20 07:00:00,0
2017-06-20 08:00:00,0
2017-06-20 09:00:00,0
2017-06-20 10:00:00,0
2017-06-20 11:00:00,0
2017-06-20 12:00:00,56.13600158691406
2017-06-20 13:00:00,212.2250061035156
2017-06-20 14:00:00,369.0120239257813
2017-06-20 15:00:00,521.677001953125
2017-06-20 16:00:00,656.8360595703125
2017-06-20 17:00:00,768.416015625
2017-06-20 18:00:00,803.1080322265625
2017-06-20 19:00:00,785.47705078125
2017-06-20 20:00:00,724.3060302734375
2017-06-20 21:00:00,619.301025390625
2017-06-20 22:00:00,531.47900390625
2017-06-20 23:00:00,437.5540161132813
2017-06-21,337.9200134277344
2017-06-21 01:00:00,202.4560089111328
2017-06-21 02:00:00,66.35200500488281
2017-06-21 03:00:00,0
2017-06-21 04:00:00,0
2017-06-21 05:00:00,0
2017-06-21 06:00:00,0
2017-06-21 07:00:00,0
2017-06-21 08:00:00,0
2017-06-21 09:00:00,0
2017-06-21 10:00:00,0
2017-06-21 11:00:00,0
2017-06-21 12:00:00,54.97600173950195
2017-06-21 13:00:00,209.0580139160156
2017-06-21 14:00:00,363.8440246582031
2017-06-21 15:00:00,521.3070068359375
2017-06-21 16:00:00,656.5760498046875
2017-06-21 17:00:00,768.2900390625
2017-06-21 18:00:00,809.23004150390625
2017-06-21 19:00:00,791.61602783203125
2017-06-21 20:00:00,730.07501220703125
2017-06-21 21:00:00,662.66204833984375
2017-06-21 22:00:00,568.83203125
2017-06-21 23:00:00,468.489013671875
2017-06-22,313.16802978515625
2017-06-22 01:00:00,187.8400115966797
2017-06-22 02:00:00,61.880001068115234
2017-06-22 03:00:00,0
2017-06-22 04:00:00,0
2017-06-22 05:00:00,0
2017-06-22 06:00:00,0
2017-06-22 07:00:00,0
2017-06-22 08:00:00,0
2017-06-22 09:00:00,0
2017-06-22 10:00:00,0
2017-06-22 11:00:00,0
2017-06-22 12:00:00,54.18400192260742
2017-06-22 13:00:00,207.4350128173828
2017-06-22 14:00:00,361.4440307617187
2017-06-22 15:00:00,516.04400634765625
2017-06-22 16:00:00,650.1390380859375
2017-06-22 17:00:00,760.9400634765625
2017-06-22 18:00:00,740.55804443359375
2017-06-22 19:00:00,724.57305908203125
2017-06-22 20:00:00,668.364013671875
2017-06-22 21:00:00,584.47705078125
2017-06-22 22:00:00,501.8540344238281
2017-06-22 23:00:00,413.4540100097656
2017-06-23,334.54400634765625
2017-06-23 01:00:00,200.84800720214844
2017-06-23 02:00:00,66.46400451660156
2017-06-23 03:00:00,0
2017-06-23 04:00:00,0
2017-06-23 05:00:00,0
2017-06-23 06:00:00,0
2017-06-23 07:00:00,0
2017-06-23 08:00:00,0
2017-06-23 09:00:00,0
2017-06-23 10:00:00,NA
2017-06-23 11:00:00,0
2017-06-23 12:00:00,52.160003662109375
2017-06-23 13:00:00,201.26600646972656
2017-06-23 14:00:00,351.1650085449219
2017-06-23 15:00:00,518.9510498046875
2017-06-23 16:00:00,654.02203369140625
2017-06-23 17:00:00,765.6810302734375
2017-06-23 18:00:00,810.1070556640625
2017-06-23 19:00:00,792.76702880859375
2017-06-23 20:00:00,731.3990478515625
2017-06-23 21:00:00,647.38201904296875
2017-06-23 22:00:00,555.989013671875
2017-06-23 23:00:00,458.18701171875
2017-06-24,355.3440246582031
2017-06-24 01:00:00,213.52000427246097
2017-06-24 02:00:00,70.9280014038086
2017-06-24 03:00:00,0
2017-06-24 04:00:00,0
2017-06-24 05:00:00,0
2017-06-24 06:00:00,0
2017-06-24 07:00:00,0
2017-06-24 08:00:00,0
2017-06-24 09:00:00,0
2017-06-24 10:00:00,0
2017-06-24 11:00:00,0
2017-06-24 12:00:00,53.82400131225586
2017-06-24 13:00:00,209.57101440429688
2017-06-24 14:00:00,366.1540222167969
2017-06-24 15:00:00,523.071044921875
2017-06-24 16:00:00,659.488037109375
2017-06-24 17:00:00,772.26904296875
2017-06-24 18:00:00,724.4130249023436
2017-06-24 19:00:00,709.0570068359375
2017-06-24 20:00:00,654.28704833984375
2017-06-24 21:00:00,541.291015625
2017-06-24 22:00:00,464.9740295410156
2017-06-24 23:00:00,383.291015625
2017-06-25,333.5040283203125
2017-06-25 01:00:00,200.54400634765625
2017-06-25 02:00:00,66.824005126953125
2017-06-25 03:00:00,0
2017-06-25 04:00:00,0
2017-06-25 05:00:00,0
2017-06-25 06:00:00,0
2017-06-25 07:00:00,0
2017-06-25 08:00:00,0
2017-06-25 09:00:00,0
2017-06-25 10:00:00,0
2017-06-25 11:00:00,0
2017-06-25 12:00:00,52.91200256347656
2017-06-25 13:00:00,208.09600830078125
2017-06-25 14:00:00,364.16900634765625
2017-06-25 15:00:00,488.666015625
2017-06-25 16:00:00,616.35101318359375
2017-06-25 17:00:00,721.97003173828125
2017-06-25 18:00:00,775.2650146484375
2017-06-25 19:00:00,758.9730224609375
2017-06-25 20:00:00,700.48504638671875
2017-06-25 21:00:00,666.3050537109375
2017-06-25 22:00:00,572.49005126953125
2017-06-25 23:00:00,472.0290222167969
2017-06-26,347.52001953125
2017-06-26 01:00:00,209.09600830078125
2017-06-26 02:00:00,69.8479995727539
2017-06-26 03:00:00,0
2017-06-26 04:00:00,0
2017-06-26 05:00:00,0
2017-06-26 06:00:00,0
2017-06-26 07:00:00,0
2017-06-26 08:00:00,0
2017-06-26 09:00:00,0
2017-06-26 10:00:00,0
2017-06-26 11:00:00,0
2017-06-26 12:00:00,52.608001708984375
2017-06-26 13:00:00,209.2800140380859
2017-06-26 14:00:00,366.8700256347656
2017-06-26 15:00:00,525.1240234375
2017-06-26 16:00:00,662.61602783203125
2017-06-26 17:00:00,776.38702392578125
2017-06-26 18:00:00,798.82403564453125
2017-06-26 19:00:00,782.175048828125
2017-06-26 20:00:00,722.02606201171875
2017-06-26 21:00:00,651.614013671875
2017-06-26 22:00:00,559.9620361328125
2017-06-26 23:00:00,461.8170166015625
2017-06-27,354.6400146484375
2017-06-27 01:00:00,213.48001098632812
2017-06-27 02:00:00,71.44000244140625
2017-06-27 03:00:00,0
2017-06-27 04:00:00,0
2017-06-27 05:00:00,0
2017-06-27 06:00:00,0
2017-06-27 07:00:00,0
2017-06-27 08:00:00,0
2017-06-27 09:00:00,0
2017-06-27 10:00:00,0
2017-06-27 11:00:00,0
2017-06-27 12:00:00,51.05600357055664
2017-06-27 13:00:00,205.6320037841797
2017-06-27 14:00:00,361.1650085449219
2017-06-27 15:00:00,520.73101806640625
2017-06-27 16:00:00,657.37506103515625
2017-06-27 17:00:00,770.489013671875
2017-06-27 18:00:00,812.17706298828125
2017-06-27 19:00:00,795.405029296875
2017-06-27 20:00:00,734.3750610351564
2017-06-27 21:00:00,659.93804931640625
2017-06-27 22:00:00,567.2220458984375
2017-06-27 23:00:00,467.885009765625
2017-06-28,352.97601318359375
2017-06-28 01:00:00,212.54400634765625
2017-06-28 02:00:00,71.20800018310547
2017-06-28 03:00:00,0
2017-06-28 04:00:00,0
2017-06-28 05:00:00,0
2017-06-28 06:00:00,0
2017-06-28 07:00:00,0
2017-06-28 08:00:00,0
2017-06-28 09:00:00,0
2017-06-28 10:00:00,0
2017-06-28 11:00:00,0
2017-06-28 12:00:00,51.07200241088867
2017-06-28 13:00:00,208.5600128173828
2017-06-28 14:00:00,367.06201171875
2017-06-28 15:00:00,523.739013671875
2017-06-28 16:00:00,661.4830322265625
2017-06-28 17:00:00,775.55303955078125
2017-06-28 18:00:00,744.2500610351564
2017-06-28 19:00:00,729.01104736328125
2017-06-28 20:00:00,673.2020263671875
2017-06-28 21:00:00,614.07305908203125
2017-06-28 22:00:00,527.87103271484375
2017-06-28 23:00:00,435.5000305175781
2017-06-29,340.2400207519531
2017-06-29 01:00:00,204.91200256347656
2017-06-29 02:00:00,68.68000030517578
2017-06-29 03:00:00,0
2017-06-29 04:00:00,0
2017-06-29 05:00:00,0
2017-06-29 06:00:00,0
2017-06-29 07:00:00,0
2017-06-29 08:00:00,0
2017-06-29 09:00:00,0
2017-06-29 10:00:00,0
2017-06-29 11:00:00,0
2017-06-29 12:00:00,49.544002532958984
2017-06-29 13:00:00,205.37600708007812
2017-06-29 14:00:00,362.2610168457031
2017-06-29 15:00:00,520.08502197265625
2017-06-29 16:00:00,657.21600341796875
2017-06-29 17:00:00,770.7920532226564
2017-06-29 18:00:00,782.38604736328125
2017-06-29 19:00:00,766.54901123046875
2017-06-29 20:00:00,707.93402099609375
2017-06-29 21:00:00,592.781005859375
2017-06-29 22:00:00,509.6380310058594
2017-06-29 23:00:00,420.51800537109375
2017-06-30,298.5760192871094
2017-06-30 01:00:00,179.83201599121094
2017-06-30 02:00:00,60.26400375366211
2017-06-30 03:00:00,0
2017-06-30 04:00:00,0
2017-06-30 05:00:00,0
2017-06-30 06:00:00,0
2017-06-30 07:00:00,0
2017-06-30 08:00:00,0
2017-06-30 09:00:00,0
2017-06-30 10:00:00,0
2017-06-30 11:00:00,0
2017-06-30 12:00:00,47.63200378417969
2017-06-30 13:00:00,200.7200164794922
2017-06-30 14:00:00,354.8940124511719
2017-06-30 15:00:00,487.1810302734375
2017-06-30 16:00:00,615.96002197265625
2017-06-30 17:00:00,722.6670532226564
2017-06-30 18:00:00,721.30206298828125
2017-06-30 19:00:00,706.81201171875
2017-06-30 20:00:00,652.8990478515625
2017-06-30 21:00:00,622.45904541015625
2017-06-30 22:00:00,535.21600341796875
2017-06-30 23:00:00,441.6570129394531
2017-07-01,355.9360046386719
2017-07-01 01:00:00,214.36001586914065
2017-07-01 02:00:00,71.7760009765625
2017-07-01 03:00:00,0
2017-07-01 04:00:00,0
2017-07-01 05:00:00,0
2017-07-01 06:00:00,0
2017-07-01 07:00:00,0
2017-07-01 08:00:00,0
2017-07-01 09:00:00,0
2017-07-01 10:00:00,0
2017-07-01 11:00:00,0
2017-07-01 12:00:00,NA
2017-07-01 13:00:00,215.93600463867188
2017-07-01 14:00:00,382.7450256347656
2017-07-01 15:00:00,534.94305419921875
2017-07-01 16:00:00,676.301025390625
2017-07-01 17:00:00,784.3060302734375
2017-07-01 18:00:00,832.0390625
2017-07-01 19:00:00,764.2850341796875
2017-07-01 20:00:00,708.47406005859375
2017-07-01 21:00:00,654.10003662109375
2017-07-01 22:00:00,581.9100341796875
2017-07-01 23:00:00,472.1460266113281
2017-07-02,344.7200012207031
2017-07-02 01:00:00,207.5600128173828
2017-07-02 02:00:00,69.39200592041016
2017-07-02 03:00:00,0
2017-07-02 04:00:00,0
2017-07-02 05:00:00,0
2017-07-02 06:00:00,0
2017-07-02 07:00:00,0
2017-07-02 08:00:00,0
2017-07-02 09:00:00,0
2017-07-02 10:00:00,0
2017-07-02 11:00:00,0
2017-07-02 12:00:00,48.6400032043457
2017-07-02 13:00:00,212.8160095214844
2017-07-02 14:00:00,378.20501708984375
2017-07-02 15:00:00,520.44903564453125
2017-07-02 16:00:00,658.362060546875
2017-07-02 17:00:00,763.800048828125
2017-07-02 18:00:00,758.72705078125
2017-07-02 19:00:00,697.09600830078125
2017-07-02 20:00:00,646.27203369140625
2017-07-02 21:00:00,618.18701171875
2017-07-02 22:00:00,550.0150146484375
2017-07-02 23:00:00,446.2870178222656
2017-07-03,360.3360290527344
2017-07-03 01:00:00,NA
2017-07-03 02:00:00,NA
2017-07-03 03:00:00,0
2017-07-03 04:00:00,0
2017-07-03 05:00:00,0
2017-07-03 06:00:00,0
2017-07-03 07:00:00,0
2017-07-03 08:00:00,0
2017-07-03 09:00:00,0
2017-07-03 10:00:00,0
2017-07-03 11:00:00,0
2017-07-03 12:00:00,36.272003173828125
2017-07-03 13:00:00,162.1120147705078
2017-07-03 14:00:00,288.9210205078125
2017-07-03 15:00:00,443.2630310058594
2017-07-03 16:00:00,561.06201171875
2017-07-03 17:00:00,651.1700439453125
2017-07-03 18:00:00,686.4300537109375
2017-07-03 19:00:00,630.78900146484375
2017-07-03 20:00:00,584.89605712890625
2017-07-03 21:00:00,576.70404052734375
2017-07-03 22:00:00,513.13104248046875
2017-07-03 23:00:00,416.3740234375
2017-07-04,349.7760314941406
2017-07-04 01:00:00,210.4320068359375
2017-07-04 02:00:00,69.98400115966797
2017-07-04 03:00:00,0
2017-07-04 04:00:00,0
2017-07-04 05:00:00,0
2017-07-04 06:00:00,0
2017-07-04 07:00:00,0
2017-07-04 08:00:00,0
2017-07-04 09:00:00,0
2017-07-04 10:00:00,0
2017-07-04 11:00:00,0
2017-07-04 12:00:00,45.28000259399414
2017-07-04 13:00:00,207.0720062255859
2017-07-04 14:00:00,370.14300537109375
2017-07-04 15:00:00,516.863037109375
2017-07-04 16:00:00,654.63201904296875
2017-07-04 17:00:00,760.0770263671875
2017-07-04 18:00:00,769.77703857421875
2017-07-04 19:00:00,707.51702880859375
2017-07-04 20:00:00,656.14501953125
2017-07-04 21:00:00,564.40802001953125
2017-07-04 22:00:00,502.2210388183594
2017-07-04 23:00:00,407.5070190429687
2017-07-05,291.4880065917969
2017-07-05 01:00:00,175.2480010986328
2017-07-05 02:00:00,58.07200241088867
2017-07-05 03:00:00,0
2017-07-05 04:00:00,0
2017-07-05 05:00:00,0
2017-07-05 06:00:00,0
2017-07-05 07:00:00,0
2017-07-05 08:00:00,0
2017-07-05 09:00:00,0
2017-07-05 10:00:00,0
2017-07-05 11:00:00,0
2017-07-05 12:00:00,43.93600082397461
2017-07-05 13:00:00,206.01600646972656
2017-07-05 14:00:00,369.4010314941406
2017-07-05 15:00:00,521.67303466796875
2017-07-05 16:00:00,661.14404296875
2017-07-05 17:00:00,767.96905517578125
2017-07-05 18:00:00,776.65301513671875
2017-07-05 19:00:00,713.98004150390625
2017-07-05 20:00:00,662.21002197265625
2017-07-05 21:00:00,582.37200927734375
2017-07-05 22:00:00,518.22705078125
2017-07-05 23:00:00,420.47802734375
2017-07-06,316.2080078125
2017-07-06 01:00:00,189.9600067138672
2017-07-06 02:00:00,62.67200469970703
2017-07-06 03:00:00,0
2017-07-06 04:00:00,0
2017-07-06 05:00:00,0
2017-07-06 06:00:00,0
2017-07-06 07:00:00,0
2017-07-06 08:00:00,0
2017-07-06 09:00:00,0
2017-07-06 10:00:00,0
2017-07-06 11:00:00,0
2017-07-06 12:00:00,41.992000579833984
2017-07-06 13:00:00,202.3360137939453
2017-07-06 14:00:00,363.9900207519531
2017-07-06 15:00:00,515.760009765625
2017-07-06 16:00:00,654.1070556640625
2017-07-06 17:00:00,760.0830078125
2017-07-06 18:00:00,NA
2017-07-06 19:00:00,NA
2017-07-06 20:00:00,NA
2017-07-06 21:00:00,582.86602783203125
2017-07-06 22:00:00,518.6810302734375
2017-07-06 23:00:00,420.8050231933594
2017-07-07,327.4560241699219
2017-07-07 01:00:00,196.5360107421875
2017-07-07 02:00:00,64.51200103759766
2017-07-07 03:00:00,0
2017-07-07 04:00:00,0
2017-07-07 05:00:00,0
2017-07-07 06:00:00,0
2017-07-07 07:00:00,0
2017-07-07 08:00:00,0
2017-07-07 09:00:00,0
2017-07-07 10:00:00,0
2017-07-07 11:00:00,0
2017-07-07 12:00:00,40.48800277709961
2017-07-07 13:00:00,200.8800048828125
2017-07-07 14:00:00,362.6410217285156
2017-07-07 15:00:00,516.14105224609375
2017-07-07 16:00:00,655.04705810546875
2017-07-07 17:00:00,761.498046875
2017-07-07 18:00:00,NA
2017-07-07 19:00:00,671.22705078125
2017-07-07 20:00:00,622.74005126953125
2017-07-07 21:00:00,460.0040283203125
2017-07-07 22:00:00,409.3500061035156
2017-07-07 23:00:00,332.0670166015625
2017-07-08,337.9840087890625
2017-07-08 01:00:00,202.6400146484375
2017-07-08 02:00:00,66.12000274658203
2017-07-08 03:00:00,0
2017-07-08 04:00:00,0
2017-07-08 05:00:00,0
2017-07-08 06:00:00,0
2017-07-08 07:00:00,0
2017-07-08 08:00:00,0
2017-07-08 09:00:00,0
2017-07-08 10:00:00,0
2017-07-08 11:00:00,0
2017-07-08 12:00:00,38.68000030517578
2017-07-08 13:00:00,198.16000366210935
2017-07-08 14:00:00,359.010009765625
2017-07-08 15:00:00,511.1280212402344
2017-07-08 16:00:00,649.15802001953125
2017-07-08 17:00:00,754.9990234375
2017-07-08 18:00:00,769.3790283203125
2017-07-08 19:00:00,707.69903564453125
2017-07-08 20:00:00,656.65203857421875
2017-07-08 21:00:00,528.300048828125
2017-07-08 22:00:00,470.1040344238281
2017-07-08 23:00:00,381.3000183105469
2017-07-09,292.8800048828125
2017-07-09 01:00:00,175.38400268554688
2017-07-09 02:00:00,56.84800338745117
2017-07-09 03:00:00,0
2017-07-09 04:00:00,0
2017-07-09 05:00:00,0
2017-07-09 06:00:00,0
2017-07-09 07:00:00,0
2017-07-09 08:00:00,0
2017-07-09 09:00:00,0
2017-07-09 10:00:00,0
2017-07-09 11:00:00,0
2017-07-09 12:00:00,37.76000213623047
2017-07-09 13:00:00,200.2400054931641
2017-07-09 14:00:00,364.16802978515625
2017-07-09 15:00:00,519.02203369140625
2017-07-09 16:00:00,659.67803955078125
2017-07-09 17:00:00,767.5670166015625
2017-07-09 18:00:00,758.02301025390625
2017-07-09 19:00:00,697.39801025390625
2017-07-09 20:00:00,647.15704345703125
2017-07-09 21:00:00,539.8580322265625
2017-07-09 22:00:00,480.3830261230469
2017-07-09 23:00:00,389.5760192871094
2017-07-10,315.39202880859375
2017-07-10 01:00:00,188.6000061035156
2017-07-10 02:00:00,60.67200469970703
2017-07-10 03:00:00,0
2017-07-10 04:00:00,0
2017-07-10 05:00:00,0
2017-07-10 06:00:00,0
2017-07-10 07:00:00,0
2017-07-10 08:00:00,0
2017-07-10 09:00:00,0
2017-07-10 10:00:00,0
2017-07-10 11:00:00,0
2017-07-10 12:00:00,35.3280029296875
2017-07-10 13:00:00,194.5600128173828
2017-07-10 14:00:00,355.2340087890625
2017-07-10 15:00:00,460.2010192871094
2017-07-10 16:00:00,585.37200927734375
2017-07-10 17:00:00,681.42205810546875
2017-07-10 18:00:00,670.09100341796875
2017-07-10 19:00:00,616.6080322265625
2017-07-10 20:00:00,572.24200439453125
2017-07-10 21:00:00,545.84600830078125
2017-07-10 22:00:00,485.6790161132813
2017-07-10 23:00:00,NA
2017-07-11,NA
2017-07-11 01:00:00,198.83201599121097
2017-07-11 02:00:00,NA
2017-07-11 03:00:00,NA
2017-07-11 04:00:00,NA
2017-07-11 05:00:00,NA
2017-07-11 06:00:00,NA
2017-07-11 07:00:00,NA
2017-07-11 08:00:00,NA
2017-07-11 09:00:00,0
2017-07-11 10:00:00,NA
2017-07-11 11:00:00,NA
2017-07-11 12:00:00,NA
2017-07-11 13:00:00,NA
2017-07-11 14:00:00,NA
2017-07-11 15:00:00,NA
2017-07-11 16:00:00,NA
2017-07-11 17:00:00,NA
2017-07-11 18:00:00,NA
2017-07-11 19:00:00,661.31903076171875
2017-07-11 20:00:00,613.8070068359375
2017-07-11 21:00:00,NA
2017-07-11 22:00:00,NA
2017-07-11 23:00:00,NA
2017-07-12,285.2640075683594
2017-07-12 01:00:00,NA
2017-07-12 02:00:00,NA
2017-07-12 03:00:00,NA
2017-07-12 04:00:00,NA
2017-07-12 05:00:00,NA
2017-07-12 06:00:00,0
2017-07-12 07:00:00,0
2017-07-12 08:00:00,0
2017-07-12 09:00:00,0
2017-07-12 10:00:00,0
2017-07-12 11:00:00,0
2017-07-12 12:00:00,22.064001083374023
2017-07-12 13:00:00,132.44801330566406
2017-07-12 14:00:00,243.87001037597656
2017-07-12 15:00:00,357.572021484375
2017-07-12 16:00:00,455.5530090332031
2017-07-12 17:00:00,530.80902099609375
2017-07-12 18:00:00,574.44403076171875
2017-07-12 19:00:00,528.78204345703125
2017-07-12 20:00:00,490.8290100097656
2017-07-12 21:00:00,469.0370178222656
2017-07-12 22:00:00,417.2710266113281
2017-07-12 23:00:00,338.1490173339844
2017-07-13,252.656005859375
2017-07-13 01:00:00,150.3360137939453
2017-07-13 02:00:00,47.02400207519531
2017-07-13 03:00:00,0
2017-07-13 04:00:00,0
2017-07-13 05:00:00,0
2017-07-13 06:00:00,0
2017-07-13 07:00:00,0
2017-07-13 08:00:00,0
2017-07-13 09:00:00,0
2017-07-13 10:00:00,0
2017-07-13 11:00:00,0
2017-07-13 12:00:00,30.136001586914062
2017-07-13 13:00:00,190.00001525878903
2017-07-13 14:00:00,351.3760070800781
2017-07-13 15:00:00,504.60302734375
2017-07-13 16:00:00,643.41204833984375
2017-07-13 17:00:00,750.0770263671875
2017-07-13 18:00:00,663.16802978515625
2017-07-13 19:00:00,610.57403564453125
2017-07-13 20:00:00,566.80902099609375
2017-07-13 21:00:00,473.1070251464844
2017-07-13 22:00:00,420.8370056152344
2017-07-13 23:00:00,340.93701171875
2017-07-14,299.3600158691406
2017-07-14 01:00:00,177.76800537109375
2017-07-14 02:00:00,54.98400115966797
2017-07-14 03:00:00,0
2017-07-14 04:00:00,0
2017-07-14 05:00:00,0
2017-07-14 06:00:00,0
2017-07-14 07:00:00,0
2017-07-14 08:00:00,0
2017-07-14 09:00:00,0
2017-07-14 10:00:00,0
2017-07-14 11:00:00,0
2017-07-14 12:00:00,28.34400177001953
2017-07-14 13:00:00,188.67201232910156
2017-07-14 14:00:00,350.5710144042969
2017-07-14 15:00:00,496.6620178222656
2017-07-14 16:00:00,633.82000732421875
2017-07-14 17:00:00,739.23602294921875
2017-07-14 18:00:00,770.32501220703125
2017-07-14 19:00:00,709.33502197265625
2017-07-14 20:00:00,658.54205322265625
2017-07-14 21:00:00,562.61602783203125
2017-07-14 22:00:00,500.3880310058594
2017-07-14 23:00:00,405.2480163574219
2017-07-15,296
2017-07-15 01:00:00,175.38400268554688
2017-07-15 02:00:00,53.58400344848633
2017-07-15 03:00:00,0
2017-07-15 04:00:00,0
2017-07-15 05:00:00,0
2017-07-15 06:00:00,0
2017-07-15 07:00:00,0
2017-07-15 08:00:00,0
2017-07-15 09:00:00,0
2017-07-15 10:00:00,0
2017-07-15 11:00:00,0
2017-07-15 12:00:00,26.512001037597656
2017-07-15 13:00:00,187.3920135498047
2017-07-15 14:00:00,NA
2017-07-15 15:00:00,487.2000122070313
2017-07-15 16:00:00,622.28302001953125
2017-07-15 17:00:00,726.1400146484375
2017-07-15 18:00:00,775.01605224609375
2017-07-15 19:00:00,713.8050537109375
2017-07-15 20:00:00,662.7440185546875
2017-07-15 21:00:00,581.05902099609375
2017-07-15 22:00:00,516.70904541015625
2017-07-15 23:00:00,418.3040161132813
2017-07-16,297.9360046386719
2017-07-16 01:00:00,176.12001037597656
2017-07-16 02:00:00,53.0880012512207
2017-07-16 03:00:00,0
2017-07-16 04:00:00,0
2017-07-16 05:00:00,0
2017-07-16 06:00:00,0
2017-07-16 07:00:00,0
2017-07-16 08:00:00,0
2017-07-16 09:00:00,0
2017-07-16 10:00:00,0
2017-07-16 11:00:00,0
2017-07-16 12:00:00,24.992000579833984
2017-07-16 13:00:00,188.83201599121097
2017-07-16 14:00:00,354.31500244140625
2017-07-16 15:00:00,510.4350280761719
2017-07-16 16:00:00,652.550048828125
2017-07-16 17:00:00,761.8700561523436
2017-07-16 18:00:00,729.4400634765625
2017-07-16 19:00:00,671.93505859375
2017-07-16 20:00:00,623.90802001953125
2017-07-16 21:00:00,534.56805419921875
2017-07-16 22:00:00,475.2820129394531
2017-07-16 23:00:00,384.6180114746094
2017-07-17,294.2560119628906
2017-07-17 01:00:00,173.50401306152344
2017-07-17 02:00:00,51.544002532958984
2017-07-17 03:00:00,0
2017-07-17 04:00:00,0
2017-07-17 05:00:00,0
2017-07-17 06:00:00,0
2017-07-17 07:00:00,0
2017-07-17 08:00:00,0
2017-07-17 09:00:00,0
2017-07-17 10:00:00,0
2017-07-17 11:00:00,0
2017-07-17 12:00:00,22.264001846313477
2017-07-17 13:00:00,181.2800140380859
2017-07-17 14:00:00,341.8910217285156
2017-07-17 15:00:00,498.5900268554687
2017-07-17 16:00:00,637.9730224609375
2017-07-17 17:00:00,745.22705078125
2017-07-17 18:00:00,741.363037109375
2017-07-17 19:00:00,683.02301025390625
2017-07-17 20:00:00,634.2490234375
2017-07-17 21:00:00,534.50799560546875
2017-07-17 22:00:00,475.12603759765625
2017-07-17 23:00:00,384.3210144042969
2017-07-18,294.7040100097656
2017-07-18 01:00:00,173.31201171875
2017-07-18 02:00:00,50.672000885009766
2017-07-18 03:00:00,0
2017-07-18 04:00:00,0
2017-07-18 05:00:00,0
2017-07-18 06:00:00,0
2017-07-18 07:00:00,0
2017-07-18 08:00:00,0
2017-07-18 09:00:00,0
2017-07-18 10:00:00,0
2017-07-18 11:00:00,0
2017-07-18 12:00:00,20.14400100708008
2017-07-18 13:00:00,178.416015625
2017-07-18 14:00:00,338.302001953125
2017-07-18 15:00:00,493.2230224609375
2017-07-18 16:00:00,631.7030029296875
2017-07-18 17:00:00,738.2930297851564
2017-07-18 18:00:00,744.32501220703125
2017-07-18 19:00:00,685.863037109375
2017-07-18 20:00:00,636.9010009765625
2017-07-18 21:00:00,587.20404052734375
2017-07-18 22:00:00,521.84100341796875
2017-07-18 23:00:00,421.9120178222656
2017-07-19,321.39202880859375
2017-07-19 01:00:00,188.46400451660156
2017-07-19 02:00:00,54.160003662109375
2017-07-19 03:00:00,0
2017-07-19 04:00:00,0
2017-07-19 05:00:00,0
2017-07-19 06:00:00,0
2017-07-19 07:00:00,0
2017-07-19 08:00:00,0
2017-07-19 09:00:00,0
2017-07-19 10:00:00,NA
2017-07-19 11:00:00,0
2017-07-19 12:00:00,18.36000061035156
2017-07-19 13:00:00,178.97601318359375
2017-07-19 14:00:00,341.27001953125
2017-07-19 15:00:00,490.989013671875
2017-07-19 16:00:00,629.44403076171875
2017-07-19 17:00:00,736.0350341796875
2017-07-19 18:00:00,657.9090576171875
2017-07-19 19:00:00,606.33001708984375
2017-07-19 20:00:00,563.05999755859375
2017-07-19 21:00:00,484.1160278320313
2017-07-19 22:00:00,430.1300354003906
2017-07-19 23:00:00,347.5770263671875
2017-07-20,283.5680236816406
2017-07-20 01:00:00,165.7760009765625
2017-07-20 02:00:00,46.75200271606445
2017-07-20 03:00:00,0
2017-07-20 04:00:00,0
2017-07-20 05:00:00,0
2017-07-20 06:00:00,0
2017-07-20 07:00:00,0
2017-07-20 08:00:00,0
2017-07-20 09:00:00,0
2017-07-20 10:00:00,0
2017-07-20 11:00:00,0
2017-07-20 12:00:00,16.079999923706055
2017-07-20 13:00:00,175.10400390625
2017-07-20 14:00:00,335.79400634765625
2017-07-20 15:00:00,494.6570129394531
2017-07-20 16:00:00,634.74700927734375
2017-07-20 17:00:00,742.64105224609375
2017-07-20 18:00:00,721.4150390625
2017-07-20 19:00:00,664.9720458984375
2017-07-20 20:00:00,617.54400634765625
2017-07-20 21:00:00,472.3930358886719
2017-07-20 22:00:00,419.6070251464844
2017-07-20 23:00:00,338.90301513671875
2017-07-21,241.968017578125
2017-07-21 01:00:00,140.99200439453125
2017-07-21 02:00:00,38.96000289916992
2017-07-21 03:00:00,0
2017-07-21 04:00:00,0
2017-07-21 05:00:00,0
2017-07-21 06:00:00,0
2017-07-21 07:00:00,0
2017-07-21 08:00:00,0
2017-07-21 09:00:00,0
2017-07-21 10:00:00,0
2017-07-21 11:00:00,0
2017-07-21 12:00:00,13.920001029968262
2017-07-21 13:00:00,172.656005859375
2017-07-21 14:00:00,333.051025390625
2017-07-21 15:00:00,474.780029296875
2017-07-21 16:00:00,609.82501220703125
2017-07-21 17:00:00,713.85302734375
2017-07-21 18:00:00,532.46002197265625
2017-07-21 19:00:00,490.8650207519531
2017-07-21 20:00:00,455.864013671875
2017-07-21 21:00:00,408.4320068359375
2017-07-21 22:00:00,362.68902587890625
2017-07-21 23:00:00,292.739013671875
2017-07-22,205.72801208496097
2017-07-22 01:00:00,119.46400451660156
2017-07-22 02:00:00,32.288002014160156
2017-07-22 03:00:00,0
2017-07-22 04:00:00,0
2017-07-22 05:00:00,0
2017-07-22 06:00:00,0
2017-07-22 07:00:00,0
2017-07-22 08:00:00,0
2017-07-22 09:00:00,0
2017-07-22 10:00:00,0
2017-07-22 11:00:00,0
2017-07-22 12:00:00,11.464000701904297
2017-07-22 13:00:00,166.25601196289062
2017-07-22 14:00:00,322.6910095214844
2017-07-22 15:00:00,443.510009765625
2017-07-22 16:00:00,570.2230224609375
2017-07-22 17:00:00,667.89501953125
2017-07-22 18:00:00,674.009033203125
2017-07-22 19:00:00,621.43804931640625
2017-07-22 20:00:00,577.1290283203125
2017-07-22 21:00:00,489.4640197753906
2017-07-22 22:00:00,434.49700927734375
2017-07-22 23:00:00,350.4900207519531
2017-07-23,317.88800048828125
2017-07-23 01:00:00,183.92800903320312
2017-07-23 02:00:00,48.53600311279297
2017-07-23 03:00:00,0
2017-07-23 04:00:00,0
2017-07-23 05:00:00,0
2017-07-23 06:00:00,0
2017-07-23 07:00:00,0
2017-07-23 08:00:00,0
2017-07-23 09:00:00,0
2017-07-23 10:00:00,0
2017-07-23 11:00:00,0
2017-07-23 12:00:00,9.84000015258789
2017-07-23 13:00:00,173.1840057373047
2017-07-23 14:00:00,338.281005859375
2017-07-23 15:00:00,499.4790344238281
2017-07-23 16:00:00,642.85400390625
2017-07-23 17:00:00,753.3590087890625
2017-07-23 18:00:00,749.17401123046875
2017-07-23 19:00:00,690.8370361328125
2017-07-23 20:00:00,641.59405517578125
2017-07-23 21:00:00,524.25103759765625
2017-07-23 22:00:00,465.22802734375
2017-07-23 23:00:00,375.030029296875
2017-07-24,312.9120178222656
2017-07-24 01:00:00,180.3520050048828
2017-07-24 02:00:00,46.36800384521485
2017-07-24 03:00:00,0
2017-07-24 04:00:00,0
2017-07-24 05:00:00,0
2017-07-24 06:00:00,0
2017-07-24 07:00:00,0
2017-07-24 08:00:00,0
2017-07-24 09:00:00,0
2017-07-24 10:00:00,0
2017-07-24 11:00:00,0
2017-07-24 12:00:00,7.5360002517700195
2017-07-24 13:00:00,170.5600128173828
2017-07-24 14:00:00,335.3230285644531
2017-07-24 15:00:00,495.31201171875
2017-07-24 16:00:00,638.1390380859375
2017-07-24 17:00:00,748.239013671875
2017-07-24 18:00:00,799.73101806640625
2017-07-24 19:00:00,737.5760498046875
2017-07-24 20:00:00,684.9820556640625
2017-07-24 21:00:00,622.93902587890625
2017-07-24 22:00:00,552.613037109375
2017-07-24 23:00:00,445.1510314941406
2017-07-25,326.99200439453125
2017-07-25 01:00:00,187.69601440429688
2017-07-25 02:00:00,46.91200256347656
2017-07-25 03:00:00,0
2017-07-25 04:00:00,0
2017-07-25 05:00:00,0
2017-07-25 06:00:00,0
2017-07-25 07:00:00,0
2017-07-25 08:00:00,0
2017-07-25 09:00:00,0
2017-07-25 10:00:00,0
2017-07-25 11:00:00,0
2017-07-25 12:00:00,4.464000225067139
2017-07-25 13:00:00,143.58399963378906
2017-07-25 14:00:00,284.2010192871094
2017-07-25 15:00:00,264.5570068359375
2017-07-25 16:00:00,341.2020263671875
2017-07-25 17:00:00,400.2980041503906
2017-07-25 18:00:00,416.6860046386719
2017-07-25 19:00:00,384.3580322265625
2017-07-25 20:00:00,356.9420166015625
2017-07-25 21:00:00,409.60101318359375
2017-07-25 22:00:00,363.2090148925781
2017-07-25 23:00:00,292.3690185546875
2017-07-26,205.87200927734375
2017-07-26 01:00:00,117.66400909423828
2017-07-26 02:00:00,28.512001037597656
2017-07-26 03:00:00,0
2017-07-26 04:00:00,0
2017-07-26 05:00:00,0
2017-07-26 06:00:00,0
2017-07-26 07:00:00,0
2017-07-26 08:00:00,0
2017-07-26 09:00:00,0
2017-07-26 10:00:00,0
2017-07-26 11:00:00,0
2017-07-26 12:00:00,2.5840001106262207
2017-07-26 13:00:00,148.3040008544922
2017-07-26 14:00:00,295.5810241699219
2017-07-26 15:00:00,325.7760009765625
2017-07-26 16:00:00,420.5910339355469
2017-07-26 17:00:00,493.7130126953125
2017-07-26 18:00:00,468.0490112304687
2017-07-26 19:00:00,431.780029296875
2017-07-26 20:00:00,400.9650268554687
2017-07-26 21:00:00,382.0450134277344
2017-07-26 22:00:00,338.6360168457031
2017-07-26 23:00:00,272.375
2017-07-27,168.59201049804688
2017-07-27 01:00:00,95.92000579833984
2017-07-27 02:00:00,22.472000122070312
2017-07-27 03:00:00,0
2017-07-27 04:00:00,0
2017-07-27 05:00:00,0
2017-07-27 06:00:00,0
2017-07-27 07:00:00,0
2017-07-27 08:00:00,0
2017-07-27 09:00:00,0
2017-07-27 10:00:00,0
2017-07-27 11:00:00,0
2017-07-27 12:00:00,0.527999997138977
2017-07-27 13:00:00,161.37600708007812
2017-07-27 14:00:00,323.9740295410156
2017-07-27 15:00:00,479.9630126953125
2017-07-27 16:00:00,620.3170166015625
2017-07-27 17:00:00,728.59002685546875
2017-07-27 18:00:00,595.91705322265625
2017-07-27 19:00:00,549.8060302734375
2017-07-27 20:00:00,510.5460205078125
2017-07-27 21:00:00,455.6320190429687
2017-07-27 22:00:00,403.6910095214844
2017-07-27 23:00:00,324.4250183105469
2017-07-28,298.2560119628906
2017-07-28 01:00:00,168.89601135253906
2017-07-28 02:00:00,38.13600158691406
2017-07-28 03:00:00,0
2017-07-28 04:00:00,0
2017-07-28 05:00:00,0
2017-07-28 06:00:00,0
2017-07-28 07:00:00,0
2017-07-28 08:00:00,0
2017-07-28 09:00:00,0
2017-07-28 10:00:00,0
2017-07-28 11:00:00,0
2017-07-28 12:00:00,0
2017-07-28 13:00:00,160.24000549316406
2017-07-28 14:00:00,324.0670166015625
2017-07-28 15:00:00,476.9190368652344
2017-07-28 16:00:00,617.072021484375
2017-07-28 17:00:00,725.18304443359375
2017-07-28 18:00:00,713.09002685546875
2017-07-28 19:00:00,657.97503662109375
2017-07-28 20:00:00,610.97003173828125
2017-07-28 21:00:00,482.5570373535156
2017-07-28 22:00:00,427.3500061035156
2017-07-28 23:00:00,343.14300537109375
2017-07-29,235.8400115966797
2017-07-29 01:00:00,132.88800048828125
2017-07-29 02:00:00,28.816001892089844
2017-07-29 03:00:00,0
2017-07-29 04:00:00,0
2017-07-29 05:00:00,0
2017-07-29 06:00:00,0
2017-07-29 07:00:00,0
2017-07-29 08:00:00,0
2017-07-29 09:00:00,0
2017-07-29 10:00:00,0
2017-07-29 11:00:00,0
2017-07-29 12:00:00,0
2017-07-29 13:00:00,113.56800842285156
2017-07-29 14:00:00,231.42800903320312
2017-07-29 15:00:00,338.8710021972656
2017-07-29 16:00:00,438.926025390625
2017-07-29 17:00:00,516.11199951171875
2017-07-29 18:00:00,552.06805419921875
2017-07-29 19:00:00,509.43902587890625
2017-07-29 20:00:00,473.02203369140625
2017-07-29 21:00:00,439.635009765625
2017-07-29 22:00:00,389.1600036621094
2017-07-29 23:00:00,312.1920166015625
2017-07-30,286.52801513671875
2017-07-30 01:00:00,160.59201049804688
2017-07-30 02:00:00,33.30400085449219
2017-07-30 03:00:00,0
2017-07-30 04:00:00,0
2017-07-30 05:00:00,0
2017-07-30 06:00:00,0
2017-07-30 07:00:00,0
2017-07-30 08:00:00,0
2017-07-30 09:00:00,0
2017-07-30 10:00:00,0
2017-07-30 11:00:00,0
2017-07-30 12:00:00,0
2017-07-30 13:00:00,147.6320037841797
2017-07-30 14:00:00,303.22900390625
2017-07-30 15:00:00,453.176025390625
2017-07-30 16:00:00,587.64105224609375
2017-07-30 17:00:00,691.3690185546875
2017-07-30 18:00:00,586.2020263671875
2017-07-30 19:00:00,540.99005126953125
2017-07-30 20:00:00,502.2810363769531
2017-07-30 21:00:00,386.9800109863281
2017-07-30 22:00:00,342.36602783203125
2017-07-30 23:00:00,274.4049987792969
2017-07-31,221.6640167236328
2017-07-31 01:00:00,123.55200958251952
2017-07-31 02:00:00,24.39200210571289
2017-07-31 03:00:00,0
2017-07-31 04:00:00,0
2017-07-31 05:00:00,0
2017-07-31 06:00:00,0
2017-07-31 07:00:00,0
2017-07-31 08:00:00,0
2017-07-31 09:00:00,0
2017-07-31 10:00:00,0
2017-07-31 11:00:00,0
2017-07-31 12:00:00,0
2017-07-31 13:00:00,152.5760040283203
2017-07-31 14:00:00,315.9410095214844
2017-07-31 15:00:00,477.85003662109375
2017-07-31 16:00:00,620.33404541015625
2017-07-31 17:00:00,730.25604248046875
2017-07-31 18:00:00,717.48504638671875
2017-07-31 19:00:00,662.21905517578125
2017-07-31 20:00:00,614.77301025390625
2017-07-31 21:00:00,550.008056640625
2017-07-31 22:00:00,486.3520202636719
2017-07-31 23:00:00,389.4030151367187
2017-08-01,283.87200927734375
2017-08-01 01:00:00,157.31201171875
2017-08-01 02:00:00,29.400001525878903
2017-08-01 03:00:00,0
2017-08-01 04:00:00,0
2017-08-01 05:00:00,0
2017-08-01 06:00:00,0
2017-08-01 07:00:00,0
2017-08-01 08:00:00,0
2017-08-01 09:00:00,0
2017-08-01 10:00:00,0
2017-08-01 11:00:00,0
2017-08-01 12:00:00,0
2017-08-01 13:00:00,150.2880096435547
2017-08-01 14:00:00,313.8130187988281
2017-08-01 15:00:00,500.18603515625
2017-08-01 16:00:00,633.531005859375
2017-08-01 17:00:00,734.4600219726564
2017-08-01 18:00:00,718.08001708984375
2017-08-01 19:00:00,672.041015625
2017-08-01 20:00:00,609.56103515625
2017-08-01 21:00:00,539.84002685546875
2017-08-01 22:00:00,464.5780334472656
2017-08-01 23:00:00,376.2150268554687
2017-08-02,280.5920104980469
2017-08-02 01:00:00,154.552001953125
2017-08-02 02:00:00,27.16800117492676
2017-08-02 03:00:00,0
2017-08-02 04:00:00,0
2017-08-02 05:00:00,0
2017-08-02 06:00:00,0
2017-08-02 07:00:00,0
2017-08-02 08:00:00,0
2017-08-02 09:00:00,0
2017-08-02 10:00:00,0
2017-08-02 11:00:00,0
2017-08-02 12:00:00,0
2017-08-02 13:00:00,146.864013671875
2017-08-02 14:00:00,309.3210144042969
2017-08-02 15:00:00,492.8580322265625
2017-08-02 16:00:00,624.97601318359375
2017-08-02 17:00:00,724.92706298828125
2017-08-02 18:00:00,701.72705078125
2017-08-02 19:00:00,656.76800537109375
2017-08-02 20:00:00,595.65301513671875
2017-08-02 21:00:00,506.6960144042969
2017-08-02 22:00:00,435.7950134277344
2017-08-02 23:00:00,352.5250244140625
2017-08-03,274.09600830078125
2017-08-03 01:00:00,150.0080108642578
2017-08-03 02:00:00,24.608001708984375
2017-08-03 03:00:00,0
2017-08-03 04:00:00,0
2017-08-03 05:00:00,0
2017-08-03 06:00:00,0
2017-08-03 07:00:00,0
2017-08-03 08:00:00,0
2017-08-03 09:00:00,0
2017-08-03 10:00:00,0
2017-08-03 11:00:00,0
2017-08-03 12:00:00,0
2017-08-03 13:00:00,119.42400360107422
2017-08-03 14:00:00,253.7620086669922
2017-08-03 15:00:00,465.6050109863281
2017-08-03 16:00:00,591.1090087890625
2017-08-03 17:00:00,686.03802490234375
2017-08-03 18:00:00,677.00103759765625
2017-08-03 19:00:00,633.68804931640625
2017-08-03 20:00:00,574.66302490234375
2017-08-03 21:00:00,398.8410339355469
2017-08-03 22:00:00,342.8370056152344
2017-08-03 23:00:00,277.0160217285156
2017-08-04,265.9200134277344
2017-08-04 01:00:00,144.5600128173828
2017-08-04 02:00:00,21.928001403808594
2017-08-04 03:00:00,0
2017-08-04 04:00:00,0
2017-08-04 05:00:00,0
2017-08-04 06:00:00,0
2017-08-04 07:00:00,0
2017-08-04 08:00:00,0
2017-08-04 09:00:00,0
2017-08-04 10:00:00,0
2017-08-04 11:00:00,0
2017-08-04 12:00:00,0
2017-08-04 13:00:00,139.80801391601562
2017-08-04 14:00:00,299.7980041503906
2017-08-04 15:00:00,487.885009765625
2017-08-04 16:00:00,620.1390380859375
2017-08-04 17:00:00,720.16900634765625
2017-08-04 18:00:00,762.36004638671875
2017-08-04 19:00:00,713.5970458984375
2017-08-04 20:00:00,647.0450439453125
2017-08-04 21:00:00,570.37103271484375
2017-08-04 22:00:00,489.9490356445313
2017-08-04 23:00:00,395.4380187988281
2017-08-05,255.72801208496097
2017-08-05 01:00:00,138.04800415039062
2017-08-05 02:00:00,19.136001586914062
2017-08-05 03:00:00,0
2017-08-05 04:00:00,0
2017-08-05 05:00:00,0
2017-08-05 06:00:00,0
2017-08-05 07:00:00,0
2017-08-05 08:00:00,0
2017-08-05 09:00:00,0
2017-08-05 10:00:00,0
2017-08-05 11:00:00,0
2017-08-05 12:00:00,0
2017-08-05 13:00:00,139.0880126953125
2017-08-05 14:00:00,301.093017578125
2017-08-05 15:00:00,466.7750244140625
2017-08-05 16:00:00,593.98004150390625
2017-08-05 17:00:00,690.20404052734375
2017-08-05 18:00:00,660.65203857421875
2017-08-05 19:00:00,618.44403076171875
2017-08-05 20:00:00,560.69305419921875
2017-08-05 21:00:00,438.4690246582031
2017-08-05 22:00:00,376.4010314941406
2017-08-05 23:00:00,303.4210205078125
2017-08-06,221.7120056152344
2017-08-06 01:00:00,118.8080062866211
2017-08-06 02:00:00,14.832000732421877
2017-08-06 03:00:00,0
2017-08-06 04:00:00,0
2017-08-06 05:00:00,0
2017-08-06 06:00:00,0
2017-08-06 07:00:00,0
2017-08-06 08:00:00,0
2017-08-06 09:00:00,0
2017-08-06 10:00:00,0
2017-08-06 11:00:00,0
2017-08-06 12:00:00,0
2017-08-06 13:00:00,136.09600830078125
2017-08-06 14:00:00,297.48602294921875
2017-08-06 15:00:00,461.5370178222656
2017-08-06 16:00:00,588.01702880859375
2017-08-06 17:00:00,683.67901611328125
2017-08-06 18:00:00,647.281005859375
2017-08-06 19:00:00,605.9530029296875
2017-08-06 20:00:00,549.26904296875
2017-08-06 21:00:00,454.4380187988281
2017-08-06 22:00:00,389.8420104980469
2017-08-06 23:00:00,313.8480224609375
2017-08-07,216.52801513671875
2017-08-07 01:00:00,115.1360092163086
2017-08-07 02:00:00,12.696001052856444
2017-08-07 03:00:00,0
2017-08-07 04:00:00,0
2017-08-07 05:00:00,0
2017-08-07 06:00:00,0
2017-08-07 07:00:00,0
2017-08-07 08:00:00,0
2017-08-07 09:00:00,0
2017-08-07 10:00:00,0
2017-08-07 11:00:00,0
2017-08-07 12:00:00,0
2017-08-07 13:00:00,107.13600158691406
2017-08-07 14:00:00,236.5090179443359
2017-08-07 15:00:00,339.697021484375
2017-08-07 16:00:00,433.3210144042969
2017-08-07 17:00:00,504.1020202636719
2017-08-07 18:00:00,498.4690246582031
2017-08-07 19:00:00,466.6460266113281
2017-08-07 20:00:00,422.9250183105469
2017-08-07 21:00:00,405.99700927734375
2017-08-07 22:00:00,348.0480041503906
2017-08-07 23:00:00,279.8380126953125
2017-08-08,211.12001037597656
2017-08-08 01:00:00,111.34400177001952
2017-08-08 02:00:00,10.568000793457031
2017-08-08 03:00:00,0
2017-08-08 04:00:00,0
2017-08-08 05:00:00,0
2017-08-08 06:00:00,0
2017-08-08 07:00:00,0
2017-08-08 08:00:00,0
2017-08-08 09:00:00,0
2017-08-08 10:00:00,0
2017-08-08 11:00:00,0
2017-08-08 12:00:00,0
2017-08-08 13:00:00,130.14401245117188
2017-08-08 14:00:00,290.281005859375
2017-08-08 15:00:00,393.8500061035156
2017-08-08 16:00:00,503.0240173339844
2017-08-08 17:00:00,585.5
2017-08-08 18:00:00,525.2530517578125
2017-08-08 19:00:00,491.7320251464844
2017-08-08 20:00:00,445.5990295410156
2017-08-08 21:00:00,402.91900634765625
2017-08-08 22:00:00,345.1410217285156
2017-08-08 23:00:00,277.1290283203125
2017-08-09,196.0640106201172
2017-08-09 01:00:00,102.53600311279295
2017-08-09 02:00:00,8.064000129699707
2017-08-09 03:00:00,0
2017-08-09 04:00:00,0
2017-08-09 05:00:00,0
2017-08-09 06:00:00,0
2017-08-09 07:00:00,0
2017-08-09 08:00:00,0
2017-08-09 09:00:00,0
2017-08-09 10:00:00,0
2017-08-09 11:00:00,0
2017-08-09 12:00:00,0
2017-08-09 13:00:00,128.8000030517578
2017-08-09 14:00:00,290.3690185546875
2017-08-09 15:00:00,357.1210021972656
2017-08-09 16:00:00,456.6520080566406
2017-08-09 17:00:00,531.8680419921875
2017-08-09 18:00:00,494.8200378417969
2017-08-09 19:00:00,463.2610168457031
2017-08-09 20:00:00,419.7020263671875
2017-08-09 21:00:00,397.3780212402344
2017-08-09 22:00:00,340.1300048828125
2017-08-09 23:00:00,272.73101806640625
2017-08-10,181.8080139160156
2017-08-10 01:00:00,94.22400665283205
2017-08-10 02:00:00,5.7920002937316895
2017-08-10 03:00:00,0
2017-08-10 04:00:00,0
2017-08-10 05:00:00,0
2017-08-10 06:00:00,0
2017-08-10 07:00:00,0
2017-08-10 08:00:00,0
2017-08-10 09:00:00,0
2017-08-10 10:00:00,0
2017-08-10 11:00:00,0
2017-08-10 12:00:00,0
2017-08-10 13:00:00,118.94400787353516
2017-08-10 14:00:00,271.0890197753906
2017-08-10 15:00:00,463.3060302734375
2017-08-10 16:00:00,593.17803955078125
2017-08-10 17:00:00,691.27203369140625
2017-08-10 18:00:00,554.154052734375
2017-08-10 19:00:00,518.81500244140625
2017-08-10 20:00:00,469.9460144042969
2017-08-10 21:00:00,373.62701416015625
2017-08-10 22:00:00,319.54302978515625
2017-08-10 23:00:00,255.8450164794922
2017-08-11,212.68800354003903
2017-08-11 01:00:00,109.20000457763672
2017-08-11 02:00:00,4.728000164031982
2017-08-11 03:00:00,0
2017-08-11 04:00:00,0
2017-08-11 05:00:00,0
2017-08-11 06:00:00,0
2017-08-11 07:00:00,0
2017-08-11 08:00:00,0
2017-08-11 09:00:00,0
2017-08-11 10:00:00,0
2017-08-11 11:00:00,0
2017-08-11 12:00:00,0
2017-08-11 13:00:00,125.60000610351562
2017-08-11 14:00:00,289.5160217285156
2017-08-11 15:00:00,473.9200134277344
2017-08-11 16:00:00,607.50701904296875
2017-08-11 17:00:00,708.38702392578125
2017-08-11 18:00:00,696.09405517578125
2017-08-11 19:00:00,651.71502685546875
2017-08-11 20:00:00,590.2080078125
2017-08-11 21:00:00,487.8380126953125
2017-08-11 22:00:00,416.8890075683594
2017-08-11 23:00:00,333.2900085449219
2017-08-12,275.63201904296875
2017-08-12 01:00:00,140.14401245117188
2017-08-12 02:00:00,3.3680002689361572
2017-08-12 03:00:00,0
2017-08-12 04:00:00,0
2017-08-12 05:00:00,0
2017-08-12 06:00:00,0
2017-08-12 07:00:00,0
2017-08-12 08:00:00,0
2017-08-12 09:00:00,0
2017-08-12 10:00:00,0
2017-08-12 11:00:00,0
2017-08-12 12:00:00,0
2017-08-12 13:00:00,123.37600708007812
2017-08-12 14:00:00,287.6820068359375
2017-08-12 15:00:00,472.6540222167969
2017-08-12 16:00:00,606.64801025390625
2017-08-12 17:00:00,707.80303955078125
2017-08-12 18:00:00,638.50701904296875
2017-08-12 19:00:00,597.78302001953125
2017-08-12 20:00:00,541.2490234375
2017-08-12 21:00:00,446.7530212402344
2017-08-12 22:00:00,381.4510192871094
2017-08-12 23:00:00,304.4740295410156
2017-08-13,268.8960266113281
2017-08-13 01:00:00,135.3040008544922
2017-08-13 02:00:00,0.492000013589859
2017-08-13 03:00:00,0
2017-08-13 04:00:00,0
2017-08-13 05:00:00,0
2017-08-13 06:00:00,0
2017-08-13 07:00:00,0
2017-08-13 08:00:00,0
2017-08-13 09:00:00,0
2017-08-13 10:00:00,0
2017-08-13 11:00:00,0
2017-08-13 12:00:00,0
2017-08-13 13:00:00,120.12800598144533
2017-08-13 14:00:00,283.51202392578125
2017-08-13 15:00:00,468.5140075683594
2017-08-13 16:00:00,602.08404541015625
2017-08-13 17:00:00,702.904052734375
2017-08-13 18:00:00,621.16705322265625
2017-08-13 19:00:00,581.52301025390625
2017-08-13 20:00:00,526.41204833984375
2017-08-13 21:00:00,435.791015625
2017-08-13 22:00:00,371.7610168457031
2017-08-13 23:00:00,296.2690124511719
2017-08-14,232.8160095214844
2017-08-14 01:00:00,115.88800811767578
2017-08-14 02:00:00,0
2017-08-14 03:00:00,0
2017-08-14 04:00:00,0
2017-08-14 05:00:00,0
2017-08-14 06:00:00,0
2017-08-14 07:00:00,0
2017-08-14 08:00:00,0
2017-08-14 09:00:00,0
2017-08-14 10:00:00,0
2017-08-14 11:00:00,0
2017-08-14 12:00:00,0
2017-08-14 13:00:00,112.78400421142578
2017-08-14 14:00:00,269.49102783203125
2017-08-14 15:00:00,422.166015625
2017-08-14 16:00:00,543.2220458984375
2017-08-14 17:00:00,634.53704833984375
2017-08-14 18:00:00,647.489013671875
2017-08-14 19:00:00,606.16900634765625
2017-08-14 20:00:00,548.5780029296875
2017-08-14 21:00:00,442.4140319824219
2017-08-14 22:00:00,377.0760192871094
2017-08-14 23:00:00,300.0030212402344
2017-08-15,207.20001220703125
2017-08-15 01:00:00,101.97600555419922
2017-08-15 02:00:00,0
2017-08-15 03:00:00,0
2017-08-15 04:00:00,0
2017-08-15 05:00:00,0
2017-08-15 06:00:00,0
2017-08-15 07:00:00,0
2017-08-15 08:00:00,0
2017-08-15 09:00:00,0
2017-08-15 10:00:00,0
2017-08-15 11:00:00,0
2017-08-15 12:00:00,0
2017-08-15 13:00:00,115.60000610351562
2017-08-15 14:00:00,279.7230224609375
2017-08-15 15:00:00,464.4490356445313
2017-08-15 16:00:00,598.39605712890625
2017-08-15 17:00:00,699.4200439453125
2017-08-15 18:00:00,657.51605224609375
2017-08-15 19:00:00,615.52001953125
2017-08-15 20:00:00,556.89801025390625
2017-08-15 21:00:00,500.00103759765625
2017-08-15 22:00:00,425.7480163574219
2017-08-15 23:00:00,338.1570129394531
2017-08-16,230.5600128173828
2017-08-16 01:00:00,112.12000274658205
2017-08-16 02:00:00,0
2017-08-16 03:00:00,0
2017-08-16 04:00:00,0
2017-08-16 05:00:00,0
2017-08-16 06:00:00,0
2017-08-16 07:00:00,0
2017-08-16 08:00:00,0
2017-08-16 09:00:00,0
2017-08-16 10:00:00,0
2017-08-16 11:00:00,0
2017-08-16 12:00:00,0
2017-08-16 13:00:00,72.01600646972656
2017-08-16 14:00:00,176.56600952148438
2017-08-16 15:00:00,411.6090087890625
2017-08-16 16:00:00,530.9930419921875
2017-08-16 17:00:00,620.9940185546875
2017-08-16 18:00:00,629.1240234375
2017-08-16 19:00:00,588.9200439453125
2017-08-16 20:00:00,532.696044921875
2017-08-16 21:00:00,472.0340270996094
2017-08-16 22:00:00,401.5400085449219
2017-08-16 23:00:00,318.3620300292969
2017-08-17,245.04000854492188
2017-08-17 01:00:00,117.66400909423828
2017-08-17 02:00:00,0
2017-08-17 03:00:00,0
2017-08-17 04:00:00,0
2017-08-17 05:00:00,0
2017-08-17 06:00:00,0
2017-08-17 07:00:00,0
2017-08-17 08:00:00,0
2017-08-17 09:00:00,0
2017-08-17 10:00:00,0
2017-08-17 11:00:00,0
2017-08-17 12:00:00,0
2017-08-17 13:00:00,100.12800598144533
2017-08-17 14:00:00,248.8660125732422
2017-08-17 15:00:00,446.6590270996094
2017-08-17 16:00:00,576.9739990234375
2017-08-17 17:00:00,675.15203857421875
2017-08-17 18:00:00,719.94903564453125
2017-08-17 19:00:00,673.916015625
2017-08-17 20:00:00,609.3990478515625
2017-08-17 21:00:00,436.2240295410156
2017-08-17 22:00:00,370.7040100097656
2017-08-17 23:00:00,293.3780212402344
2017-08-18,242.4480133056641
2017-08-18 01:00:00,114.88800811767578
2017-08-18 02:00:00,0
2017-08-18 03:00:00,0
2017-08-18 04:00:00,0
2017-08-18 05:00:00,0
2017-08-18 06:00:00,0
2017-08-18 07:00:00,0
2017-08-18 08:00:00,0
2017-08-18 09:00:00,0
2017-08-18 10:00:00,0
2017-08-18 11:00:00,0
2017-08-18 12:00:00,0
2017-08-18 13:00:00,108.99200439453124
2017-08-18 14:00:00,274.7330017089844
2017-08-18 15:00:00,462.95703125
2017-08-18 16:00:00,598.801025390625
2017-08-18 17:00:00,701.123046875
2017-08-18 18:00:00,744.3340454101564
2017-08-18 19:00:00,696.72705078125
2017-08-18 20:00:00,629.83404541015625
2017-08-18 21:00:00,573.885009765625
2017-08-18 22:00:00,487.2040100097656
2017-08-18 23:00:00,384.8520202636719
2017-08-19,259.072021484375
2017-08-19 01:00:00,121.06400299072266
2017-08-19 02:00:00,0
2017-08-19 03:00:00,0
2017-08-19 04:00:00,0
2017-08-19 05:00:00,0
2017-08-19 06:00:00,0
2017-08-19 07:00:00,0
2017-08-19 08:00:00,0
2017-08-19 09:00:00,0
2017-08-19 10:00:00,0
2017-08-19 11:00:00,0
2017-08-19 12:00:00,0
2017-08-19 13:00:00,106.47200775146484
2017-08-19 14:00:00,272.2929992675781
2017-08-19 15:00:00,460.3700256347656
2017-08-19 16:00:00,596.2540283203125
2017-08-19 17:00:00,698.5030517578125
2017-08-19 18:00:00,741.55401611328125
2017-08-19 19:00:00,694.0570068359375
2017-08-19 20:00:00,627.22705078125
2017-08-19 21:00:00,572.2750244140625
2017-08-19 22:00:00,485.322021484375
2017-08-19 23:00:00,382.62701416015625
2017-08-20,257.6159973144531
2017-08-20 01:00:00,118.62400817871094
2017-08-20 02:00:00,0
2017-08-20 03:00:00,0
2017-08-20 04:00:00,0
2017-08-20 05:00:00,0
2017-08-20 06:00:00,0
2017-08-20 07:00:00,0
2017-08-20 08:00:00,0
2017-08-20 09:00:00,0
2017-08-20 10:00:00,0
2017-08-20 11:00:00,0
2017-08-20 12:00:00,0
2017-08-20 13:00:00,103.45600128173828
2017-08-20 14:00:00,268.5820007324219
2017-08-20 15:00:00,452.9710083007813
2017-08-20 16:00:00,587.43603515625
2017-08-20 17:00:00,688.592041015625
2017-08-20 18:00:00,700.49603271484375
2017-08-20 19:00:00,655.57501220703125
2017-08-20 20:00:00,592.26300048828125
2017-08-20 21:00:00,508.5060119628906
2017-08-20 22:00:00,430.7690124511719
2017-08-20 23:00:00,338.94403076171875
2017-08-21,254.416015625
2017-08-21 01:00:00,115.3520050048828
2017-08-21 02:00:00,0
2017-08-21 03:00:00,0
2017-08-21 04:00:00,0
2017-08-21 05:00:00,0
2017-08-21 06:00:00,0
2017-08-21 07:00:00,0
2017-08-21 08:00:00,0
2017-08-21 09:00:00,0
2017-08-21 10:00:00,0
2017-08-21 11:00:00,0
2017-08-21 12:00:00,0
2017-08-21 13:00:00,101.8560028076172
2017-08-21 14:00:00,268.5580139160156
2017-08-21 15:00:00,453.3060302734375
2017-08-21 16:00:00,588.65802001953125
2017-08-21 17:00:00,690.4320068359375
2017-08-21 18:00:00,725.10003662109375
2017-08-21 19:00:00,678.57403564453125
2017-08-21 20:00:00,612.8310546875
2017-08-21 21:00:00,562.97900390625
2017-08-21 22:00:00,476.37103271484375
2017-08-21 23:00:00,374.041015625
2017-08-22,233.64801025390625
2017-08-22 01:00:00,104.21600341796876
2017-08-22 02:00:00,0
2017-08-22 03:00:00,0
2017-08-22 04:00:00,0
2017-08-22 05:00:00,0
2017-08-22 06:00:00,0
2017-08-22 07:00:00,0
2017-08-22 08:00:00,0
2017-08-22 09:00:00,0
2017-08-22 10:00:00,0
2017-08-22 11:00:00,0
2017-08-22 12:00:00,0
2017-08-22 13:00:00,98.84800720214844
2017-08-22 14:00:00,264.8450012207031
2017-08-22 15:00:00,453.1250305175781
2017-08-22 16:00:00,589.21405029296875
2017-08-22 17:00:00,691.48602294921875
2017-08-22 18:00:00,646.6390380859375
2017-08-22 19:00:00,605.0830078125
2017-08-22 20:00:00,546.2760009765625
2017-08-22 21:00:00,471.3960266113281
2017-08-22 22:00:00,398.43701171875
2017-08-22 23:00:00,312.1910095214844
2017-08-23,204.83201599121097
2017-08-23 01:00:00,89.79200744628906
2017-08-23 02:00:00,0
2017-08-23 03:00:00,0
2017-08-23 04:00:00,0
2017-08-23 05:00:00,0
2017-08-23 06:00:00,0
2017-08-23 07:00:00,0
2017-08-23 08:00:00,0
2017-08-23 09:00:00,0
2017-08-23 10:00:00,0
2017-08-23 11:00:00,0
2017-08-23 12:00:00,0
2017-08-23 13:00:00,81.42400360107422
2017-08-23 14:00:00,221.83900451660156
2017-08-23 15:00:00,389.0750122070313
2017-08-23 16:00:00,506.6150207519531
2017-08-23 17:00:00,594.88104248046875
2017-08-23 18:00:00,511.7610168457031
2017-08-23 19:00:00,478.8210144042969
2017-08-23 20:00:00,432.1380310058594
2017-08-23 21:00:00,452.2430114746094
2017-08-23 22:00:00,381.780029296875
2017-08-23 23:00:00,298.489013671875
2017-08-24,193.04000854492188
2017-08-24 01:00:00,83.08800506591797
2017-08-24 02:00:00,0
2017-08-24 03:00:00,0
2017-08-24 04:00:00,0
2017-08-24 05:00:00,0
2017-08-24 06:00:00,0
2017-08-24 07:00:00,0
2017-08-24 08:00:00,0
2017-08-24 09:00:00,0
2017-08-24 10:00:00,0
2017-08-24 11:00:00,0
2017-08-24 12:00:00,0
2017-08-24 13:00:00,94.52800750732422
2017-08-24 14:00:00,262.0340270996094
2017-08-24 15:00:00,430.6940307617187
2017-08-24 16:00:00,561.56903076171875
2017-08-24 17:00:00,659.79400634765625
2017-08-24 18:00:00,635.738037109375
2017-08-24 19:00:00,594.74505615234375
2017-08-24 20:00:00,536.54205322265625
2017-08-24 21:00:00,421.7960205078125
2017-08-24 22:00:00,355.6440124511719
2017-08-24 23:00:00,277.43701171875
2017-08-25,201.50401306152344
2017-08-25 01:00:00,85.06400299072266
2017-08-25 02:00:00,0
2017-08-25 03:00:00,0
2017-08-25 04:00:00,0
2017-08-25 05:00:00,0
2017-08-25 06:00:00,0
2017-08-25 07:00:00,0
2017-08-25 08:00:00,0
2017-08-25 09:00:00,0
2017-08-25 10:00:00,0
2017-08-25 11:00:00,0
2017-08-25 12:00:00,0
2017-08-25 13:00:00,91.34400177001952
2017-08-25 14:00:00,257.7510070800781
2017-08-25 15:00:00,445.7240295410156
2017-08-25 16:00:00,581.96002197265625
2017-08-25 17:00:00,684.15106201171875
2017-08-25 18:00:00,713.93505859375
2017-08-25 19:00:00,667.842041015625
2017-08-25 20:00:00,602.25701904296875
2017-08-25 21:00:00,554.90802001953125
2017-08-25 22:00:00,467.3020324707031
2017-08-25 23:00:00,363.6960144042969
2017-08-26,236.3520050048828
2017-08-26 01:00:00,97.73600769042967
2017-08-26 02:00:00,0
2017-08-26 03:00:00,0
2017-08-26 04:00:00,0
2017-08-26 05:00:00,0
2017-08-26 06:00:00,0
2017-08-26 07:00:00,0
2017-08-26 08:00:00,0
2017-08-26 09:00:00,0
2017-08-26 10:00:00,0
2017-08-26 11:00:00,0
2017-08-26 12:00:00,0
2017-08-26 13:00:00,88.76800537109375
2017-08-26 14:00:00,255.1900177001953
2017-08-26 15:00:00,443.916015625
2017-08-26 16:00:00,580.4200439453125
2017-08-26 17:00:00,682.71002197265625
2017-08-26 18:00:00,726.81201171875
2017-08-26 19:00:00,679.78802490234375
2017-08-26 20:00:00,612.79302978515625
2017-08-26 21:00:00,555.321044921875
2017-08-26 22:00:00,467.06402587890625
2017-08-26 23:00:00,362.6500244140625
2017-08-27,230.46400451660156
2017-08-27 01:00:00,93.23200225830078
2017-08-27 02:00:00,0
2017-08-27 03:00:00,0
2017-08-27 04:00:00,0
2017-08-27 05:00:00,0
2017-08-27 06:00:00,0
2017-08-27 07:00:00,0
2017-08-27 08:00:00,0
2017-08-27 09:00:00,0
2017-08-27 10:00:00,0
2017-08-27 11:00:00,0
2017-08-27 12:00:00,0
2017-08-27 13:00:00,85.600006103515625
2017-08-27 14:00:00,250.87501525878903
2017-08-27 15:00:00,439.2200317382813
2017-08-27 16:00:00,575.05999755859375
2017-08-27 17:00:00,676.8270263671875
2017-08-27 18:00:00,619.07403564453125
2017-08-27 19:00:00,578.95001220703125
2017-08-27 20:00:00,521.68701171875
2017-08-27 21:00:00,448.8870239257813
2017-08-27 22:00:00,377.0400085449219
2017-08-27 23:00:00,292.04400634765625
2017-08-28,222.3840179443359
2017-08-28 01:00:00,87.89600372314453
2017-08-28 02:00:00,0
2017-08-28 03:00:00,0
2017-08-28 04:00:00,0
2017-08-28 05:00:00,0
2017-08-28 06:00:00,0
2017-08-28 07:00:00,0
2017-08-28 08:00:00,0
2017-08-28 09:00:00,0
2017-08-28 10:00:00,0
2017-08-28 11:00:00,0
2017-08-28 12:00:00,0
2017-08-28 13:00:00,84.18400573730469
2017-08-28 14:00:00,251.7550048828125
2017-08-28 15:00:00,440.509033203125
2017-08-28 16:00:00,577.5989990234375
2017-08-28 17:00:00,680.16802978515625
2017-08-28 18:00:00,723.2060546875
2017-08-28 19:00:00,676.24200439453125
2017-08-28 20:00:00,609.0880126953125
2017-08-28 21:00:00,527.6080322265625
2017-08-28 22:00:00,442.5780334472656
2017-08-28 23:00:00,341.9460144042969
2017-08-29,206.864013671875
2017-08-29 01:00:00,79.76000213623047
2017-08-29 02:00:00,0
2017-08-29 03:00:00,0
2017-08-29 04:00:00,0
2017-08-29 05:00:00,0
2017-08-29 06:00:00,0
2017-08-29 07:00:00,0
2017-08-29 08:00:00,0
2017-08-29 09:00:00,0
2017-08-29 10:00:00,0
2017-08-29 11:00:00,0
2017-08-29 12:00:00,0
2017-08-29 13:00:00,81.90400695800781
2017-08-29 14:00:00,250.12301635742188
2017-08-29 15:00:00,439.8690185546875
2017-08-29 16:00:00,577.55401611328125
2017-08-29 17:00:00,680.51702880859375
2017-08-29 18:00:00,NA
2017-08-29 19:00:00,632.43402099609375
2017-08-29 20:00:00,569.384033203125
2017-08-29 21:00:00,501.384033203125
2017-08-29 22:00:00,419.9900207519531
2017-08-29 23:00:00,323.6780090332031
2017-08-30,203.7840118408203
2017-08-30 01:00:00,76.51200103759766
2017-08-30 02:00:00,0
2017-08-30 03:00:00,0
2017-08-30 04:00:00,0
2017-08-30 05:00:00,0
2017-08-30 06:00:00,0
2017-08-30 07:00:00,0
2017-08-30 08:00:00,0
2017-08-30 09:00:00,0
2017-08-30 10:00:00,0
2017-08-30 11:00:00,0
2017-08-30 12:00:00,0
2017-08-30 13:00:00,78.54400634765625
2017-08-30 14:00:00,245.1420135498047
2017-08-30 15:00:00,432.89801025390625
2017-08-30 16:00:00,569.22601318359375
2017-08-30 17:00:00,671.10302734375
2017-08-30 18:00:00,660.97601318359375
2017-08-30 19:00:00,617.86199951171875
2017-08-30 20:00:00,556.01800537109375
2017-08-30 21:00:00,505.8790283203125
2017-08-30 22:00:00,423.16302490234375
2017-08-30 23:00:00,325.2580261230469
2017-08-31,193.6000061035156
2017-08-31 01:00:00,70.64800262451172
2017-08-31 02:00:00,0
2017-08-31 03:00:00,0
2017-08-31 04:00:00,0
2017-08-31 05:00:00,0
2017-08-31 06:00:00,0
2017-08-31 07:00:00,0
2017-08-31 08:00:00,0
2017-08-31 09:00:00,0
2017-08-31 10:00:00,0
2017-08-31 11:00:00,0
2017-08-31 12:00:00,0
2017-08-31 13:00:00,74.89600372314453
2017-08-31 14:00:00,239.15701293945312
2017-08-31 15:00:00,422.62103271484375
2017-08-31 16:00:00,556.47601318359375
2017-08-31 17:00:00,656.46502685546875
2017-08-31 18:00:00,591.31005859375
2017-08-31 19:00:00,552.65899658203125
2017-08-31 20:00:00,497.1090087890625
2017-08-31 21:00:00,407.5500183105469
2017-08-31 22:00:00,340.4210205078125
2017-08-31 23:00:00,260.947998046875
2017-09-01,157.4720001220703
2017-09-01 01:00:00,55.74400329589844
2017-09-01 02:00:00,0
2017-09-01 03:00:00,0
2017-09-01 04:00:00,0
2017-09-01 05:00:00,0
2017-09-01 06:00:00,0
2017-09-01 07:00:00,0
2017-09-01 08:00:00,0
2017-09-01 09:00:00,0
2017-09-01 10:00:00,0
2017-09-01 11:00:00,0
2017-09-01 12:00:00,0
2017-09-01 13:00:00,60.83200454711914
2017-09-01 14:00:00,NA
2017-09-01 15:00:00,373.7660217285156
2017-09-01 16:00:00,515.08599853515625
2017-09-01 17:00:00,614.10302734375
2017-09-01 18:00:00,626.64605712890625
2017-09-01 19:00:00,638.47503662109375
2017-09-01 20:00:00,613.32501220703125
2017-09-01 21:00:00,570.52001953125
2017-09-01 22:00:00,476.45703125
2017-09-01 23:00:00,360.7750244140625
2017-09-02,186.52801513671875
2017-09-02 01:00:00,63.89600372314453
2017-09-02 02:00:00,0
2017-09-02 03:00:00,0
2017-09-02 04:00:00,0
2017-09-02 05:00:00,0
2017-09-02 06:00:00,0
2017-09-02 07:00:00,0
2017-09-02 08:00:00,0
2017-09-02 09:00:00,NA
2017-09-02 10:00:00,0
2017-09-02 11:00:00,0
2017-09-02 12:00:00,0
2017-09-02 13:00:00,61.31200408935547
2017-09-02 14:00:00,205.5120086669922
2017-09-02 15:00:00,380.8260192871094
2017-09-02 16:00:00,525.572998046875
2017-09-02 17:00:00,626.9840087890625
2017-09-02 18:00:00,700.77301025390625
2017-09-02 19:00:00,713.86602783203125
2017-09-02 20:00:00,685.4150390625
2017-09-02 21:00:00,624.114013671875
2017-09-02 22:00:00,520.42901611328125
2017-09-02 23:00:00,392.9560241699219
2017-09-03,184.50401306152344
2017-09-03 01:00:00,61.000003814697266
2017-09-03 02:00:00,0
2017-09-03 03:00:00,0
2017-09-03 04:00:00,0
2017-09-03 05:00:00,0
2017-09-03 06:00:00,0
2017-09-03 07:00:00,0
2017-09-03 08:00:00,0
2017-09-03 09:00:00,NA
2017-09-03 10:00:00,0
2017-09-03 11:00:00,0
2017-09-03 12:00:00,0
2017-09-03 13:00:00,59.26400375366211
2017-09-03 14:00:00,203.94500732421875
2017-09-03 15:00:00,380.99603271484375
2017-09-03 16:00:00,526.58905029296875
2017-09-03 17:00:00,628.57501220703125
2017-09-03 18:00:00,703.0350341796875
2017-09-03 19:00:00,716.041015625
2017-09-03 20:00:00,687.15802001953125
2017-09-03 21:00:00,625.092041015625
2017-09-03 22:00:00,520.43499755859375
2017-09-03 23:00:00,391.8080139160156
2017-09-04,184.0800018310547
2017-09-04 01:00:00,58.57600402832031
2017-09-04 02:00:00,0
2017-09-04 03:00:00,0
2017-09-04 04:00:00,0
2017-09-04 05:00:00,0
2017-09-04 06:00:00,0
2017-09-04 07:00:00,0
2017-09-04 08:00:00,0
2017-09-04 09:00:00,0
2017-09-04 10:00:00,0
2017-09-04 11:00:00,0
2017-09-04 12:00:00,0
2017-09-04 13:00:00,57.80800247192383
2017-09-04 14:00:00,204.45501708984375
2017-09-04 15:00:00,381.4730224609375
2017-09-04 16:00:00,528.05303955078125
2017-09-04 17:00:00,630.66900634765625
2017-09-04 18:00:00,697.3690185546875
2017-09-04 19:00:00,710.1190185546875
2017-09-04 20:00:00,681.14703369140625
2017-09-04 21:00:00,607.1910400390625
2017-09-04 22:00:00,504.7340087890625
2017-09-04 23:00:00,378.8480224609375
2017-09-05,178.52801513671875
2017-09-05 01:00:00,54.496002197265625
2017-09-05 02:00:00,0
2017-09-05 03:00:00,0
2017-09-05 04:00:00,0
2017-09-05 05:00:00,0
2017-09-05 06:00:00,0
2017-09-05 07:00:00,0
2017-09-05 08:00:00,0
2017-09-05 09:00:00,0
2017-09-05 10:00:00,0
2017-09-05 11:00:00,0
2017-09-05 12:00:00,0
2017-09-05 13:00:00,54.52000427246094
2017-09-05 14:00:00,198.4480133056641
2017-09-05 15:00:00,374.52001953125
2017-09-05 16:00:00,NA
2017-09-05 17:00:00,620.4739990234375
2017-09-05 18:00:00,694.383056640625
2017-09-05 19:00:00,706.94903564453125
2017-09-05 20:00:00,NA
2017-09-05 21:00:00,615.34600830078125
2017-09-05 22:00:00,510.7020263671875
2017-09-05 23:00:00,382.1440124511719
2017-09-06,176.19200134277344
2017-09-06 01:00:00,51.39200210571289
2017-09-06 02:00:00,0
2017-09-06 03:00:00,0
2017-09-06 04:00:00,0
2017-09-06 05:00:00,0
2017-09-06 06:00:00,0
2017-09-06 07:00:00,0
2017-09-06 08:00:00,0
2017-09-06 09:00:00,0
2017-09-06 10:00:00,0
2017-09-06 11:00:00,0
2017-09-06 12:00:00,0
2017-09-06 13:00:00,53.89600372314453
2017-09-06 14:00:00,202.22201538085935
2017-09-06 15:00:00,374.6540222167969
2017-09-06 16:00:00,520.1710205078125
2017-09-06 17:00:00,622.010009765625
2017-09-06 18:00:00,694.61602783203125
2017-09-06 19:00:00,707.03204345703125
2017-09-06 20:00:00,677.5040283203125
2017-09-06 21:00:00,614.37005615234375
2017-09-06 22:00:00,509.0570373535156
2017-09-06 23:00:00,379.7120056152344
2017-09-07,174.0080108642578
2017-09-07 01:00:00,48.29600143432617
2017-09-07 02:00:00,0
2017-09-07 03:00:00,0
2017-09-07 04:00:00,0
2017-09-07 05:00:00,0
2017-09-07 06:00:00,0
2017-09-07 07:00:00,0
2017-09-07 08:00:00,0
2017-09-07 09:00:00,0
2017-09-07 10:00:00,0
2017-09-07 11:00:00,0
2017-09-07 12:00:00,0
2017-09-07 13:00:00,50.96000289916992
2017-09-07 14:00:00,197.4250030517578
2017-09-07 15:00:00,371.2750244140625
2017-09-07 16:00:00,516.280029296875
2017-09-07 17:00:00,617.71502685546875
2017-09-07 18:00:00,677.6910400390625
2017-09-07 19:00:00,689.67205810546875
2017-09-07 20:00:00,660.48004150390625
2017-09-07 21:00:00,587.04803466796875
2017-09-07 22:00:00,485.5990295410156
2017-09-07 23:00:00,361.0400085449219
2017-09-08,170.20001220703125
2017-09-08 01:00:00,44.720001220703125
2017-09-08 02:00:00,0
2017-09-08 03:00:00,0
2017-09-08 04:00:00,0
2017-09-08 05:00:00,0
2017-09-08 06:00:00,0
2017-09-08 07:00:00,0
2017-09-08 08:00:00,0
2017-09-08 09:00:00,0
2017-09-08 10:00:00,0
2017-09-08 11:00:00,0
2017-09-08 12:00:00,0
2017-09-08 13:00:00,47.57600402832031
2017-09-08 14:00:00,190.68701171875
2017-09-08 15:00:00,360.3810119628906
2017-09-08 16:00:00,501.905029296875
2017-09-08 17:00:00,600.885009765625
2017-09-08 18:00:00,577.31304931640625
2017-09-08 19:00:00,587.38702392578125
2017-09-08 20:00:00,562.22900390625
2017-09-08 21:00:00,411.9430236816406
2017-09-08 22:00:00,340.1620178222656
2017-09-08 23:00:00,252.08001708984375
2017-09-09,101.56800842285156
2017-09-09 01:00:00,25.1200008392334
2017-09-09 02:00:00,0
2017-09-09 03:00:00,0
2017-09-09 04:00:00,0
2017-09-09 05:00:00,0
2017-09-09 06:00:00,0
2017-09-09 07:00:00,0
2017-09-09 08:00:00,0
2017-09-09 09:00:00,0
2017-09-09 10:00:00,0
2017-09-09 11:00:00,0
2017-09-09 12:00:00,0
2017-09-09 13:00:00,44.7760009765625
2017-09-09 14:00:00,186.04800415039065
2017-09-09 15:00:00,359.24700927734375
2017-09-09 16:00:00,501.1400146484375
2017-09-09 17:00:00,600.31805419921875
2017-09-09 18:00:00,641.08001708984375
2017-09-09 19:00:00,652.134033203125
2017-09-09 20:00:00,623.85205078125
2017-09-09 21:00:00,487.4460144042969
2017-09-09 22:00:00,401.8000183105469
2017-09-09 23:00:00,296.73602294921875
2017-09-10,129.91200256347656
2017-09-10 01:00:00,30.024002075195312
2017-09-10 02:00:00,0
2017-09-10 03:00:00,0
2017-09-10 04:00:00,0
2017-09-10 05:00:00,0
2017-09-10 06:00:00,0
2017-09-10 07:00:00,0
2017-09-10 08:00:00,0
2017-09-10 09:00:00,0
2017-09-10 10:00:00,0
2017-09-10 11:00:00,0
2017-09-10 12:00:00,0
2017-09-10 13:00:00,35.13600158691406
2017-09-10 14:00:00,151.6840057373047
2017-09-10 15:00:00,291.8590087890625
2017-09-10 16:00:00,407.791015625
2017-09-10 17:00:00,488.79302978515625
2017-09-10 18:00:00,507.3100280761719
2017-09-10 19:00:00,515.91705322265625
2017-09-10 20:00:00,493.2860107421875
2017-09-10 21:00:00,440.64703369140625
2017-09-10 22:00:00,362.5860290527344
2017-09-10 23:00:00,266.8480224609375
2017-09-11,120.3520050048828
2017-09-11 01:00:00,25.768001556396484
2017-09-11 02:00:00,0
2017-09-11 03:00:00,0
2017-09-11 04:00:00,0
2017-09-11 05:00:00,0
2017-09-11 06:00:00,0
2017-09-11 07:00:00,0
2017-09-11 08:00:00,0
2017-09-11 09:00:00,0
2017-09-11 10:00:00,0
2017-09-11 11:00:00,0
2017-09-11 12:00:00,0
2017-09-11 13:00:00,33.57600021362305
2017-09-11 14:00:00,151.0080108642578
2017-09-11 15:00:00,322.53302001953125
2017-09-11 16:00:00,451.35601806640625
2017-09-11 17:00:00,541.35302734375
2017-09-11 18:00:00,593.09503173828125
2017-09-11 19:00:00,603.0240478515625
2017-09-11 20:00:00,576.24102783203125
2017-09-11 21:00:00,481.6580200195313
2017-09-11 22:00:00,395.60101318359375
2017-09-11 23:00:00,290.11199951171875
2017-09-12,118.92800903320312
2017-09-12 01:00:00,23.352001190185547
2017-09-12 02:00:00,0
2017-09-12 03:00:00,0
2017-09-12 04:00:00,0
2017-09-12 05:00:00,0
2017-09-12 06:00:00,0
2017-09-12 07:00:00,0
2017-09-12 08:00:00,0
2017-09-12 09:00:00,0
2017-09-12 10:00:00,0
2017-09-12 11:00:00,0
2017-09-12 12:00:00,0
2017-09-12 13:00:00,38.44000244140625
2017-09-12 14:00:00,180.5810089111328
2017-09-12 15:00:00,352.47900390625
2017-09-12 16:00:00,494.0860290527344
2017-09-12 17:00:00,592.96502685546875
2017-09-12 18:00:00,651.11004638671875
2017-09-12 19:00:00,661.8590087890625
2017-09-12 20:00:00,632.08502197265625
2017-09-12 21:00:00,562.4739990234375
2017-09-12 22:00:00,461.12701416015625
2017-09-12 23:00:00,336.9280090332031
2017-09-13,126.99200439453124
2017-09-13 01:00:00,22.564001083374023
2017-09-13 02:00:00,0
2017-09-13 03:00:00,0
2017-09-13 04:00:00,0
2017-09-13 05:00:00,0
2017-09-13 06:00:00,0
2017-09-13 07:00:00,0
2017-09-13 08:00:00,0
2017-09-13 09:00:00,0
2017-09-13 10:00:00,0
2017-09-13 11:00:00,0
2017-09-13 12:00:00,0
2017-09-13 13:00:00,35.72800064086914
2017-09-13 14:00:00,175.89500427246094
2017-09-13 15:00:00,330.2690124511719
2017-09-13 16:00:00,463.7130126953125
2017-09-13 17:00:00,556.864013671875
2017-09-13 18:00:00,574.8800048828125
2017-09-13 19:00:00,584.2330322265625
2017-09-13 20:00:00,557.614013671875
2017-09-13 21:00:00,458.0190124511719
2017-09-13 22:00:00,374.76800537109375
2017-09-13 23:00:00,272.8000183105469
2017-09-14,135.5600128173828
2017-09-14 01:00:00,21.4320011138916
2017-09-14 02:00:00,0
2017-09-14 03:00:00,0
2017-09-14 04:00:00,0
2017-09-14 05:00:00,0
2017-09-14 06:00:00,0
2017-09-14 07:00:00,0
2017-09-14 08:00:00,0
2017-09-14 09:00:00,0
2017-09-14 10:00:00,0
2017-09-14 11:00:00,0
2017-09-14 12:00:00,0
2017-09-14 13:00:00,33.52000045776367
2017-09-14 14:00:00,173.60000610351562
2017-09-14 15:00:00,347.3100280761719
2017-09-14 16:00:00,488.4910278320313
2017-09-14 17:00:00,586.96600341796875
2017-09-14 18:00:00,587.2530517578125
2017-09-14 19:00:00,596.6710205078125
2017-09-14 20:00:00,569.14404296875
2017-09-14 21:00:00,478.58502197265625
2017-09-14 22:00:00,390.8520202636719
2017-09-14 23:00:00,283.40802001953125
2017-09-15,118.86400604248048
2017-09-15 01:00:00,16.3439998626709
2017-09-15 02:00:00,0
2017-09-15 03:00:00,0
2017-09-15 04:00:00,0
2017-09-15 05:00:00,0
2017-09-15 06:00:00,0
2017-09-15 07:00:00,0
2017-09-15 08:00:00,0
2017-09-15 09:00:00,0
2017-09-15 10:00:00,0
2017-09-15 11:00:00,0
2017-09-15 12:00:00,0
2017-09-15 13:00:00,32.15999984741211
2017-09-15 14:00:00,175.96800231933594
2017-09-15 15:00:00,349.7040100097656
2017-09-15 16:00:00,492.6830139160156
2017-09-15 17:00:00,592.416015625
2017-09-15 18:00:00,653.6180419921875
2017-09-15 19:00:00,663.93304443359375
2017-09-15 20:00:00,632.9200439453125
2017-09-15 21:00:00,527.51300048828125
2017-09-15 22:00:00,429.9650268554687
2017-09-15 23:00:00,310.54400634765625
2017-09-16,125.79200744628906
2017-09-16 01:00:00,14.576001167297363
2017-09-16 02:00:00,0
2017-09-16 03:00:00,0
2017-09-16 04:00:00,0
2017-09-16 05:00:00,0
2017-09-16 06:00:00,0
2017-09-16 07:00:00,0
2017-09-16 08:00:00,0
2017-09-16 09:00:00,0
2017-09-16 10:00:00,NA
2017-09-16 11:00:00,0
2017-09-16 12:00:00,0
2017-09-16 13:00:00,22.472000122070312
2017-09-16 14:00:00,130.5279998779297
2017-09-16 15:00:00,290.77801513671875
2017-09-16 16:00:00,410.406005859375
2017-09-16 17:00:00,493.78802490234375
2017-09-16 18:00:00,664.3590087890625
2017-09-16 19:00:00,NA
2017-09-16 20:00:00,642.74700927734375
2017-09-16 21:00:00,573.49102783203125
2017-09-16 22:00:00,466.5130310058594
2017-09-16 23:00:00,NA
2017-09-17,123.0560073852539
2017-09-17 01:00:00,11.452000617980955
2017-09-17 02:00:00,0
2017-09-17 03:00:00,0
2017-09-17 04:00:00,0
2017-09-17 05:00:00,0
2017-09-17 06:00:00,0
2017-09-17 07:00:00,0
2017-09-17 08:00:00,0
2017-09-17 09:00:00,0
2017-09-17 10:00:00,0
2017-09-17 11:00:00,0
2017-09-17 12:00:00,0
2017-09-17 13:00:00,27.768001556396484
2017-09-17 14:00:00,172.19200134277344
2017-09-17 15:00:00,341.8730163574219
2017-09-17 16:00:00,483.3490295410156
2017-09-17 17:00:00,581.9530029296875
2017-09-17 18:00:00,581.08905029296875
2017-09-17 19:00:00,589.96405029296875
2017-09-17 20:00:00,561.73004150390625
2017-09-17 21:00:00,497.1330261230469
2017-09-17 22:00:00,403.5770263671875
2017-09-17 23:00:00,289.10400390625
2017-09-18,104.08800506591795
2017-09-18 01:00:00,7.188000202178955
2017-09-18 02:00:00,0
2017-09-18 03:00:00,0
2017-09-18 04:00:00,0
2017-09-18 05:00:00,0
2017-09-18 06:00:00,0
2017-09-18 07:00:00,0
2017-09-18 08:00:00,0
2017-09-18 09:00:00,0
2017-09-18 10:00:00,0
2017-09-18 11:00:00,0
2017-09-18 12:00:00,0
2017-09-18 13:00:00,25.216001510620117
2017-09-18 14:00:00,168.04800415039062
2017-09-18 15:00:00,343.57000732421875
2017-09-18 16:00:00,486.62603759765625
2017-09-18 17:00:00,586.301025390625
2017-09-18 18:00:00,656.94403076171875
2017-09-18 19:00:00,666.82305908203125
2017-09-18 20:00:00,634.45404052734375
2017-09-18 21:00:00,562.9739990234375
2017-09-18 22:00:00,456.0770263671875
2017-09-18 23:00:00,325.3280029296875
2017-09-19,110.82400512695312
2017-09-19 01:00:00,4.8480000495910645
2017-09-19 02:00:00,0
2017-09-19 03:00:00,0
2017-09-19 04:00:00,0
2017-09-19 05:00:00,0
2017-09-19 06:00:00,0
2017-09-19 07:00:00,0
2017-09-19 08:00:00,0
2017-09-19 09:00:00,0
2017-09-19 10:00:00,0
2017-09-19 11:00:00,0
2017-09-19 12:00:00,0
2017-09-19 13:00:00,23.75200080871582
2017-09-19 14:00:00,171.52000427246094
2017-09-19 15:00:00,338.0460205078125
2017-09-19 16:00:00,479.666015625
2017-09-19 17:00:00,578.3260498046875
2017-09-19 18:00:00,654.31304931640625
2017-09-19 19:00:00,663.9730224609375
2017-09-19 20:00:00,631.35601806640625
2017-09-19 21:00:00,557.91705322265625
2017-09-19 22:00:00,451.0080261230469
2017-09-19 23:00:00,320.3360290527344
2017-09-20,97.8800048828125
2017-09-20 01:00:00,1.6640000343322754
2017-09-20 02:00:00,0
2017-09-20 03:00:00,0
2017-09-20 04:00:00,0
2017-09-20 05:00:00,0
2017-09-20 06:00:00,0
2017-09-20 07:00:00,0
2017-09-20 08:00:00,0
2017-09-20 09:00:00,0
2017-09-20 10:00:00,0
2017-09-20 11:00:00,0
2017-09-20 12:00:00,0
2017-09-20 13:00:00,20.67200088500977
2017-09-20 14:00:00,163.3920135498047
2017-09-20 15:00:00,339.38201904296875
2017-09-20 16:00:00,482.4720153808594
2017-09-20 17:00:00,582.0970458984375
2017-09-20 18:00:00,652.0780029296875
2017-09-20 19:00:00,661.551025390625
2017-09-20 20:00:00,628.63800048828125
2017-09-20 21:00:00,555.3380126953125
2017-09-20 22:00:00,447.97802734375
2017-09-20 23:00:00,316.76800537109375
2017-09-21,104.86400604248048
2017-09-21 01:00:00,0
2017-09-21 02:00:00,0
2017-09-21 03:00:00,0
2017-09-21 04:00:00,0
2017-09-21 05:00:00,0
2017-09-21 06:00:00,0
2017-09-21 07:00:00,0
2017-09-21 08:00:00,0
2017-09-21 09:00:00,0
2017-09-21 10:00:00,0
2017-09-21 11:00:00,0
2017-09-21 12:00:00,0
2017-09-21 13:00:00,18.66400146484375
2017-09-21 14:00:00,163.42401123046875
2017-09-21 15:00:00,340.4090270996094
2017-09-21 16:00:00,484.8570251464844
2017-09-21 17:00:00,585.384033203125
2017-09-21 18:00:00,653.04901123046875
2017-09-21 19:00:00,662.343017578125
2017-09-21 20:00:00,629.00201416015625
2017-09-21 21:00:00,554.4530029296875
2017-09-21 22:00:00,446.2830200195313
2017-09-21 23:00:00,314.1280212402344
2017-09-22,100.56000518798828
2017-09-22 01:00:00,0
2017-09-22 02:00:00,0
2017-09-22 03:00:00,0
2017-09-22 04:00:00,0
2017-09-22 05:00:00,0
2017-09-22 06:00:00,0
2017-09-22 07:00:00,0
2017-09-22 08:00:00,0
2017-09-22 09:00:00,0
2017-09-22 10:00:00,0
2017-09-22 11:00:00,0
2017-09-22 12:00:00,0
2017-09-22 13:00:00,16.07200050354004
2017-09-22 14:00:00,158.3520050048828
2017-09-22 15:00:00,331.0610046386719
2017-09-22 16:00:00,472.4560241699219
2017-09-22 17:00:00,570.81500244140625
2017-09-22 18:00:00,535.739013671875
2017-09-22 19:00:00,543.2060546875
2017-09-22 20:00:00,515.51702880859375
2017-09-22 21:00:00,409.64202880859375
2017-09-22 22:00:00,329.0000305175781
2017-09-22 23:00:00,230.4960174560547
2017-09-23,88.24800109863281
2017-09-23 01:00:00,0
2017-09-23 02:00:00,0
2017-09-23 03:00:00,0
2017-09-23 04:00:00,0
2017-09-23 05:00:00,0
2017-09-23 06:00:00,0
2017-09-23 07:00:00,0
2017-09-23 08:00:00,0
2017-09-23 09:00:00,0
2017-09-23 10:00:00,0
2017-09-23 11:00:00,0
2017-09-23 12:00:00,0
2017-09-23 13:00:00,12.464000701904297
2017-09-23 14:00:00,141.05599975585938
2017-09-23 15:00:00,270.7710266113281
2017-09-23 16:00:00,387.18701171875
2017-09-23 17:00:00,468.1330261230469
2017-09-23 18:00:00,406.4080200195313
2017-09-23 19:00:00,411.9690246582031
2017-09-23 20:00:00,390.7350158691406
2017-09-23 21:00:00,346.0240173339844
2017-09-23 22:00:00,277.281005859375
2017-09-23 23:00:00,193.3440093994141
2017-09-24,62.74400329589844
2017-09-24 01:00:00,0
2017-09-24 02:00:00,0
2017-09-24 03:00:00,0
2017-09-24 04:00:00,0
2017-09-24 05:00:00,0
2017-09-24 06:00:00,0
2017-09-24 07:00:00,0
2017-09-24 08:00:00,0
2017-09-24 09:00:00,0
2017-09-24 10:00:00,0
2017-09-24 11:00:00,0
2017-09-24 12:00:00,0
2017-09-24 13:00:00,11.35200023651123
2017-09-24 14:00:00,151.760009765625
2017-09-24 15:00:00,275
2017-09-24 16:00:00,394.0280151367187
2017-09-24 17:00:00,476.7650146484375
2017-09-24 18:00:00,455.1590270996094
2017-09-24 19:00:00,461.2740173339844
2017-09-24 20:00:00,437.1960144042969
2017-09-24 21:00:00,358.6500244140625
2017-09-24 22:00:00,286.7400207519531
2017-09-24 23:00:00,198.9600067138672
2017-09-25,72.1520004272461
2017-09-25 01:00:00,0
2017-09-25 02:00:00,0
2017-09-25 03:00:00,0
2017-09-25 04:00:00,0
2017-09-25 05:00:00,0
2017-09-25 06:00:00,0
2017-09-25 07:00:00,0
2017-09-25 08:00:00,0
2017-09-25 09:00:00,0
2017-09-25 10:00:00,0
2017-09-25 11:00:00,0
2017-09-25 12:00:00,0
2017-09-25 13:00:00,9.16800022125244
2017-09-25 14:00:00,150.89601135253906
2017-09-25 15:00:00,317.6070251464844
2017-09-25 16:00:00,456.030029296875
2017-09-25 17:00:00,552.20404052734375
2017-09-25 18:00:00,560.75604248046875
2017-09-25 19:00:00,568.1500244140625
2017-09-25 20:00:00,538.092041015625
2017-09-25 21:00:00,455.416015625
2017-09-25 22:00:00,363.2650146484375
2017-09-25 23:00:00,250.80001831054688
2017-09-26,83.68000030517578
2017-09-26 01:00:00,0
2017-09-26 02:00:00,0
2017-09-26 03:00:00,0
2017-09-26 04:00:00,0
2017-09-26 05:00:00,0
2017-09-26 06:00:00,0
2017-09-26 07:00:00,0
2017-09-26 08:00:00,0
2017-09-26 09:00:00,0
2017-09-26 10:00:00,0
2017-09-26 11:00:00,0
2017-09-26 12:00:00,0
2017-09-26 13:00:00,6.944000244140625
2017-09-26 14:00:00,150.32000732421875
2017-09-26 15:00:00,327.6590270996094
2017-09-26 16:00:00,471.43902587890625
2017-09-26 17:00:00,571.3060302734375
2017-09-26 18:00:00,638.91802978515625
2017-09-26 19:00:00,647.18902587890625
2017-09-26 20:00:00,612.54205322265625
2017-09-26 21:00:00,525.07501220703125
2017-09-26 22:00:00,417.8330078125
2017-09-26 23:00:00,287.0080261230469
2017-09-27,79.66400146484375
2017-09-27 01:00:00,0
2017-09-27 02:00:00,0
2017-09-27 03:00:00,0
2017-09-27 04:00:00,0
2017-09-27 05:00:00,0
2017-09-27 06:00:00,0
2017-09-27 07:00:00,0
2017-09-27 08:00:00,0
2017-09-27 09:00:00,0
2017-09-27 10:00:00,0
2017-09-27 11:00:00,0
2017-09-27 12:00:00,0
2017-09-27 13:00:00,4.344000339508057
2017-09-27 14:00:00,139.79200744628906
2017-09-27 15:00:00,279.04400634765625
2017-09-27 16:00:00,402.3610229492187
2017-09-27 17:00:00,487.9870300292969
2017-09-27 18:00:00,525.89703369140625
2017-09-27 19:00:00,532.5660400390625
2017-09-27 20:00:00,503.72601318359375
2017-09-27 21:00:00,438.8160095214844
2017-09-27 22:00:00,348.3570251464844
2017-09-27 23:00:00,238.03201293945312
2017-09-28,81.4800033569336
2017-09-28 01:00:00,0
2017-09-28 02:00:00,0
2017-09-28 03:00:00,0
2017-09-28 04:00:00,0
2017-09-28 05:00:00,0
2017-09-28 06:00:00,0
2017-09-28 07:00:00,0
2017-09-28 08:00:00,0
2017-09-28 09:00:00,0
2017-09-28 10:00:00,0
2017-09-28 11:00:00,0
2017-09-28 12:00:00,0
2017-09-28 13:00:00,1.368000030517578
2017-09-28 14:00:00,88.9280014038086
2017-09-28 15:00:00,246.17401123046875
2017-09-28 16:00:00,355.73101806640625
2017-09-28 17:00:00,431.7830200195313
2017-09-28 18:00:00,590.8480224609375
2017-09-28 19:00:00,598.1820068359375
2017-09-28 20:00:00,565.37103271484375
2017-09-28 21:00:00,383.7150268554687
2017-09-28 22:00:00,303.8690185546875
2017-09-28 23:00:00,206.5120086669922
2017-09-29,57.78400421142578
2017-09-29 01:00:00,0
2017-09-29 02:00:00,0
2017-09-29 03:00:00,0
2017-09-29 04:00:00,0
2017-09-29 05:00:00,0
2017-09-29 06:00:00,0
2017-09-29 07:00:00,0
2017-09-29 08:00:00,0
2017-09-29 09:00:00,0
2017-09-29 10:00:00,0
2017-09-29 11:00:00,0
2017-09-29 12:00:00,0
2017-09-29 13:00:00,0
2017-09-29 14:00:00,138.41600036621094
2017-09-29 15:00:00,303.2610168457031
2017-09-29 16:00:00,439.2220153808594
2017-09-29 17:00:00,533.56304931640625
2017-09-29 18:00:00,498.6720275878906
2017-09-29 19:00:00,504.72802734375
2017-09-29 20:00:00,476.739013671875
2017-09-29 21:00:00,389.27203369140625
2017-09-29 22:00:00,307.5030212402344
2017-09-29 23:00:00,207.8560028076172
2017-09-30,64.61600494384766
2017-09-30 01:00:00,0
2017-09-30 02:00:00,0
2017-09-30 03:00:00,0
2017-09-30 04:00:00,0
2017-09-30 05:00:00,0
2017-09-30 06:00:00,0
2017-09-30 07:00:00,0
2017-09-30 08:00:00,0
2017-09-30 09:00:00,0
2017-09-30 10:00:00,0
2017-09-30 11:00:00,0
2017-09-30 12:00:00,0
2017-09-30 13:00:00,0
2017-09-30 14:00:00,137.552001953125
2017-09-30 15:00:00,306.96600341796875
2017-09-30 16:00:00,445.6150207519531
2017-09-30 17:00:00,541.7950439453125
2017-09-30 18:00:00,554.50604248046875
2017-09-30 19:00:00,561.10003662109375
2017-09-30 20:00:00,529.613037109375
2017-09-30 21:00:00,323.7920227050781
2017-09-30 22:00:00,255.15000915527344
2017-09-30 23:00:00,171.48800659179688
2017-10-01,69.40800476074219
2017-10-01 01:00:00,0
2017-10-01 02:00:00,0
2017-10-01 03:00:00,0
2017-10-01 04:00:00,0
2017-10-01 05:00:00,0
2017-10-01 06:00:00,0
2017-10-01 07:00:00,0
2017-10-01 08:00:00,0
2017-10-01 09:00:00,0
2017-10-01 10:00:00,0
2017-10-01 11:00:00,0
2017-10-01 12:00:00,0
2017-10-01 13:00:00,0
2017-10-01 14:00:00,109.47200775146484
2017-10-01 15:00:00,248.17800903320312
2017-10-01 16:00:00,352.291015625
2017-10-01 17:00:00,436.4580078125
2017-10-01 18:00:00,528.2030029296875
2017-10-01 19:00:00,549.21099853515625
2017-10-01 20:00:00,529.44000244140625
2017-10-01 21:00:00,475.9440307617187
2017-10-01 22:00:00,369.1700134277344
2017-10-01 23:00:00,246.76800537109375
2017-10-02,71.832000732421875
2017-10-02 01:00:00,0
2017-10-02 02:00:00,0
2017-10-02 03:00:00,0
2017-10-02 04:00:00,0
2017-10-02 05:00:00,0
2017-10-02 06:00:00,0
2017-10-02 07:00:00,0
2017-10-02 08:00:00,0
2017-10-02 09:00:00,0
2017-10-02 10:00:00,0
2017-10-02 11:00:00,0
2017-10-02 12:00:00,0
2017-10-02 13:00:00,0
2017-10-02 14:00:00,95.79200744628906
2017-10-02 15:00:00,164.11300659179688
2017-10-02 16:00:00,233.5130157470703
2017-10-02 17:00:00,289.5630187988281
2017-10-02 18:00:00,NA
2017-10-02 19:00:00,333.7030029296875
2017-10-02 20:00:00,321.4640197753906
2017-10-02 21:00:00,330.9950256347656
2017-10-02 22:00:00,256.0740051269531
2017-10-02 23:00:00,170.17601013183594
2017-10-03,41.45600128173828
2017-10-03 01:00:00,0
2017-10-03 02:00:00,0
2017-10-03 03:00:00,0
2017-10-03 04:00:00,0
2017-10-03 05:00:00,0
2017-10-03 06:00:00,0
2017-10-03 07:00:00,0
2017-10-03 08:00:00,0
2017-10-03 09:00:00,0
2017-10-03 10:00:00,0
2017-10-03 11:00:00,0
2017-10-03 12:00:00,0
2017-10-03 13:00:00,0
2017-10-03 14:00:00,133.05599975585938
2017-10-03 15:00:00,311.5320129394531
2017-10-03 16:00:00,444.3890075683594
2017-10-03 17:00:00,551.55999755859375
2017-10-03 18:00:00,631.291015625
2017-10-03 19:00:00,656.09503173828125
2017-10-03 20:00:00,631.60504150390625
2017-10-03 21:00:00,557.51202392578125
2017-10-03 22:00:00,430.2080078125
2017-10-03 23:00:00,284.1600036621094
2017-10-04,60.92000198364258
2017-10-04 01:00:00,0
2017-10-04 02:00:00,0
2017-10-04 03:00:00,0
2017-10-04 04:00:00,0
2017-10-04 05:00:00,0
2017-10-04 06:00:00,0
2017-10-04 07:00:00,0
2017-10-04 08:00:00,0
2017-10-04 09:00:00,0
2017-10-04 10:00:00,0
2017-10-04 11:00:00,0
2017-10-04 12:00:00,0
2017-10-04 13:00:00,0
2017-10-04 14:00:00,127.39200592041016
2017-10-04 15:00:00,302.16900634765625
2017-10-04 16:00:00,432.1130065917969
2017-10-04 17:00:00,536.82904052734375
2017-10-04 18:00:00,612.6650390625
2017-10-04 19:00:00,636.5970458984375
2017-10-04 20:00:00,612.4000244140625
2017-10-04 21:00:00,538.64801025390625
2017-10-04 22:00:00,414.54400634765625
2017-10-04 23:00:00,272.1440124511719
2017-10-05,54.23200225830078
2017-10-05 01:00:00,0
2017-10-05 02:00:00,0
2017-10-05 03:00:00,0
2017-10-05 04:00:00,0
2017-10-05 05:00:00,0
2017-10-05 06:00:00,0
2017-10-05 07:00:00,0
2017-10-05 08:00:00,0
2017-10-05 09:00:00,NA
2017-10-05 10:00:00,0
2017-10-05 11:00:00,0
2017-10-05 12:00:00,0
2017-10-05 13:00:00,0
2017-10-05 14:00:00,124.67200469970705
2017-10-05 15:00:00,298.95001220703125
2017-10-05 16:00:00,428.6170349121094
2017-10-05 17:00:00,533.0140380859375
2017-10-05 18:00:00,610.93603515625
2017-10-05 19:00:00,634.6610107421875
2017-10-05 20:00:00,610.1070556640625
2017-10-05 21:00:00,517.20703125
2017-10-05 22:00:00,396.97601318359375
2017-10-05 23:00:00,258.97601318359375
2017-10-06,50.53600311279297
2017-10-06 01:00:00,0
2017-10-06 02:00:00,0
2017-10-06 03:00:00,0
2017-10-06 04:00:00,0
2017-10-06 05:00:00,0
2017-10-06 06:00:00,0
2017-10-06 07:00:00,0
2017-10-06 08:00:00,0
2017-10-06 09:00:00,0
2017-10-06 10:00:00,0
2017-10-06 11:00:00,0
2017-10-06 12:00:00,0
2017-10-06 13:00:00,0
2017-10-06 14:00:00,124.81600952148438
2017-10-06 15:00:00,300.5190124511719
2017-10-06 16:00:00,432.0210266113281
2017-10-06 17:00:00,537.781005859375
2017-10-06 18:00:00,563.62701416015625
2017-10-06 19:00:00,585.39105224609375
2017-10-06 20:00:00,562.3580322265625
2017-10-06 21:00:00,481.4150085449219
2017-10-06 22:00:00,368.5120239257813
2017-10-06 23:00:00,238.864013671875
2017-10-07,47.61600112915039
2017-10-07 01:00:00,0
2017-10-07 02:00:00,0
2017-10-07 03:00:00,0
2017-10-07 04:00:00,0
2017-10-07 05:00:00,0
2017-10-07 06:00:00,0
2017-10-07 07:00:00,0
2017-10-07 08:00:00,0
2017-10-07 09:00:00,0
2017-10-07 10:00:00,0
2017-10-07 11:00:00,0
2017-10-07 12:00:00,0
2017-10-07 13:00:00,0
2017-10-07 14:00:00,122.30400848388672
2017-10-07 15:00:00,293.22900390625
2017-10-07 16:00:00,422.6770324707031
2017-10-07 17:00:00,526.68603515625
2017-10-07 18:00:00,610.95703125
2017-10-07 19:00:00,634.406005859375
2017-10-07 20:00:00,609.02001953125
2017-10-07 21:00:00,537.10400390625
2017-10-07 22:00:00,410.0160217285156
2017-10-07 23:00:00,264.0160217285156
2017-10-08,47.656002044677734
2017-10-08 01:00:00,0
2017-10-08 02:00:00,0
2017-10-08 03:00:00,0
2017-10-08 04:00:00,0
2017-10-08 05:00:00,0
2017-10-08 06:00:00,0
2017-10-08 07:00:00,0
2017-10-08 08:00:00,0
2017-10-08 09:00:00,0
2017-10-08 10:00:00,0
2017-10-08 11:00:00,0
2017-10-08 12:00:00,0
2017-10-08 13:00:00,0
2017-10-08 14:00:00,121.20000457763672
2017-10-08 15:00:00,296.26202392578125
2017-10-08 16:00:00,428.27001953125
2017-10-08 17:00:00,534.197998046875
2017-10-08 18:00:00,611.89605712890625
2017-10-08 19:00:00,635.24200439453125
2017-10-08 20:00:00,609.3990478515625
2017-10-08 21:00:00,529.09405517578125
2017-10-08 22:00:00,402.7840270996094
2017-10-08 23:00:00,257.63201904296875
2017-10-09,41.496002197265625
2017-10-09 01:00:00,0
2017-10-09 02:00:00,0
2017-10-09 03:00:00,0
2017-10-09 04:00:00,0
2017-10-09 05:00:00,0
2017-10-09 06:00:00,0
2017-10-09 07:00:00,0
2017-10-09 08:00:00,0
2017-10-09 09:00:00,0
2017-10-09 10:00:00,0
2017-10-09 11:00:00,0
2017-10-09 12:00:00,0
2017-10-09 13:00:00,0
2017-10-09 14:00:00,54.544002532958984
2017-10-09 15:00:00,100.40900421142578
2017-10-09 16:00:00,145.54901123046875
2017-10-09 17:00:00,181.75100708007812
2017-10-09 18:00:00,497.0980224609375
2017-10-09 19:00:00,515.97601318359375
2017-10-09 20:00:00,494.6380310058594
2017-10-09 21:00:00,421.7120056152344
2017-10-09 22:00:00,320.1280212402344
2017-10-09 23:00:00,203.36001586914065
2017-10-10,39.14400100708008
2017-10-10 01:00:00,0
2017-10-10 02:00:00,0
2017-10-10 03:00:00,0
2017-10-10 04:00:00,0
2017-10-10 05:00:00,0
2017-10-10 06:00:00,0
2017-10-10 07:00:00,0
2017-10-10 08:00:00,0
2017-10-10 09:00:00,0
2017-10-10 10:00:00,0
2017-10-10 11:00:00,0
2017-10-10 12:00:00,0
2017-10-10 13:00:00,0
2017-10-10 14:00:00,119.69600677490234
2017-10-10 15:00:00,298.5090026855469
2017-10-10 16:00:00,434.0250244140625
2017-10-10 17:00:00,542.57403564453125
2017-10-10 18:00:00,617.114013671875
2017-10-10 19:00:00,640.4100341796875
2017-10-10 20:00:00,613.52203369140625
2017-10-10 21:00:00,536.0250244140625
2017-10-10 22:00:00,405.760009765625
2017-10-10 23:00:00,255.95201110839844
2017-10-11,38.6400032043457
2017-10-11 01:00:00,0
2017-10-11 02:00:00,0
2017-10-11 03:00:00,0
2017-10-11 04:00:00,0
2017-10-11 05:00:00,0
2017-10-11 06:00:00,0
2017-10-11 07:00:00,0
2017-10-11 08:00:00,0
2017-10-11 09:00:00,0
2017-10-11 10:00:00,0
2017-10-11 11:00:00,0
2017-10-11 12:00:00,0
2017-10-11 13:00:00,0
2017-10-11 14:00:00,118.54400634765624
2017-10-11 15:00:00,290.4070129394531
2017-10-11 16:00:00,423.5330200195313
2017-10-11 17:00:00,530.0469970703125
2017-10-11 18:00:00,598.36004638671875
2017-10-11 19:00:00,620.8480224609375
2017-10-11 20:00:00,594.3680419921875
2017-10-11 21:00:00,519.26904296875
2017-10-11 22:00:00,391.9520263671875
2017-10-11 23:00:00,245.47201538085935
2017-10-12,34.69600296020508
2017-10-12 01:00:00,0
2017-10-12 02:00:00,0
2017-10-12 03:00:00,0
2017-10-12 04:00:00,0
2017-10-12 05:00:00,0
2017-10-12 06:00:00,0
2017-10-12 07:00:00,0
2017-10-12 08:00:00,0
2017-10-12 09:00:00,0
2017-10-12 10:00:00,0
2017-10-12 11:00:00,0
2017-10-12 12:00:00,0
2017-10-12 13:00:00,0
2017-10-12 14:00:00,108.4320068359375
2017-10-12 15:00:00,281.3630065917969
2017-10-12 16:00:00,411.6020202636719
2017-10-12 17:00:00,515.72003173828125
2017-10-12 18:00:00,593.8740234375
2017-10-12 19:00:00,616.08203125
2017-10-12 20:00:00,589.4090576171875
2017-10-12 21:00:00,507.968017578125
2017-10-12 22:00:00,382.3040161132813
2017-10-12 23:00:00,237.6800079345703
2017-10-13,30.1200008392334
2017-10-13 01:00:00,0
2017-10-13 02:00:00,0
2017-10-13 03:00:00,0
2017-10-13 04:00:00,0
2017-10-13 05:00:00,0
2017-10-13 06:00:00,0
2017-10-13 07:00:00,0
2017-10-13 08:00:00,0
2017-10-13 09:00:00,0
2017-10-13 10:00:00,0
2017-10-13 11:00:00,0
2017-10-13 12:00:00,0
2017-10-13 13:00:00,0
2017-10-13 14:00:00,105.60000610351562
2017-10-13 15:00:00,279.9820251464844
2017-10-13 16:00:00,410.9120178222656
2017-10-13 17:00:00,515.467041015625
2017-10-13 18:00:00,594.926025390625
2017-10-13 19:00:00,617.0880126953125
2017-10-13 20:00:00,589.968017578125
2017-10-13 21:00:00,507.80902099609375
2017-10-13 22:00:00,381.0560302734375
2017-10-13 23:00:00,235.14401245117188
2017-10-14,NA
2017-10-14 01:00:00,0
2017-10-14 02:00:00,0
2017-10-14 03:00:00,0
2017-10-14 04:00:00,0
2017-10-14 05:00:00,0
2017-10-14 06:00:00,0
2017-10-14 07:00:00,0
2017-10-14 08:00:00,0
2017-10-14 09:00:00,0
2017-10-14 10:00:00,0
2017-10-14 11:00:00,0
2017-10-14 12:00:00,0
2017-10-14 13:00:00,0
2017-10-14 14:00:00,104.44800567626952
2017-10-14 15:00:00,264.4210205078125
2017-10-14 16:00:00,389.3370056152344
2017-10-14 17:00:00,489.0270080566406
2017-10-14 18:00:00,414.2540283203125
2017-10-14 19:00:00,429.6170349121094
2017-10-14 20:00:00,410.4530334472656
2017-10-14 21:00:00,452.2510070800781
2017-10-14 22:00:00,338.3680114746094
2017-10-14 23:00:00,207.2080078125
2017-10-15,25.80000114440918
2017-10-15 01:00:00,0
2017-10-15 02:00:00,0
2017-10-15 03:00:00,0
2017-10-15 04:00:00,0
2017-10-15 05:00:00,0
2017-10-15 06:00:00,0
2017-10-15 07:00:00,0
2017-10-15 08:00:00,0
2017-10-15 09:00:00,0
2017-10-15 10:00:00,0
2017-10-15 11:00:00,0
2017-10-15 12:00:00,0
2017-10-15 13:00:00,0
2017-10-15 14:00:00,101.64800262451172
2017-10-15 15:00:00,273.92901611328125
2017-10-15 16:00:00,404.7040100097656
2017-10-15 17:00:00,508.9620361328125
2017-10-15 18:00:00,583.96905517578125
2017-10-15 19:00:00,605.54705810546875
2017-10-15 20:00:00,578.16400146484375
2017-10-15 21:00:00,492.9590148925781
2017-10-15 22:00:00,367.7440185546875
2017-10-15 23:00:00,223.4320068359375
2017-10-16,22.48400115966797
2017-10-16 01:00:00,0
2017-10-16 02:00:00,0
2017-10-16 03:00:00,0
2017-10-16 04:00:00,0
2017-10-16 05:00:00,0
2017-10-16 06:00:00,0
2017-10-16 07:00:00,0
2017-10-16 08:00:00,0
2017-10-16 09:00:00,0
2017-10-16 10:00:00,0
2017-10-16 11:00:00,0
2017-10-16 12:00:00,0
2017-10-16 13:00:00,0
2017-10-16 14:00:00,102.27200317382812
2017-10-16 15:00:00,276.1940002441406
2017-10-16 16:00:00,409.4850158691406
2017-10-16 17:00:00,515.6610107421875
2017-10-16 18:00:00,589.5400390625
2017-10-16 19:00:00,611.2440185546875
2017-10-16 20:00:00,583.2130126953125
2017-10-16 21:00:00,498.5750122070313
2017-10-16 22:00:00,370.8000183105469
2017-10-16 23:00:00,223.5120086669922
2017-10-17,22.34400177001953
2017-10-17 01:00:00,0
2017-10-17 02:00:00,0
2017-10-17 03:00:00,0
2017-10-17 04:00:00,0
2017-10-17 05:00:00,0
2017-10-17 06:00:00,0
2017-10-17 07:00:00,0
2017-10-17 08:00:00,0
2017-10-17 09:00:00,0
2017-10-17 10:00:00,0
2017-10-17 11:00:00,0
2017-10-17 12:00:00,0
2017-10-17 13:00:00,0
2017-10-17 14:00:00,96.44800567626952
2017-10-17 15:00:00,267.9940185546875
2017-10-17 16:00:00,398.7510070800781
2017-10-17 17:00:00,502.8160095214844
2017-10-17 18:00:00,579.38702392578125
2017-10-17 19:00:00,600.6400146484375
2017-10-17 20:00:00,572.71405029296875
2017-10-17 21:00:00,486.530029296875
2017-10-17 22:00:00,360.75201416015625
2017-10-17 23:00:00,215.68800354003903
2017-10-18,16.716001510620117
2017-10-18 01:00:00,0
2017-10-18 02:00:00,0
2017-10-18 03:00:00,0
2017-10-18 04:00:00,0
2017-10-18 05:00:00,0
2017-10-18 06:00:00,0
2017-10-18 07:00:00,0
2017-10-18 08:00:00,0
2017-10-18 09:00:00,0
2017-10-18 10:00:00,0
2017-10-18 11:00:00,0
2017-10-18 12:00:00,0
2017-10-18 13:00:00,0
2017-10-18 14:00:00,95.34400177001952
2017-10-18 15:00:00,266.6410217285156
2017-10-18 16:00:00,398.1880187988281
2017-10-18 17:00:00,502.8000183105469
2017-10-18 18:00:00,579.21002197265625
2017-10-18 19:00:00,600.4200439453125
2017-10-18 20:00:00,572.13800048828125
2017-10-18 21:00:00,484.6740112304687
2017-10-18 22:00:00,358.2720031738281
2017-10-18 23:00:00,212.4400177001953
2017-10-19,14.85200023651123
2017-10-19 01:00:00,0
2017-10-19 02:00:00,0
2017-10-19 03:00:00,0
2017-10-19 04:00:00,0
2017-10-19 05:00:00,0
2017-10-19 06:00:00,0
2017-10-19 07:00:00,0
2017-10-19 08:00:00,0
2017-10-19 09:00:00,0
2017-10-19 10:00:00,0
2017-10-19 11:00:00,0
2017-10-19 12:00:00,0
2017-10-19 13:00:00,0
2017-10-19 14:00:00,89.45600128173828
2017-10-19 15:00:00,257.72900390625
2017-10-19 16:00:00,386.3240051269531
2017-10-19 17:00:00,488.5280151367187
2017-10-19 18:00:00,554.63104248046875
2017-10-19 19:00:00,574.87603759765625
2017-10-19 20:00:00,547.46002197265625
2017-10-19 21:00:00,457.2660217285156
2017-10-19 22:00:00,336.99200439453125
2017-10-19 23:00:00,198.1280059814453
2017-10-20,13.176000595092772
2017-10-20 01:00:00,0
2017-10-20 02:00:00,0
2017-10-20 03:00:00,0
2017-10-20 04:00:00,0
2017-10-20 05:00:00,0
2017-10-20 06:00:00,0
2017-10-20 07:00:00,0
2017-10-20 08:00:00,0
2017-10-20 09:00:00,0
2017-10-20 10:00:00,0
2017-10-20 11:00:00,0
2017-10-20 12:00:00,0
2017-10-20 13:00:00,0
2017-10-20 14:00:00,82.22400665283203
2017-10-20 15:00:00,248.1630096435547
2017-10-20 16:00:00,373.4610290527344
2017-10-20 17:00:00,472.93701171875
2017-10-20 18:00:00,550.8480224609375
2017-10-20 19:00:00,570.92401123046875
2017-10-20 20:00:00,543.34503173828125
2017-10-20 21:00:00,459.2230224609375
2017-10-20 22:00:00,337.3760070800781
2017-10-20 23:00:00,196.64801025390625
2017-10-21,11.136000633239746
2017-10-21 01:00:00,0
2017-10-21 02:00:00,0
2017-10-21 03:00:00,0
2017-10-21 04:00:00,0
2017-10-21 05:00:00,0
2017-10-21 06:00:00,0
2017-10-21 07:00:00,0
2017-10-21 08:00:00,0
2017-10-21 09:00:00,0
2017-10-21 10:00:00,0
2017-10-21 11:00:00,0
2017-10-21 12:00:00,0
2017-10-21 13:00:00,0
2017-10-21 14:00:00,84.384002685546875
2017-10-21 15:00:00,256.1440124511719
2017-10-21 16:00:00,387.0030212402344
2017-10-21 17:00:00,490.8330383300781
2017-10-21 18:00:00,530.93701171875
2017-10-21 19:00:00,550.259033203125
2017-10-21 20:00:00,523.35101318359375
2017-10-21 21:00:00,398.8960266113281
2017-10-21 22:00:00,292.1440124511719
2017-10-21 23:00:00,168.79200744628906
2017-10-22,9.940000534057615
2017-10-22 01:00:00,0
2017-10-22 02:00:00,0
2017-10-22 03:00:00,0
2017-10-22 04:00:00,0
2017-10-22 05:00:00,0
2017-10-22 06:00:00,0
2017-10-22 07:00:00,0
2017-10-22 08:00:00,0
2017-10-22 09:00:00,0
2017-10-22 10:00:00,0
2017-10-22 11:00:00,0
2017-10-22 12:00:00,0
2017-10-22 13:00:00,0
2017-10-22 14:00:00,78.33600616455078
2017-10-22 15:00:00,243.04000854492188
2017-10-22 16:00:00,368.7350158691406
2017-10-22 17:00:00,468.385009765625
2017-10-22 18:00:00,536.947998046875
2017-10-22 19:00:00,556.4530029296875
2017-10-22 20:00:00,528.9310302734375
2017-10-22 21:00:00,442.5350341796875
2017-10-22 22:00:00,323.10400390625
2017-10-22 23:00:00,185.0080108642578
2017-10-23,6.452000141143799
2017-10-23 01:00:00,0
2017-10-23 02:00:00,0
2017-10-23 03:00:00,0
2017-10-23 04:00:00,0
2017-10-23 05:00:00,0
2017-10-23 06:00:00,0
2017-10-23 07:00:00,0
2017-10-23 08:00:00,0
2017-10-23 09:00:00,0
2017-10-23 10:00:00,0
2017-10-23 11:00:00,0
2017-10-23 12:00:00,0
2017-10-23 13:00:00,0
2017-10-23 14:00:00,75.29600524902344
2017-10-23 15:00:00,241.2320098876953
2017-10-23 16:00:00,367.5550231933594
2017-10-23 17:00:00,467.6290283203125
2017-10-23 18:00:00,543.86602783203125
2017-10-23 19:00:00,563.61199951171875
2017-10-23 20:00:00,535.41302490234375
2017-10-23 21:00:00,441.676025390625
2017-10-23 22:00:00,321.4560241699219
2017-10-23 23:00:00,182.3920135498047
2017-10-24,4.828000068664551
2017-10-24 01:00:00,0
2017-10-24 02:00:00,0
2017-10-24 03:00:00,0
2017-10-24 04:00:00,0
2017-10-24 05:00:00,0
2017-10-24 06:00:00,0
2017-10-24 07:00:00,0
2017-10-24 08:00:00,0
2017-10-24 09:00:00,0
2017-10-24 10:00:00,0
2017-10-24 11:00:00,0
2017-10-24 12:00:00,0
2017-10-24 13:00:00,0
2017-10-24 14:00:00,74.496002197265625
2017-10-24 15:00:00,239.2160186767578
2017-10-24 16:00:00,366.0710144042969
2017-10-24 17:00:00,466.4990234375
2017-10-24 18:00:00,537.593017578125
2017-10-24 19:00:00,557.11102294921875
2017-10-24 20:00:00,528.92803955078125
2017-10-24 21:00:00,438.6920166015625
2017-10-24 22:00:00,318.28802490234375
2017-10-24 23:00:00,178.92001342773438
2017-10-25,3.808000087738037
2017-10-25 01:00:00,0
2017-10-25 02:00:00,0
2017-10-25 03:00:00,0
2017-10-25 04:00:00,0
2017-10-25 05:00:00,0
2017-10-25 06:00:00,0
2017-10-25 07:00:00,0
2017-10-25 08:00:00,0
2017-10-25 09:00:00,0
2017-10-25 10:00:00,0
2017-10-25 11:00:00,0
2017-10-25 12:00:00,0
2017-10-25 13:00:00,0
2017-10-25 14:00:00,71.2800064086914
2017-10-25 15:00:00,235.31201171875
2017-10-25 16:00:00,361.7300109863281
2017-10-25 17:00:00,461.738037109375
2017-10-25 18:00:00,534.988037109375
2017-10-25 19:00:00,554.41302490234375
2017-10-25 20:00:00,526.07501220703125
2017-10-25 21:00:00,438.6530151367187
2017-10-25 22:00:00,317.2480163574219
2017-10-25 23:00:00,176.656005859375
2017-10-26,2.432000160217285
2017-10-26 01:00:00,0
2017-10-26 02:00:00,0
2017-10-26 03:00:00,0
2017-10-26 04:00:00,0
2017-10-26 05:00:00,0
2017-10-26 06:00:00,0
2017-10-26 07:00:00,0
2017-10-26 08:00:00,0
2017-10-26 09:00:00,0
2017-10-26 10:00:00,0
2017-10-26 11:00:00,0
2017-10-26 12:00:00,0
2017-10-26 13:00:00,0
2017-10-26 14:00:00,72.59200286865234
2017-10-26 15:00:00,152.5760040283203
2017-10-26 16:00:00,235.61801147460935
2017-10-26 17:00:00,301.2790222167969
2017-10-26 18:00:00,169.09800720214844
2017-10-26 19:00:00,175.2480010986328
2017-10-26 20:00:00,166.1850128173828
2017-10-26 21:00:00,193.29400634765625
2017-10-26 22:00:00,139.34400939941406
2017-10-26 23:00:00,76.84800720214844
2017-10-27,0.45600003004074097
2017-10-27 01:00:00,0
2017-10-27 02:00:00,0
2017-10-27 03:00:00,0
2017-10-27 04:00:00,0
2017-10-27 05:00:00,0
2017-10-27 06:00:00,0
2017-10-27 07:00:00,0
2017-10-27 08:00:00,0
2017-10-27 09:00:00,0
2017-10-27 10:00:00,0
2017-10-27 11:00:00,0
2017-10-27 12:00:00,0
2017-10-27 13:00:00,0
2017-10-27 14:00:00,66.4800033569336
2017-10-27 15:00:00,216.62400817871097
2017-10-27 16:00:00,336.1520080566406
2017-10-27 17:00:00,430.5920104980469
2017-10-27 18:00:00,471.2350158691406
2017-10-27 19:00:00,488.3790283203125
2017-10-27 20:00:00,462.9090270996094
2017-10-27 21:00:00,160.09600830078125
2017-10-27 22:00:00,115.0560073852539
2017-10-27 23:00:00,62.83200454711914
2017-10-28,0.00800000037997961
2017-10-28 01:00:00,0
2017-10-28 02:00:00,0
2017-10-28 03:00:00,0
2017-10-28 04:00:00,0
2017-10-28 05:00:00,0
2017-10-28 06:00:00,0
2017-10-28 07:00:00,0
2017-10-28 08:00:00,0
2017-10-28 09:00:00,0
2017-10-28 10:00:00,0
2017-10-28 11:00:00,0
2017-10-28 12:00:00,0
2017-10-28 13:00:00,0
2017-10-28 14:00:00,60.35200119018555
2017-10-28 15:00:00,221.4400177001953
2017-10-28 16:00:00,345.3000183105469
2017-10-28 17:00:00,443.1320190429687
2017-10-28 18:00:00,502.7830200195313
2017-10-28 19:00:00,521.1080322265625
2017-10-28 20:00:00,493.6700134277344
2017-10-28 21:00:00,413.4400329589844
2017-10-28 22:00:00,296.176025390625
2017-10-28 23:00:00,160.14401245117188
2017-10-29,0
2017-10-29 01:00:00,0
2017-10-29 02:00:00,0
2017-10-29 03:00:00,0
2017-10-29 04:00:00,0
2017-10-29 05:00:00,0
2017-10-29 06:00:00,0
2017-10-29 07:00:00,0
2017-10-29 08:00:00,0
2017-10-29 09:00:00,0
2017-10-29 10:00:00,0
2017-10-29 11:00:00,0
2017-10-29 12:00:00,0
2017-10-29 13:00:00,0
2017-10-29 14:00:00,59.42400360107422
2017-10-29 15:00:00,221.4560089111328
2017-10-29 16:00:00,347.0740051269531
2017-10-29 17:00:00,446.2340087890625
2017-10-29 18:00:00,517.7530517578125
2017-10-29 19:00:00,536.656005859375
2017-10-29 20:00:00,508.14501953125
2017-10-29 21:00:00,414.0000305175781
2017-10-29 22:00:00,295.63201904296875
2017-10-29 23:00:00,158.24000549316406
2017-10-30,0
2017-10-30 01:00:00,0
2017-10-30 02:00:00,0
2017-10-30 03:00:00,0
2017-10-30 04:00:00,0
2017-10-30 05:00:00,0
2017-10-30 06:00:00,0
2017-10-30 07:00:00,0
2017-10-30 08:00:00,0
2017-10-30 09:00:00,0
2017-10-30 10:00:00,0
2017-10-30 11:00:00,0
2017-10-30 12:00:00,0
2017-10-30 13:00:00,0
2017-10-30 14:00:00,49.47200393676758
2017-10-30 15:00:00,199.760009765625
2017-10-30 16:00:00,314.697021484375
2017-10-30 17:00:00,405.3820190429687
2017-10-30 18:00:00,476.6790161132813
2017-10-30 19:00:00,494.1300354003906
2017-10-30 20:00:00,467.6300354003906
2017-10-30 21:00:00,413.9040222167969
2017-10-30 22:00:00,294.6240234375
2017-10-30 23:00:00,156.09600830078125
2017-10-31,0
2017-10-31 01:00:00,0
2017-10-31 02:00:00,0
2017-10-31 03:00:00,0
2017-10-31 04:00:00,0
2017-10-31 05:00:00,0
2017-10-31 06:00:00,0
2017-10-31 07:00:00,0
2017-10-31 08:00:00,0
2017-10-31 09:00:00,0
2017-10-31 10:00:00,0
2017-10-31 11:00:00,0
2017-10-31 12:00:00,0
2017-10-31 13:00:00,0
2017-10-31 14:00:00,52.048004150390625
2017-10-31 15:00:00,215.52000427246097
2017-10-31 16:00:00,341.3470153808594
2017-10-31 17:00:00,440.5940246582031
2017-10-31 18:00:00,502.7790222167969
2017-10-31 19:00:00,521.2640380859375
2017-10-31 20:00:00,493.0740356445313
2017-10-31 21:00:00,412.9280090332031
2017-10-31 22:00:00,293.0080261230469
2017-10-31 23:00:00,153.6320037841797
2017-11-01,0
2017-11-01 01:00:00,0
2017-11-01 02:00:00,0
2017-11-01 03:00:00,0
2017-11-01 04:00:00,0
2017-11-01 05:00:00,0
2017-11-01 06:00:00,0
2017-11-01 07:00:00,0
2017-11-01 08:00:00,0
2017-11-01 09:00:00,0
2017-11-01 10:00:00,0
2017-11-01 11:00:00,0
2017-11-01 12:00:00,0
2017-11-01 13:00:00,0
2017-11-01 14:00:00,45.40800094604492
2017-11-01 15:00:00,195.05601501464844
2017-11-01 16:00:00,309.55401611328125
2017-11-01 17:00:00,410.4090270996094
2017-11-01 18:00:00,497.3690185546875
2017-11-01 19:00:00,515.7530517578125
2017-11-01 20:00:00,483.5150146484375
2017-11-01 21:00:00,NA
2017-11-01 22:00:00,299.760009765625
2017-11-01 23:00:00,155.52000427246094
2017-11-02,0
2017-11-02 01:00:00,0
2017-11-02 02:00:00,0
2017-11-02 03:00:00,0
2017-11-02 04:00:00,0
2017-11-02 05:00:00,0
2017-11-02 06:00:00,0
2017-11-02 07:00:00,0
2017-11-02 08:00:00,0
2017-11-02 09:00:00,0
2017-11-02 10:00:00,0
2017-11-02 11:00:00,0
2017-11-02 12:00:00,0
2017-11-02 13:00:00,0
2017-11-02 14:00:00,45.90400314331055
2017-11-02 15:00:00,195.760009765625
2017-11-02 16:00:00,312.43402099609375
2017-11-02 17:00:00,415.10302734375
2017-11-02 18:00:00,492.7340087890625
2017-11-02 19:00:00,511.0160217285156
2017-11-02 20:00:00,478.8690185546875
2017-11-02 21:00:00,389.0080261230469
2017-11-02 22:00:00,280.8960266113281
2017-11-02 23:00:00,144.19200134277344
2017-11-03,0
2017-11-03 01:00:00,0
2017-11-03 02:00:00,0
2017-11-03 03:00:00,0
2017-11-03 04:00:00,0
2017-11-03 05:00:00,0
2017-11-03 06:00:00,0
2017-11-03 07:00:00,0
2017-11-03 08:00:00,0
2017-11-03 09:00:00,0
2017-11-03 10:00:00,0
2017-11-03 11:00:00,0
2017-11-03 12:00:00,0
2017-11-03 13:00:00,0
2017-11-03 14:00:00,45.16800308227539
2017-11-03 15:00:00,193.1360015869141
2017-11-03 16:00:00,310.06201171875
2017-11-03 17:00:00,412.8060302734375
2017-11-03 18:00:00,464.4790344238281
2017-11-03 19:00:00,481.7870178222656
2017-11-03 20:00:00,451.29400634765625
2017-11-03 21:00:00,412.49603271484375
2017-11-03 22:00:00,296.9280090332031
2017-11-03 23:00:00,150.7760009765625
2017-11-04,0
2017-11-04 01:00:00,0
2017-11-04 02:00:00,0
2017-11-04 03:00:00,0
2017-11-04 04:00:00,0
2017-11-04 05:00:00,0
2017-11-04 06:00:00,0
2017-11-04 07:00:00,0
2017-11-04 08:00:00,0
2017-11-04 09:00:00,0
2017-11-04 10:00:00,0
2017-11-04 11:00:00,NA
2017-11-04 12:00:00,0
2017-11-04 13:00:00,0
2017-11-04 14:00:00,40.97600173950195
2017-11-04 15:00:00,182.83201599121097
2017-11-04 16:00:00,295.2720031738281
2017-11-04 17:00:00,393.9910278320313
2017-11-04 18:00:00,419.3490295410156
2017-11-04 19:00:00,435.0860290527344
2017-11-04 20:00:00,407.37701416015625
2017-11-04 21:00:00,368.9920043945313
2017-11-04 22:00:00,264.7840270996094
2017-11-04 23:00:00,132.99200439453125
2017-11-05,0
2017-11-05 01:00:00,0
2017-11-05 02:00:00,0
2017-11-05 03:00:00,0
2017-11-05 04:00:00,0
2017-11-05 05:00:00,0
2017-11-05 06:00:00,0
2017-11-05 07:00:00,0
2017-11-05 08:00:00,0
2017-11-05 09:00:00,0
2017-11-05 10:00:00,0
2017-11-05 11:00:00,0
2017-11-05 12:00:00,0
2017-11-05 13:00:00,0
2017-11-05 14:00:00,26.23200035095215
2017-11-05 15:00:00,101.13600158691406
2017-11-05 16:00:00,164.36500549316406
2017-11-05 17:00:00,219.7870178222656
2017-11-05 18:00:00,336.7840270996094
2017-11-05 19:00:00,349.4990234375
2017-11-05 20:00:00,327.1230163574219
2017-11-05 21:00:00,333.6960144042969
2017-11-05 22:00:00,NA
2017-11-05 23:00:00,118.5840072631836
2017-11-06,0
2017-11-06 01:00:00,0
2017-11-06 02:00:00,0
2017-11-06 03:00:00,0
2017-11-06 04:00:00,0
2017-11-06 05:00:00,0
2017-11-06 06:00:00,0
2017-11-06 07:00:00,0
2017-11-06 08:00:00,0
2017-11-06 09:00:00,0
2017-11-06 10:00:00,0
2017-11-06 11:00:00,0
2017-11-06 12:00:00,0
2017-11-06 13:00:00,0
2017-11-06 14:00:00,NA
2017-11-06 15:00:00,178.17601013183594
2017-11-06 16:00:00,291.38201904296875
2017-11-06 17:00:00,NA
2017-11-06 18:00:00,474.9300231933594
2017-11-06 19:00:00,NA
2017-11-06 20:00:00,461.2360229492187
2017-11-06 21:00:00,343.9840087890625
2017-11-06 22:00:00,245.32801818847656
2017-11-06 23:00:00,120.52000427246094
2017-11-07,0
2017-11-07 01:00:00,0
2017-11-07 02:00:00,0
2017-11-07 03:00:00,0
2017-11-07 04:00:00,0
2017-11-07 05:00:00,0
2017-11-07 06:00:00,0
2017-11-07 07:00:00,0
2017-11-07 08:00:00,0
2017-11-07 09:00:00,0
2017-11-07 10:00:00,0
2017-11-07 11:00:00,0
2017-11-07 12:00:00,0
2017-11-07 13:00:00,0
2017-11-07 14:00:00,24.32000160217285
2017-11-07 15:00:00,159.4720001220703
2017-11-07 16:00:00,262.52301025390625
2017-11-07 17:00:00,352.67401123046875
2017-11-07 18:00:00,303.7590026855469
2017-11-07 19:00:00,315.3890075683594
2017-11-07 20:00:00,294.9960021972656
2017-11-07 21:00:00,183.36001586914065
2017-11-07 22:00:00,130.36801147460938
2017-11-07 23:00:00,63.33600234985352
2017-11-08,0
2017-11-08 01:00:00,0
2017-11-08 02:00:00,0
2017-11-08 03:00:00,0
2017-11-08 04:00:00,0
2017-11-08 05:00:00,0
2017-11-08 06:00:00,0
2017-11-08 07:00:00,0
2017-11-08 08:00:00,0
2017-11-08 09:00:00,0
2017-11-08 10:00:00,0
2017-11-08 11:00:00,0
2017-11-08 12:00:00,0
2017-11-08 13:00:00,0
2017-11-08 14:00:00,32.432003021240234
2017-11-08 15:00:00,NA
2017-11-08 16:00:00,312.2530212402344
2017-11-08 17:00:00,NA
2017-11-08 18:00:00,453.26702880859375
2017-11-08 19:00:00,470.7570190429687
2017-11-08 20:00:00,440.1750183105469
2017-11-08 21:00:00,388.9440307617187
2017-11-08 22:00:00,275.7120056152344
2017-11-08 23:00:00,132.44000244140625
2017-11-09,0
2017-11-09 01:00:00,0
2017-11-09 02:00:00,0
2017-11-09 03:00:00,NA
2017-11-09 04:00:00,0
2017-11-09 05:00:00,0
2017-11-09 06:00:00,0
2017-11-09 07:00:00,0
2017-11-09 08:00:00,0
2017-11-09 09:00:00,0
2017-11-09 10:00:00,0
2017-11-09 11:00:00,0
2017-11-09 12:00:00,0
2017-11-09 13:00:00,0
2017-11-09 14:00:00,33.71200180053711
2017-11-09 15:00:00,185.21600341796875
2017-11-09 16:00:00,309.0710144042969
2017-11-09 17:00:00,417.218017578125
2017-11-09 18:00:00,426.9150085449219
2017-11-09 19:00:00,443.52203369140625
2017-11-09 20:00:00,414.58001708984375
2017-11-09 21:00:00,375.4720153808594
2017-11-09 22:00:00,265.3760070800781
2017-11-09 23:00:00,126.0320053100586
2017-11-10,0
2017-11-10 01:00:00,0
2017-11-10 02:00:00,0
2017-11-10 03:00:00,0
2017-11-10 04:00:00,0
2017-11-10 05:00:00,0
2017-11-10 06:00:00,0
2017-11-10 07:00:00,0
2017-11-10 08:00:00,0
2017-11-10 09:00:00,0
2017-11-10 10:00:00,0
2017-11-10 11:00:00,0
2017-11-10 12:00:00,0
2017-11-10 13:00:00,0
2017-11-10 14:00:00,26.48000144958496
2017-11-10 15:00:00,178.22401428222656
2017-11-10 16:00:00,299.5360107421875
2017-11-10 17:00:00,405.3650207519531
2017-11-10 18:00:00,478.91802978515625
2017-11-10 19:00:00,497.7200317382813
2017-11-10 20:00:00,465.1150207519531
2017-11-10 21:00:00,393.4080200195313
2017-11-10 22:00:00,277.2480163574219
2017-11-10 23:00:00,130.1840057373047
2017-11-11,0
2017-11-11 01:00:00,0
2017-11-11 02:00:00,0
2017-11-11 03:00:00,0
2017-11-11 04:00:00,0
2017-11-11 05:00:00,0
2017-11-11 06:00:00,0
2017-11-11 07:00:00,0
2017-11-11 08:00:00,0
2017-11-11 09:00:00,0
2017-11-11 10:00:00,0
2017-11-11 11:00:00,0
2017-11-11 12:00:00,0
2017-11-11 13:00:00,0
2017-11-11 14:00:00,23.00800132751465
2017-11-11 15:00:00,174.27200317382812
2017-11-11 16:00:00,295.0400085449219
2017-11-11 17:00:00,400.2960205078125
2017-11-11 18:00:00,475.7990112304687
2017-11-11 19:00:00,494.64703369140625
2017-11-11 20:00:00,462.1490173339844
2017-11-11 21:00:00,384.08001708984375
2017-11-11 22:00:00,269.88800048828125
2017-11-11 23:00:00,125.29600524902344
2017-11-12,0
2017-11-12 01:00:00,0
2017-11-12 02:00:00,0
2017-11-12 03:00:00,0
2017-11-12 04:00:00,0
2017-11-12 05:00:00,0
2017-11-12 06:00:00,0
2017-11-12 07:00:00,0
2017-11-12 08:00:00,0
2017-11-12 09:00:00,0
2017-11-12 10:00:00,0
2017-11-12 11:00:00,0
2017-11-12 12:00:00,0
2017-11-12 13:00:00,0
2017-11-12 14:00:00,21.296001434326172
2017-11-12 15:00:00,174.36801147460938
2017-11-12 16:00:00,297.4210205078125
2017-11-12 17:00:00,404.5630187988281
2017-11-12 18:00:00,476.2750244140625
2017-11-12 19:00:00,495.3290100097656
2017-11-12 20:00:00,462.6720275878906
2017-11-12 21:00:00,388.0320129394531
2017-11-12 22:00:00,271.9040222167969
2017-11-12 23:00:00,124.8000030517578
2017-11-13,0
2017-11-13 01:00:00,0
2017-11-13 02:00:00,0
2017-11-13 03:00:00,0
2017-11-13 04:00:00,0
2017-11-13 05:00:00,0
2017-11-13 06:00:00,0
2017-11-13 07:00:00,0
2017-11-13 08:00:00,0
2017-11-13 09:00:00,0
2017-11-13 10:00:00,0
2017-11-13 11:00:00,0
2017-11-13 12:00:00,0
2017-11-13 13:00:00,0
2017-11-13 14:00:00,17.86400032043457
2017-11-13 15:00:00,167.60000610351562
2017-11-13 16:00:00,288.0740051269531
2017-11-13 17:00:00,392.8890075683594
2017-11-13 18:00:00,469.0150146484375
2017-11-13 19:00:00,487.9900207519531
2017-11-13 20:00:00,455.7380065917969
2017-11-13 21:00:00,378.6240234375
2017-11-13 22:00:00,264.5760192871094
2017-11-13 23:00:00,120.06400299072266
2017-11-14,0
2017-11-14 01:00:00,0
2017-11-14 02:00:00,0
2017-11-14 03:00:00,0
2017-11-14 04:00:00,0
2017-11-14 05:00:00,NA
2017-11-14 06:00:00,NA
2017-11-14 07:00:00,0
2017-11-14 08:00:00,0
2017-11-14 09:00:00,NA
2017-11-14 10:00:00,0
2017-11-14 11:00:00,0
2017-11-14 12:00:00,0
2017-11-14 13:00:00,0
2017-11-14 14:00:00,16.04800033569336
2017-11-14 15:00:00,164.0640106201172
2017-11-14 16:00:00,284.2440185546875
2017-11-14 17:00:00,388.7130126953125
2017-11-14 18:00:00,459.3470153808594
2017-11-14 19:00:00,478.1100158691406
2017-11-14 20:00:00,446.4480285644531
2017-11-14 21:00:00,370.7040100097656
2017-11-14 22:00:00,258.33599853515625
2017-11-14 23:00:00,115.91200256347656
2017-11-15,0
2017-11-15 01:00:00,0
2017-11-15 02:00:00,0
2017-11-15 03:00:00,0
2017-11-15 04:00:00,0
2017-11-15 05:00:00,0
2017-11-15 06:00:00,0
2017-11-15 07:00:00,0
2017-11-15 08:00:00,0
2017-11-15 09:00:00,0
2017-11-15 10:00:00,0
2017-11-15 11:00:00,0
2017-11-15 12:00:00,0
2017-11-15 13:00:00,NA
2017-11-15 14:00:00,13.86400032043457
2017-11-15 15:00:00,164.03201293945312
2017-11-15 16:00:00,286.50701904296875
2017-11-15 17:00:00,NA
2017-11-15 18:00:00,448.0040283203125
2017-11-15 19:00:00,466.5120239257813
2017-11-15 20:00:00,435.5660095214844
2017-11-15 21:00:00,359.8240051269531
2017-11-15 22:00:00,250.09600830078125
2017-11-15 23:00:00,110.9600067138672
2017-11-16,0
2017-11-16 01:00:00,0
2017-11-16 02:00:00,0
2017-11-16 03:00:00,0
2017-11-16 04:00:00,0
2017-11-16 05:00:00,NA
2017-11-16 06:00:00,NA
2017-11-16 07:00:00,NA
2017-11-16 08:00:00,0
2017-11-16 09:00:00,0
2017-11-16 10:00:00,0
2017-11-16 11:00:00,0
2017-11-16 12:00:00,0
2017-11-16 13:00:00,0
2017-11-16 14:00:00,10.7760009765625
2017-11-16 15:00:00,155.88800048828125
2017-11-16 16:00:00,274.5600280761719
2017-11-16 17:00:00,377.5760192871094
2017-11-16 18:00:00,438.43902587890625
2017-11-16 19:00:00,456.7750244140625
2017-11-16 20:00:00,426.4200134277344
2017-11-16 21:00:00,359.8080139160156
2017-11-16 22:00:00,249.4400177001953
2017-11-16 23:00:00,109.44000244140624
2017-11-17,0
2017-11-17 01:00:00,0
2017-11-17 02:00:00,0
2017-11-17 03:00:00,0
2017-11-17 04:00:00,0
2017-11-17 05:00:00,0
2017-11-17 06:00:00,0
2017-11-17 07:00:00,0
2017-11-17 08:00:00,0
2017-11-17 09:00:00,0
2017-11-17 10:00:00,0
2017-11-17 11:00:00,0
2017-11-17 12:00:00,0
2017-11-17 13:00:00,0
2017-11-17 14:00:00,7.944000244140625
2017-11-17 15:00:00,130.63999938964844
2017-11-17 16:00:00,232.0730133056641
2017-11-17 17:00:00,320.0580139160156
2017-11-17 18:00:00,411.5000305175781
2017-11-17 19:00:00,428.93603515625
2017-11-17 20:00:00,400.4100341796875
2017-11-17 21:00:00,332.6080017089844
2017-11-17 22:00:00,230.01600646972656
2017-11-17 23:00:00,99.8080062866211
2017-11-18,0
2017-11-18 01:00:00,0
2017-11-18 02:00:00,0
2017-11-18 03:00:00,0
2017-11-18 04:00:00,0
2017-11-18 05:00:00,0
2017-11-18 06:00:00,0
2017-11-18 07:00:00,0
2017-11-18 08:00:00,0
2017-11-18 09:00:00,0
2017-11-18 10:00:00,0
2017-11-18 11:00:00,0
2017-11-18 12:00:00,0
2017-11-18 13:00:00,0
2017-11-18 14:00:00,6.76800012588501
2017-11-18 15:00:00,151.2320098876953
2017-11-18 16:00:00,270.9950256347656
2017-11-18 17:00:00,374.8260192871094
2017-11-18 18:00:00,459.0420227050781
2017-11-18 19:00:00,478.7400207519531
2017-11-18 20:00:00,446.8750305175781
2017-11-18 21:00:00,361.4080200195313
2017-11-18 22:00:00,249.31201171875
2017-11-18 23:00:00,107.01600646972656
2017-11-19,0
2017-11-19 01:00:00,0
2017-11-19 02:00:00,0
2017-11-19 03:00:00,0
2017-11-19 04:00:00,0
2017-11-19 05:00:00,0
2017-11-19 06:00:00,0
2017-11-19 07:00:00,0
2017-11-19 08:00:00,0
2017-11-19 09:00:00,0
2017-11-19 10:00:00,0
2017-11-19 11:00:00,0
2017-11-19 12:00:00,0
2017-11-19 13:00:00,0
2017-11-19 14:00:00,4.824000358581543
2017-11-19 15:00:00,151.42401123046875
2017-11-19 16:00:00,273.8070068359375
2017-11-19 17:00:00,379.81201171875
2017-11-19 18:00:00,453.4120178222656
2017-11-19 19:00:00,473.12103271484375
2017-11-19 20:00:00,441.6300354003906
2017-11-19 21:00:00,360.6400146484375
2017-11-19 22:00:00,248.2080078125
2017-11-19 23:00:00,105.4080047607422
2017-11-20,0
2017-11-20 01:00:00,0
2017-11-20 02:00:00,0
2017-11-20 03:00:00,0
2017-11-20 04:00:00,0
2017-11-20 05:00:00,0
2017-11-20 06:00:00,0
2017-11-20 07:00:00,0
2017-11-20 08:00:00,0
2017-11-20 09:00:00,0
2017-11-20 10:00:00,0
2017-11-20 11:00:00,0
2017-11-20 12:00:00,0
2017-11-20 13:00:00,0
2017-11-20 14:00:00,2.3360002040863037
2017-11-20 15:00:00,140.8000030517578
2017-11-20 16:00:00,256.93701171875
2017-11-20 17:00:00,357.4850158691406
2017-11-20 18:00:00,439.3690185546875
2017-11-20 19:00:00,458.7340087890625
2017-11-20 20:00:00,428.20501708984375
2017-11-20 21:00:00,353.1200256347656
2017-11-20 22:00:00,242.48001098632812
2017-11-20 23:00:00,101.89600372314452
2017-11-21,0
2017-11-21 01:00:00,0
2017-11-21 02:00:00,0
2017-11-21 03:00:00,0
2017-11-21 04:00:00,0
2017-11-21 05:00:00,0
2017-11-21 06:00:00,0
2017-11-21 07:00:00,0
2017-11-21 08:00:00,0
2017-11-21 09:00:00,0
2017-11-21 10:00:00,0
2017-11-21 11:00:00,0
2017-11-21 12:00:00,0
2017-11-21 13:00:00,0
2017-11-21 14:00:00,0.08800000697374344
2017-11-21 15:00:00,NA
2017-11-21 16:00:00,NA
2017-11-21 17:00:00,161.57101440429688
2017-11-21 18:00:00,166.4820098876953
2017-11-21 19:00:00,173.91500854492188
2017-11-21 20:00:00,NA
2017-11-21 21:00:00,245.4400177001953
2017-11-21 22:00:00,168.17601013183594
2017-11-21 23:00:00,69.9520034790039
2017-11-22,0
2017-11-22 01:00:00,0
2017-11-22 02:00:00,0
2017-11-22 03:00:00,0
2017-11-22 04:00:00,0
2017-11-22 05:00:00,0
2017-11-22 06:00:00,0
2017-11-22 07:00:00,0
2017-11-22 08:00:00,0
2017-11-22 09:00:00,0
2017-11-22 10:00:00,0
2017-11-22 11:00:00,0
2017-11-22 12:00:00,0
2017-11-22 13:00:00,0
2017-11-22 14:00:00,0
2017-11-22 15:00:00,133.9840087890625
2017-11-22 16:00:00,249.20001220703125
2017-11-22 17:00:00,348.8390197753906
2017-11-22 18:00:00,421.4930114746094
2017-11-22 19:00:00,440.5970153808594
2017-11-22 20:00:00,411.3250122070313
2017-11-22 21:00:00,322.75201416015625
2017-11-22 22:00:00,NA
2017-11-22 23:00:00,90.88800811767578
2017-11-23,0
2017-11-23 01:00:00,0
2017-11-23 02:00:00,0
2017-11-23 03:00:00,0
2017-11-23 04:00:00,0
2017-11-23 05:00:00,0
2017-11-23 06:00:00,0
2017-11-23 07:00:00,0
2017-11-23 08:00:00,0
2017-11-23 09:00:00,0
2017-11-23 10:00:00,NA
2017-11-23 11:00:00,0
2017-11-23 12:00:00,0
2017-11-23 13:00:00,NA
2017-11-23 14:00:00,0
2017-11-23 15:00:00,132.3360137939453
2017-11-23 16:00:00,248.57601928710935
2017-11-23 17:00:00,349.0450134277344
2017-11-23 18:00:00,420.7620239257813
2017-11-23 19:00:00,440.1300354003906
2017-11-23 20:00:00,410.9300231933594
2017-11-23 21:00:00,337.0560302734375
2017-11-23 22:00:00,230.03201293945312
2017-11-23 23:00:00,93.81600189208984
2017-11-24,0
2017-11-24 01:00:00,0
2017-11-24 02:00:00,0
2017-11-24 03:00:00,0
2017-11-24 04:00:00,0
2017-11-24 05:00:00,0
2017-11-24 06:00:00,0
2017-11-24 07:00:00,0
2017-11-24 08:00:00,0
2017-11-24 09:00:00,0
2017-11-24 10:00:00,0
2017-11-24 11:00:00,0
2017-11-24 12:00:00,0
2017-11-24 13:00:00,0
2017-11-24 14:00:00,NA
2017-11-24 15:00:00,129.9040069580078
2017-11-24 16:00:00,246.48001098632812
2017-11-24 17:00:00,347.18902587890625
2017-11-24 18:00:00,366.1670227050781
2017-11-24 19:00:00,383.26800537109375
2017-11-24 20:00:00,357.8880310058594
2017-11-24 21:00:00,273.1360168457031
2017-11-24 22:00:00,NA
2017-11-24 23:00:00,75.18400573730469
2017-11-25,0
2017-11-25 01:00:00,0
2017-11-25 02:00:00,0
2017-11-25 03:00:00,0
2017-11-25 04:00:00,0
2017-11-25 05:00:00,NA
2017-11-25 06:00:00,0
2017-11-25 07:00:00,0
2017-11-25 08:00:00,0
2017-11-25 09:00:00,0
2017-11-25 10:00:00,0
2017-11-25 11:00:00,0
2017-11-25 12:00:00,0
2017-11-25 13:00:00,0
2017-11-25 14:00:00,0
2017-11-25 15:00:00,NA
2017-11-25 16:00:00,NA
2017-11-25 17:00:00,NA
2017-11-25 18:00:00,428.6300354003906
2017-11-25 19:00:00,NA
2017-11-25 20:00:00,NA
2017-11-25 21:00:00,341.0080261230469
2017-11-25 22:00:00,231.9200134277344
2017-11-25 23:00:00,92.87200164794922
2017-11-26,0
2017-11-26 01:00:00,0
2017-11-26 02:00:00,0
2017-11-26 03:00:00,0
2017-11-26 04:00:00,0
2017-11-26 05:00:00,0
2017-11-26 06:00:00,0
2017-11-26 07:00:00,0
2017-11-26 08:00:00,0
2017-11-26 09:00:00,0
2017-11-26 10:00:00,0
2017-11-26 11:00:00,0
2017-11-26 12:00:00,NA
2017-11-26 13:00:00,NA
2017-11-26 14:00:00,0
2017-11-26 15:00:00,125.96800231933594
2017-11-26 16:00:00,244.03201293945312
2017-11-26 17:00:00,345.93402099609375
2017-11-26 18:00:00,421.8200073242187
2017-11-26 19:00:00,442.12200927734375
2017-11-26 20:00:00,NA
2017-11-26 21:00:00,335.0880126953125
2017-11-26 22:00:00,227.52000427246097
2017-11-26 23:00:00,NA
2017-11-27,0
2017-11-27 01:00:00,0
2017-11-27 02:00:00,0
2017-11-27 03:00:00,0
2017-11-27 04:00:00,NA
2017-11-27 05:00:00,NA
2017-11-27 06:00:00,0
2017-11-27 07:00:00,NA
2017-11-27 08:00:00,NA
2017-11-27 09:00:00,0
2017-11-27 10:00:00,NA
2017-11-27 11:00:00,NA
2017-11-27 12:00:00,NA
2017-11-27 13:00:00,NA
2017-11-27 14:00:00,NA
2017-11-27 15:00:00,NA
2017-11-27 16:00:00,243.50401306152344
2017-11-27 17:00:00,346.3160095214844
2017-11-27 18:00:00,413.1990051269531
2017-11-27 19:00:00,433.406005859375
2017-11-27 20:00:00,404.947021484375
2017-11-27 21:00:00,334.28802490234375
2017-11-27 22:00:00,226.6400146484375
2017-11-27 23:00:00,89.264007568359375
2017-11-28,NA
2017-11-28 01:00:00,0
2017-11-28 02:00:00,0
2017-11-28 03:00:00,NA
2017-11-28 04:00:00,NA
2017-11-28 05:00:00,NA
2017-11-28 06:00:00,0
2017-11-28 07:00:00,NA
2017-11-28 08:00:00,0
2017-11-28 09:00:00,0
2017-11-28 10:00:00,0
2017-11-28 11:00:00,0
2017-11-28 12:00:00,0
2017-11-28 13:00:00,0
2017-11-28 14:00:00,0
2017-11-28 15:00:00,119.53600311279295
2017-11-28 16:00:00,236.6400146484375
2017-11-28 17:00:00,337.6520080566406
2017-11-28 18:00:00,416.0670166015625
2017-11-28 19:00:00,436.7410278320313
2017-11-28 20:00:00,408.1650085449219
2017-11-28 21:00:00,332.94403076171875
2017-11-28 22:00:00,225.42401123046875
2017-11-28 23:00:00,88.12000274658203
2017-11-29,0
2017-11-29 01:00:00,NA
2017-11-29 02:00:00,0
2017-11-29 03:00:00,0
2017-11-29 04:00:00,0
2017-11-29 05:00:00,0
2017-11-29 06:00:00,0
2017-11-29 07:00:00,0
2017-11-29 08:00:00,0
2017-11-29 09:00:00,0
2017-11-29 10:00:00,0
2017-11-29 11:00:00,0
2017-11-29 12:00:00,0
2017-11-29 13:00:00,0
2017-11-29 14:00:00,0
2017-11-29 15:00:00,118.92800903320312
2017-11-29 16:00:00,238.03201293945312
2017-11-29 17:00:00,340.7380065917969
2017-11-29 18:00:00,415.1730346679687
2017-11-29 19:00:00,NA
2017-11-29 20:00:00,NA
2017-11-29 21:00:00,NA
2017-11-29 22:00:00,224.1680145263672
2017-11-29 23:00:00,87.00800323486328
2017-11-30,0
2017-11-30 01:00:00,0
2017-11-30 02:00:00,0
2017-11-30 03:00:00,0
2017-11-30 04:00:00,0
2017-11-30 05:00:00,0
2017-11-30 06:00:00,0
2017-11-30 07:00:00,0
2017-11-30 08:00:00,0
2017-11-30 09:00:00,0
2017-11-30 10:00:00,0
2017-11-30 11:00:00,0
2017-11-30 12:00:00,0
2017-11-30 13:00:00,0
2017-11-30 14:00:00,0
2017-11-30 15:00:00,116.81600189208984
2017-11-30 16:00:00,236.46400451660156
2017-11-30 17:00:00,339.6280212402344
2017-11-30 18:00:00,417.2560119628906
2017-11-30 19:00:00,438.656005859375
2017-11-30 20:00:00,410.2150268554687
2017-11-30 21:00:00,333.18402099609375
2017-11-30 22:00:00,225.0640106201172
2017-11-30 23:00:00,86.79200744628906
2017-12-01,0
2017-12-01 01:00:00,0
2017-12-01 02:00:00,0
2017-12-01 03:00:00,0
2017-12-01 04:00:00,0
2017-12-01 05:00:00,0
2017-12-01 06:00:00,0
2017-12-01 07:00:00,0
2017-12-01 08:00:00,0
2017-12-01 09:00:00,0
2017-12-01 10:00:00,0
2017-12-01 11:00:00,0
2017-12-01 12:00:00,0
2017-12-01 13:00:00,0
2017-12-01 14:00:00,0
2017-12-01 15:00:00,NA
2017-12-01 16:00:00,224.7200164794922
2017-12-01 17:00:00,311.260009765625
2017-12-01 18:00:00,297.3690185546875
2017-12-01 19:00:00,313.8690185546875
2017-12-01 20:00:00,288.9420166015625
2017-12-01 21:00:00,243.63201904296875
2017-12-01 22:00:00,164.42401123046875
2017-12-01 23:00:00,63.04000473022461
2017-12-02,0
2017-12-02 01:00:00,0
2017-12-02 02:00:00,0
2017-12-02 03:00:00,0
2017-12-02 04:00:00,0
2017-12-02 05:00:00,0
2017-12-02 06:00:00,0
2017-12-02 07:00:00,0
2017-12-02 08:00:00,0
2017-12-02 09:00:00,0
2017-12-02 10:00:00,0
2017-12-02 11:00:00,0
2017-12-02 12:00:00,0
2017-12-02 13:00:00,0
2017-12-02 14:00:00,0
2017-12-02 15:00:00,110.14400482177734
2017-12-02 16:00:00,228.16000366210935
2017-12-02 17:00:00,317.06500244140625
2017-12-02 18:00:00,395.0920104980469
2017-12-02 19:00:00,417.33203125
2017-12-02 20:00:00,384.3410034179687
2017-12-02 21:00:00,309.5360107421875
2017-12-02 22:00:00,208.7200164794922
2017-12-02 23:00:00,79.600006103515625
2017-12-03,0
2017-12-03 01:00:00,0
2017-12-03 02:00:00,0
2017-12-03 03:00:00,0
2017-12-03 04:00:00,0
2017-12-03 05:00:00,0
2017-12-03 06:00:00,0
2017-12-03 07:00:00,0
2017-12-03 08:00:00,0
2017-12-03 09:00:00,0
2017-12-03 10:00:00,0
2017-12-03 11:00:00,0
2017-12-03 12:00:00,0
2017-12-03 13:00:00,0
2017-12-03 14:00:00,0
2017-12-03 15:00:00,107.56800842285156
2017-12-03 16:00:00,225.47201538085935
2017-12-03 17:00:00,314.3570251464844
2017-12-03 18:00:00,387.5000305175781
2017-12-03 19:00:00,409.655029296875
2017-12-03 20:00:00,377.4350280761719
2017-12-03 21:00:00,308.1600036621094
2017-12-03 22:00:00,207.6640167236328
2017-12-03 23:00:00,78.824005126953125
2017-12-04,NA
2017-12-04 01:00:00,NA
2017-12-04 02:00:00,0
2017-12-04 03:00:00,NA
2017-12-04 04:00:00,0
2017-12-04 05:00:00,0
2017-12-04 06:00:00,0
2017-12-04 07:00:00,0
2017-12-04 08:00:00,0
2017-12-04 09:00:00,0
2017-12-04 10:00:00,0
2017-12-04 11:00:00,0
2017-12-04 12:00:00,0
2017-12-04 13:00:00,0
2017-12-04 14:00:00,0
2017-12-04 15:00:00,95.600006103515625
2017-12-04 16:00:00,202.76800537109375
2017-12-04 17:00:00,283.63800048828125
2017-12-04 18:00:00,224.37200927734375
2017-12-04 19:00:00,237.4120178222656
2017-12-04 20:00:00,218.8280029296875
2017-12-04 21:00:00,192.0800018310547
2017-12-04 22:00:00,129.36801147460938
2017-12-04 23:00:00,48.91200256347656
2017-12-05,0
2017-12-05 01:00:00,0
2017-12-05 02:00:00,0
2017-12-05 03:00:00,0
2017-12-05 04:00:00,0
2017-12-05 05:00:00,0
2017-12-05 06:00:00,0
2017-12-05 07:00:00,0
2017-12-05 08:00:00,0
2017-12-05 09:00:00,0
2017-12-05 10:00:00,0
2017-12-05 11:00:00,0
2017-12-05 12:00:00,0
2017-12-05 13:00:00,0
2017-12-05 14:00:00,NA
2017-12-05 15:00:00,NA
2017-12-05 16:00:00,226.2880096435547
2017-12-05 17:00:00,317.5990295410156
2017-12-05 18:00:00,NA
2017-12-05 19:00:00,NA
2017-12-05 20:00:00,383.35101318359375
2017-12-05 21:00:00,311.552001953125
2017-12-05 22:00:00,209.760009765625
2017-12-05 23:00:00,79.048004150390625
2017-12-06,0
2017-12-06 01:00:00,0
2017-12-06 02:00:00,0
2017-12-06 03:00:00,0
2017-12-06 04:00:00,0
2017-12-06 05:00:00,0
2017-12-06 06:00:00,0
2017-12-06 07:00:00,0
2017-12-06 08:00:00,0
2017-12-06 09:00:00,0
2017-12-06 10:00:00,NA
2017-12-06 11:00:00,NA
2017-12-06 12:00:00,0
2017-12-06 13:00:00,NA
2017-12-06 14:00:00,0
2017-12-06 15:00:00,102.28800201416016
2017-12-06 16:00:00,222.2400054931641
2017-12-06 17:00:00,312.9620056152344
2017-12-06 18:00:00,366.4290161132813
2017-12-06 19:00:00,388.3820190429687
2017-12-06 20:00:00,358.3440246582031
2017-12-06 21:00:00,239.8080139160156
2017-12-06 22:00:00,161.42401123046875
2017-12-06 23:00:00,60.68000411987305
2017-12-07,0
2017-12-07 01:00:00,0
2017-12-07 02:00:00,0
2017-12-07 03:00:00,0
2017-12-07 04:00:00,0
2017-12-07 05:00:00,0
2017-12-07 06:00:00,NA
2017-12-07 07:00:00,0
2017-12-07 08:00:00,0
2017-12-07 09:00:00,0
2017-12-07 10:00:00,0
2017-12-07 11:00:00,0
2017-12-07 12:00:00,0
2017-12-07 13:00:00,0
2017-12-07 14:00:00,0
2017-12-07 15:00:00,76.4000015258789
2017-12-07 16:00:00,168.03201293945312
2017-12-07 17:00:00,237.39500427246097
2017-12-07 18:00:00,312.5
2017-12-07 19:00:00,331.5160217285156
2017-12-07 20:00:00,306.03802490234375
2017-12-07 21:00:00,267.3280029296875
2017-12-07 22:00:00,179.93600463867188
2017-12-07 23:00:00,67.51200103759766
2017-12-08,0
2017-12-08 01:00:00,NA
2017-12-08 02:00:00,0
2017-12-08 03:00:00,0
2017-12-08 04:00:00,0
2017-12-08 05:00:00,0
2017-12-08 06:00:00,0
2017-12-08 07:00:00,0
2017-12-08 08:00:00,0
2017-12-08 09:00:00,0
2017-12-08 10:00:00,0
2017-12-08 11:00:00,NA
2017-12-08 12:00:00,NA
2017-12-08 13:00:00,NA
2017-12-08 14:00:00,0
2017-12-08 15:00:00,94.36800384521484
2017-12-08 16:00:00,210.1120147705078
2017-12-08 17:00:00,297.82000732421875
2017-12-08 18:00:00,331.6000061035156
2017-12-08 19:00:00,NA
2017-12-08 20:00:00,325.2300109863281
2017-12-08 21:00:00,NA
2017-12-08 22:00:00,200.8800048828125
2017-12-08 23:00:00,NA
2017-12-09,0
2017-12-09 01:00:00,0
2017-12-09 02:00:00,0
2017-12-09 03:00:00,0
2017-12-09 04:00:00,0
2017-12-09 05:00:00,0
2017-12-09 06:00:00,0
2017-12-09 07:00:00,0
2017-12-09 08:00:00,0
2017-12-09 09:00:00,0
2017-12-09 10:00:00,0
2017-12-09 11:00:00,0
2017-12-09 12:00:00,0
2017-12-09 13:00:00,NA
2017-12-09 14:00:00,0
2017-12-09 15:00:00,98.75200653076172
2017-12-09 16:00:00,NA
2017-12-09 17:00:00,316.5580139160156
2017-12-09 18:00:00,394.510009765625
2017-12-09 19:00:00,419.2550048828125
2017-12-09 20:00:00,387.49603271484375
2017-12-09 21:00:00,314.75201416015625
2017-12-09 22:00:00,211.92800903320312
2017-12-09 23:00:00,NA
2017-12-10,0
2017-12-10 01:00:00,NA
2017-12-10 02:00:00,0
2017-12-10 03:00:00,NA
2017-12-10 04:00:00,NA
2017-12-10 05:00:00,0
2017-12-10 06:00:00,NA
2017-12-10 07:00:00,0
2017-12-10 08:00:00,0
2017-12-10 09:00:00,0
2017-12-10 10:00:00,0
2017-12-10 11:00:00,0
2017-12-10 12:00:00,0
2017-12-10 13:00:00,0
2017-12-10 14:00:00,0
2017-12-10 15:00:00,94.33600616455078
2017-12-10 16:00:00,215.31201171875
2017-12-10 17:00:00,307.1540222167969
2017-12-10 18:00:00,388.4740295410156
2017-12-10 19:00:00,413.2300109863281
2017-12-10 20:00:00,382.156005859375
2017-12-10 21:00:00,310.73602294921875
2017-12-10 22:00:00,209.30401611328125
2017-12-10 23:00:00,78.45600128173828
2017-12-11,0
2017-12-11 01:00:00,0
2017-12-11 02:00:00,0
2017-12-11 03:00:00,0
2017-12-11 04:00:00,0
2017-12-11 05:00:00,0
2017-12-11 06:00:00,0
2017-12-11 07:00:00,0
2017-12-11 08:00:00,0
2017-12-11 09:00:00,0
2017-12-11 10:00:00,0
2017-12-11 11:00:00,0
2017-12-11 12:00:00,0
2017-12-11 13:00:00,0
2017-12-11 14:00:00,0
2017-12-11 15:00:00,NA
2017-12-11 16:00:00,NA
2017-12-11 17:00:00,308.3800048828125
2017-12-11 18:00:00,387.6280212402344
2017-12-11 19:00:00,412.6980285644531
2017-12-11 20:00:00,381.9120178222656
2017-12-11 21:00:00,308.08001708984375
2017-12-11 22:00:00,207.6320037841797
2017-12-11 23:00:00,77.92000579833984
2017-12-12,0
2017-12-12 01:00:00,0
2017-12-12 02:00:00,0
2017-12-12 03:00:00,0
2017-12-12 04:00:00,0
2017-12-12 05:00:00,0
2017-12-12 06:00:00,0
2017-12-12 07:00:00,0
2017-12-12 08:00:00,0
2017-12-12 09:00:00,0
2017-12-12 10:00:00,0
2017-12-12 11:00:00,0
2017-12-12 12:00:00,0
2017-12-12 13:00:00,0
2017-12-12 14:00:00,0
2017-12-12 15:00:00,88.97600555419922
2017-12-12 16:00:00,208.1120147705078
2017-12-12 17:00:00,NA
2017-12-12 18:00:00,NA
2017-12-12 19:00:00,NA
2017-12-12 20:00:00,376.5050048828125
2017-12-12 21:00:00,306.2240295410156
2017-12-12 22:00:00,NA
2017-12-12 23:00:00,77.64800262451172
2017-12-13,0
2017-12-13 01:00:00,0
2017-12-13 02:00:00,0
2017-12-13 03:00:00,0
2017-12-13 04:00:00,0
2017-12-13 05:00:00,0
2017-12-13 06:00:00,0
2017-12-13 07:00:00,0
2017-12-13 08:00:00,0
2017-12-13 09:00:00,0
2017-12-13 10:00:00,0
2017-12-13 11:00:00,0
2017-12-13 12:00:00,0
2017-12-13 13:00:00,0
2017-12-13 14:00:00,0
2017-12-13 15:00:00,86.99200439453125
2017-12-13 16:00:00,205.9680023193359
2017-12-13 17:00:00,296.5989990234375
2017-12-13 18:00:00,360.9960021972656
2017-12-13 19:00:00,NA
2017-12-13 20:00:00,NA
2017-12-13 21:00:00,282.6880187988281
2017-12-13 22:00:00,NA
2017-12-13 23:00:00,71.936004638671875
2017-12-14,0
2017-12-14 01:00:00,0
2017-12-14 02:00:00,0
2017-12-14 03:00:00,0
2017-12-14 04:00:00,0
2017-12-14 05:00:00,0
2017-12-14 06:00:00,0
2017-12-14 07:00:00,0
2017-12-14 08:00:00,0
2017-12-14 09:00:00,0
2017-12-14 10:00:00,0
2017-12-14 11:00:00,0
2017-12-14 12:00:00,0
2017-12-14 13:00:00,0
2017-12-14 14:00:00,0
2017-12-14 15:00:00,81.8080062866211
2017-12-14 16:00:00,196.04800415039065
2017-12-14 17:00:00,283.1610107421875
2017-12-14 18:00:00,362.43402099609375
2017-12-14 19:00:00,386.9520263671875
2017-12-14 20:00:00,358.8420104980469
2017-12-14 21:00:00,238.416015625
2017-12-14 22:00:00,161.0880126953125
2017-12-14 23:00:00,60.936004638671875
2017-12-15,0
2017-12-15 01:00:00,0
2017-12-15 02:00:00,0
2017-12-15 03:00:00,0
2017-12-15 04:00:00,0
2017-12-15 05:00:00,0
2017-12-15 06:00:00,0
2017-12-15 07:00:00,NA
2017-12-15 08:00:00,0
2017-12-15 09:00:00,0
2017-12-15 10:00:00,0
2017-12-15 11:00:00,0
2017-12-15 12:00:00,0
2017-12-15 13:00:00,0
2017-12-15 14:00:00,0
2017-12-15 15:00:00,84.1760025024414
2017-12-15 16:00:00,204.1280059814453
2017-12-15 17:00:00,295.7020263671875
2017-12-15 18:00:00,363.8880310058594
2017-12-15 19:00:00,388.8520202636719
2017-12-15 20:00:00,360.8890075683594
2017-12-15 21:00:00,299.40802001953125
2017-12-15 22:00:00,202.54400634765625
2017-12-15 23:00:00,76.92000579833984
2017-12-16,0
2017-12-16 01:00:00,0
2017-12-16 02:00:00,0
2017-12-16 03:00:00,0
2017-12-16 04:00:00,0
2017-12-16 05:00:00,0
2017-12-16 06:00:00,0
2017-12-16 07:00:00,0
2017-12-16 08:00:00,0
2017-12-16 09:00:00,0
2017-12-16 10:00:00,0
2017-12-16 11:00:00,0
2017-12-16 12:00:00,0
2017-12-16 13:00:00,0
2017-12-16 14:00:00,0
2017-12-16 15:00:00,77.53600311279297
2017-12-16 16:00:00,190.25601196289065
2017-12-16 17:00:00,276.39501953125
2017-12-16 18:00:00,NA
2017-12-16 19:00:00,359.68402099609375
2017-12-16 20:00:00,334.0570068359375
2017-12-16 21:00:00,290.9280090332031
2017-12-16 22:00:00,197.04800415039065
2017-12-16 23:00:00,75.20000457763672
2017-12-17,0
2017-12-17 01:00:00,0
2017-12-17 02:00:00,0
2017-12-17 03:00:00,0
2017-12-17 04:00:00,0
2017-12-17 05:00:00,0
2017-12-17 06:00:00,0
2017-12-17 07:00:00,0
2017-12-17 08:00:00,0
2017-12-17 09:00:00,0
2017-12-17 10:00:00,0
2017-12-17 11:00:00,0
2017-12-17 12:00:00,0
2017-12-17 13:00:00,0
2017-12-17 14:00:00,0
2017-12-17 15:00:00,81.23200225830078
2017-12-17 16:00:00,201.64801025390625
2017-12-17 17:00:00,293.7760009765625
2017-12-17 18:00:00,375.8270263671875
2017-12-17 19:00:00,402.35101318359375
2017-12-17 20:00:00,373.9990234375
2017-12-17 21:00:00,309.9840087890625
2017-12-17 22:00:00,210.25601196289065
2017-12-17 23:00:00,80.67200469970703
2017-12-18,0
2017-12-18 01:00:00,0
2017-12-18 02:00:00,0
2017-12-18 03:00:00,0
2017-12-18 04:00:00,0
2017-12-18 05:00:00,0
2017-12-18 06:00:00,0
2017-12-18 07:00:00,0
2017-12-18 08:00:00,0
2017-12-18 09:00:00,0
2017-12-18 10:00:00,0
2017-12-18 11:00:00,0
2017-12-18 12:00:00,0
2017-12-18 13:00:00,0
2017-12-18 14:00:00,0
2017-12-18 15:00:00,78.97600555419922
2017-12-18 16:00:00,198.2880096435547
2017-12-18 17:00:00,289.64801025390625
2017-12-18 18:00:00,NA
2017-12-18 19:00:00,NA
2017-12-18 20:00:00,368.0700073242187
2017-12-18 21:00:00,NA
2017-12-18 22:00:00,205.8880157470703
2017-12-18 23:00:00,79.4800033569336
2017-12-19,0
2017-12-19 01:00:00,0
2017-12-19 02:00:00,0
2017-12-19 03:00:00,0
2017-12-19 04:00:00,0
2017-12-19 05:00:00,0
2017-12-19 06:00:00,0
2017-12-19 07:00:00,0
2017-12-19 08:00:00,0
2017-12-19 09:00:00,0
2017-12-19 10:00:00,0
2017-12-19 11:00:00,0
2017-12-19 12:00:00,0
2017-12-19 13:00:00,0
2017-12-19 14:00:00,0
2017-12-19 15:00:00,77.5840072631836
2017-12-19 16:00:00,196.9600067138672
2017-12-19 17:00:00,288.47100830078125
2017-12-19 18:00:00,374.47802734375
2017-12-19 19:00:00,401.6410217285156
2017-12-19 20:00:00,373.9410095214844
2017-12-19 21:00:00,304.4960021972656
2017-12-19 22:00:00,207.20001220703125
2017-12-19 23:00:00,80.52000427246094
2017-12-20,0
2017-12-20 01:00:00,0
2017-12-20 02:00:00,0
2017-12-20 03:00:00,0
2017-12-20 04:00:00,0
2017-12-20 05:00:00,0
2017-12-20 06:00:00,0
2017-12-20 07:00:00,0
2017-12-20 08:00:00,0
2017-12-20 09:00:00,0
2017-12-20 10:00:00,0
2017-12-20 11:00:00,0
2017-12-20 12:00:00,0
2017-12-20 13:00:00,0
2017-12-20 14:00:00,0
2017-12-20 15:00:00,76.59200286865234
2017-12-20 16:00:00,196.52801513671875
2017-12-20 17:00:00,288.5710144042969
2017-12-20 18:00:00,374.60400390625
2017-12-20 19:00:00,402.14501953125
2017-12-20 20:00:00,374.7130126953125
2017-12-20 21:00:00,307.6800231933594
2017-12-20 22:00:00,209.760009765625
2017-12-20 23:00:00,82.11200714111328
2017-12-21,0
2017-12-21 01:00:00,0
2017-12-21 02:00:00,0
2017-12-21 03:00:00,0
2017-12-21 04:00:00,0
2017-12-21 05:00:00,0
2017-12-21 06:00:00,0
2017-12-21 07:00:00,0
2017-12-21 08:00:00,0
2017-12-21 09:00:00,0
2017-12-21 10:00:00,0
2017-12-21 11:00:00,0
2017-12-21 12:00:00,0
2017-12-21 13:00:00,0
2017-12-21 14:00:00,0
2017-12-21 15:00:00,28.240001678466797
2017-12-21 16:00:00,73.20000457763672
2017-12-21 17:00:00,107.76100158691406
2017-12-21 18:00:00,303.7040100097656
2017-12-21 19:00:00,326.33502197265625
2017-12-21 20:00:00,304.3370056152344
2017-12-21 21:00:00,270.9120178222656
2017-12-21 22:00:00,185.05601501464844
2017-12-21 23:00:00,73.00800323486328
2017-12-22,0
2017-12-22 01:00:00,0
2017-12-22 02:00:00,0
2017-12-22 03:00:00,0
2017-12-22 04:00:00,0
2017-12-22 05:00:00,0
2017-12-22 06:00:00,0
2017-12-22 07:00:00,0
2017-12-22 08:00:00,0
2017-12-22 09:00:00,0
2017-12-22 10:00:00,0
2017-12-22 11:00:00,0
2017-12-22 12:00:00,0
2017-12-22 13:00:00,0
2017-12-22 14:00:00,0
2017-12-22 15:00:00,73.712005615234375
2017-12-22 16:00:00,192.97601318359375
2017-12-22 17:00:00,284.7070007324219
2017-12-22 18:00:00,340.8840026855469
2017-12-22 19:00:00,366.5960083007813
2017-12-22 20:00:00,342.18902587890625
2017-12-22 21:00:00,234.5600128173828
2017-12-22 22:00:00,160.5600128173828
2017-12-22 23:00:00,63.8640022277832
2017-12-23,0
2017-12-23 01:00:00,0
2017-12-23 02:00:00,0
2017-12-23 03:00:00,0
2017-12-23 04:00:00,0
2017-12-23 05:00:00,0
2017-12-23 06:00:00,0
2017-12-23 07:00:00,0
2017-12-23 08:00:00,0
2017-12-23 09:00:00,0
2017-12-23 10:00:00,0
2017-12-23 11:00:00,0
2017-12-23 12:00:00,0
2017-12-23 13:00:00,0
2017-12-23 14:00:00,0
2017-12-23 15:00:00,65.44000244140625
2017-12-23 16:00:00,172.9600067138672
2017-12-23 17:00:00,255.7420196533203
2017-12-23 18:00:00,321.9690246582031
2017-12-23 19:00:00,346.5670166015625
2017-12-23 20:00:00,323.78302001953125
2017-12-23 21:00:00,285.52001953125
2017-12-23 22:00:00,195.8560028076172
2017-12-23 23:00:00,78.59200286865234
2017-12-24,0
2017-12-24 01:00:00,0
2017-12-24 02:00:00,0
2017-12-24 03:00:00,0
2017-12-24 04:00:00,0
2017-12-24 05:00:00,0
2017-12-24 06:00:00,0
2017-12-24 07:00:00,0
2017-12-24 08:00:00,0
2017-12-24 09:00:00,0
2017-12-24 10:00:00,0
2017-12-24 11:00:00,0
2017-12-24 12:00:00,0
2017-12-24 13:00:00,0
2017-12-24 14:00:00,0
2017-12-24 15:00:00,76.384002685546875
2017-12-24 16:00:00,203.64801025390625
2017-12-24 17:00:00,301.7510070800781
2017-12-24 18:00:00,375.3860168457031
2017-12-24 19:00:00,404.4080200195313
2017-12-24 20:00:00,378.1500244140625
2017-12-24 21:00:00,311.7120056152344
2017-12-24 22:00:00,214.32000732421875
2017-12-24 23:00:00,86.80000305175781
2017-12-25,0
2017-12-25 01:00:00,0
2017-12-25 02:00:00,0
2017-12-25 03:00:00,0
2017-12-25 04:00:00,0
2017-12-25 05:00:00,0
2017-12-25 06:00:00,0
2017-12-25 07:00:00,0
2017-12-25 08:00:00,0
2017-12-25 09:00:00,0
2017-12-25 10:00:00,0
2017-12-25 11:00:00,0
2017-12-25 12:00:00,0
2017-12-25 13:00:00,0
2017-12-25 14:00:00,0
2017-12-25 15:00:00,58.4160041809082
2017-12-25 16:00:00,157.07200622558594
2017-12-25 17:00:00,233.1980133056641
2017-12-25 18:00:00,210.20001220703125
2017-12-25 19:00:00,226.6550140380859
2017-12-25 20:00:00,212.13601684570312
2017-12-25 21:00:00,209.4560089111328
2017-12-25 22:00:00,144.3520050048828
2017-12-25 23:00:00,59.02400207519531
2017-12-26,0
2017-12-26 01:00:00,0
2017-12-26 02:00:00,0
2017-12-26 03:00:00,0
2017-12-26 04:00:00,0
2017-12-26 05:00:00,0
2017-12-26 06:00:00,0
2017-12-26 07:00:00,0
2017-12-26 08:00:00,0
2017-12-26 09:00:00,0
2017-12-26 10:00:00,0
2017-12-26 11:00:00,0
2017-12-26 12:00:00,0
2017-12-26 13:00:00,0
2017-12-26 14:00:00,0
2017-12-26 15:00:00,68.99200439453125
2017-12-26 16:00:00,186.92800903320312
2017-12-26 17:00:00,278.03802490234375
2017-12-26 18:00:00,366.52001953125
2017-12-26 19:00:00,395.52301025390625
2017-12-26 20:00:00,370.5120239257813
2017-12-26 21:00:00,300.416015625
2017-12-26 22:00:00,207.5600128173828
2017-12-26 23:00:00,85.720001220703125
2017-12-27,0
2017-12-27 01:00:00,0
2017-12-27 02:00:00,0
2017-12-27 03:00:00,0
2017-12-27 04:00:00,0
2017-12-27 05:00:00,0
2017-12-27 06:00:00,0
2017-12-27 07:00:00,0
2017-12-27 08:00:00,0
2017-12-27 09:00:00,0
2017-12-27 10:00:00,0
2017-12-27 11:00:00,0
2017-12-27 12:00:00,0
2017-12-27 13:00:00,0
2017-12-27 14:00:00,0
2017-12-27 15:00:00,70.06400299072266
2017-12-27 16:00:00,191.20001220703125
2017-12-27 17:00:00,284.8740234375
2017-12-27 18:00:00,358.8680114746094
2017-12-27 19:00:00,387.5870056152344
2017-12-27 20:00:00,363.4090270996094
2017-12-27 21:00:00,311.88800048828125
2017-12-27 22:00:00,216.04800415039065
2017-12-27 23:00:00,90.14400482177734
2017-12-28,0
2017-12-28 01:00:00,0
2017-12-28 02:00:00,0
2017-12-28 03:00:00,0
2017-12-28 04:00:00,0
2017-12-28 05:00:00,0
2017-12-28 06:00:00,0
2017-12-28 07:00:00,0
2017-12-28 08:00:00,0
2017-12-28 09:00:00,0
2017-12-28 10:00:00,0
2017-12-28 11:00:00,0
2017-12-28 12:00:00,0
2017-12-28 13:00:00,0
2017-12-28 14:00:00,0
2017-12-28 15:00:00,70.99200439453125
2017-12-28 16:00:00,195.0080108642578
2017-12-28 17:00:00,291.010009765625
2017-12-28 18:00:00,381.3740234375
2017-12-28 19:00:00,412.2400207519531
2017-12-28 20:00:00,386.87200927734375
2017-12-28 21:00:00,322.54400634765625
2017-12-28 22:00:00,224.01600646972656
2017-12-28 23:00:00,94.45600128173828
2017-12-29,0
2017-12-29 01:00:00,0
2017-12-29 02:00:00,0
2017-12-29 03:00:00,0
2017-12-29 04:00:00,0
2017-12-29 05:00:00,0
2017-12-29 06:00:00,0
2017-12-29 07:00:00,0
2017-12-29 08:00:00,0
2017-12-29 09:00:00,0
2017-12-29 10:00:00,0
2017-12-29 11:00:00,0
2017-12-29 12:00:00,0
2017-12-29 13:00:00,0
2017-12-29 14:00:00,0
2017-12-29 15:00:00,67.68000030517578
2017-12-29 16:00:00,186.9600067138672
2017-12-29 17:00:00,279.3780212402344
2017-12-29 18:00:00,367.6290283203125
2017-12-29 19:00:00,397.6860046386719
2017-12-29 20:00:00,373.56201171875
2017-12-29 21:00:00,319.7920227050781
2017-12-29 22:00:00,222.7200164794922
2017-12-29 23:00:00,94.9280014038086
2017-12-30,0
2017-12-30 01:00:00,0
2017-12-30 02:00:00,0
2017-12-30 03:00:00,0
2017-12-30 04:00:00,0
2017-12-30 05:00:00,0
2017-12-30 06:00:00,0
2017-12-30 07:00:00,0
2017-12-30 08:00:00,0
2017-12-30 09:00:00,0
2017-12-30 10:00:00,0
2017-12-30 11:00:00,0
2017-12-30 12:00:00,0
2017-12-30 13:00:00,0
2017-12-30 14:00:00,0
2017-12-30 15:00:00,70.12800598144531
2017-12-30 16:00:00,194.7200164794922
2017-12-30 17:00:00,291.3710021972656
2017-12-30 18:00:00,381.6950073242187
2017-12-30 19:00:00,413.2230224609375
2017-12-30 20:00:00,388.5160217285156
2017-12-30 21:00:00,320.30401611328125
2017-12-30 22:00:00,223.7120056152344
2017-12-30 23:00:00,96.4000015258789
2017-12-31,0
2017-12-31 01:00:00,0
2017-12-31 02:00:00,0
2017-12-31 03:00:00,0
2017-12-31 04:00:00,0
2017-12-31 05:00:00,0
2017-12-31 06:00:00,0
2017-12-31 07:00:00,0
2017-12-31 08:00:00,0
2017-12-31 09:00:00,0
2017-12-31 10:00:00,0
2017-12-31 11:00:00,0
2017-12-31 12:00:00,0
2017-12-31 13:00:00,0
2017-12-31 14:00:00,0
2017-12-31 15:00:00,68.89600372314453
2017-12-31 16:00:00,192.1280059814453
2017-12-31 17:00:00,287.81500244140625
2017-12-31 18:00:00,381.634033203125
2017-12-31 19:00:00,413.4710083007813
2017-12-31 20:00:00,389.10101318359375
2017-12-31 21:00:00,330.75201416015625
2017-12-31 22:00:00,231.69601440429688
2017-12-31 23:00:00,100.9600067138672
