dateTime,PotEvap
2017-01-01,0.04019999876618385
2017-01-01 01:00:00,-0.01740000024437904
2017-01-01 02:00:00,-0.01740000024437904
2017-01-01 03:00:00,-0.01740000024437904
2017-01-01 04:00:00,-0.0163000002503395
2017-01-01 05:00:00,-0.0163000002503395
2017-01-01 06:00:00,-0.0163000002503395
2017-01-01 07:00:00,-0.01549999974668026
2017-01-01 08:00:00,-0.01549999974668026
2017-01-01 09:00:00,-0.01549999974668026
2017-01-01 10:00:00,-0.01609999872744083
2017-01-01 11:00:00,-0.01609999872744083
2017-01-01 12:00:00,-0.01609999872744083
2017-01-01 13:00:00,-0.01519999932497739
2017-01-01 14:00:00,-0.01519999932497739
2017-01-01 15:00:00,-0.01519999932497739
2017-01-01 16:00:00,0.08269999921321869
2017-01-01 17:00:00,0.08269999921321869
2017-01-01 18:00:00,0.08269999921321869
2017-01-01 19:00:00,0.17170000076293945
2017-01-01 20:00:00,0.17170000076293945
2017-01-01 21:00:00,0.17170000076293945
2017-01-01 22:00:00,0.04580000042915344
2017-01-01 23:00:00,0.04580000042915344
2017-01-02,0.04580000042915344
2017-01-02 01:00:00,-0.01359999924898147
2017-01-02 02:00:00,-0.01359999924898147
2017-01-02 03:00:00,-0.01359999924898147
2017-01-02 04:00:00,-0.01289999950677156
2017-01-02 05:00:00,-0.01289999950677156
2017-01-02 06:00:00,-0.01289999950677156
2017-01-02 07:00:00,-0.01609999872744083
2017-01-02 08:00:00,-0.01609999872744083
2017-01-02 09:00:00,-0.01609999872744083
2017-01-02 10:00:00,-0.01249999925494194
2017-01-02 11:00:00,-0.01249999925494194
2017-01-02 12:00:00,-0.01249999925494194
2017-01-02 13:00:00,-0.00539999967440962
2017-01-02 14:00:00,-0.00539999967440962
2017-01-02 15:00:00,-0.00539999967440962
2017-01-02 16:00:00,0.119999997317791
2017-01-02 17:00:00,0.119999997317791
2017-01-02 18:00:00,0.119999997317791
2017-01-02 19:00:00,0.20309999585151672
2017-01-02 20:00:00,0.20309999585151672
2017-01-02 21:00:00,0.20309999585151672
2017-01-02 22:00:00,0.06679999828338623
2017-01-02 23:00:00,0.06679999828338623
2017-01-03,0.06679999828338623
2017-01-03 01:00:00,-0.01620000042021274
2017-01-03 02:00:00,-0.01620000042021274
2017-01-03 03:00:00,-0.01620000042021274
2017-01-03 04:00:00,-0.01809999905526638
2017-01-03 05:00:00,-0.01809999905526638
2017-01-03 06:00:00,-0.01809999905526638
2017-01-03 07:00:00,-0.01169999968260526
2017-01-03 08:00:00,-0.01169999968260526
2017-01-03 09:00:00,-0.01169999968260526
2017-01-03 10:00:00,0.00779999978840351
2017-01-03 11:00:00,0.00779999978840351
2017-01-03 12:00:00,0.00779999978840351
2017-01-03 13:00:00,0.01439999975264072
2017-01-03 14:00:00,0.01439999975264072
2017-01-03 15:00:00,0.01439999975264072
2017-01-03 16:00:00,0.05979999899864197
2017-01-03 17:00:00,0.05979999899864197
2017-01-03 18:00:00,0.05979999899864197
2017-01-03 19:00:00,0.09959999471902849
2017-01-03 20:00:00,0.09959999471902849
2017-01-03 21:00:00,0.09959999471902849
2017-01-03 22:00:00,0.05069999769330025
2017-01-03 23:00:00,0.05069999769330025
2017-01-04,0.05069999769330025
2017-01-04 01:00:00,-0.00230000005103647
2017-01-04 02:00:00,-0.00230000005103647
2017-01-04 03:00:00,-0.00230000005103647
2017-01-04 04:00:00,0.00589999975636601
2017-01-04 05:00:00,0.00589999975636601
2017-01-04 06:00:00,0.00589999975636601
2017-01-04 07:00:00,0.00949999969452619
2017-01-04 08:00:00,0.00949999969452619
2017-01-04 09:00:00,0.00949999969452619
2017-01-04 10:00:00,0.00759999966248869
2017-01-04 11:00:00,0.00759999966248869
2017-01-04 12:00:00,0.00759999966248869
2017-01-04 13:00:00,0.00179999996908009
2017-01-04 14:00:00,0.00179999996908009
2017-01-04 15:00:00,0.00179999996908009
2017-01-04 16:00:00,0.09019999951124193
2017-01-04 17:00:00,0.09019999951124193
2017-01-04 18:00:00,0.09019999951124193
2017-01-04 19:00:00,0.11569999903440475
2017-01-04 20:00:00,0.11569999903440475
2017-01-04 21:00:00,0.11569999903440475
2017-01-04 22:00:00,0.0674000009894371
2017-01-04 23:00:00,0.0674000009894371
2017-01-05,0.0674000009894371
2017-01-05 01:00:00,0.00260000000707805
2017-01-05 02:00:00,0.00260000000707805
2017-01-05 03:00:00,0.00260000000707805
2017-01-05 04:00:00,0.00930000003427267
2017-01-05 05:00:00,0.00930000003427267
2017-01-05 06:00:00,0.00930000003427267
2017-01-05 07:00:00,0.00679999962449073
2017-01-05 08:00:00,0.00679999962449073
2017-01-05 09:00:00,0.00679999962449073
2017-01-05 10:00:00,0.00769999995827674
2017-01-05 11:00:00,0.00769999995827674
2017-01-05 12:00:00,0.00769999995827674
2017-01-05 13:00:00,0.00209999992512166
2017-01-05 14:00:00,0.00209999992512166
2017-01-05 15:00:00,0.00209999992512166
2017-01-05 16:00:00,0.04050000011920929
2017-01-05 17:00:00,0.04050000011920929
2017-01-05 18:00:00,0.04050000011920929
2017-01-05 19:00:00,0.06969999521970749
2017-01-05 20:00:00,0.06969999521970749
2017-01-05 21:00:00,0.06969999521970749
2017-01-05 22:00:00,0.03299999982118606
2017-01-05 23:00:00,0.03299999982118606
2017-01-06,0.03299999982118606
2017-01-06 01:00:00,0
2017-01-06 02:00:00,0
2017-01-06 03:00:00,0
2017-01-06 04:00:00,-9.999999747378752e-5
2017-01-06 05:00:00,-9.999999747378752e-5
2017-01-06 06:00:00,-9.999999747378752e-5
2017-01-06 07:00:00,-0.00309999985620379
2017-01-06 08:00:00,-0.00309999985620379
2017-01-06 09:00:00,-0.00309999985620379
2017-01-06 10:00:00,-0.00589999975636601
2017-01-06 11:00:00,-0.00589999975636601
2017-01-06 12:00:00,-0.00589999975636601
2017-01-06 13:00:00,-0.00600000005215406
2017-01-06 14:00:00,-0.00600000005215406
2017-01-06 15:00:00,-0.00600000005215406
2017-01-06 16:00:00,0.0502999983727932
2017-01-06 17:00:00,0.0502999983727932
2017-01-06 18:00:00,0.0502999983727932
2017-01-06 19:00:00,0.1054999977350235
2017-01-06 20:00:00,0.1054999977350235
2017-01-06 21:00:00,0.1054999977350235
2017-01-06 22:00:00,0.04339999705553055
2017-01-06 23:00:00,0.04339999705553055
2017-01-07,0.04339999705553055
2017-01-07 01:00:00,-0.0044999998062849
2017-01-07 02:00:00,-0.0044999998062849
2017-01-07 03:00:00,-0.0044999998062849
2017-01-07 04:00:00,-0.0052000000141561
2017-01-07 05:00:00,-0.0052000000141561
2017-01-07 06:00:00,-0.0052000000141561
2017-01-07 07:00:00,-0.00490000005811452
2017-01-07 08:00:00,-0.00490000005811452
2017-01-07 09:00:00,-0.00490000005811452
2017-01-07 10:00:00,-0.00499999988824129
2017-01-07 11:00:00,-0.00499999988824129
2017-01-07 12:00:00,-0.00499999988824129
2017-01-07 13:00:00,-0.00419999985024333
2017-01-07 14:00:00,-0.00419999985024333
2017-01-07 15:00:00,-0.00419999985024333
2017-01-07 16:00:00,0.07669999450445175
2017-01-07 17:00:00,0.07669999450445175
2017-01-07 18:00:00,0.07669999450445175
2017-01-07 19:00:00,0.1436000019311905
2017-01-07 20:00:00,0.1436000019311905
2017-01-07 21:00:00,0.1436000019311905
2017-01-07 22:00:00,0.05189999938011169
2017-01-07 23:00:00,0.05189999938011169
2017-01-08,0.05189999938011169
2017-01-08 01:00:00,0.0017999755218625
2017-01-08 02:00:00,0.0017999755218625
2017-01-08 03:00:00,0.0017999755218625
2017-01-08 04:00:00,0.01659999974071979
2017-01-08 05:00:00,0.01659999974071979
2017-01-08 06:00:00,0.01659999974071979
2017-01-08 07:00:00,0.03449999913573265
2017-01-08 08:00:00,0.03449999913573265
2017-01-08 09:00:00,0.03449999913573265
2017-01-08 10:00:00,0.0600999966263771
2017-01-08 11:00:00,0.0600999966263771
2017-01-08 12:00:00,0.0600999966263771
2017-01-08 13:00:00,0.04250000044703483
2017-01-08 14:00:00,0.04250000044703483
2017-01-08 15:00:00,0.04250000044703483
2017-01-08 16:00:00,0.11499999463558196
2017-01-08 17:00:00,0.11499999463558196
2017-01-08 18:00:00,0.11499999463558196
2017-01-08 19:00:00,0.09470000118017197
2017-01-08 20:00:00,0.09470000118017197
2017-01-08 21:00:00,0.09470000118017197
2017-01-08 22:00:00,0.04470000043511391
2017-01-08 23:00:00,0.04470000043511391
2017-01-09,0.04470000043511391
2017-01-09 01:00:00,0.00539999967440962
2017-01-09 02:00:00,0.00539999967440962
2017-01-09 03:00:00,0.00539999967440962
2017-01-09 04:00:00,0.02769999951124191
2017-01-09 05:00:00,0.02769999951124191
2017-01-09 06:00:00,0.02769999951124191
2017-01-09 07:00:00,0.03260000050067901
2017-01-09 08:00:00,0.03260000050067901
2017-01-09 09:00:00,0.03260000050067901
2017-01-09 10:00:00,0.06729999929666519
2017-01-09 11:00:00,0.06729999929666519
2017-01-09 12:00:00,0.06729999929666519
2017-01-09 13:00:00,0.1306999921798706
2017-01-09 14:00:00,0.1306999921798706
2017-01-09 15:00:00,0.1306999921798706
2017-01-09 16:00:00,0.0940999984741211
2017-01-09 17:00:00,0.0940999984741211
2017-01-09 18:00:00,0.0940999984741211
2017-01-09 19:00:00,0.08419999480247498
2017-01-09 20:00:00,0.08419999480247498
2017-01-09 21:00:00,0.08419999480247498
2017-01-09 22:00:00,0.07479999959468842
2017-01-09 23:00:00,0.07479999959468842
2017-01-10,0.07479999959468842
2017-01-10 01:00:00,0.06309999525547028
2017-01-10 02:00:00,0.06309999525547028
2017-01-10 03:00:00,0.06309999525547028
2017-01-10 04:00:00,0.05629999935626983
2017-01-10 05:00:00,0.05629999935626983
2017-01-10 06:00:00,0.05629999935626983
2017-01-10 07:00:00,0.0471000000834465
2017-01-10 08:00:00,0.0471000000834465
2017-01-10 09:00:00,0.0471000000834465
2017-01-10 10:00:00,0.05309999734163284
2017-01-10 11:00:00,0.05309999734163284
2017-01-10 12:00:00,0.05309999734163284
2017-01-10 13:00:00,0.02149999886751175
2017-01-10 14:00:00,0.02149999886751175
2017-01-10 15:00:00,0.02149999886751175
2017-01-10 16:00:00,0.11429999768733978
2017-01-10 17:00:00,0.11429999768733978
2017-01-10 18:00:00,0.11429999768733978
2017-01-10 19:00:00,0.17749999463558197
2017-01-10 20:00:00,0.17749999463558197
2017-01-10 21:00:00,0.17749999463558197
2017-01-10 22:00:00,0.1201999932527542
2017-01-10 23:00:00,0.1201999932527542
2017-01-11,0.1201999932527542
2017-01-11 01:00:00,0.04360000044107437
2017-01-11 02:00:00,0.04360000044107437
2017-01-11 03:00:00,0.04360000044107437
2017-01-11 04:00:00,0.05489999800920486
2017-01-11 05:00:00,0.05489999800920486
2017-01-11 06:00:00,0.05489999800920486
2017-01-11 07:00:00,0.06920000165700912
2017-01-11 08:00:00,0.06920000165700912
2017-01-11 09:00:00,0.06920000165700912
2017-01-11 10:00:00,0.03689997643232345
2017-01-11 11:00:00,0.03689997643232345
2017-01-11 12:00:00,0.03689997643232345
2017-01-11 13:00:00,0.0044999998062849
2017-01-11 14:00:00,0.0044999998062849
2017-01-11 15:00:00,0.0044999998062849
2017-01-11 16:00:00,0.14989998936653137
2017-01-11 17:00:00,0.14989998936653137
2017-01-11 18:00:00,0.14989998936653137
2017-01-11 19:00:00,0.16249999403953552
2017-01-11 20:00:00,0.16249999403953552
2017-01-11 21:00:00,0.16249999403953552
2017-01-11 22:00:00,0.08879999816417694
2017-01-11 23:00:00,0.08879999816417694
2017-01-12,0.08879999816417694
2017-01-12 01:00:00,0.02730000019073486
2017-01-12 02:00:00,0.02730000019073486
2017-01-12 03:00:00,0.02730000019073486
2017-01-12 04:00:00,0.02319999970495701
2017-01-12 05:00:00,0.02319999970495701
2017-01-12 06:00:00,0.02319999970495701
2017-01-12 07:00:00,0.02620000019669532
2017-01-12 08:00:00,0.02620000019669532
2017-01-12 09:00:00,0.02620000019669532
2017-01-12 10:00:00,0.00540002435445785
2017-01-12 11:00:00,0.00540002435445785
2017-01-12 12:00:00,0.00540002435445785
2017-01-12 13:00:00,-0.01479997485876083
2017-01-12 14:00:00,-0.01479997485876083
2017-01-12 15:00:00,-0.01479997485876083
2017-01-12 16:00:00,0.06839999556541443
2017-01-12 17:00:00,0.06839999556541443
2017-01-12 18:00:00,0.06839999556541443
2017-01-12 19:00:00,0.15619999170303345
2017-01-12 20:00:00,0.15619999170303345
2017-01-12 21:00:00,0.15619999170303345
2017-01-12 22:00:00,0.06560000032186508
2017-01-12 23:00:00,0.06560000032186508
2017-01-13,0.06560000032186508
2017-01-13 01:00:00,0.00769999995827674
2017-01-13 02:00:00,0.00769999995827674
2017-01-13 03:00:00,0.00769999995827674
2017-01-13 04:00:00,-9.999999747378752e-5
2017-01-13 05:00:00,-9.999999747378752e-5
2017-01-13 06:00:00,-9.999999747378752e-5
2017-01-13 07:00:00,-0.01919999904930591
2017-01-13 08:00:00,-0.01919999904930591
2017-01-13 09:00:00,-0.01919999904930591
2017-01-13 10:00:00,-0.01939999870955944
2017-01-13 11:00:00,-0.01939999870955944
2017-01-13 12:00:00,-0.01939999870955944
2017-01-13 13:00:00,-0.01609999872744083
2017-01-13 14:00:00,-0.01609999872744083
2017-01-13 15:00:00,-0.01609999872744083
2017-01-13 16:00:00,0.0803999975323677
2017-01-13 17:00:00,0.0803999975323677
2017-01-13 18:00:00,0.0803999975323677
2017-01-13 19:00:00,0.10199999809265135
2017-01-13 20:00:00,0.10199999809265135
2017-01-13 21:00:00,0.10199999809265135
2017-01-13 22:00:00,0.05659999698400497
2017-01-13 23:00:00,0.05659999698400497
2017-01-14,0.05659999698400497
2017-01-14 01:00:00,-0.00740000000223517
2017-01-14 02:00:00,-0.00740000000223517
2017-01-14 03:00:00,-0.00740000000223517
2017-01-14 04:00:00,9.999999747378752e-5
2017-01-14 05:00:00,9.999999747378752e-5
2017-01-14 06:00:00,9.999999747378752e-5
2017-01-14 07:00:00,-0.00460000010207295
2017-01-14 08:00:00,-0.00460000010207295
2017-01-14 09:00:00,-0.00460000010207295
2017-01-14 10:00:00,-0.00619999971240758
2017-01-14 11:00:00,-0.00619999971240758
2017-01-14 12:00:00,-0.00619999971240758
2017-01-14 13:00:00,-0.0142000000923872
2017-01-14 14:00:00,-0.0142000000923872
2017-01-14 15:00:00,-0.0142000000923872
2017-01-14 16:00:00,0.05709999799728393
2017-01-14 17:00:00,0.05709999799728393
2017-01-14 18:00:00,0.05709999799728393
2017-01-14 19:00:00,0.08669999986886978
2017-01-14 20:00:00,0.08669999986886978
2017-01-14 21:00:00,0.08669999986886978
2017-01-14 22:00:00,0.04270000010728836
2017-01-14 23:00:00,0.04270000010728836
2017-01-15,0.04270000010728836
2017-01-15 01:00:00,-0.01379999984055757
2017-01-15 02:00:00,-0.01379999984055757
2017-01-15 03:00:00,-0.01379999984055757
2017-01-15 04:00:00,-0.03009999915957451
2017-01-15 05:00:00,-0.03009999915957451
2017-01-15 06:00:00,-0.03009999915957451
2017-01-15 07:00:00,-0.02639999985694885
2017-01-15 08:00:00,-0.02639999985694885
2017-01-15 09:00:00,-0.02639999985694885
2017-01-15 10:00:00,-0.02769999951124191
2017-01-15 11:00:00,-0.02769999951124191
2017-01-15 12:00:00,-0.02769999951124191
2017-01-15 13:00:00,-0.02209999971091747
2017-01-15 14:00:00,-0.02209999971091747
2017-01-15 15:00:00,-0.02209999971091747
2017-01-15 16:00:00,0.04910000041127205
2017-01-15 17:00:00,0.04910000041127205
2017-01-15 18:00:00,0.04910000041127205
2017-01-15 19:00:00,0.0705999955534935
2017-01-15 20:00:00,0.0705999955534935
2017-01-15 21:00:00,0.0705999955534935
2017-01-15 22:00:00,0.03150000050663948
2017-01-15 23:00:00,0.03150000050663948
2017-01-16,0.03150000050663948
2017-01-16 01:00:00,-0.00719999987632036
2017-01-16 02:00:00,-0.00719999987632036
2017-01-16 03:00:00,-0.00719999987632036
2017-01-16 04:00:00,-0.00799999944865703
2017-01-16 05:00:00,-0.00799999944865703
2017-01-16 06:00:00,-0.00799999944865703
2017-01-16 07:00:00,-0.0052000000141561
2017-01-16 08:00:00,-0.0052000000141561
2017-01-16 09:00:00,-0.0052000000141561
2017-01-16 10:00:00,0.00749999983236193
2017-01-16 11:00:00,0.00749999983236193
2017-01-16 12:00:00,0.00749999983236193
2017-01-16 13:00:00,0.00239999988116323
2017-01-16 14:00:00,0.00239999988116323
2017-01-16 15:00:00,0.00239999988116323
2017-01-16 16:00:00,0.07440000027418137
2017-01-16 17:00:00,0.07440000027418137
2017-01-16 18:00:00,0.07440000027418137
2017-01-16 19:00:00,0.12999999523162842
2017-01-16 20:00:00,0.12999999523162842
2017-01-16 21:00:00,0.12999999523162842
2017-01-16 22:00:00,0.06049999967217445
2017-01-16 23:00:00,0.06049999967217445
2017-01-17,0.06049999967217445
2017-01-17 01:00:00,-0.0104000000283122
2017-01-17 02:00:00,-0.0104000000283122
2017-01-17 03:00:00,-0.0104000000283122
2017-01-17 04:00:00,-0.01929999887943267
2017-01-17 05:00:00,-0.01929999887943267
2017-01-17 06:00:00,-0.01929999887943267
2017-01-17 07:00:00,-0.01909999921917915
2017-01-17 08:00:00,-0.01909999921917915
2017-01-17 09:00:00,-0.01909999921917915
2017-01-17 10:00:00,-0.01730000041425228
2017-01-17 11:00:00,-0.01730000041425228
2017-01-17 12:00:00,-0.01730000041425228
2017-01-17 13:00:00,-0.01740000024437904
2017-01-17 14:00:00,-0.01740000024437904
2017-01-17 15:00:00,-0.01740000024437904
2017-01-17 16:00:00,0.07899999618530273
2017-01-17 17:00:00,0.07899999618530273
2017-01-17 18:00:00,0.07899999618530273
2017-01-17 19:00:00,0.11419999599456788
2017-01-17 20:00:00,0.11419999599456788
2017-01-17 21:00:00,0.11419999599456788
2017-01-17 22:00:00,0.04090002179145813
2017-01-17 23:00:00,0.04090002179145813
2017-01-18,0.04090002179145813
2017-01-18 01:00:00,-0.01299999933689832
2017-01-18 02:00:00,-0.01299999933689832
2017-01-18 03:00:00,-0.01299999933689832
2017-01-18 04:00:00,-0.01699999906122684
2017-01-18 05:00:00,-0.01699999906122684
2017-01-18 06:00:00,-0.01699999906122684
2017-01-18 07:00:00,-0.01489999983459711
2017-01-18 08:00:00,-0.01489999983459711
2017-01-18 09:00:00,-0.01489999983459711
2017-01-18 10:00:00,-0.01179999951273202
2017-01-18 11:00:00,-0.01179999951273202
2017-01-18 12:00:00,-0.01179999951273202
2017-01-18 13:00:00,-0.01069999951869249
2017-01-18 14:00:00,-0.01069999951869249
2017-01-18 15:00:00,-0.01069999951869249
2017-01-18 16:00:00,0.04959999769926071
2017-01-18 17:00:00,0.04959999769926071
2017-01-18 18:00:00,0.04959999769926071
2017-01-18 19:00:00,0.0737999975681305
2017-01-18 20:00:00,0.0737999975681305
2017-01-18 21:00:00,0.0737999975681305
2017-01-18 22:00:00,0.03119999915361404
2017-01-18 23:00:00,0.03119999915361404
2017-01-19,0.03119999915361404
2017-01-19 01:00:00,-0.01529999915510416
2017-01-19 02:00:00,-0.01529999915510416
2017-01-19 03:00:00,-0.01529999915510416
2017-01-19 04:00:00,-0.01319999992847442
2017-01-19 05:00:00,-0.01319999992847442
2017-01-19 06:00:00,-0.01319999992847442
2017-01-19 07:00:00,-0.01059999968856573
2017-01-19 08:00:00,-0.01059999968856573
2017-01-19 09:00:00,-0.01059999968856573
2017-01-19 10:00:00,-0.00879999995231628
2017-01-19 11:00:00,-0.00879999995231628
2017-01-19 12:00:00,-0.00879999995231628
2017-01-19 13:00:00,-0.01219999976456165
2017-01-19 14:00:00,-0.01219999976456165
2017-01-19 15:00:00,-0.01219999976456165
2017-01-19 16:00:00,0.05489999800920486
2017-01-19 17:00:00,0.05489999800920486
2017-01-19 18:00:00,0.05489999800920486
2017-01-19 19:00:00,0.05939999967813492
2017-01-19 20:00:00,0.05939999967813492
2017-01-19 21:00:00,0.05939999967813492
2017-01-19 22:00:00,0.02049999870359897
2017-01-19 23:00:00,0.02049999870359897
2017-01-20,0.02049999870359897
2017-01-20 01:00:00,-0.0182999987155199
2017-01-20 02:00:00,-0.0182999987155199
2017-01-20 03:00:00,-0.0182999987155199
2017-01-20 04:00:00,-0.00439999997615814
2017-01-20 05:00:00,-0.00439999997615814
2017-01-20 06:00:00,-0.00439999997615814
2017-01-20 07:00:00,0.00460000010207295
2017-01-20 08:00:00,0.00460000010207295
2017-01-20 09:00:00,0.00460000010207295
2017-01-20 10:00:00,0.01099999994039535
2017-01-20 11:00:00,0.01099999994039535
2017-01-20 12:00:00,0.01099999994039535
2017-01-20 13:00:00,2.9999998514540493e-4
2017-01-20 14:00:00,2.9999998514540493e-4
2017-01-20 15:00:00,2.9999998514540493e-4
2017-01-20 16:00:00,0.08779999613761902
2017-01-20 17:00:00,0.08779999613761902
2017-01-20 18:00:00,0.08779999613761902
2017-01-20 19:00:00,0.1462000012397766
2017-01-20 20:00:00,0.1462000012397766
2017-01-20 21:00:00,0.1462000012397766
2017-01-20 22:00:00,0.0731000006198883
2017-01-20 23:00:00,0.0731000006198883
2017-01-21,0.0731000006198883
2017-01-21 01:00:00,-0.01789999939501285
2017-01-21 02:00:00,-0.01789999939501285
2017-01-21 03:00:00,-0.01789999939501285
2017-01-21 04:00:00,-0.02099999971687793
2017-01-21 05:00:00,-0.02099999971687793
2017-01-21 06:00:00,-0.02099999971687793
2017-01-21 07:00:00,-0.01950000040233135
2017-01-21 08:00:00,-0.01950000040233135
2017-01-21 09:00:00,-0.01950000040233135
2017-01-21 10:00:00,-0.0186999998986721
2017-01-21 11:00:00,-0.0186999998986721
2017-01-21 12:00:00,-0.0186999998986721
2017-01-21 13:00:00,-0.01559999957680702
2017-01-21 14:00:00,-0.01559999957680702
2017-01-21 15:00:00,-0.01559999957680702
2017-01-21 16:00:00,0.07329999655485153
2017-01-21 17:00:00,0.07329999655485153
2017-01-21 18:00:00,0.07329999655485153
2017-01-21 19:00:00,0.12839999794960022
2017-01-21 20:00:00,0.12839999794960022
2017-01-21 21:00:00,0.12839999794960022
2017-01-21 22:00:00,0.06709999591112137
2017-01-21 23:00:00,0.06709999591112137
2017-01-22,0.06709999591112137
2017-01-22 01:00:00,-0.0092000002041459
2017-01-22 02:00:00,-0.0092000002041459
2017-01-22 03:00:00,-0.0092000002041459
2017-01-22 04:00:00,-0.0071000000461936
2017-01-22 05:00:00,-0.0071000000461936
2017-01-22 06:00:00,-0.0071000000461936
2017-01-22 07:00:00,-0.00689999992027878
2017-01-22 08:00:00,-0.00689999992027878
2017-01-22 09:00:00,-0.00689999992027878
2017-01-22 10:00:00,-0.01049999985843896
2017-01-22 11:00:00,-0.01049999985843896
2017-01-22 12:00:00,-0.01049999985843896
2017-01-22 13:00:00,-0.00399999972432851
2017-01-22 14:00:00,-0.00399999972432851
2017-01-22 15:00:00,-0.00399999972432851
2017-01-22 16:00:00,0.07899999618530273
2017-01-22 17:00:00,0.07899999618530273
2017-01-22 18:00:00,0.07899999618530273
2017-01-22 19:00:00,0.17009998857975006
2017-01-22 20:00:00,0.17009998857975006
2017-01-22 21:00:00,0.17009998857975006
2017-01-22 22:00:00,0.05779999867081642
2017-01-22 23:00:00,0.05779999867081642
2017-01-23,0.05779999867081642
2017-01-23 01:00:00,0.0052000000141561
2017-01-23 02:00:00,0.0052000000141561
2017-01-23 03:00:00,0.0052000000141561
2017-01-23 04:00:00,0.01310000009834766
2017-01-23 05:00:00,0.01310000009834766
2017-01-23 06:00:00,0.01310000009834766
2017-01-23 07:00:00,0.01219999976456165
2017-01-23 08:00:00,0.01219999976456165
2017-01-23 09:00:00,0.01219999976456165
2017-01-23 10:00:00,0.00379999983124434
2017-01-23 11:00:00,0.00379999983124434
2017-01-23 12:00:00,0.00379999983124434
2017-01-23 13:00:00,0.01299999933689832
2017-01-23 14:00:00,0.01299999933689832
2017-01-23 15:00:00,0.01299999933689832
2017-01-23 16:00:00,0.11629999428987504
2017-01-23 17:00:00,0.11629999428987504
2017-01-23 18:00:00,0.11629999428987504
2017-01-23 19:00:00,0.1428999900817871
2017-01-23 20:00:00,0.1428999900817871
2017-01-23 21:00:00,0.1428999900817871
2017-01-23 22:00:00,0.07079999893903732
2017-01-23 23:00:00,0.07079999893903732
2017-01-24,0.07079999893903732
2017-01-24 01:00:00,-0.00339999981224536
2017-01-24 02:00:00,-0.00339999981224536
2017-01-24 03:00:00,-0.00339999981224536
2017-01-24 04:00:00,-0.00949999969452619
2017-01-24 05:00:00,-0.00949999969452619
2017-01-24 06:00:00,-0.00949999969452619
2017-01-24 07:00:00,-0.01489999983459711
2017-01-24 08:00:00,-0.01489999983459711
2017-01-24 09:00:00,-0.01489999983459711
2017-01-24 10:00:00,-0.01799999922513961
2017-01-24 11:00:00,-0.01799999922513961
2017-01-24 12:00:00,-0.01799999922513961
2017-01-24 13:00:00,-0.01840000040829181
2017-01-24 14:00:00,-0.01840000040829181
2017-01-24 15:00:00,-0.01840000040829181
2017-01-24 16:00:00,0.0559999980032444
2017-01-24 17:00:00,0.0559999980032444
2017-01-24 18:00:00,0.0559999980032444
2017-01-24 19:00:00,0.10089999437332152
2017-01-24 20:00:00,0.10089999437332152
2017-01-24 21:00:00,0.10089999437332152
2017-01-24 22:00:00,0.03830000013113022
2017-01-24 23:00:00,0.03830000013113022
2017-01-25,0.03830000013113022
2017-01-25 01:00:00,-0.01339999958872795
2017-01-25 02:00:00,-0.01339999958872795
2017-01-25 03:00:00,-0.01339999958872795
2017-01-25 04:00:00,-0.01119999960064888
2017-01-25 05:00:00,-0.01119999960064888
2017-01-25 06:00:00,-0.01119999960064888
2017-01-25 07:00:00,-0.00909999944269657
2017-01-25 08:00:00,-0.00909999944269657
2017-01-25 09:00:00,-0.00909999944269657
2017-01-25 10:00:00,-0.00779999978840351
2017-01-25 11:00:00,-0.00779999978840351
2017-01-25 12:00:00,-0.00779999978840351
2017-01-25 13:00:00,-0.00969999935477972
2017-01-25 14:00:00,-0.00969999935477972
2017-01-25 15:00:00,-0.00969999935477972
2017-01-25 16:00:00,0.05169999971985817
2017-01-25 17:00:00,0.05169999971985817
2017-01-25 18:00:00,0.05169999971985817
2017-01-25 19:00:00,0.11400000005960464
2017-01-25 20:00:00,0.11400000005960464
2017-01-25 21:00:00,0.11400000005960464
2017-01-25 22:00:00,0.05790000036358833
2017-01-25 23:00:00,0.05790000036358833
2017-01-26,0.05790000036358833
2017-01-26 01:00:00,-0.00729999970644712
2017-01-26 02:00:00,-0.00729999970644712
2017-01-26 03:00:00,-0.00729999970644712
2017-01-26 04:00:00,-0.01059999968856573
2017-01-26 05:00:00,-0.01059999968856573
2017-01-26 06:00:00,-0.01059999968856573
2017-01-26 07:00:00,-0.0113999992609024
2017-01-26 08:00:00,-0.0113999992609024
2017-01-26 09:00:00,-0.0113999992609024
2017-01-26 10:00:00,-0.01150000002235174
2017-01-26 11:00:00,-0.01150000002235174
2017-01-26 12:00:00,-0.01150000002235174
2017-01-26 13:00:00,-0.01059999968856573
2017-01-26 14:00:00,-0.01059999968856573
2017-01-26 15:00:00,-0.01059999968856573
2017-01-26 16:00:00,0.05649999901652336
2017-01-26 17:00:00,0.05649999901652336
2017-01-26 18:00:00,0.05649999901652336
2017-01-26 19:00:00,0.1030999943614006
2017-01-26 20:00:00,0.1030999943614006
2017-01-26 21:00:00,0.1030999943614006
2017-01-26 22:00:00,0.05609999969601631
2017-01-26 23:00:00,0.05609999969601631
2017-01-27,0.05609999969601631
2017-01-27 01:00:00,0.01229999959468841
2017-01-27 02:00:00,0.01229999959468841
2017-01-27 03:00:00,0.01229999959468841
2017-01-27 04:00:00,0.00199999986216425
2017-01-27 05:00:00,0.00199999986216425
2017-01-27 06:00:00,0.00199999986216425
2017-01-27 07:00:00,-0.00559999980032444
2017-01-27 08:00:00,-0.00559999980032444
2017-01-27 09:00:00,-0.00559999980032444
2017-01-27 10:00:00,-0.00490000005811452
2017-01-27 11:00:00,-0.00490000005811452
2017-01-27 12:00:00,-0.00490000005811452
2017-01-27 13:00:00,-0.00130000000353902
2017-01-27 14:00:00,-0.00130000000353902
2017-01-27 15:00:00,-0.00130000000353902
2017-01-27 16:00:00,0.08699999749660492
2017-01-27 17:00:00,0.08699999749660492
2017-01-27 18:00:00,0.08699999749660492
2017-01-27 19:00:00,0.16839998960494995
2017-01-27 20:00:00,0.16839998960494995
2017-01-27 21:00:00,0.16839998960494995
2017-01-27 22:00:00,0.07079999893903732
2017-01-27 23:00:00,0.07079999893903732
2017-01-28,0.07079999893903732
2017-01-28 01:00:00,9.999999310821297e-4
2017-01-28 02:00:00,9.999999310821297e-4
2017-01-28 03:00:00,9.999999310821297e-4
2017-01-28 04:00:00,-0.0092000002041459
2017-01-28 05:00:00,-0.0092000002041459
2017-01-28 06:00:00,-0.0092000002041459
2017-01-28 07:00:00,-2.9999998514540493e-4
2017-01-28 08:00:00,-2.9999998514540493e-4
2017-01-28 09:00:00,-2.9999998514540493e-4
2017-01-28 10:00:00,0.00939999986439943
2017-01-28 11:00:00,0.00939999986439943
2017-01-28 12:00:00,0.00939999986439943
2017-01-28 13:00:00,0.01009999960660934
2017-01-28 14:00:00,0.01009999960660934
2017-01-28 15:00:00,0.01009999960660934
2017-01-28 16:00:00,0.12789998948574066
2017-01-28 17:00:00,0.12789998948574066
2017-01-28 18:00:00,0.12789998948574066
2017-01-28 19:00:00,0.19619999825954437
2017-01-28 20:00:00,0.19619999825954437
2017-01-28 21:00:00,0.19619999825954437
2017-01-28 22:00:00,0.1112999990582466
2017-01-28 23:00:00,0.1112999990582466
2017-01-29,0.1112999990582466
2017-01-29 01:00:00,9.999999310821297e-4
2017-01-29 02:00:00,9.999999310821297e-4
2017-01-29 03:00:00,9.999999310821297e-4
2017-01-29 04:00:00,-0.00509999971836805
2017-01-29 05:00:00,-0.00509999971836805
2017-01-29 06:00:00,-0.00509999971836805
2017-01-29 07:00:00,-0.00230000005103647
2017-01-29 08:00:00,-0.00230000005103647
2017-01-29 09:00:00,-0.00230000005103647
2017-01-29 10:00:00,-5.999999702908099e-4
2017-01-29 11:00:00,-5.999999702908099e-4
2017-01-29 12:00:00,-5.999999702908099e-4
2017-01-29 13:00:00,8.999999845400453e-4
2017-01-29 14:00:00,8.999999845400453e-4
2017-01-29 15:00:00,8.999999845400453e-4
2017-01-29 16:00:00,0.15269999206066132
2017-01-29 17:00:00,0.15269999206066132
2017-01-29 18:00:00,0.15269999206066132
2017-01-29 19:00:00,0.18689998984336853
2017-01-29 20:00:00,0.18689998984336853
2017-01-29 21:00:00,0.18689998984336853
2017-01-29 22:00:00,0.08749999850988388
2017-01-29 23:00:00,0.08749999850988388
2017-01-30,0.08749999850988388
2017-01-30 01:00:00,-9.999999747378752e-5
2017-01-30 02:00:00,-9.999999747378752e-5
2017-01-30 03:00:00,-9.999999747378752e-5
2017-01-30 04:00:00,9.999999747378752e-5
2017-01-30 05:00:00,9.999999747378752e-5
2017-01-30 06:00:00,9.999999747378752e-5
2017-01-30 07:00:00,9.999999747378752e-5
2017-01-30 08:00:00,9.999999747378752e-5
2017-01-30 09:00:00,9.999999747378752e-5
2017-01-30 10:00:00,-8.999999845400453e-4
2017-01-30 11:00:00,-8.999999845400453e-4
2017-01-30 12:00:00,-8.999999845400453e-4
2017-01-30 13:00:00,0.01359999924898147
2017-01-30 14:00:00,0.01359999924898147
2017-01-30 15:00:00,0.01359999924898147
2017-01-30 16:00:00,0.11379999667406082
2017-01-30 17:00:00,0.11379999667406082
2017-01-30 18:00:00,0.11379999667406082
2017-01-30 19:00:00,0.10769999772310256
2017-01-30 20:00:00,0.10769999772310256
2017-01-30 21:00:00,0.10769999772310256
2017-01-30 22:00:00,0.1193000003695488
2017-01-30 23:00:00,0.1193000003695488
2017-01-31,0.1193000003695488
2017-01-31 01:00:00,0.01689999923110008
2017-01-31 02:00:00,0.01689999923110008
2017-01-31 03:00:00,0.01689999923110008
2017-01-31 04:00:00,0.00549999997019767
2017-01-31 05:00:00,0.00549999997019767
2017-01-31 06:00:00,0.00549999997019767
2017-01-31 07:00:00,0.00589999975636601
2017-01-31 08:00:00,0.00589999975636601
2017-01-31 09:00:00,0.00589999975636601
2017-01-31 10:00:00,0.01529999915510416
2017-01-31 11:00:00,0.01529999915510416
2017-01-31 12:00:00,0.01529999915510416
2017-01-31 13:00:00,0.02080000005662441
2017-01-31 14:00:00,0.02080000005662441
2017-01-31 15:00:00,0.02080000005662441
2017-01-31 16:00:00,0.13220000267028809
2017-01-31 17:00:00,0.13220000267028809
2017-01-31 18:00:00,0.13220000267028809
2017-01-31 19:00:00,0.17059999704360962
2017-01-31 20:00:00,0.17059999704360962
2017-01-31 21:00:00,0.17059999704360962
2017-01-31 22:00:00,0.10130000114440918
2017-01-31 23:00:00,0.10130000114440918
2017-02-01,0.10130000114440918
2017-02-01 01:00:00,0.01200000010430812
2017-02-01 02:00:00,0.01200000010430812
2017-02-01 03:00:00,0.01200000010430812
2017-02-01 04:00:00,0.00429999968037009
2017-02-01 05:00:00,0.00429999968037009
2017-02-01 06:00:00,0.00429999968037009
2017-02-01 07:00:00,0.00969999935477972
2017-02-01 08:00:00,0.00969999935477972
2017-02-01 09:00:00,0.00969999935477972
2017-02-01 10:00:00,0.02080000005662441
2017-02-01 11:00:00,0.02080000005662441
2017-02-01 12:00:00,0.02080000005662441
2017-02-01 13:00:00,0.04169999808073044
2017-02-01 14:00:00,0.04169999808073044
2017-02-01 15:00:00,0.04169999808073044
2017-02-01 16:00:00,0.17729999125003815
2017-02-01 17:00:00,0.17729999125003815
2017-02-01 18:00:00,0.17729999125003815
2017-02-01 19:00:00,0.21490000188350675
2017-02-01 20:00:00,0.21490000188350675
2017-02-01 21:00:00,0.21490000188350675
2017-02-01 22:00:00,0.07569999992847443
2017-02-01 23:00:00,0.07569999992847443
2017-02-02,0.07569999992847443
2017-02-02 01:00:00,-0.01669999957084655
2017-02-02 02:00:00,-0.01669999957084655
2017-02-02 03:00:00,-0.01669999957084655
2017-02-02 04:00:00,-0.01499999966472387
2017-02-02 05:00:00,-0.01499999966472387
2017-02-02 06:00:00,-0.01499999966472387
2017-02-02 07:00:00,-0.00630000000819563
2017-02-02 08:00:00,-0.00630000000819563
2017-02-02 09:00:00,-0.00630000000819563
2017-02-02 10:00:00,-6.99999975040555e-4
2017-02-02 11:00:00,-6.99999975040555e-4
2017-02-02 12:00:00,-6.99999975040555e-4
2017-02-02 13:00:00,-0.00879999995231628
2017-02-02 14:00:00,-0.00879999995231628
2017-02-02 15:00:00,-0.00879999995231628
2017-02-02 16:00:00,0.11939999461174013
2017-02-02 17:00:00,0.11939999461174013
2017-02-02 18:00:00,0.11939999461174013
2017-02-02 19:00:00,0.17889998853206637
2017-02-02 20:00:00,0.17889998853206637
2017-02-02 21:00:00,0.17889998853206637
2017-02-02 22:00:00,0.11539999395608902
2017-02-02 23:00:00,0.11539999395608902
2017-02-03,0.11539999395608902
2017-02-03 01:00:00,0.05460000038146973
2017-02-03 02:00:00,0.05460000038146973
2017-02-03 03:00:00,0.05460000038146973
2017-02-03 04:00:00,0.00669997557997703
2017-02-03 05:00:00,0.00669997557997703
2017-02-03 06:00:00,0.00669997557997703
2017-02-03 07:00:00,-0.00810000021010637
2017-02-03 08:00:00,-0.00810000021010637
2017-02-03 09:00:00,-0.00810000021010637
2017-02-03 10:00:00,-0.02269999869167804
2017-02-03 11:00:00,-0.02269999869167804
2017-02-03 12:00:00,-0.02269999869167804
2017-02-03 13:00:00,-0.02300000004470348
2017-02-03 14:00:00,-0.02300000004470348
2017-02-03 15:00:00,-0.02300000004470348
2017-02-03 16:00:00,0.09709999710321426
2017-02-03 17:00:00,0.09709999710321426
2017-02-03 18:00:00,0.09709999710321426
2017-02-03 19:00:00,0.131400004029274
2017-02-03 20:00:00,0.131400004029274
2017-02-03 21:00:00,0.131400004029274
2017-02-03 22:00:00,0.07929997146129608
2017-02-03 23:00:00,0.07929997146129608
2017-02-04,0.07929997146129608
2017-02-04 01:00:00,-0.00539999967440962
2017-02-04 02:00:00,-0.00539999967440962
2017-02-04 03:00:00,-0.00539999967440962
2017-02-04 04:00:00,0.02060000039637088
2017-02-04 05:00:00,0.02060000039637088
2017-02-04 06:00:00,0.02060000039637088
2017-02-04 07:00:00,0.06889999657869339
2017-02-04 08:00:00,0.06889999657869339
2017-02-04 09:00:00,0.06889999657869339
2017-02-04 10:00:00,0.04270000010728836
2017-02-04 11:00:00,0.04270000010728836
2017-02-04 12:00:00,0.04270000010728836
2017-02-04 13:00:00,0.05629999935626983
2017-02-04 14:00:00,0.05629999935626983
2017-02-04 15:00:00,0.05629999935626983
2017-02-04 16:00:00,0.17549999058246613
2017-02-04 17:00:00,0.17549999058246613
2017-02-04 18:00:00,0.17549999058246613
2017-02-04 19:00:00,0.22939996421337128
2017-02-04 20:00:00,0.22939996421337128
2017-02-04 21:00:00,0.22939996421337128
2017-02-04 22:00:00,0.15150000154972076
2017-02-04 23:00:00,0.15150000154972076
2017-02-05,0.15150000154972076
2017-02-05 01:00:00,0.00339999981224536
2017-02-05 02:00:00,0.00339999981224536
2017-02-05 03:00:00,0.00339999981224536
2017-02-05 04:00:00,-0.01009999960660934
2017-02-05 05:00:00,-0.01009999960660934
2017-02-05 06:00:00,-0.01009999960660934
2017-02-05 07:00:00,-0.01219999976456165
2017-02-05 08:00:00,-0.01219999976456165
2017-02-05 09:00:00,-0.01219999976456165
2017-02-05 10:00:00,-0.01160002406686544
2017-02-05 11:00:00,-0.01160002406686544
2017-02-05 12:00:00,-0.01160002406686544
2017-02-05 13:00:00,-0.0032999999821186
2017-02-05 14:00:00,-0.0032999999821186
2017-02-05 15:00:00,-0.0032999999821186
2017-02-05 16:00:00,0.07449999451637268
2017-02-05 17:00:00,0.07449999451637268
2017-02-05 18:00:00,0.07449999451637268
2017-02-05 19:00:00,0.07750000059604645
2017-02-05 20:00:00,0.07750000059604645
2017-02-05 21:00:00,0.07750000059604645
2017-02-05 22:00:00,0.06049999967217445
2017-02-05 23:00:00,0.06049999967217445
2017-02-06,0.06049999967217445
2017-02-06 01:00:00,-0.01069999951869249
2017-02-06 02:00:00,-0.01069999951869249
2017-02-06 03:00:00,-0.01069999951869249
2017-02-06 04:00:00,-0.01249999925494194
2017-02-06 05:00:00,-0.01249999925494194
2017-02-06 06:00:00,-0.01249999925494194
2017-02-06 07:00:00,-0.00749999983236193
2017-02-06 08:00:00,-0.00749999983236193
2017-02-06 09:00:00,-0.00749999983236193
2017-02-06 10:00:00,-0.00109999999403953
2017-02-06 11:00:00,-0.00109999999403953
2017-02-06 12:00:00,-0.00109999999403953
2017-02-06 13:00:00,0.00740000000223517
2017-02-06 14:00:00,0.00740000000223517
2017-02-06 15:00:00,0.00740000000223517
2017-02-06 16:00:00,0.16769999265670776
2017-02-06 17:00:00,0.16769999265670776
2017-02-06 18:00:00,0.16769999265670776
2017-02-06 19:00:00,0.24869999289512632
2017-02-06 20:00:00,0.24869999289512632
2017-02-06 21:00:00,0.24869999289512632
2017-02-06 22:00:00,0.15109999477863312
2017-02-06 23:00:00,0.15109999477863312
2017-02-07,0.15109999477863312
2017-02-07 01:00:00,0.04889999702572822
2017-02-07 02:00:00,0.04889999702572822
2017-02-07 03:00:00,0.04889999702572822
2017-02-07 04:00:00,0.03150000050663948
2017-02-07 05:00:00,0.03150000050663948
2017-02-07 06:00:00,0.03150000050663948
2017-02-07 07:00:00,0.0255999993532896
2017-02-07 08:00:00,0.0255999993532896
2017-02-07 09:00:00,0.0255999993532896
2017-02-07 10:00:00,0.02319999970495701
2017-02-07 11:00:00,0.02319999970495701
2017-02-07 12:00:00,0.02319999970495701
2017-02-07 13:00:00,0.03299999982118606
2017-02-07 14:00:00,0.03299999982118606
2017-02-07 15:00:00,0.03299999982118606
2017-02-07 16:00:00,0.15429998934268951
2017-02-07 17:00:00,0.15429998934268951
2017-02-07 18:00:00,0.15429998934268951
2017-02-07 19:00:00,0.13459999859333038
2017-02-07 20:00:00,0.13459999859333038
2017-02-07 21:00:00,0.13459999859333038
2017-02-07 22:00:00,0.09399999678134918
2017-02-07 23:00:00,0.09399999678134918
2017-02-08,0.09399999678134918
2017-02-08 01:00:00,0.08879999816417694
2017-02-08 02:00:00,0.08879999816417694
2017-02-08 03:00:00,0.08879999816417694
2017-02-08 04:00:00,0.07009999454021454
2017-02-08 05:00:00,0.07009999454021454
2017-02-08 06:00:00,0.07009999454021454
2017-02-08 07:00:00,0.0803999975323677
2017-02-08 08:00:00,0.0803999975323677
2017-02-08 09:00:00,0.0803999975323677
2017-02-08 10:00:00,0.087699994444847107
2017-02-08 11:00:00,0.087699994444847107
2017-02-08 12:00:00,0.087699994444847107
2017-02-08 13:00:00,0.06800002604722977
2017-02-08 14:00:00,0.06800002604722977
2017-02-08 15:00:00,0.06800002604722977
2017-02-08 16:00:00,0.17809998989105225
2017-02-08 17:00:00,0.17809998989105225
2017-02-08 18:00:00,0.17809998989105225
2017-02-08 19:00:00,0.24229998886585236
2017-02-08 20:00:00,0.24229998886585236
2017-02-08 21:00:00,0.24229998886585236
2017-02-08 22:00:00,0.1662999987602234
2017-02-08 23:00:00,0.1662999987602234
2017-02-09,0.1662999987602234
2017-02-09 01:00:00,0.01459999941289424
2017-02-09 02:00:00,0.01459999941289424
2017-02-09 03:00:00,0.01459999941289424
2017-02-09 04:00:00,0.00410000002011656
2017-02-09 05:00:00,0.00410000002011656
2017-02-09 06:00:00,0.00410000002011656
2017-02-09 07:00:00,0.01009999960660934
2017-02-09 08:00:00,0.01009999960660934
2017-02-09 09:00:00,0.01009999960660934
2017-02-09 10:00:00,0.01329999975860118
2017-02-09 11:00:00,0.01329999975860118
2017-02-09 12:00:00,0.01329999975860118
2017-02-09 13:00:00,0.01049999985843896
2017-02-09 14:00:00,0.01049999985843896
2017-02-09 15:00:00,0.01049999985843896
2017-02-09 16:00:00,0.1071999967098236
2017-02-09 17:00:00,0.1071999967098236
2017-02-09 18:00:00,0.1071999967098236
2017-02-09 19:00:00,0.09399999678134918
2017-02-09 20:00:00,0.09399999678134918
2017-02-09 21:00:00,0.09399999678134918
2017-02-09 22:00:00,0.07389997690916061
2017-02-09 23:00:00,0.07389997690916061
2017-02-10,0.07389997690916061
2017-02-10 01:00:00,-0.00279999990016222
2017-02-10 02:00:00,-0.00279999990016222
2017-02-10 03:00:00,-0.00279999990016222
2017-02-10 04:00:00,0.00930000003427267
2017-02-10 05:00:00,0.00930000003427267
2017-02-10 06:00:00,0.00930000003427267
2017-02-10 07:00:00,0.05839999765157699
2017-02-10 08:00:00,0.05839999765157699
2017-02-10 09:00:00,0.05839999765157699
2017-02-10 10:00:00,0.09349999576807022
2017-02-10 11:00:00,0.09349999576807022
2017-02-10 12:00:00,0.09349999576807022
2017-02-10 13:00:00,0.16040000319480896
2017-02-10 14:00:00,0.16040000319480896
2017-02-10 15:00:00,0.16040000319480896
2017-02-10 16:00:00,0.1824999898672104
2017-02-10 17:00:00,0.1824999898672104
2017-02-10 18:00:00,0.1824999898672104
2017-02-10 19:00:00,0.15779998898506165
2017-02-10 20:00:00,0.15779998898506165
2017-02-10 21:00:00,0.15779998898506165
2017-02-10 22:00:00,0.1371999979019165
2017-02-10 23:00:00,0.1371999979019165
2017-02-11,0.1371999979019165
2017-02-11 01:00:00,0.03859999775886535
2017-02-11 02:00:00,0.03859999775886535
2017-02-11 03:00:00,0.03859999775886535
2017-02-11 04:00:00,0.00209999992512166
2017-02-11 05:00:00,0.00209999992512166
2017-02-11 06:00:00,0.00209999992512166
2017-02-11 07:00:00,0.00969999935477972
2017-02-11 08:00:00,0.00969999935477972
2017-02-11 09:00:00,0.00969999935477972
2017-02-11 10:00:00,0.00379999983124434
2017-02-11 11:00:00,0.00379999983124434
2017-02-11 12:00:00,0.00379999983124434
2017-02-11 13:00:00,0.01319999992847442
2017-02-11 14:00:00,0.01319999992847442
2017-02-11 15:00:00,0.01319999992847442
2017-02-11 16:00:00,0.04349999874830246
2017-02-11 17:00:00,0.04349999874830246
2017-02-11 18:00:00,0.04349999874830246
2017-02-11 19:00:00,0.02060000039637088
2017-02-11 20:00:00,0.02060000039637088
2017-02-11 21:00:00,0.02060000039637088
2017-02-11 22:00:00,0.03859999775886535
2017-02-11 23:00:00,0.03859999775886535
2017-02-12,0.03859999775886535
2017-02-12 01:00:00,-8.999999845400453e-4
2017-02-12 02:00:00,-8.999999845400453e-4
2017-02-12 03:00:00,-8.999999845400453e-4
2017-02-12 04:00:00,-0.00719999987632036
2017-02-12 05:00:00,-0.00719999987632036
2017-02-12 06:00:00,-0.00719999987632036
2017-02-12 07:00:00,-0.00649999966844916
2017-02-12 08:00:00,-0.00649999966844916
2017-02-12 09:00:00,-0.00649999966844916
2017-02-12 10:00:00,-0.00609999988228082
2017-02-12 11:00:00,-0.00609999988228082
2017-02-12 12:00:00,-0.00609999988228082
2017-02-12 13:00:00,-0.00130000000353902
2017-02-12 14:00:00,-0.00130000000353902
2017-02-12 15:00:00,-0.00130000000353902
2017-02-12 16:00:00,0.1160999983549118
2017-02-12 17:00:00,0.1160999983549118
2017-02-12 18:00:00,0.1160999983549118
2017-02-12 19:00:00,0.11149999499320984
2017-02-12 20:00:00,0.11149999499320984
2017-02-12 21:00:00,0.11149999499320984
2017-02-12 22:00:00,0.06359999626874924
2017-02-12 23:00:00,0.06359999626874924
2017-02-13,0.06359999626874924
2017-02-13 01:00:00,-0.02060000039637088
2017-02-13 02:00:00,-0.02060000039637088
2017-02-13 03:00:00,-0.02060000039637088
2017-02-13 04:00:00,-0.02199999988079071
2017-02-13 05:00:00,-0.02199999988079071
2017-02-13 06:00:00,-0.02199999988079071
2017-02-13 07:00:00,-0.02080000005662441
2017-02-13 08:00:00,-0.02080000005662441
2017-02-13 09:00:00,-0.02080000005662441
2017-02-13 10:00:00,-0.02149999886751175
2017-02-13 11:00:00,-0.02149999886751175
2017-02-13 12:00:00,-0.02149999886751175
2017-02-13 13:00:00,-0.0089999996125698
2017-02-13 14:00:00,-0.0089999996125698
2017-02-13 15:00:00,-0.0089999996125698
2017-02-13 16:00:00,0.1119999960064888
2017-02-13 17:00:00,0.1119999960064888
2017-02-13 18:00:00,0.1119999960064888
2017-02-13 19:00:00,0.15410000085830688
2017-02-13 20:00:00,0.15410000085830688
2017-02-13 21:00:00,0.15410000085830688
2017-02-13 22:00:00,0.11569999903440475
2017-02-13 23:00:00,0.11569999903440475
2017-02-14,0.11569999903440475
2017-02-14 01:00:00,-0.01509999949485063
2017-02-14 02:00:00,-0.01509999949485063
2017-02-14 03:00:00,-0.01509999949485063
2017-02-14 04:00:00,-0.01579999923706054
2017-02-14 05:00:00,-0.01579999923706054
2017-02-14 06:00:00,-0.01579999923706054
2017-02-14 07:00:00,-0.01449999958276748
2017-02-14 08:00:00,-0.01449999958276748
2017-02-14 09:00:00,-0.01449999958276748
2017-02-14 10:00:00,-0.01379999984055757
2017-02-14 11:00:00,-0.01379999984055757
2017-02-14 12:00:00,-0.01379999984055757
2017-02-14 13:00:00,-0.00659999996423721
2017-02-14 14:00:00,-0.00659999996423721
2017-02-14 15:00:00,-0.00659999996423721
2017-02-14 16:00:00,0.12129999697208405
2017-02-14 17:00:00,0.12129999697208405
2017-02-14 18:00:00,0.12129999697208405
2017-02-14 19:00:00,0.17639999091625214
2017-02-14 20:00:00,0.17639999091625214
2017-02-14 21:00:00,0.17639999091625214
2017-02-14 22:00:00,0.0925000011920929
2017-02-14 23:00:00,0.0925000011920929
2017-02-15,0.0925000011920929
2017-02-15 01:00:00,-0.02089999988675117
2017-02-15 02:00:00,-0.02089999988675117
2017-02-15 03:00:00,-0.02089999988675117
2017-02-15 04:00:00,-0.02139999903738498
2017-02-15 05:00:00,-0.02139999903738498
2017-02-15 06:00:00,-0.02139999903738498
2017-02-15 07:00:00,-0.01929999887943267
2017-02-15 08:00:00,-0.01929999887943267
2017-02-15 09:00:00,-0.01929999887943267
2017-02-15 10:00:00,-0.01260000001639127
2017-02-15 11:00:00,-0.01260000001639127
2017-02-15 12:00:00,-0.01260000001639127
2017-02-15 13:00:00,-0.00999999977648258
2017-02-15 14:00:00,-0.00999999977648258
2017-02-15 15:00:00,-0.00999999977648258
2017-02-15 16:00:00,0.08169999718666077
2017-02-15 17:00:00,0.08169999718666077
2017-02-15 18:00:00,0.08169999718666077
2017-02-15 19:00:00,0.09629999846220016
2017-02-15 20:00:00,0.09629999846220016
2017-02-15 21:00:00,0.09629999846220016
2017-02-15 22:00:00,0.08129999786615372
2017-02-15 23:00:00,0.08129999786615372
2017-02-16,0.08129999786615372
2017-02-16 01:00:00,-2.9999998514540493e-4
2017-02-16 02:00:00,-2.9999998514540493e-4
2017-02-16 03:00:00,-2.9999998514540493e-4
2017-02-16 04:00:00,0.00199999986216425
2017-02-16 05:00:00,0.00199999986216425
2017-02-16 06:00:00,0.00199999986216425
2017-02-16 07:00:00,-0.00529999984428286
2017-02-16 08:00:00,-0.00529999984428286
2017-02-16 09:00:00,-0.00529999984428286
2017-02-16 10:00:00,-0.00579999992623925
2017-02-16 11:00:00,-0.00579999992623925
2017-02-16 12:00:00,-0.00579999992623925
2017-02-16 13:00:00,-0.00949999969452619
2017-02-16 14:00:00,-0.00949999969452619
2017-02-16 15:00:00,-0.00949999969452619
2017-02-16 16:00:00,0.0722000002861023
2017-02-16 17:00:00,0.0722000002861023
2017-02-16 18:00:00,0.0722000002861023
2017-02-16 19:00:00,0.06949999928474426
2017-02-16 20:00:00,0.06949999928474426
2017-02-16 21:00:00,0.06949999928474426
2017-02-16 22:00:00,0.05559999868273735
2017-02-16 23:00:00,0.05559999868273735
2017-02-17,0.05559999868273735
2017-02-17 01:00:00,-0.02290000021457672
2017-02-17 02:00:00,-0.02290000021457672
2017-02-17 03:00:00,-0.02290000021457672
2017-02-17 04:00:00,-0.01069999951869249
2017-02-17 05:00:00,-0.01069999951869249
2017-02-17 06:00:00,-0.01069999951869249
2017-02-17 07:00:00,-0.00300000002607703
2017-02-17 08:00:00,-0.00300000002607703
2017-02-17 09:00:00,-0.00300000002607703
2017-02-17 10:00:00,-0.00769999995827674
2017-02-17 11:00:00,-0.00769999995827674
2017-02-17 12:00:00,-0.00769999995827674
2017-02-17 13:00:00,-0.00339999981224536
2017-02-17 14:00:00,-0.00339999981224536
2017-02-17 15:00:00,-0.00339999981224536
2017-02-17 16:00:00,0.07669999450445175
2017-02-17 17:00:00,0.07669999450445175
2017-02-17 18:00:00,0.07669999450445175
2017-02-17 19:00:00,0.04499999806284904
2017-02-17 20:00:00,0.04499999806284904
2017-02-17 21:00:00,0.04499999806284904
2017-02-17 22:00:00,0.05480000004172325
2017-02-17 23:00:00,0.05480000004172325
2017-02-18,0.05480000004172325
2017-02-18 01:00:00,9.999999747378752e-5
2017-02-18 02:00:00,9.999999747378752e-5
2017-02-18 03:00:00,9.999999747378752e-5
2017-02-18 04:00:00,-0.00439999997615814
2017-02-18 05:00:00,-0.00439999997615814
2017-02-18 06:00:00,-0.00439999997615814
2017-02-18 07:00:00,0.0115999998524785
2017-02-18 08:00:00,0.0115999998524785
2017-02-18 09:00:00,0.0115999998524785
2017-02-18 10:00:00,-0.00150000001303851
2017-02-18 11:00:00,-0.00150000001303851
2017-02-18 12:00:00,-0.00150000001303851
2017-02-18 13:00:00,-0.00829999987035989
2017-02-18 14:00:00,-0.00829999987035989
2017-02-18 15:00:00,-0.00829999987035989
2017-02-18 16:00:00,0.05370000004768371
2017-02-18 17:00:00,0.05370000004768371
2017-02-18 18:00:00,0.05370000004768371
2017-02-18 19:00:00,0.05689999833703041
2017-02-18 20:00:00,0.05689999833703041
2017-02-18 21:00:00,0.05689999833703041
2017-02-18 22:00:00,0.0471000000834465
2017-02-18 23:00:00,0.0471000000834465
2017-02-19,0.0471000000834465
2017-02-19 01:00:00,-0.00930000003427267
2017-02-19 02:00:00,-0.00930000003427267
2017-02-19 03:00:00,-0.00930000003427267
2017-02-19 04:00:00,-0.00749999983236193
2017-02-19 05:00:00,-0.00749999983236193
2017-02-19 06:00:00,-0.00749999983236193
2017-02-19 07:00:00,-0.00309999985620379
2017-02-19 08:00:00,-0.00309999985620379
2017-02-19 09:00:00,-0.00309999985620379
2017-02-19 10:00:00,0.00130000000353902
2017-02-19 11:00:00,0.00130000000353902
2017-02-19 12:00:00,0.00130000000353902
2017-02-19 13:00:00,-0.00749999983236193
2017-02-19 14:00:00,-0.00749999983236193
2017-02-19 15:00:00,-0.00749999983236193
2017-02-19 16:00:00,0.03179999813437462
2017-02-19 17:00:00,0.03179999813437462
2017-02-19 18:00:00,0.03179999813437462
2017-02-19 19:00:00,0.0632999986410141
2017-02-19 20:00:00,0.0632999986410141
2017-02-19 21:00:00,0.0632999986410141
2017-02-19 22:00:00,0.05219999700784683
2017-02-19 23:00:00,0.05219999700784683
2017-02-20,0.05219999700784683
2017-02-20 01:00:00,0.01950000040233135
2017-02-20 02:00:00,0.01950000040233135
2017-02-20 03:00:00,0.01950000040233135
2017-02-20 04:00:00,0.02869999967515468
2017-02-20 05:00:00,0.02869999967515468
2017-02-20 06:00:00,0.02869999967515468
2017-02-20 07:00:00,-0.00769999995827674
2017-02-20 08:00:00,-0.00769999995827674
2017-02-20 09:00:00,-0.00769999995827674
2017-02-20 10:00:00,-0.00479999976232647
2017-02-20 11:00:00,-0.00479999976232647
2017-02-20 12:00:00,-0.00479999976232647
2017-02-20 13:00:00,0.00499999988824129
2017-02-20 14:00:00,0.00499999988824129
2017-02-20 15:00:00,0.00499999988824129
2017-02-20 16:00:00,0.15160000324249268
2017-02-20 17:00:00,0.15160000324249268
2017-02-20 18:00:00,0.15160000324249268
2017-02-20 19:00:00,0.14949999749660492
2017-02-20 20:00:00,0.14949999749660492
2017-02-20 21:00:00,0.14949999749660492
2017-02-20 22:00:00,0.1119999960064888
2017-02-20 23:00:00,0.1119999960064888
2017-02-21,0.1119999960064888
2017-02-21 01:00:00,-0.0031999999191612
2017-02-21 02:00:00,-0.0031999999191612
2017-02-21 03:00:00,-0.0031999999191612
2017-02-21 04:00:00,-0.00169999990612268
2017-02-21 05:00:00,-0.00169999990612268
2017-02-21 06:00:00,-0.00169999990612268
2017-02-21 07:00:00,0.01860000006854534
2017-02-21 08:00:00,0.01860000006854534
2017-02-21 09:00:00,0.01860000006854534
2017-02-21 10:00:00,0.07119999825954437
2017-02-21 11:00:00,0.07119999825954437
2017-02-21 12:00:00,0.07119999825954437
2017-02-21 13:00:00,0.06929999589920044
2017-02-21 14:00:00,0.06929999589920044
2017-02-21 15:00:00,0.06929999589920044
2017-02-21 16:00:00,0.1388999968767166
2017-02-21 17:00:00,0.1388999968767166
2017-02-21 18:00:00,0.1388999968767166
2017-02-21 19:00:00,0.0731000006198883
2017-02-21 20:00:00,0.0731000006198883
2017-02-21 21:00:00,0.0731000006198883
2017-02-21 22:00:00,0.07649999856948853
2017-02-21 23:00:00,0.07649999856948853
2017-02-22,0.07649999856948853
2017-02-22 01:00:00,0.03549999743700027
2017-02-22 02:00:00,0.03549999743700027
2017-02-22 03:00:00,0.03549999743700027
2017-02-22 04:00:00,0.06229999661445618
2017-02-22 05:00:00,0.06229999661445618
2017-02-22 06:00:00,0.06229999661445618
2017-02-22 07:00:00,0.08489999920129776
2017-02-22 08:00:00,0.08489999920129776
2017-02-22 09:00:00,0.08489999920129776
2017-02-22 10:00:00,0.07440000027418137
2017-02-22 11:00:00,0.07440000027418137
2017-02-22 12:00:00,0.07440000027418137
2017-02-22 13:00:00,0.03339999914169311
2017-02-22 14:00:00,0.03339999914169311
2017-02-22 15:00:00,0.03339999914169311
2017-02-22 16:00:00,0.1621999889612198
2017-02-22 17:00:00,0.1621999889612198
2017-02-22 18:00:00,0.1621999889612198
2017-02-22 19:00:00,0.16489998996257782
2017-02-22 20:00:00,0.16489998996257782
2017-02-22 21:00:00,0.16489998996257782
2017-02-22 22:00:00,0.0966999977827072
2017-02-22 23:00:00,0.0966999977827072
2017-02-23,0.0966999977827072
2017-02-23 01:00:00,-0.00630000000819563
2017-02-23 02:00:00,-0.00630000000819563
2017-02-23 03:00:00,-0.00630000000819563
2017-02-23 04:00:00,0.01189999934285879
2017-02-23 05:00:00,0.01189999934285879
2017-02-23 06:00:00,0.01189999934285879
2017-02-23 07:00:00,0.01329999975860118
2017-02-23 08:00:00,0.01329999975860118
2017-02-23 09:00:00,0.01329999975860118
2017-02-23 10:00:00,-0.00209999992512166
2017-02-23 11:00:00,-0.00209999992512166
2017-02-23 12:00:00,-0.00209999992512166
2017-02-23 13:00:00,-0.01119999960064888
2017-02-23 14:00:00,-0.01119999960064888
2017-02-23 15:00:00,-0.01119999960064888
2017-02-23 16:00:00,0.0835999995470047
2017-02-23 17:00:00,0.0835999995470047
2017-02-23 18:00:00,0.0835999995470047
2017-02-23 19:00:00,0.15400001406669617
2017-02-23 20:00:00,0.15400001406669617
2017-02-23 21:00:00,0.15400001406669617
2017-02-23 22:00:00,0.09289997071027756
2017-02-23 23:00:00,0.09289997071027756
2017-02-24,0.09289997071027756
2017-02-24 01:00:00,-0.00279999990016222
2017-02-24 02:00:00,-0.00279999990016222
2017-02-24 03:00:00,-0.00279999990016222
2017-02-24 04:00:00,-0.00389999989420175
2017-02-24 05:00:00,-0.00389999989420175
2017-02-24 06:00:00,-0.00389999989420175
2017-02-24 07:00:00,0.00379999983124434
2017-02-24 08:00:00,0.00379999983124434
2017-02-24 09:00:00,0.00379999983124434
2017-02-24 10:00:00,0.00189999991562217
2017-02-24 11:00:00,0.00189999991562217
2017-02-24 12:00:00,0.00189999991562217
2017-02-24 13:00:00,0.00630000000819563
2017-02-24 14:00:00,0.00630000000819563
2017-02-24 15:00:00,0.00630000000819563
2017-02-24 16:00:00,0.05119999870657921
2017-02-24 17:00:00,0.05119999870657921
2017-02-24 18:00:00,0.05119999870657921
2017-02-24 19:00:00,0.08269999921321869
2017-02-24 20:00:00,0.08269999921321869
2017-02-24 21:00:00,0.08269999921321869
2017-02-24 22:00:00,0.05609999969601631
2017-02-24 23:00:00,0.05609999969601631
2017-02-25,0.05609999969601631
2017-02-25 01:00:00,-0.00799997523427009
2017-02-25 02:00:00,-0.00799997523427009
2017-02-25 03:00:00,-0.00799997523427009
2017-02-25 04:00:00,-0.00999999977648258
2017-02-25 05:00:00,-0.00999999977648258
2017-02-25 06:00:00,-0.00999999977648258
2017-02-25 07:00:00,-0.00930000003427267
2017-02-25 08:00:00,-0.00930000003427267
2017-02-25 09:00:00,-0.00930000003427267
2017-02-25 10:00:00,-0.00649999966844916
2017-02-25 11:00:00,-0.00649999966844916
2017-02-25 12:00:00,-0.00649999966844916
2017-02-25 13:00:00,-0.00139999995008111
2017-02-25 14:00:00,-0.00139999995008111
2017-02-25 15:00:00,-0.00139999995008111
2017-02-25 16:00:00,0.11070001870393752
2017-02-25 17:00:00,0.11070001870393752
2017-02-25 18:00:00,0.11070001870393752
2017-02-25 19:00:00,0.17309999465942383
2017-02-25 20:00:00,0.17309999465942383
2017-02-25 21:00:00,0.17309999465942383
2017-02-25 22:00:00,0.10989999771118164
2017-02-25 23:00:00,0.10989999771118164
2017-02-26,0.10989999771118164
2017-02-26 01:00:00,0.01379999984055757
2017-02-26 02:00:00,0.01379999984055757
2017-02-26 03:00:00,0.01379999984055757
2017-02-26 04:00:00,0.01539999991655349
2017-02-26 05:00:00,0.01539999991655349
2017-02-26 06:00:00,0.01539999991655349
2017-02-26 07:00:00,0.00429999968037009
2017-02-26 08:00:00,0.00429999968037009
2017-02-26 09:00:00,0.00429999968037009
2017-02-26 10:00:00,-0.0044999998062849
2017-02-26 11:00:00,-0.0044999998062849
2017-02-26 12:00:00,-0.0044999998062849
2017-02-26 13:00:00,0.00600000005215406
2017-02-26 14:00:00,0.00600000005215406
2017-02-26 15:00:00,0.00600000005215406
2017-02-26 16:00:00,0.12269999831914902
2017-02-26 17:00:00,0.12269999831914902
2017-02-26 18:00:00,0.12269999831914902
2017-02-26 19:00:00,0.185699999332428
2017-02-26 20:00:00,0.185699999332428
2017-02-26 21:00:00,0.185699999332428
2017-02-26 22:00:00,0.11209999769926073
2017-02-26 23:00:00,0.11209999769926073
2017-02-27,0.11209999769926073
2017-02-27 01:00:00,-0.00499999988824129
2017-02-27 02:00:00,-0.00499999988824129
2017-02-27 03:00:00,-0.00499999988824129
2017-02-27 04:00:00,-0.00779999978840351
2017-02-27 05:00:00,-0.00779999978840351
2017-02-27 06:00:00,-0.00779999978840351
2017-02-27 07:00:00,-0.00759999966248869
2017-02-27 08:00:00,-0.00759999966248869
2017-02-27 09:00:00,-0.00759999966248869
2017-02-27 10:00:00,-0.00969999935477972
2017-02-27 11:00:00,-0.00969999935477972
2017-02-27 12:00:00,-0.00969999935477972
2017-02-27 13:00:00,9.999999310821297e-4
2017-02-27 14:00:00,9.999999310821297e-4
2017-02-27 15:00:00,9.999999310821297e-4
2017-02-27 16:00:00,0.16279999911785126
2017-02-27 17:00:00,0.16279999911785126
2017-02-27 18:00:00,0.16279999911785126
2017-02-27 19:00:00,0.24740000069141388
2017-02-27 20:00:00,0.24740000069141388
2017-02-27 21:00:00,0.24740000069141388
2017-02-27 22:00:00,0.1841999888420105
2017-02-27 23:00:00,0.1841999888420105
2017-02-28,0.1841999888420105
2017-02-28 01:00:00,0.07239999622106552
2017-02-28 02:00:00,0.07239999622106552
2017-02-28 03:00:00,0.07239999622106552
2017-02-28 04:00:00,0.05649999901652336
2017-02-28 05:00:00,0.05649999901652336
2017-02-28 06:00:00,0.05649999901652336
2017-02-28 07:00:00,0.0115999998524785
2017-02-28 08:00:00,0.0115999998524785
2017-02-28 09:00:00,0.0115999998524785
2017-02-28 10:00:00,0.00930000003427267
2017-02-28 11:00:00,0.00930000003427267
2017-02-28 12:00:00,0.00930000003427267
2017-02-28 13:00:00,0.00999999977648258
2017-02-28 14:00:00,0.00999999977648258
2017-02-28 15:00:00,0.00999999977648258
2017-02-28 16:00:00,0.12539999186992645
2017-02-28 17:00:00,0.12539999186992645
2017-02-28 18:00:00,0.12539999186992645
2017-02-28 19:00:00,0.18729999661445615
2017-02-28 20:00:00,0.18729999661445615
2017-02-28 21:00:00,0.18729999661445615
2017-02-28 22:00:00,0.15600000321865082
2017-02-28 23:00:00,0.15600000321865082
2017-03-01,0.15600000321865082
2017-03-01 01:00:00,0.03849999979138374
2017-03-01 02:00:00,0.03849999979138374
2017-03-01 03:00:00,0.03849999979138374
2017-03-01 04:00:00,0.01329999975860118
2017-03-01 05:00:00,0.01329999975860118
2017-03-01 06:00:00,0.01329999975860118
2017-03-01 07:00:00,0.02329999953508377
2017-03-01 08:00:00,0.02329999953508377
2017-03-01 09:00:00,0.02329999953508377
2017-03-01 10:00:00,0.02989999949932098
2017-03-01 11:00:00,0.02989999949932098
2017-03-01 12:00:00,0.02989999949932098
2017-03-01 13:00:00,0.0127999996766448
2017-03-01 14:00:00,0.0127999996766448
2017-03-01 15:00:00,0.0127999996766448
2017-03-01 16:00:00,0.14720000326633453
2017-03-01 17:00:00,0.14720000326633453
2017-03-01 18:00:00,0.14720000326633453
2017-03-01 19:00:00,0.22349999845027924
2017-03-01 20:00:00,0.22349999845027924
2017-03-01 21:00:00,0.22349999845027924
2017-03-01 22:00:00,0.13440002501010895
2017-03-01 23:00:00,0.13440002501010895
2017-03-02,0.13440002501010895
2017-03-02 01:00:00,0.00169999990612268
2017-03-02 02:00:00,0.00169999990612268
2017-03-02 03:00:00,0.00169999990612268
2017-03-02 04:00:00,-8.999999845400453e-4
2017-03-02 05:00:00,-8.999999845400453e-4
2017-03-02 06:00:00,-8.999999845400453e-4
2017-03-02 07:00:00,-0.00600000005215406
2017-03-02 08:00:00,-0.00600000005215406
2017-03-02 09:00:00,-0.00600000005215406
2017-03-02 10:00:00,-0.00490000005811452
2017-03-02 11:00:00,-0.00490000005811452
2017-03-02 12:00:00,-0.00490000005811452
2017-03-02 13:00:00,0.00239999988116323
2017-03-02 14:00:00,0.00239999988116323
2017-03-02 15:00:00,0.00239999988116323
2017-03-02 16:00:00,0.1437000036239624
2017-03-02 17:00:00,0.1437000036239624
2017-03-02 18:00:00,0.1437000036239624
2017-03-02 19:00:00,0.19919998943805697
2017-03-02 20:00:00,0.19919998943805697
2017-03-02 21:00:00,0.19919998943805697
2017-03-02 22:00:00,0.13920000195503235
2017-03-02 23:00:00,0.13920000195503235
2017-03-03,0.13920000195503235
2017-03-03 01:00:00,-0.00679999962449073
2017-03-03 02:00:00,-0.00679999962449073
2017-03-03 03:00:00,-0.00679999962449073
2017-03-03 04:00:00,-0.01059999968856573
2017-03-03 05:00:00,-0.01059999968856573
2017-03-03 06:00:00,-0.01059999968856573
2017-03-03 07:00:00,-0.00499999988824129
2017-03-03 08:00:00,-0.00499999988824129
2017-03-03 09:00:00,-0.00499999988824129
2017-03-03 10:00:00,-0.00249999994412064
2017-03-03 11:00:00,-0.00249999994412064
2017-03-03 12:00:00,-0.00249999994412064
2017-03-03 13:00:00,0.02290000021457672
2017-03-03 14:00:00,0.02290000021457672
2017-03-03 15:00:00,0.02290000021457672
2017-03-03 16:00:00,0.20639999210834503
2017-03-03 17:00:00,0.20639999210834503
2017-03-03 18:00:00,0.20639999210834503
2017-03-03 19:00:00,0.16129998862743378
2017-03-03 20:00:00,0.16129998862743378
2017-03-03 21:00:00,0.16129998862743378
2017-03-03 22:00:00,0.10929999500513075
2017-03-03 23:00:00,0.10929999500513075
2017-03-04,0.10929999500513075
2017-03-04 01:00:00,-0.00859999936074018
2017-03-04 02:00:00,-0.00859999936074018
2017-03-04 03:00:00,-0.00859999936074018
2017-03-04 04:00:00,-0.00999999977648258
2017-03-04 05:00:00,-0.00999999977648258
2017-03-04 06:00:00,-0.00999999977648258
2017-03-04 07:00:00,-0.01069999951869249
2017-03-04 08:00:00,-0.01069999951869249
2017-03-04 09:00:00,-0.01069999951869249
2017-03-04 10:00:00,4.999999655410647e-4
2017-03-04 11:00:00,4.999999655410647e-4
2017-03-04 12:00:00,4.999999655410647e-4
2017-03-04 13:00:00,0.01549999974668026
2017-03-04 14:00:00,0.01549999974668026
2017-03-04 15:00:00,0.01549999974668026
2017-03-04 16:00:00,0.09309999644756316
2017-03-04 17:00:00,0.09309999644756316
2017-03-04 18:00:00,0.09309999644756316
2017-03-04 19:00:00,0.09699999541044237
2017-03-04 20:00:00,0.09699999541044237
2017-03-04 21:00:00,0.09699999541044237
2017-03-04 22:00:00,0.08569999784231186
2017-03-04 23:00:00,0.08569999784231186
2017-03-05,0.08569999784231186
2017-03-05 01:00:00,0.00779999978840351
2017-03-05 02:00:00,0.00779999978840351
2017-03-05 03:00:00,0.00779999978840351
2017-03-05 04:00:00,0.00269999983720481
2017-03-05 05:00:00,0.00269999983720481
2017-03-05 06:00:00,0.00269999983720481
2017-03-05 07:00:00,-0.00579999992623925
2017-03-05 08:00:00,-0.00579999992623925
2017-03-05 09:00:00,-0.00579999992623925
2017-03-05 10:00:00,-0.00209999992512166
2017-03-05 11:00:00,-0.00209999992512166
2017-03-05 12:00:00,-0.00209999992512166
2017-03-05 13:00:00,0.01090000011026859
2017-03-05 14:00:00,0.01090000011026859
2017-03-05 15:00:00,0.01090000011026859
2017-03-05 16:00:00,0.12860000133514404
2017-03-05 17:00:00,0.12860000133514404
2017-03-05 18:00:00,0.12860000133514404
2017-03-05 19:00:00,0.10639999806880952
2017-03-05 20:00:00,0.10639999806880952
2017-03-05 21:00:00,0.10639999806880952
2017-03-05 22:00:00,0.11149999499320984
2017-03-05 23:00:00,0.11149999499320984
2017-03-06,0.11149999499320984
2017-03-06 01:00:00,0.02019999921321869
2017-03-06 02:00:00,0.02019999921321869
2017-03-06 03:00:00,0.02019999921321869
2017-03-06 04:00:00,0.05489999800920486
2017-03-06 05:00:00,0.05489999800920486
2017-03-06 06:00:00,0.05489999800920486
2017-03-06 07:00:00,0.09009999781847
2017-03-06 08:00:00,0.09009999781847
2017-03-06 09:00:00,0.09009999781847
2017-03-06 10:00:00,0.07919999957084656
2017-03-06 11:00:00,0.07919999957084656
2017-03-06 12:00:00,0.07919999957084656
2017-03-06 13:00:00,0.06459999829530716
2017-03-06 14:00:00,0.06459999829530716
2017-03-06 15:00:00,0.06459999829530716
2017-03-06 16:00:00,0.13740000128746033
2017-03-06 17:00:00,0.13740000128746033
2017-03-06 18:00:00,0.13740000128746033
2017-03-06 19:00:00,0.1808999925851822
2017-03-06 20:00:00,0.1808999925851822
2017-03-06 21:00:00,0.1808999925851822
2017-03-06 22:00:00,0.1449999958276749
2017-03-06 23:00:00,0.1449999958276749
2017-03-07,0.1449999958276749
2017-03-07 01:00:00,0.10989999771118164
2017-03-07 02:00:00,0.10989999771118164
2017-03-07 03:00:00,0.10989999771118164
2017-03-07 04:00:00,0.08709999918937683
2017-03-07 05:00:00,0.08709999918937683
2017-03-07 06:00:00,0.08709999918937683
2017-03-07 07:00:00,0.08509999513626099
2017-03-07 08:00:00,0.08509999513626099
2017-03-07 09:00:00,0.08509999513626099
2017-03-07 10:00:00,0.07950001955032349
2017-03-07 11:00:00,0.07950001955032349
2017-03-07 12:00:00,0.07950001955032349
2017-03-07 13:00:00,0.09449999779462814
2017-03-07 14:00:00,0.09449999779462814
2017-03-07 15:00:00,0.09449999779462814
2017-03-07 16:00:00,0.22859999537467957
2017-03-07 17:00:00,0.22859999537467957
2017-03-07 18:00:00,0.22859999537467957
2017-03-07 19:00:00,0.3333999812602997
2017-03-07 20:00:00,0.3333999812602997
2017-03-07 21:00:00,0.3333999812602997
2017-03-07 22:00:00,0.26989999413490295
2017-03-07 23:00:00,0.26989999413490295
2017-03-08,0.26989999413490295
2017-03-08 01:00:00,0.02359999902546405
2017-03-08 02:00:00,0.02359999902546405
2017-03-08 03:00:00,0.02359999902546405
2017-03-08 04:00:00,0.00749999983236193
2017-03-08 05:00:00,0.00749999983236193
2017-03-08 06:00:00,0.00749999983236193
2017-03-08 07:00:00,0.01119999960064888
2017-03-08 08:00:00,0.01119999960064888
2017-03-08 09:00:00,0.01119999960064888
2017-03-08 10:00:00,0.04160000011324882
2017-03-08 11:00:00,0.04160000011324882
2017-03-08 12:00:00,0.04160000011324882
2017-03-08 13:00:00,0.03189999982714653
2017-03-08 14:00:00,0.03189999982714653
2017-03-08 15:00:00,0.03189999982714653
2017-03-08 16:00:00,0.203699991106987
2017-03-08 17:00:00,0.203699991106987
2017-03-08 18:00:00,0.203699991106987
2017-03-08 19:00:00,0.18079999089241028
2017-03-08 20:00:00,0.18079999089241028
2017-03-08 21:00:00,0.18079999089241028
2017-03-08 22:00:00,0.12690000236034393
2017-03-08 23:00:00,0.12690000236034393
2017-03-09,0.12690000236034393
2017-03-09 01:00:00,0.01719999872148037
2017-03-09 02:00:00,0.01719999872148037
2017-03-09 03:00:00,0.01719999872148037
2017-03-09 04:00:00,0.00309999985620379
2017-03-09 05:00:00,0.00309999985620379
2017-03-09 06:00:00,0.00309999985620379
2017-03-09 07:00:00,0.00289999996311962
2017-03-09 08:00:00,0.00289999996311962
2017-03-09 09:00:00,0.00289999996311962
2017-03-09 10:00:00,-0.00610002409666776
2017-03-09 11:00:00,-0.00610002409666776
2017-03-09 12:00:00,-0.00610002409666776
2017-03-09 13:00:00,0.03799999877810478
2017-03-09 14:00:00,0.03799999877810478
2017-03-09 15:00:00,0.03799999877810478
2017-03-09 16:00:00,0.2013999968767166
2017-03-09 17:00:00,0.2013999968767166
2017-03-09 18:00:00,0.2013999968767166
2017-03-09 19:00:00,0.13210000097751615
2017-03-09 20:00:00,0.13210000097751615
2017-03-09 21:00:00,0.13210000097751615
2017-03-09 22:00:00,0.10809999704360962
2017-03-09 23:00:00,0.10809999704360962
2017-03-10,0.10809999704360962
2017-03-10 01:00:00,0.00789999961853027
2017-03-10 02:00:00,0.00789999961853027
2017-03-10 03:00:00,0.00789999961853027
2017-03-10 04:00:00,-0.01970000006258487
2017-03-10 05:00:00,-0.01970000006258487
2017-03-10 06:00:00,-0.01970000006258487
2017-03-10 07:00:00,-0.01129999943077564
2017-03-10 08:00:00,-0.01129999943077564
2017-03-10 09:00:00,-0.01129999943077564
2017-03-10 10:00:00,-0.00399999972432851
2017-03-10 11:00:00,-0.00399999972432851
2017-03-10 12:00:00,-0.00399999972432851
2017-03-10 13:00:00,0.02359999902546405
2017-03-10 14:00:00,0.02359999902546405
2017-03-10 15:00:00,0.02359999902546405
2017-03-10 16:00:00,0.08509999513626099
2017-03-10 17:00:00,0.08509999513626099
2017-03-10 18:00:00,0.08509999513626099
2017-03-10 19:00:00,0.06929999589920044
2017-03-10 20:00:00,0.06929999589920044
2017-03-10 21:00:00,0.06929999589920044
2017-03-10 22:00:00,0.06639999896287918
2017-03-10 23:00:00,0.06639999896287918
2017-03-11,0.06639999896287918
2017-03-11 01:00:00,-0.00930000003427267
2017-03-11 02:00:00,-0.00930000003427267
2017-03-11 03:00:00,-0.00930000003427267
2017-03-11 04:00:00,-0.01960000023245811
2017-03-11 05:00:00,-0.01960000023245811
2017-03-11 06:00:00,-0.01960000023245811
2017-03-11 07:00:00,-0.01589999906718731
2017-03-11 08:00:00,-0.01589999906718731
2017-03-11 09:00:00,-0.01589999906718731
2017-03-11 10:00:00,-0.0052000000141561
2017-03-11 11:00:00,-0.0052000000141561
2017-03-11 12:00:00,-0.0052000000141561
2017-03-11 13:00:00,0.01289999950677156
2017-03-11 14:00:00,0.01289999950677156
2017-03-11 15:00:00,0.01289999950677156
2017-03-11 16:00:00,0.0754999965429306
2017-03-11 17:00:00,0.0754999965429306
2017-03-11 18:00:00,0.0754999965429306
2017-03-11 19:00:00,0.05009999871253967
2017-03-11 20:00:00,0.05009999871253967
2017-03-11 21:00:00,0.05009999871253967
2017-03-11 22:00:00,0.04800000041723251
2017-03-11 23:00:00,0.04800000041723251
2017-03-12,0.04800000041723251
2017-03-12 01:00:00,-0.02630000002682209
2017-03-12 02:00:00,-0.02630000002682209
2017-03-12 03:00:00,-0.02630000002682209
2017-03-12 04:00:00,-0.03019999898970127
2017-03-12 05:00:00,-0.03019999898970127
2017-03-12 06:00:00,-0.03019999898970127
2017-03-12 07:00:00,-0.01030000019818544
2017-03-12 08:00:00,-0.01030000019818544
2017-03-12 09:00:00,-0.01030000019818544
2017-03-12 10:00:00,0.00789999961853027
2017-03-12 11:00:00,0.00789999961853027
2017-03-12 12:00:00,0.00789999961853027
2017-03-12 13:00:00,0.03139999881386757
2017-03-12 14:00:00,0.03139999881386757
2017-03-12 15:00:00,0.03139999881386757
2017-03-12 16:00:00,0.23229999840259552
2017-03-12 17:00:00,0.23229999840259552
2017-03-12 18:00:00,0.23229999840259552
2017-03-12 19:00:00,0.20819999277591705
2017-03-12 20:00:00,0.20819999277591705
2017-03-12 21:00:00,0.20819999277591705
2017-03-12 22:00:00,0.18289999663829803
2017-03-12 23:00:00,0.18289999663829803
2017-03-13,0.18289999663829803
2017-03-13 01:00:00,-0.00139999995008111
2017-03-13 02:00:00,-0.00139999995008111
2017-03-13 03:00:00,-0.00139999995008111
2017-03-13 04:00:00,-0.02090002410113811
2017-03-13 05:00:00,-0.02090002410113811
2017-03-13 06:00:00,-0.02090002410113811
2017-03-13 07:00:00,-0.01939999870955944
2017-03-13 08:00:00,-0.01939999870955944
2017-03-13 09:00:00,-0.01939999870955944
2017-03-13 10:00:00,-0.01409999933093786
2017-03-13 11:00:00,-0.01409999933093786
2017-03-13 12:00:00,-0.01409999933093786
2017-03-13 13:00:00,0.00589999975636601
2017-03-13 14:00:00,0.00589999975636601
2017-03-13 15:00:00,0.00589999975636601
2017-03-13 16:00:00,0.17339999973773956
2017-03-13 17:00:00,0.17339999973773956
2017-03-13 18:00:00,0.17339999973773956
2017-03-13 19:00:00,0.16759999096393585
2017-03-13 20:00:00,0.16759999096393585
2017-03-13 21:00:00,0.16759999096393585
2017-03-13 22:00:00,0.1363999992609024
2017-03-13 23:00:00,0.1363999992609024
2017-03-14,0.1363999992609024
2017-03-14 01:00:00,0.01389999967068433
2017-03-14 02:00:00,0.01389999967068433
2017-03-14 03:00:00,0.01389999967068433
2017-03-14 04:00:00,0.02029999904334545
2017-03-14 05:00:00,0.02029999904334545
2017-03-14 06:00:00,0.02029999904334545
2017-03-14 07:00:00,0.02190000005066394
2017-03-14 08:00:00,0.02190000005066394
2017-03-14 09:00:00,0.02190000005066394
2017-03-14 10:00:00,0.02049999870359897
2017-03-14 11:00:00,0.02049999870359897
2017-03-14 12:00:00,0.02049999870359897
2017-03-14 13:00:00,0.05480000004172325
2017-03-14 14:00:00,0.05480000004172325
2017-03-14 15:00:00,0.05480000004172325
2017-03-14 16:00:00,0.0980999991297722
2017-03-14 17:00:00,0.0980999991297722
2017-03-14 18:00:00,0.0980999991297722
2017-03-14 19:00:00,0.07169999927282333
2017-03-14 20:00:00,0.07169999927282333
2017-03-14 21:00:00,0.07169999927282333
2017-03-14 22:00:00,0.04470000043511391
2017-03-14 23:00:00,0.04470000043511391
2017-03-15,0.04470000043511391
2017-03-15 01:00:00,0.00300000002607703
2017-03-15 02:00:00,0.00300000002607703
2017-03-15 03:00:00,0.00300000002607703
2017-03-15 04:00:00,-5.999999702908099e-4
2017-03-15 05:00:00,-5.999999702908099e-4
2017-03-15 06:00:00,-5.999999702908099e-4
2017-03-15 07:00:00,-0.00169999990612268
2017-03-15 08:00:00,-0.00169999990612268
2017-03-15 09:00:00,-0.00169999990612268
2017-03-15 10:00:00,-0.00179999996908009
2017-03-15 11:00:00,-0.00179999996908009
2017-03-15 12:00:00,-0.00179999996908009
2017-03-15 13:00:00,0.03319999948143959
2017-03-15 14:00:00,0.03319999948143959
2017-03-15 15:00:00,0.03319999948143959
2017-03-15 16:00:00,0.1378999948501587
2017-03-15 17:00:00,0.1378999948501587
2017-03-15 18:00:00,0.1378999948501587
2017-03-15 19:00:00,0.1688999980688095
2017-03-15 20:00:00,0.1688999980688095
2017-03-15 21:00:00,0.1688999980688095
2017-03-15 22:00:00,0.13040000200271606
2017-03-15 23:00:00,0.13040000200271606
2017-03-16,0.13040000200271606
2017-03-16 01:00:00,0.00789999961853027
2017-03-16 02:00:00,0.00789999961853027
2017-03-16 03:00:00,0.00789999961853027
2017-03-16 04:00:00,-0.00340002425946295
2017-03-16 05:00:00,-0.00340002425946295
2017-03-16 06:00:00,-0.00340002425946295
2017-03-16 07:00:00,0.00740000000223517
2017-03-16 08:00:00,0.00740000000223517
2017-03-16 09:00:00,0.00740000000223517
2017-03-16 10:00:00,0.00980000011622905
2017-03-16 11:00:00,0.00980000011622905
2017-03-16 12:00:00,0.00980000011622905
2017-03-16 13:00:00,0.04409999772906303
2017-03-16 14:00:00,0.04409999772906303
2017-03-16 15:00:00,0.04409999772906303
2017-03-16 16:00:00,0.08049999922513962
2017-03-16 17:00:00,0.08049999922513962
2017-03-16 18:00:00,0.08049999922513962
2017-03-16 19:00:00,0.09389999508857728
2017-03-16 20:00:00,0.09389999508857728
2017-03-16 21:00:00,0.09389999508857728
2017-03-16 22:00:00,0.1039999946951866
2017-03-16 23:00:00,0.1039999946951866
2017-03-17,0.1039999946951866
2017-03-17 01:00:00,0.0279999990016222
2017-03-17 02:00:00,0.0279999990016222
2017-03-17 03:00:00,0.0279999990016222
2017-03-17 04:00:00,0.00419999985024333
2017-03-17 05:00:00,0.00419999985024333
2017-03-17 06:00:00,0.00419999985024333
2017-03-17 07:00:00,-0.00870000012218952
2017-03-17 08:00:00,-0.00870000012218952
2017-03-17 09:00:00,-0.00870000012218952
2017-03-17 10:00:00,-0.01310000009834766
2017-03-17 11:00:00,-0.01310000009834766
2017-03-17 12:00:00,-0.01310000009834766
2017-03-17 13:00:00,0.00839999970048666
2017-03-17 14:00:00,0.00839999970048666
2017-03-17 15:00:00,0.00839999970048666
2017-03-17 16:00:00,0.04309999942779541
2017-03-17 17:00:00,0.04309999942779541
2017-03-17 18:00:00,0.04309999942779541
2017-03-17 19:00:00,0.05260000005364418
2017-03-17 20:00:00,0.05260000005364418
2017-03-17 21:00:00,0.05260000005364418
2017-03-17 22:00:00,0.03739999979734421
2017-03-17 23:00:00,0.03739999979734421
2017-03-18,0.03739999979734421
2017-03-18 01:00:00,0.0101999994367361
2017-03-18 02:00:00,0.0101999994367361
2017-03-18 03:00:00,0.0101999994367361
2017-03-18 04:00:00,0.00239999988116323
2017-03-18 05:00:00,0.00239999988116323
2017-03-18 06:00:00,0.00239999988116323
2017-03-18 07:00:00,0.00689999992027878
2017-03-18 08:00:00,0.00689999992027878
2017-03-18 09:00:00,0.00689999992027878
2017-03-18 10:00:00,0.01719999872148037
2017-03-18 11:00:00,0.01719999872148037
2017-03-18 12:00:00,0.01719999872148037
2017-03-18 13:00:00,0.03469999879598617
2017-03-18 14:00:00,0.03469999879598617
2017-03-18 15:00:00,0.03469999879598617
2017-03-18 16:00:00,0.3319999873638153
2017-03-18 17:00:00,0.3319999873638153
2017-03-18 18:00:00,0.3319999873638153
2017-03-18 19:00:00,0.47209998965263367
2017-03-18 20:00:00,0.47209998965263367
2017-03-18 21:00:00,0.47209998965263367
2017-03-18 22:00:00,0.2979999780654907
2017-03-18 23:00:00,0.2979999780654907
2017-03-19,0.2979999780654907
2017-03-19 01:00:00,-0.00859999936074018
2017-03-19 02:00:00,-0.00859999936074018
2017-03-19 03:00:00,-0.00859999936074018
2017-03-19 04:00:00,-0.02400002442300319
2017-03-19 05:00:00,-0.02400002442300319
2017-03-19 06:00:00,-0.02400002442300319
2017-03-19 07:00:00,-0.00740002421662211
2017-03-19 08:00:00,-0.00740002421662211
2017-03-19 09:00:00,-0.00740002421662211
2017-03-19 10:00:00,0.00559999980032444
2017-03-19 11:00:00,0.00559999980032444
2017-03-19 12:00:00,0.00559999980032444
2017-03-19 13:00:00,0.03260000050067901
2017-03-19 14:00:00,0.03260000050067901
2017-03-19 15:00:00,0.03260000050067901
2017-03-19 16:00:00,0.06369999796152115
2017-03-19 17:00:00,0.06369999796152115
2017-03-19 18:00:00,0.06369999796152115
2017-03-19 19:00:00,0.08819999545812607
2017-03-19 20:00:00,0.08819999545812607
2017-03-19 21:00:00,0.08819999545812607
2017-03-19 22:00:00,0.08579999953508377
2017-03-19 23:00:00,0.08579999953508377
2017-03-20,0.08579999953508377
2017-03-20 01:00:00,0.01310000009834766
2017-03-20 02:00:00,0.01310000009834766
2017-03-20 03:00:00,0.01310000009834766
2017-03-20 04:00:00,-0.00499999988824129
2017-03-20 05:00:00,-0.00499999988824129
2017-03-20 06:00:00,-0.00499999988824129
2017-03-20 07:00:00,0.00469999993219971
2017-03-20 08:00:00,0.00469999993219971
2017-03-20 09:00:00,0.00469999993219971
2017-03-20 10:00:00,0.00579999992623925
2017-03-20 11:00:00,0.00579999992623925
2017-03-20 12:00:00,0.00579999992623925
2017-03-20 13:00:00,0.0255999993532896
2017-03-20 14:00:00,0.0255999993532896
2017-03-20 15:00:00,0.0255999993532896
2017-03-20 16:00:00,0.04969999939203262
2017-03-20 17:00:00,0.04969999939203262
2017-03-20 18:00:00,0.04969999939203262
2017-03-20 19:00:00,0.05489999800920486
2017-03-20 20:00:00,0.05489999800920486
2017-03-20 21:00:00,0.05489999800920486
2017-03-20 22:00:00,0.05649999901652336
2017-03-20 23:00:00,0.05649999901652336
2017-03-21,0.05649999901652336
2017-03-21 01:00:00,-0.00169999990612268
2017-03-21 02:00:00,-0.00169999990612268
2017-03-21 03:00:00,-0.00169999990612268
2017-03-21 04:00:00,-0.01740000024437904
2017-03-21 05:00:00,-0.01740000024437904
2017-03-21 06:00:00,-0.01740000024437904
2017-03-21 07:00:00,-0.01899999938905239
2017-03-21 08:00:00,-0.01899999938905239
2017-03-21 09:00:00,-0.01899999938905239
2017-03-21 10:00:00,-0.01689999923110008
2017-03-21 11:00:00,-0.01689999923110008
2017-03-21 12:00:00,-0.01689999923110008
2017-03-21 13:00:00,0.00269999983720481
2017-03-21 14:00:00,0.00269999983720481
2017-03-21 15:00:00,0.00269999983720481
2017-03-21 16:00:00,0.04739997535943985
2017-03-21 17:00:00,0.04739997535943985
2017-03-21 18:00:00,0.04739997535943985
2017-03-21 19:00:00,0.05089999735355377
2017-03-21 20:00:00,0.05089999735355377
2017-03-21 21:00:00,0.05089999735355377
2017-03-21 22:00:00,0.03879999741911888
2017-03-21 23:00:00,0.03879999741911888
2017-03-22,0.03879999741911888
2017-03-22 01:00:00,-0.01090000011026859
2017-03-22 02:00:00,-0.01090000011026859
2017-03-22 03:00:00,-0.01090000011026859
2017-03-22 04:00:00,-0.02239999920129776
2017-03-22 05:00:00,-0.02239999920129776
2017-03-22 06:00:00,-0.02239999920129776
2017-03-22 07:00:00,-0.01090000011026859
2017-03-22 08:00:00,-0.01090000011026859
2017-03-22 09:00:00,-0.01090000011026859
2017-03-22 10:00:00,-0.00479999976232647
2017-03-22 11:00:00,-0.00479999976232647
2017-03-22 12:00:00,-0.00479999976232647
2017-03-22 13:00:00,0.01699999906122684
2017-03-22 14:00:00,0.01699999906122684
2017-03-22 15:00:00,0.01699999906122684
2017-03-22 16:00:00,0.0559999980032444
2017-03-22 17:00:00,0.0559999980032444
2017-03-22 18:00:00,0.0559999980032444
2017-03-22 19:00:00,0.05939999967813492
2017-03-22 20:00:00,0.05939999967813492
2017-03-22 21:00:00,0.05939999967813492
2017-03-22 22:00:00,0.05310002341866493
2017-03-22 23:00:00,0.05310002341866493
2017-03-23,0.05310002341866493
2017-03-23 01:00:00,-0.00439999997615814
2017-03-23 02:00:00,-0.00439999997615814
2017-03-23 03:00:00,-0.00439999997615814
2017-03-23 04:00:00,0.01109999977052211
2017-03-23 05:00:00,0.01109999977052211
2017-03-23 06:00:00,0.01109999977052211
2017-03-23 07:00:00,0.06529999524354935
2017-03-23 08:00:00,0.06529999524354935
2017-03-23 09:00:00,0.06529999524354935
2017-03-23 10:00:00,0.01319999992847442
2017-03-23 11:00:00,0.01319999992847442
2017-03-23 12:00:00,0.01319999992847442
2017-03-23 13:00:00,0.03869999945163727
2017-03-23 14:00:00,0.03869999945163727
2017-03-23 15:00:00,0.03869999945163727
2017-03-23 16:00:00,0.08989999443292618
2017-03-23 17:00:00,0.08989999443292618
2017-03-23 18:00:00,0.08989999443292618
2017-03-23 19:00:00,0.09399999678134918
2017-03-23 20:00:00,0.09399999678134918
2017-03-23 21:00:00,0.09399999678134918
2017-03-23 22:00:00,0.08399999886751175
2017-03-23 23:00:00,0.08399999886751175
2017-03-24,0.08399999886751175
2017-03-24 01:00:00,0.02969999983906746
2017-03-24 02:00:00,0.02969999983906746
2017-03-24 03:00:00,0.02969999983906746
2017-03-24 04:00:00,0.04809999838471413
2017-03-24 05:00:00,0.04809999838471413
2017-03-24 06:00:00,0.04809999838471413
2017-03-24 07:00:00,-0.00630000000819563
2017-03-24 08:00:00,-0.00630000000819563
2017-03-24 09:00:00,-0.00630000000819563
2017-03-24 10:00:00,0.01010002382099628
2017-03-24 11:00:00,0.01010002382099628
2017-03-24 12:00:00,0.01010002382099628
2017-03-24 13:00:00,0.02929999865591526
2017-03-24 14:00:00,0.02929999865591526
2017-03-24 15:00:00,0.02929999865591526
2017-03-24 16:00:00,0.1533000022172928
2017-03-24 17:00:00,0.1533000022172928
2017-03-24 18:00:00,0.1533000022172928
2017-03-24 19:00:00,0.1297999918460846
2017-03-24 20:00:00,0.1297999918460846
2017-03-24 21:00:00,0.1297999918460846
2017-03-24 22:00:00,0.10239999741315842
2017-03-24 23:00:00,0.10239999741315842
2017-03-25,0.10239999741315842
2017-03-25 01:00:00,-0.0182999987155199
2017-03-25 02:00:00,-0.0182999987155199
2017-03-25 03:00:00,-0.0182999987155199
2017-03-25 04:00:00,-0.03109999932348728
2017-03-25 05:00:00,-0.03109999932348728
2017-03-25 06:00:00,-0.03109999932348728
2017-03-25 07:00:00,-0.02279999852180481
2017-03-25 08:00:00,-0.02279999852180481
2017-03-25 09:00:00,-0.02279999852180481
2017-03-25 10:00:00,-0.00829999987035989
2017-03-25 11:00:00,-0.00829999987035989
2017-03-25 12:00:00,-0.00829999987035989
2017-03-25 13:00:00,0.01599999889731407
2017-03-25 14:00:00,0.01599999889731407
2017-03-25 15:00:00,0.01599999889731407
2017-03-25 16:00:00,0.04969999939203262
2017-03-25 17:00:00,0.04969999939203262
2017-03-25 18:00:00,0.04969999939203262
2017-03-25 19:00:00,0.09549999982118608
2017-03-25 20:00:00,0.09549999982118608
2017-03-25 21:00:00,0.09549999982118608
2017-03-25 22:00:00,0.07660000026226044
2017-03-25 23:00:00,0.07660000026226044
2017-03-26,0.07660000026226044
2017-03-26 01:00:00,0.02989999949932098
2017-03-26 02:00:00,0.02989999949932098
2017-03-26 03:00:00,0.02989999949932098
2017-03-26 04:00:00,0.01499999966472387
2017-03-26 05:00:00,0.01499999966472387
2017-03-26 06:00:00,0.01499999966472387
2017-03-26 07:00:00,0.02369999885559082
2017-03-26 08:00:00,0.02369999885559082
2017-03-26 09:00:00,0.02369999885559082
2017-03-26 10:00:00,0.00349999987520277
2017-03-26 11:00:00,0.00349999987520277
2017-03-26 12:00:00,0.00349999987520277
2017-03-26 13:00:00,0.02279999852180481
2017-03-26 14:00:00,0.02279999852180481
2017-03-26 15:00:00,0.02279999852180481
2017-03-26 16:00:00,0.0794999971985817
2017-03-26 17:00:00,0.0794999971985817
2017-03-26 18:00:00,0.0794999971985817
2017-03-26 19:00:00,0.05859999731183052
2017-03-26 20:00:00,0.05859999731183052
2017-03-26 21:00:00,0.05859999731183052
2017-03-26 22:00:00,0.04919999837875366
2017-03-26 23:00:00,0.04919999837875366
2017-03-27,0.04919999837875366
2017-03-27 01:00:00,-0.02180000022053718
2017-03-27 02:00:00,-0.02180000022053718
2017-03-27 03:00:00,-0.02180000022053718
2017-03-27 04:00:00,-0.03549999743700027
2017-03-27 05:00:00,-0.03549999743700027
2017-03-27 06:00:00,-0.03549999743700027
2017-03-27 07:00:00,-0.03299999982118606
2017-03-27 08:00:00,-0.03299999982118606
2017-03-27 09:00:00,-0.03299999982118606
2017-03-27 10:00:00,-0.02029999904334545
2017-03-27 11:00:00,-0.02029999904334545
2017-03-27 12:00:00,-0.02029999904334545
2017-03-27 13:00:00,0.01069999951869249
2017-03-27 14:00:00,0.01069999951869249
2017-03-27 15:00:00,0.01069999951869249
2017-03-27 16:00:00,0.09759999811649324
2017-03-27 17:00:00,0.09759999811649324
2017-03-27 18:00:00,0.09759999811649324
2017-03-27 19:00:00,0.05389999970793724
2017-03-27 20:00:00,0.05389999970793724
2017-03-27 21:00:00,0.05389999970793724
2017-03-27 22:00:00,0.04399999976158142
2017-03-27 23:00:00,0.04399999976158142
2017-03-28,0.04399999976158142
2017-03-28 01:00:00,-0.00209999992512166
2017-03-28 02:00:00,-0.00209999992512166
2017-03-28 03:00:00,-0.00209999992512166
2017-03-28 04:00:00,-0.01539999991655349
2017-03-28 05:00:00,-0.01539999991655349
2017-03-28 06:00:00,-0.01539999991655349
2017-03-28 07:00:00,-0.01840000040829181
2017-03-28 08:00:00,-0.01840000040829181
2017-03-28 09:00:00,-0.01840000040829181
2017-03-28 10:00:00,-0.00969999935477972
2017-03-28 11:00:00,-0.00969999935477972
2017-03-28 12:00:00,-0.00969999935477972
2017-03-28 13:00:00,0.00679999962449073
2017-03-28 14:00:00,0.00679999962449073
2017-03-28 15:00:00,0.00679999962449073
2017-03-28 16:00:00,0.04889999702572822
2017-03-28 17:00:00,0.04889999702572822
2017-03-28 18:00:00,0.04889999702572822
2017-03-28 19:00:00,0.04729999974370003
2017-03-28 20:00:00,0.04729999974370003
2017-03-28 21:00:00,0.04729999974370003
2017-03-28 22:00:00,0.06879999488592148
2017-03-28 23:00:00,0.06879999488592148
2017-03-29,0.06879999488592148
2017-03-29 01:00:00,0.01139997504651546
2017-03-29 02:00:00,0.01139997504651546
2017-03-29 03:00:00,0.01139997504651546
2017-03-29 04:00:00,-0.00719999987632036
2017-03-29 05:00:00,-0.00719999987632036
2017-03-29 06:00:00,-0.00719999987632036
2017-03-29 07:00:00,-0.00799999944865703
2017-03-29 08:00:00,-0.00799999944865703
2017-03-29 09:00:00,-0.00799999944865703
2017-03-29 10:00:00,-0.01219999976456165
2017-03-29 11:00:00,-0.01219999976456165
2017-03-29 12:00:00,-0.01219999976456165
2017-03-29 13:00:00,0.00870000012218952
2017-03-29 14:00:00,0.00870000012218952
2017-03-29 15:00:00,0.00870000012218952
2017-03-29 16:00:00,0.13009999692440033
2017-03-29 17:00:00,0.13009999692440033
2017-03-29 18:00:00,0.13009999692440033
2017-03-29 19:00:00,0.11159999668598176
2017-03-29 20:00:00,0.11159999668598176
2017-03-29 21:00:00,0.11159999668598176
2017-03-29 22:00:00,0.10189999639987946
2017-03-29 23:00:00,0.10189999639987946
2017-03-30,0.10189999639987946
2017-03-30 01:00:00,-0.01319999992847442
2017-03-30 02:00:00,-0.01319999992847442
2017-03-30 03:00:00,-0.01319999992847442
2017-03-30 04:00:00,-0.02630000002682209
2017-03-30 05:00:00,-0.02630000002682209
2017-03-30 06:00:00,-0.02630000002682209
2017-03-30 07:00:00,-0.01740000024437904
2017-03-30 08:00:00,-0.01740000024437904
2017-03-30 09:00:00,-0.01740000024437904
2017-03-30 10:00:00,-0.0175000000745058
2017-03-30 11:00:00,-0.0175000000745058
2017-03-30 12:00:00,-0.0175000000745058
2017-03-30 13:00:00,0.01909999921917915
2017-03-30 14:00:00,0.01909999921917915
2017-03-30 15:00:00,0.01909999921917915
2017-03-30 16:00:00,0.05460000038146973
2017-03-30 17:00:00,0.05460000038146973
2017-03-30 18:00:00,0.05460000038146973
2017-03-30 19:00:00,0.06199999898672104
2017-03-30 20:00:00,0.06199999898672104
2017-03-30 21:00:00,0.06199999898672104
2017-03-30 22:00:00,0.04899999871850014
2017-03-30 23:00:00,0.04899999871850014
2017-03-31,0.04899999871850014
2017-03-31 01:00:00,0.00999999977648258
2017-03-31 02:00:00,0.00999999977648258
2017-03-31 03:00:00,0.00999999977648258
2017-03-31 04:00:00,0.02589999884366989
2017-03-31 05:00:00,0.02589999884366989
2017-03-31 06:00:00,0.02589999884366989
2017-03-31 07:00:00,0.01579999923706054
2017-03-31 08:00:00,0.01579999923706054
2017-03-31 09:00:00,0.01579999923706054
2017-03-31 10:00:00,0.02899999916553497
2017-03-31 11:00:00,0.02899999916553497
2017-03-31 12:00:00,0.02899999916553497
2017-03-31 13:00:00,0.01150000002235174
2017-03-31 14:00:00,0.01150000002235174
2017-03-31 15:00:00,0.01150000002235174
2017-03-31 16:00:00,0.0543999969959259
2017-03-31 17:00:00,0.0543999969959259
2017-03-31 18:00:00,0.0543999969959259
2017-03-31 19:00:00,0.06319999694824219
2017-03-31 20:00:00,0.06319999694824219
2017-03-31 21:00:00,0.06319999694824219
2017-03-31 22:00:00,0.08659999817609787
2017-03-31 23:00:00,0.08659999817609787
2017-04-01,0.08659999817609787
2017-04-01 01:00:00,2.9999998514540493e-4
2017-04-01 02:00:00,2.9999998514540493e-4
2017-04-01 03:00:00,2.9999998514540493e-4
2017-04-01 04:00:00,-0.02339999936521053
2017-04-01 05:00:00,-0.02339999936521053
2017-04-01 06:00:00,-0.02339999936521053
2017-04-01 07:00:00,-0.01349999941885471
2017-04-01 08:00:00,-0.01349999941885471
2017-04-01 09:00:00,-0.01349999941885471
2017-04-01 10:00:00,-0.01209999993443489
2017-04-01 11:00:00,-0.01209999993443489
2017-04-01 12:00:00,-0.01209999993443489
2017-04-01 13:00:00,0.01260000001639127
2017-04-01 14:00:00,0.01260000001639127
2017-04-01 15:00:00,0.01260000001639127
2017-04-01 16:00:00,0.10700000077486038
2017-04-01 17:00:00,0.10700000077486038
2017-04-01 18:00:00,0.10700000077486038
2017-04-01 19:00:00,0.07880000025033951
2017-04-01 20:00:00,0.07880000025033951
2017-04-01 21:00:00,0.07880000025033951
2017-04-01 22:00:00,0.07689999788999557
2017-04-01 23:00:00,0.07689999788999557
2017-04-02,0.07689999788999557
2017-04-02 01:00:00,-0.00799999944865703
2017-04-02 02:00:00,-0.00799999944865703
2017-04-02 03:00:00,-0.00799999944865703
2017-04-02 04:00:00,-0.02709999866783619
2017-04-02 05:00:00,-0.02709999866783619
2017-04-02 06:00:00,-0.02709999866783619
2017-04-02 07:00:00,-0.02620000019669532
2017-04-02 08:00:00,-0.02620000019669532
2017-04-02 09:00:00,-0.02620000019669532
2017-04-02 10:00:00,-0.02169999852776527
2017-04-02 11:00:00,-0.02169999852776527
2017-04-02 12:00:00,-0.02169999852776527
2017-04-02 13:00:00,0.02549999952316284
2017-04-02 14:00:00,0.02549999952316284
2017-04-02 15:00:00,0.02549999952316284
2017-04-02 16:00:00,0.1071999967098236
2017-04-02 17:00:00,0.1071999967098236
2017-04-02 18:00:00,0.1071999967098236
2017-04-02 19:00:00,0.1394999921321869
2017-04-02 20:00:00,0.1394999921321869
2017-04-02 21:00:00,0.1394999921321869
2017-04-02 22:00:00,0.11889999359846117
2017-04-02 23:00:00,0.11889999359846117
2017-04-03,0.11889999359846117
2017-04-03 01:00:00,0.00279999990016222
2017-04-03 02:00:00,0.00279999990016222
2017-04-03 03:00:00,0.00279999990016222
2017-04-03 04:00:00,0.00189999991562217
2017-04-03 05:00:00,0.00189999991562217
2017-04-03 06:00:00,0.00189999991562217
2017-04-03 07:00:00,-0.00279999990016222
2017-04-03 08:00:00,-0.00279999990016222
2017-04-03 09:00:00,-0.00279999990016222
2017-04-03 10:00:00,-0.00859999936074018
2017-04-03 11:00:00,-0.00859999936074018
2017-04-03 12:00:00,-0.00859999936074018
2017-04-03 13:00:00,0.02579999901354313
2017-04-03 14:00:00,0.02579999901354313
2017-04-03 15:00:00,0.02579999901354313
2017-04-03 16:00:00,0.17459999024868011
2017-04-03 17:00:00,0.17459999024868011
2017-04-03 18:00:00,0.17459999024868011
2017-04-03 19:00:00,0.2034000009298325
2017-04-03 20:00:00,0.2034000009298325
2017-04-03 21:00:00,0.2034000009298325
2017-04-03 22:00:00,0.1815000027418137
2017-04-03 23:00:00,0.1815000027418137
2017-04-04,0.1815000027418137
2017-04-04 01:00:00,1.9999999494757503e-4
2017-04-04 02:00:00,1.9999999494757503e-4
2017-04-04 03:00:00,1.9999999494757503e-4
2017-04-04 04:00:00,-0.01229999959468841
2017-04-04 05:00:00,-0.01229999959468841
2017-04-04 06:00:00,-0.01229999959468841
2017-04-04 07:00:00,-0.00429999968037009
2017-04-04 08:00:00,-0.00429999968037009
2017-04-04 09:00:00,-0.00429999968037009
2017-04-04 10:00:00,-0.00359999993816018
2017-04-04 11:00:00,-0.00359999993816018
2017-04-04 12:00:00,-0.00359999993816018
2017-04-04 13:00:00,0.02979999966919422
2017-04-04 14:00:00,0.02979999966919422
2017-04-04 15:00:00,0.02979999966919422
2017-04-04 16:00:00,0.11939999461174013
2017-04-04 17:00:00,0.11939999461174013
2017-04-04 18:00:00,0.11939999461174013
2017-04-04 19:00:00,0.1371999979019165
2017-04-04 20:00:00,0.1371999979019165
2017-04-04 21:00:00,0.1371999979019165
2017-04-04 22:00:00,0.11849997192621232
2017-04-04 23:00:00,0.11849997192621232
2017-04-05,0.11849997192621232
2017-04-05 01:00:00,0.01200000010430812
2017-04-05 02:00:00,0.01200000010430812
2017-04-05 03:00:00,0.01200000010430812
2017-04-05 04:00:00,-0.00289999996311962
2017-04-05 05:00:00,-0.00289999996311962
2017-04-05 06:00:00,-0.00289999996311962
2017-04-05 07:00:00,-0.01470002438873052
2017-04-05 08:00:00,-0.01470002438873052
2017-04-05 09:00:00,-0.01470002438873052
2017-04-05 10:00:00,-0.02469999901950359
2017-04-05 11:00:00,-0.02469999901950359
2017-04-05 12:00:00,-0.02469999901950359
2017-04-05 13:00:00,0.02259999886155128
2017-04-05 14:00:00,0.02259999886155128
2017-04-05 15:00:00,0.02259999886155128
2017-04-05 16:00:00,0.19589999318122864
2017-04-05 17:00:00,0.19589999318122864
2017-04-05 18:00:00,0.19589999318122864
2017-04-05 19:00:00,0.19739998877048492
2017-04-05 20:00:00,0.19739998877048492
2017-04-05 21:00:00,0.19739998877048492
2017-04-05 22:00:00,0.1613999903202057
2017-04-05 23:00:00,0.1613999903202057
2017-04-06,0.1613999903202057
2017-04-06 01:00:00,0.01620000042021274
2017-04-06 02:00:00,0.01620000042021274
2017-04-06 03:00:00,0.01620000042021274
2017-04-06 04:00:00,-0.01069999951869249
2017-04-06 05:00:00,-0.01069999951869249
2017-04-06 06:00:00,-0.01069999951869249
2017-04-06 07:00:00,-0.00999999977648258
2017-04-06 08:00:00,-0.00999999977648258
2017-04-06 09:00:00,-0.00999999977648258
2017-04-06 10:00:00,-0.01109999977052211
2017-04-06 11:00:00,-0.01109999977052211
2017-04-06 12:00:00,-0.01109999977052211
2017-04-06 13:00:00,0.03219999745488167
2017-04-06 14:00:00,0.03219999745488167
2017-04-06 15:00:00,0.03219999745488167
2017-04-06 16:00:00,0.09290000051259996
2017-04-06 17:00:00,0.09290000051259996
2017-04-06 18:00:00,0.09290000051259996
2017-04-06 19:00:00,0.06319999694824219
2017-04-06 20:00:00,0.06319999694824219
2017-04-06 21:00:00,0.06319999694824219
2017-04-06 22:00:00,0.04030000045895576
2017-04-06 23:00:00,0.04030000045895576
2017-04-07,0.04030000045895576
2017-04-07 01:00:00,-0.00749999983236193
2017-04-07 02:00:00,-0.00749999983236193
2017-04-07 03:00:00,-0.00749999983236193
2017-04-07 04:00:00,-0.02489999867975711
2017-04-07 05:00:00,-0.02489999867975711
2017-04-07 06:00:00,-0.02489999867975711
2017-04-07 07:00:00,-0.00989999994635582
2017-04-07 08:00:00,-0.00989999994635582
2017-04-07 09:00:00,-0.00989999994635582
2017-04-07 10:00:00,-1.9999999494757503e-4
2017-04-07 11:00:00,-1.9999999494757503e-4
2017-04-07 12:00:00,-1.9999999494757503e-4
2017-04-07 13:00:00,0.03709997609257698
2017-04-07 14:00:00,0.03709997609257698
2017-04-07 15:00:00,0.03709997609257698
2017-04-07 16:00:00,0.06870000064373016
2017-04-07 17:00:00,0.06870000064373016
2017-04-07 18:00:00,0.06870000064373016
2017-04-07 19:00:00,0.07770001888275146
2017-04-07 20:00:00,0.07770001888275146
2017-04-07 21:00:00,0.07770001888275146
2017-04-07 22:00:00,0.08179999887943268
2017-04-07 23:00:00,0.08179999887943268
2017-04-08,0.08179999887943268
2017-04-08 01:00:00,0.0358000248670578
2017-04-08 02:00:00,0.0358000248670578
2017-04-08 03:00:00,0.0358000248670578
2017-04-08 04:00:00,0.02149999886751175
2017-04-08 05:00:00,0.02149999886751175
2017-04-08 06:00:00,0.02149999886751175
2017-04-08 07:00:00,0.01039997488260269
2017-04-08 08:00:00,0.01039997488260269
2017-04-08 09:00:00,0.01039997488260269
2017-04-08 10:00:00,0.01840000040829181
2017-04-08 11:00:00,0.01840000040829181
2017-04-08 12:00:00,0.01840000040829181
2017-04-08 13:00:00,0.05309999734163284
2017-04-08 14:00:00,0.05309999734163284
2017-04-08 15:00:00,0.05309999734163284
2017-04-08 16:00:00,0.08419999480247498
2017-04-08 17:00:00,0.08419999480247498
2017-04-08 18:00:00,0.08419999480247498
2017-04-08 19:00:00,0.08949999511241913
2017-04-08 20:00:00,0.08949999511241913
2017-04-08 21:00:00,0.08949999511241913
2017-04-08 22:00:00,0.09889999777078629
2017-04-08 23:00:00,0.09889999777078629
2017-04-09,0.09889999777078629
2017-04-09 01:00:00,0.02769999951124191
2017-04-09 02:00:00,0.02769999951124191
2017-04-09 03:00:00,0.02769999951124191
2017-04-09 04:00:00,0.01519999932497739
2017-04-09 05:00:00,0.01519999932497739
2017-04-09 06:00:00,0.01519999932497739
2017-04-09 07:00:00,0.03059999831020832
2017-04-09 08:00:00,0.03059999831020832
2017-04-09 09:00:00,0.03059999831020832
2017-04-09 10:00:00,-0.00839999970048666
2017-04-09 11:00:00,-0.00839999970048666
2017-04-09 12:00:00,-0.00839999970048666
2017-04-09 13:00:00,0.05069999769330025
2017-04-09 14:00:00,0.05069999769330025
2017-04-09 15:00:00,0.05069999769330025
2017-04-09 16:00:00,0.1995999962091446
2017-04-09 17:00:00,0.1995999962091446
2017-04-09 18:00:00,0.1995999962091446
2017-04-09 19:00:00,0.2491999864578247
2017-04-09 20:00:00,0.2491999864578247
2017-04-09 21:00:00,0.2491999864578247
2017-04-09 22:00:00,0.2393999993801117
2017-04-09 23:00:00,0.2393999993801117
2017-04-10,0.2393999993801117
2017-04-10 01:00:00,0.1403999924659729
2017-04-10 02:00:00,0.1403999924659729
2017-04-10 03:00:00,0.1403999924659729
2017-04-10 04:00:00,0.09950000047683716
2017-04-10 05:00:00,0.09950000047683716
2017-04-10 06:00:00,0.09950000047683716
2017-04-10 07:00:00,0.08559999614953995
2017-04-10 08:00:00,0.08559999614953995
2017-04-10 09:00:00,0.08559999614953995
2017-04-10 10:00:00,0.05309999734163284
2017-04-10 11:00:00,0.05309999734163284
2017-04-10 12:00:00,0.05309999734163284
2017-04-10 13:00:00,0.12479999661445618
2017-04-10 14:00:00,0.12479999661445618
2017-04-10 15:00:00,0.12479999661445618
2017-04-10 16:00:00,0.34219998121261597
2017-04-10 17:00:00,0.34219998121261597
2017-04-10 18:00:00,0.34219998121261597
2017-04-10 19:00:00,0.4009999930858612
2017-04-10 20:00:00,0.4009999930858612
2017-04-10 21:00:00,0.4009999930858612
2017-04-10 22:00:00,0.32179999351501465
2017-04-10 23:00:00,0.32179999351501465
2017-04-11,0.32179999351501465
2017-04-11 01:00:00,0.00559999980032444
2017-04-11 02:00:00,0.00559999980032444
2017-04-11 03:00:00,0.00559999980032444
2017-04-11 04:00:00,-0.01640000008046627
2017-04-11 05:00:00,-0.01640000008046627
2017-04-11 06:00:00,-0.01640000008046627
2017-04-11 07:00:00,-0.01049999985843896
2017-04-11 08:00:00,-0.01049999985843896
2017-04-11 09:00:00,-0.01049999985843896
2017-04-11 10:00:00,-7.999999797903001e-4
2017-04-11 11:00:00,-7.999999797903001e-4
2017-04-11 12:00:00,-7.999999797903001e-4
2017-04-11 13:00:00,0.04529999941587448
2017-04-11 14:00:00,0.04529999941587448
2017-04-11 15:00:00,0.04529999941587448
2017-04-11 16:00:00,0.09109999984502792
2017-04-11 17:00:00,0.09109999984502792
2017-04-11 18:00:00,0.09109999984502792
2017-04-11 19:00:00,0.1348000019788742
2017-04-11 20:00:00,0.1348000019788742
2017-04-11 21:00:00,0.1348000019788742
2017-04-11 22:00:00,0.120899997651577
2017-04-11 23:00:00,0.120899997651577
2017-04-12,0.120899997651577
2017-04-12 01:00:00,0.02630000002682209
2017-04-12 02:00:00,0.02630000002682209
2017-04-12 03:00:00,0.02630000002682209
2017-04-12 04:00:00,-0.00789999961853027
2017-04-12 05:00:00,-0.00789999961853027
2017-04-12 06:00:00,-0.00789999961853027
2017-04-12 07:00:00,-0.01309997495263815
2017-04-12 08:00:00,-0.01309997495263815
2017-04-12 09:00:00,-0.01309997495263815
2017-04-12 10:00:00,-0.00100002437829971
2017-04-12 11:00:00,-0.00100002437829971
2017-04-12 12:00:00,-0.00100002437829971
2017-04-12 13:00:00,0.03109999932348728
2017-04-12 14:00:00,0.03109999932348728
2017-04-12 15:00:00,0.03109999932348728
2017-04-12 16:00:00,0.04889999702572822
2017-04-12 17:00:00,0.04889999702572822
2017-04-12 18:00:00,0.04889999702572822
2017-04-12 19:00:00,0.06870000064373016
2017-04-12 20:00:00,0.06870000064373016
2017-04-12 21:00:00,0.06870000064373016
2017-04-12 22:00:00,0.0729999989271164
2017-04-12 23:00:00,0.0729999989271164
2017-04-13,0.0729999989271164
2017-04-13 01:00:00,0.01200000010430812
2017-04-13 02:00:00,0.01200000010430812
2017-04-13 03:00:00,0.01200000010430812
2017-04-13 04:00:00,-0.00260000000707805
2017-04-13 05:00:00,-0.00260000000707805
2017-04-13 06:00:00,-0.00260000000707805
2017-04-13 07:00:00,-0.00769999995827674
2017-04-13 08:00:00,-0.00769999995827674
2017-04-13 09:00:00,-0.00769999995827674
2017-04-13 10:00:00,-0.01409999933093786
2017-04-13 11:00:00,-0.01409999933093786
2017-04-13 12:00:00,-0.01409999933093786
2017-04-13 13:00:00,0.03799999877810478
2017-04-13 14:00:00,0.03799999877810478
2017-04-13 15:00:00,0.03799999877810478
2017-04-13 16:00:00,0.06069999933242798
2017-04-13 17:00:00,0.06069999933242798
2017-04-13 18:00:00,0.06069999933242798
2017-04-13 19:00:00,0.08259999752044678
2017-04-13 20:00:00,0.08259999752044678
2017-04-13 21:00:00,0.08259999752044678
2017-04-13 22:00:00,0.08320000022649765
2017-04-13 23:00:00,0.08320000022649765
2017-04-14,0.08320000022649765
2017-04-14 01:00:00,0.03189999982714653
2017-04-14 02:00:00,0.03189999982714653
2017-04-14 03:00:00,0.03189999982714653
2017-04-14 04:00:00,5.999999702908099e-4
2017-04-14 05:00:00,5.999999702908099e-4
2017-04-14 06:00:00,5.999999702908099e-4
2017-04-14 07:00:00,0.02039999887347221
2017-04-14 08:00:00,0.02039999887347221
2017-04-14 09:00:00,0.02039999887347221
2017-04-14 10:00:00,0.01079999934881925
2017-04-14 11:00:00,0.01079999934881925
2017-04-14 12:00:00,0.01079999934881925
2017-04-14 13:00:00,0.03810000047087669
2017-04-14 14:00:00,0.03810000047087669
2017-04-14 15:00:00,0.03810000047087669
2017-04-14 16:00:00,0.05539999902248382
2017-04-14 17:00:00,0.05539999902248382
2017-04-14 18:00:00,0.05539999902248382
2017-04-14 19:00:00,0.08899999409914017
2017-04-14 20:00:00,0.08899999409914017
2017-04-14 21:00:00,0.08899999409914017
2017-04-14 22:00:00,0.0731000006198883
2017-04-14 23:00:00,0.0731000006198883
2017-04-15,0.0731000006198883
2017-04-15 01:00:00,-1.000244083115831e-4
2017-04-15 02:00:00,-1.000244083115831e-4
2017-04-15 03:00:00,-1.000244083115831e-4
2017-04-15 04:00:00,-0.02349999919533729
2017-04-15 05:00:00,-0.02349999919533729
2017-04-15 06:00:00,-0.02349999919533729
2017-04-15 07:00:00,-0.02889999933540821
2017-04-15 08:00:00,-0.02889999933540821
2017-04-15 09:00:00,-0.02889999933540821
2017-04-15 10:00:00,-0.03049999848008155
2017-04-15 11:00:00,-0.03049999848008155
2017-04-15 12:00:00,-0.03049999848008155
2017-04-15 13:00:00,0.02049999870359897
2017-04-15 14:00:00,0.02049999870359897
2017-04-15 15:00:00,0.02049999870359897
2017-04-15 16:00:00,0.06439999490976334
2017-04-15 17:00:00,0.06439999490976334
2017-04-15 18:00:00,0.06439999490976334
2017-04-15 19:00:00,0.08879999816417694
2017-04-15 20:00:00,0.08879999816417694
2017-04-15 21:00:00,0.08879999816417694
2017-04-15 22:00:00,0.08449997007846832
2017-04-15 23:00:00,0.08449997007846832
2017-04-16,0.08449997007846832
2017-04-16 01:00:00,-0.00260000000707805
2017-04-16 02:00:00,-0.00260000000707805
2017-04-16 03:00:00,-0.00260000000707805
2017-04-16 04:00:00,-0.02779999934136867
2017-04-16 05:00:00,-0.02779999934136867
2017-04-16 06:00:00,-0.02779999934136867
2017-04-16 07:00:00,-0.02659999951720237
2017-04-16 08:00:00,-0.02659999951720237
2017-04-16 09:00:00,-0.02659999951720237
2017-04-16 10:00:00,-0.02429999969899654
2017-04-16 11:00:00,-0.02429999969899654
2017-04-16 12:00:00,-0.02429999969899654
2017-04-16 13:00:00,0.01919997483491897
2017-04-16 14:00:00,0.01919997483491897
2017-04-16 15:00:00,0.01919997483491897
2017-04-16 16:00:00,0.06019999831914902
2017-04-16 17:00:00,0.06019999831914902
2017-04-16 18:00:00,0.06019999831914902
2017-04-16 19:00:00,0.10029999911785126
2017-04-16 20:00:00,0.10029999911785126
2017-04-16 21:00:00,0.10029999911785126
2017-04-16 22:00:00,0.0989999696612358
2017-04-16 23:00:00,0.0989999696612358
2017-04-17,0.0989999696612358
2017-04-17 01:00:00,-0.00300000002607703
2017-04-17 02:00:00,-0.00300000002607703
2017-04-17 03:00:00,-0.00300000002607703
2017-04-17 04:00:00,-0.0243999995291233
2017-04-17 05:00:00,-0.0243999995291233
2017-04-17 06:00:00,-0.0243999995291233
2017-04-17 07:00:00,-0.02589999884366989
2017-04-17 08:00:00,-0.02589999884366989
2017-04-17 09:00:00,-0.02589999884366989
2017-04-17 10:00:00,-0.02479999884963035
2017-04-17 11:00:00,-0.02479999884963035
2017-04-17 12:00:00,-0.02479999884963035
2017-04-17 13:00:00,0.02919999882578849
2017-04-17 14:00:00,0.02919999882578849
2017-04-17 15:00:00,0.02919999882578849
2017-04-17 16:00:00,0.05559999868273735
2017-04-17 17:00:00,0.05559999868273735
2017-04-17 18:00:00,0.05559999868273735
2017-04-17 19:00:00,0.08879997581243515
2017-04-17 20:00:00,0.08879997581243515
2017-04-17 21:00:00,0.08879997581243515
2017-04-17 22:00:00,0.1046999990940094
2017-04-17 23:00:00,0.1046999990940094
2017-04-18,0.1046999990940094
2017-04-18 01:00:00,0.05699997395277023
2017-04-18 02:00:00,0.05699997395277023
2017-04-18 03:00:00,0.05699997395277023
2017-04-18 04:00:00,0.00949999969452619
2017-04-18 05:00:00,0.00949999969452619
2017-04-18 06:00:00,0.00949999969452619
2017-04-18 07:00:00,-0.01099999994039535
2017-04-18 08:00:00,-0.01099999994039535
2017-04-18 09:00:00,-0.01099999994039535
2017-04-18 10:00:00,-0.02129999920725822
2017-04-18 11:00:00,-0.02129999920725822
2017-04-18 12:00:00,-0.02129999920725822
2017-04-18 13:00:00,0.02899999916553497
2017-04-18 14:00:00,0.02899999916553497
2017-04-18 15:00:00,0.02899999916553497
2017-04-18 16:00:00,0.06219999864697456
2017-04-18 17:00:00,0.06219999864697456
2017-04-18 18:00:00,0.06219999864697456
2017-04-18 19:00:00,0.08779999613761902
2017-04-18 20:00:00,0.08779999613761902
2017-04-18 21:00:00,0.08779999613761902
2017-04-18 22:00:00,0.07970000058412552
2017-04-18 23:00:00,0.07970000058412552
2017-04-19,0.07970000058412552
2017-04-19 01:00:00,0.01599999889731407
2017-04-19 02:00:00,0.01599999889731407
2017-04-19 03:00:00,0.01599999889731407
2017-04-19 04:00:00,0.01509997528046369
2017-04-19 05:00:00,0.01509997528046369
2017-04-19 06:00:00,0.01509997528046369
2017-04-19 07:00:00,0.031700000166893
2017-04-19 08:00:00,0.031700000166893
2017-04-19 09:00:00,0.031700000166893
2017-04-19 10:00:00,0.03419999778270721
2017-04-19 11:00:00,0.03419999778270721
2017-04-19 12:00:00,0.03419999778270721
2017-04-19 13:00:00,0.07129999995231628
2017-04-19 14:00:00,0.07129999995231628
2017-04-19 15:00:00,0.07129999995231628
2017-04-19 16:00:00,0.07199999690055847
2017-04-19 17:00:00,0.07199999690055847
2017-04-19 18:00:00,0.07199999690055847
2017-04-19 19:00:00,0.10729999840259552
2017-04-19 20:00:00,0.10729999840259552
2017-04-19 21:00:00,0.10729999840259552
2017-04-19 22:00:00,0.11629999428987504
2017-04-19 23:00:00,0.11629999428987504
2017-04-20,0.11629999428987504
2017-04-20 01:00:00,0.00249999994412064
2017-04-20 02:00:00,0.00249999994412064
2017-04-20 03:00:00,0.00249999994412064
2017-04-20 04:00:00,-0.02569999918341636
2017-04-20 05:00:00,-0.02569999918341636
2017-04-20 06:00:00,-0.02569999918341636
2017-04-20 07:00:00,-0.02689999900758266
2017-04-20 08:00:00,-0.02689999900758266
2017-04-20 09:00:00,-0.02689999900758266
2017-04-20 10:00:00,-0.02359999902546405
2017-04-20 11:00:00,-0.02359999902546405
2017-04-20 12:00:00,-0.02359999902546405
2017-04-20 13:00:00,0.03749999776482582
2017-04-20 14:00:00,0.03749999776482582
2017-04-20 15:00:00,0.03749999776482582
2017-04-20 16:00:00,0.0892999991774559
2017-04-20 17:00:00,0.0892999991774559
2017-04-20 18:00:00,0.0892999991774559
2017-04-20 19:00:00,0.08100000023841858
2017-04-20 20:00:00,0.08100000023841858
2017-04-20 21:00:00,0.08100000023841858
2017-04-20 22:00:00,0.07989999651908875
2017-04-20 23:00:00,0.07989999651908875
2017-04-21,0.07989999651908875
2017-04-21 01:00:00,0.01509999949485063
2017-04-21 02:00:00,0.01509999949485063
2017-04-21 03:00:00,0.01509999949485063
2017-04-21 04:00:00,-0.01980002410709858
2017-04-21 05:00:00,-0.01980002410709858
2017-04-21 06:00:00,-0.01980002410709858
2017-04-21 07:00:00,-0.01439999975264072
2017-04-21 08:00:00,-0.01439999975264072
2017-04-21 09:00:00,-0.01439999975264072
2017-04-21 10:00:00,-6.99999975040555e-4
2017-04-21 11:00:00,-6.99999975040555e-4
2017-04-21 12:00:00,-6.99999975040555e-4
2017-04-21 13:00:00,0.06909999996423721
2017-04-21 14:00:00,0.06909999996423721
2017-04-21 15:00:00,0.06909999996423721
2017-04-21 16:00:00,0.0965999960899353
2017-04-21 17:00:00,0.0965999960899353
2017-04-21 18:00:00,0.0965999960899353
2017-04-21 19:00:00,0.1112999990582466
2017-04-21 20:00:00,0.1112999990582466
2017-04-21 21:00:00,0.1112999990582466
2017-04-21 22:00:00,0.1013999953866005
2017-04-21 23:00:00,0.1013999953866005
2017-04-22,0.1013999953866005
2017-04-22 01:00:00,0.01310000009834766
2017-04-22 02:00:00,0.01310000009834766
2017-04-22 03:00:00,0.01310000009834766
2017-04-22 04:00:00,-0.00649999966844916
2017-04-22 05:00:00,-0.00649999966844916
2017-04-22 06:00:00,-0.00649999966844916
2017-04-22 07:00:00,-0.00980000011622905
2017-04-22 08:00:00,-0.00980000011622905
2017-04-22 09:00:00,-0.00980000011622905
2017-04-22 10:00:00,-0.00749999983236193
2017-04-22 11:00:00,-0.00749999983236193
2017-04-22 12:00:00,-0.00749999983236193
2017-04-22 13:00:00,0.031700000166893
2017-04-22 14:00:00,0.031700000166893
2017-04-22 15:00:00,0.031700000166893
2017-04-22 16:00:00,0.06889999657869339
2017-04-22 17:00:00,0.06889999657869339
2017-04-22 18:00:00,0.06889999657869339
2017-04-22 19:00:00,0.07660000026226044
2017-04-22 20:00:00,0.07660000026226044
2017-04-22 21:00:00,0.07660000026226044
2017-04-22 22:00:00,0.07609999924898148
2017-04-22 23:00:00,0.07609999924898148
2017-04-23,0.07609999924898148
2017-04-23 01:00:00,-0.00539999967440962
2017-04-23 02:00:00,-0.00539999967440962
2017-04-23 03:00:00,-0.00539999967440962
2017-04-23 04:00:00,-0.02339999936521053
2017-04-23 05:00:00,-0.02339999936521053
2017-04-23 06:00:00,-0.02339999936521053
2017-04-23 07:00:00,-0.01459999941289424
2017-04-23 08:00:00,-0.01459999941289424
2017-04-23 09:00:00,-0.01459999941289424
2017-04-23 10:00:00,-0.00839999970048666
2017-04-23 11:00:00,-0.00839999970048666
2017-04-23 12:00:00,-0.00839999970048666
2017-04-23 13:00:00,0.03029999881982803
2017-04-23 14:00:00,0.03029999881982803
2017-04-23 15:00:00,0.03029999881982803
2017-04-23 16:00:00,0.08899999409914017
2017-04-23 17:00:00,0.08899999409914017
2017-04-23 18:00:00,0.08899999409914017
2017-04-23 19:00:00,0.11669999361038208
2017-04-23 20:00:00,0.11669999361038208
2017-04-23 21:00:00,0.11669999361038208
2017-04-23 22:00:00,0.09209999442100524
2017-04-23 23:00:00,0.09209999442100524
2017-04-24,0.09209999442100524
2017-04-24 01:00:00,0.01939999870955944
2017-04-24 02:00:00,0.01939999870955944
2017-04-24 03:00:00,0.01939999870955944
2017-04-24 04:00:00,-0.00119999994058161
2017-04-24 05:00:00,-0.00119999994058161
2017-04-24 06:00:00,-0.00119999994058161
2017-04-24 07:00:00,0.00699999975040555
2017-04-24 08:00:00,0.00699999975040555
2017-04-24 09:00:00,0.00699999975040555
2017-04-24 10:00:00,0.00679999962449073
2017-04-24 11:00:00,0.00679999962449073
2017-04-24 12:00:00,0.00679999962449073
2017-04-24 13:00:00,0.05240000039339065
2017-04-24 14:00:00,0.05240000039339065
2017-04-24 15:00:00,0.05240000039339065
2017-04-24 16:00:00,0.147599995136261
2017-04-24 17:00:00,0.147599995136261
2017-04-24 18:00:00,0.147599995136261
2017-04-24 19:00:00,0.16699999570846558
2017-04-24 20:00:00,0.16699999570846558
2017-04-24 21:00:00,0.16699999570846558
2017-04-24 22:00:00,0.1816999912261963
2017-04-24 23:00:00,0.1816999912261963
2017-04-25,0.1816999912261963
2017-04-25 01:00:00,0.01889999955892563
2017-04-25 02:00:00,0.01889999955892563
2017-04-25 03:00:00,0.01889999955892563
2017-04-25 04:00:00,0.03089999966323375
2017-04-25 05:00:00,0.03089999966323375
2017-04-25 06:00:00,0.03089999966323375
2017-04-25 07:00:00,0.02209999971091747
2017-04-25 08:00:00,0.02209999971091747
2017-04-25 09:00:00,0.02209999971091747
2017-04-25 10:00:00,-0.00659999996423721
2017-04-25 11:00:00,-0.00659999996423721
2017-04-25 12:00:00,-0.00659999996423721
2017-04-25 13:00:00,0.06239999830722809
2017-04-25 14:00:00,0.06239999830722809
2017-04-25 15:00:00,0.06239999830722809
2017-04-25 16:00:00,0.0899999737739563
2017-04-25 17:00:00,0.0899999737739563
2017-04-25 18:00:00,0.0899999737739563
2017-04-25 19:00:00,0.093299999833107
2017-04-25 20:00:00,0.093299999833107
2017-04-25 21:00:00,0.093299999833107
2017-04-25 22:00:00,0.11569999903440475
2017-04-25 23:00:00,0.11569999903440475
2017-04-26,0.11569999903440475
2017-04-26 01:00:00,0.03590000048279762
2017-04-26 02:00:00,0.03590000048279762
2017-04-26 03:00:00,0.03590000048279762
2017-04-26 04:00:00,-0.01469999924302101
2017-04-26 05:00:00,-0.01469999924302101
2017-04-26 06:00:00,-0.01469999924302101
2017-04-26 07:00:00,-0.02139999903738498
2017-04-26 08:00:00,-0.02139999903738498
2017-04-26 09:00:00,-0.02139999903738498
2017-04-26 10:00:00,-0.0243999995291233
2017-04-26 11:00:00,-0.0243999995291233
2017-04-26 12:00:00,-0.0243999995291233
2017-04-26 13:00:00,0.06319999694824219
2017-04-26 14:00:00,0.06319999694824219
2017-04-26 15:00:00,0.06319999694824219
2017-04-26 16:00:00,0.14839999377727509
2017-04-26 17:00:00,0.14839999377727509
2017-04-26 18:00:00,0.14839999377727509
2017-04-26 19:00:00,0.13339999318122864
2017-04-26 20:00:00,0.13339999318122864
2017-04-26 21:00:00,0.13339999318122864
2017-04-26 22:00:00,0.12709999084472656
2017-04-26 23:00:00,0.12709999084472656
2017-04-27,0.12709999084472656
2017-04-27 01:00:00,0.01679999940097332
2017-04-27 02:00:00,0.01679999940097332
2017-04-27 03:00:00,0.01679999940097332
2017-04-27 04:00:00,-0.02009999938309192
2017-04-27 05:00:00,-0.02009999938309192
2017-04-27 06:00:00,-0.02009999938309192
2017-04-27 07:00:00,-0.0163000002503395
2017-04-27 08:00:00,-0.0163000002503395
2017-04-27 09:00:00,-0.0163000002503395
2017-04-27 10:00:00,-0.01299999933689832
2017-04-27 11:00:00,-0.01299999933689832
2017-04-27 12:00:00,-0.01299999933689832
2017-04-27 13:00:00,0.06159999966621399
2017-04-27 14:00:00,0.06159999966621399
2017-04-27 15:00:00,0.06159999966621399
2017-04-27 16:00:00,0.0810999944806099
2017-04-27 17:00:00,0.0810999944806099
2017-04-27 18:00:00,0.0810999944806099
2017-04-27 19:00:00,0.08789999783039093
2017-04-27 20:00:00,0.08789999783039093
2017-04-27 21:00:00,0.08789999783039093
2017-04-27 22:00:00,0.13580000400543213
2017-04-27 23:00:00,0.13580000400543213
2017-04-28,0.13580000400543213
2017-04-28 01:00:00,0.02279999852180481
2017-04-28 02:00:00,0.02279999852180481
2017-04-28 03:00:00,0.02279999852180481
2017-04-28 04:00:00,-0.0115999998524785
2017-04-28 05:00:00,-0.0115999998524785
2017-04-28 06:00:00,-0.0115999998524785
2017-04-28 07:00:00,-0.01310000009834766
2017-04-28 08:00:00,-0.01310000009834766
2017-04-28 09:00:00,-0.01310000009834766
2017-04-28 10:00:00,-0.01960000023245811
2017-04-28 11:00:00,-0.01960000023245811
2017-04-28 12:00:00,-0.01960000023245811
2017-04-28 13:00:00,0.05209999904036522
2017-04-28 14:00:00,0.05209999904036522
2017-04-28 15:00:00,0.05209999904036522
2017-04-28 16:00:00,0.14379997551441193
2017-04-28 17:00:00,0.14379997551441193
2017-04-28 18:00:00,0.14379997551441193
2017-04-28 19:00:00,0.1622999906539917
2017-04-28 20:00:00,0.1622999906539917
2017-04-28 21:00:00,0.1622999906539917
2017-04-28 22:00:00,0.13539999723434448
2017-04-28 23:00:00,0.13539999723434448
2017-04-29,0.13539999723434448
2017-04-29 01:00:00,0.01469999924302101
2017-04-29 02:00:00,0.01469999924302101
2017-04-29 03:00:00,0.01469999924302101
2017-04-29 04:00:00,-0.00559999980032444
2017-04-29 05:00:00,-0.00559999980032444
2017-04-29 06:00:00,-0.00559999980032444
2017-04-29 07:00:00,0
2017-04-29 08:00:00,0
2017-04-29 09:00:00,0
2017-04-29 10:00:00,-0.00179999996908009
2017-04-29 11:00:00,-0.00179999996908009
2017-04-29 12:00:00,-0.00179999996908009
2017-04-29 13:00:00,0.04289999976754188
2017-04-29 14:00:00,0.04289999976754188
2017-04-29 15:00:00,0.04289999976754188
2017-04-29 16:00:00,0.13009999692440033
2017-04-29 17:00:00,0.13009999692440033
2017-04-29 18:00:00,0.13009999692440033
2017-04-29 19:00:00,0.1631999909877777
2017-04-29 20:00:00,0.1631999909877777
2017-04-29 21:00:00,0.1631999909877777
2017-04-29 22:00:00,0.15770000219345093
2017-04-29 23:00:00,0.15770000219345093
2017-04-30,0.15770000219345093
2017-04-30 01:00:00,0.01229999959468841
2017-04-30 02:00:00,0.01229999959468841
2017-04-30 03:00:00,0.01229999959468841
2017-04-30 04:00:00,-0.01620000042021274
2017-04-30 05:00:00,-0.01620000042021274
2017-04-30 06:00:00,-0.01620000042021274
2017-04-30 07:00:00,-0.02219999954104423
2017-04-30 08:00:00,-0.02219999954104423
2017-04-30 09:00:00,-0.02219999954104423
2017-04-30 10:00:00,-0.01589999906718731
2017-04-30 11:00:00,-0.01589999906718731
2017-04-30 12:00:00,-0.01589999906718731
2017-04-30 13:00:00,0.0964999943971634
2017-04-30 14:00:00,0.0964999943971634
2017-04-30 15:00:00,0.0964999943971634
2017-04-30 16:00:00,0.2581999897956848
2017-04-30 17:00:00,0.2581999897956848
2017-04-30 18:00:00,0.2581999897956848
2017-04-30 19:00:00,0.20899999141693115
2017-04-30 20:00:00,0.20899999141693115
2017-04-30 21:00:00,0.20899999141693115
2017-04-30 22:00:00,0.19429999589920044
2017-04-30 23:00:00,0.19429999589920044
2017-05-01,0.19429999589920044
2017-05-01 01:00:00,0.06769999861717224
2017-05-01 02:00:00,0.06769999861717224
2017-05-01 03:00:00,0.06769999861717224
2017-05-01 04:00:00,0.0142000000923872
2017-05-01 05:00:00,0.0142000000923872
2017-05-01 06:00:00,0.0142000000923872
2017-05-01 07:00:00,6.99999975040555e-4
2017-05-01 08:00:00,6.99999975040555e-4
2017-05-01 09:00:00,6.99999975040555e-4
2017-05-01 10:00:00,-0.00469999993219971
2017-05-01 11:00:00,-0.00469999993219971
2017-05-01 12:00:00,-0.00469999993219971
2017-05-01 13:00:00,0.07349999994039536
2017-05-01 14:00:00,0.07349999994039536
2017-05-01 15:00:00,0.07349999994039536
2017-05-01 16:00:00,0.08410000056028366
2017-05-01 17:00:00,0.08410000056028366
2017-05-01 18:00:00,0.08410000056028366
2017-05-01 19:00:00,0.08639999479055405
2017-05-01 20:00:00,0.08639999479055405
2017-05-01 21:00:00,0.08639999479055405
2017-05-01 22:00:00,0.1087999939918518
2017-05-01 23:00:00,0.1087999939918518
2017-05-02,0.1087999939918518
2017-05-02 01:00:00,0.02529999986290931
2017-05-02 02:00:00,0.02529999986290931
2017-05-02 03:00:00,0.02529999986290931
2017-05-02 04:00:00,-0.02099999971687793
2017-05-02 05:00:00,-0.02099999971687793
2017-05-02 06:00:00,-0.02099999971687793
2017-05-02 07:00:00,-0.01960000023245811
2017-05-02 08:00:00,-0.01960000023245811
2017-05-02 09:00:00,-0.01960000023245811
2017-05-02 10:00:00,-0.01539999991655349
2017-05-02 11:00:00,-0.01539999991655349
2017-05-02 12:00:00,-0.01539999991655349
2017-05-02 13:00:00,0.05409999936819076
2017-05-02 14:00:00,0.05409999936819076
2017-05-02 15:00:00,0.05409999936819076
2017-05-02 16:00:00,0.08669999986886978
2017-05-02 17:00:00,0.08669999986886978
2017-05-02 18:00:00,0.08669999986886978
2017-05-02 19:00:00,0.0982999950647354
2017-05-02 20:00:00,0.0982999950647354
2017-05-02 21:00:00,0.0982999950647354
2017-05-02 22:00:00,0.08689999580383301
2017-05-02 23:00:00,0.08689999580383301
2017-05-03,0.08689999580383301
2017-05-03 01:00:00,0.02149997465312481
2017-05-03 02:00:00,0.02149997465312481
2017-05-03 03:00:00,0.02149997465312481
2017-05-03 04:00:00,-0.00199999986216425
2017-05-03 05:00:00,-0.00199999986216425
2017-05-03 06:00:00,-0.00199999986216425
2017-05-03 07:00:00,-0.0044999998062849
2017-05-03 08:00:00,-0.0044999998062849
2017-05-03 09:00:00,-0.0044999998062849
2017-05-03 10:00:00,-0.01099999994039535
2017-05-03 11:00:00,-0.01099999994039535
2017-05-03 12:00:00,-0.01099999994039535
2017-05-03 13:00:00,0.05419999733567238
2017-05-03 14:00:00,0.05419999733567238
2017-05-03 15:00:00,0.05419999733567238
2017-05-03 16:00:00,0.09459999948740004
2017-05-03 17:00:00,0.09459999948740004
2017-05-03 18:00:00,0.09459999948740004
2017-05-03 19:00:00,0.10159999877214432
2017-05-03 20:00:00,0.10159999877214432
2017-05-03 21:00:00,0.10159999877214432
2017-05-03 22:00:00,0.08810000121593475
2017-05-03 23:00:00,0.08810000121593475
2017-05-04,0.08810000121593475
2017-05-04 01:00:00,-0.0032999999821186
2017-05-04 02:00:00,-0.0032999999821186
2017-05-04 03:00:00,-0.0032999999821186
2017-05-04 04:00:00,-0.02779999934136867
2017-05-04 05:00:00,-0.02779999934136867
2017-05-04 06:00:00,-0.02779999934136867
2017-05-04 07:00:00,-0.01740000024437904
2017-05-04 08:00:00,-0.01740000024437904
2017-05-04 09:00:00,-0.01740000024437904
2017-05-04 10:00:00,0.0044999998062849
2017-05-04 11:00:00,0.0044999998062849
2017-05-04 12:00:00,0.0044999998062849
2017-05-04 13:00:00,0.06049999967217445
2017-05-04 14:00:00,0.06049999967217445
2017-05-04 15:00:00,0.06049999967217445
2017-05-04 16:00:00,0.0982000008225441
2017-05-04 17:00:00,0.0982000008225441
2017-05-04 18:00:00,0.0982000008225441
2017-05-04 19:00:00,0.09619997441768646
2017-05-04 20:00:00,0.09619997441768646
2017-05-04 21:00:00,0.09619997441768646
2017-05-04 22:00:00,0.07079999893903732
2017-05-04 23:00:00,0.07079999893903732
2017-05-05,0.07079999893903732
2017-05-05 01:00:00,-0.00659999996423721
2017-05-05 02:00:00,-0.00659999996423721
2017-05-05 03:00:00,-0.00659999996423721
2017-05-05 04:00:00,-0.02929999865591526
2017-05-05 05:00:00,-0.02929999865591526
2017-05-05 06:00:00,-0.02929999865591526
2017-05-05 07:00:00,-0.02620000019669532
2017-05-05 08:00:00,-0.02620000019669532
2017-05-05 09:00:00,-0.02620000019669532
2017-05-05 10:00:00,-0.02520000003278255
2017-05-05 11:00:00,-0.02520000003278255
2017-05-05 12:00:00,-0.02520000003278255
2017-05-05 13:00:00,0.00820000004023313
2017-05-05 14:00:00,0.00820000004023313
2017-05-05 15:00:00,0.00820000004023313
2017-05-05 16:00:00,0.03659997507929802
2017-05-05 17:00:00,0.03659997507929802
2017-05-05 18:00:00,0.03659997507929802
2017-05-05 19:00:00,0.0407000221312046
2017-05-05 20:00:00,0.0407000221312046
2017-05-05 21:00:00,0.0407000221312046
2017-05-05 22:00:00,0.22739998996257785
2017-05-05 23:00:00,0.22739998996257785
2017-05-06,0.22739998996257785
2017-05-06 01:00:00,-0.00249999994412064
2017-05-06 02:00:00,-0.00249999994412064
2017-05-06 03:00:00,-0.00249999994412064
2017-05-06 04:00:00,-0.02290000021457672
2017-05-06 05:00:00,-0.02290000021457672
2017-05-06 06:00:00,-0.02290000021457672
2017-05-06 07:00:00,-0.02779999934136867
2017-05-06 08:00:00,-0.02779999934136867
2017-05-06 09:00:00,-0.02779999934136867
2017-05-06 10:00:00,-0.0186999998986721
2017-05-06 11:00:00,-0.0186999998986721
2017-05-06 12:00:00,-0.0186999998986721
2017-05-06 13:00:00,0.0210999995470047
2017-05-06 14:00:00,0.0210999995470047
2017-05-06 15:00:00,0.0210999995470047
2017-05-06 16:00:00,0.04079999774694443
2017-05-06 17:00:00,0.04079999774694443
2017-05-06 18:00:00,0.04079999774694443
2017-05-06 19:00:00,0.06349997222423553
2017-05-06 20:00:00,0.06349997222423553
2017-05-06 21:00:00,0.06349997222423553
2017-05-06 22:00:00,0.26350000500679016
2017-05-06 23:00:00,0.26350000500679016
2017-05-07,0.26350000500679016
2017-05-07 01:00:00,0.03819999843835831
2017-05-07 02:00:00,0.03819999843835831
2017-05-07 03:00:00,0.03819999843835831
2017-05-07 04:00:00,0.03539999946951866
2017-05-07 05:00:00,0.03539999946951866
2017-05-07 06:00:00,0.03539999946951866
2017-05-07 07:00:00,0.01860000006854534
2017-05-07 08:00:00,0.01860000006854534
2017-05-07 09:00:00,0.01860000006854534
2017-05-07 10:00:00,0.00729999970644712
2017-05-07 11:00:00,0.00729999970644712
2017-05-07 12:00:00,0.00729999970644712
2017-05-07 13:00:00,0.01319997571408748
2017-05-07 14:00:00,0.01319997571408748
2017-05-07 15:00:00,0.01319997571408748
2017-05-07 16:00:00,0.03099999949336052
2017-05-07 17:00:00,0.03099999949336052
2017-05-07 18:00:00,0.03099999949336052
2017-05-07 19:00:00,0.1363999992609024
2017-05-07 20:00:00,0.1363999992609024
2017-05-07 21:00:00,0.1363999992609024
2017-05-07 22:00:00,0.3797000050544739
2017-05-07 23:00:00,0.3797000050544739
2017-05-08,0.3797000050544739
2017-05-08 01:00:00,0.01449999958276748
2017-05-08 02:00:00,0.01449999958276748
2017-05-08 03:00:00,0.01449999958276748
2017-05-08 04:00:00,2.9999998514540493e-4
2017-05-08 05:00:00,2.9999998514540493e-4
2017-05-08 06:00:00,2.9999998514540493e-4
2017-05-08 07:00:00,-0.01689999923110008
2017-05-08 08:00:00,-0.01689999923110008
2017-05-08 09:00:00,-0.01689999923110008
2017-05-08 10:00:00,0.00969999935477972
2017-05-08 11:00:00,0.00969999935477972
2017-05-08 12:00:00,0.00969999935477972
2017-05-08 13:00:00,0.0139999995008111
2017-05-08 14:00:00,0.0139999995008111
2017-05-08 15:00:00,0.0139999995008111
2017-05-08 16:00:00,0.02199999988079071
2017-05-08 17:00:00,0.02199999988079071
2017-05-08 18:00:00,0.02199999988079071
2017-05-08 19:00:00,2.9999998514540493e-4
2017-05-08 20:00:00,2.9999998514540493e-4
2017-05-08 21:00:00,2.9999998514540493e-4
2017-05-08 22:00:00,-0.02339999936521053
2017-05-08 23:00:00,-0.02339999936521053
2017-05-09,-0.02339999936521053
2017-05-09 01:00:00,-0.01909999921917915
2017-05-09 02:00:00,-0.01909999921917915
2017-05-09 03:00:00,-0.01909999921917915
2017-05-09 04:00:00,-0.00980000011622905
2017-05-09 05:00:00,-0.00980000011622905
2017-05-09 06:00:00,-0.00980000011622905
2017-05-09 07:00:00,-0.01169999968260526
2017-05-09 08:00:00,-0.01169999968260526
2017-05-09 09:00:00,-0.01169999968260526
2017-05-09 10:00:00,-0.01960000023245811
2017-05-09 11:00:00,-0.01960000023245811
2017-05-09 12:00:00,-0.01960000023245811
2017-05-09 13:00:00,0.01789999939501285
2017-05-09 14:00:00,0.01789999939501285
2017-05-09 15:00:00,0.01789999939501285
2017-05-09 16:00:00,0.02359999902546405
2017-05-09 17:00:00,0.02359999902546405
2017-05-09 18:00:00,0.02359999902546405
2017-05-09 19:00:00,0.00499999988824129
2017-05-09 20:00:00,0.00499999988824129
2017-05-09 21:00:00,0.00499999988824129
2017-05-09 22:00:00,-0.02740000002086162
2017-05-09 23:00:00,-0.02740000002086162
2017-05-10,-0.02740000002086162
2017-05-10 01:00:00,-0.01069999951869249
2017-05-10 02:00:00,-0.01069999951869249
2017-05-10 03:00:00,-0.01069999951869249
2017-05-10 04:00:00,-0.01679999940097332
2017-05-10 05:00:00,-0.01679999940097332
2017-05-10 06:00:00,-0.01679999940097332
2017-05-10 07:00:00,-0.00679999962449073
2017-05-10 08:00:00,-0.00679999962449073
2017-05-10 09:00:00,-0.00679999962449073
2017-05-10 10:00:00,-0.00689999992027878
2017-05-10 11:00:00,-0.00689999992027878
2017-05-10 12:00:00,-0.00689999992027878
2017-05-10 13:00:00,0.00969999935477972
2017-05-10 14:00:00,0.00969999935477972
2017-05-10 15:00:00,0.00969999935477972
2017-05-10 16:00:00,0.00529999984428286
2017-05-10 17:00:00,0.00529999984428286
2017-05-10 18:00:00,0.00529999984428286
2017-05-10 19:00:00,0.00689999992027878
2017-05-10 20:00:00,0.00689999992027878
2017-05-10 21:00:00,0.00689999992027878
2017-05-10 22:00:00,0.00429999968037009
2017-05-10 23:00:00,0.00429999968037009
2017-05-11,0.00429999968037009
2017-05-11 01:00:00,-0.00799999944865703
2017-05-11 02:00:00,-0.00799999944865703
2017-05-11 03:00:00,-0.00799999944865703
2017-05-11 04:00:00,-0.00839999970048666
2017-05-11 05:00:00,-0.00839999970048666
2017-05-11 06:00:00,-0.00839999970048666
2017-05-11 07:00:00,-0.00389999989420175
2017-05-11 08:00:00,-0.00389999989420175
2017-05-11 09:00:00,-0.00389999989420175
2017-05-11 10:00:00,-0.0182999987155199
2017-05-11 11:00:00,-0.0182999987155199
2017-05-11 12:00:00,-0.0182999987155199
2017-05-11 13:00:00,0.00230000005103647
2017-05-11 14:00:00,0.00230000005103647
2017-05-11 15:00:00,0.00230000005103647
2017-05-11 16:00:00,0.02929999865591526
2017-05-11 17:00:00,0.02929999865591526
2017-05-11 18:00:00,0.02929999865591526
2017-05-11 19:00:00,0.03559999912977218
2017-05-11 20:00:00,0.03559999912977218
2017-05-11 21:00:00,0.03559999912977218
2017-05-11 22:00:00,0.02789997495710849
2017-05-11 23:00:00,0.02789997495710849
2017-05-12,0.02789997495710849
2017-05-12 01:00:00,-0.00980000011622905
2017-05-12 02:00:00,-0.00980000011622905
2017-05-12 03:00:00,-0.00980000011622905
2017-05-12 04:00:00,-0.03739999979734421
2017-05-12 05:00:00,-0.03739999979734421
2017-05-12 06:00:00,-0.03739999979734421
2017-05-12 07:00:00,-0.03449999913573265
2017-05-12 08:00:00,-0.03449999913573265
2017-05-12 09:00:00,-0.03449999913573265
2017-05-12 10:00:00,-0.03130000084638595
2017-05-12 11:00:00,-0.03130000084638595
2017-05-12 12:00:00,-0.03130000084638595
2017-05-12 13:00:00,0.00820000004023313
2017-05-12 14:00:00,0.00820000004023313
2017-05-12 15:00:00,0.00820000004023313
2017-05-12 16:00:00,0.03159999847412109
2017-05-12 17:00:00,0.03159999847412109
2017-05-12 18:00:00,0.03159999847412109
2017-05-12 19:00:00,0.05489999800920486
2017-05-12 20:00:00,0.05489999800920486
2017-05-12 21:00:00,0.05489999800920486
2017-05-12 22:00:00,0.17629998922348022
2017-05-12 23:00:00,0.17629998922348022
2017-05-13,0.17629998922348022
2017-05-13 01:00:00,-0.00439999997615814
2017-05-13 02:00:00,-0.00439999997615814
2017-05-13 03:00:00,-0.00439999997615814
2017-05-13 04:00:00,-0.00379999983124434
2017-05-13 05:00:00,-0.00379999983124434
2017-05-13 06:00:00,-0.00379999983124434
2017-05-13 07:00:00,0.03070000000298023
2017-05-13 08:00:00,0.03070000000298023
2017-05-13 09:00:00,0.03070000000298023
2017-05-13 10:00:00,-0.00549999997019767
2017-05-13 11:00:00,-0.00549999997019767
2017-05-13 12:00:00,-0.00549999997019767
2017-05-13 13:00:00,0.03219999745488167
2017-05-13 14:00:00,0.03219999745488167
2017-05-13 15:00:00,0.03219999745488167
2017-05-13 16:00:00,0.06379999965429306
2017-05-13 17:00:00,0.06379999965429306
2017-05-13 18:00:00,0.06379999965429306
2017-05-13 19:00:00,0.33169999718666077
2017-05-13 20:00:00,0.33169999718666077
2017-05-13 21:00:00,0.33169999718666077
2017-05-13 22:00:00,0.5015000104904175
2017-05-13 23:00:00,0.5015000104904175
2017-05-14,0.5015000104904175
2017-05-14 01:00:00,0.05889999866485596
2017-05-14 02:00:00,0.05889999866485596
2017-05-14 03:00:00,0.05889999866485596
2017-05-14 04:00:00,0.05249999836087227
2017-05-14 05:00:00,0.05249999836087227
2017-05-14 06:00:00,0.05249999836087227
2017-05-14 07:00:00,0.05069999769330025
2017-05-14 08:00:00,0.05069999769330025
2017-05-14 09:00:00,0.05069999769330025
2017-05-14 10:00:00,0.00609999988228082
2017-05-14 11:00:00,0.00609999988228082
2017-05-14 12:00:00,0.00609999988228082
2017-05-14 13:00:00,0.03559999912977218
2017-05-14 14:00:00,0.03559999912977218
2017-05-14 15:00:00,0.03559999912977218
2017-05-14 16:00:00,0.06679999828338623
2017-05-14 17:00:00,0.06679999828338623
2017-05-14 18:00:00,0.06679999828338623
2017-05-14 19:00:00,0.0828000009059906
2017-05-14 20:00:00,0.0828000009059906
2017-05-14 21:00:00,0.0828000009059906
2017-05-14 22:00:00,0.3607999980449677
2017-05-14 23:00:00,0.3607999980449677
2017-05-15,0.3607999980449677
2017-05-15 01:00:00,0.00939999986439943
2017-05-15 02:00:00,0.00939999986439943
2017-05-15 03:00:00,0.00939999986439943
2017-05-15 04:00:00,-0.00189999991562217
2017-05-15 05:00:00,-0.00189999991562217
2017-05-15 06:00:00,-0.00189999991562217
2017-05-15 07:00:00,0.01459999941289424
2017-05-15 08:00:00,0.01459999941289424
2017-05-15 09:00:00,0.01459999941289424
2017-05-15 10:00:00,0.00199999986216425
2017-05-15 11:00:00,0.00199999986216425
2017-05-15 12:00:00,0.00199999986216425
2017-05-15 13:00:00,0.05159999802708626
2017-05-15 14:00:00,0.05159999802708626
2017-05-15 15:00:00,0.05159999802708626
2017-05-15 16:00:00,0.07959999889135361
2017-05-15 17:00:00,0.07959999889135361
2017-05-15 18:00:00,0.07959999889135361
2017-05-15 19:00:00,0.1808999925851822
2017-05-15 20:00:00,0.1808999925851822
2017-05-15 21:00:00,0.1808999925851822
2017-05-15 22:00:00,0.4585999846458435
2017-05-15 23:00:00,0.4585999846458435
2017-05-16,0.4585999846458435
2017-05-16 01:00:00,0.05779999867081642
2017-05-16 02:00:00,0.05779999867081642
2017-05-16 03:00:00,0.05779999867081642
2017-05-16 04:00:00,0.03559999912977218
2017-05-16 05:00:00,0.03559999912977218
2017-05-16 06:00:00,0.03559999912977218
2017-05-16 07:00:00,0.00630000000819563
2017-05-16 08:00:00,0.00630000000819563
2017-05-16 09:00:00,0.00630000000819563
2017-05-16 10:00:00,-0.00479999976232647
2017-05-16 11:00:00,-0.00479999976232647
2017-05-16 12:00:00,-0.00479999976232647
2017-05-16 13:00:00,0.0404999740421772
2017-05-16 14:00:00,0.0404999740421772
2017-05-16 15:00:00,0.0404999740421772
2017-05-16 16:00:00,0.08100000023841858
2017-05-16 17:00:00,0.08100000023841858
2017-05-16 18:00:00,0.08100000023841858
2017-05-16 19:00:00,0.10639999806880952
2017-05-16 20:00:00,0.10639999806880952
2017-05-16 21:00:00,0.10639999806880952
2017-05-16 22:00:00,0.3278999924659729
2017-05-16 23:00:00,0.3278999924659729
2017-05-17,0.3278999924659729
2017-05-17 01:00:00,0.02659999951720237
2017-05-17 02:00:00,0.02659999951720237
2017-05-17 03:00:00,0.02659999951720237
2017-05-17 04:00:00,-0.0113999992609024
2017-05-17 05:00:00,-0.0113999992609024
2017-05-17 06:00:00,-0.0113999992609024
2017-05-17 07:00:00,-0.01030002441257238
2017-05-17 08:00:00,-0.01030002441257238
2017-05-17 09:00:00,-0.01030002441257238
2017-05-17 10:00:00,-0.0072000240907073
2017-05-17 11:00:00,-0.0072000240907073
2017-05-17 12:00:00,-0.0072000240907073
2017-05-17 13:00:00,0.06269999593496323
2017-05-17 14:00:00,0.06269999593496323
2017-05-17 15:00:00,0.06269999593496323
2017-05-17 16:00:00,0.1370999962091446
2017-05-17 17:00:00,0.1370999962091446
2017-05-17 18:00:00,0.1370999962091446
2017-05-17 19:00:00,0.1485999971628189
2017-05-17 20:00:00,0.1485999971628189
2017-05-17 21:00:00,0.1485999971628189
2017-05-17 22:00:00,0.24639999866485596
2017-05-17 23:00:00,0.24639999866485596
2017-05-18,0.24639999866485596
2017-05-18 01:00:00,0.01889999955892563
2017-05-18 02:00:00,0.01889999955892563
2017-05-18 03:00:00,0.01889999955892563
2017-05-18 04:00:00,0.00109999999403953
2017-05-18 05:00:00,0.00109999999403953
2017-05-18 06:00:00,0.00109999999403953
2017-05-18 07:00:00,0.00889999978244304
2017-05-18 08:00:00,0.00889999978244304
2017-05-18 09:00:00,0.00889999978244304
2017-05-18 10:00:00,0.00909999944269657
2017-05-18 11:00:00,0.00909999944269657
2017-05-18 12:00:00,0.00909999944269657
2017-05-18 13:00:00,0.07559999823570251
2017-05-18 14:00:00,0.07559999823570251
2017-05-18 15:00:00,0.07559999823570251
2017-05-18 16:00:00,0.0786999985575676
2017-05-18 17:00:00,0.0786999985575676
2017-05-18 18:00:00,0.0786999985575676
2017-05-18 19:00:00,0.09059999883174896
2017-05-18 20:00:00,0.09059999883174896
2017-05-18 21:00:00,0.09059999883174896
2017-05-18 22:00:00,0.07339999824762344
2017-05-18 23:00:00,0.07339999824762344
2017-05-19,0.07339999824762344
2017-05-19 01:00:00,0.04259999841451645
2017-05-19 02:00:00,0.04259999841451645
2017-05-19 03:00:00,0.04259999841451645
2017-05-19 04:00:00,-0.00210002437233924
2017-05-19 05:00:00,-0.00210002437233924
2017-05-19 06:00:00,-0.00210002437233924
2017-05-19 07:00:00,-0.00479999976232647
2017-05-19 08:00:00,-0.00479999976232647
2017-05-19 09:00:00,-0.00479999976232647
2017-05-19 10:00:00,-0.0052000000141561
2017-05-19 11:00:00,-0.0052000000141561
2017-05-19 12:00:00,-0.0052000000141561
2017-05-19 13:00:00,0.05590000003576279
2017-05-19 14:00:00,0.05590000003576279
2017-05-19 15:00:00,0.05590000003576279
2017-05-19 16:00:00,0.08749999850988388
2017-05-19 17:00:00,0.08749999850988388
2017-05-19 18:00:00,0.08749999850988388
2017-05-19 19:00:00,0.08389999717473984
2017-05-19 20:00:00,0.08389999717473984
2017-05-19 21:00:00,0.08389999717473984
2017-05-19 22:00:00,0.08549999445676804
2017-05-19 23:00:00,0.08549999445676804
2017-05-20,0.08549999445676804
2017-05-20 01:00:00,0.01239999942481517
2017-05-20 02:00:00,0.01239999942481517
2017-05-20 03:00:00,0.01239999942481517
2017-05-20 04:00:00,-0.01950000040233135
2017-05-20 05:00:00,-0.01950000040233135
2017-05-20 06:00:00,-0.01950000040233135
2017-05-20 07:00:00,-0.01529999915510416
2017-05-20 08:00:00,-0.01529999915510416
2017-05-20 09:00:00,-0.01529999915510416
2017-05-20 10:00:00,-0.01609999872744083
2017-05-20 11:00:00,-0.01609999872744083
2017-05-20 12:00:00,-0.01609999872744083
2017-05-20 13:00:00,0.07339999824762344
2017-05-20 14:00:00,0.07339999824762344
2017-05-20 15:00:00,0.07339999824762344
2017-05-20 16:00:00,0.12219999730587006
2017-05-20 17:00:00,0.12219999730587006
2017-05-20 18:00:00,0.12219999730587006
2017-05-20 19:00:00,0.10859999805688858
2017-05-20 20:00:00,0.10859999805688858
2017-05-20 21:00:00,0.10859999805688858
2017-05-20 22:00:00,0.1046999990940094
2017-05-20 23:00:00,0.1046999990940094
2017-05-21,0.1046999990940094
2017-05-21 01:00:00,0.01260000001639127
2017-05-21 02:00:00,0.01260000001639127
2017-05-21 03:00:00,0.01260000001639127
2017-05-21 04:00:00,-0.02029999904334545
2017-05-21 05:00:00,-0.02029999904334545
2017-05-21 06:00:00,-0.02029999904334545
2017-05-21 07:00:00,-0.00490000005811452
2017-05-21 08:00:00,-0.00490000005811452
2017-05-21 09:00:00,-0.00490000005811452
2017-05-21 10:00:00,-0.00749999983236193
2017-05-21 11:00:00,-0.00749999983236193
2017-05-21 12:00:00,-0.00749999983236193
2017-05-21 13:00:00,0.02039999887347221
2017-05-21 14:00:00,0.02039999887347221
2017-05-21 15:00:00,0.02039999887347221
2017-05-21 16:00:00,0.05639999732375145
2017-05-21 17:00:00,0.05639999732375145
2017-05-21 18:00:00,0.05639999732375145
2017-05-21 19:00:00,0.06790000200271606
2017-05-21 20:00:00,0.06790000200271606
2017-05-21 21:00:00,0.06790000200271606
2017-05-21 22:00:00,0.0640999972820282
2017-05-21 23:00:00,0.0640999972820282
2017-05-22,0.0640999972820282
2017-05-22 01:00:00,0.05669999867677688
2017-05-22 02:00:00,0.05669999867677688
2017-05-22 03:00:00,0.05669999867677688
2017-05-22 04:00:00,0.00839999970048666
2017-05-22 05:00:00,0.00839999970048666
2017-05-22 06:00:00,0.00839999970048666
2017-05-22 07:00:00,0.0113999992609024
2017-05-22 08:00:00,0.0113999992609024
2017-05-22 09:00:00,0.0113999992609024
2017-05-22 10:00:00,-0.00460000010207295
2017-05-22 11:00:00,-0.00460000010207295
2017-05-22 12:00:00,-0.00460000010207295
2017-05-22 13:00:00,0.1306999921798706
2017-05-22 14:00:00,0.1306999921798706
2017-05-22 15:00:00,0.1306999921798706
2017-05-22 16:00:00,0.43939998745918274
2017-05-22 17:00:00,0.43939998745918274
2017-05-22 18:00:00,0.43939998745918274
2017-05-22 19:00:00,0.5357999801635742
2017-05-22 20:00:00,0.5357999801635742
2017-05-22 21:00:00,0.5357999801635742
2017-05-22 22:00:00,0.429099977016449
2017-05-22 23:00:00,0.429099977016449
2017-05-23,0.429099977016449
2017-05-23 01:00:00,0.05249999836087227
2017-05-23 02:00:00,0.05249999836087227
2017-05-23 03:00:00,0.05249999836087227
2017-05-23 04:00:00,0.01889999955892563
2017-05-23 05:00:00,0.01889999955892563
2017-05-23 06:00:00,0.01889999955892563
2017-05-23 07:00:00,0.01579999923706054
2017-05-23 08:00:00,0.01579999923706054
2017-05-23 09:00:00,0.01579999923706054
2017-05-23 10:00:00,-0.02070000022649765
2017-05-23 11:00:00,-0.02070000022649765
2017-05-23 12:00:00,-0.02070000022649765
2017-05-23 13:00:00,0.07589999586343765
2017-05-23 14:00:00,0.07589999586343765
2017-05-23 15:00:00,0.07589999586343765
2017-05-23 16:00:00,0.10429999977350236
2017-05-23 17:00:00,0.10429999977350236
2017-05-23 18:00:00,0.10429999977350236
2017-05-23 19:00:00,0.09389999508857728
2017-05-23 20:00:00,0.09389999508857728
2017-05-23 21:00:00,0.09389999508857728
2017-05-23 22:00:00,0.10119999945163728
2017-05-23 23:00:00,0.10119999945163728
2017-05-24,0.10119999945163728
2017-05-24 01:00:00,0.02230002358555793
2017-05-24 02:00:00,0.02230002358555793
2017-05-24 03:00:00,0.02230002358555793
2017-05-24 04:00:00,-0.0182999987155199
2017-05-24 05:00:00,-0.0182999987155199
2017-05-24 06:00:00,-0.0182999987155199
2017-05-24 07:00:00,-0.00679999962449073
2017-05-24 08:00:00,-0.00679999962449073
2017-05-24 09:00:00,-0.00679999962449073
2017-05-24 10:00:00,0.00870000012218952
2017-05-24 11:00:00,0.00870000012218952
2017-05-24 12:00:00,0.00870000012218952
2017-05-24 13:00:00,0.05779999867081642
2017-05-24 14:00:00,0.05779999867081642
2017-05-24 15:00:00,0.05779999867081642
2017-05-24 16:00:00,0.09589999914169312
2017-05-24 17:00:00,0.09589999914169312
2017-05-24 18:00:00,0.09589999914169312
2017-05-24 19:00:00,0.24740000069141388
2017-05-24 20:00:00,0.24740000069141388
2017-05-24 21:00:00,0.24740000069141388
2017-05-24 22:00:00,0.5069000124931335
2017-05-24 23:00:00,0.5069000124931335
2017-05-25,0.5069000124931335
2017-05-25 01:00:00,0.0348999984562397
2017-05-25 02:00:00,0.0348999984562397
2017-05-25 03:00:00,0.0348999984562397
2017-05-25 04:00:00,0.04360000044107437
2017-05-25 05:00:00,0.04360000044107437
2017-05-25 06:00:00,0.04360000044107437
2017-05-25 07:00:00,0.05169999971985817
2017-05-25 08:00:00,0.05169999971985817
2017-05-25 09:00:00,0.05169999971985817
2017-05-25 10:00:00,0.0535999983549118
2017-05-25 11:00:00,0.0535999983549118
2017-05-25 12:00:00,0.0535999983549118
2017-05-25 13:00:00,0.05460000038146973
2017-05-25 14:00:00,0.05460000038146973
2017-05-25 15:00:00,0.05460000038146973
2017-05-25 16:00:00,0.10359997302293776
2017-05-25 17:00:00,0.10359997302293776
2017-05-25 18:00:00,0.10359997302293776
2017-05-25 19:00:00,0.3642999827861786
2017-05-25 20:00:00,0.3642999827861786
2017-05-25 21:00:00,0.3642999827861786
2017-05-25 22:00:00,0.4187999963760376
2017-05-25 23:00:00,0.4187999963760376
2017-05-26,0.4187999963760376
2017-05-26 01:00:00,0.02149999886751175
2017-05-26 02:00:00,0.02149999886751175
2017-05-26 03:00:00,0.02149999886751175
2017-05-26 04:00:00,0.00879999995231628
2017-05-26 05:00:00,0.00879999995231628
2017-05-26 06:00:00,0.00879999995231628
2017-05-26 07:00:00,0.00370000000111758
2017-05-26 08:00:00,0.00370000000111758
2017-05-26 09:00:00,0.00370000000111758
2017-05-26 10:00:00,-0.00649999966844916
2017-05-26 11:00:00,-0.00649999966844916
2017-05-26 12:00:00,-0.00649999966844916
2017-05-26 13:00:00,0.00909999944269657
2017-05-26 14:00:00,0.00909999944269657
2017-05-26 15:00:00,0.00909999944269657
2017-05-26 16:00:00,0.10619999468326569
2017-05-26 17:00:00,0.10619999468326569
2017-05-26 18:00:00,0.10619999468326569
2017-05-26 19:00:00,0.6340999603271484
2017-05-26 20:00:00,0.6340999603271484
2017-05-26 21:00:00,0.6340999603271484
2017-05-26 22:00:00,0.49459999799728394
2017-05-26 23:00:00,0.49459999799728394
2017-05-27,0.49459999799728394
2017-05-27 01:00:00,0.00659999996423721
2017-05-27 02:00:00,0.00659999996423721
2017-05-27 03:00:00,0.00659999996423721
2017-05-27 04:00:00,0.0104000000283122
2017-05-27 05:00:00,0.0104000000283122
2017-05-27 06:00:00,0.0104000000283122
2017-05-27 07:00:00,-0.00529999984428286
2017-05-27 08:00:00,-0.00529999984428286
2017-05-27 09:00:00,-0.00529999984428286
2017-05-27 10:00:00,-0.01150000002235174
2017-05-27 11:00:00,-0.01150000002235174
2017-05-27 12:00:00,-0.01150000002235174
2017-05-27 13:00:00,0.01589999906718731
2017-05-27 14:00:00,0.01589999906718731
2017-05-27 15:00:00,0.01589999906718731
2017-05-27 16:00:00,0.03869997337460518
2017-05-27 17:00:00,0.03869997337460518
2017-05-27 18:00:00,0.03869997337460518
2017-05-27 19:00:00,0.1454000025987625
2017-05-27 20:00:00,0.1454000025987625
2017-05-27 21:00:00,0.1454000025987625
2017-05-27 22:00:00,0.3018999993801117
2017-05-27 23:00:00,0.3018999993801117
2017-05-28,0.3018999993801117
2017-05-28 01:00:00,0.03350000083446503
2017-05-28 02:00:00,0.03350000083446503
2017-05-28 03:00:00,0.03350000083446503
2017-05-28 04:00:00,-0.00119999994058161
2017-05-28 05:00:00,-0.00119999994058161
2017-05-28 06:00:00,-0.00119999994058161
2017-05-28 07:00:00,0.00349999987520277
2017-05-28 08:00:00,0.00349999987520277
2017-05-28 09:00:00,0.00349999987520277
2017-05-28 10:00:00,5.999999702908099e-4
2017-05-28 11:00:00,5.999999702908099e-4
2017-05-28 12:00:00,5.999999702908099e-4
2017-05-28 13:00:00,0.0811999961733818
2017-05-28 14:00:00,0.0811999961733818
2017-05-28 15:00:00,0.0811999961733818
2017-05-28 16:00:00,0.18679998815059665
2017-05-28 17:00:00,0.18679998815059665
2017-05-28 18:00:00,0.18679998815059665
2017-05-28 19:00:00,0.5916999578475952
2017-05-28 20:00:00,0.5916999578475952
2017-05-28 21:00:00,0.5916999578475952
2017-05-28 22:00:00,0.46149998903274536
2017-05-28 23:00:00,0.46149998903274536
2017-05-29,0.46149998903274536
2017-05-29 01:00:00,0.00659999996423721
2017-05-29 02:00:00,0.00659999996423721
2017-05-29 03:00:00,0.00659999996423721
2017-05-29 04:00:00,-0.01970000006258487
2017-05-29 05:00:00,-0.01970000006258487
2017-05-29 06:00:00,-0.01970000006258487
2017-05-29 07:00:00,-0.02939999848604202
2017-05-29 08:00:00,-0.02939999848604202
2017-05-29 09:00:00,-0.02939999848604202
2017-05-29 10:00:00,-0.02929999865591526
2017-05-29 11:00:00,-0.02929999865591526
2017-05-29 12:00:00,-0.02929999865591526
2017-05-29 13:00:00,0.00829999987035989
2017-05-29 14:00:00,0.00829999987035989
2017-05-29 15:00:00,0.00829999987035989
2017-05-29 16:00:00,0.02630000002682209
2017-05-29 17:00:00,0.02630000002682209
2017-05-29 18:00:00,0.02630000002682209
2017-05-29 19:00:00,0.02499999850988388
2017-05-29 20:00:00,0.02499999850988388
2017-05-29 21:00:00,0.02499999850988388
2017-05-29 22:00:00,0.03999999910593033
2017-05-29 23:00:00,0.03999999910593033
2017-05-30,0.03999999910593033
2017-05-30 01:00:00,0.00490000005811452
2017-05-30 02:00:00,0.00490000005811452
2017-05-30 03:00:00,0.00490000005811452
2017-05-30 04:00:00,-0.01359999924898147
2017-05-30 05:00:00,-0.01359999924898147
2017-05-30 06:00:00,-0.01359999924898147
2017-05-30 07:00:00,-0.01480000000447034
2017-05-30 08:00:00,-0.01480000000447034
2017-05-30 09:00:00,-0.01480000000447034
2017-05-30 10:00:00,-0.01239999942481517
2017-05-30 11:00:00,-0.01239999942481517
2017-05-30 12:00:00,-0.01239999942481517
2017-05-30 13:00:00,0.02699999883770942
2017-05-30 14:00:00,0.02699999883770942
2017-05-30 15:00:00,0.02699999883770942
2017-05-30 16:00:00,0.13169999420642853
2017-05-30 17:00:00,0.13169999420642853
2017-05-30 18:00:00,0.13169999420642853
2017-05-30 19:00:00,0.6293999552726746
2017-05-30 20:00:00,0.6293999552726746
2017-05-30 21:00:00,0.6293999552726746
2017-05-30 22:00:00,0.5187000036239624
2017-05-30 23:00:00,0.5187000036239624
2017-05-31,0.5187000036239624
2017-05-31 01:00:00,0.00589997554197907
2017-05-31 02:00:00,0.00589997554197907
2017-05-31 03:00:00,0.00589997554197907
2017-05-31 04:00:00,2.9999998514540493e-4
2017-05-31 05:00:00,2.9999998514540493e-4
2017-05-31 06:00:00,2.9999998514540493e-4
2017-05-31 07:00:00,-0.01960000023245811
2017-05-31 08:00:00,-0.01960000023245811
2017-05-31 09:00:00,-0.01960000023245811
2017-05-31 10:00:00,0.00509999971836805
2017-05-31 11:00:00,0.00509999971836805
2017-05-31 12:00:00,0.00509999971836805
2017-05-31 13:00:00,0.02779999934136867
2017-05-31 14:00:00,0.02779999934136867
2017-05-31 15:00:00,0.02779999934136867
2017-05-31 16:00:00,0.06480000168085098
2017-05-31 17:00:00,0.06480000168085098
2017-05-31 18:00:00,0.06480000168085098
2017-05-31 19:00:00,0.27410000562667847
2017-05-31 20:00:00,0.27410000562667847
2017-05-31 21:00:00,0.27410000562667847
2017-05-31 22:00:00,0.4642999768257141
2017-05-31 23:00:00,0.4642999768257141
2017-06-01,0.4642999768257141
2017-06-01 01:00:00,0.00199999986216425
2017-06-01 02:00:00,0.00199999986216425
2017-06-01 03:00:00,0.00199999986216425
2017-06-01 04:00:00,-0.00669999979436397
2017-06-01 05:00:00,-0.00669999979436397
2017-06-01 06:00:00,-0.00669999979436397
2017-06-01 07:00:00,-0.00889999978244304
2017-06-01 08:00:00,-0.00889999978244304
2017-06-01 09:00:00,-0.00889999978244304
2017-06-01 10:00:00,0.00779999978840351
2017-06-01 11:00:00,0.00779999978840351
2017-06-01 12:00:00,0.00779999978840351
2017-06-01 13:00:00,0.02119999937713146
2017-06-01 14:00:00,0.02119999937713146
2017-06-01 15:00:00,0.02119999937713146
2017-06-01 16:00:00,0.04669999703764915
2017-06-01 17:00:00,0.04669999703764915
2017-06-01 18:00:00,0.04669999703764915
2017-06-01 19:00:00,0.3594000041484833
2017-06-01 20:00:00,0.3594000041484833
2017-06-01 21:00:00,0.3594000041484833
2017-06-01 22:00:00,0.45819997787475586
2017-06-01 23:00:00,0.45819997787475586
2017-06-02,0.45819997787475586
2017-06-02 01:00:00,0.00740000000223517
2017-06-02 02:00:00,0.00740000000223517
2017-06-02 03:00:00,0.00740000000223517
2017-06-02 04:00:00,9.999999310821297e-4
2017-06-02 05:00:00,9.999999310821297e-4
2017-06-02 06:00:00,9.999999310821297e-4
2017-06-02 07:00:00,4.999999655410647e-4
2017-06-02 08:00:00,4.999999655410647e-4
2017-06-02 09:00:00,4.999999655410647e-4
2017-06-02 10:00:00,-0.00230000005103647
2017-06-02 11:00:00,-0.00230000005103647
2017-06-02 12:00:00,-0.00230000005103647
2017-06-02 13:00:00,-0.00309999985620379
2017-06-02 14:00:00,-0.00309999985620379
2017-06-02 15:00:00,-0.00309999985620379
2017-06-02 16:00:00,-0.01850000023841858
2017-06-02 17:00:00,-0.01850000023841858
2017-06-02 18:00:00,-0.01850000023841858
2017-06-02 19:00:00,0.22259996831417084
2017-06-02 20:00:00,0.22259996831417084
2017-06-02 21:00:00,0.22259996831417084
2017-06-02 22:00:00,0.35269999504089355
2017-06-02 23:00:00,0.35269999504089355
2017-06-03,0.35269999504089355
2017-06-03 01:00:00,0.11649999767541884
2017-06-03 02:00:00,0.11649999767541884
2017-06-03 03:00:00,0.11649999767541884
2017-06-03 04:00:00,-6.99999975040555e-4
2017-06-03 05:00:00,-6.99999975040555e-4
2017-06-03 06:00:00,-6.99999975040555e-4
2017-06-03 07:00:00,-0.00779999978840351
2017-06-03 08:00:00,-0.00779999978840351
2017-06-03 09:00:00,-0.00779999978840351
2017-06-03 10:00:00,-0.00989999994635582
2017-06-03 11:00:00,-0.00989999994635582
2017-06-03 12:00:00,-0.00989999994635582
2017-06-03 13:00:00,0.16659998893737793
2017-06-03 14:00:00,0.16659998893737793
2017-06-03 15:00:00,0.16659998893737793
2017-06-03 16:00:00,0.5436999797821045
2017-06-03 17:00:00,0.5436999797821045
2017-06-03 18:00:00,0.5436999797821045
2017-06-03 19:00:00,0.6827999949455261
2017-06-03 20:00:00,0.6827999949455261
2017-06-03 21:00:00,0.6827999949455261
2017-06-03 22:00:00,0.48510000109672546
2017-06-03 23:00:00,0.48510000109672546
2017-06-04,0.48510000109672546
2017-06-04 01:00:00,-0.01489999983459711
2017-06-04 02:00:00,-0.01489999983459711
2017-06-04 03:00:00,-0.01489999983459711
2017-06-04 04:00:00,-0.01929999887943267
2017-06-04 05:00:00,-0.01929999887943267
2017-06-04 06:00:00,-0.01929999887943267
2017-06-04 07:00:00,-0.02180000022053718
2017-06-04 08:00:00,-0.02180000022053718
2017-06-04 09:00:00,-0.02180000022053718
2017-06-04 10:00:00,-0.01860000006854534
2017-06-04 11:00:00,-0.01860000006854534
2017-06-04 12:00:00,-0.01860000006854534
2017-06-04 13:00:00,-0.00130000000353902
2017-06-04 14:00:00,-0.00130000000353902
2017-06-04 15:00:00,-0.00130000000353902
2017-06-04 16:00:00,0.01090000011026859
2017-06-04 17:00:00,0.01090000011026859
2017-06-04 18:00:00,0.01090000011026859
2017-06-04 19:00:00,0.4245999753475189
2017-06-04 20:00:00,0.4245999753475189
2017-06-04 21:00:00,0.4245999753475189
2017-06-04 22:00:00,0.519599974155426
2017-06-04 23:00:00,0.519599974155426
2017-06-05,0.519599974155426
2017-06-05 01:00:00,-0.01659999974071979
2017-06-05 02:00:00,-0.01659999974071979
2017-06-05 03:00:00,-0.01659999974071979
2017-06-05 04:00:00,-0.02169999852776527
2017-06-05 05:00:00,-0.02169999852776527
2017-06-05 06:00:00,-0.02169999852776527
2017-06-05 07:00:00,-0.02529999986290931
2017-06-05 08:00:00,-0.02529999986290931
2017-06-05 09:00:00,-0.02529999986290931
2017-06-05 10:00:00,-0.01249999925494194
2017-06-05 11:00:00,-0.01249999925494194
2017-06-05 12:00:00,-0.01249999925494194
2017-06-05 13:00:00,0.0052000000141561
2017-06-05 14:00:00,0.0052000000141561
2017-06-05 15:00:00,0.0052000000141561
2017-06-05 16:00:00,0.01439999975264072
2017-06-05 17:00:00,0.01439999975264072
2017-06-05 18:00:00,0.01439999975264072
2017-06-05 19:00:00,0.6248999834060669
2017-06-05 20:00:00,0.6248999834060669
2017-06-05 21:00:00,0.6248999834060669
2017-06-05 22:00:00,0.5302000045776367
2017-06-05 23:00:00,0.5302000045776367
2017-06-06,0.5302000045776367
2017-06-06 01:00:00,0.13939999043941498
2017-06-06 02:00:00,0.13939999043941498
2017-06-06 03:00:00,0.13939999043941498
2017-06-06 04:00:00,0.00989999994635582
2017-06-06 05:00:00,0.00989999994635582
2017-06-06 06:00:00,0.00989999994635582
2017-06-06 07:00:00,0.00810000021010637
2017-06-06 08:00:00,0.00810000021010637
2017-06-06 09:00:00,0.00810000021010637
2017-06-06 10:00:00,0.00169999990612268
2017-06-06 11:00:00,0.00169999990612268
2017-06-06 12:00:00,0.00169999990612268
2017-06-06 13:00:00,0.20189999043941495
2017-06-06 14:00:00,0.20189999043941495
2017-06-06 15:00:00,0.20189999043941495
2017-06-06 16:00:00,0.5893999934196472
2017-06-06 17:00:00,0.5893999934196472
2017-06-06 18:00:00,0.5893999934196472
2017-06-06 19:00:00,0.6931999921798706
2017-06-06 20:00:00,0.6931999921798706
2017-06-06 21:00:00,0.6931999921798706
2017-06-06 22:00:00,0.4287999868392944
2017-06-06 23:00:00,0.4287999868392944
2017-06-07,0.4287999868392944
2017-06-07 01:00:00,-0.01349999941885471
2017-06-07 02:00:00,-0.01349999941885471
2017-06-07 03:00:00,-0.01349999941885471
2017-06-07 04:00:00,-0.02389999851584434
2017-06-07 05:00:00,-0.02389999851584434
2017-06-07 06:00:00,-0.02389999851584434
2017-06-07 07:00:00,-0.03130000084638595
2017-06-07 08:00:00,-0.03130000084638595
2017-06-07 09:00:00,-0.03130000084638595
2017-06-07 10:00:00,-0.0182999987155199
2017-06-07 11:00:00,-0.0182999987155199
2017-06-07 12:00:00,-0.0182999987155199
2017-06-07 13:00:00,-0.00930000003427267
2017-06-07 14:00:00,-0.00930000003427267
2017-06-07 15:00:00,-0.00930000003427267
2017-06-07 16:00:00,0.00659999996423721
2017-06-07 17:00:00,0.00659999996423721
2017-06-07 18:00:00,0.00659999996423721
2017-06-07 19:00:00,0.5989999771118164
2017-06-07 20:00:00,0.5989999771118164
2017-06-07 21:00:00,0.5989999771118164
2017-06-07 22:00:00,0.5144000053405762
2017-06-07 23:00:00,0.5144000053405762
2017-06-08,0.5144000053405762
2017-06-08 01:00:00,-0.0198999997228384
2017-06-08 02:00:00,-0.0198999997228384
2017-06-08 03:00:00,-0.0198999997228384
2017-06-08 04:00:00,-0.02429999969899654
2017-06-08 05:00:00,-0.02429999969899654
2017-06-08 06:00:00,-0.02429999969899654
2017-06-08 07:00:00,-0.02389999851584434
2017-06-08 08:00:00,-0.02389999851584434
2017-06-08 09:00:00,-0.02389999851584434
2017-06-08 10:00:00,-0.01109999977052211
2017-06-08 11:00:00,-0.01109999977052211
2017-06-08 12:00:00,-0.01109999977052211
2017-06-08 13:00:00,0.02199999988079071
2017-06-08 14:00:00,0.02199999988079071
2017-06-08 15:00:00,0.02199999988079071
2017-06-08 16:00:00,0.1476999968290329
2017-06-08 17:00:00,0.1476999968290329
2017-06-08 18:00:00,0.1476999968290329
2017-06-08 19:00:00,0.6787999868392944
2017-06-08 20:00:00,0.6787999868392944
2017-06-08 21:00:00,0.6787999868392944
2017-06-08 22:00:00,0.5999000072479248
2017-06-08 23:00:00,0.5999000072479248
2017-06-09,NA
2017-06-09 01:00:00,0.10869999974966048
2017-06-09 02:00:00,0.10869999974966048
2017-06-09 03:00:00,0.10869999974966048
2017-06-09 04:00:00,0.00339999981224536
2017-06-09 05:00:00,0.00339999981224536
2017-06-09 06:00:00,0.00339999981224536
2017-06-09 07:00:00,0.02080000005662441
2017-06-09 08:00:00,0.02080000005662441
2017-06-09 09:00:00,0.02080000005662441
2017-06-09 10:00:00,0.04230000078678131
2017-06-09 11:00:00,0.04230000078678131
2017-06-09 12:00:00,0.04230000078678131
2017-06-09 13:00:00,0.26019999384880066
2017-06-09 14:00:00,0.26019999384880066
2017-06-09 15:00:00,0.26019999384880066
2017-06-09 16:00:00,0.7398999929428101
2017-06-09 17:00:00,0.7398999929428101
2017-06-09 18:00:00,0.7398999929428101
2017-06-09 19:00:00,0.9544999599456788
2017-06-09 20:00:00,0.9544999599456788
2017-06-09 21:00:00,0.9544999599456788
2017-06-09 22:00:00,0.7313999533653259
2017-06-09 23:00:00,0.7313999533653259
2017-06-10,0.7313999533653259
2017-06-10 01:00:00,0.1876000016927719
2017-06-10 02:00:00,0.1876000016927719
2017-06-10 03:00:00,0.1876000016927719
2017-06-10 04:00:00,0.05329999700188637
2017-06-10 05:00:00,0.05329999700188637
2017-06-10 06:00:00,0.05329999700188637
2017-06-10 07:00:00,0.07589999586343765
2017-06-10 08:00:00,0.07589999586343765
2017-06-10 09:00:00,0.07589999586343765
2017-06-10 10:00:00,0.09070000052452087
2017-06-10 11:00:00,0.09070000052452087
2017-06-10 12:00:00,0.09070000052452087
2017-06-10 13:00:00,0.31439998745918274
2017-06-10 14:00:00,0.31439998745918274
2017-06-10 15:00:00,0.31439998745918274
2017-06-10 16:00:00,0.8007000088691711
2017-06-10 17:00:00,0.8007000088691711
2017-06-10 18:00:00,0.8007000088691711
2017-06-10 19:00:00,0.9738999605178832
2017-06-10 20:00:00,0.9738999605178832
2017-06-10 21:00:00,0.9738999605178832
2017-06-10 22:00:00,0.7533999681472778
2017-06-10 23:00:00,0.7533999681472778
2017-06-11,0.7533999681472778
2017-06-11 01:00:00,0.1475999653339386
2017-06-11 02:00:00,0.1475999653339386
2017-06-11 03:00:00,0.1475999653339386
2017-06-11 04:00:00,0.031700000166893
2017-06-11 05:00:00,0.031700000166893
2017-06-11 06:00:00,0.031700000166893
2017-06-11 07:00:00,0.05829999968409538
2017-06-11 08:00:00,0.05829999968409538
2017-06-11 09:00:00,0.05829999968409538
2017-06-11 10:00:00,0.04429999738931656
2017-06-11 11:00:00,0.04429999738931656
2017-06-11 12:00:00,0.04429999738931656
2017-06-11 13:00:00,0.25029999017715454
2017-06-11 14:00:00,0.25029999017715454
2017-06-11 15:00:00,0.25029999017715454
2017-06-11 16:00:00,0.6255999803543091
2017-06-11 17:00:00,0.6255999803543091
2017-06-11 18:00:00,0.6255999803543091
2017-06-11 19:00:00,0.7692999839782715
2017-06-11 20:00:00,0.7692999839782715
2017-06-11 21:00:00,0.7692999839782715
2017-06-11 22:00:00,0.5773999691009521
2017-06-11 23:00:00,0.5773999691009521
2017-06-12,0.5773999691009521
2017-06-12 01:00:00,-0.07939999550580978
2017-06-12 02:00:00,-0.07939999550580978
2017-06-12 03:00:00,-0.07939999550580978
2017-06-12 04:00:00,-0.0462999977171421
2017-06-12 05:00:00,-0.0462999977171421
2017-06-12 06:00:00,-0.0462999977171421
2017-06-12 07:00:00,-0.03109999932348728
2017-06-12 08:00:00,-0.03109999932348728
2017-06-12 09:00:00,-0.03109999932348728
2017-06-12 10:00:00,-0.01450002379715442
2017-06-12 11:00:00,-0.01450002379715442
2017-06-12 12:00:00,-0.01450002379715442
2017-06-12 13:00:00,-0.02410000003874302
2017-06-12 14:00:00,-0.02410000003874302
2017-06-12 15:00:00,-0.02410000003874302
2017-06-12 16:00:00,0.645799994468689
2017-06-12 17:00:00,0.645799994468689
2017-06-12 18:00:00,0.645799994468689
2017-06-12 19:00:00,0.9230999946594238
2017-06-12 20:00:00,0.9230999946594238
2017-06-12 21:00:00,0.9230999946594238
2017-06-12 22:00:00,0.7899999618530273
2017-06-12 23:00:00,0.7899999618530273
2017-06-13,0.7899999618530273
2017-06-13 01:00:00,0.2330999970436096
2017-06-13 02:00:00,0.2330999970436096
2017-06-13 03:00:00,0.2330999970436096
2017-06-13 04:00:00,0.08609999716281891
2017-06-13 05:00:00,0.08609999716281891
2017-06-13 06:00:00,0.08609999716281891
2017-06-13 07:00:00,0.05399997532367706
2017-06-13 08:00:00,0.05399997532367706
2017-06-13 09:00:00,0.05399997532367706
2017-06-13 10:00:00,0.03629999980330467
2017-06-13 11:00:00,0.03629999980330467
2017-06-13 12:00:00,0.03629999980330467
2017-06-13 13:00:00,0.2524999678134918
2017-06-13 14:00:00,0.2524999678134918
2017-06-13 15:00:00,0.2524999678134918
2017-06-13 16:00:00,0.6196999549865723
2017-06-13 17:00:00,0.6196999549865723
2017-06-13 18:00:00,0.6196999549865723
2017-06-13 19:00:00,0.8725999593734741
2017-06-13 20:00:00,0.8725999593734741
2017-06-13 21:00:00,0.8725999593734741
2017-06-13 22:00:00,0.6797999739646912
2017-06-13 23:00:00,0.6797999739646912
2017-06-14,0.6797999739646912
2017-06-14 01:00:00,0.06509999930858612
2017-06-14 02:00:00,0.06509999930858612
2017-06-14 03:00:00,0.06509999930858612
2017-06-14 04:00:00,0.05669999867677688
2017-06-14 05:00:00,0.05669999867677688
2017-06-14 06:00:00,0.05669999867677688
2017-06-14 07:00:00,0.05130000039935112
2017-06-14 08:00:00,0.05130000039935112
2017-06-14 09:00:00,0.05130000039935112
2017-06-14 10:00:00,0.02869999967515468
2017-06-14 11:00:00,0.02869999967515468
2017-06-14 12:00:00,0.02869999967515468
2017-06-14 13:00:00,0.20919999480247495
2017-06-14 14:00:00,0.20919999480247495
2017-06-14 15:00:00,0.20919999480247495
2017-06-14 16:00:00,0.6015999913215637
2017-06-14 17:00:00,0.6015999913215637
2017-06-14 18:00:00,0.6015999913215637
2017-06-14 19:00:00,0.9004999995231628
2017-06-14 20:00:00,0.9004999995231628
2017-06-14 21:00:00,0.9004999995231628
2017-06-14 22:00:00,0.6837999820709229
2017-06-14 23:00:00,0.6837999820709229
2017-06-15,0.6837999820709229
2017-06-15 01:00:00,0.12299999594688416
2017-06-15 02:00:00,0.12299999594688416
2017-06-15 03:00:00,0.12299999594688416
2017-06-15 04:00:00,0.00559999980032444
2017-06-15 05:00:00,0.00559999980032444
2017-06-15 06:00:00,0.00559999980032444
2017-06-15 07:00:00,-9.999999747378752e-5
2017-06-15 08:00:00,-9.999999747378752e-5
2017-06-15 09:00:00,-9.999999747378752e-5
2017-06-15 10:00:00,-0.00309999985620379
2017-06-15 11:00:00,-0.00309999985620379
2017-06-15 12:00:00,-0.00309999985620379
2017-06-15 13:00:00,0.19179999828338623
2017-06-15 14:00:00,0.19179999828338623
2017-06-15 15:00:00,0.19179999828338623
2017-06-15 16:00:00,0.6680999994277954
2017-06-15 17:00:00,0.6680999994277954
2017-06-15 18:00:00,0.6680999994277954
2017-06-15 19:00:00,0.9332000017166138
2017-06-15 20:00:00,0.9332000017166138
2017-06-15 21:00:00,0.9332000017166138
2017-06-15 22:00:00,0.6952999830245972
2017-06-15 23:00:00,0.6952999830245972
2017-06-16,0.6952999830245972
2017-06-16 01:00:00,0.12600000202655792
2017-06-16 02:00:00,0.12600000202655792
2017-06-16 03:00:00,0.12600000202655792
2017-06-16 04:00:00,0.00989999994635582
2017-06-16 05:00:00,0.00989999994635582
2017-06-16 06:00:00,0.00989999994635582
2017-06-16 07:00:00,0.01119999960064888
2017-06-16 08:00:00,0.01119999960064888
2017-06-16 09:00:00,0.01119999960064888
2017-06-16 10:00:00,0.01960000023245811
2017-06-16 11:00:00,0.01960000023245811
2017-06-16 12:00:00,0.01960000023245811
2017-06-16 13:00:00,0.26899999380111694
2017-06-16 14:00:00,0.26899999380111694
2017-06-16 15:00:00,0.26899999380111694
2017-06-16 16:00:00,0.7930999994277954
2017-06-16 17:00:00,0.7930999994277954
2017-06-16 18:00:00,0.7930999994277954
2017-06-16 19:00:00,0.9976999759674072
2017-06-16 20:00:00,0.9976999759674072
2017-06-16 21:00:00,0.9976999759674072
2017-06-16 22:00:00,0.771399974822998
2017-06-16 23:00:00,0.771399974822998
2017-06-17,0.771399974822998
2017-06-17 01:00:00,0.2572000026702881
2017-06-17 02:00:00,0.2572000026702881
2017-06-17 03:00:00,0.2572000026702881
2017-06-17 04:00:00,0.03699997439980507
2017-06-17 05:00:00,0.03699997439980507
2017-06-17 06:00:00,0.03699997439980507
2017-06-17 07:00:00,0.04120000079274177
2017-06-17 08:00:00,0.04120000079274177
2017-06-17 09:00:00,0.04120000079274177
2017-06-17 10:00:00,0.03179999813437462
2017-06-17 11:00:00,0.03179999813437462
2017-06-17 12:00:00,0.03179999813437462
2017-06-17 13:00:00,0.2800999879837036
2017-06-17 14:00:00,0.2800999879837036
2017-06-17 15:00:00,0.2800999879837036
2017-06-17 16:00:00,0.7705000042915344
2017-06-17 17:00:00,0.7705000042915344
2017-06-17 18:00:00,0.7705000042915344
2017-06-17 19:00:00,0.7773000001907349
2017-06-17 20:00:00,0.7773000001907349
2017-06-17 21:00:00,0.7773000001907349
2017-06-17 22:00:00,0.5595999956130981
2017-06-17 23:00:00,0.5595999956130981
2017-06-18,0.5595999956130981
2017-06-18 01:00:00,0.12719999253749847
2017-06-18 02:00:00,0.12719999253749847
2017-06-18 03:00:00,0.12719999253749847
2017-06-18 04:00:00,0.00260000000707805
2017-06-18 05:00:00,0.00260000000707805
2017-06-18 06:00:00,0.00260000000707805
2017-06-18 07:00:00,-0.01189999934285879
2017-06-18 08:00:00,-0.01189999934285879
2017-06-18 09:00:00,-0.01189999934285879
2017-06-18 10:00:00,-0.01609999872744083
2017-06-18 11:00:00,-0.01609999872744083
2017-06-18 12:00:00,-0.01609999872744083
2017-06-18 13:00:00,0.18709999322891235
2017-06-18 14:00:00,0.18709999322891235
2017-06-18 15:00:00,0.18709999322891235
2017-06-18 16:00:00,0.6080999970436096
2017-06-18 17:00:00,0.6080999970436096
2017-06-18 18:00:00,0.6080999970436096
2017-06-18 19:00:00,0.8474999666213989
2017-06-18 20:00:00,0.8474999666213989
2017-06-18 21:00:00,0.8474999666213989
2017-06-18 22:00:00,0.6499999761581421
2017-06-18 23:00:00,0.6499999761581421
2017-06-19,0.6499999761581421
2017-06-19 01:00:00,0.15449999272823334
2017-06-19 02:00:00,0.15449999272823334
2017-06-19 03:00:00,0.15449999272823334
2017-06-19 04:00:00,0.0198999997228384
2017-06-19 05:00:00,0.0198999997228384
2017-06-19 06:00:00,0.0198999997228384
2017-06-19 07:00:00,-0.00150000001303851
2017-06-19 08:00:00,-0.00150000001303851
2017-06-19 09:00:00,-0.00150000001303851
2017-06-19 10:00:00,-0.0089999996125698
2017-06-19 11:00:00,-0.0089999996125698
2017-06-19 12:00:00,-0.0089999996125698
2017-06-19 13:00:00,0.2038999944925308
2017-06-19 14:00:00,0.2038999944925308
2017-06-19 15:00:00,0.2038999944925308
2017-06-19 16:00:00,0.6376000046730042
2017-06-19 17:00:00,0.6376000046730042
2017-06-19 18:00:00,0.6376000046730042
2017-06-19 19:00:00,0.8552999496459961
2017-06-19 20:00:00,0.8552999496459961
2017-06-19 21:00:00,0.8552999496459961
2017-06-19 22:00:00,0.6376999616622925
2017-06-19 23:00:00,0.6376999616622925
2017-06-20,0.6376999616622925
2017-06-20 01:00:00,0.16489998996257782
2017-06-20 02:00:00,0.16489998996257782
2017-06-20 03:00:00,0.16489998996257782
2017-06-20 04:00:00,0.01169999968260526
2017-06-20 05:00:00,0.01169999968260526
2017-06-20 06:00:00,0.01169999968260526
2017-06-20 07:00:00,-2.9999998514540493e-4
2017-06-20 08:00:00,-2.9999998514540493e-4
2017-06-20 09:00:00,-2.9999998514540493e-4
2017-06-20 10:00:00,0.00810000021010637
2017-06-20 11:00:00,0.00810000021010637
2017-06-20 12:00:00,0.00810000021010637
2017-06-20 13:00:00,0.24809999763965607
2017-06-20 14:00:00,0.24809999763965607
2017-06-20 15:00:00,0.24809999763965607
2017-06-20 16:00:00,0.7473999857902527
2017-06-20 17:00:00,0.7473999857902527
2017-06-20 18:00:00,0.7473999857902527
2017-06-20 19:00:00,0.9955999851226808
2017-06-20 20:00:00,0.9955999851226808
2017-06-20 21:00:00,0.9955999851226808
2017-06-20 22:00:00,0.7372999787330627
2017-06-20 23:00:00,0.7372999787330627
2017-06-21,0.7372999787330627
2017-06-21 01:00:00,0.17029999196529388
2017-06-21 02:00:00,0.17029999196529388
2017-06-21 03:00:00,0.17029999196529388
2017-06-21 04:00:00,0.00810000021010637
2017-06-21 05:00:00,0.00810000021010637
2017-06-21 06:00:00,0.00810000021010637
2017-06-21 07:00:00,0.01860000006854534
2017-06-21 08:00:00,0.01860000006854534
2017-06-21 09:00:00,0.01860000006854534
2017-06-21 10:00:00,0.03089999966323375
2017-06-21 11:00:00,0.03089999966323375
2017-06-21 12:00:00,0.03089999966323375
2017-06-21 13:00:00,0.2969000041484833
2017-06-21 14:00:00,0.2969000041484833
2017-06-21 15:00:00,0.2969000041484833
2017-06-21 16:00:00,0.8071999549865723
2017-06-21 17:00:00,0.8071999549865723
2017-06-21 18:00:00,0.8071999549865723
2017-06-21 19:00:00,1.0145999193191528
2017-06-21 20:00:00,1.0145999193191528
2017-06-21 21:00:00,1.0145999193191528
2017-06-21 22:00:00,0.7910000085830688
2017-06-21 23:00:00,0.7910000085830688
2017-06-22,0.7910000085830688
2017-06-22 01:00:00,0.2061999887228012
2017-06-22 02:00:00,0.2061999887228012
2017-06-22 03:00:00,0.2061999887228012
2017-06-22 04:00:00,0.04959997534751892
2017-06-22 05:00:00,0.04959997534751892
2017-06-22 06:00:00,0.04959997534751892
2017-06-22 07:00:00,0.04169999808073044
2017-06-22 08:00:00,0.04169999808073044
2017-06-22 09:00:00,0.04169999808073044
2017-06-22 10:00:00,0.03260000050067901
2017-06-22 11:00:00,0.03260000050067901
2017-06-22 12:00:00,0.03260000050067901
2017-06-22 13:00:00,0.32109999656677246
2017-06-22 14:00:00,0.32109999656677246
2017-06-22 15:00:00,0.32109999656677246
2017-06-22 16:00:00,0.7886999845504761
2017-06-22 17:00:00,0.7886999845504761
2017-06-22 18:00:00,0.7886999845504761
2017-06-22 19:00:00,0.9032999873161316
2017-06-22 20:00:00,0.9032999873161316
2017-06-22 21:00:00,0.9032999873161316
2017-06-22 22:00:00,0.6466999650001526
2017-06-22 23:00:00,0.6466999650001526
2017-06-23,0.6466999650001526
2017-06-23 01:00:00,0.1890999972820282
2017-06-23 02:00:00,0.1890999972820282
2017-06-23 03:00:00,0.1890999972820282
2017-06-23 04:00:00,0.01049997564405202
2017-06-23 05:00:00,0.01049997564405202
2017-06-23 06:00:00,0.01049997564405202
2017-06-23 07:00:00,9.999999310821297e-4
2017-06-23 08:00:00,9.999999310821297e-4
2017-06-23 09:00:00,9.999999310821297e-4
2017-06-23 10:00:00,3.9999998989515007e-4
2017-06-23 11:00:00,3.9999998989515007e-4
2017-06-23 12:00:00,3.9999998989515007e-4
2017-06-23 13:00:00,0.17260000109672546
2017-06-23 14:00:00,0.17260000109672546
2017-06-23 15:00:00,0.17260000109672546
2017-06-23 16:00:00,0.5084999799728394
2017-06-23 17:00:00,0.5084999799728394
2017-06-23 18:00:00,0.5084999799728394
2017-06-23 19:00:00,0.7150999903678894
2017-06-23 20:00:00,0.7150999903678894
2017-06-23 21:00:00,0.7150999903678894
2017-06-23 22:00:00,0.5284000039100647
2017-06-23 23:00:00,0.5284000039100647
2017-06-24,0.5284000039100647
2017-06-24 01:00:00,0.11209999769926073
2017-06-24 02:00:00,0.11209999769926073
2017-06-24 03:00:00,0.11209999769926073
2017-06-24 04:00:00,-0.00659999996423721
2017-06-24 05:00:00,-0.00659999996423721
2017-06-24 06:00:00,-0.00659999996423721
2017-06-24 07:00:00,-0.00999999977648258
2017-06-24 08:00:00,-0.00999999977648258
2017-06-24 09:00:00,-0.00999999977648258
2017-06-24 10:00:00,-0.01349999941885471
2017-06-24 11:00:00,-0.01349999941885471
2017-06-24 12:00:00,-0.01349999941885471
2017-06-24 13:00:00,0.19339999556541443
2017-06-24 14:00:00,0.19339999556541443
2017-06-24 15:00:00,0.19339999556541443
2017-06-24 16:00:00,0.5785999894142151
2017-06-24 17:00:00,0.5785999894142151
2017-06-24 18:00:00,0.5785999894142151
2017-06-24 19:00:00,0.7123000025749207
2017-06-24 20:00:00,0.7123000025749207
2017-06-24 21:00:00,0.7123000025749207
2017-06-24 22:00:00,0.49559998512268066
2017-06-24 23:00:00,0.49559998512268066
2017-06-25,0.49559998512268066
2017-06-25 01:00:00,0.10859999805688858
2017-06-25 02:00:00,0.10859999805688858
2017-06-25 03:00:00,0.10859999805688858
2017-06-25 04:00:00,0.00469999993219971
2017-06-25 05:00:00,0.00469999993219971
2017-06-25 06:00:00,0.00469999993219971
2017-06-25 07:00:00,-0.00839999970048666
2017-06-25 08:00:00,-0.00839999970048666
2017-06-25 09:00:00,-0.00839999970048666
2017-06-25 10:00:00,-0.01469999924302101
2017-06-25 11:00:00,-0.01469999924302101
2017-06-25 12:00:00,-0.01469999924302101
2017-06-25 13:00:00,0.15529999136924744
2017-06-25 14:00:00,0.15529999136924744
2017-06-25 15:00:00,0.15529999136924744
2017-06-25 16:00:00,0.5318999886512756
2017-06-25 17:00:00,0.5318999886512756
2017-06-25 18:00:00,0.5318999886512756
2017-06-25 19:00:00,0.7312999963760376
2017-06-25 20:00:00,0.7312999963760376
2017-06-25 21:00:00,0.7312999963760376
2017-06-25 22:00:00,0.5468999743461609
2017-06-25 23:00:00,0.5468999743461609
2017-06-26,0.5468999743461609
2017-06-26 01:00:00,0.11809999495744704
2017-06-26 02:00:00,0.11809999495744704
2017-06-26 03:00:00,0.11809999495744704
2017-06-26 04:00:00,-0.00230000005103647
2017-06-26 05:00:00,-0.00230000005103647
2017-06-26 06:00:00,-0.00230000005103647
2017-06-26 07:00:00,-0.01239999942481517
2017-06-26 08:00:00,-0.01239999942481517
2017-06-26 09:00:00,-0.01239999942481517
2017-06-26 10:00:00,-0.01319999992847442
2017-06-26 11:00:00,-0.01319999992847442
2017-06-26 12:00:00,-0.01319999992847442
2017-06-26 13:00:00,0.2039999961853027
2017-06-26 14:00:00,0.2039999961853027
2017-06-26 15:00:00,0.2039999961853027
2017-06-26 16:00:00,0.6674999594688416
2017-06-26 17:00:00,0.6674999594688416
2017-06-26 18:00:00,0.6674999594688416
2017-06-26 19:00:00,0.8233999609947205
2017-06-26 20:00:00,0.8233999609947205
2017-06-26 21:00:00,0.8233999609947205
2017-06-26 22:00:00,0.6202999949455261
2017-06-26 23:00:00,0.6202999949455261
2017-06-27,0.6202999949455261
2017-06-27 01:00:00,0.16830000281333923
2017-06-27 02:00:00,0.16830000281333923
2017-06-27 03:00:00,0.16830000281333923
2017-06-27 04:00:00,0.03070000000298023
2017-06-27 05:00:00,0.03070000000298023
2017-06-27 06:00:00,0.03070000000298023
2017-06-27 07:00:00,0.0092000002041459
2017-06-27 08:00:00,0.0092000002041459
2017-06-27 09:00:00,0.0092000002041459
2017-06-27 10:00:00,0.01219999976456165
2017-06-27 11:00:00,0.01219999976456165
2017-06-27 12:00:00,0.01219999976456165
2017-06-27 13:00:00,0.27619999647140503
2017-06-27 14:00:00,0.27619999647140503
2017-06-27 15:00:00,0.27619999647140503
2017-06-27 16:00:00,0.804099977016449
2017-06-27 17:00:00,0.804099977016449
2017-06-27 18:00:00,0.804099977016449
2017-06-27 19:00:00,0.9835999608039856
2017-06-27 20:00:00,0.9835999608039856
2017-06-27 21:00:00,0.9835999608039856
2017-06-27 22:00:00,0.7412999868392944
2017-06-27 23:00:00,0.7412999868392944
2017-06-28,0.7412999868392944
2017-06-28 01:00:00,0.20679999887943268
2017-06-28 02:00:00,0.20679999887943268
2017-06-28 03:00:00,0.20679999887943268
2017-06-28 04:00:00,0.03179999813437462
2017-06-28 05:00:00,0.03179999813437462
2017-06-28 06:00:00,0.03179999813437462
2017-06-28 07:00:00,0.03659999743103981
2017-06-28 08:00:00,0.03659999743103981
2017-06-28 09:00:00,0.03659999743103981
2017-06-28 10:00:00,0.00969999935477972
2017-06-28 11:00:00,0.00969999935477972
2017-06-28 12:00:00,0.00969999935477972
2017-06-28 13:00:00,0.20489999651908877
2017-06-28 14:00:00,0.20489999651908877
2017-06-28 15:00:00,0.20489999651908877
2017-06-28 16:00:00,0.6685999631881714
2017-06-28 17:00:00,0.6685999631881714
2017-06-28 18:00:00,0.6685999631881714
2017-06-28 19:00:00,0.8454999923706055
2017-06-28 20:00:00,0.8454999923706055
2017-06-28 21:00:00,0.8454999923706055
2017-06-28 22:00:00,0.6607999801635742
2017-06-28 23:00:00,0.6607999801635742
2017-06-29,0.6607999801635742
2017-06-29 01:00:00,0.1525999754667282
2017-06-29 02:00:00,0.1525999754667282
2017-06-29 03:00:00,0.1525999754667282
2017-06-29 04:00:00,0.02769999951124191
2017-06-29 05:00:00,0.02769999951124191
2017-06-29 06:00:00,0.02769999951124191
2017-06-29 07:00:00,0.01950000040233135
2017-06-29 08:00:00,0.01950000040233135
2017-06-29 09:00:00,0.01950000040233135
2017-06-29 10:00:00,0.0101999994367361
2017-06-29 11:00:00,0.0101999994367361
2017-06-29 12:00:00,0.0101999994367361
2017-06-29 13:00:00,0.22100000083446503
2017-06-29 14:00:00,0.22100000083446503
2017-06-29 15:00:00,0.22100000083446503
2017-06-29 16:00:00,0.6236000061035156
2017-06-29 17:00:00,0.6236000061035156
2017-06-29 18:00:00,0.6236000061035156
2017-06-29 19:00:00,0.78329998254776
2017-06-29 20:00:00,0.78329998254776
2017-06-29 21:00:00,0.78329998254776
2017-06-29 22:00:00,0.5892999768257141
2017-06-29 23:00:00,0.5892999768257141
2017-06-30,0.5892999768257141
2017-06-30 01:00:00,0.1816999912261963
2017-06-30 02:00:00,0.1816999912261963
2017-06-30 03:00:00,0.1816999912261963
2017-06-30 04:00:00,0.02419999986886978
2017-06-30 05:00:00,0.02419999986886978
2017-06-30 06:00:00,0.02419999986886978
2017-06-30 07:00:00,0.01860000006854534
2017-06-30 08:00:00,0.01860000006854534
2017-06-30 09:00:00,0.01860000006854534
2017-06-30 10:00:00,0.00269999983720481
2017-06-30 11:00:00,0.00269999983720481
2017-06-30 12:00:00,0.00269999983720481
2017-06-30 13:00:00,0.16099999845027924
2017-06-30 14:00:00,0.16099999845027924
2017-06-30 15:00:00,0.16099999845027924
2017-06-30 16:00:00,0.4822999835014343
2017-06-30 17:00:00,0.4822999835014343
2017-06-30 18:00:00,0.4822999835014343
2017-06-30 19:00:00,0.6150000095367432
2017-06-30 20:00:00,0.6150000095367432
2017-06-30 21:00:00,0.6150000095367432
2017-06-30 22:00:00,0.499699980020523
2017-06-30 23:00:00,0.499699980020523
2017-07-01,0.499699980020523
2017-07-01 01:00:00,0.0940999984741211
2017-07-01 02:00:00,0.0940999984741211
2017-07-01 03:00:00,0.0940999984741211
2017-07-01 04:00:00,0.00630000000819563
2017-07-01 05:00:00,0.00630000000819563
2017-07-01 06:00:00,0.00630000000819563
2017-07-01 07:00:00,-0.00460000010207295
2017-07-01 08:00:00,-0.00460000010207295
2017-07-01 09:00:00,-0.00460000010207295
2017-07-01 10:00:00,-0.00130000000353902
2017-07-01 11:00:00,-0.00130000000353902
2017-07-01 12:00:00,-0.00130000000353902
2017-07-01 13:00:00,0.1589999943971634
2017-07-01 14:00:00,0.1589999943971634
2017-07-01 15:00:00,0.1589999943971634
2017-07-01 16:00:00,0.6216999888420105
2017-07-01 17:00:00,0.6216999888420105
2017-07-01 18:00:00,0.6216999888420105
2017-07-01 19:00:00,0.8260999917984009
2017-07-01 20:00:00,0.8260999917984009
2017-07-01 21:00:00,0.8260999917984009
2017-07-01 22:00:00,0.6390999555587769
2017-07-01 23:00:00,0.6390999555587769
2017-07-02,0.6390999555587769
2017-07-02 01:00:00,0.1591999977827072
2017-07-02 02:00:00,0.1591999977827072
2017-07-02 03:00:00,0.1591999977827072
2017-07-02 04:00:00,0.01529999915510416
2017-07-02 05:00:00,0.01529999915510416
2017-07-02 06:00:00,0.01529999915510416
2017-07-02 07:00:00,0.0071000000461936
2017-07-02 08:00:00,0.0071000000461936
2017-07-02 09:00:00,0.0071000000461936
2017-07-02 10:00:00,0.00239999988116323
2017-07-02 11:00:00,0.00239999988116323
2017-07-02 12:00:00,0.00239999988116323
2017-07-02 13:00:00,0.23649999499320984
2017-07-02 14:00:00,0.23649999499320984
2017-07-02 15:00:00,0.23649999499320984
2017-07-02 16:00:00,0.7186999917030334
2017-07-02 17:00:00,0.7186999917030334
2017-07-02 18:00:00,0.7186999917030334
2017-07-02 19:00:00,0.8590999841690063
2017-07-02 20:00:00,0.8590999841690063
2017-07-02 21:00:00,0.8590999841690063
2017-07-02 22:00:00,0.6804999709129333
2017-07-02 23:00:00,0.6804999709129333
2017-07-03,0.6804999709129333
2017-07-03 01:00:00,0.18940000236034393
2017-07-03 02:00:00,0.18940000236034393
2017-07-03 03:00:00,0.18940000236034393
2017-07-03 04:00:00,0.05790000036358833
2017-07-03 05:00:00,0.05790000036358833
2017-07-03 06:00:00,0.05790000036358833
2017-07-03 07:00:00,0.03179999813437462
2017-07-03 08:00:00,0.03179999813437462
2017-07-03 09:00:00,0.03179999813437462
2017-07-03 10:00:00,0.01049999985843896
2017-07-03 11:00:00,0.01049999985843896
2017-07-03 12:00:00,0.01049999985843896
2017-07-03 13:00:00,0.1656000018119812
2017-07-03 14:00:00,0.1656000018119812
2017-07-03 15:00:00,0.1656000018119812
2017-07-03 16:00:00,0.6200999617576599
2017-07-03 17:00:00,0.6200999617576599
2017-07-03 18:00:00,0.6200999617576599
2017-07-03 19:00:00,0.7447999715805054
2017-07-03 20:00:00,0.7447999715805054
2017-07-03 21:00:00,0.7447999715805054
2017-07-03 22:00:00,0.633899986743927
2017-07-03 23:00:00,0.633899986743927
2017-07-04,0.633899986743927
2017-07-04 01:00:00,0.1476999968290329
2017-07-04 02:00:00,0.1476999968290329
2017-07-04 03:00:00,0.1476999968290329
2017-07-04 04:00:00,0.03779999911785126
2017-07-04 05:00:00,0.03779999911785126
2017-07-04 06:00:00,0.03779999911785126
2017-07-04 07:00:00,0.01970000006258487
2017-07-04 08:00:00,0.01970000006258487
2017-07-04 09:00:00,0.01970000006258487
2017-07-04 10:00:00,0.01169999968260526
2017-07-04 11:00:00,0.01169999968260526
2017-07-04 12:00:00,0.01169999968260526
2017-07-04 13:00:00,0.23719999194145203
2017-07-04 14:00:00,0.23719999194145203
2017-07-04 15:00:00,0.23719999194145203
2017-07-04 16:00:00,0.6777999997138977
2017-07-04 17:00:00,0.6777999997138977
2017-07-04 18:00:00,0.6777999997138977
2017-07-04 19:00:00,0.8308999538421631
2017-07-04 20:00:00,0.8308999538421631
2017-07-04 21:00:00,0.8308999538421631
2017-07-04 22:00:00,0.6261000037193298
2017-07-04 23:00:00,0.6261000037193298
2017-07-05,0.6261000037193298
2017-07-05 01:00:00,0.1655999720096588
2017-07-05 02:00:00,0.1655999720096588
2017-07-05 03:00:00,0.1655999720096588
2017-07-05 04:00:00,0.0186999998986721
2017-07-05 05:00:00,0.0186999998986721
2017-07-05 06:00:00,0.0186999998986721
2017-07-05 07:00:00,0.01150000002235174
2017-07-05 08:00:00,0.01150000002235174
2017-07-05 09:00:00,0.01150000002235174
2017-07-05 10:00:00,0.00419999985024333
2017-07-05 11:00:00,0.00419999985024333
2017-07-05 12:00:00,0.00419999985024333
2017-07-05 13:00:00,0.19059999287128448
2017-07-05 14:00:00,0.19059999287128448
2017-07-05 15:00:00,0.19059999287128448
2017-07-05 16:00:00,0.6394999623298645
2017-07-05 17:00:00,0.6394999623298645
2017-07-05 18:00:00,0.6394999623298645
2017-07-05 19:00:00,0.8335999846458435
2017-07-05 20:00:00,0.8335999846458435
2017-07-05 21:00:00,0.8335999846458435
2017-07-05 22:00:00,0.6175999641418457
2017-07-05 23:00:00,0.6175999641418457
2017-07-06,0.6175999641418457
2017-07-06 01:00:00,0.1639999896287918
2017-07-06 02:00:00,0.1639999896287918
2017-07-06 03:00:00,0.1639999896287918
2017-07-06 04:00:00,0.01409999933093786
2017-07-06 05:00:00,0.01409999933093786
2017-07-06 06:00:00,0.01409999933093786
2017-07-06 07:00:00,0.00389999989420175
2017-07-06 08:00:00,0.00389999989420175
2017-07-06 09:00:00,0.00389999989420175
2017-07-06 10:00:00,0.00219999998807907
2017-07-06 11:00:00,0.00219999998807907
2017-07-06 12:00:00,0.00219999998807907
2017-07-06 13:00:00,0.18299999833106995
2017-07-06 14:00:00,0.18299999833106995
2017-07-06 15:00:00,0.18299999833106995
2017-07-06 16:00:00,0.6747999787330627
2017-07-06 17:00:00,0.6747999787330627
2017-07-06 18:00:00,0.6747999787330627
2017-07-06 19:00:00,0.8797999620437622
2017-07-06 20:00:00,0.8797999620437622
2017-07-06 21:00:00,0.8797999620437622
2017-07-06 22:00:00,0.6805999875068665
2017-07-06 23:00:00,0.6805999875068665
2017-07-07,0.6805999875068665
2017-07-07 01:00:00,0.18689998984336853
2017-07-07 02:00:00,0.18689998984336853
2017-07-07 03:00:00,0.18689998984336853
2017-07-07 04:00:00,0.03500000014901161
2017-07-07 05:00:00,0.03500000014901161
2017-07-07 06:00:00,0.03500000014901161
2017-07-07 07:00:00,0.03509999811649322
2017-07-07 08:00:00,0.03509999811649322
2017-07-07 09:00:00,0.03509999811649322
2017-07-07 10:00:00,0.01189999934285879
2017-07-07 11:00:00,0.01189999934285879
2017-07-07 12:00:00,0.01189999934285879
2017-07-07 13:00:00,0.19629999995231628
2017-07-07 14:00:00,0.19629999995231628
2017-07-07 15:00:00,0.19629999995231628
2017-07-07 16:00:00,0.6606999635696411
2017-07-07 17:00:00,0.6606999635696411
2017-07-07 18:00:00,0.6606999635696411
2017-07-07 19:00:00,0.7899999618530273
2017-07-07 20:00:00,0.7899999618530273
2017-07-07 21:00:00,0.7899999618530273
2017-07-07 22:00:00,0.4948999881744385
2017-07-07 23:00:00,0.4948999881744385
2017-07-08,0.4948999881744385
2017-07-08 01:00:00,0.18619999289512632
2017-07-08 02:00:00,0.18619999289512632
2017-07-08 03:00:00,0.18619999289512632
2017-07-08 04:00:00,0.02029999904334545
2017-07-08 05:00:00,0.02029999904334545
2017-07-08 06:00:00,0.02029999904334545
2017-07-08 07:00:00,0.0186999998986721
2017-07-08 08:00:00,0.0186999998986721
2017-07-08 09:00:00,0.0186999998986721
2017-07-08 10:00:00,0.01889999955892563
2017-07-08 11:00:00,0.01889999955892563
2017-07-08 12:00:00,0.01889999955892563
2017-07-08 13:00:00,0.17759999632835388
2017-07-08 14:00:00,0.17759999632835388
2017-07-08 15:00:00,0.17759999632835388
2017-07-08 16:00:00,0.6193999648094177
2017-07-08 17:00:00,0.6193999648094177
2017-07-08 18:00:00,0.6193999648094177
2017-07-08 19:00:00,0.786300003528595
2017-07-08 20:00:00,0.786300003528595
2017-07-08 21:00:00,0.786300003528595
2017-07-08 22:00:00,0.5501999855041504
2017-07-08 23:00:00,0.5501999855041504
2017-07-09,0.5501999855041504
2017-07-09 01:00:00,0.1598999947309494
2017-07-09 02:00:00,0.1598999947309494
2017-07-09 03:00:00,0.1598999947309494
2017-07-09 04:00:00,0.0182999987155199
2017-07-09 05:00:00,0.0182999987155199
2017-07-09 06:00:00,0.0182999987155199
2017-07-09 07:00:00,0.00529999984428286
2017-07-09 08:00:00,0.00529999984428286
2017-07-09 09:00:00,0.00529999984428286
2017-07-09 10:00:00,1.9999999494757503e-4
2017-07-09 11:00:00,1.9999999494757503e-4
2017-07-09 12:00:00,1.9999999494757503e-4
2017-07-09 13:00:00,0.1851999908685684
2017-07-09 14:00:00,0.1851999908685684
2017-07-09 15:00:00,0.1851999908685684
2017-07-09 16:00:00,0.6596999764442444
2017-07-09 17:00:00,0.6596999764442444
2017-07-09 18:00:00,0.6596999764442444
2017-07-09 19:00:00,0.8446999788284302
2017-07-09 20:00:00,0.8446999788284302
2017-07-09 21:00:00,0.8446999788284302
2017-07-09 22:00:00,0.6211000084877014
2017-07-09 23:00:00,0.6211000084877014
2017-07-10,0.6211000084877014
2017-07-10 01:00:00,0.16589999198913574
2017-07-10 02:00:00,0.16589999198913574
2017-07-10 03:00:00,0.16589999198913574
2017-07-10 04:00:00,0.0182999987155199
2017-07-10 05:00:00,0.0182999987155199
2017-07-10 06:00:00,0.0182999987155199
2017-07-10 07:00:00,0.01339999958872795
2017-07-10 08:00:00,0.01339999958872795
2017-07-10 09:00:00,0.01339999958872795
2017-07-10 10:00:00,0.01319999992847442
2017-07-10 11:00:00,0.01319999992847442
2017-07-10 12:00:00,0.01319999992847442
2017-07-10 13:00:00,0.18599998950958252
2017-07-10 14:00:00,0.18599998950958252
2017-07-10 15:00:00,0.18599998950958252
2017-07-10 16:00:00,0.6121000051498413
2017-07-10 17:00:00,0.6121000051498413
2017-07-10 18:00:00,0.6121000051498413
2017-07-10 19:00:00,0.7651999592781067
2017-07-10 20:00:00,0.7651999592781067
2017-07-10 21:00:00,0.7651999592781067
2017-07-10 22:00:00,0.6180999875068665
2017-07-10 23:00:00,0.6180999875068665
2017-07-11,NA
2017-07-11 01:00:00,0.20309999585151672
2017-07-11 02:00:00,0.20309999585151672
2017-07-11 03:00:00,0.20309999585151672
2017-07-11 04:00:00,0.04559999704360962
2017-07-11 05:00:00,0.04559999704360962
2017-07-11 06:00:00,0.04559999704360962
2017-07-11 07:00:00,0.05989999696612358
2017-07-11 08:00:00,0.05989999696612358
2017-07-11 09:00:00,0.05989999696612358
2017-07-11 10:00:00,0.04069999977946281
2017-07-11 11:00:00,0.04069999977946281
2017-07-11 12:00:00,0.04069999977946281
2017-07-11 13:00:00,0.23149999976158145
2017-07-11 14:00:00,0.23149999976158145
2017-07-11 15:00:00,0.23149999976158145
2017-07-11 16:00:00,0.5799999833106995
2017-07-11 17:00:00,0.5799999833106995
2017-07-11 18:00:00,0.5799999833106995
2017-07-11 19:00:00,0.7734999656677246
2017-07-11 20:00:00,0.7734999656677246
2017-07-11 21:00:00,0.7734999656677246
2017-07-11 22:00:00,0.5805999636650085
2017-07-11 23:00:00,0.5805999636650085
2017-07-12,0.5805999636650085
2017-07-12 01:00:00,0.1590999960899353
2017-07-12 02:00:00,0.1590999960899353
2017-07-12 03:00:00,0.1590999960899353
2017-07-12 04:00:00,0.03709999844431877
2017-07-12 05:00:00,0.03709999844431877
2017-07-12 06:00:00,0.03709999844431877
2017-07-12 07:00:00,0.03419997543096542
2017-07-12 08:00:00,0.03419997543096542
2017-07-12 09:00:00,0.03419997543096542
2017-07-12 10:00:00,0.00980000011622905
2017-07-12 11:00:00,0.00980000011622905
2017-07-12 12:00:00,0.00980000011622905
2017-07-12 13:00:00,0.15709999203681946
2017-07-12 14:00:00,0.15709999203681946
2017-07-12 15:00:00,0.15709999203681946
2017-07-12 16:00:00,0.4754999876022339
2017-07-12 17:00:00,0.4754999876022339
2017-07-12 18:00:00,0.4754999876022339
2017-07-12 19:00:00,0.5615999698638916
2017-07-12 20:00:00,0.5615999698638916
2017-07-12 21:00:00,0.5615999698638916
2017-07-12 22:00:00,0.4256999790668487
2017-07-12 23:00:00,0.4256999790668487
2017-07-13,0.4256999790668487
2017-07-13 01:00:00,0.12839999794960022
2017-07-13 02:00:00,0.12839999794960022
2017-07-13 03:00:00,0.12839999794960022
2017-07-13 04:00:00,0.01109999977052211
2017-07-13 05:00:00,0.01109999977052211
2017-07-13 06:00:00,0.01109999977052211
2017-07-13 07:00:00,9.999999310821297e-4
2017-07-13 08:00:00,9.999999310821297e-4
2017-07-13 09:00:00,9.999999310821297e-4
2017-07-13 10:00:00,-0.01009999960660934
2017-07-13 11:00:00,-0.01009999960660934
2017-07-13 12:00:00,-0.01009999960660934
2017-07-13 13:00:00,0.15160000324249268
2017-07-13 14:00:00,0.15160000324249268
2017-07-13 15:00:00,0.15160000324249268
2017-07-13 16:00:00,0.5684999823570251
2017-07-13 17:00:00,0.5684999823570251
2017-07-13 18:00:00,0.5684999823570251
2017-07-13 19:00:00,0.6507999897003174
2017-07-13 20:00:00,0.6507999897003174
2017-07-13 21:00:00,0.6507999897003174
2017-07-13 22:00:00,0.4657999873161316
2017-07-13 23:00:00,0.4657999873161316
2017-07-14,0.4657999873161316
2017-07-14 01:00:00,0.14899997413158417
2017-07-14 02:00:00,0.14899997413158417
2017-07-14 03:00:00,0.14899997413158417
2017-07-14 04:00:00,0.00410000002011656
2017-07-14 05:00:00,0.00410000002011656
2017-07-14 06:00:00,0.00410000002011656
2017-07-14 07:00:00,-0.00529999984428286
2017-07-14 08:00:00,-0.00529999984428286
2017-07-14 09:00:00,-0.00529999984428286
2017-07-14 10:00:00,-0.00820000004023313
2017-07-14 11:00:00,-0.00820000004023313
2017-07-14 12:00:00,-0.00820000004023313
2017-07-14 13:00:00,0.1673000007867813
2017-07-14 14:00:00,0.1673000007867813
2017-07-14 15:00:00,0.1673000007867813
2017-07-14 16:00:00,0.5767999887466431
2017-07-14 17:00:00,0.5767999887466431
2017-07-14 18:00:00,0.5767999887466431
2017-07-14 19:00:00,0.753600001335144
2017-07-14 20:00:00,0.753600001335144
2017-07-14 21:00:00,0.753600001335144
2017-07-14 22:00:00,0.566100001335144
2017-07-14 23:00:00,0.566100001335144
2017-07-15,0.566100001335144
2017-07-15 01:00:00,0.1680999994277954
2017-07-15 02:00:00,0.1680999994277954
2017-07-15 03:00:00,0.1680999994277954
2017-07-15 04:00:00,0.01239999942481517
2017-07-15 05:00:00,0.01239999942481517
2017-07-15 06:00:00,0.01239999942481517
2017-07-15 07:00:00,0.00339999981224536
2017-07-15 08:00:00,0.00339999981224536
2017-07-15 09:00:00,0.00339999981224536
2017-07-15 10:00:00,-0.00370000000111758
2017-07-15 11:00:00,-0.00370000000111758
2017-07-15 12:00:00,-0.00370000000111758
2017-07-15 13:00:00,0.18060000240802765
2017-07-15 14:00:00,0.18060000240802765
2017-07-15 15:00:00,0.18060000240802765
2017-07-15 16:00:00,0.5787999629974365
2017-07-15 17:00:00,0.5787999629974365
2017-07-15 18:00:00,0.5787999629974365
2017-07-15 19:00:00,0.7548999786376953
2017-07-15 20:00:00,0.7548999786376953
2017-07-15 21:00:00,0.7548999786376953
2017-07-15 22:00:00,0.557699978351593
2017-07-15 23:00:00,0.557699978351593
2017-07-16,0.557699978351593
2017-07-16 01:00:00,0.1673000007867813
2017-07-16 02:00:00,0.1673000007867813
2017-07-16 03:00:00,0.1673000007867813
2017-07-16 04:00:00,0.00479999976232647
2017-07-16 05:00:00,0.00479999976232647
2017-07-16 06:00:00,0.00479999976232647
2017-07-16 07:00:00,-0.00939999986439943
2017-07-16 08:00:00,-0.00939999986439943
2017-07-16 09:00:00,-0.00939999986439943
2017-07-16 10:00:00,-0.01620000042021274
2017-07-16 11:00:00,-0.01620000042021274
2017-07-16 12:00:00,-0.01620000042021274
2017-07-16 13:00:00,0.1492999941110611
2017-07-16 14:00:00,0.1492999941110611
2017-07-16 15:00:00,0.1492999941110611
2017-07-16 16:00:00,0.574400007724762
2017-07-16 17:00:00,0.574400007724762
2017-07-16 18:00:00,0.574400007724762
2017-07-16 19:00:00,0.7075999975204468
2017-07-16 20:00:00,0.7075999975204468
2017-07-16 21:00:00,0.7075999975204468
2017-07-16 22:00:00,0.5126000046730042
2017-07-16 23:00:00,0.5126000046730042
2017-07-17,0.5126000046730042
2017-07-17 01:00:00,0.13379999995231628
2017-07-17 02:00:00,0.13379999995231628
2017-07-17 03:00:00,0.13379999995231628
2017-07-17 04:00:00,0.00269999983720481
2017-07-17 05:00:00,0.00269999983720481
2017-07-17 06:00:00,0.00269999983720481
2017-07-17 07:00:00,-0.00949999969452619
2017-07-17 08:00:00,-0.00949999969452619
2017-07-17 09:00:00,-0.00949999969452619
2017-07-17 10:00:00,0.00659999996423721
2017-07-17 11:00:00,0.00659999996423721
2017-07-17 12:00:00,0.00659999996423721
2017-07-17 13:00:00,0.21739999949932096
2017-07-17 14:00:00,0.21739999949932096
2017-07-17 15:00:00,0.21739999949932096
2017-07-17 16:00:00,0.6548999547958374
2017-07-17 17:00:00,0.6548999547958374
2017-07-17 18:00:00,0.6548999547958374
2017-07-17 19:00:00,0.7947999835014343
2017-07-17 20:00:00,0.7947999835014343
2017-07-17 21:00:00,0.7947999835014343
2017-07-17 22:00:00,0.5780999660491943
2017-07-17 23:00:00,0.5780999660491943
2017-07-18,0.5780999660491943
2017-07-18 01:00:00,0.1533999890089035
2017-07-18 02:00:00,0.1533999890089035
2017-07-18 03:00:00,0.1533999890089035
2017-07-18 04:00:00,0.02080000005662441
2017-07-18 05:00:00,0.02080000005662441
2017-07-18 06:00:00,0.02080000005662441
2017-07-18 07:00:00,0.0170999988913536
2017-07-18 08:00:00,0.0170999988913536
2017-07-18 09:00:00,0.0170999988913536
2017-07-18 10:00:00,0.02469999901950359
2017-07-18 11:00:00,0.02469999901950359
2017-07-18 12:00:00,0.02469999901950359
2017-07-18 13:00:00,0.19189999997615817
2017-07-18 14:00:00,0.19189999997615817
2017-07-18 15:00:00,0.19189999997615817
2017-07-18 16:00:00,0.6237999796867371
2017-07-18 17:00:00,0.6237999796867371
2017-07-18 18:00:00,0.6237999796867371
2017-07-18 19:00:00,0.7748000025749207
2017-07-18 20:00:00,0.7748000025749207
2017-07-18 21:00:00,0.7748000025749207
2017-07-18 22:00:00,0.6025999784469604
2017-07-18 23:00:00,0.6025999784469604
2017-07-19,0.6025999784469604
2017-07-19 01:00:00,0.15959998965263367
2017-07-19 02:00:00,0.15959998965263367
2017-07-19 03:00:00,0.15959998965263367
2017-07-19 04:00:00,0.02459999918937683
2017-07-19 05:00:00,0.02459999918937683
2017-07-19 06:00:00,0.02459999918937683
2017-07-19 07:00:00,0.02279999852180481
2017-07-19 08:00:00,0.02279999852180481
2017-07-19 09:00:00,0.02279999852180481
2017-07-19 10:00:00,0.01469999924302101
2017-07-19 11:00:00,0.01469999924302101
2017-07-19 12:00:00,0.01469999924302101
2017-07-19 13:00:00,0.21329998970031736
2017-07-19 14:00:00,0.21329998970031736
2017-07-19 15:00:00,0.21329998970031736
2017-07-19 16:00:00,0.6606000065803528
2017-07-19 17:00:00,0.6606000065803528
2017-07-19 18:00:00,0.6606000065803528
2017-07-19 19:00:00,0.750499963760376
2017-07-19 20:00:00,0.750499963760376
2017-07-19 21:00:00,0.750499963760376
2017-07-19 22:00:00,0.5730999708175659
2017-07-19 23:00:00,0.5730999708175659
2017-07-20,0.5730999708175659
2017-07-20 01:00:00,0.1720999777317047
2017-07-20 02:00:00,0.1720999777317047
2017-07-20 03:00:00,0.1720999777317047
2017-07-20 04:00:00,0.02049999870359897
2017-07-20 05:00:00,0.02049999870359897
2017-07-20 06:00:00,0.02049999870359897
2017-07-20 07:00:00,0.02080000005662441
2017-07-20 08:00:00,0.02080000005662441
2017-07-20 09:00:00,0.02080000005662441
2017-07-20 10:00:00,0.01539999991655349
2017-07-20 11:00:00,0.01539999991655349
2017-07-20 12:00:00,0.01539999991655349
2017-07-20 13:00:00,0.17659999430179596
2017-07-20 14:00:00,0.17659999430179596
2017-07-20 15:00:00,0.17659999430179596
2017-07-20 16:00:00,0.590399980545044
2017-07-20 17:00:00,0.590399980545044
2017-07-20 18:00:00,0.590399980545044
2017-07-20 19:00:00,0.7549999952316284
2017-07-20 20:00:00,0.7549999952316284
2017-07-20 21:00:00,0.7549999952316284
2017-07-20 22:00:00,0.5059999823570251
2017-07-20 23:00:00,0.5059999823570251
2017-07-21,0.5059999823570251
2017-07-21 01:00:00,0.1591999977827072
2017-07-21 02:00:00,0.1591999977827072
2017-07-21 03:00:00,0.1591999977827072
2017-07-21 04:00:00,0.06549999862909317
2017-07-21 05:00:00,0.06549999862909317
2017-07-21 06:00:00,0.06549999862909317
2017-07-21 07:00:00,0.0600999966263771
2017-07-21 08:00:00,0.0600999966263771
2017-07-21 09:00:00,0.0600999966263771
2017-07-21 10:00:00,0.03669999912381172
2017-07-21 11:00:00,0.03669999912381172
2017-07-21 12:00:00,0.03669999912381172
2017-07-21 13:00:00,0.2012999951839447
2017-07-21 14:00:00,0.2012999951839447
2017-07-21 15:00:00,0.2012999951839447
2017-07-21 16:00:00,0.616599977016449
2017-07-21 17:00:00,0.616599977016449
2017-07-21 18:00:00,0.616599977016449
2017-07-21 19:00:00,0.5972999930381775
2017-07-21 20:00:00,0.5972999930381775
2017-07-21 21:00:00,0.5972999930381775
2017-07-21 22:00:00,0.45829999446868896
2017-07-21 23:00:00,0.45829999446868896
2017-07-22,0.45829999446868896
2017-07-22 01:00:00,0.14559999108314514
2017-07-22 02:00:00,0.14559999108314514
2017-07-22 03:00:00,0.14559999108314514
2017-07-22 04:00:00,0.03079999983310699
2017-07-22 05:00:00,0.03079999983310699
2017-07-22 06:00:00,0.03079999983310699
2017-07-22 07:00:00,0.01719999872148037
2017-07-22 08:00:00,0.01719999872148037
2017-07-22 09:00:00,0.01719999872148037
2017-07-22 10:00:00,0.00460000010207295
2017-07-22 11:00:00,0.00460000010207295
2017-07-22 12:00:00,0.00460000010207295
2017-07-22 13:00:00,0.20999999344348907
2017-07-22 14:00:00,0.20999999344348907
2017-07-22 15:00:00,0.20999999344348907
2017-07-22 16:00:00,0.5916999578475952
2017-07-22 17:00:00,0.5916999578475952
2017-07-22 18:00:00,0.5916999578475952
2017-07-22 19:00:00,0.6955999732017517
2017-07-22 20:00:00,0.6955999732017517
2017-07-22 21:00:00,0.6955999732017517
2017-07-22 22:00:00,0.48420000076293945
2017-07-22 23:00:00,0.48420000076293945
2017-07-23,0.48420000076293945
2017-07-23 01:00:00,0.13599999248981476
2017-07-23 02:00:00,0.13599999248981476
2017-07-23 03:00:00,0.13599999248981476
2017-07-23 04:00:00,0.01499999966472387
2017-07-23 05:00:00,0.01499999966472387
2017-07-23 06:00:00,0.01499999966472387
2017-07-23 07:00:00,0.00980000011622905
2017-07-23 08:00:00,0.00980000011622905
2017-07-23 09:00:00,0.00980000011622905
2017-07-23 10:00:00,0.00189999991562217
2017-07-23 11:00:00,0.00189999991562217
2017-07-23 12:00:00,0.00189999991562217
2017-07-23 13:00:00,0.15109999477863312
2017-07-23 14:00:00,0.15109999477863312
2017-07-23 15:00:00,0.15109999477863312
2017-07-23 16:00:00,0.6018999814987183
2017-07-23 17:00:00,0.6018999814987183
2017-07-23 18:00:00,0.6018999814987183
2017-07-23 19:00:00,0.7705000042915344
2017-07-23 20:00:00,0.7705000042915344
2017-07-23 21:00:00,0.7705000042915344
2017-07-23 22:00:00,0.5475999712944031
2017-07-23 23:00:00,0.5475999712944031
2017-07-24,0.5475999712944031
2017-07-24 01:00:00,0.1509999930858612
2017-07-24 02:00:00,0.1509999930858612
2017-07-24 03:00:00,0.1509999930858612
2017-07-24 04:00:00,0.02899999916553497
2017-07-24 05:00:00,0.02899999916553497
2017-07-24 06:00:00,0.02899999916553497
2017-07-24 07:00:00,0.02669999934732914
2017-07-24 08:00:00,0.02669999934732914
2017-07-24 09:00:00,0.02669999934732914
2017-07-24 10:00:00,0.02599999867379665
2017-07-24 11:00:00,0.02599999867379665
2017-07-24 12:00:00,0.02599999867379665
2017-07-24 13:00:00,0.1979999989271164
2017-07-24 14:00:00,0.1979999989271164
2017-07-24 15:00:00,0.1979999989271164
2017-07-24 16:00:00,0.6782000064849854
2017-07-24 17:00:00,0.6782000064849854
2017-07-24 18:00:00,0.6782000064849854
2017-07-24 19:00:00,0.8636999726295471
2017-07-24 20:00:00,0.8636999726295471
2017-07-24 21:00:00,0.8636999726295471
2017-07-24 22:00:00,0.6420999765396118
2017-07-24 23:00:00,0.6420999765396118
2017-07-25,0.6420999765396118
2017-07-25 01:00:00,0.13210000097751615
2017-07-25 02:00:00,0.13210000097751615
2017-07-25 03:00:00,0.13210000097751615
2017-07-25 04:00:00,0.0421999990940094
2017-07-25 05:00:00,0.0421999990940094
2017-07-25 06:00:00,0.0421999990940094
2017-07-25 07:00:00,0.04309999942779541
2017-07-25 08:00:00,0.04309999942779541
2017-07-25 09:00:00,0.04309999942779541
2017-07-25 10:00:00,0.02699999883770942
2017-07-25 11:00:00,0.02699999883770942
2017-07-25 12:00:00,0.02699999883770942
2017-07-25 13:00:00,0.21149998903274536
2017-07-25 14:00:00,0.21149998903274536
2017-07-25 15:00:00,0.21149998903274536
2017-07-25 16:00:00,0.4355999827384949
2017-07-25 17:00:00,0.4355999827384949
2017-07-25 18:00:00,0.4355999827384949
2017-07-25 19:00:00,0.49149999022483826
2017-07-25 20:00:00,0.49149999022483826
2017-07-25 21:00:00,0.49149999022483826
2017-07-25 22:00:00,0.45019999146461487
2017-07-25 23:00:00,0.45019999146461487
2017-07-26,0.45019999146461487
2017-07-26 01:00:00,0.12870000302791595
2017-07-26 02:00:00,0.12870000302791595
2017-07-26 03:00:00,0.12870000302791595
2017-07-26 04:00:00,0.02019999921321869
2017-07-26 05:00:00,0.02019999921321869
2017-07-26 06:00:00,0.02019999921321869
2017-07-26 07:00:00,-0.00339999981224536
2017-07-26 08:00:00,-0.00339999981224536
2017-07-26 09:00:00,-0.00339999981224536
2017-07-26 10:00:00,-0.00729999970644712
2017-07-26 11:00:00,-0.00729999970644712
2017-07-26 12:00:00,-0.00729999970644712
2017-07-26 13:00:00,0.11050000041723251
2017-07-26 14:00:00,0.11050000041723251
2017-07-26 15:00:00,0.11050000041723251
2017-07-26 16:00:00,0.3409999907016754
2017-07-26 17:00:00,0.3409999907016754
2017-07-26 18:00:00,0.3409999907016754
2017-07-26 19:00:00,0.4235000014305115
2017-07-26 20:00:00,0.4235000014305115
2017-07-26 21:00:00,0.4235000014305115
2017-07-26 22:00:00,0.3333999812602997
2017-07-26 23:00:00,0.3333999812602997
2017-07-27,0.3333999812602997
2017-07-27 01:00:00,0.08329999446868896
2017-07-27 02:00:00,0.08329999446868896
2017-07-27 03:00:00,0.08329999446868896
2017-07-27 04:00:00,0.01569999940693378
2017-07-27 05:00:00,0.01569999940693378
2017-07-27 06:00:00,0.01569999940693378
2017-07-27 07:00:00,0.00249999994412064
2017-07-27 08:00:00,0.00249999994412064
2017-07-27 09:00:00,0.00249999994412064
2017-07-27 10:00:00,-0.00729999970644712
2017-07-27 11:00:00,-0.00729999970644712
2017-07-27 12:00:00,-0.00729999970644712
2017-07-27 13:00:00,0.15379999577999115
2017-07-27 14:00:00,0.15379999577999115
2017-07-27 15:00:00,0.15379999577999115
2017-07-27 16:00:00,0.5424000024795532
2017-07-27 17:00:00,0.5424000024795532
2017-07-27 18:00:00,0.5424000024795532
2017-07-27 19:00:00,0.5830999612808228
2017-07-27 20:00:00,0.5830999612808228
2017-07-27 21:00:00,0.5830999612808228
2017-07-27 22:00:00,0.4275999963283539
2017-07-27 23:00:00,0.4275999963283539
2017-07-28,0.4275999963283539
2017-07-28 01:00:00,0.11669999361038208
2017-07-28 02:00:00,0.11669999361038208
2017-07-28 03:00:00,0.11669999361038208
2017-07-28 04:00:00,9.999999747378752e-5
2017-07-28 05:00:00,9.999999747378752e-5
2017-07-28 06:00:00,9.999999747378752e-5
2017-07-28 07:00:00,0.00289999996311962
2017-07-28 08:00:00,0.00289999996311962
2017-07-28 09:00:00,0.00289999996311962
2017-07-28 10:00:00,0.00209999992512166
2017-07-28 11:00:00,0.00209999992512166
2017-07-28 12:00:00,0.00209999992512166
2017-07-28 13:00:00,0.16189999878406525
2017-07-28 14:00:00,0.16189999878406525
2017-07-28 15:00:00,0.16189999878406525
2017-07-28 16:00:00,0.5913999676704407
2017-07-28 17:00:00,0.5913999676704407
2017-07-28 18:00:00,0.5913999676704407
2017-07-28 19:00:00,0.7290999889373779
2017-07-28 20:00:00,0.7290999889373779
2017-07-28 21:00:00,0.7290999889373779
2017-07-28 22:00:00,0.5103999972343445
2017-07-28 23:00:00,0.5103999972343445
2017-07-29,0.5103999972343445
2017-07-29 01:00:00,0.13130000233650208
2017-07-29 02:00:00,0.13130000233650208
2017-07-29 03:00:00,0.13130000233650208
2017-07-29 04:00:00,0.02999999932944774
2017-07-29 05:00:00,0.02999999932944774
2017-07-29 06:00:00,0.02999999932944774
2017-07-29 07:00:00,0.0092000002041459
2017-07-29 08:00:00,0.0092000002041459
2017-07-29 09:00:00,0.0092000002041459
2017-07-29 10:00:00,0.01260000001639127
2017-07-29 11:00:00,0.01260000001639127
2017-07-29 12:00:00,0.01260000001639127
2017-07-29 13:00:00,0.14169999957084656
2017-07-29 14:00:00,0.14169999957084656
2017-07-29 15:00:00,0.14169999957084656
2017-07-29 16:00:00,0.4185999929904938
2017-07-29 17:00:00,0.4185999929904938
2017-07-29 18:00:00,0.4185999929904938
2017-07-29 19:00:00,0.5311999917030334
2017-07-29 20:00:00,0.5311999917030334
2017-07-29 21:00:00,0.5311999917030334
2017-07-29 22:00:00,0.41769999265670776
2017-07-29 23:00:00,0.41769999265670776
2017-07-30,0.41769999265670776
2017-07-30 01:00:00,0.13529999554157257
2017-07-30 02:00:00,0.13529999554157257
2017-07-30 03:00:00,0.13529999554157257
2017-07-30 04:00:00,0.01840000040829181
2017-07-30 05:00:00,0.01840000040829181
2017-07-30 06:00:00,0.01840000040829181
2017-07-30 07:00:00,0.00349999987520277
2017-07-30 08:00:00,0.00349999987520277
2017-07-30 09:00:00,0.00349999987520277
2017-07-30 10:00:00,-0.00469999993219971
2017-07-30 11:00:00,-0.00469999993219971
2017-07-30 12:00:00,-0.00469999993219971
2017-07-30 13:00:00,0.13920000195503235
2017-07-30 14:00:00,0.13920000195503235
2017-07-30 15:00:00,0.13920000195503235
2017-07-30 16:00:00,0.5224999785423279
2017-07-30 17:00:00,0.5224999785423279
2017-07-30 18:00:00,0.5224999785423279
2017-07-30 19:00:00,0.5615000128746033
2017-07-30 20:00:00,0.5615000128746033
2017-07-30 21:00:00,0.5615000128746033
2017-07-30 22:00:00,0.37700000405311584
2017-07-30 23:00:00,0.37700000405311584
2017-07-31,0.37700000405311584
2017-07-31 01:00:00,0.10349999368190764
2017-07-31 02:00:00,0.10349999368190764
2017-07-31 03:00:00,0.10349999368190764
2017-07-31 04:00:00,-0.00379999983124434
2017-07-31 05:00:00,-0.00379999983124434
2017-07-31 06:00:00,-0.00379999983124434
2017-07-31 07:00:00,-0.0101999994367361
2017-07-31 08:00:00,-0.0101999994367361
2017-07-31 09:00:00,-0.0101999994367361
2017-07-31 10:00:00,-0.01349999941885471
2017-07-31 11:00:00,-0.01349999941885471
2017-07-31 12:00:00,-0.01349999941885471
2017-07-31 13:00:00,0.1469999998807907
2017-07-31 14:00:00,0.1469999998807907
2017-07-31 15:00:00,0.1469999998807907
2017-07-31 16:00:00,0.5719000101089478
2017-07-31 17:00:00,0.5719000101089478
2017-07-31 18:00:00,0.5719000101089478
2017-07-31 19:00:00,0.7044000029563904
2017-07-31 20:00:00,0.7044000029563904
2017-07-31 21:00:00,0.7044000029563904
2017-07-31 22:00:00,0.5354999899864197
2017-07-31 23:00:00,0.5354999899864197
2017-08-01,0.5354999899864197
2017-08-01 01:00:00,0.13779999315738678
2017-08-01 02:00:00,0.13779999315738678
2017-08-01 03:00:00,0.13779999315738678
2017-08-01 04:00:00,0.0104000000283122
2017-08-01 05:00:00,0.0104000000283122
2017-08-01 06:00:00,0.0104000000283122
2017-08-01 07:00:00,1.9999999494757503e-4
2017-08-01 08:00:00,1.9999999494757503e-4
2017-08-01 09:00:00,1.9999999494757503e-4
2017-08-01 10:00:00,-0.00989999994635582
2017-08-01 11:00:00,-0.00989999994635582
2017-08-01 12:00:00,-0.00989999994635582
2017-08-01 13:00:00,0.13030000030994415
2017-08-01 14:00:00,0.13030000030994415
2017-08-01 15:00:00,0.13030000030994415
2017-08-01 16:00:00,0.5704999566078186
2017-08-01 17:00:00,0.5704999566078186
2017-08-01 18:00:00,0.5704999566078186
2017-08-01 19:00:00,0.7156999707221985
2017-08-01 20:00:00,0.7156999707221985
2017-08-01 21:00:00,0.7156999707221985
2017-08-01 22:00:00,0.5347999930381775
2017-08-01 23:00:00,0.5347999930381775
2017-08-02,0.5347999930381775
2017-08-02 01:00:00,0.11809999495744704
2017-08-02 02:00:00,0.11809999495744704
2017-08-02 03:00:00,0.11809999495744704
2017-08-02 04:00:00,0.02060000039637088
2017-08-02 05:00:00,0.02060000039637088
2017-08-02 06:00:00,0.02060000039637088
2017-08-02 07:00:00,0.01599999889731407
2017-08-02 08:00:00,0.01599999889731407
2017-08-02 09:00:00,0.01599999889731407
2017-08-02 10:00:00,0.01589999906718731
2017-08-02 11:00:00,0.01589999906718731
2017-08-02 12:00:00,0.01589999906718731
2017-08-02 13:00:00,0.1648000031709671
2017-08-02 14:00:00,0.1648000031709671
2017-08-02 15:00:00,0.1648000031709671
2017-08-02 16:00:00,0.6328999996185303
2017-08-02 17:00:00,0.6328999996185303
2017-08-02 18:00:00,0.6328999996185303
2017-08-02 19:00:00,0.7754999995231628
2017-08-02 20:00:00,0.7754999995231628
2017-08-02 21:00:00,0.7754999995231628
2017-08-02 22:00:00,0.5866999626159668
2017-08-02 23:00:00,0.5866999626159668
2017-08-03,0.5866999626159668
2017-08-03 01:00:00,0.14720000326633453
2017-08-03 02:00:00,0.14720000326633453
2017-08-03 03:00:00,0.14720000326633453
2017-08-03 04:00:00,0.02149999886751175
2017-08-03 05:00:00,0.02149999886751175
2017-08-03 06:00:00,0.02149999886751175
2017-08-03 07:00:00,0.00419999985024333
2017-08-03 08:00:00,0.00419999985024333
2017-08-03 09:00:00,0.00419999985024333
2017-08-03 10:00:00,0.00199999986216425
2017-08-03 11:00:00,0.00199999986216425
2017-08-03 12:00:00,0.00199999986216425
2017-08-03 13:00:00,0.13609999418258667
2017-08-03 14:00:00,0.13609999418258667
2017-08-03 15:00:00,0.13609999418258667
2017-08-03 16:00:00,0.5127999782562256
2017-08-03 17:00:00,0.5127999782562256
2017-08-03 18:00:00,0.5127999782562256
2017-08-03 19:00:00,0.6172999739646912
2017-08-03 20:00:00,0.6172999739646912
2017-08-03 21:00:00,0.6172999739646912
2017-08-03 22:00:00,0.36640000343322754
2017-08-03 23:00:00,0.36640000343322754
2017-08-04,0.36640000343322754
2017-08-04 01:00:00,0.07959999889135361
2017-08-04 02:00:00,0.07959999889135361
2017-08-04 03:00:00,0.07959999889135361
2017-08-04 04:00:00,-0.00109999999403953
2017-08-04 05:00:00,-0.00109999999403953
2017-08-04 06:00:00,-0.00109999999403953
2017-08-04 07:00:00,0.00559999980032444
2017-08-04 08:00:00,0.00559999980032444
2017-08-04 09:00:00,0.00559999980032444
2017-08-04 10:00:00,0.0115999998524785
2017-08-04 11:00:00,0.0115999998524785
2017-08-04 12:00:00,0.0115999998524785
2017-08-04 13:00:00,0.148499995470047
2017-08-04 14:00:00,0.148499995470047
2017-08-04 15:00:00,0.148499995470047
2017-08-04 16:00:00,0.5967999696731567
2017-08-04 17:00:00,0.5967999696731567
2017-08-04 18:00:00,0.5967999696731567
2017-08-04 19:00:00,0.8420999646186829
2017-08-04 20:00:00,0.8420999646186829
2017-08-04 21:00:00,0.8420999646186829
2017-08-04 22:00:00,0.5997999906539917
2017-08-04 23:00:00,0.5997999906539917
2017-08-05,0.5997999906539917
2017-08-05 01:00:00,0.13699999451637268
2017-08-05 02:00:00,0.13699999451637268
2017-08-05 03:00:00,0.13699999451637268
2017-08-05 04:00:00,0.05329999700188637
2017-08-05 05:00:00,0.05329999700188637
2017-08-05 06:00:00,0.05329999700188637
2017-08-05 07:00:00,0.04149999842047691
2017-08-05 08:00:00,0.04149999842047691
2017-08-05 09:00:00,0.04149999842047691
2017-08-05 10:00:00,0.03049999848008155
2017-08-05 11:00:00,0.03049999848008155
2017-08-05 12:00:00,0.03049999848008155
2017-08-05 13:00:00,0.1815000027418137
2017-08-05 14:00:00,0.1815000027418137
2017-08-05 15:00:00,0.1815000027418137
2017-08-05 16:00:00,0.5683000087738037
2017-08-05 17:00:00,0.5683000087738037
2017-08-05 18:00:00,0.5683000087738037
2017-08-05 19:00:00,0.6850999593734741
2017-08-05 20:00:00,0.6850999593734741
2017-08-05 21:00:00,0.6850999593734741
2017-08-05 22:00:00,0.4620999991893768
2017-08-05 23:00:00,0.4620999991893768
2017-08-06,0.4620999991893768
2017-08-06 01:00:00,0.11989999562501907
2017-08-06 02:00:00,0.11989999562501907
2017-08-06 03:00:00,0.11989999562501907
2017-08-06 04:00:00,0.01899999938905239
2017-08-06 05:00:00,0.01899999938905239
2017-08-06 06:00:00,0.01899999938905239
2017-08-06 07:00:00,-0.00399999972432851
2017-08-06 08:00:00,-0.00399999972432851
2017-08-06 09:00:00,-0.00399999972432851
2017-08-06 10:00:00,-0.00769999995827674
2017-08-06 11:00:00,-0.00769999995827674
2017-08-06 12:00:00,-0.00769999995827674
2017-08-06 13:00:00,0.10889999568462372
2017-08-06 14:00:00,0.10889999568462372
2017-08-06 15:00:00,0.10889999568462372
2017-08-06 16:00:00,0.4236999750137329
2017-08-06 17:00:00,0.4236999750137329
2017-08-06 18:00:00,0.4236999750137329
2017-08-06 19:00:00,0.585599958896637
2017-08-06 20:00:00,0.585599958896637
2017-08-06 21:00:00,0.585599958896637
2017-08-06 22:00:00,0.3978999853134155
2017-08-06 23:00:00,0.3978999853134155
2017-08-07,0.3978999853134155
2017-08-07 01:00:00,0.05709999799728393
2017-08-07 02:00:00,0.05709999799728393
2017-08-07 03:00:00,0.05709999799728393
2017-08-07 04:00:00,0.0063999998383224
2017-08-07 05:00:00,0.0063999998383224
2017-08-07 06:00:00,0.0063999998383224
2017-08-07 07:00:00,0.00249999994412064
2017-08-07 08:00:00,0.00249999994412064
2017-08-07 09:00:00,0.00249999994412064
2017-08-07 10:00:00,0.00719999987632036
2017-08-07 11:00:00,0.00719999987632036
2017-08-07 12:00:00,0.00719999987632036
2017-08-07 13:00:00,0.11219999939203262
2017-08-07 14:00:00,0.11219999939203262
2017-08-07 15:00:00,0.11219999939203262
2017-08-07 16:00:00,0.3249000012874603
2017-08-07 17:00:00,0.3249000012874603
2017-08-07 18:00:00,0.3249000012874603
2017-08-07 19:00:00,0.3964999914169311
2017-08-07 20:00:00,0.3964999914169311
2017-08-07 21:00:00,0.3964999914169311
2017-08-07 22:00:00,0.30660000443458557
2017-08-07 23:00:00,0.30660000443458557
2017-08-08,0.30660000443458557
2017-08-08 01:00:00,0.05570000037550926
2017-08-08 02:00:00,0.05570000037550926
2017-08-08 03:00:00,0.05570000037550926
2017-08-08 04:00:00,0.0170999988913536
2017-08-08 05:00:00,0.0170999988913536
2017-08-08 06:00:00,0.0170999988913536
2017-08-08 07:00:00,0.00109999999403953
2017-08-08 08:00:00,0.00109999999403953
2017-08-08 09:00:00,0.00109999999403953
2017-08-08 10:00:00,-0.00729999970644712
2017-08-08 11:00:00,-0.00729999970644712
2017-08-08 12:00:00,-0.00729999970644712
2017-08-08 13:00:00,0.09709999710321426
2017-08-08 14:00:00,0.09709999710321426
2017-08-08 15:00:00,0.09709999710321426
2017-08-08 16:00:00,0.3813000023365021
2017-08-08 17:00:00,0.3813000023365021
2017-08-08 18:00:00,0.3813000023365021
2017-08-08 19:00:00,0.5084999799728394
2017-08-08 20:00:00,0.5084999799728394
2017-08-08 21:00:00,0.5084999799728394
2017-08-08 22:00:00,0.37599998712539673
2017-08-08 23:00:00,0.37599998712539673
2017-08-09,0.37599998712539673
2017-08-09 01:00:00,0.07699999958276749
2017-08-09 02:00:00,0.07699999958276749
2017-08-09 03:00:00,0.07699999958276749
2017-08-09 04:00:00,0.02169999852776527
2017-08-09 05:00:00,0.02169999852776527
2017-08-09 06:00:00,0.02169999852776527
2017-08-09 07:00:00,0.00419999985024333
2017-08-09 08:00:00,0.00419999985024333
2017-08-09 09:00:00,0.00419999985024333
2017-08-09 10:00:00,-0.00529999984428286
2017-08-09 11:00:00,-0.00529999984428286
2017-08-09 12:00:00,-0.00529999984428286
2017-08-09 13:00:00,0.11209999769926073
2017-08-09 14:00:00,0.11209999769926073
2017-08-09 15:00:00,0.11209999769926073
2017-08-09 16:00:00,0.3621000051498413
2017-08-09 17:00:00,0.3621000051498413
2017-08-09 18:00:00,0.3621000051498413
2017-08-09 19:00:00,0.44369998574256897
2017-08-09 20:00:00,0.44369998574256897
2017-08-09 21:00:00,0.44369998574256897
2017-08-09 22:00:00,0.3490999937057495
2017-08-09 23:00:00,0.3490999937057495
2017-08-10,0.3490999937057495
2017-08-10 01:00:00,0.05939999967813492
2017-08-10 02:00:00,0.05939999967813492
2017-08-10 03:00:00,0.05939999967813492
2017-08-10 04:00:00,0.02269999869167804
2017-08-10 05:00:00,0.02269999869167804
2017-08-10 06:00:00,0.02269999869167804
2017-08-10 07:00:00,0.00820000004023313
2017-08-10 08:00:00,0.00820000004023313
2017-08-10 09:00:00,0.00820000004023313
2017-08-10 10:00:00,-9.999999747378752e-5
2017-08-10 11:00:00,-9.999999747378752e-5
2017-08-10 12:00:00,-9.999999747378752e-5
2017-08-10 13:00:00,0.1241999939084053
2017-08-10 14:00:00,0.1241999939084053
2017-08-10 15:00:00,0.1241999939084053
2017-08-10 16:00:00,0.5120999813079834
2017-08-10 17:00:00,0.5120999813079834
2017-08-10 18:00:00,0.5120999813079834
2017-08-10 19:00:00,0.5516999959945679
2017-08-10 20:00:00,0.5516999959945679
2017-08-10 21:00:00,0.5516999959945679
2017-08-10 22:00:00,0.3247999846935272
2017-08-10 23:00:00,0.3247999846935272
2017-08-11,0.3247999846935272
2017-08-11 01:00:00,0.052699998021125793
2017-08-11 02:00:00,0.052699998021125793
2017-08-11 03:00:00,0.052699998021125793
2017-08-11 04:00:00,1.9999999494757503e-4
2017-08-11 05:00:00,1.9999999494757503e-4
2017-08-11 06:00:00,1.9999999494757503e-4
2017-08-11 07:00:00,-0.00559999980032444
2017-08-11 08:00:00,-0.00559999980032444
2017-08-11 09:00:00,-0.00559999980032444
2017-08-11 10:00:00,-0.00729999970644712
2017-08-11 11:00:00,-0.00729999970644712
2017-08-11 12:00:00,-0.00729999970644712
2017-08-11 13:00:00,0.11009999364614488
2017-08-11 14:00:00,0.11009999364614488
2017-08-11 15:00:00,0.11009999364614488
2017-08-11 16:00:00,0.50409996509552
2017-08-11 17:00:00,0.50409996509552
2017-08-11 18:00:00,0.50409996509552
2017-08-11 19:00:00,0.6823999881744385
2017-08-11 20:00:00,0.6823999881744385
2017-08-11 21:00:00,0.6823999881744385
2017-08-11 22:00:00,0.4462999999523163
2017-08-11 23:00:00,0.4462999999523163
2017-08-12,0.4462999999523163
2017-08-12 01:00:00,0.087699994444847107
2017-08-12 02:00:00,0.087699994444847107
2017-08-12 03:00:00,0.087699994444847107
2017-08-12 04:00:00,-0.0032999999821186
2017-08-12 05:00:00,-0.0032999999821186
2017-08-12 06:00:00,-0.0032999999821186
2017-08-12 07:00:00,-0.01200000010430812
2017-08-12 08:00:00,-0.01200000010430812
2017-08-12 09:00:00,-0.01200000010430812
2017-08-12 10:00:00,-0.01200000010430812
2017-08-12 11:00:00,-0.01200000010430812
2017-08-12 12:00:00,-0.01200000010430812
2017-08-12 13:00:00,0.1517999917268753
2017-08-12 14:00:00,0.1517999917268753
2017-08-12 15:00:00,0.1517999917268753
2017-08-12 16:00:00,0.5856999754905701
2017-08-12 17:00:00,0.5856999754905701
2017-08-12 18:00:00,0.5856999754905701
2017-08-12 19:00:00,0.6627999544143677
2017-08-12 20:00:00,0.6627999544143677
2017-08-12 21:00:00,0.6627999544143677
2017-08-12 22:00:00,0.47189998626708984
2017-08-12 23:00:00,0.47189998626708984
2017-08-13,0.47189998626708984
2017-08-13 01:00:00,0.1014999970793724
2017-08-13 02:00:00,0.1014999970793724
2017-08-13 03:00:00,0.1014999970793724
2017-08-13 04:00:00,0.0198999997228384
2017-08-13 05:00:00,0.0198999997228384
2017-08-13 06:00:00,0.0198999997228384
2017-08-13 07:00:00,0.00719999987632036
2017-08-13 08:00:00,0.00719999987632036
2017-08-13 09:00:00,0.00719999987632036
2017-08-13 10:00:00,0.00309999985620379
2017-08-13 11:00:00,0.00309999985620379
2017-08-13 12:00:00,0.00309999985620379
2017-08-13 13:00:00,0.11629999428987504
2017-08-13 14:00:00,0.11629999428987504
2017-08-13 15:00:00,0.11629999428987504
2017-08-13 16:00:00,0.5458999872207642
2017-08-13 17:00:00,0.5458999872207642
2017-08-13 18:00:00,0.5458999872207642
2017-08-13 19:00:00,0.6207000017166138
2017-08-13 20:00:00,0.6207000017166138
2017-08-13 21:00:00,0.6207000017166138
2017-08-13 22:00:00,0.4487999975681305
2017-08-13 23:00:00,0.4487999975681305
2017-08-14,0.4487999975681305
2017-08-14 01:00:00,0.0600999966263771
2017-08-14 02:00:00,0.0600999966263771
2017-08-14 03:00:00,0.0600999966263771
2017-08-14 04:00:00,0.00810000021010637
2017-08-14 05:00:00,0.00810000021010637
2017-08-14 06:00:00,0.00810000021010637
2017-08-14 07:00:00,1.9999999494757503e-4
2017-08-14 08:00:00,1.9999999494757503e-4
2017-08-14 09:00:00,1.9999999494757503e-4
2017-08-14 10:00:00,0.00439999997615814
2017-08-14 11:00:00,0.00439999997615814
2017-08-14 12:00:00,0.00439999997615814
2017-08-14 13:00:00,0.1273999959230423
2017-08-14 14:00:00,0.1273999959230423
2017-08-14 15:00:00,0.1273999959230423
2017-08-14 16:00:00,0.5320000052452087
2017-08-14 17:00:00,0.5320000052452087
2017-08-14 18:00:00,0.5320000052452087
2017-08-14 19:00:00,0.6715999841690063
2017-08-14 20:00:00,0.6715999841690063
2017-08-14 21:00:00,0.6715999841690063
2017-08-14 22:00:00,0.470200002193451
2017-08-14 23:00:00,0.470200002193451
2017-08-15,0.470200002193451
2017-08-15 01:00:00,0.10300000011920928
2017-08-15 02:00:00,0.10300000011920928
2017-08-15 03:00:00,0.10300000011920928
2017-08-15 04:00:00,0.02639999985694885
2017-08-15 05:00:00,0.02639999985694885
2017-08-15 06:00:00,0.02639999985694885
2017-08-15 07:00:00,0.01389999967068433
2017-08-15 08:00:00,0.01389999967068433
2017-08-15 09:00:00,0.01389999967068433
2017-08-15 10:00:00,0.00759999966248869
2017-08-15 11:00:00,0.00759999966248869
2017-08-15 12:00:00,0.00759999966248869
2017-08-15 13:00:00,0.14219999313354492
2017-08-15 14:00:00,0.14219999313354492
2017-08-15 15:00:00,0.14219999313354492
2017-08-15 16:00:00,0.5823999643325806
2017-08-15 17:00:00,0.5823999643325806
2017-08-15 18:00:00,0.5823999643325806
2017-08-15 19:00:00,0.7015999555587769
2017-08-15 20:00:00,0.7015999555587769
2017-08-15 21:00:00,0.7015999555587769
2017-08-15 22:00:00,0.486299991607666
2017-08-15 23:00:00,0.486299991607666
2017-08-16,0.486299991607666
2017-08-16 01:00:00,0.07019999623298645
2017-08-16 02:00:00,0.07019999623298645
2017-08-16 03:00:00,0.07019999623298645
2017-08-16 04:00:00,0.02979999966919422
2017-08-16 05:00:00,0.02979999966919422
2017-08-16 06:00:00,0.02979999966919422
2017-08-16 07:00:00,0.0115999998524785
2017-08-16 08:00:00,0.0115999998524785
2017-08-16 09:00:00,0.0115999998524785
2017-08-16 10:00:00,0.01589999906718731
2017-08-16 11:00:00,0.01589999906718731
2017-08-16 12:00:00,0.01589999906718731
2017-08-16 13:00:00,0.11800000071525574
2017-08-16 14:00:00,0.11800000071525574
2017-08-16 15:00:00,0.11800000071525574
2017-08-16 16:00:00,0.4453999996185303
2017-08-16 17:00:00,0.4453999996185303
2017-08-16 18:00:00,0.4453999996185303
2017-08-16 19:00:00,0.5566999912261963
2017-08-16 20:00:00,0.5566999912261963
2017-08-16 21:00:00,0.5566999912261963
2017-08-16 22:00:00,0.42069998383522034
2017-08-16 23:00:00,0.42069998383522034
2017-08-17,0.42069998383522034
2017-08-17 01:00:00,0.05939999967813492
2017-08-17 02:00:00,0.05939999967813492
2017-08-17 03:00:00,0.05939999967813492
2017-08-17 04:00:00,0.00439999997615814
2017-08-17 05:00:00,0.00439999997615814
2017-08-17 06:00:00,0.00439999997615814
2017-08-17 07:00:00,0.00460000010207295
2017-08-17 08:00:00,0.00460000010207295
2017-08-17 09:00:00,0.00460000010207295
2017-08-17 10:00:00,0.01030000019818544
2017-08-17 11:00:00,0.01030000019818544
2017-08-17 12:00:00,0.01030000019818544
2017-08-17 13:00:00,0.11759999394416808
2017-08-17 14:00:00,0.11759999394416808
2017-08-17 15:00:00,0.11759999394416808
2017-08-17 16:00:00,0.5358999967575073
2017-08-17 17:00:00,0.5358999967575073
2017-08-17 18:00:00,0.5358999967575073
2017-08-17 19:00:00,0.7483999729156494
2017-08-17 20:00:00,0.7483999729156494
2017-08-17 21:00:00,0.7483999729156494
2017-08-17 22:00:00,0.47689998149871826
2017-08-17 23:00:00,0.47689998149871826
2017-08-18,0.47689998149871826
2017-08-18 01:00:00,0.07509999722242355
2017-08-18 02:00:00,0.07509999722242355
2017-08-18 03:00:00,0.07509999722242355
2017-08-18 04:00:00,0.02479999884963035
2017-08-18 05:00:00,0.02479999884963035
2017-08-18 06:00:00,0.02479999884963035
2017-08-18 07:00:00,0.02190000005066394
2017-08-18 08:00:00,0.02190000005066394
2017-08-18 09:00:00,0.02190000005066394
2017-08-18 10:00:00,0.01209999993443489
2017-08-18 11:00:00,0.01209999993443489
2017-08-18 12:00:00,0.01209999993443489
2017-08-18 13:00:00,0.13329999148845673
2017-08-18 14:00:00,0.13329999148845673
2017-08-18 15:00:00,0.13329999148845673
2017-08-18 16:00:00,0.5654999613761902
2017-08-18 17:00:00,0.5654999613761902
2017-08-18 18:00:00,0.5654999613761902
2017-08-18 19:00:00,0.7547999620437622
2017-08-18 20:00:00,0.7547999620437622
2017-08-18 21:00:00,0.7547999620437622
2017-08-18 22:00:00,0.5437999963760376
2017-08-18 23:00:00,0.5437999963760376
2017-08-19,0.5437999963760376
2017-08-19 01:00:00,0.08229999989271164
2017-08-19 02:00:00,0.08229999989271164
2017-08-19 03:00:00,0.08229999989271164
2017-08-19 04:00:00,0.02269999869167804
2017-08-19 05:00:00,0.02269999869167804
2017-08-19 06:00:00,0.02269999869167804
2017-08-19 07:00:00,0.02290000021457672
2017-08-19 08:00:00,0.02290000021457672
2017-08-19 09:00:00,0.02290000021457672
2017-08-19 10:00:00,0.01889999955892563
2017-08-19 11:00:00,0.01889999955892563
2017-08-19 12:00:00,0.01889999955892563
2017-08-19 13:00:00,0.13979999721050262
2017-08-19 14:00:00,0.13979999721050262
2017-08-19 15:00:00,0.13979999721050262
2017-08-19 16:00:00,0.6107999682426453
2017-08-19 17:00:00,0.6107999682426453
2017-08-19 18:00:00,0.6107999682426453
2017-08-19 19:00:00,0.8281999826431274
2017-08-19 20:00:00,0.8281999826431274
2017-08-19 21:00:00,0.8281999826431274
2017-08-19 22:00:00,0.6083999872207642
2017-08-19 23:00:00,0.6083999872207642
2017-08-20,0.6083999872207642
2017-08-20 01:00:00,0.06799999624490738
2017-08-20 02:00:00,0.06799999624490738
2017-08-20 03:00:00,0.06799999624490738
2017-08-20 04:00:00,0.03439999744296074
2017-08-20 05:00:00,0.03439999744296074
2017-08-20 06:00:00,0.03439999744296074
2017-08-20 07:00:00,0.02740000002086162
2017-08-20 08:00:00,0.02740000002086162
2017-08-20 09:00:00,0.02740000002086162
2017-08-20 10:00:00,0.03119999915361404
2017-08-20 11:00:00,0.03119999915361404
2017-08-20 12:00:00,0.03119999915361404
2017-08-20 13:00:00,0.14139999449253082
2017-08-20 14:00:00,0.14139999449253082
2017-08-20 15:00:00,0.14139999449253082
2017-08-20 16:00:00,0.6129999756813049
2017-08-20 17:00:00,0.6129999756813049
2017-08-20 18:00:00,0.6129999756813049
2017-08-20 19:00:00,0.7347999811172485
2017-08-20 20:00:00,0.7347999811172485
2017-08-20 21:00:00,0.7347999811172485
2017-08-20 22:00:00,0.505899965763092
2017-08-20 23:00:00,0.505899965763092
2017-08-21,0.505899965763092
2017-08-21 01:00:00,0.07829999923706055
2017-08-21 02:00:00,0.07829999923706055
2017-08-21 03:00:00,0.07829999923706055
2017-08-21 04:00:00,0.01349999941885471
2017-08-21 05:00:00,0.01349999941885471
2017-08-21 06:00:00,0.01349999941885471
2017-08-21 07:00:00,0.01179999951273202
2017-08-21 08:00:00,0.01179999951273202
2017-08-21 09:00:00,0.01179999951273202
2017-08-21 10:00:00,0.00609999988228082
2017-08-21 11:00:00,0.00609999988228082
2017-08-21 12:00:00,0.00609999988228082
2017-08-21 13:00:00,0.12049999833106996
2017-08-21 14:00:00,0.12049999833106996
2017-08-21 15:00:00,0.12049999833106996
2017-08-21 16:00:00,0.5791000127792358
2017-08-21 17:00:00,0.5791000127792358
2017-08-21 18:00:00,0.5791000127792358
2017-08-21 19:00:00,0.7890999913215637
2017-08-21 20:00:00,0.7890999913215637
2017-08-21 21:00:00,0.7890999913215637
2017-08-21 22:00:00,0.5662999749183655
2017-08-21 23:00:00,0.5662999749183655
2017-08-22,0.5662999749183655
2017-08-22 01:00:00,0.05009999871253967
2017-08-22 02:00:00,0.05009999871253967
2017-08-22 03:00:00,0.05009999871253967
2017-08-22 04:00:00,0.00729999970644712
2017-08-22 05:00:00,0.00729999970644712
2017-08-22 06:00:00,0.00729999970644712
2017-08-22 07:00:00,0.00219999998807907
2017-08-22 08:00:00,0.00219999998807907
2017-08-22 09:00:00,0.00219999998807907
2017-08-22 10:00:00,0.00600000005215406
2017-08-22 11:00:00,0.00600000005215406
2017-08-22 12:00:00,0.00600000005215406
2017-08-22 13:00:00,0.08689999580383301
2017-08-22 14:00:00,0.08689999580383301
2017-08-22 15:00:00,0.08689999580383301
2017-08-22 16:00:00,0.5115999579429626
2017-08-22 17:00:00,0.5115999579429626
2017-08-22 18:00:00,0.5115999579429626
2017-08-22 19:00:00,0.67249995470047
2017-08-22 20:00:00,0.67249995470047
2017-08-22 21:00:00,0.67249995470047
2017-08-22 22:00:00,0.484499990940094
2017-08-22 23:00:00,0.484499990940094
2017-08-23,0.484499990940094
2017-08-23 01:00:00,0.09779999405145644
2017-08-23 02:00:00,0.09779999405145644
2017-08-23 03:00:00,0.09779999405145644
2017-08-23 04:00:00,0.03839999809861183
2017-08-23 05:00:00,0.03839999809861183
2017-08-23 06:00:00,0.03839999809861183
2017-08-23 07:00:00,0.02329999953508377
2017-08-23 08:00:00,0.02329999953508377
2017-08-23 09:00:00,0.02329999953508377
2017-08-23 10:00:00,0.01090000011026859
2017-08-23 11:00:00,0.01090000011026859
2017-08-23 12:00:00,0.01090000011026859
2017-08-23 13:00:00,0.11649999767541884
2017-08-23 14:00:00,0.11649999767541884
2017-08-23 15:00:00,0.11649999767541884
2017-08-23 16:00:00,0.5263000130653381
2017-08-23 17:00:00,0.5263000130653381
2017-08-23 18:00:00,0.5263000130653381
2017-08-23 19:00:00,0.5821999907493591
2017-08-23 20:00:00,0.5821999907493591
2017-08-23 21:00:00,0.5821999907493591
2017-08-23 22:00:00,0.46230000257492065
2017-08-23 23:00:00,0.46230000257492065
2017-08-24,0.46230000257492065
2017-08-24 01:00:00,0.07679999619722366
2017-08-24 02:00:00,0.07679999619722366
2017-08-24 03:00:00,0.07679999619722366
2017-08-24 04:00:00,0.00980000011622905
2017-08-24 05:00:00,0.00980000011622905
2017-08-24 06:00:00,0.00980000011622905
2017-08-24 07:00:00,0.00870000012218952
2017-08-24 08:00:00,0.00870000012218952
2017-08-24 09:00:00,0.00870000012218952
2017-08-24 10:00:00,0.00439999997615814
2017-08-24 11:00:00,0.00439999997615814
2017-08-24 12:00:00,0.00439999997615814
2017-08-24 13:00:00,0.11669999361038208
2017-08-24 14:00:00,0.11669999361038208
2017-08-24 15:00:00,0.11669999361038208
2017-08-24 16:00:00,0.5378000140190125
2017-08-24 17:00:00,0.5378000140190125
2017-08-24 18:00:00,0.5378000140190125
2017-08-24 19:00:00,0.654699981212616
2017-08-24 20:00:00,0.654699981212616
2017-08-24 21:00:00,0.654699981212616
2017-08-24 22:00:00,0.45509999990463257
2017-08-24 23:00:00,0.45509999990463257
2017-08-25,0.45509999990463257
2017-08-25 01:00:00,0.09839999675750732
2017-08-25 02:00:00,0.09839999675750732
2017-08-25 03:00:00,0.09839999675750732
2017-08-25 04:00:00,0.01740000024437904
2017-08-25 05:00:00,0.01740000024437904
2017-08-25 06:00:00,0.01740000024437904
2017-08-25 07:00:00,0.01409999933093786
2017-08-25 08:00:00,0.01409999933093786
2017-08-25 09:00:00,0.01409999933093786
2017-08-25 10:00:00,0.00150000001303851
2017-08-25 11:00:00,0.00150000001303851
2017-08-25 12:00:00,0.00150000001303851
2017-08-25 13:00:00,0.10529999434947968
2017-08-25 14:00:00,0.10529999434947968
2017-08-25 15:00:00,0.10529999434947968
2017-08-25 16:00:00,0.5339999794960022
2017-08-25 17:00:00,0.5339999794960022
2017-08-25 18:00:00,0.5339999794960022
2017-08-25 19:00:00,0.722599983215332
2017-08-25 20:00:00,0.722599983215332
2017-08-25 21:00:00,0.722599983215332
2017-08-25 22:00:00,0.5340999960899353
2017-08-25 23:00:00,0.5340999960899353
2017-08-26,0.5340999960899353
2017-08-26 01:00:00,0.07679999619722366
2017-08-26 02:00:00,0.07679999619722366
2017-08-26 03:00:00,0.07679999619722366
2017-08-26 04:00:00,0.0101999994367361
2017-08-26 05:00:00,0.0101999994367361
2017-08-26 06:00:00,0.0101999994367361
2017-08-26 07:00:00,0.00499999988824129
2017-08-26 08:00:00,0.00499999988824129
2017-08-26 09:00:00,0.00499999988824129
2017-08-26 10:00:00,0.00300000002607703
2017-08-26 11:00:00,0.00300000002607703
2017-08-26 12:00:00,0.00300000002607703
2017-08-26 13:00:00,0.11819999665021896
2017-08-26 14:00:00,0.11819999665021896
2017-08-26 15:00:00,0.11819999665021896
2017-08-26 16:00:00,0.5807999968528748
2017-08-26 17:00:00,0.5807999968528748
2017-08-26 18:00:00,0.5807999968528748
2017-08-26 19:00:00,0.784500002861023
2017-08-26 20:00:00,0.784500002861023
2017-08-26 21:00:00,0.784500002861023
2017-08-26 22:00:00,0.5593999624252319
2017-08-26 23:00:00,0.5593999624252319
2017-08-27,0.5593999624252319
2017-08-27 01:00:00,0.0940999984741211
2017-08-27 02:00:00,0.0940999984741211
2017-08-27 03:00:00,0.0940999984741211
2017-08-27 04:00:00,0.02469999901950359
2017-08-27 05:00:00,0.02469999901950359
2017-08-27 06:00:00,0.02469999901950359
2017-08-27 07:00:00,0.01229999959468841
2017-08-27 08:00:00,0.01229999959468841
2017-08-27 09:00:00,0.01229999959468841
2017-08-27 10:00:00,0.0044999998062849
2017-08-27 11:00:00,0.0044999998062849
2017-08-27 12:00:00,0.0044999998062849
2017-08-27 13:00:00,0.10319999605417252
2017-08-27 14:00:00,0.10319999605417252
2017-08-27 15:00:00,0.10319999605417252
2017-08-27 16:00:00,0.5221999883651733
2017-08-27 17:00:00,0.5221999883651733
2017-08-27 18:00:00,0.5221999883651733
2017-08-27 19:00:00,0.6155999898910522
2017-08-27 20:00:00,0.6155999898910522
2017-08-27 21:00:00,0.6155999898910522
2017-08-27 22:00:00,0.4343999922275543
2017-08-27 23:00:00,0.4343999922275543
2017-08-28,0.4343999922275543
2017-08-28 01:00:00,0.06689999997615814
2017-08-28 02:00:00,0.06689999997615814
2017-08-28 03:00:00,0.06689999997615814
2017-08-28 04:00:00,0.02009999938309192
2017-08-28 05:00:00,0.02009999938309192
2017-08-28 06:00:00,0.02009999938309192
2017-08-28 07:00:00,0.00419999985024333
2017-08-28 08:00:00,0.00419999985024333
2017-08-28 09:00:00,0.00419999985024333
2017-08-28 10:00:00,-0.00529999984428286
2017-08-28 11:00:00,-0.00529999984428286
2017-08-28 12:00:00,-0.00529999984428286
2017-08-28 13:00:00,0.08669999986886978
2017-08-28 14:00:00,0.08669999986886978
2017-08-28 15:00:00,0.08669999986886978
2017-08-28 16:00:00,0.5123999714851379
2017-08-28 17:00:00,0.5123999714851379
2017-08-28 18:00:00,0.5123999714851379
2017-08-28 19:00:00,0.7163999676704407
2017-08-28 20:00:00,0.7163999676704407
2017-08-28 21:00:00,0.7163999676704407
2017-08-28 22:00:00,0.5112000107765198
2017-08-28 23:00:00,0.5112000107765198
2017-08-29,0.5112000107765198
2017-08-29 01:00:00,0.06629999727010727
2017-08-29 02:00:00,0.06629999727010727
2017-08-29 03:00:00,0.06629999727010727
2017-08-29 04:00:00,0.00669999979436397
2017-08-29 05:00:00,0.00669999979436397
2017-08-29 06:00:00,0.00669999979436397
2017-08-29 07:00:00,3.9999998989515007e-4
2017-08-29 08:00:00,3.9999998989515007e-4
2017-08-29 09:00:00,3.9999998989515007e-4
2017-08-29 10:00:00,-0.00630000000819563
2017-08-29 11:00:00,-0.00630000000819563
2017-08-29 12:00:00,-0.00630000000819563
2017-08-29 13:00:00,0.09389999508857728
2017-08-29 14:00:00,0.09389999508857728
2017-08-29 15:00:00,0.09389999508857728
2017-08-29 16:00:00,0.552299976348877
2017-08-29 17:00:00,0.552299976348877
2017-08-29 18:00:00,0.552299976348877
2017-08-29 19:00:00,0.7347999811172485
2017-08-29 20:00:00,0.7347999811172485
2017-08-29 21:00:00,0.7347999811172485
2017-08-29 22:00:00,0.5370999574661255
2017-08-29 23:00:00,0.5370999574661255
2017-08-30,0.5370999574661255
2017-08-30 01:00:00,0.07559999823570251
2017-08-30 02:00:00,0.07559999823570251
2017-08-30 03:00:00,0.07559999823570251
2017-08-30 04:00:00,0.02669999934732914
2017-08-30 05:00:00,0.02669999934732914
2017-08-30 06:00:00,0.02669999934732914
2017-08-30 07:00:00,0.00339999981224536
2017-08-30 08:00:00,0.00339999981224536
2017-08-30 09:00:00,0.00339999981224536
2017-08-30 10:00:00,-0.00119999994058161
2017-08-30 11:00:00,-0.00119999994058161
2017-08-30 12:00:00,-0.00119999994058161
2017-08-30 13:00:00,0.08579999953508377
2017-08-30 14:00:00,0.08579999953508377
2017-08-30 15:00:00,0.08579999953508377
2017-08-30 16:00:00,0.5464999675750732
2017-08-30 17:00:00,0.5464999675750732
2017-08-30 18:00:00,0.5464999675750732
2017-08-30 19:00:00,0.7041999697685242
2017-08-30 20:00:00,0.7041999697685242
2017-08-30 21:00:00,0.7041999697685242
2017-08-30 22:00:00,0.5033000111579895
2017-08-30 23:00:00,0.5033000111579895
2017-08-31,0.5033000111579895
2017-08-31 01:00:00,0.06549999862909317
2017-08-31 02:00:00,0.06549999862909317
2017-08-31 03:00:00,0.06549999862909317
2017-08-31 04:00:00,0.02269999869167804
2017-08-31 05:00:00,0.02269999869167804
2017-08-31 06:00:00,0.02269999869167804
2017-08-31 07:00:00,0.02639999985694885
2017-08-31 08:00:00,0.02639999985694885
2017-08-31 09:00:00,0.02639999985694885
2017-08-31 10:00:00,0.0104000000283122
2017-08-31 11:00:00,0.0104000000283122
2017-08-31 12:00:00,0.0104000000283122
2017-08-31 13:00:00,0.11669999361038208
2017-08-31 14:00:00,0.11669999361038208
2017-08-31 15:00:00,0.11669999361038208
2017-08-31 16:00:00,0.5830000042915344
2017-08-31 17:00:00,0.5830000042915344
2017-08-31 18:00:00,0.5830000042915344
2017-08-31 19:00:00,0.6611999869346619
2017-08-31 20:00:00,0.6611999869346619
2017-08-31 21:00:00,0.6611999869346619
2017-08-31 22:00:00,0.4569999873638153
2017-08-31 23:00:00,0.4569999873638153
2017-09-01,0.4569999873638153
2017-09-01 01:00:00,0.09699999541044237
2017-09-01 02:00:00,0.09699999541044237
2017-09-01 03:00:00,0.09699999541044237
2017-09-01 04:00:00,0.03059999831020832
2017-09-01 05:00:00,0.03059999831020832
2017-09-01 06:00:00,0.03059999831020832
2017-09-01 07:00:00,0.01620000042021274
2017-09-01 08:00:00,0.01620000042021274
2017-09-01 09:00:00,0.01620000042021274
2017-09-01 10:00:00,0.02029999904334545
2017-09-01 11:00:00,0.02029999904334545
2017-09-01 12:00:00,0.02029999904334545
2017-09-01 13:00:00,0.16649997234344482
2017-09-01 14:00:00,0.16649997234344482
2017-09-01 15:00:00,0.16649997234344482
2017-09-01 16:00:00,0.5363999605178833
2017-09-01 17:00:00,0.5363999605178833
2017-09-01 18:00:00,0.5363999605178833
2017-09-01 19:00:00,0.6640999913215637
2017-09-01 20:00:00,0.6640999913215637
2017-09-01 21:00:00,0.6640999913215637
2017-09-01 22:00:00,0.4830999970436096
2017-09-01 23:00:00,0.4830999970436096
2017-09-02,0.4830999970436096
2017-09-02 01:00:00,0.05900000035762787
2017-09-02 02:00:00,0.05900000035762787
2017-09-02 03:00:00,0.05900000035762787
2017-09-02 04:00:00,0.00490000005811452
2017-09-02 05:00:00,0.00490000005811452
2017-09-02 06:00:00,0.00490000005811452
2017-09-02 07:00:00,0.00199999986216425
2017-09-02 08:00:00,0.00199999986216425
2017-09-02 09:00:00,0.00199999986216425
2017-09-02 10:00:00,-0.00579999992623925
2017-09-02 11:00:00,-0.00579999992623925
2017-09-02 12:00:00,-0.00579999992623925
2017-09-02 13:00:00,0.1103999763727188
2017-09-02 14:00:00,0.1103999763727188
2017-09-02 15:00:00,0.1103999763727188
2017-09-02 16:00:00,0.555899977684021
2017-09-02 17:00:00,0.555899977684021
2017-09-02 18:00:00,0.555899977684021
2017-09-02 19:00:00,0.7064999938011169
2017-09-02 20:00:00,0.7064999938011169
2017-09-02 21:00:00,0.7064999938011169
2017-09-02 22:00:00,0.4976999759674072
2017-09-02 23:00:00,0.4976999759674072
2017-09-03,0.4976999759674072
2017-09-03 01:00:00,0.0568000003695488
2017-09-03 02:00:00,0.0568000003695488
2017-09-03 03:00:00,0.0568000003695488
2017-09-03 04:00:00,0.02630000002682209
2017-09-03 05:00:00,0.02630000002682209
2017-09-03 06:00:00,0.02630000002682209
2017-09-03 07:00:00,0.01909999921917915
2017-09-03 08:00:00,0.01909999921917915
2017-09-03 09:00:00,0.01909999921917915
2017-09-03 10:00:00,0.01679999940097332
2017-09-03 11:00:00,0.01679999940097332
2017-09-03 12:00:00,0.01679999940097332
2017-09-03 13:00:00,0.1289999932050705
2017-09-03 14:00:00,0.1289999932050705
2017-09-03 15:00:00,0.1289999932050705
2017-09-03 16:00:00,0.6118999719619751
2017-09-03 17:00:00,0.6118999719619751
2017-09-03 18:00:00,0.6118999719619751
2017-09-03 19:00:00,0.8154000043869019
2017-09-03 20:00:00,0.8154000043869019
2017-09-03 21:00:00,0.8154000043869019
2017-09-03 22:00:00,0.5733000040054321
2017-09-03 23:00:00,0.5733000040054321
2017-09-04,0.5733000040054321
2017-09-04 01:00:00,0.07059997320175171
2017-09-04 02:00:00,0.07059997320175171
2017-09-04 03:00:00,0.07059997320175171
2017-09-04 04:00:00,0.01979999989271164
2017-09-04 05:00:00,0.01979999989271164
2017-09-04 06:00:00,0.01979999989271164
2017-09-04 07:00:00,0.00959999952465295
2017-09-04 08:00:00,0.00959999952465295
2017-09-04 09:00:00,0.00959999952465295
2017-09-04 10:00:00,-0.00119999994058161
2017-09-04 11:00:00,-0.00119999994058161
2017-09-04 12:00:00,-0.00119999994058161
2017-09-04 13:00:00,0.12299999594688416
2017-09-04 14:00:00,0.12299999594688416
2017-09-04 15:00:00,0.12299999594688416
2017-09-04 16:00:00,0.6086999773979187
2017-09-04 17:00:00,0.6086999773979187
2017-09-04 18:00:00,0.6086999773979187
2017-09-04 19:00:00,0.8046999573707581
2017-09-04 20:00:00,0.8046999573707581
2017-09-04 21:00:00,0.8046999573707581
2017-09-04 22:00:00,0.5457000136375427
2017-09-04 23:00:00,0.5457000136375427
2017-09-05,0.5457000136375427
2017-09-05 01:00:00,0.09030000120401382
2017-09-05 02:00:00,0.09030000120401382
2017-09-05 03:00:00,0.09030000120401382
2017-09-05 04:00:00,0.02620000019669532
2017-09-05 05:00:00,0.02620000019669532
2017-09-05 06:00:00,0.02620000019669532
2017-09-05 07:00:00,0.01219999976456165
2017-09-05 08:00:00,0.01219999976456165
2017-09-05 09:00:00,0.01219999976456165
2017-09-05 10:00:00,0.00279999990016222
2017-09-05 11:00:00,0.00279999990016222
2017-09-05 12:00:00,0.00279999990016222
2017-09-05 13:00:00,0.0705999955534935
2017-09-05 14:00:00,0.0705999955534935
2017-09-05 15:00:00,0.0705999955534935
2017-09-05 16:00:00,0.39309999346733093
2017-09-05 17:00:00,0.39309999346733093
2017-09-05 18:00:00,0.39309999346733093
2017-09-05 19:00:00,0.5819999575614929
2017-09-05 20:00:00,0.5819999575614929
2017-09-05 21:00:00,0.5819999575614929
2017-09-05 22:00:00,0.3978999853134155
2017-09-05 23:00:00,0.3978999853134155
2017-09-06,0.3978999853134155
2017-09-06 01:00:00,0.04699999839067459
2017-09-06 02:00:00,0.04699999839067459
2017-09-06 03:00:00,0.04699999839067459
2017-09-06 04:00:00,-4.999999655410647e-4
2017-09-06 05:00:00,-4.999999655410647e-4
2017-09-06 06:00:00,-4.999999655410647e-4
2017-09-06 07:00:00,-0.00949999969452619
2017-09-06 08:00:00,-0.00949999969452619
2017-09-06 09:00:00,-0.00949999969452619
2017-09-06 10:00:00,-0.01049999985843896
2017-09-06 11:00:00,-0.01049999985843896
2017-09-06 12:00:00,-0.01049999985843896
2017-09-06 13:00:00,0.0640999972820282
2017-09-06 14:00:00,0.0640999972820282
2017-09-06 15:00:00,0.0640999972820282
2017-09-06 16:00:00,0.4430999755859375
2017-09-06 17:00:00,0.4430999755859375
2017-09-06 18:00:00,0.4430999755859375
2017-09-06 19:00:00,0.6430000066757202
2017-09-06 20:00:00,0.6430000066757202
2017-09-06 21:00:00,0.6430000066757202
2017-09-06 22:00:00,0.4583999812602997
2017-09-06 23:00:00,0.4583999812602997
2017-09-07,0.4583999812602997
2017-09-07 01:00:00,0.05869999900460243
2017-09-07 02:00:00,0.05869999900460243
2017-09-07 03:00:00,0.05869999900460243
2017-09-07 04:00:00,0.01999999955296516
2017-09-07 05:00:00,0.01999999955296516
2017-09-07 06:00:00,0.01999999955296516
2017-09-07 07:00:00,0.00870000012218952
2017-09-07 08:00:00,0.00870000012218952
2017-09-07 09:00:00,0.00870000012218952
2017-09-07 10:00:00,0.00609999988228082
2017-09-07 11:00:00,0.00609999988228082
2017-09-07 12:00:00,0.00609999988228082
2017-09-07 13:00:00,0.10040000081062316
2017-09-07 14:00:00,0.10040000081062316
2017-09-07 15:00:00,0.10040000081062316
2017-09-07 16:00:00,0.5415999889373779
2017-09-07 17:00:00,0.5415999889373779
2017-09-07 18:00:00,0.5415999889373779
2017-09-07 19:00:00,0.740399956703186
2017-09-07 20:00:00,0.740399956703186
2017-09-07 21:00:00,0.740399956703186
2017-09-07 22:00:00,0.49049997329711914
2017-09-07 23:00:00,0.49049997329711914
2017-09-08,0.49049997329711914
2017-09-08 01:00:00,0.05139999836683273
2017-09-08 02:00:00,0.05139999836683273
2017-09-08 03:00:00,0.05139999836683273
2017-09-08 04:00:00,0.01659999974071979
2017-09-08 05:00:00,0.01659999974071979
2017-09-08 06:00:00,0.01659999974071979
2017-09-08 07:00:00,0.02699999883770942
2017-09-08 08:00:00,0.02699999883770942
2017-09-08 09:00:00,0.02699999883770942
2017-09-08 10:00:00,0.04459999874234199
2017-09-08 11:00:00,0.04459999874234199
2017-09-08 12:00:00,0.04459999874234199
2017-09-08 13:00:00,0.13369999825954437
2017-09-08 14:00:00,0.13369999825954437
2017-09-08 15:00:00,0.13369999825954437
2017-09-08 16:00:00,0.6060999631881714
2017-09-08 17:00:00,0.6060999631881714
2017-09-08 18:00:00,0.6060999631881714
2017-09-08 19:00:00,0.7163000106811523
2017-09-08 20:00:00,0.7163000106811523
2017-09-08 21:00:00,0.7163000106811523
2017-09-08 22:00:00,0.4520999789237976
2017-09-08 23:00:00,0.4520999789237976
2017-09-09,0.4520999789237976
2017-09-09 01:00:00,0.05209999904036522
2017-09-09 02:00:00,0.05209999904036522
2017-09-09 03:00:00,0.05209999904036522
2017-09-09 04:00:00,0.01809999905526638
2017-09-09 05:00:00,0.01809999905526638
2017-09-09 06:00:00,0.01809999905526638
2017-09-09 07:00:00,0.00989999994635582
2017-09-09 08:00:00,0.00989999994635582
2017-09-09 09:00:00,0.00989999994635582
2017-09-09 10:00:00,0.01950000040233135
2017-09-09 11:00:00,0.01950000040233135
2017-09-09 12:00:00,0.01950000040233135
2017-09-09 13:00:00,0.11589999496936798
2017-09-09 14:00:00,0.11589999496936798
2017-09-09 15:00:00,0.11589999496936798
2017-09-09 16:00:00,0.5817999839782715
2017-09-09 17:00:00,0.5817999839782715
2017-09-09 18:00:00,0.5817999839782715
2017-09-09 19:00:00,0.7447999715805054
2017-09-09 20:00:00,0.7447999715805054
2017-09-09 21:00:00,0.7447999715805054
2017-09-09 22:00:00,0.47279998660087585
2017-09-09 23:00:00,0.47279998660087585
2017-09-10,0.47279998660087585
2017-09-10 01:00:00,0.07569999992847443
2017-09-10 02:00:00,0.07569999992847443
2017-09-10 03:00:00,0.07569999992847443
2017-09-10 04:00:00,0.02579999901354313
2017-09-10 05:00:00,0.02579999901354313
2017-09-10 06:00:00,0.02579999901354313
2017-09-10 07:00:00,0.01659999974071979
2017-09-10 08:00:00,0.01659999974071979
2017-09-10 09:00:00,0.01659999974071979
2017-09-10 10:00:00,0.01189999934285879
2017-09-10 11:00:00,0.01189999934285879
2017-09-10 12:00:00,0.01189999934285879
2017-09-10 13:00:00,0.09779999405145644
2017-09-10 14:00:00,0.09779999405145644
2017-09-10 15:00:00,0.09779999405145644
2017-09-10 16:00:00,0.4952999949455261
2017-09-10 17:00:00,0.4952999949455261
2017-09-10 18:00:00,0.4952999949455261
2017-09-10 19:00:00,0.6057999730110168
2017-09-10 20:00:00,0.6057999730110168
2017-09-10 21:00:00,0.6057999730110168
2017-09-10 22:00:00,0.42159998416900635
2017-09-10 23:00:00,0.42159998416900635
2017-09-11,0.42159998416900635
2017-09-11 01:00:00,0.07609999924898148
2017-09-11 02:00:00,0.07609999924898148
2017-09-11 03:00:00,0.07609999924898148
2017-09-11 04:00:00,0.02549999952316284
2017-09-11 05:00:00,0.02549999952316284
2017-09-11 06:00:00,0.02549999952316284
2017-09-11 07:00:00,0.01689999923110008
2017-09-11 08:00:00,0.01689999923110008
2017-09-11 09:00:00,0.01689999923110008
2017-09-11 10:00:00,0.00629997532814741
2017-09-11 11:00:00,0.00629997532814741
2017-09-11 12:00:00,0.00629997532814741
2017-09-11 13:00:00,0.08709999918937683
2017-09-11 14:00:00,0.08709999918937683
2017-09-11 15:00:00,0.08709999918937683
2017-09-11 16:00:00,0.5378000140190125
2017-09-11 17:00:00,0.5378000140190125
2017-09-11 18:00:00,0.5378000140190125
2017-09-11 19:00:00,0.6990999579429626
2017-09-11 20:00:00,0.6990999579429626
2017-09-11 21:00:00,0.6990999579429626
2017-09-11 22:00:00,0.4505999982357025
2017-09-11 23:00:00,0.4505999982357025
2017-09-12,0.4505999982357025
2017-09-12 01:00:00,0.04699999839067459
2017-09-12 02:00:00,0.04699999839067459
2017-09-12 03:00:00,0.04699999839067459
2017-09-12 04:00:00,0.0089999996125698
2017-09-12 05:00:00,0.0089999996125698
2017-09-12 06:00:00,0.0089999996125698
2017-09-12 07:00:00,0.00669999979436397
2017-09-12 08:00:00,0.00669999979436397
2017-09-12 09:00:00,0.00669999979436397
2017-09-12 10:00:00,-0.0044999998062849
2017-09-12 11:00:00,-0.0044999998062849
2017-09-12 12:00:00,-0.0044999998062849
2017-09-12 13:00:00,0.09749999642372131
2017-09-12 14:00:00,0.09749999642372131
2017-09-12 15:00:00,0.09749999642372131
2017-09-12 16:00:00,0.5393999814987183
2017-09-12 17:00:00,0.5393999814987183
2017-09-12 18:00:00,0.5393999814987183
2017-09-12 19:00:00,0.7599999904632568
2017-09-12 20:00:00,0.7599999904632568
2017-09-12 21:00:00,0.7599999904632568
2017-09-12 22:00:00,0.5066999793052673
2017-09-12 23:00:00,0.5066999793052673
2017-09-13,0.5066999793052673
2017-09-13 01:00:00,0.04800000041723251
2017-09-13 02:00:00,0.04800000041723251
2017-09-13 03:00:00,0.04800000041723251
2017-09-13 04:00:00,0.01899999938905239
2017-09-13 05:00:00,0.01899999938905239
2017-09-13 06:00:00,0.01899999938905239
2017-09-13 07:00:00,0.01559999957680702
2017-09-13 08:00:00,0.01559999957680702
2017-09-13 09:00:00,0.01559999957680702
2017-09-13 10:00:00,0.00879999995231628
2017-09-13 11:00:00,0.00879999995231628
2017-09-13 12:00:00,0.00879999995231628
2017-09-13 13:00:00,0.119999997317791
2017-09-13 14:00:00,0.119999997317791
2017-09-13 15:00:00,0.119999997317791
2017-09-13 16:00:00,0.5699999928474426
2017-09-13 17:00:00,0.5699999928474426
2017-09-13 18:00:00,0.5699999928474426
2017-09-13 19:00:00,0.7193999886512756
2017-09-13 20:00:00,0.7193999886512756
2017-09-13 21:00:00,0.7193999886512756
2017-09-13 22:00:00,0.47099998593330383
2017-09-13 23:00:00,0.47099998593330383
2017-09-14,0.47099998593330383
2017-09-14 01:00:00,0.0324999988079071
2017-09-14 02:00:00,0.0324999988079071
2017-09-14 03:00:00,0.0324999988079071
2017-09-14 04:00:00,0.01519999932497739
2017-09-14 05:00:00,0.01519999932497739
2017-09-14 06:00:00,0.01519999932497739
2017-09-14 07:00:00,0.01269999984651804
2017-09-14 08:00:00,0.01269999984651804
2017-09-14 09:00:00,0.01269999984651804
2017-09-14 10:00:00,0.00980000011622905
2017-09-14 11:00:00,0.00980000011622905
2017-09-14 12:00:00,0.00980000011622905
2017-09-14 13:00:00,0.11149999499320984
2017-09-14 14:00:00,0.11149999499320984
2017-09-14 15:00:00,0.11149999499320984
2017-09-14 16:00:00,0.5651000142097473
2017-09-14 17:00:00,0.5651000142097473
2017-09-14 18:00:00,0.5651000142097473
2017-09-14 19:00:00,0.673799991607666
2017-09-14 20:00:00,0.673799991607666
2017-09-14 21:00:00,0.673799991607666
2017-09-14 22:00:00,0.4641999900341034
2017-09-14 23:00:00,0.4641999900341034
2017-09-15,0.4641999900341034
2017-09-15 01:00:00,0.08449999988079071
2017-09-15 02:00:00,0.08449999988079071
2017-09-15 03:00:00,0.08449999988079071
2017-09-15 04:00:00,0.03009999915957451
2017-09-15 05:00:00,0.03009999915957451
2017-09-15 06:00:00,0.03009999915957451
2017-09-15 07:00:00,0.03269999846816063
2017-09-15 08:00:00,0.03269999846816063
2017-09-15 09:00:00,0.03269999846816063
2017-09-15 10:00:00,0.02889999933540821
2017-09-15 11:00:00,0.02889999933540821
2017-09-15 12:00:00,0.02889999933540821
2017-09-15 13:00:00,0.13599999248981476
2017-09-15 14:00:00,0.13599999248981476
2017-09-15 15:00:00,0.13599999248981476
2017-09-15 16:00:00,0.5637999773025513
2017-09-15 17:00:00,0.5637999773025513
2017-09-15 18:00:00,0.5637999773025513
2017-09-15 19:00:00,0.7146999835968018
2017-09-15 20:00:00,0.7146999835968018
2017-09-15 21:00:00,0.7146999835968018
2017-09-15 22:00:00,0.46289998292922974
2017-09-15 23:00:00,0.46289998292922974
2017-09-16,0.46289998292922974
2017-09-16 01:00:00,0.05370000004768371
2017-09-16 02:00:00,0.05370000004768371
2017-09-16 03:00:00,0.05370000004768371
2017-09-16 04:00:00,0.03819997608661651
2017-09-16 05:00:00,0.03819997608661651
2017-09-16 06:00:00,0.03819997608661651
2017-09-16 07:00:00,0.00989999994635582
2017-09-16 08:00:00,0.00989999994635582
2017-09-16 09:00:00,0.00989999994635582
2017-09-16 10:00:00,-0.01379999984055757
2017-09-16 11:00:00,-0.01379999984055757
2017-09-16 12:00:00,-0.01379999984055757
2017-09-16 13:00:00,0.05509999766945839
2017-09-16 14:00:00,0.05509999766945839
2017-09-16 15:00:00,0.05509999766945839
2017-09-16 16:00:00,0.3863999843597412
2017-09-16 17:00:00,0.3863999843597412
2017-09-16 18:00:00,0.3863999843597412
2017-09-16 19:00:00,0.6244999766349792
2017-09-16 20:00:00,0.6244999766349792
2017-09-16 21:00:00,0.6244999766349792
2017-09-16 22:00:00,0.42089998722076416
2017-09-16 23:00:00,0.42089998722076416
2017-09-17,0.42089998722076416
2017-09-17 01:00:00,0.03319999948143959
2017-09-17 02:00:00,0.03319999948143959
2017-09-17 03:00:00,0.03319999948143959
2017-09-17 04:00:00,-0.00589999975636601
2017-09-17 05:00:00,-0.00589999975636601
2017-09-17 06:00:00,-0.00589999975636601
2017-09-17 07:00:00,-0.01079999934881925
2017-09-17 08:00:00,-0.01079999934881925
2017-09-17 09:00:00,-0.01079999934881925
2017-09-17 10:00:00,-0.01439999975264072
2017-09-17 11:00:00,-0.01439999975264072
2017-09-17 12:00:00,-0.01439999975264072
2017-09-17 13:00:00,0.07569999992847443
2017-09-17 14:00:00,0.07569999992847443
2017-09-17 15:00:00,0.07569999992847443
2017-09-17 16:00:00,0.5170999765396118
2017-09-17 17:00:00,0.5170999765396118
2017-09-17 18:00:00,0.5170999765396118
2017-09-17 19:00:00,0.6036999821662903
2017-09-17 20:00:00,0.6036999821662903
2017-09-17 21:00:00,0.6036999821662903
2017-09-17 22:00:00,0.4154999852180481
2017-09-17 23:00:00,0.4154999852180481
2017-09-18,0.4154999852180481
2017-09-18 01:00:00,0.04729999974370003
2017-09-18 02:00:00,0.04729999974370003
2017-09-18 03:00:00,0.04729999974370003
2017-09-18 04:00:00,0.02859999984502792
2017-09-18 05:00:00,0.02859999984502792
2017-09-18 06:00:00,0.02859999984502792
2017-09-18 07:00:00,0.01200000010430812
2017-09-18 08:00:00,0.01200000010430812
2017-09-18 09:00:00,0.01200000010430812
2017-09-18 10:00:00,0.00549999997019767
2017-09-18 11:00:00,0.00549999997019767
2017-09-18 12:00:00,0.00549999997019767
2017-09-18 13:00:00,0.09429999440908432
2017-09-18 14:00:00,0.09429999440908432
2017-09-18 15:00:00,0.09429999440908432
2017-09-18 16:00:00,0.5026000142097473
2017-09-18 17:00:00,0.5026000142097473
2017-09-18 18:00:00,0.5026000142097473
2017-09-18 19:00:00,0.6923999786376953
2017-09-18 20:00:00,0.6923999786376953
2017-09-18 21:00:00,0.6923999786376953
2017-09-18 22:00:00,0.46609997749328613
2017-09-18 23:00:00,0.46609997749328613
2017-09-19,0.46609997749328613
2017-09-19 01:00:00,0.04859999939799309
2017-09-19 02:00:00,0.04859999939799309
2017-09-19 03:00:00,0.04859999939799309
2017-09-19 04:00:00,0.04089999943971634
2017-09-19 05:00:00,0.04089999943971634
2017-09-19 06:00:00,0.04089999943971634
2017-09-19 07:00:00,0.04519999772310257
2017-09-19 08:00:00,0.04519999772310257
2017-09-19 09:00:00,0.04519999772310257
2017-09-19 10:00:00,0.04439999908208847
2017-09-19 11:00:00,0.04439999908208847
2017-09-19 12:00:00,0.04439999908208847
2017-09-19 13:00:00,0.16489998996257782
2017-09-19 14:00:00,0.16489998996257782
2017-09-19 15:00:00,0.16489998996257782
2017-09-19 16:00:00,0.6187999844551086
2017-09-19 17:00:00,0.6187999844551086
2017-09-19 18:00:00,0.6187999844551086
2017-09-19 19:00:00,0.7978000044822693
2017-09-19 20:00:00,0.7978000044822693
2017-09-19 21:00:00,0.7978000044822693
2017-09-19 22:00:00,0.5478000044822693
2017-09-19 23:00:00,0.5478000044822693
2017-09-20,0.5478000044822693
2017-09-20 01:00:00,0.0527999997138977
2017-09-20 02:00:00,0.0527999997138977
2017-09-20 03:00:00,0.0527999997138977
2017-09-20 04:00:00,0.01429999992251396
2017-09-20 05:00:00,0.01429999992251396
2017-09-20 06:00:00,0.01429999992251396
2017-09-20 07:00:00,0.03089999966323375
2017-09-20 08:00:00,0.03089999966323375
2017-09-20 09:00:00,0.03089999966323375
2017-09-20 10:00:00,0.02039999887347221
2017-09-20 11:00:00,0.02039999887347221
2017-09-20 12:00:00,0.02039999887347221
2017-09-20 13:00:00,0.10819999873638152
2017-09-20 14:00:00,0.10819999873638152
2017-09-20 15:00:00,0.10819999873638152
2017-09-20 16:00:00,0.5209999680519104
2017-09-20 17:00:00,0.5209999680519104
2017-09-20 18:00:00,0.5209999680519104
2017-09-20 19:00:00,0.6904000043869019
2017-09-20 20:00:00,0.6904000043869019
2017-09-20 21:00:00,0.6904000043869019
2017-09-20 22:00:00,0.4640999734401703
2017-09-20 23:00:00,0.4640999734401703
2017-09-21,0.4640999734401703
2017-09-21 01:00:00,0.03779999911785126
2017-09-21 02:00:00,0.03779999911785126
2017-09-21 03:00:00,0.03779999911785126
2017-09-21 04:00:00,0.03590000048279762
2017-09-21 05:00:00,0.03590000048279762
2017-09-21 06:00:00,0.03590000048279762
2017-09-21 07:00:00,0.03539999946951866
2017-09-21 08:00:00,0.03539999946951866
2017-09-21 09:00:00,0.03539999946951866
2017-09-21 10:00:00,0.03159999847412109
2017-09-21 11:00:00,0.03159999847412109
2017-09-21 12:00:00,0.03159999847412109
2017-09-21 13:00:00,0.13359999656677246
2017-09-21 14:00:00,0.13359999656677246
2017-09-21 15:00:00,0.13359999656677246
2017-09-21 16:00:00,0.5910999774932861
2017-09-21 17:00:00,0.5910999774932861
2017-09-21 18:00:00,0.5910999774932861
2017-09-21 19:00:00,0.7572000026702881
2017-09-21 20:00:00,0.7572000026702881
2017-09-21 21:00:00,0.7572000026702881
2017-09-21 22:00:00,0.5260999798774719
2017-09-21 23:00:00,0.5260999798774719
2017-09-22,0.5260999798774719
2017-09-22 01:00:00,0.06689999997615814
2017-09-22 02:00:00,0.06689999997615814
2017-09-22 03:00:00,0.06689999997615814
2017-09-22 04:00:00,0.05829999968409538
2017-09-22 05:00:00,0.05829999968409538
2017-09-22 06:00:00,0.05829999968409538
2017-09-22 07:00:00,0.05040000006556511
2017-09-22 08:00:00,0.05040000006556511
2017-09-22 09:00:00,0.05040000006556511
2017-09-22 10:00:00,0.02899999916553497
2017-09-22 11:00:00,0.02899999916553497
2017-09-22 12:00:00,0.02899999916553497
2017-09-22 13:00:00,0.11939999461174013
2017-09-22 14:00:00,0.11939999461174013
2017-09-22 15:00:00,0.11939999461174013
2017-09-22 16:00:00,0.5587999820709229
2017-09-22 17:00:00,0.5587999820709229
2017-09-22 18:00:00,0.5587999820709229
2017-09-22 19:00:00,0.677299976348877
2017-09-22 20:00:00,0.677299976348877
2017-09-22 21:00:00,0.677299976348877
2017-09-22 22:00:00,0.4398999810218811
2017-09-22 23:00:00,0.4398999810218811
2017-09-23,0.4398999810218811
2017-09-23 01:00:00,0.03889999911189079
2017-09-23 02:00:00,0.03889999911189079
2017-09-23 03:00:00,0.03889999911189079
2017-09-23 04:00:00,0.03419999778270721
2017-09-23 05:00:00,0.03419999778270721
2017-09-23 06:00:00,0.03419999778270721
2017-09-23 07:00:00,0.01669999957084655
2017-09-23 08:00:00,0.01669999957084655
2017-09-23 09:00:00,0.01669999957084655
2017-09-23 10:00:00,-0.00119999994058161
2017-09-23 11:00:00,-0.00119999994058161
2017-09-23 12:00:00,-0.00119999994058161
2017-09-23 13:00:00,0.0786999985575676
2017-09-23 14:00:00,0.0786999985575676
2017-09-23 15:00:00,0.0786999985575676
2017-09-23 16:00:00,0.3561999797821045
2017-09-23 17:00:00,0.3561999797821045
2017-09-23 18:00:00,0.3561999797821045
2017-09-23 19:00:00,0.3845999836921692
2017-09-23 20:00:00,0.3845999836921692
2017-09-23 21:00:00,0.3845999836921692
2017-09-23 22:00:00,0.20229999721050265
2017-09-23 23:00:00,0.20229999721050265
2017-09-24,0.20229999721050265
2017-09-24 01:00:00,0.02199999988079071
2017-09-24 02:00:00,0.02199999988079071
2017-09-24 03:00:00,0.02199999988079071
2017-09-24 04:00:00,0.01899999938905239
2017-09-24 05:00:00,0.01899999938905239
2017-09-24 06:00:00,0.01899999938905239
2017-09-24 07:00:00,-0.00309999985620379
2017-09-24 08:00:00,-0.00309999985620379
2017-09-24 09:00:00,-0.00309999985620379
2017-09-24 10:00:00,-0.01319999992847442
2017-09-24 11:00:00,-0.01319999992847442
2017-09-24 12:00:00,-0.01319999992847442
2017-09-24 13:00:00,0.04649999737739563
2017-09-24 14:00:00,0.04649999737739563
2017-09-24 15:00:00,0.04649999737739563
2017-09-24 16:00:00,0.2897999882698059
2017-09-24 17:00:00,0.2897999882698059
2017-09-24 18:00:00,0.2897999882698059
2017-09-24 19:00:00,0.34369999170303345
2017-09-24 20:00:00,0.34369999170303345
2017-09-24 21:00:00,0.34369999170303345
2017-09-24 22:00:00,0.2008000016212463
2017-09-24 23:00:00,0.2008000016212463
2017-09-25,0.2008000016212463
2017-09-25 01:00:00,-2.9999998514540493e-4
2017-09-25 02:00:00,-2.9999998514540493e-4
2017-09-25 03:00:00,-2.9999998514540493e-4
2017-09-25 04:00:00,0.00189999991562217
2017-09-25 05:00:00,0.00189999991562217
2017-09-25 06:00:00,0.00189999991562217
2017-09-25 07:00:00,-0.00230000005103647
2017-09-25 08:00:00,-0.00230000005103647
2017-09-25 09:00:00,-0.00230000005103647
2017-09-25 10:00:00,-0.01009999960660934
2017-09-25 11:00:00,-0.01009999960660934
2017-09-25 12:00:00,-0.01009999960660934
2017-09-25 13:00:00,0.01589999906718731
2017-09-25 14:00:00,0.01589999906718731
2017-09-25 15:00:00,0.01589999906718731
2017-09-25 16:00:00,0.08779999613761902
2017-09-25 17:00:00,0.08779999613761902
2017-09-25 18:00:00,0.08779999613761902
2017-09-25 19:00:00,0.33719998598098755
2017-09-25 20:00:00,0.33719998598098755
2017-09-25 21:00:00,0.33719998598098755
2017-09-25 22:00:00,0.25459998846054077
2017-09-25 23:00:00,0.25459998846054077
2017-09-26,0.25459998846054077
2017-09-26 01:00:00,0.00359999993816018
2017-09-26 02:00:00,0.00359999993816018
2017-09-26 03:00:00,0.00359999993816018
2017-09-26 04:00:00,-0.00479999976232647
2017-09-26 05:00:00,-0.00479999976232647
2017-09-26 06:00:00,-0.00479999976232647
2017-09-26 07:00:00,-0.00559999980032444
2017-09-26 08:00:00,-0.00559999980032444
2017-09-26 09:00:00,-0.00559999980032444
2017-09-26 10:00:00,-0.00539999967440962
2017-09-26 11:00:00,-0.00539999967440962
2017-09-26 12:00:00,-0.00539999967440962
2017-09-26 13:00:00,0.02279999852180481
2017-09-26 14:00:00,0.02279999852180481
2017-09-26 15:00:00,0.02279999852180481
2017-09-26 16:00:00,0.1257999986410141
2017-09-26 17:00:00,0.1257999986410141
2017-09-26 18:00:00,0.1257999986410141
2017-09-26 19:00:00,0.2184999883174896
2017-09-26 20:00:00,0.2184999883174896
2017-09-26 21:00:00,0.2184999883174896
2017-09-26 22:00:00,0.23709999024868011
2017-09-26 23:00:00,0.23709999024868011
2017-09-27,0.23709999024868011
2017-09-27 01:00:00,-0.01999999955296516
2017-09-27 02:00:00,-0.01999999955296516
2017-09-27 03:00:00,-0.01999999955296516
2017-09-27 04:00:00,-0.01850000023841858
2017-09-27 05:00:00,-0.01850000023841858
2017-09-27 06:00:00,-0.01850000023841858
2017-09-27 07:00:00,-0.01620000042021274
2017-09-27 08:00:00,-0.01620000042021274
2017-09-27 09:00:00,-0.01620000042021274
2017-09-27 10:00:00,-0.01589999906718731
2017-09-27 11:00:00,-0.01589999906718731
2017-09-27 12:00:00,-0.01589999906718731
2017-09-27 13:00:00,-0.00699999975040555
2017-09-27 14:00:00,-0.00699999975040555
2017-09-27 15:00:00,-0.00699999975040555
2017-09-27 16:00:00,0.03449999913573265
2017-09-27 17:00:00,0.03449999913573265
2017-09-27 18:00:00,0.03449999913573265
2017-09-27 19:00:00,0.09640000015497208
2017-09-27 20:00:00,0.09640000015497208
2017-09-27 21:00:00,0.09640000015497208
2017-09-27 22:00:00,0.23169998824596405
2017-09-27 23:00:00,0.23169998824596405
2017-09-28,0.23169998824596405
2017-09-28 01:00:00,0.0032999999821186
2017-09-28 02:00:00,0.0032999999821186
2017-09-28 03:00:00,0.0032999999821186
2017-09-28 04:00:00,-0.0044999998062849
2017-09-28 05:00:00,-0.0044999998062849
2017-09-28 06:00:00,-0.0044999998062849
2017-09-28 07:00:00,0.00189999991562217
2017-09-28 08:00:00,0.00189999991562217
2017-09-28 09:00:00,0.00189999991562217
2017-09-28 10:00:00,-0.00300000002607703
2017-09-28 11:00:00,-0.00300000002607703
2017-09-28 12:00:00,-0.00300000002607703
2017-09-28 13:00:00,-0.00179999996908009
2017-09-28 14:00:00,-0.00179999996908009
2017-09-28 15:00:00,-0.00179999996908009
2017-09-28 16:00:00,-0.00669999979436397
2017-09-28 17:00:00,-0.00669999979436397
2017-09-28 18:00:00,-0.00669999979436397
2017-09-28 19:00:00,0.05849999934434891
2017-09-28 20:00:00,0.05849999934434891
2017-09-28 21:00:00,0.05849999934434891
2017-09-28 22:00:00,0.2134999930858612
2017-09-28 23:00:00,0.2134999930858612
2017-09-29,0.2134999930858612
2017-09-29 01:00:00,0.00649999966844916
2017-09-29 02:00:00,0.00649999966844916
2017-09-29 03:00:00,0.00649999966844916
2017-09-29 04:00:00,-0.00889999978244304
2017-09-29 05:00:00,-0.00889999978244304
2017-09-29 06:00:00,-0.00889999978244304
2017-09-29 07:00:00,-0.00609999988228082
2017-09-29 08:00:00,-0.00609999988228082
2017-09-29 09:00:00,-0.00609999988228082
2017-09-29 10:00:00,-0.00349999987520277
2017-09-29 11:00:00,-0.00349999987520277
2017-09-29 12:00:00,-0.00349999987520277
2017-09-29 13:00:00,0.04270000010728836
2017-09-29 14:00:00,0.04270000010728836
2017-09-29 15:00:00,0.04270000010728836
2017-09-29 16:00:00,0.353300005197525
2017-09-29 17:00:00,0.353300005197525
2017-09-29 18:00:00,0.353300005197525
2017-09-29 19:00:00,0.4253999888896942
2017-09-29 20:00:00,0.4253999888896942
2017-09-29 21:00:00,0.4253999888896942
2017-09-29 22:00:00,0.26269999146461487
2017-09-29 23:00:00,0.26269999146461487
2017-09-30,0.26269999146461487
2017-09-30 01:00:00,0.0063999998383224
2017-09-30 02:00:00,0.0063999998383224
2017-09-30 03:00:00,0.0063999998383224
2017-09-30 04:00:00,9.999999310821297e-4
2017-09-30 05:00:00,9.999999310821297e-4
2017-09-30 06:00:00,9.999999310821297e-4
2017-09-30 07:00:00,-2.9999998514540493e-4
2017-09-30 08:00:00,-2.9999998514540493e-4
2017-09-30 09:00:00,-2.9999998514540493e-4
2017-09-30 10:00:00,0.0063999998383224
2017-09-30 11:00:00,0.0063999998383224
2017-09-30 12:00:00,0.0063999998383224
2017-09-30 13:00:00,0.06199999898672104
2017-09-30 14:00:00,0.06199999898672104
2017-09-30 15:00:00,0.06199999898672104
2017-09-30 16:00:00,0.4223999977111816
2017-09-30 17:00:00,0.4223999977111816
2017-09-30 18:00:00,0.4223999977111816
2017-09-30 19:00:00,0.5331999659538269
2017-09-30 20:00:00,0.5331999659538269
2017-09-30 21:00:00,0.5331999659538269
2017-09-30 22:00:00,0.30239999294281006
2017-09-30 23:00:00,0.30239999294281006
2017-10-01,0.30239999294281006
2017-10-01 01:00:00,0.06019999831914902
2017-10-01 02:00:00,0.06019999831914902
2017-10-01 03:00:00,0.06019999831914902
2017-10-01 04:00:00,0.03309999778866768
2017-10-01 05:00:00,0.03309999778866768
2017-10-01 06:00:00,0.03309999778866768
2017-10-01 07:00:00,0.02410000003874302
2017-10-01 08:00:00,0.02410000003874302
2017-10-01 09:00:00,0.02410000003874302
2017-10-01 10:00:00,0.01909999921917915
2017-10-01 11:00:00,0.01909999921917915
2017-10-01 12:00:00,0.01909999921917915
2017-10-01 13:00:00,0.06679999828338623
2017-10-01 14:00:00,0.06679999828338623
2017-10-01 15:00:00,0.06679999828338623
2017-10-01 16:00:00,0.3456999957561493
2017-10-01 17:00:00,0.3456999957561493
2017-10-01 18:00:00,0.3456999957561493
2017-10-01 19:00:00,0.5467999577522278
2017-10-01 20:00:00,0.5467999577522278
2017-10-01 21:00:00,0.5467999577522278
2017-10-01 22:00:00,0.35179999470710754
2017-10-01 23:00:00,0.35179999470710754
2017-10-02,0.35179999470710754
2017-10-02 01:00:00,0.03769999742507934
2017-10-02 02:00:00,0.03769999742507934
2017-10-02 03:00:00,0.03769999742507934
2017-10-02 04:00:00,0.05389997363090515
2017-10-02 05:00:00,0.05389997363090515
2017-10-02 06:00:00,0.05389997363090515
2017-10-02 07:00:00,0.04769999906420708
2017-10-02 08:00:00,0.04769999906420708
2017-10-02 09:00:00,0.04769999906420708
2017-10-02 10:00:00,0.00989999994635582
2017-10-02 11:00:00,0.00989999994635582
2017-10-02 12:00:00,0.00989999994635582
2017-10-02 13:00:00,0.05969999730587005
2017-10-02 14:00:00,0.05969999730587005
2017-10-02 15:00:00,0.05969999730587005
2017-10-02 16:00:00,0.07259999960660934
2017-10-02 17:00:00,0.07259999960660934
2017-10-02 18:00:00,0.07259999960660934
2017-10-02 19:00:00,0.07239999622106552
2017-10-02 20:00:00,0.07239999622106552
2017-10-02 21:00:00,0.07239999622106552
2017-10-02 22:00:00,0.0803999975323677
2017-10-02 23:00:00,0.0803999975323677
2017-10-03,0.0803999975323677
2017-10-03 01:00:00,0.01079999934881925
2017-10-03 02:00:00,0.01079999934881925
2017-10-03 03:00:00,0.01079999934881925
2017-10-03 04:00:00,0.01339999958872795
2017-10-03 05:00:00,0.01339999958872795
2017-10-03 06:00:00,0.01339999958872795
2017-10-03 07:00:00,-0.00609999988228082
2017-10-03 08:00:00,-0.00609999988228082
2017-10-03 09:00:00,-0.00609999988228082
2017-10-03 10:00:00,-0.00279999990016222
2017-10-03 11:00:00,-0.00279999990016222
2017-10-03 12:00:00,-0.00279999990016222
2017-10-03 13:00:00,0.0405999980866909
2017-10-03 14:00:00,0.0405999980866909
2017-10-03 15:00:00,0.0405999980866909
2017-10-03 16:00:00,0.08869999647140503
2017-10-03 17:00:00,0.08869999647140503
2017-10-03 18:00:00,0.08869999647140503
2017-10-03 19:00:00,0.05629999935626983
2017-10-03 20:00:00,0.05629999935626983
2017-10-03 21:00:00,0.05629999935626983
2017-10-03 22:00:00,0.02599999867379665
2017-10-03 23:00:00,0.02599999867379665
2017-10-04,0.02599999867379665
2017-10-04 01:00:00,-0.01349999941885471
2017-10-04 02:00:00,-0.01349999941885471
2017-10-04 03:00:00,-0.01349999941885471
2017-10-04 04:00:00,-0.02419999986886978
2017-10-04 05:00:00,-0.02419999986886978
2017-10-04 06:00:00,-0.02419999986886978
2017-10-04 07:00:00,-0.02960000000894069
2017-10-04 08:00:00,-0.02960000000894069
2017-10-04 09:00:00,-0.02960000000894069
2017-10-04 10:00:00,-0.05260000005364418
2017-10-04 11:00:00,-0.05260000005364418
2017-10-04 12:00:00,-0.05260000005364418
2017-10-04 13:00:00,-0.02819999866187572
2017-10-04 14:00:00,-0.02819999866187572
2017-10-04 15:00:00,-0.02819999866187572
2017-10-04 16:00:00,-0.03109999932348728
2017-10-04 17:00:00,-0.03109999932348728
2017-10-04 18:00:00,-0.03109999932348728
2017-10-04 19:00:00,0.3964000046253204
2017-10-04 20:00:00,0.3964000046253204
2017-10-04 21:00:00,0.3964000046253204
2017-10-04 22:00:00,0.24979999661445615
2017-10-04 23:00:00,0.24979999661445615
2017-10-05,0.24979999661445615
2017-10-05 01:00:00,-0.01929999887943267
2017-10-05 02:00:00,-0.01929999887943267
2017-10-05 03:00:00,-0.01929999887943267
2017-10-05 04:00:00,-0.0101999994367361
2017-10-05 05:00:00,-0.0101999994367361
2017-10-05 06:00:00,-0.0101999994367361
2017-10-05 07:00:00,-0.00769999995827674
2017-10-05 08:00:00,-0.00769999995827674
2017-10-05 09:00:00,-0.00769999995827674
2017-10-05 10:00:00,-0.00460000010207295
2017-10-05 11:00:00,-0.00460000010207295
2017-10-05 12:00:00,-0.00460000010207295
2017-10-05 13:00:00,0.00630000000819563
2017-10-05 14:00:00,0.00630000000819563
2017-10-05 15:00:00,0.00630000000819563
2017-10-05 16:00:00,0.00359999993816018
2017-10-05 17:00:00,0.00359999993816018
2017-10-05 18:00:00,0.00359999993816018
2017-10-05 19:00:00,0.09950000047683716
2017-10-05 20:00:00,0.09950000047683716
2017-10-05 21:00:00,0.09950000047683716
2017-10-05 22:00:00,0.19200000166893005
2017-10-05 23:00:00,0.19200000166893005
2017-10-06,0.19200000166893005
2017-10-06 01:00:00,-0.031700000166893
2017-10-06 02:00:00,-0.031700000166893
2017-10-06 03:00:00,-0.031700000166893
2017-10-06 04:00:00,-0.01090000011026859
2017-10-06 05:00:00,-0.01090000011026859
2017-10-06 06:00:00,-0.01090000011026859
2017-10-06 07:00:00,-0.00539999967440962
2017-10-06 08:00:00,-0.00539999967440962
2017-10-06 09:00:00,-0.00539999967440962
2017-10-06 10:00:00,-0.01489999983459711
2017-10-06 11:00:00,-0.01489999983459711
2017-10-06 12:00:00,-0.01489999983459711
2017-10-06 13:00:00,0.00359999993816018
2017-10-06 14:00:00,0.00359999993816018
2017-10-06 15:00:00,0.00359999993816018
2017-10-06 16:00:00,0.07369999587535858
2017-10-06 17:00:00,0.07369999587535858
2017-10-06 18:00:00,0.07369999587535858
2017-10-06 19:00:00,0.28290000557899475
2017-10-06 20:00:00,0.28290000557899475
2017-10-06 21:00:00,0.28290000557899475
2017-10-06 22:00:00,0.29889997839927673
2017-10-06 23:00:00,0.29889997839927673
2017-10-07,0.29889997839927673
2017-10-07 01:00:00,0.05099999904632568
2017-10-07 02:00:00,0.05099999904632568
2017-10-07 03:00:00,0.05099999904632568
2017-10-07 04:00:00,0.03099999949336052
2017-10-07 05:00:00,0.03099999949336052
2017-10-07 06:00:00,0.03099999949336052
2017-10-07 07:00:00,0.03590000048279762
2017-10-07 08:00:00,0.03590000048279762
2017-10-07 09:00:00,0.03590000048279762
2017-10-07 10:00:00,0.03749999776482582
2017-10-07 11:00:00,0.03749999776482582
2017-10-07 12:00:00,0.03749999776482582
2017-10-07 13:00:00,0.06629999727010727
2017-10-07 14:00:00,0.06629999727010727
2017-10-07 15:00:00,0.06629999727010727
2017-10-07 16:00:00,0.1621999889612198
2017-10-07 17:00:00,0.1621999889612198
2017-10-07 18:00:00,0.1621999889612198
2017-10-07 19:00:00,0.49059998989105225
2017-10-07 20:00:00,0.49059998989105225
2017-10-07 21:00:00,0.49059998989105225
2017-10-07 22:00:00,0.3831000030040741
2017-10-07 23:00:00,0.3831000030040741
2017-10-08,0.3831000030040741
2017-10-08 01:00:00,0.0940999984741211
2017-10-08 02:00:00,0.0940999984741211
2017-10-08 03:00:00,0.0940999984741211
2017-10-08 04:00:00,0.07620000094175339
2017-10-08 05:00:00,0.07620000094175339
2017-10-08 06:00:00,0.07620000094175339
2017-10-08 07:00:00,0.04149999842047691
2017-10-08 08:00:00,0.04149999842047691
2017-10-08 09:00:00,0.04149999842047691
2017-10-08 10:00:00,0.02239999920129776
2017-10-08 11:00:00,0.02239999920129776
2017-10-08 12:00:00,0.02239999920129776
2017-10-08 13:00:00,0.06469999998807907
2017-10-08 14:00:00,0.06469999998807907
2017-10-08 15:00:00,0.06469999998807907
2017-10-08 16:00:00,0.38850000500679016
2017-10-08 17:00:00,0.38850000500679016
2017-10-08 18:00:00,0.38850000500679016
2017-10-08 19:00:00,0.5094000101089478
2017-10-08 20:00:00,0.5094000101089478
2017-10-08 21:00:00,0.5094000101089478
2017-10-08 22:00:00,0.30859997868537903
2017-10-08 23:00:00,0.30859997868537903
2017-10-09,0.30859997868537903
2017-10-09 01:00:00,0.02879999950528145
2017-10-09 02:00:00,0.02879999950528145
2017-10-09 03:00:00,0.02879999950528145
2017-10-09 04:00:00,0.02989999949932098
2017-10-09 05:00:00,0.02989999949932098
2017-10-09 06:00:00,0.02989999949932098
2017-10-09 07:00:00,0.03139999881386757
2017-10-09 08:00:00,0.03139999881386757
2017-10-09 09:00:00,0.03139999881386757
2017-10-09 10:00:00,0.02759999968111515
2017-10-09 11:00:00,0.02759999968111515
2017-10-09 12:00:00,0.02759999968111515
2017-10-09 13:00:00,0.03079999983310699
2017-10-09 14:00:00,0.03079999983310699
2017-10-09 15:00:00,0.03079999983310699
2017-10-09 16:00:00,0.07779999822378159
2017-10-09 17:00:00,0.07779999822378159
2017-10-09 18:00:00,0.07779999822378159
2017-10-09 19:00:00,0.12889999151229858
2017-10-09 20:00:00,0.12889999151229858
2017-10-09 21:00:00,0.12889999151229858
2017-10-09 22:00:00,0.08370000123977661
2017-10-09 23:00:00,0.08370000123977661
2017-10-10,0.08370000123977661
2017-10-10 01:00:00,-0.01239999942481517
2017-10-10 02:00:00,-0.01239999942481517
2017-10-10 03:00:00,-0.01239999942481517
2017-10-10 04:00:00,-0.00889999978244304
2017-10-10 05:00:00,-0.00889999978244304
2017-10-10 06:00:00,-0.00889999978244304
2017-10-10 07:00:00,-0.00859999936074018
2017-10-10 08:00:00,-0.00859999936074018
2017-10-10 09:00:00,-0.00859999936074018
2017-10-10 10:00:00,-0.00589999975636601
2017-10-10 11:00:00,-0.00589999975636601
2017-10-10 12:00:00,-0.00589999975636601
2017-10-10 13:00:00,0.02719999849796295
2017-10-10 14:00:00,0.02719999849796295
2017-10-10 15:00:00,0.02719999849796295
2017-10-10 16:00:00,0.15320000052452087
2017-10-10 17:00:00,0.15320000052452087
2017-10-10 18:00:00,0.15320000052452087
2017-10-10 19:00:00,0.15729999542236328
2017-10-10 20:00:00,0.15729999542236328
2017-10-10 21:00:00,0.15729999542236328
2017-10-10 22:00:00,0.09189999848604202
2017-10-10 23:00:00,0.09189999848604202
2017-10-11,0.09189999848604202
2017-10-11 01:00:00,-0.00199999986216425
2017-10-11 02:00:00,-0.00199999986216425
2017-10-11 03:00:00,-0.00199999986216425
2017-10-11 04:00:00,0.00689999992027878
2017-10-11 05:00:00,0.00689999992027878
2017-10-11 06:00:00,0.00689999992027878
2017-10-11 07:00:00,0.00959999952465295
2017-10-11 08:00:00,0.00959999952465295
2017-10-11 09:00:00,0.00959999952465295
2017-10-11 10:00:00,0.01519999932497739
2017-10-11 11:00:00,0.01519999932497739
2017-10-11 12:00:00,0.01519999932497739
2017-10-11 13:00:00,0.04079999774694443
2017-10-11 14:00:00,0.04079999774694443
2017-10-11 15:00:00,0.04079999774694443
2017-10-11 16:00:00,0.13409999012947085
2017-10-11 17:00:00,0.13409999012947085
2017-10-11 18:00:00,0.13409999012947085
2017-10-11 19:00:00,0.1850999891757965
2017-10-11 20:00:00,0.1850999891757965
2017-10-11 21:00:00,0.1850999891757965
2017-10-11 22:00:00,0.20789998769760132
2017-10-11 23:00:00,0.20789998769760132
2017-10-12,0.20789998769760132
2017-10-12 01:00:00,0.02389999851584434
2017-10-12 02:00:00,0.02389999851584434
2017-10-12 03:00:00,0.02389999851584434
2017-10-12 04:00:00,0.02929999865591526
2017-10-12 05:00:00,0.02929999865591526
2017-10-12 06:00:00,0.02929999865591526
2017-10-12 07:00:00,0.02379999868571758
2017-10-12 08:00:00,0.02379999868571758
2017-10-12 09:00:00,0.02379999868571758
2017-10-12 10:00:00,0.00949999969452619
2017-10-12 11:00:00,0.00949999969452619
2017-10-12 12:00:00,0.00949999969452619
2017-10-12 13:00:00,0.07199999690055847
2017-10-12 14:00:00,0.07199999690055847
2017-10-12 15:00:00,0.07199999690055847
2017-10-12 16:00:00,0.4453999996185303
2017-10-12 17:00:00,0.4453999996185303
2017-10-12 18:00:00,0.4453999996185303
2017-10-12 19:00:00,0.5946999788284302
2017-10-12 20:00:00,0.5946999788284302
2017-10-12 21:00:00,0.5946999788284302
2017-10-12 22:00:00,0.3158999979496002
2017-10-12 23:00:00,0.3158999979496002
2017-10-13,0.3158999979496002
2017-10-13 01:00:00,0.01840000040829181
2017-10-13 02:00:00,0.01840000040829181
2017-10-13 03:00:00,0.01840000040829181
2017-10-13 04:00:00,0.01850000023841858
2017-10-13 05:00:00,0.01850000023841858
2017-10-13 06:00:00,0.01850000023841858
2017-10-13 07:00:00,-0.00209999992512166
2017-10-13 08:00:00,-0.00209999992512166
2017-10-13 09:00:00,-0.00209999992512166
2017-10-13 10:00:00,-0.0071000000461936
2017-10-13 11:00:00,-0.0071000000461936
2017-10-13 12:00:00,-0.0071000000461936
2017-10-13 13:00:00,0.01979999989271164
2017-10-13 14:00:00,0.01979999989271164
2017-10-13 15:00:00,0.01979999989271164
2017-10-13 16:00:00,0.12939999997615814
2017-10-13 17:00:00,0.12939999997615814
2017-10-13 18:00:00,0.12939999997615814
2017-10-13 19:00:00,0.32179999351501465
2017-10-13 20:00:00,0.32179999351501465
2017-10-13 21:00:00,0.32179999351501465
2017-10-13 22:00:00,0.23649999499320984
2017-10-13 23:00:00,0.23649999499320984
2017-10-14,NA
2017-10-14 01:00:00,-0.00989999994635582
2017-10-14 02:00:00,-0.00989999994635582
2017-10-14 03:00:00,-0.00989999994635582
2017-10-14 04:00:00,0.00469999993219971
2017-10-14 05:00:00,0.00469999993219971
2017-10-14 06:00:00,0.00469999993219971
2017-10-14 07:00:00,0.01649999991059303
2017-10-14 08:00:00,0.01649999991059303
2017-10-14 09:00:00,0.01649999991059303
2017-10-14 10:00:00,0.02309999987483024
2017-10-14 11:00:00,0.02309999987483024
2017-10-14 12:00:00,0.02309999987483024
2017-10-14 13:00:00,0.12439999729394911
2017-10-14 14:00:00,0.12439999729394911
2017-10-14 15:00:00,0.12439999729394911
2017-10-14 16:00:00,0.2532999813556671
2017-10-14 17:00:00,0.2532999813556671
2017-10-14 18:00:00,0.2532999813556671
2017-10-14 19:00:00,0.2425999939441681
2017-10-14 20:00:00,0.2425999939441681
2017-10-14 21:00:00,0.2425999939441681
2017-10-14 22:00:00,0.2230999916791916
2017-10-14 23:00:00,0.2230999916791916
2017-10-15,0.2230999916791916
2017-10-15 01:00:00,0.04529999941587448
2017-10-15 02:00:00,0.04529999941587448
2017-10-15 03:00:00,0.04529999941587448
2017-10-15 04:00:00,0.0210999995470047
2017-10-15 05:00:00,0.0210999995470047
2017-10-15 06:00:00,0.0210999995470047
2017-10-15 07:00:00,0.03289999812841415
2017-10-15 08:00:00,0.03289999812841415
2017-10-15 09:00:00,0.03289999812841415
2017-10-15 10:00:00,0.03500000014901161
2017-10-15 11:00:00,0.03500000014901161
2017-10-15 12:00:00,0.03500000014901161
2017-10-15 13:00:00,0.06379999965429306
2017-10-15 14:00:00,0.06379999965429306
2017-10-15 15:00:00,0.06379999965429306
2017-10-15 16:00:00,0.19849999248981476
2017-10-15 17:00:00,0.19849999248981476
2017-10-15 18:00:00,0.19849999248981476
2017-10-15 19:00:00,0.3637000024318695
2017-10-15 20:00:00,0.3637000024318695
2017-10-15 21:00:00,0.3637000024318695
2017-10-15 22:00:00,0.2179999947547913
2017-10-15 23:00:00,0.2179999947547913
2017-10-16,0.2179999947547913
2017-10-16 01:00:00,0.00939999986439943
2017-10-16 02:00:00,0.00939999986439943
2017-10-16 03:00:00,0.00939999986439943
2017-10-16 04:00:00,0.01879999972879886
2017-10-16 05:00:00,0.01879999972879886
2017-10-16 06:00:00,0.01879999972879886
2017-10-16 07:00:00,0.01699999906122684
2017-10-16 08:00:00,0.01699999906122684
2017-10-16 09:00:00,0.01699999906122684
2017-10-16 10:00:00,0.02449999935925007
2017-10-16 11:00:00,0.02449999935925007
2017-10-16 12:00:00,0.02449999935925007
2017-10-16 13:00:00,0.05189999938011169
2017-10-16 14:00:00,0.05189999938011169
2017-10-16 15:00:00,0.05189999938011169
2017-10-16 16:00:00,0.31919997930526733
2017-10-16 17:00:00,0.31919997930526733
2017-10-16 18:00:00,0.31919997930526733
2017-10-16 19:00:00,0.5141000151634216
2017-10-16 20:00:00,0.5141000151634216
2017-10-16 21:00:00,0.5141000151634216
2017-10-16 22:00:00,0.25849997997283936
2017-10-16 23:00:00,0.25849997997283936
2017-10-17,0.25849997997283936
2017-10-17 01:00:00,0.02579999901354313
2017-10-17 02:00:00,0.02579999901354313
2017-10-17 03:00:00,0.02579999901354313
2017-10-17 04:00:00,0.02620000019669532
2017-10-17 05:00:00,0.02620000019669532
2017-10-17 06:00:00,0.02620000019669532
2017-10-17 07:00:00,0.02469999901950359
2017-10-17 08:00:00,0.02469999901950359
2017-10-17 09:00:00,0.02469999901950359
2017-10-17 10:00:00,0.02199999988079071
2017-10-17 11:00:00,0.02199999988079071
2017-10-17 12:00:00,0.02199999988079071
2017-10-17 13:00:00,0.04499999806284904
2017-10-17 14:00:00,0.04499999806284904
2017-10-17 15:00:00,0.04499999806284904
2017-10-17 16:00:00,0.3871999979019165
2017-10-17 17:00:00,0.3871999979019165
2017-10-17 18:00:00,0.3871999979019165
2017-10-17 19:00:00,0.553600013256073
2017-10-17 20:00:00,0.553600013256073
2017-10-17 21:00:00,0.553600013256073
2017-10-17 22:00:00,0.2757999897003174
2017-10-17 23:00:00,0.2757999897003174
2017-10-18,0.2757999897003174
2017-10-18 01:00:00,0.04089999943971634
2017-10-18 02:00:00,0.04089999943971634
2017-10-18 03:00:00,0.04089999943971634
2017-10-18 04:00:00,0.03260000050067901
2017-10-18 05:00:00,0.03260000050067901
2017-10-18 06:00:00,0.03260000050067901
2017-10-18 07:00:00,0.03159999847412109
2017-10-18 08:00:00,0.03159999847412109
2017-10-18 09:00:00,0.03159999847412109
2017-10-18 10:00:00,0.0332999974489212
2017-10-18 11:00:00,0.0332999974489212
2017-10-18 12:00:00,0.0332999974489212
2017-10-18 13:00:00,0.05460000038146973
2017-10-18 14:00:00,0.05460000038146973
2017-10-18 15:00:00,0.05460000038146973
2017-10-18 16:00:00,0.2732999920845032
2017-10-18 17:00:00,0.2732999920845032
2017-10-18 18:00:00,0.2732999920845032
2017-10-18 19:00:00,0.5033000111579895
2017-10-18 20:00:00,0.5033000111579895
2017-10-18 21:00:00,0.5033000111579895
2017-10-18 22:00:00,0.23879998922348025
2017-10-18 23:00:00,0.23879998922348025
2017-10-19,0.23879998922348025
2017-10-19 01:00:00,0.02190000005066394
2017-10-19 02:00:00,0.02190000005066394
2017-10-19 03:00:00,0.02190000005066394
2017-10-19 04:00:00,0.03079999983310699
2017-10-19 05:00:00,0.03079999983310699
2017-10-19 06:00:00,0.03079999983310699
2017-10-19 07:00:00,0.02769999951124191
2017-10-19 08:00:00,0.02769999951124191
2017-10-19 09:00:00,0.02769999951124191
2017-10-19 10:00:00,0.0198999997228384
2017-10-19 11:00:00,0.0198999997228384
2017-10-19 12:00:00,0.0198999997228384
2017-10-19 13:00:00,0.0414000004529953
2017-10-19 14:00:00,0.0414000004529953
2017-10-19 15:00:00,0.0414000004529953
2017-10-19 16:00:00,0.3860999941825866
2017-10-19 17:00:00,0.3860999941825866
2017-10-19 18:00:00,0.3860999941825866
2017-10-19 19:00:00,0.5410000085830688
2017-10-19 20:00:00,0.5410000085830688
2017-10-19 21:00:00,0.5410000085830688
2017-10-19 22:00:00,0.26909998059272766
2017-10-19 23:00:00,0.26909998059272766
2017-10-20,0.26909998059272766
2017-10-20 01:00:00,0.01929999887943267
2017-10-20 02:00:00,0.01929999887943267
2017-10-20 03:00:00,0.01929999887943267
2017-10-20 04:00:00,0.01730000041425228
2017-10-20 05:00:00,0.01730000041425228
2017-10-20 06:00:00,0.01730000041425228
2017-10-20 07:00:00,0.01480000000447034
2017-10-20 08:00:00,0.01480000000447034
2017-10-20 09:00:00,0.01480000000447034
2017-10-20 10:00:00,0.00410000002011656
2017-10-20 11:00:00,0.00410000002011656
2017-10-20 12:00:00,0.00410000002011656
2017-10-20 13:00:00,0.04109999909996986
2017-10-20 14:00:00,0.04109999909996986
2017-10-20 15:00:00,0.04109999909996986
2017-10-20 16:00:00,0.3836999833583832
2017-10-20 17:00:00,0.3836999833583832
2017-10-20 18:00:00,0.3836999833583832
2017-10-20 19:00:00,0.5320000052452087
2017-10-20 20:00:00,0.5320000052452087
2017-10-20 21:00:00,0.5320000052452087
2017-10-20 22:00:00,0.271699994802475
2017-10-20 23:00:00,0.271699994802475
2017-10-21,0.271699994802475
2017-10-21 01:00:00,0.03689999878406525
2017-10-21 02:00:00,0.03689999878406525
2017-10-21 03:00:00,0.03689999878406525
2017-10-21 04:00:00,0.05299999937415123
2017-10-21 05:00:00,0.05299999937415123
2017-10-21 06:00:00,0.05299999937415123
2017-10-21 07:00:00,0.03659999743103981
2017-10-21 08:00:00,0.03659999743103981
2017-10-21 09:00:00,0.03659999743103981
2017-10-21 10:00:00,0.05419999733567238
2017-10-21 11:00:00,0.05419999733567238
2017-10-21 12:00:00,0.05419999733567238
2017-10-21 13:00:00,0.09539999812841415
2017-10-21 14:00:00,0.09539999812841415
2017-10-21 15:00:00,0.09539999812841415
2017-10-21 16:00:00,0.31439998745918274
2017-10-21 17:00:00,0.31439998745918274
2017-10-21 18:00:00,0.31439998745918274
2017-10-21 19:00:00,0.39090001583099365
2017-10-21 20:00:00,0.39090001583099365
2017-10-21 21:00:00,0.39090001583099365
2017-10-21 22:00:00,0.2395000010728836
2017-10-21 23:00:00,0.2395000010728836
2017-10-22,0.2395000010728836
2017-10-22 01:00:00,0.04589999839663505
2017-10-22 02:00:00,0.04589999839663505
2017-10-22 03:00:00,0.04589999839663505
2017-10-22 04:00:00,0.05629999935626983
2017-10-22 05:00:00,0.05629999935626983
2017-10-22 06:00:00,0.05629999935626983
2017-10-22 07:00:00,0.06799999624490738
2017-10-22 08:00:00,0.06799999624490738
2017-10-22 09:00:00,0.06799999624490738
2017-10-22 10:00:00,0.07039997726678848
2017-10-22 11:00:00,0.07039997726678848
2017-10-22 12:00:00,0.07039997726678848
2017-10-22 13:00:00,0.07889999449253082
2017-10-22 14:00:00,0.07889999449253082
2017-10-22 15:00:00,0.07889999449253082
2017-10-22 16:00:00,0.3513999879360199
2017-10-22 17:00:00,0.3513999879360199
2017-10-22 18:00:00,0.3513999879360199
2017-10-22 19:00:00,0.47200000286102295
2017-10-22 20:00:00,0.47200000286102295
2017-10-22 21:00:00,0.47200000286102295
2017-10-22 22:00:00,0.2541999816894531
2017-10-22 23:00:00,0.2541999816894531
2017-10-23,0.2541999816894531
2017-10-23 01:00:00,0.05799999833106994
2017-10-23 02:00:00,0.05799999833106994
2017-10-23 03:00:00,0.05799999833106994
2017-10-23 04:00:00,0.06650000065565109
2017-10-23 05:00:00,0.06650000065565109
2017-10-23 06:00:00,0.06650000065565109
2017-10-23 07:00:00,0.08309999853372574
2017-10-23 08:00:00,0.08309999853372574
2017-10-23 09:00:00,0.08309999853372574
2017-10-23 10:00:00,0.07499999552965164
2017-10-23 11:00:00,0.07499999552965164
2017-10-23 12:00:00,0.07499999552965164
2017-10-23 13:00:00,0.05609999969601631
2017-10-23 14:00:00,0.05609999969601631
2017-10-23 15:00:00,0.05609999969601631
2017-10-23 16:00:00,0.2766999900341034
2017-10-23 17:00:00,0.2766999900341034
2017-10-23 18:00:00,0.2766999900341034
2017-10-23 19:00:00,0.2903999984264374
2017-10-23 20:00:00,0.2903999984264374
2017-10-23 21:00:00,0.2903999984264374
2017-10-23 22:00:00,0.1882999986410141
2017-10-23 23:00:00,0.1882999986410141
2017-10-24,0.1882999986410141
2017-10-24 01:00:00,0.01370000001043081
2017-10-24 02:00:00,0.01370000001043081
2017-10-24 03:00:00,0.01370000001043081
2017-10-24 04:00:00,0.01389999967068433
2017-10-24 05:00:00,0.01389999967068433
2017-10-24 06:00:00,0.01389999967068433
2017-10-24 07:00:00,0.01759999990463257
2017-10-24 08:00:00,0.01759999990463257
2017-10-24 09:00:00,0.01759999990463257
2017-10-24 10:00:00,0.02309999987483024
2017-10-24 11:00:00,0.02309999987483024
2017-10-24 12:00:00,0.02309999987483024
2017-10-24 13:00:00,0.0819999948143959
2017-10-24 14:00:00,0.0819999948143959
2017-10-24 15:00:00,0.0819999948143959
2017-10-24 16:00:00,0.33660000562667847
2017-10-24 17:00:00,0.33660000562667847
2017-10-24 18:00:00,0.33660000562667847
2017-10-24 19:00:00,0.4620999991893768
2017-10-24 20:00:00,0.4620999991893768
2017-10-24 21:00:00,0.4620999991893768
2017-10-24 22:00:00,0.2226999998092651
2017-10-24 23:00:00,0.2226999998092651
2017-10-25,0.2226999998092651
2017-10-25 01:00:00,0.02159997448325157
2017-10-25 02:00:00,0.02159997448325157
2017-10-25 03:00:00,0.02159997448325157
2017-10-25 04:00:00,0.02149999886751175
2017-10-25 05:00:00,0.02149999886751175
2017-10-25 06:00:00,0.02149999886751175
2017-10-25 07:00:00,0.02009999938309192
2017-10-25 08:00:00,0.02009999938309192
2017-10-25 09:00:00,0.02009999938309192
2017-10-25 10:00:00,0.01689999923110008
2017-10-25 11:00:00,0.01689999923110008
2017-10-25 12:00:00,0.01689999923110008
2017-10-25 13:00:00,0.03659999743103981
2017-10-25 14:00:00,0.03659999743103981
2017-10-25 15:00:00,0.03659999743103981
2017-10-25 16:00:00,0.38839998841285706
2017-10-25 17:00:00,0.38839998841285706
2017-10-25 18:00:00,0.38839998841285706
2017-10-25 19:00:00,0.5349000096321106
2017-10-25 20:00:00,0.5349000096321106
2017-10-25 21:00:00,0.5349000096321106
2017-10-25 22:00:00,0.27719998359680176
2017-10-25 23:00:00,0.27719998359680176
2017-10-26,0.27719998359680176
2017-10-26 01:00:00,0.05709999799728393
2017-10-26 02:00:00,0.05709999799728393
2017-10-26 03:00:00,0.05709999799728393
2017-10-26 04:00:00,0.05189999938011169
2017-10-26 05:00:00,0.05189999938011169
2017-10-26 06:00:00,0.05189999938011169
2017-10-26 07:00:00,0.04600000008940697
2017-10-26 08:00:00,0.04600000008940697
2017-10-26 09:00:00,0.04600000008940697
2017-10-26 10:00:00,0.02649999968707561
2017-10-26 11:00:00,0.02649999968707561
2017-10-26 12:00:00,0.02649999968707561
2017-10-26 13:00:00,0.06960000097751617
2017-10-26 14:00:00,0.06960000097751617
2017-10-26 15:00:00,0.06960000097751617
2017-10-26 16:00:00,0.2325999885797501
2017-10-26 17:00:00,0.2325999885797501
2017-10-26 18:00:00,0.2325999885797501
2017-10-26 19:00:00,0.11259999871253969
2017-10-26 20:00:00,0.11259999871253969
2017-10-26 21:00:00,0.11259999871253969
2017-10-26 22:00:00,0.08410000056028366
2017-10-26 23:00:00,0.08410000056028366
2017-10-27,0.08410000056028366
2017-10-27 01:00:00,0.02529999986290931
2017-10-27 02:00:00,0.02529999986290931
2017-10-27 03:00:00,0.02529999986290931
2017-10-27 04:00:00,0.00479999976232647
2017-10-27 05:00:00,0.00479999976232647
2017-10-27 06:00:00,0.00479999976232647
2017-10-27 07:00:00,0.0089999996125698
2017-10-27 08:00:00,0.0089999996125698
2017-10-27 09:00:00,0.0089999996125698
2017-10-27 10:00:00,0.01409999933093786
2017-10-27 11:00:00,0.01409999933093786
2017-10-27 12:00:00,0.01409999933093786
2017-10-27 13:00:00,0.05989999696612358
2017-10-27 14:00:00,0.05989999696612358
2017-10-27 15:00:00,0.05989999696612358
2017-10-27 16:00:00,0.22360000014305115
2017-10-27 17:00:00,0.22360000014305115
2017-10-27 18:00:00,0.22360000014305115
2017-10-27 19:00:00,0.22709999978542328
2017-10-27 20:00:00,0.22709999978542328
2017-10-27 21:00:00,0.22709999978542328
2017-10-27 22:00:00,0.1339000016450882
2017-10-27 23:00:00,0.1339000016450882
2017-10-28,0.1339000016450882
2017-10-28 01:00:00,0.05049999803304672
2017-10-28 02:00:00,0.05049999803304672
2017-10-28 03:00:00,0.05049999803304672
2017-10-28 04:00:00,0.07289999723434448
2017-10-28 05:00:00,0.07289999723434448
2017-10-28 06:00:00,0.07289999723434448
2017-10-28 07:00:00,0.06619999557733536
2017-10-28 08:00:00,0.06619999557733536
2017-10-28 09:00:00,0.06619999557733536
2017-10-28 10:00:00,0.04669999703764915
2017-10-28 11:00:00,0.04669999703764915
2017-10-28 12:00:00,0.04669999703764915
2017-10-28 13:00:00,0.06659999489784241
2017-10-28 14:00:00,0.06659999489784241
2017-10-28 15:00:00,0.06659999489784241
2017-10-28 16:00:00,0.24650000035762787
2017-10-28 17:00:00,0.24650000035762787
2017-10-28 18:00:00,0.24650000035762787
2017-10-28 19:00:00,0.3520999848842621
2017-10-28 20:00:00,0.3520999848842621
2017-10-28 21:00:00,0.3520999848842621
2017-10-28 22:00:00,0.15969999134540558
2017-10-28 23:00:00,0.15969999134540558
2017-10-29,0.15969999134540558
2017-10-29 01:00:00,0.00130000000353902
2017-10-29 02:00:00,0.00130000000353902
2017-10-29 03:00:00,0.00130000000353902
2017-10-29 04:00:00,0.00499999988824129
2017-10-29 05:00:00,0.00499999988824129
2017-10-29 06:00:00,0.00499999988824129
2017-10-29 07:00:00,0.00969999935477972
2017-10-29 08:00:00,0.00969999935477972
2017-10-29 09:00:00,0.00969999935477972
2017-10-29 10:00:00,0.01310000009834766
2017-10-29 11:00:00,0.01310000009834766
2017-10-29 12:00:00,0.01310000009834766
2017-10-29 13:00:00,0.03949999809265137
2017-10-29 14:00:00,0.03949999809265137
2017-10-29 15:00:00,0.03949999809265137
2017-10-29 16:00:00,0.3375000059604645
2017-10-29 17:00:00,0.3375000059604645
2017-10-29 18:00:00,0.3375000059604645
2017-10-29 19:00:00,0.44259998202323914
2017-10-29 20:00:00,0.44259998202323914
2017-10-29 21:00:00,0.44259998202323914
2017-10-29 22:00:00,0.1736999899148941
2017-10-29 23:00:00,0.1736999899148941
2017-10-30,0.1736999899148941
2017-10-30 01:00:00,0.00600000005215406
2017-10-30 02:00:00,0.00600000005215406
2017-10-30 03:00:00,0.00600000005215406
2017-10-30 04:00:00,0.00579999992623925
2017-10-30 05:00:00,0.00579999992623925
2017-10-30 06:00:00,0.00579999992623925
2017-10-30 07:00:00,0.00559999980032444
2017-10-30 08:00:00,0.00559999980032444
2017-10-30 09:00:00,0.00559999980032444
2017-10-30 10:00:00,0.00429999968037009
2017-10-30 11:00:00,0.00429999968037009
2017-10-30 12:00:00,0.00429999968037009
2017-10-30 13:00:00,0.03460000082850456
2017-10-30 14:00:00,0.03460000082850456
2017-10-30 15:00:00,0.03460000082850456
2017-10-30 16:00:00,0.14259999990463257
2017-10-30 17:00:00,0.14259999990463257
2017-10-30 18:00:00,0.14259999990463257
2017-10-30 19:00:00,0.15189999341964722
2017-10-30 20:00:00,0.15189999341964722
2017-10-30 21:00:00,0.15189999341964722
2017-10-30 22:00:00,0.10369999706745148
2017-10-30 23:00:00,0.10369999706745148
2017-10-31,0.10369999706745148
2017-10-31 01:00:00,0.00849999953061342
2017-10-31 02:00:00,0.00849999953061342
2017-10-31 03:00:00,0.00849999953061342
2017-10-31 04:00:00,0.01979999989271164
2017-10-31 05:00:00,0.01979999989271164
2017-10-31 06:00:00,0.01979999989271164
2017-10-31 07:00:00,0.02689999900758266
2017-10-31 08:00:00,0.02689999900758266
2017-10-31 09:00:00,0.02689999900758266
2017-10-31 10:00:00,0.0104000000283122
2017-10-31 11:00:00,0.0104000000283122
2017-10-31 12:00:00,0.0104000000283122
2017-10-31 13:00:00,0.01719999872148037
2017-10-31 14:00:00,0.01719999872148037
2017-10-31 15:00:00,0.01719999872148037
2017-10-31 16:00:00,0.1257999986410141
2017-10-31 17:00:00,0.1257999986410141
2017-10-31 18:00:00,0.1257999986410141
2017-10-31 19:00:00,0.284199982881546
2017-10-31 20:00:00,0.284199982881546
2017-10-31 21:00:00,0.284199982881546
2017-10-31 22:00:00,0.20229999721050265
2017-10-31 23:00:00,0.20229999721050265
2017-11-01,0.20229999721050265
2017-11-01 01:00:00,0.04679999873042106
2017-11-01 02:00:00,0.04679999873042106
2017-11-01 03:00:00,0.04679999873042106
2017-11-01 04:00:00,0.08449999988079071
2017-11-01 05:00:00,0.08449999988079071
2017-11-01 06:00:00,0.08449999988079071
2017-11-01 07:00:00,0.09049999713897704
2017-11-01 08:00:00,0.09049999713897704
2017-11-01 09:00:00,0.09049999713897704
2017-11-01 10:00:00,0.04360000044107437
2017-11-01 11:00:00,0.04360000044107437
2017-11-01 12:00:00,0.04360000044107437
2017-11-01 13:00:00,0.12119999527931212
2017-11-01 14:00:00,0.12119999527931212
2017-11-01 15:00:00,0.12119999527931212
2017-11-01 16:00:00,0.39980000257492065
2017-11-01 17:00:00,0.39980000257492065
2017-11-01 18:00:00,0.39980000257492065
2017-11-01 19:00:00,0.515999972820282
2017-11-01 20:00:00,0.515999972820282
2017-11-01 21:00:00,0.515999972820282
2017-11-01 22:00:00,0.2622999846935272
2017-11-01 23:00:00,0.2622999846935272
2017-11-02,0.2622999846935272
2017-11-02 01:00:00,0.0340999998152256
2017-11-02 02:00:00,0.0340999998152256
2017-11-02 03:00:00,0.0340999998152256
2017-11-02 04:00:00,0.04919999837875366
2017-11-02 05:00:00,0.04919999837875366
2017-11-02 06:00:00,0.04919999837875366
2017-11-02 07:00:00,0.04529999941587448
2017-11-02 08:00:00,0.04529999941587448
2017-11-02 09:00:00,0.04529999941587448
2017-11-02 10:00:00,0.00999999977648258
2017-11-02 11:00:00,0.00999999977648258
2017-11-02 12:00:00,0.00999999977648258
2017-11-02 13:00:00,0.01679999940097332
2017-11-02 14:00:00,0.01679999940097332
2017-11-02 15:00:00,0.01679999940097332
2017-11-02 16:00:00,0.2549999952316284
2017-11-02 17:00:00,0.2549999952316284
2017-11-02 18:00:00,0.2549999952316284
2017-11-02 19:00:00,0.40629997849464417
2017-11-02 20:00:00,0.40629997849464417
2017-11-02 21:00:00,0.40629997849464417
2017-11-02 22:00:00,0.1779999881982803
2017-11-02 23:00:00,0.1779999881982803
2017-11-03,0.1779999881982803
2017-11-03 01:00:00,0.0032999999821186
2017-11-03 02:00:00,0.0032999999821186
2017-11-03 03:00:00,0.0032999999821186
2017-11-03 04:00:00,-2.9999998514540493e-4
2017-11-03 05:00:00,-2.9999998514540493e-4
2017-11-03 06:00:00,-2.9999998514540493e-4
2017-11-03 07:00:00,0.00289999996311962
2017-11-03 08:00:00,0.00289999996311962
2017-11-03 09:00:00,0.00289999996311962
2017-11-03 10:00:00,-0.00209999992512166
2017-11-03 11:00:00,-0.00209999992512166
2017-11-03 12:00:00,-0.00209999992512166
2017-11-03 13:00:00,0.01740000024437904
2017-11-03 14:00:00,0.01740000024437904
2017-11-03 15:00:00,0.01740000024437904
2017-11-03 16:00:00,0.1094999983906746
2017-11-03 17:00:00,0.1094999983906746
2017-11-03 18:00:00,0.1094999983906746
2017-11-03 19:00:00,0.4071999788284302
2017-11-03 20:00:00,0.4071999788284302
2017-11-03 21:00:00,0.4071999788284302
2017-11-03 22:00:00,0.2004999965429306
2017-11-03 23:00:00,0.2004999965429306
2017-11-04,0.2004999965429306
2017-11-04 01:00:00,0.02889999933540821
2017-11-04 02:00:00,0.02889999933540821
2017-11-04 03:00:00,0.02889999933540821
2017-11-04 04:00:00,0.03350000083446503
2017-11-04 05:00:00,0.03350000083446503
2017-11-04 06:00:00,0.03350000083446503
2017-11-04 07:00:00,0.04289999976754188
2017-11-04 08:00:00,0.04289999976754188
2017-11-04 09:00:00,0.04289999976754188
2017-11-04 10:00:00,0.0616999976336956
2017-11-04 11:00:00,0.0616999976336956
2017-11-04 12:00:00,0.0616999976336956
2017-11-04 13:00:00,0.11319999396800996
2017-11-04 14:00:00,0.11319999396800996
2017-11-04 15:00:00,0.11319999396800996
2017-11-04 16:00:00,0.3425999879837036
2017-11-04 17:00:00,0.3425999879837036
2017-11-04 18:00:00,0.3425999879837036
2017-11-04 19:00:00,0.4197999835014343
2017-11-04 20:00:00,0.4197999835014343
2017-11-04 21:00:00,0.4197999835014343
2017-11-04 22:00:00,0.22280000150203705
2017-11-04 23:00:00,0.22280000150203705
2017-11-05,0.22280000150203705
2017-11-05 01:00:00,0.06419999897480011
2017-11-05 02:00:00,0.06419999897480011
2017-11-05 03:00:00,0.06419999897480011
2017-11-05 04:00:00,0.04769999906420708
2017-11-05 05:00:00,0.04769999906420708
2017-11-05 06:00:00,0.04769999906420708
2017-11-05 07:00:00,0.06619999557733536
2017-11-05 08:00:00,0.06619999557733536
2017-11-05 09:00:00,0.06619999557733536
2017-11-05 10:00:00,0.02850000001490116
2017-11-05 11:00:00,0.02850000001490116
2017-11-05 12:00:00,0.02850000001490116
2017-11-05 13:00:00,0.02089999988675117
2017-11-05 14:00:00,0.02089999988675117
2017-11-05 15:00:00,0.02089999988675117
2017-11-05 16:00:00,0.05839999765157699
2017-11-05 17:00:00,0.05839999765157699
2017-11-05 18:00:00,0.05839999765157699
2017-11-05 19:00:00,0.0640999972820282
2017-11-05 20:00:00,0.0640999972820282
2017-11-05 21:00:00,0.0640999972820282
2017-11-05 22:00:00,0.05559999868273735
2017-11-05 23:00:00,0.05559999868273735
2017-11-06,0.05559999868273735
2017-11-06 01:00:00,-8.999999845400453e-4
2017-11-06 02:00:00,-8.999999845400453e-4
2017-11-06 03:00:00,-8.999999845400453e-4
2017-11-06 04:00:00,0.00870000012218952
2017-11-06 05:00:00,0.00870000012218952
2017-11-06 06:00:00,0.00870000012218952
2017-11-06 07:00:00,0.01669999957084655
2017-11-06 08:00:00,0.01669999957084655
2017-11-06 09:00:00,0.01669999957084655
2017-11-06 10:00:00,0.0032999999821186
2017-11-06 11:00:00,0.0032999999821186
2017-11-06 12:00:00,0.0032999999821186
2017-11-06 13:00:00,0.02259999886155128
2017-11-06 14:00:00,0.02259999886155128
2017-11-06 15:00:00,0.02259999886155128
2017-11-06 16:00:00,0.12069999426603316
2017-11-06 17:00:00,0.12069999426603316
2017-11-06 18:00:00,0.12069999426603316
2017-11-06 19:00:00,0.1370999962091446
2017-11-06 20:00:00,0.1370999962091446
2017-11-06 21:00:00,0.1370999962091446
2017-11-06 22:00:00,0.06539999693632126
2017-11-06 23:00:00,0.06539999693632126
2017-11-07,0.06539999693632126
2017-11-07 01:00:00,0.01439999975264072
2017-11-07 02:00:00,0.01439999975264072
2017-11-07 03:00:00,0.01439999975264072
2017-11-07 04:00:00,0.01620000042021274
2017-11-07 05:00:00,0.01620000042021274
2017-11-07 06:00:00,0.01620000042021274
2017-11-07 07:00:00,0.03139999881386757
2017-11-07 08:00:00,0.03139999881386757
2017-11-07 09:00:00,0.03139999881386757
2017-11-07 10:00:00,0.02510000020265579
2017-11-07 11:00:00,0.02510000020265579
2017-11-07 12:00:00,0.02510000020265579
2017-11-07 13:00:00,0.01249999925494194
2017-11-07 14:00:00,0.01249999925494194
2017-11-07 15:00:00,0.01249999925494194
2017-11-07 16:00:00,0.10239999741315842
2017-11-07 17:00:00,0.10239999741315842
2017-11-07 18:00:00,0.10239999741315842
2017-11-07 19:00:00,0.0997999981045723
2017-11-07 20:00:00,0.0997999981045723
2017-11-07 21:00:00,0.0997999981045723
2017-11-07 22:00:00,0.045499999076128
2017-11-07 23:00:00,0.045499999076128
2017-11-08,0.045499999076128
2017-11-08 01:00:00,0.0012000014539808
2017-11-08 02:00:00,0.0012000014539808
2017-11-08 03:00:00,0.0012000014539808
2017-11-08 04:00:00,0.00889999978244304
2017-11-08 05:00:00,0.00889999978244304
2017-11-08 06:00:00,0.00889999978244304
2017-11-08 07:00:00,0.00260000000707805
2017-11-08 08:00:00,0.00260000000707805
2017-11-08 09:00:00,0.00260000000707805
2017-11-08 10:00:00,9.999999310821297e-4
2017-11-08 11:00:00,9.999999310821297e-4
2017-11-08 12:00:00,9.999999310821297e-4
2017-11-08 13:00:00,0.01559999957680702
2017-11-08 14:00:00,0.01559999957680702
2017-11-08 15:00:00,0.01559999957680702
2017-11-08 16:00:00,0.18079999089241028
2017-11-08 17:00:00,0.18079999089241028
2017-11-08 18:00:00,0.18079999089241028
2017-11-08 19:00:00,0.18320000171661377
2017-11-08 20:00:00,0.18320000171661377
2017-11-08 21:00:00,0.18320000171661377
2017-11-08 22:00:00,0.06159999966621399
2017-11-08 23:00:00,0.06159999966621399
2017-11-09,0.06159999966621399
2017-11-09 01:00:00,0.00579999992623925
2017-11-09 02:00:00,0.00579999992623925
2017-11-09 03:00:00,0.00579999992623925
2017-11-09 04:00:00,0.01640000008046627
2017-11-09 05:00:00,0.01640000008046627
2017-11-09 06:00:00,0.01640000008046627
2017-11-09 07:00:00,0.01529999915510416
2017-11-09 08:00:00,0.01529999915510416
2017-11-09 09:00:00,0.01529999915510416
2017-11-09 10:00:00,0.01349999941885471
2017-11-09 11:00:00,0.01349999941885471
2017-11-09 12:00:00,0.01349999941885471
2017-11-09 13:00:00,0.03399999812245369
2017-11-09 14:00:00,0.03399999812245369
2017-11-09 15:00:00,0.03399999812245369
2017-11-09 16:00:00,0.16099999845027924
2017-11-09 17:00:00,0.16099999845027924
2017-11-09 18:00:00,0.16099999845027924
2017-11-09 19:00:00,0.17489999532699585
2017-11-09 20:00:00,0.17489999532699585
2017-11-09 21:00:00,0.17489999532699585
2017-11-09 22:00:00,0.06319999694824219
2017-11-09 23:00:00,0.06319999694824219
2017-11-10,0.06319999694824219
2017-11-10 01:00:00,0.0142000000923872
2017-11-10 02:00:00,0.0142000000923872
2017-11-10 03:00:00,0.0142000000923872
2017-11-10 04:00:00,0.01150000002235174
2017-11-10 05:00:00,0.01150000002235174
2017-11-10 06:00:00,0.01150000002235174
2017-11-10 07:00:00,0.0115999998524785
2017-11-10 08:00:00,0.0115999998524785
2017-11-10 09:00:00,0.0115999998524785
2017-11-10 10:00:00,0.0044999998062849
2017-11-10 11:00:00,0.0044999998062849
2017-11-10 12:00:00,0.0044999998062849
2017-11-10 13:00:00,0.01489999983459711
2017-11-10 14:00:00,0.01489999983459711
2017-11-10 15:00:00,0.01489999983459711
2017-11-10 16:00:00,0.08760000020265579
2017-11-10 17:00:00,0.08760000020265579
2017-11-10 18:00:00,0.08760000020265579
2017-11-10 19:00:00,0.1078999936580658
2017-11-10 20:00:00,0.1078999936580658
2017-11-10 21:00:00,0.1078999936580658
2017-11-10 22:00:00,0.03189999982714653
2017-11-10 23:00:00,0.03189999982714653
2017-11-11,0.03189999982714653
2017-11-11 01:00:00,-0.00839999970048666
2017-11-11 02:00:00,-0.00839999970048666
2017-11-11 03:00:00,-0.00839999970048666
2017-11-11 04:00:00,-0.00579999992623925
2017-11-11 05:00:00,-0.00579999992623925
2017-11-11 06:00:00,-0.00579999992623925
2017-11-11 07:00:00,-0.00349999987520277
2017-11-11 08:00:00,-0.00349999987520277
2017-11-11 09:00:00,-0.00349999987520277
2017-11-11 10:00:00,-0.00349999987520277
2017-11-11 11:00:00,-0.00349999987520277
2017-11-11 12:00:00,-0.00349999987520277
2017-11-11 13:00:00,0.01329999975860118
2017-11-11 14:00:00,0.01329999975860118
2017-11-11 15:00:00,0.01329999975860118
2017-11-11 16:00:00,0.10869999974966048
2017-11-11 17:00:00,0.10869999974966048
2017-11-11 18:00:00,0.10869999974966048
2017-11-11 19:00:00,0.15109999477863312
2017-11-11 20:00:00,0.15109999477863312
2017-11-11 21:00:00,0.15109999477863312
2017-11-11 22:00:00,0.07669997215270996
2017-11-11 23:00:00,0.07669997215270996
2017-11-12,0.07669997215270996
2017-11-12 01:00:00,-0.00279999990016222
2017-11-12 02:00:00,-0.00279999990016222
2017-11-12 03:00:00,-0.00279999990016222
2017-11-12 04:00:00,-0.00179999996908009
2017-11-12 05:00:00,-0.00179999996908009
2017-11-12 06:00:00,-0.00179999996908009
2017-11-12 07:00:00,-0.00119999994058161
2017-11-12 08:00:00,-0.00119999994058161
2017-11-12 09:00:00,-0.00119999994058161
2017-11-12 10:00:00,-9.999999310821297e-4
2017-11-12 11:00:00,-9.999999310821297e-4
2017-11-12 12:00:00,-9.999999310821297e-4
2017-11-12 13:00:00,0.00729999970644712
2017-11-12 14:00:00,0.00729999970644712
2017-11-12 15:00:00,0.00729999970644712
2017-11-12 16:00:00,0.1290999948978424
2017-11-12 17:00:00,0.1290999948978424
2017-11-12 18:00:00,0.1290999948978424
2017-11-12 19:00:00,0.13099999725818634
2017-11-12 20:00:00,0.13099999725818634
2017-11-12 21:00:00,0.13099999725818634
2017-11-12 22:00:00,0.06030000001192093
2017-11-12 23:00:00,0.06030000001192093
2017-11-13,0.06030000001192093
2017-11-13 01:00:00,0.00980000011622905
2017-11-13 02:00:00,0.00980000011622905
2017-11-13 03:00:00,0.00980000011622905
2017-11-13 04:00:00,0.01370000001043081
2017-11-13 05:00:00,0.01370000001043081
2017-11-13 06:00:00,0.01370000001043081
2017-11-13 07:00:00,0.02459999918937683
2017-11-13 08:00:00,0.02459999918937683
2017-11-13 09:00:00,0.02459999918937683
2017-11-13 10:00:00,0.03509999811649322
2017-11-13 11:00:00,0.03509999811649322
2017-11-13 12:00:00,0.03509999811649322
2017-11-13 13:00:00,0.03879999741911888
2017-11-13 14:00:00,0.03879999741911888
2017-11-13 15:00:00,0.03879999741911888
2017-11-13 16:00:00,0.10579997301101685
2017-11-13 17:00:00,0.10579997301101685
2017-11-13 18:00:00,0.10579997301101685
2017-11-13 19:00:00,0.1664000004529953
2017-11-13 20:00:00,0.1664000004529953
2017-11-13 21:00:00,0.1664000004529953
2017-11-13 22:00:00,0.07209997624158859
2017-11-13 23:00:00,0.07209997624158859
2017-11-14,0.07209997624158859
2017-11-14 01:00:00,0.0063999998383224
2017-11-14 02:00:00,0.0063999998383224
2017-11-14 03:00:00,0.0063999998383224
2017-11-14 04:00:00,0.00370000000111758
2017-11-14 05:00:00,0.00370000000111758
2017-11-14 06:00:00,0.00370000000111758
2017-11-14 07:00:00,0.00699999975040555
2017-11-14 08:00:00,0.00699999975040555
2017-11-14 09:00:00,0.00699999975040555
2017-11-14 10:00:00,0.01329999975860118
2017-11-14 11:00:00,0.01329999975860118
2017-11-14 12:00:00,0.01329999975860118
2017-11-14 13:00:00,0.02449999935925007
2017-11-14 14:00:00,0.02449999935925007
2017-11-14 15:00:00,0.02449999935925007
2017-11-14 16:00:00,0.09430002421140672
2017-11-14 17:00:00,0.09430002421140672
2017-11-14 18:00:00,0.09430002421140672
2017-11-14 19:00:00,0.2052999883890152
2017-11-14 20:00:00,0.2052999883890152
2017-11-14 21:00:00,0.2052999883890152
2017-11-14 22:00:00,0.07880000025033951
2017-11-14 23:00:00,0.07880000025033951
2017-11-15,0.07880000025033951
2017-11-15 01:00:00,0.02529997564852237
2017-11-15 02:00:00,0.02529997564852237
2017-11-15 03:00:00,0.02529997564852237
2017-11-15 04:00:00,0.02749999985098838
2017-11-15 05:00:00,0.02749999985098838
2017-11-15 06:00:00,0.02749999985098838
2017-11-15 07:00:00,0.03229999914765358
2017-11-15 08:00:00,0.03229999914765358
2017-11-15 09:00:00,0.03229999914765358
2017-11-15 10:00:00,0.02009999938309192
2017-11-15 11:00:00,0.02009999938309192
2017-11-15 12:00:00,0.02009999938309192
2017-11-15 13:00:00,0.02730000019073486
2017-11-15 14:00:00,0.02730000019073486
2017-11-15 15:00:00,0.02730000019073486
2017-11-15 16:00:00,0.15569999814033508
2017-11-15 17:00:00,0.15569999814033508
2017-11-15 18:00:00,0.15569999814033508
2017-11-15 19:00:00,0.2329999953508377
2017-11-15 20:00:00,0.2329999953508377
2017-11-15 21:00:00,0.2329999953508377
2017-11-15 22:00:00,0.08980000019073486
2017-11-15 23:00:00,0.08980000019073486
2017-11-16,0.08980000019073486
2017-11-16 01:00:00,0.02070000022649765
2017-11-16 02:00:00,0.02070000022649765
2017-11-16 03:00:00,0.02070000022649765
2017-11-16 04:00:00,0.02029999904334545
2017-11-16 05:00:00,0.02029999904334545
2017-11-16 06:00:00,0.02029999904334545
2017-11-16 07:00:00,0.02129999920725822
2017-11-16 08:00:00,0.02129999920725822
2017-11-16 09:00:00,0.02129999920725822
2017-11-16 10:00:00,0.02730000019073486
2017-11-16 11:00:00,0.02730000019073486
2017-11-16 12:00:00,0.02730000019073486
2017-11-16 13:00:00,0.03889999911189079
2017-11-16 14:00:00,0.03889999911189079
2017-11-16 15:00:00,0.03889999911189079
2017-11-16 16:00:00,0.11809997260570526
2017-11-16 17:00:00,0.11809997260570526
2017-11-16 18:00:00,0.11809997260570526
2017-11-16 19:00:00,0.2985000014305115
2017-11-16 20:00:00,0.2985000014305115
2017-11-16 21:00:00,0.2985000014305115
2017-11-16 22:00:00,0.1160999983549118
2017-11-16 23:00:00,0.1160999983549118
2017-11-17,0.1160999983549118
2017-11-17 01:00:00,0.03439999744296074
2017-11-17 02:00:00,0.03439999744296074
2017-11-17 03:00:00,0.03439999744296074
2017-11-17 04:00:00,0.02850000001490116
2017-11-17 05:00:00,0.02850000001490116
2017-11-17 06:00:00,0.02850000001490116
2017-11-17 07:00:00,0.07609999924898148
2017-11-17 08:00:00,0.07609999924898148
2017-11-17 09:00:00,0.07609999924898148
2017-11-17 10:00:00,0.10249999910593031
2017-11-17 11:00:00,0.10249999910593031
2017-11-17 12:00:00,0.10249999910593031
2017-11-17 13:00:00,0.10480000078678132
2017-11-17 14:00:00,0.10480000078678132
2017-11-17 15:00:00,0.10480000078678132
2017-11-17 16:00:00,0.14720000326633453
2017-11-17 17:00:00,0.14720000326633453
2017-11-17 18:00:00,0.14720000326633453
2017-11-17 19:00:00,0.3122999966144562
2017-11-17 20:00:00,0.3122999966144562
2017-11-17 21:00:00,0.3122999966144562
2017-11-17 22:00:00,0.13589999079704285
2017-11-17 23:00:00,0.13589999079704285
2017-11-18,0.13589999079704285
2017-11-18 01:00:00,0.01429999992251396
2017-11-18 02:00:00,0.01429999992251396
2017-11-18 03:00:00,0.01429999992251396
2017-11-18 04:00:00,0.03179999813437462
2017-11-18 05:00:00,0.03179999813437462
2017-11-18 06:00:00,0.03179999813437462
2017-11-18 07:00:00,0.03229999914765358
2017-11-18 08:00:00,0.03229999914765358
2017-11-18 09:00:00,0.03229999914765358
2017-11-18 10:00:00,0.04259999841451645
2017-11-18 11:00:00,0.04259999841451645
2017-11-18 12:00:00,0.04259999841451645
2017-11-18 13:00:00,0.01109999977052211
2017-11-18 14:00:00,0.01109999977052211
2017-11-18 15:00:00,0.01109999977052211
2017-11-18 16:00:00,0.15559999644756317
2017-11-18 17:00:00,0.15559999644756317
2017-11-18 18:00:00,0.15559999644756317
2017-11-18 19:00:00,0.23799999058246613
2017-11-18 20:00:00,0.23799999058246613
2017-11-18 21:00:00,0.23799999058246613
2017-11-18 22:00:00,0.1087999939918518
2017-11-18 23:00:00,0.1087999939918518
2017-11-19,0.1087999939918518
2017-11-19 01:00:00,0.02779999934136867
2017-11-19 02:00:00,0.02779999934136867
2017-11-19 03:00:00,0.02779999934136867
2017-11-19 04:00:00,0.02549999952316284
2017-11-19 05:00:00,0.02549999952316284
2017-11-19 06:00:00,0.02549999952316284
2017-11-19 07:00:00,0.02760002389550209
2017-11-19 08:00:00,0.02760002389550209
2017-11-19 09:00:00,0.02760002389550209
2017-11-19 10:00:00,0.02779999934136867
2017-11-19 11:00:00,0.02779999934136867
2017-11-19 12:00:00,0.02779999934136867
2017-11-19 13:00:00,0.04330002516508102
2017-11-19 14:00:00,0.04330002516508102
2017-11-19 15:00:00,0.04330002516508102
2017-11-19 16:00:00,0.1695999950170517
2017-11-19 17:00:00,0.1695999950170517
2017-11-19 18:00:00,0.1695999950170517
2017-11-19 19:00:00,0.17239999771118164
2017-11-19 20:00:00,0.17239999771118164
2017-11-19 21:00:00,0.17239999771118164
2017-11-19 22:00:00,0.11079999804496764
2017-11-19 23:00:00,0.11079999804496764
2017-11-20,0.11079999804496764
2017-11-20 01:00:00,0.05549999698996544
2017-11-20 02:00:00,0.05549999698996544
2017-11-20 03:00:00,0.05549999698996544
2017-11-20 04:00:00,0.05150002241134643
2017-11-20 05:00:00,0.05150002241134643
2017-11-20 06:00:00,0.05150002241134643
2017-11-20 07:00:00,0.05779999867081642
2017-11-20 08:00:00,0.05779999867081642
2017-11-20 09:00:00,0.05779999867081642
2017-11-20 10:00:00,0.05480000004172325
2017-11-20 11:00:00,0.05480000004172325
2017-11-20 12:00:00,0.05480000004172325
2017-11-20 13:00:00,0.08060000091791153
2017-11-20 14:00:00,0.08060000091791153
2017-11-20 15:00:00,0.08060000091791153
2017-11-20 16:00:00,0.2710999846458435
2017-11-20 17:00:00,0.2710999846458435
2017-11-20 18:00:00,0.2710999846458435
2017-11-20 19:00:00,0.36969998478889465
2017-11-20 20:00:00,0.36969998478889465
2017-11-20 21:00:00,0.36969998478889465
2017-11-20 22:00:00,0.16439999639987946
2017-11-20 23:00:00,0.16439999639987946
2017-11-21,0.16439999639987946
2017-11-21 01:00:00,0.04019997641444206
2017-11-21 02:00:00,0.04019997641444206
2017-11-21 03:00:00,0.04019997641444206
2017-11-21 04:00:00,0.06059999763965607
2017-11-21 05:00:00,0.06059999763965607
2017-11-21 06:00:00,0.06059999763965607
2017-11-21 07:00:00,0.08139999955892563
2017-11-21 08:00:00,0.08139999955892563
2017-11-21 09:00:00,0.08139999955892563
2017-11-21 10:00:00,0.05749999731779098
2017-11-21 11:00:00,0.05749999731779098
2017-11-21 12:00:00,0.05749999731779098
2017-11-21 13:00:00,0.0169999748468399
2017-11-21 14:00:00,0.0169999748468399
2017-11-21 15:00:00,0.0169999748468399
2017-11-21 16:00:00,0.06730002164840698
2017-11-21 17:00:00,0.06730002164840698
2017-11-21 18:00:00,0.06730002164840698
2017-11-21 19:00:00,0.06039999797940254
2017-11-21 20:00:00,0.06039999797940254
2017-11-21 21:00:00,0.06039999797940254
2017-11-21 22:00:00,0.03669999912381172
2017-11-21 23:00:00,0.03669999912381172
2017-11-22,0.03669999912381172
2017-11-22 01:00:00,-0.01150000002235174
2017-11-22 02:00:00,-0.01150000002235174
2017-11-22 03:00:00,-0.01150000002235174
2017-11-22 04:00:00,-0.00499997567385435
2017-11-22 05:00:00,-0.00499997567385435
2017-11-22 06:00:00,-0.00499997567385435
2017-11-22 07:00:00,0.00839999970048666
2017-11-22 08:00:00,0.00839999970048666
2017-11-22 09:00:00,0.00839999970048666
2017-11-22 10:00:00,0.01469999924302101
2017-11-22 11:00:00,0.01469999924302101
2017-11-22 12:00:00,0.01469999924302101
2017-11-22 13:00:00,0.0063999998383224
2017-11-22 14:00:00,0.0063999998383224
2017-11-22 15:00:00,0.0063999998383224
2017-11-22 16:00:00,0.04209999740123749
2017-11-22 17:00:00,0.04209999740123749
2017-11-22 18:00:00,0.04209999740123749
2017-11-22 19:00:00,0.03549999743700027
2017-11-22 20:00:00,0.03549999743700027
2017-11-22 21:00:00,0.03549999743700027
2017-11-22 22:00:00,0.00389999989420175
2017-11-22 23:00:00,0.00389999989420175
2017-11-23,0.00389999989420175
2017-11-23 01:00:00,-0.01519999932497739
2017-11-23 02:00:00,-0.01519999932497739
2017-11-23 03:00:00,-0.01519999932497739
2017-11-23 04:00:00,-0.0163000002503395
2017-11-23 05:00:00,-0.0163000002503395
2017-11-23 06:00:00,-0.0163000002503395
2017-11-23 07:00:00,-0.01400002371519804
2017-11-23 08:00:00,-0.01400002371519804
2017-11-23 09:00:00,-0.01400002371519804
2017-11-23 10:00:00,-0.01189999934285879
2017-11-23 11:00:00,-0.01189999934285879
2017-11-23 12:00:00,-0.01189999934285879
2017-11-23 13:00:00,-0.00419999985024333
2017-11-23 14:00:00,-0.00419999985024333
2017-11-23 15:00:00,-0.00419999985024333
2017-11-23 16:00:00,0.04849999770522117
2017-11-23 17:00:00,0.04849999770522117
2017-11-23 18:00:00,0.04849999770522117
2017-11-23 19:00:00,0.0746999979019165
2017-11-23 20:00:00,0.0746999979019165
2017-11-23 21:00:00,0.0746999979019165
2017-11-23 22:00:00,0.06169997528195381
2017-11-23 23:00:00,0.06169997528195381
2017-11-24,0.06169997528195381
2017-11-24 01:00:00,0.04879999905824661
2017-11-24 02:00:00,0.04879999905824661
2017-11-24 03:00:00,0.04879999905824661
2017-11-24 04:00:00,0.03669999912381172
2017-11-24 05:00:00,0.03669999912381172
2017-11-24 06:00:00,0.03669999912381172
2017-11-24 07:00:00,0.03869999945163727
2017-11-24 08:00:00,0.03869999945163727
2017-11-24 09:00:00,0.03869999945163727
2017-11-24 10:00:00,0.02459999918937683
2017-11-24 11:00:00,0.02459999918937683
2017-11-24 12:00:00,0.02459999918937683
2017-11-24 13:00:00,0.06809999793767929
2017-11-24 14:00:00,0.06809999793767929
2017-11-24 15:00:00,0.06809999793767929
2017-11-24 16:00:00,0.1931999921798706
2017-11-24 17:00:00,0.1931999921798706
2017-11-24 18:00:00,0.1931999921798706
2017-11-24 19:00:00,0.3008999824523926
2017-11-24 20:00:00,0.3008999824523926
2017-11-24 21:00:00,0.3008999824523926
2017-11-24 22:00:00,0.11809999495744704
2017-11-24 23:00:00,0.11809999495744704
2017-11-25,0.11809999495744704
2017-11-25 01:00:00,0.00380002427846193
2017-11-25 02:00:00,0.00380002427846193
2017-11-25 03:00:00,0.00380002427846193
2017-11-25 04:00:00,-0.0031999999191612
2017-11-25 05:00:00,-0.0031999999191612
2017-11-25 06:00:00,-0.0031999999191612
2017-11-25 07:00:00,-0.00579999992623925
2017-11-25 08:00:00,-0.00579999992623925
2017-11-25 09:00:00,-0.00579999992623925
2017-11-25 10:00:00,0.00549999997019767
2017-11-25 11:00:00,0.00549999997019767
2017-11-25 12:00:00,0.00549999997019767
2017-11-25 13:00:00,0.02019999921321869
2017-11-25 14:00:00,0.02019999921321869
2017-11-25 15:00:00,0.02019999921321869
2017-11-25 16:00:00,0.1485999971628189
2017-11-25 17:00:00,0.1485999971628189
2017-11-25 18:00:00,0.1485999971628189
2017-11-25 19:00:00,0.23659999668598175
2017-11-25 20:00:00,0.23659999668598175
2017-11-25 21:00:00,0.23659999668598175
2017-11-25 22:00:00,0.1103999763727188
2017-11-25 23:00:00,0.1103999763727188
2017-11-26,0.1103999763727188
2017-11-26 01:00:00,0.0186999998986721
2017-11-26 02:00:00,0.0186999998986721
2017-11-26 03:00:00,0.0186999998986721
2017-11-26 04:00:00,0.02639999985694885
2017-11-26 05:00:00,0.02639999985694885
2017-11-26 06:00:00,0.02639999985694885
2017-11-26 07:00:00,0.045499999076128
2017-11-26 08:00:00,0.045499999076128
2017-11-26 09:00:00,0.045499999076128
2017-11-26 10:00:00,0.03109999932348728
2017-11-26 11:00:00,0.03109999932348728
2017-11-26 12:00:00,0.03109999932348728
2017-11-26 13:00:00,0.02359999902546405
2017-11-26 14:00:00,0.02359999902546405
2017-11-26 15:00:00,0.02359999902546405
2017-11-26 16:00:00,0.07779999822378159
2017-11-26 17:00:00,0.07779999822378159
2017-11-26 18:00:00,0.07779999822378159
2017-11-26 19:00:00,0.19499999284744263
2017-11-26 20:00:00,0.19499999284744263
2017-11-26 21:00:00,0.19499999284744263
2017-11-26 22:00:00,0.06039999797940254
2017-11-26 23:00:00,0.06039999797940254
2017-11-27,0.06039999797940254
2017-11-27 01:00:00,0.00789999961853027
2017-11-27 02:00:00,0.00789999961853027
2017-11-27 03:00:00,0.00789999961853027
2017-11-27 04:00:00,0.00649999966844916
2017-11-27 05:00:00,0.00649999966844916
2017-11-27 06:00:00,0.00649999966844916
2017-11-27 07:00:00,0.01740000024437904
2017-11-27 08:00:00,0.01740000024437904
2017-11-27 09:00:00,0.01740000024437904
2017-11-27 10:00:00,0.01779999956488609
2017-11-27 11:00:00,0.01779999956488609
2017-11-27 12:00:00,0.01779999956488609
2017-11-27 13:00:00,0.02529999986290931
2017-11-27 14:00:00,0.02529999986290931
2017-11-27 15:00:00,0.02529999986290931
2017-11-27 16:00:00,0.11739999800920486
2017-11-27 17:00:00,0.11739999800920486
2017-11-27 18:00:00,0.11739999800920486
2017-11-27 19:00:00,0.287200003862381
2017-11-27 20:00:00,0.287200003862381
2017-11-27 21:00:00,0.287200003862381
2017-11-27 22:00:00,0.12469999492168428
2017-11-27 23:00:00,0.12469999492168428
2017-11-28,NA
2017-11-28 01:00:00,0.0198999997228384
2017-11-28 02:00:00,0.0198999997228384
2017-11-28 03:00:00,0.0198999997228384
2017-11-28 04:00:00,0.0279999990016222
2017-11-28 05:00:00,0.0279999990016222
2017-11-28 06:00:00,0.0279999990016222
2017-11-28 07:00:00,0.01329999975860118
2017-11-28 08:00:00,0.01329999975860118
2017-11-28 09:00:00,0.01329999975860118
2017-11-28 10:00:00,0.03099999949336052
2017-11-28 11:00:00,0.03099999949336052
2017-11-28 12:00:00,0.03099999949336052
2017-11-28 13:00:00,0.00699999975040555
2017-11-28 14:00:00,0.00699999975040555
2017-11-28 15:00:00,0.00699999975040555
2017-11-28 16:00:00,0.07970000058412552
2017-11-28 17:00:00,0.07970000058412552
2017-11-28 18:00:00,0.07970000058412552
2017-11-28 19:00:00,0.07989999651908875
2017-11-28 20:00:00,0.07989999651908875
2017-11-28 21:00:00,0.07989999651908875
2017-11-28 22:00:00,0.04639999940991402
2017-11-28 23:00:00,0.04639999940991402
2017-11-29,0.04639999940991402
2017-11-29 01:00:00,0.00260000000707805
2017-11-29 02:00:00,0.00260000000707805
2017-11-29 03:00:00,0.00260000000707805
2017-11-29 04:00:00,0.00679999962449073
2017-11-29 05:00:00,0.00679999962449073
2017-11-29 06:00:00,0.00679999962449073
2017-11-29 07:00:00,0.02089999988675117
2017-11-29 08:00:00,0.02089999988675117
2017-11-29 09:00:00,0.02089999988675117
2017-11-29 10:00:00,0.02520000003278255
2017-11-29 11:00:00,0.02520000003278255
2017-11-29 12:00:00,0.02520000003278255
2017-11-29 13:00:00,0.05639999732375145
2017-11-29 14:00:00,0.05639999732375145
2017-11-29 15:00:00,0.05639999732375145
2017-11-29 16:00:00,0.20679999887943268
2017-11-29 17:00:00,0.20679999887943268
2017-11-29 18:00:00,0.20679999887943268
2017-11-29 19:00:00,0.33719998598098755
2017-11-29 20:00:00,0.33719998598098755
2017-11-29 21:00:00,0.33719998598098755
2017-11-29 22:00:00,0.12700000405311584
2017-11-29 23:00:00,0.12700000405311584
2017-11-30,0.12700000405311584
2017-11-30 01:00:00,0.00249999994412064
2017-11-30 02:00:00,0.00249999994412064
2017-11-30 03:00:00,0.00249999994412064
2017-11-30 04:00:00,0.00659999996423721
2017-11-30 05:00:00,0.00659999996423721
2017-11-30 06:00:00,0.00659999996423721
2017-11-30 07:00:00,0.00989999994635582
2017-11-30 08:00:00,0.00989999994635582
2017-11-30 09:00:00,0.00989999994635582
2017-11-30 10:00:00,0.01269999984651804
2017-11-30 11:00:00,0.01269999984651804
2017-11-30 12:00:00,0.01269999984651804
2017-11-30 13:00:00,0.00829999987035989
2017-11-30 14:00:00,0.00829999987035989
2017-11-30 15:00:00,0.00829999987035989
2017-11-30 16:00:00,0.10899999737739564
2017-11-30 17:00:00,0.10899999737739564
2017-11-30 18:00:00,0.10899999737739564
2017-11-30 19:00:00,0.15760000050067902
2017-11-30 20:00:00,0.15760000050067902
2017-11-30 21:00:00,0.15760000050067902
2017-11-30 22:00:00,0.06839999556541443
2017-11-30 23:00:00,0.06839999556541443
2017-12-01,0.06839999556541443
2017-12-01 01:00:00,0.01909999921917915
2017-12-01 02:00:00,0.01909999921917915
2017-12-01 03:00:00,0.01909999921917915
2017-12-01 04:00:00,0.02449999935925007
2017-12-01 05:00:00,0.02449999935925007
2017-12-01 06:00:00,0.02449999935925007
2017-12-01 07:00:00,0.03109999932348728
2017-12-01 08:00:00,0.03109999932348728
2017-12-01 09:00:00,0.03109999932348728
2017-12-01 10:00:00,0.02119999937713146
2017-12-01 11:00:00,0.02119999937713146
2017-12-01 12:00:00,0.02119999937713146
2017-12-01 13:00:00,0.0324999988079071
2017-12-01 14:00:00,0.0324999988079071
2017-12-01 15:00:00,0.0324999988079071
2017-12-01 16:00:00,0.20669999718666077
2017-12-01 17:00:00,0.20669999718666077
2017-12-01 18:00:00,0.20669999718666077
2017-12-01 19:00:00,0.24169999361038208
2017-12-01 20:00:00,0.24169999361038208
2017-12-01 21:00:00,0.24169999361038208
2017-12-01 22:00:00,0.10339999943971634
2017-12-01 23:00:00,0.10339999943971634
2017-12-02,0.10339999943971634
2017-12-02 01:00:00,0.00589999975636601
2017-12-02 02:00:00,0.00589999975636601
2017-12-02 03:00:00,0.00589999975636601
2017-12-02 04:00:00,0.00399999972432851
2017-12-02 05:00:00,0.00399999972432851
2017-12-02 06:00:00,0.00399999972432851
2017-12-02 07:00:00,0.00439999997615814
2017-12-02 08:00:00,0.00439999997615814
2017-12-02 09:00:00,0.00439999997615814
2017-12-02 10:00:00,0.00549999997019767
2017-12-02 11:00:00,0.00549999997019767
2017-12-02 12:00:00,0.00549999997019767
2017-12-02 13:00:00,0.00630000000819563
2017-12-02 14:00:00,0.00630000000819563
2017-12-02 15:00:00,0.00630000000819563
2017-12-02 16:00:00,0.09969999641180038
2017-12-02 17:00:00,0.09969999641180038
2017-12-02 18:00:00,0.09969999641180038
2017-12-02 19:00:00,0.22599999606609344
2017-12-02 20:00:00,0.22599999606609344
2017-12-02 21:00:00,0.22599999606609344
2017-12-02 22:00:00,0.0737999975681305
2017-12-02 23:00:00,0.0737999975681305
2017-12-03,0.0737999975681305
2017-12-03 01:00:00,0.00399999972432851
2017-12-03 02:00:00,0.00399999972432851
2017-12-03 03:00:00,0.00399999972432851
2017-12-03 04:00:00,0.00529999984428286
2017-12-03 05:00:00,0.00529999984428286
2017-12-03 06:00:00,0.00529999984428286
2017-12-03 07:00:00,0.00879999995231628
2017-12-03 08:00:00,0.00879999995231628
2017-12-03 09:00:00,0.00879999995231628
2017-12-03 10:00:00,0.01499999966472387
2017-12-03 11:00:00,0.01499999966472387
2017-12-03 12:00:00,0.01499999966472387
2017-12-03 13:00:00,0.01769999973475933
2017-12-03 14:00:00,0.01769999973475933
2017-12-03 15:00:00,0.01769999973475933
2017-12-03 16:00:00,0.11829999834299088
2017-12-03 17:00:00,0.11829999834299088
2017-12-03 18:00:00,0.11829999834299088
2017-12-03 19:00:00,0.295199990272522
2017-12-03 20:00:00,0.295199990272522
2017-12-03 21:00:00,0.295199990272522
2017-12-03 22:00:00,0.11749999970197678
2017-12-03 23:00:00,0.11749999970197678
2017-12-04,NA
2017-12-04 01:00:00,0.04959999769926071
2017-12-04 02:00:00,0.04959999769926071
2017-12-04 03:00:00,0.04959999769926071
2017-12-04 04:00:00,0.09339999407529832
2017-12-04 05:00:00,0.09339999407529832
2017-12-04 06:00:00,0.09339999407529832
2017-12-04 07:00:00,0.05289999768137932
2017-12-04 08:00:00,0.05289999768137932
2017-12-04 09:00:00,0.05289999768137932
2017-12-04 10:00:00,0.03909999877214432
2017-12-04 11:00:00,0.03909999877214432
2017-12-04 12:00:00,0.03909999877214432
2017-12-04 13:00:00,0.09939999878406525
2017-12-04 14:00:00,0.09939999878406525
2017-12-04 15:00:00,0.09939999878406525
2017-12-04 16:00:00,0.17389999330043793
2017-12-04 17:00:00,0.17389999330043793
2017-12-04 18:00:00,0.17389999330043793
2017-12-04 19:00:00,0.14399999380111694
2017-12-04 20:00:00,0.14399999380111694
2017-12-04 21:00:00,0.14399999380111694
2017-12-04 22:00:00,0.07019997388124466
2017-12-04 23:00:00,0.07019997388124466
2017-12-05,0.07019997388124466
2017-12-05 01:00:00,0.01169999968260526
2017-12-05 02:00:00,0.01169999968260526
2017-12-05 03:00:00,0.01169999968260526
2017-12-05 04:00:00,0.01519999932497739
2017-12-05 05:00:00,0.01519999932497739
2017-12-05 06:00:00,0.01519999932497739
2017-12-05 07:00:00,0.03469999879598617
2017-12-05 08:00:00,0.03469999879598617
2017-12-05 09:00:00,0.03469999879598617
2017-12-05 10:00:00,0.02459999918937683
2017-12-05 11:00:00,0.02459999918937683
2017-12-05 12:00:00,0.02459999918937683
2017-12-05 13:00:00,0.02159997448325157
2017-12-05 14:00:00,0.02159997448325157
2017-12-05 15:00:00,0.02159997448325157
2017-12-05 16:00:00,0.14229999482631683
2017-12-05 17:00:00,0.14229999482631683
2017-12-05 18:00:00,0.14229999482631683
2017-12-05 19:00:00,0.22419999539852145
2017-12-05 20:00:00,0.22419999539852145
2017-12-05 21:00:00,0.22419999539852145
2017-12-05 22:00:00,0.0762999951839447
2017-12-05 23:00:00,0.0762999951839447
2017-12-06,0.0762999951839447
2017-12-06 01:00:00,0.00849999953061342
2017-12-06 02:00:00,0.00849999953061342
2017-12-06 03:00:00,0.00849999953061342
2017-12-06 04:00:00,0.0092000002041459
2017-12-06 05:00:00,0.0092000002041459
2017-12-06 06:00:00,0.0092000002041459
2017-12-06 07:00:00,0.00820000004023313
2017-12-06 08:00:00,0.00820000004023313
2017-12-06 09:00:00,0.00820000004023313
2017-12-06 10:00:00,0.00649999966844916
2017-12-06 11:00:00,0.00649999966844916
2017-12-06 12:00:00,0.00649999966844916
2017-12-06 13:00:00,0.00379999983124434
2017-12-06 14:00:00,0.00379999983124434
2017-12-06 15:00:00,0.00379999983124434
2017-12-06 16:00:00,0.09709999710321426
2017-12-06 17:00:00,0.09709999710321426
2017-12-06 18:00:00,0.09709999710321426
2017-12-06 19:00:00,0.15799999237060547
2017-12-06 20:00:00,0.15799999237060547
2017-12-06 21:00:00,0.15799999237060547
2017-12-06 22:00:00,0.09179999679327012
2017-12-06 23:00:00,0.09179999679327012
2017-12-07,0.09179999679327012
2017-12-07 01:00:00,0.0279999990016222
2017-12-07 02:00:00,0.0279999990016222
2017-12-07 03:00:00,0.0279999990016222
2017-12-07 04:00:00,0.0175000000745058
2017-12-07 05:00:00,0.0175000000745058
2017-12-07 06:00:00,0.0175000000745058
2017-12-07 07:00:00,0.01209999993443489
2017-12-07 08:00:00,0.01209999993443489
2017-12-07 09:00:00,0.01209999993443489
2017-12-07 10:00:00,0.0089999996125698
2017-12-07 11:00:00,0.0089999996125698
2017-12-07 12:00:00,0.0089999996125698
2017-12-07 13:00:00,0.02369999885559082
2017-12-07 14:00:00,0.02369999885559082
2017-12-07 15:00:00,0.02369999885559082
2017-12-07 16:00:00,0.10579999536275864
2017-12-07 17:00:00,0.10579999536275864
2017-12-07 18:00:00,0.10579999536275864
2017-12-07 19:00:00,0.14630000293254852
2017-12-07 20:00:00,0.14630000293254852
2017-12-07 21:00:00,0.14630000293254852
2017-12-07 22:00:00,0.0746999979019165
2017-12-07 23:00:00,0.0746999979019165
2017-12-08,0.0746999979019165
2017-12-08 01:00:00,0.0478999987244606
2017-12-08 02:00:00,0.0478999987244606
2017-12-08 03:00:00,0.0478999987244606
2017-12-08 04:00:00,0.06149999797344208
2017-12-08 05:00:00,0.06149999797344208
2017-12-08 06:00:00,0.06149999797344208
2017-12-08 07:00:00,0.07689999788999557
2017-12-08 08:00:00,0.07689999788999557
2017-12-08 09:00:00,0.07689999788999557
2017-12-08 10:00:00,0.08609999716281891
2017-12-08 11:00:00,0.08609999716281891
2017-12-08 12:00:00,0.08609999716281891
2017-12-08 13:00:00,0.10189999639987946
2017-12-08 14:00:00,0.10189999639987946
2017-12-08 15:00:00,0.10189999639987946
2017-12-08 16:00:00,0.2019999921321869
2017-12-08 17:00:00,0.2019999921321869
2017-12-08 18:00:00,0.2019999921321869
2017-12-08 19:00:00,0.25519999861717224
2017-12-08 20:00:00,0.25519999861717224
2017-12-08 21:00:00,0.25519999861717224
2017-12-08 22:00:00,0.15459999442100525
2017-12-08 23:00:00,0.15459999442100525
2017-12-09,0.15459999442100525
2017-12-09 01:00:00,0.04589999839663505
2017-12-09 02:00:00,0.04589999839663505
2017-12-09 03:00:00,0.04589999839663505
2017-12-09 04:00:00,0.05920000001788139
2017-12-09 05:00:00,0.05920000001788139
2017-12-09 06:00:00,0.05920000001788139
2017-12-09 07:00:00,0.06619999557733536
2017-12-09 08:00:00,0.06619999557733536
2017-12-09 09:00:00,0.06619999557733536
2017-12-09 10:00:00,0.03720000013709068
2017-12-09 11:00:00,0.03720000013709068
2017-12-09 12:00:00,0.03720000013709068
2017-12-09 13:00:00,0.03839999809861183
2017-12-09 14:00:00,0.03839999809861183
2017-12-09 15:00:00,0.03839999809861183
2017-12-09 16:00:00,0.1467999964952469
2017-12-09 17:00:00,0.1467999964952469
2017-12-09 18:00:00,0.1467999964952469
2017-12-09 19:00:00,0.2404999881982803
2017-12-09 20:00:00,0.2404999881982803
2017-12-09 21:00:00,0.2404999881982803
2017-12-09 22:00:00,0.08649999648332596
2017-12-09 23:00:00,0.08649999648332596
2017-12-10,0.08649999648332596
2017-12-10 01:00:00,0.0255999993532896
2017-12-10 02:00:00,0.0255999993532896
2017-12-10 03:00:00,0.0255999993532896
2017-12-10 04:00:00,0.02809999883174896
2017-12-10 05:00:00,0.02809999883174896
2017-12-10 06:00:00,0.02809999883174896
2017-12-10 07:00:00,0.02859999984502792
2017-12-10 08:00:00,0.02859999984502792
2017-12-10 09:00:00,0.02859999984502792
2017-12-10 10:00:00,0.02459999732673168
2017-12-10 11:00:00,0.02459999732673168
2017-12-10 12:00:00,0.02459999732673168
2017-12-10 13:00:00,0.01939999870955944
2017-12-10 14:00:00,0.01939999870955944
2017-12-10 15:00:00,0.01939999870955944
2017-12-10 16:00:00,0.10569999366998672
2017-12-10 17:00:00,0.10569999366998672
2017-12-10 18:00:00,0.10569999366998672
2017-12-10 19:00:00,0.23099999129772184
2017-12-10 20:00:00,0.23099999129772184
2017-12-10 21:00:00,0.23099999129772184
2017-12-10 22:00:00,0.07750000059604645
2017-12-10 23:00:00,0.07750000059604645
2017-12-11,0.07750000059604645
2017-12-11 01:00:00,0.03139999881386757
2017-12-11 02:00:00,0.03139999881386757
2017-12-11 03:00:00,0.03139999881386757
2017-12-11 04:00:00,0.03419999778270721
2017-12-11 05:00:00,0.03419999778270721
2017-12-11 06:00:00,0.03419999778270721
2017-12-11 07:00:00,0.02759999968111515
2017-12-11 08:00:00,0.02759999968111515
2017-12-11 09:00:00,0.02759999968111515
2017-12-11 10:00:00,0.03350000083446503
2017-12-11 11:00:00,0.03350000083446503
2017-12-11 12:00:00,0.03350000083446503
2017-12-11 13:00:00,0.02669999934732914
2017-12-11 14:00:00,0.02669999934732914
2017-12-11 15:00:00,0.02669999934732914
2017-12-11 16:00:00,0.1201999932527542
2017-12-11 17:00:00,0.1201999932527542
2017-12-11 18:00:00,0.1201999932527542
2017-12-11 19:00:00,0.24249999225139615
2017-12-11 20:00:00,0.24249999225139615
2017-12-11 21:00:00,0.24249999225139615
2017-12-11 22:00:00,0.07319999486207962
2017-12-11 23:00:00,0.07319999486207962
2017-12-12,0.07319999486207962
2017-12-12 01:00:00,0.02449999935925007
2017-12-12 02:00:00,0.02449999935925007
2017-12-12 03:00:00,0.02449999935925007
2017-12-12 04:00:00,0.02999999932944774
2017-12-12 05:00:00,0.02999999932944774
2017-12-12 06:00:00,0.02999999932944774
2017-12-12 07:00:00,0.0267999991774559
2017-12-12 08:00:00,0.0267999991774559
2017-12-12 09:00:00,0.0267999991774559
2017-12-12 10:00:00,0.02639999985694885
2017-12-12 11:00:00,0.02639999985694885
2017-12-12 12:00:00,0.02639999985694885
2017-12-12 13:00:00,0.01519999932497739
2017-12-12 14:00:00,0.01519999932497739
2017-12-12 15:00:00,0.01519999932497739
2017-12-12 16:00:00,0.1070999950170517
2017-12-12 17:00:00,0.1070999950170517
2017-12-12 18:00:00,0.1070999950170517
2017-12-12 19:00:00,0.23680000007152557
2017-12-12 20:00:00,0.23680000007152557
2017-12-12 21:00:00,0.23680000007152557
2017-12-12 22:00:00,0.06929999589920044
2017-12-12 23:00:00,0.06929999589920044
2017-12-13,0.06929999589920044
2017-12-13 01:00:00,0.01999999955296516
2017-12-13 02:00:00,0.01999999955296516
2017-12-13 03:00:00,0.01999999955296516
2017-12-13 04:00:00,0.03219999745488167
2017-12-13 05:00:00,0.03219999745488167
2017-12-13 06:00:00,0.03219999745488167
2017-12-13 07:00:00,0.04039999842643738
2017-12-13 08:00:00,0.04039999842643738
2017-12-13 09:00:00,0.04039999842643738
2017-12-13 10:00:00,0.03920000046491623
2017-12-13 11:00:00,0.03920000046491623
2017-12-13 12:00:00,0.03920000046491623
2017-12-13 13:00:00,0.02789999917149543
2017-12-13 14:00:00,0.02789999917149543
2017-12-13 15:00:00,0.02789999917149543
2017-12-13 16:00:00,0.14549998939037323
2017-12-13 17:00:00,0.14549998939037323
2017-12-13 18:00:00,0.14549998939037323
2017-12-13 19:00:00,0.2215999960899353
2017-12-13 20:00:00,0.2215999960899353
2017-12-13 21:00:00,0.2215999960899353
2017-12-13 22:00:00,0.093299999833107
2017-12-13 23:00:00,0.093299999833107
2017-12-14,0.093299999833107
2017-12-14 01:00:00,0.01860000006854534
2017-12-14 02:00:00,0.01860000006854534
2017-12-14 03:00:00,0.01860000006854534
2017-12-14 04:00:00,0.02429999969899654
2017-12-14 05:00:00,0.02429999969899654
2017-12-14 06:00:00,0.02429999969899654
2017-12-14 07:00:00,0.0186999998986721
2017-12-14 08:00:00,0.0186999998986721
2017-12-14 09:00:00,0.0186999998986721
2017-12-14 10:00:00,0.0210999995470047
2017-12-14 11:00:00,0.0210999995470047
2017-12-14 12:00:00,0.0210999995470047
2017-12-14 13:00:00,0.02080000005662441
2017-12-14 14:00:00,0.02080000005662441
2017-12-14 15:00:00,0.02080000005662441
2017-12-14 16:00:00,0.08799999952316284
2017-12-14 17:00:00,0.08799999952316284
2017-12-14 18:00:00,0.08799999952316284
2017-12-14 19:00:00,0.171999990940094
2017-12-14 20:00:00,0.171999990940094
2017-12-14 21:00:00,0.171999990940094
2017-12-14 22:00:00,0.0640999972820282
2017-12-14 23:00:00,0.0640999972820282
2017-12-15,0.0640999972820282
2017-12-15 01:00:00,0.01209999993443489
2017-12-15 02:00:00,0.01209999993443489
2017-12-15 03:00:00,0.01209999993443489
2017-12-15 04:00:00,0.01640000008046627
2017-12-15 05:00:00,0.01640000008046627
2017-12-15 06:00:00,0.01640000008046627
2017-12-15 07:00:00,0.02459999918937683
2017-12-15 08:00:00,0.02459999918937683
2017-12-15 09:00:00,0.02459999918937683
2017-12-15 10:00:00,0.02089999988675117
2017-12-15 11:00:00,0.02089999988675117
2017-12-15 12:00:00,0.02089999988675117
2017-12-15 13:00:00,0.02389999851584434
2017-12-15 14:00:00,0.02389999851584434
2017-12-15 15:00:00,0.02389999851584434
2017-12-15 16:00:00,0.14559999108314514
2017-12-15 17:00:00,0.14559999108314514
2017-12-15 18:00:00,0.14559999108314514
2017-12-15 19:00:00,0.18310000002384183
2017-12-15 20:00:00,0.18310000002384183
2017-12-15 21:00:00,0.18310000002384183
2017-12-15 22:00:00,0.05469999834895134
2017-12-15 23:00:00,0.05469999834895134
2017-12-16,0.05469999834895134
2017-12-16 01:00:00,0.02889999933540821
2017-12-16 02:00:00,0.02889999933540821
2017-12-16 03:00:00,0.02889999933540821
2017-12-16 04:00:00,0.02219999954104423
2017-12-16 05:00:00,0.02219999954104423
2017-12-16 06:00:00,0.02219999954104423
2017-12-16 07:00:00,0.0284000001847744
2017-12-16 08:00:00,0.0284000001847744
2017-12-16 09:00:00,0.0284000001847744
2017-12-16 10:00:00,0.03079999983310699
2017-12-16 11:00:00,0.03079999983310699
2017-12-16 12:00:00,0.03079999983310699
2017-12-16 13:00:00,0.01689999923110008
2017-12-16 14:00:00,0.01689999923110008
2017-12-16 15:00:00,0.01689999923110008
2017-12-16 16:00:00,0.10359999537467957
2017-12-16 17:00:00,0.10359999537467957
2017-12-16 18:00:00,0.10359999537467957
2017-12-16 19:00:00,0.14919999241828918
2017-12-16 20:00:00,0.14919999241828918
2017-12-16 21:00:00,0.14919999241828918
2017-12-16 22:00:00,0.07339999824762344
2017-12-16 23:00:00,0.07339999824762344
2017-12-17,0.07339999824762344
2017-12-17 01:00:00,0.02300000004470348
2017-12-17 02:00:00,0.02300000004470348
2017-12-17 03:00:00,0.02300000004470348
2017-12-17 04:00:00,0.01249999925494194
2017-12-17 05:00:00,0.01249999925494194
2017-12-17 06:00:00,0.01249999925494194
2017-12-17 07:00:00,0.00649999966844916
2017-12-17 08:00:00,0.00649999966844916
2017-12-17 09:00:00,0.00649999966844916
2017-12-17 10:00:00,0.00709997536614537
2017-12-17 11:00:00,0.00709997536614537
2017-12-17 12:00:00,0.00709997536614537
2017-12-17 13:00:00,0
2017-12-17 14:00:00,0
2017-12-17 15:00:00,0
2017-12-17 16:00:00,0.08959999680519104
2017-12-17 17:00:00,0.08959999680519104
2017-12-17 18:00:00,0.08959999680519104
2017-12-17 19:00:00,0.16329999268054962
2017-12-17 20:00:00,0.16329999268054962
2017-12-17 21:00:00,0.16329999268054962
2017-12-17 22:00:00,0.07189999520778656
2017-12-17 23:00:00,0.07189999520778656
2017-12-18,0.07189999520778656
2017-12-18 01:00:00,0.01339999958872795
2017-12-18 02:00:00,0.01339999958872795
2017-12-18 03:00:00,0.01339999958872795
2017-12-18 04:00:00,0.01559999957680702
2017-12-18 05:00:00,0.01559999957680702
2017-12-18 06:00:00,0.01559999957680702
2017-12-18 07:00:00,0.00779999978840351
2017-12-18 08:00:00,0.00779999978840351
2017-12-18 09:00:00,0.00779999978840351
2017-12-18 10:00:00,0.00429999968037009
2017-12-18 11:00:00,0.00429999968037009
2017-12-18 12:00:00,0.00429999968037009
2017-12-18 13:00:00,0.01169999968260526
2017-12-18 14:00:00,0.01169999968260526
2017-12-18 15:00:00,0.01169999968260526
2017-12-18 16:00:00,0.1087999939918518
2017-12-18 17:00:00,0.1087999939918518
2017-12-18 18:00:00,0.1087999939918518
2017-12-18 19:00:00,0.13679999113082886
2017-12-18 20:00:00,0.13679999113082886
2017-12-18 21:00:00,0.13679999113082886
2017-12-18 22:00:00,0.05150000005960464
2017-12-18 23:00:00,0.05150000005960464
2017-12-19,0.05150000005960464
2017-12-19 01:00:00,0.0032999999821186
2017-12-19 02:00:00,0.0032999999821186
2017-12-19 03:00:00,0.0032999999821186
2017-12-19 04:00:00,0.00139999995008111
2017-12-19 05:00:00,0.00139999995008111
2017-12-19 06:00:00,0.00139999995008111
2017-12-19 07:00:00,-0.00109999999403953
2017-12-19 08:00:00,-0.00109999999403953
2017-12-19 09:00:00,-0.00109999999403953
2017-12-19 10:00:00,-0.00419999985024333
2017-12-19 11:00:00,-0.00419999985024333
2017-12-19 12:00:00,-0.00419999985024333
2017-12-19 13:00:00,-0.0031999999191612
2017-12-19 14:00:00,-0.0031999999191612
2017-12-19 15:00:00,-0.0031999999191612
2017-12-19 16:00:00,0.08829997479915619
2017-12-19 17:00:00,0.08829997479915619
2017-12-19 18:00:00,0.08829997479915619
2017-12-19 19:00:00,0.13189999759197235
2017-12-19 20:00:00,0.13189999759197235
2017-12-19 21:00:00,0.13189999759197235
2017-12-19 22:00:00,0.04389999806880951
2017-12-19 23:00:00,0.04389999806880951
2017-12-20,0.04389999806880951
2017-12-20 01:00:00,0.01249999925494194
2017-12-20 02:00:00,0.01249999925494194
2017-12-20 03:00:00,0.01249999925494194
2017-12-20 04:00:00,0.01569999940693378
2017-12-20 05:00:00,0.01569999940693378
2017-12-20 06:00:00,0.01569999940693378
2017-12-20 07:00:00,0.02249999903142452
2017-12-20 08:00:00,0.02249999903142452
2017-12-20 09:00:00,0.02249999903142452
2017-12-20 10:00:00,0.0364999994635582
2017-12-20 11:00:00,0.0364999994635582
2017-12-20 12:00:00,0.0364999994635582
2017-12-20 13:00:00,0.03639999777078628
2017-12-20 14:00:00,0.03639999777078628
2017-12-20 15:00:00,0.03639999777078628
2017-12-20 16:00:00,0.1630999892950058
2017-12-20 17:00:00,0.1630999892950058
2017-12-20 18:00:00,0.1630999892950058
2017-12-20 19:00:00,0.21879999339580536
2017-12-20 20:00:00,0.21879999339580536
2017-12-20 21:00:00,0.21879999339580536
2017-12-20 22:00:00,0.06679999828338623
2017-12-20 23:00:00,0.06679999828338623
2017-12-21,0.06679999828338623
2017-12-21 01:00:00,0.01109999977052211
2017-12-21 02:00:00,0.01109999977052211
2017-12-21 03:00:00,0.01109999977052211
2017-12-21 04:00:00,0.01499999966472387
2017-12-21 05:00:00,0.01499999966472387
2017-12-21 06:00:00,0.01499999966472387
2017-12-21 07:00:00,0.01219999976456165
2017-12-21 08:00:00,0.01219999976456165
2017-12-21 09:00:00,0.01219999976456165
2017-12-21 10:00:00,0.02329999953508377
2017-12-21 11:00:00,0.02329999953508377
2017-12-21 12:00:00,0.02329999953508377
2017-12-21 13:00:00,0.02579999901354313
2017-12-21 14:00:00,0.02579999901354313
2017-12-21 15:00:00,0.02579999901354313
2017-12-21 16:00:00,0.0575999990105629
2017-12-21 17:00:00,0.0575999990105629
2017-12-21 18:00:00,0.0575999990105629
2017-12-21 19:00:00,0.11249999701976776
2017-12-21 20:00:00,0.11249999701976776
2017-12-21 21:00:00,0.11249999701976776
2017-12-21 22:00:00,0.05419999733567238
2017-12-21 23:00:00,0.05419999733567238
2017-12-22,0.05419999733567238
2017-12-22 01:00:00,0.00260000000707805
2017-12-22 02:00:00,0.00260000000707805
2017-12-22 03:00:00,0.00260000000707805
2017-12-22 04:00:00,1.9999999494757503e-4
2017-12-22 05:00:00,1.9999999494757503e-4
2017-12-22 06:00:00,1.9999999494757503e-4
2017-12-22 07:00:00,1.9999999494757503e-4
2017-12-22 08:00:00,1.9999999494757503e-4
2017-12-22 09:00:00,1.9999999494757503e-4
2017-12-22 10:00:00,0.00499999988824129
2017-12-22 11:00:00,0.00499999988824129
2017-12-22 12:00:00,0.00499999988824129
2017-12-22 13:00:00,0.00619999971240758
2017-12-22 14:00:00,0.00619999971240758
2017-12-22 15:00:00,0.00619999971240758
2017-12-22 16:00:00,0.09959999471902849
2017-12-22 17:00:00,0.09959999471902849
2017-12-22 18:00:00,0.09959999471902849
2017-12-22 19:00:00,0.1605999916791916
2017-12-22 20:00:00,0.1605999916791916
2017-12-22 21:00:00,0.1605999916791916
2017-12-22 22:00:00,0.0625
2017-12-22 23:00:00,0.0625
2017-12-23,0.0625
2017-12-23 01:00:00,0.01640000008046627
2017-12-23 02:00:00,0.01640000008046627
2017-12-23 03:00:00,0.01640000008046627
2017-12-23 04:00:00,0.01850000023841858
2017-12-23 05:00:00,0.01850000023841858
2017-12-23 06:00:00,0.01850000023841858
2017-12-23 07:00:00,0.02659999951720237
2017-12-23 08:00:00,0.02659999951720237
2017-12-23 09:00:00,0.02659999951720237
2017-12-23 10:00:00,0.02730000019073486
2017-12-23 11:00:00,0.02730000019073486
2017-12-23 12:00:00,0.02730000019073486
2017-12-23 13:00:00,0.0364999994635582
2017-12-23 14:00:00,0.0364999994635582
2017-12-23 15:00:00,0.0364999994635582
2017-12-23 16:00:00,0.11419999599456788
2017-12-23 17:00:00,0.11419999599456788
2017-12-23 18:00:00,0.11419999599456788
2017-12-23 19:00:00,0.14469999074935913
2017-12-23 20:00:00,0.14469999074935913
2017-12-23 21:00:00,0.14469999074935913
2017-12-23 22:00:00,0.07180000096559525
2017-12-23 23:00:00,0.07180000096559525
2017-12-24,0.07180000096559525
2017-12-24 01:00:00,0.01659999974071979
2017-12-24 02:00:00,0.01659999974071979
2017-12-24 03:00:00,0.01659999974071979
2017-12-24 04:00:00,0.01109999977052211
2017-12-24 05:00:00,0.01109999977052211
2017-12-24 06:00:00,0.01109999977052211
2017-12-24 07:00:00,0.00509999971836805
2017-12-24 08:00:00,0.00509999971836805
2017-12-24 09:00:00,0.00509999971836805
2017-12-24 10:00:00,0.00579999992623925
2017-12-24 11:00:00,0.00579999992623925
2017-12-24 12:00:00,0.00579999992623925
2017-12-24 13:00:00,0.02429999969899654
2017-12-24 14:00:00,0.02429999969899654
2017-12-24 15:00:00,0.02429999969899654
2017-12-24 16:00:00,0.09640000015497208
2017-12-24 17:00:00,0.09640000015497208
2017-12-24 18:00:00,0.09640000015497208
2017-12-24 19:00:00,0.18850000202655792
2017-12-24 20:00:00,0.18850000202655792
2017-12-24 21:00:00,0.18850000202655792
2017-12-24 22:00:00,0.08739999681711197
2017-12-24 23:00:00,0.08739999681711197
2017-12-25,0.08739999681711197
2017-12-25 01:00:00,0.03229999914765358
2017-12-25 02:00:00,0.03229999914765358
2017-12-25 03:00:00,0.03229999914765358
2017-12-25 04:00:00,0.02939999848604202
2017-12-25 05:00:00,0.02939999848604202
2017-12-25 06:00:00,0.02939999848604202
2017-12-25 07:00:00,0.02730000019073486
2017-12-25 08:00:00,0.02730000019073486
2017-12-25 09:00:00,0.02730000019073486
2017-12-25 10:00:00,0.00969999935477972
2017-12-25 11:00:00,0.00969999935477972
2017-12-25 12:00:00,0.00969999935477972
2017-12-25 13:00:00,0.00600000005215406
2017-12-25 14:00:00,0.00600000005215406
2017-12-25 15:00:00,0.00600000005215406
2017-12-25 16:00:00,0.09290000051259996
2017-12-25 17:00:00,0.09290000051259996
2017-12-25 18:00:00,0.09290000051259996
2017-12-25 19:00:00,0.1136000007390976
2017-12-25 20:00:00,0.1136000007390976
2017-12-25 21:00:00,0.1136000007390976
2017-12-25 22:00:00,0.07979999482631683
2017-12-25 23:00:00,0.07979999482631683
2017-12-26,0.07979999482631683
2017-12-26 01:00:00,0.0104000000283122
2017-12-26 02:00:00,0.0104000000283122
2017-12-26 03:00:00,0.0104000000283122
2017-12-26 04:00:00,0.0092000002041459
2017-12-26 05:00:00,0.0092000002041459
2017-12-26 06:00:00,0.0092000002041459
2017-12-26 07:00:00,0.00619999971240758
2017-12-26 08:00:00,0.00619999971240758
2017-12-26 09:00:00,0.00619999971240758
2017-12-26 10:00:00,0.0056999996304512
2017-12-26 11:00:00,0.0056999996304512
2017-12-26 12:00:00,0.0056999996304512
2017-12-26 13:00:00,-9.999999747378752e-5
2017-12-26 14:00:00,-9.999999747378752e-5
2017-12-26 15:00:00,-9.999999747378752e-5
2017-12-26 16:00:00,0.09839999675750732
2017-12-26 17:00:00,0.09839999675750732
2017-12-26 18:00:00,0.09839999675750732
2017-12-26 19:00:00,0.16259999573230743
2017-12-26 20:00:00,0.16259999573230743
2017-12-26 21:00:00,0.16259999573230743
2017-12-26 22:00:00,0.05139999836683273
2017-12-26 23:00:00,0.05139999836683273
2017-12-27,0.05139999836683273
2017-12-27 01:00:00,-0.00959999952465295
2017-12-27 02:00:00,-0.00959999952465295
2017-12-27 03:00:00,-0.00959999952465295
2017-12-27 04:00:00,-0.0101999994367361
2017-12-27 05:00:00,-0.0101999994367361
2017-12-27 06:00:00,-0.0101999994367361
2017-12-27 07:00:00,-0.00890000164508819
2017-12-27 08:00:00,-0.00890000164508819
2017-12-27 09:00:00,-0.00890000164508819
2017-12-27 10:00:00,0.00509999971836805
2017-12-27 11:00:00,0.00509999971836805
2017-12-27 12:00:00,0.00509999971836805
2017-12-27 13:00:00,0.03799999877810478
2017-12-27 14:00:00,0.03799999877810478
2017-12-27 15:00:00,0.03799999877810478
2017-12-27 16:00:00,0.15559999644756317
2017-12-27 17:00:00,0.15559999644756317
2017-12-27 18:00:00,0.15559999644756317
2017-12-27 19:00:00,0.2612999975681305
2017-12-27 20:00:00,0.2612999975681305
2017-12-27 21:00:00,0.2612999975681305
2017-12-27 22:00:00,0.13269999623298645
2017-12-27 23:00:00,0.13269999623298645
2017-12-28,0.13269999623298645
2017-12-28 01:00:00,0.03669999912381172
2017-12-28 02:00:00,0.03669999912381172
2017-12-28 03:00:00,0.03669999912381172
2017-12-28 04:00:00,0.03350000083446503
2017-12-28 05:00:00,0.03350000083446503
2017-12-28 06:00:00,0.03350000083446503
2017-12-28 07:00:00,0.08129999786615372
2017-12-28 08:00:00,0.08129999786615372
2017-12-28 09:00:00,0.08129999786615372
2017-12-28 10:00:00,0.04979999735951423
2017-12-28 11:00:00,0.04979999735951423
2017-12-28 12:00:00,0.04979999735951423
2017-12-28 13:00:00,0.02969999983906746
2017-12-28 14:00:00,0.02969999983906746
2017-12-28 15:00:00,0.02969999983906746
2017-12-28 16:00:00,0.1304999738931656
2017-12-28 17:00:00,0.1304999738931656
2017-12-28 18:00:00,0.1304999738931656
2017-12-28 19:00:00,0.20229999721050265
2017-12-28 20:00:00,0.20229999721050265
2017-12-28 21:00:00,0.20229999721050265
2017-12-28 22:00:00,0.08429999649524689
2017-12-28 23:00:00,0.08429999649524689
2017-12-29,0.08429999649524689
2017-12-29 01:00:00,0.01219999976456165
2017-12-29 02:00:00,0.01219999976456165
2017-12-29 03:00:00,0.01219999976456165
2017-12-29 04:00:00,0.02529999986290931
2017-12-29 05:00:00,0.02529999986290931
2017-12-29 06:00:00,0.02529999986290931
2017-12-29 07:00:00,0.0462999977171421
2017-12-29 08:00:00,0.0462999977171421
2017-12-29 09:00:00,0.0462999977171421
2017-12-29 10:00:00,0.0778999999165535
2017-12-29 11:00:00,0.0778999999165535
2017-12-29 12:00:00,0.0778999999165535
2017-12-29 13:00:00,0.11059999465942384
2017-12-29 14:00:00,0.11059999465942384
2017-12-29 15:00:00,0.11059999465942384
2017-12-29 16:00:00,0.2215999960899353
2017-12-29 17:00:00,0.2215999960899353
2017-12-29 18:00:00,0.2215999960899353
2017-12-29 19:00:00,0.2402999997138977
2017-12-29 20:00:00,0.2402999997138977
2017-12-29 21:00:00,0.2402999997138977
2017-12-29 22:00:00,0.14509999752044678
2017-12-29 23:00:00,0.14509999752044678
2017-12-30,0.14509999752044678
2017-12-30 01:00:00,0.03070000000298023
2017-12-30 02:00:00,0.03070000000298023
2017-12-30 03:00:00,0.03070000000298023
2017-12-30 04:00:00,0.02850000001490116
2017-12-30 05:00:00,0.02850000001490116
2017-12-30 06:00:00,0.02850000001490116
2017-12-30 07:00:00,0.04279999807476997
2017-12-30 08:00:00,0.04279999807476997
2017-12-30 09:00:00,0.04279999807476997
2017-12-30 10:00:00,0.07939999550580978
2017-12-30 11:00:00,0.07939999550580978
2017-12-30 12:00:00,0.07939999550580978
2017-12-30 13:00:00,0.15119999647140503
2017-12-30 14:00:00,0.15119999647140503
2017-12-30 15:00:00,0.15119999647140503
2017-12-30 16:00:00,0.2806999981403351
2017-12-30 17:00:00,0.2806999981403351
2017-12-30 18:00:00,0.2806999981403351
2017-12-30 19:00:00,0.3481999933719635
2017-12-30 20:00:00,0.3481999933719635
2017-12-30 21:00:00,0.3481999933719635
2017-12-30 22:00:00,0.25529998540878296
2017-12-30 23:00:00,0.25529998540878296
2017-12-31,0.25529998540878296
2017-12-31 01:00:00,0.12219999730587006
2017-12-31 02:00:00,0.12219999730587006
2017-12-31 03:00:00,0.12219999730587006
2017-12-31 04:00:00,0.03779999911785126
2017-12-31 05:00:00,0.03779999911785126
2017-12-31 06:00:00,0.03779999911785126
2017-12-31 07:00:00,0.01449999958276748
2017-12-31 08:00:00,0.01449999958276748
2017-12-31 09:00:00,0.01449999958276748
2017-12-31 10:00:00,0.0104000000283122
2017-12-31 11:00:00,0.0104000000283122
2017-12-31 12:00:00,0.0104000000283122
2017-12-31 13:00:00,0.00209999992512166
2017-12-31 14:00:00,0.00209999992512166
2017-12-31 15:00:00,0.00209999992512166
2017-12-31 16:00:00,0.06689999997615814
2017-12-31 17:00:00,0.06689999997615814
2017-12-31 18:00:00,0.06689999997615814
2017-12-31 19:00:00,0.16920000314712524
2017-12-31 20:00:00,0.16920000314712524
2017-12-31 21:00:00,0.16920000314712524
2017-12-31 22:00:00,0.08229999989271164
2017-12-31 23:00:00,0.08229999989271164
