dateTime,CAPE
2017-01-01T00:00:00Z,0
2017-01-01T01:00:00Z,0
2017-01-01T02:00:00Z,0
2017-01-01T03:00:00Z,0
2017-01-01T04:00:00Z,0
2017-01-01T05:00:00Z,0
2017-01-01T06:00:00Z,0
2017-01-01T07:00:00Z,0
2017-01-01T08:00:00Z,0
2017-01-01T09:00:00Z,0
2017-01-01T10:00:00Z,0
2017-01-01T11:00:00Z,0
2017-01-01T12:00:00Z,0
2017-01-01T13:00:00Z,3.504000186920166
2017-01-01T14:00:00Z,6.992000102996826
2017-01-01T15:00:00Z,10.496000289916992
2017-01-01T16:00:00Z,9.344000816345215
2017-01-01T17:00:00Z,8.192000389099121
2017-01-01T18:00:00Z,7.0400004386901855
2017-01-01T19:00:00Z,4.672000408172607
2017-01-01T20:00:00Z,2.3360002040863037
2017-01-01T21:00:00Z,0
2017-01-01T22:00:00Z,0
2017-01-01T23:00:00Z,0
2017-01-02T00:00:00Z,0
2017-01-02T01:00:00Z,0
2017-01-02T02:00:00Z,0
2017-01-02T03:00:00Z,0
2017-01-02T04:00:00Z,0
2017-01-02T05:00:00Z,0
2017-01-02T06:00:00Z,0
2017-01-02T07:00:00Z,0
2017-01-02T08:00:00Z,0
2017-01-02T09:00:00Z,0
2017-01-02T10:00:00Z,0
2017-01-02T11:00:00Z,0
2017-01-02T12:00:00Z,0
2017-01-02T13:00:00Z,0
2017-01-02T14:00:00Z,0
2017-01-02T15:00:00Z,0
2017-01-02T16:00:00Z,0
2017-01-02T17:00:00Z,0
2017-01-02T18:00:00Z,0
2017-01-02T19:00:00Z,0
2017-01-02T20:00:00Z,0
2017-01-02T21:00:00Z,0
2017-01-02T22:00:00Z,0
2017-01-02T23:00:00Z,0
2017-01-03T00:00:00Z,0
2017-01-03T01:00:00Z,0
2017-01-03T02:00:00Z,0
2017-01-03T03:00:00Z,0
2017-01-03T04:00:00Z,0
2017-01-03T05:00:00Z,0
2017-01-03T06:00:00Z,0
2017-01-03T07:00:00Z,0
2017-01-03T08:00:00Z,0
2017-01-03T09:00:00Z,0
2017-01-03T10:00:00Z,0
2017-01-03T11:00:00Z,0
2017-01-03T12:00:00Z,0
2017-01-03T13:00:00Z,0.320000022649765
2017-01-03T14:00:00Z,0.7040000557899475
2017-01-03T15:00:00Z,1.0240000486373901
2017-01-03T16:00:00Z,0.7040000557899475
2017-01-03T17:00:00Z,0.320000022649765
2017-01-03T18:00:00Z,0
2017-01-03T19:00:00Z,0
2017-01-03T20:00:00Z,0
2017-01-03T21:00:00Z,0
2017-01-03T22:00:00Z,0
2017-01-03T23:00:00Z,0
2017-01-04T00:00:00Z,0
2017-01-04T01:00:00Z,0
2017-01-04T02:00:00Z,0
2017-01-04T03:00:00Z,0
2017-01-04T04:00:00Z,0
2017-01-04T05:00:00Z,0
2017-01-04T06:00:00Z,0
2017-01-04T07:00:00Z,0
2017-01-04T08:00:00Z,0
2017-01-04T09:00:00Z,0
2017-01-04T10:00:00Z,0
2017-01-04T11:00:00Z,0
2017-01-04T12:00:00Z,0
2017-01-04T13:00:00Z,0
2017-01-04T14:00:00Z,0
2017-01-04T15:00:00Z,0
2017-01-04T16:00:00Z,0
2017-01-04T17:00:00Z,0
2017-01-04T18:00:00Z,0
2017-01-04T19:00:00Z,2.7840001583099365
2017-01-04T20:00:00Z,5.600000381469727
2017-01-04T21:00:00Z,8.384000778198242
2017-01-04T22:00:00Z,28.57600212097168
2017-01-04T23:00:00Z,48.768001556396484
2017-01-05T00:00:00Z,68.96000671386719
2017-01-05T01:00:00Z,47.7760009765625
2017-01-05T02:00:00Z,26.59200096130371
2017-01-05T03:00:00Z,5.408000469207764
2017-01-05T04:00:00Z,6.944000244140625
2017-01-05T05:00:00Z,8.480000495910645
2017-01-05T06:00:00Z,10.016000747680664
2017-01-05T07:00:00Z,6.656000137329102
2017-01-05T08:00:00Z,3.328000068664551
2017-01-05T09:00:00Z,0
2017-01-05T10:00:00Z,0
2017-01-05T11:00:00Z,0
2017-01-05T12:00:00Z,0
2017-01-05T13:00:00Z,0
2017-01-05T14:00:00Z,0
2017-01-05T15:00:00Z,0
2017-01-05T16:00:00Z,0
2017-01-05T17:00:00Z,0
2017-01-05T18:00:00Z,0
2017-01-05T19:00:00Z,0
2017-01-05T20:00:00Z,0
2017-01-05T21:00:00Z,0
2017-01-05T22:00:00Z,0
2017-01-05T23:00:00Z,0
2017-01-06T00:00:00Z,0
2017-01-06T01:00:00Z,0
2017-01-06T02:00:00Z,0
2017-01-06T03:00:00Z,0
2017-01-06T04:00:00Z,0
2017-01-06T05:00:00Z,0
2017-01-06T06:00:00Z,0
2017-01-06T07:00:00Z,0
2017-01-06T08:00:00Z,0
2017-01-06T09:00:00Z,0
2017-01-06T10:00:00Z,0
2017-01-06T11:00:00Z,0
2017-01-06T12:00:00Z,0
2017-01-06T13:00:00Z,1.968000054359436
2017-01-06T14:00:00Z,3.936000108718872
2017-01-06T15:00:00Z,5.88800048828125
2017-01-06T16:00:00Z,6.6080002784729
2017-01-06T17:00:00Z,7.344000339508057
2017-01-06T18:00:00Z,8.064000129699707
2017-01-06T19:00:00Z,6.528000354766846
2017-01-06T20:00:00Z,4.992000102996826
2017-01-06T21:00:00Z,3.4560000896453857
2017-01-06T22:00:00Z,2.30400013923645
2017-01-06T23:00:00Z,1.152000069618225
2017-01-07T00:00:00Z,0
2017-01-07T01:00:00Z,0
2017-01-07T02:00:00Z,0
2017-01-07T03:00:00Z,0
2017-01-07T04:00:00Z,0
2017-01-07T05:00:00Z,0
2017-01-07T06:00:00Z,0
2017-01-07T07:00:00Z,0
2017-01-07T08:00:00Z,0
2017-01-07T09:00:00Z,0
2017-01-07T10:00:00Z,0
2017-01-07T11:00:00Z,0
2017-01-07T12:00:00Z,0
2017-01-07T13:00:00Z,0
2017-01-07T14:00:00Z,0
2017-01-07T15:00:00Z,0
2017-01-07T16:00:00Z,0
2017-01-07T17:00:00Z,0
2017-01-07T18:00:00Z,0
2017-01-07T19:00:00Z,0
2017-01-07T20:00:00Z,0
2017-01-07T21:00:00Z,0
2017-01-07T22:00:00Z,0
2017-01-07T23:00:00Z,0
2017-01-08T00:00:00Z,0
2017-01-08T01:00:00Z,0
2017-01-08T02:00:00Z,0
2017-01-08T03:00:00Z,0
2017-01-08T04:00:00Z,0
2017-01-08T05:00:00Z,0
2017-01-08T06:00:00Z,0
2017-01-08T07:00:00Z,0.3440000116825104
2017-01-08T08:00:00Z,0.6920000314712524
2017-01-08T09:00:00Z,1.0320000648498535
2017-01-08T10:00:00Z,0.6920000314712524
2017-01-08T11:00:00Z,0.3400000035762787
2017-01-08T12:00:00Z,0
2017-01-08T13:00:00Z,9.624000549316406
2017-01-08T14:00:00Z,19.248001098632813
2017-01-08T15:00:00Z,28.87200164794922
2017-01-08T16:00:00Z,46.52800369262695
2017-01-08T17:00:00Z,64.19200134277344
2017-01-08T18:00:00Z,81.84000396728516
2017-01-08T19:00:00Z,100.04800415039063
2017-01-08T20:00:00Z,118.24000549316406
2017-01-08T21:00:00Z,136.44801330566406
2017-01-08T22:00:00Z,98.78400421142578
2017-01-08T23:00:00Z,61.12000274658203
2017-01-09T00:00:00Z,23.45600128173828
2017-01-09T01:00:00Z,19.328001022338867
2017-01-09T02:00:00Z,15.168001174926758
2017-01-09T03:00:00Z,11.02400016784668
2017-01-09T04:00:00Z,7.344000339508057
2017-01-09T05:00:00Z,3.680000066757202
2017-01-09T06:00:00Z,0
2017-01-09T07:00:00Z,0
2017-01-09T08:00:00Z,0
2017-01-09T09:00:00Z,0
2017-01-09T10:00:00Z,0
2017-01-09T11:00:00Z,0
2017-01-09T12:00:00Z,0
2017-01-09T13:00:00Z,0
2017-01-09T14:00:00Z,0
2017-01-09T15:00:00Z,0
2017-01-09T16:00:00Z,0
2017-01-09T17:00:00Z,0
2017-01-09T18:00:00Z,0
2017-01-09T19:00:00Z,0
2017-01-09T20:00:00Z,0
2017-01-09T21:00:00Z,0
2017-01-09T22:00:00Z,0
2017-01-09T23:00:00Z,0
2017-01-10T00:00:00Z,0
2017-01-10T01:00:00Z,0
2017-01-10T02:00:00Z,0
2017-01-10T03:00:00Z,0
2017-01-10T04:00:00Z,0
2017-01-10T05:00:00Z,0
2017-01-10T06:00:00Z,0
2017-01-10T07:00:00Z,0
2017-01-10T08:00:00Z,0
2017-01-10T09:00:00Z,0
2017-01-10T10:00:00Z,0
2017-01-10T11:00:00Z,0
2017-01-10T12:00:00Z,0
2017-01-10T13:00:00Z,0
2017-01-10T14:00:00Z,0
2017-01-10T15:00:00Z,0
2017-01-10T16:00:00Z,0
2017-01-10T17:00:00Z,0
2017-01-10T18:00:00Z,0
2017-01-10T19:00:00Z,0
2017-01-10T20:00:00Z,0
2017-01-10T21:00:00Z,0
2017-01-10T22:00:00Z,0
2017-01-10T23:00:00Z,0
2017-01-11T00:00:00Z,0
2017-01-11T01:00:00Z,0
2017-01-11T02:00:00Z,0
2017-01-11T03:00:00Z,0
2017-01-11T04:00:00Z,0
2017-01-11T05:00:00Z,0
2017-01-11T06:00:00Z,0
2017-01-11T07:00:00Z,0
2017-01-11T08:00:00Z,0
2017-01-11T09:00:00Z,0
2017-01-11T10:00:00Z,0
2017-01-11T11:00:00Z,0
2017-01-11T12:00:00Z,0
2017-01-11T13:00:00Z,0
2017-01-11T14:00:00Z,0
2017-01-11T15:00:00Z,0
2017-01-11T16:00:00Z,0
2017-01-11T17:00:00Z,0
2017-01-11T18:00:00Z,0
2017-01-11T19:00:00Z,0
2017-01-11T20:00:00Z,0
2017-01-11T21:00:00Z,0
2017-01-11T22:00:00Z,0
2017-01-11T23:00:00Z,0
2017-01-12T00:00:00Z,0
2017-01-12T01:00:00Z,0
2017-01-12T02:00:00Z,0
2017-01-12T03:00:00Z,0
2017-01-12T04:00:00Z,0
2017-01-12T05:00:00Z,0
2017-01-12T06:00:00Z,0
2017-01-12T07:00:00Z,0
2017-01-12T08:00:00Z,0
2017-01-12T09:00:00Z,0
2017-01-12T10:00:00Z,0
2017-01-12T11:00:00Z,0
2017-01-12T12:00:00Z,0
2017-01-12T13:00:00Z,3.328000068664551
2017-01-12T14:00:00Z,6.656000137329102
2017-01-12T15:00:00Z,10.016000747680664
2017-01-12T16:00:00Z,6.656000137329102
2017-01-12T17:00:00Z,3.328000068664551
2017-01-12T18:00:00Z,0
2017-01-12T19:00:00Z,2.3360002040863037
2017-01-12T20:00:00Z,4.672000408172607
2017-01-12T21:00:00Z,7.0400004386901855
2017-01-12T22:00:00Z,6.496000289916992
2017-01-12T23:00:00Z,5.952000141143799
2017-01-13T00:00:00Z,5.408000469207764
2017-01-13T01:00:00Z,3.616000175476074
2017-01-13T02:00:00Z,1.7920000553131104
2017-01-13T03:00:00Z,0
2017-01-13T04:00:00Z,0
2017-01-13T05:00:00Z,0
2017-01-13T06:00:00Z,0
2017-01-13T07:00:00Z,0
2017-01-13T08:00:00Z,0
2017-01-13T09:00:00Z,0
2017-01-13T10:00:00Z,0
2017-01-13T11:00:00Z,0
2017-01-13T12:00:00Z,0
2017-01-13T13:00:00Z,0
2017-01-13T14:00:00Z,0
2017-01-13T15:00:00Z,0
2017-01-13T16:00:00Z,0
2017-01-13T17:00:00Z,0
2017-01-13T18:00:00Z,0
2017-01-13T19:00:00Z,0
2017-01-13T20:00:00Z,0
2017-01-13T21:00:00Z,0
2017-01-13T22:00:00Z,0
2017-01-13T23:00:00Z,0
2017-01-14T00:00:00Z,0
2017-01-14T01:00:00Z,0
2017-01-14T02:00:00Z,0
2017-01-14T03:00:00Z,0
2017-01-14T04:00:00Z,0
2017-01-14T05:00:00Z,0
2017-01-14T06:00:00Z,0
2017-01-14T07:00:00Z,0
2017-01-14T08:00:00Z,0
2017-01-14T09:00:00Z,0
2017-01-14T10:00:00Z,0
2017-01-14T11:00:00Z,0
2017-01-14T12:00:00Z,0
2017-01-14T13:00:00Z,0
2017-01-14T14:00:00Z,0
2017-01-14T15:00:00Z,0
2017-01-14T16:00:00Z,0
2017-01-14T17:00:00Z,0
2017-01-14T18:00:00Z,0
2017-01-14T19:00:00Z,0
2017-01-14T20:00:00Z,0
2017-01-14T21:00:00Z,0
2017-01-14T22:00:00Z,0
2017-01-14T23:00:00Z,0
2017-01-15T00:00:00Z,0
2017-01-15T01:00:00Z,0
2017-01-15T02:00:00Z,0
2017-01-15T03:00:00Z,0
2017-01-15T04:00:00Z,0
2017-01-15T05:00:00Z,0
2017-01-15T06:00:00Z,0
2017-01-15T07:00:00Z,0
2017-01-15T08:00:00Z,0
2017-01-15T09:00:00Z,0
2017-01-15T10:00:00Z,0
2017-01-15T11:00:00Z,0
2017-01-15T12:00:00Z,0
2017-01-15T13:00:00Z,0
2017-01-15T14:00:00Z,0
2017-01-15T15:00:00Z,0
2017-01-15T16:00:00Z,0
2017-01-15T17:00:00Z,0
2017-01-15T18:00:00Z,0
2017-01-15T19:00:00Z,0
2017-01-15T20:00:00Z,0
2017-01-15T21:00:00Z,0
2017-01-15T22:00:00Z,0
2017-01-15T23:00:00Z,0
2017-01-16T00:00:00Z,0
2017-01-16T01:00:00Z,0
2017-01-16T02:00:00Z,0
2017-01-16T03:00:00Z,0
2017-01-16T04:00:00Z,0
2017-01-16T05:00:00Z,0
2017-01-16T06:00:00Z,0
2017-01-16T07:00:00Z,0
2017-01-16T08:00:00Z,0
2017-01-16T09:00:00Z,0
2017-01-16T10:00:00Z,0
2017-01-16T11:00:00Z,0
2017-01-16T12:00:00Z,0
2017-01-16T13:00:00Z,0
2017-01-16T14:00:00Z,0
2017-01-16T15:00:00Z,0
2017-01-16T16:00:00Z,0
2017-01-16T17:00:00Z,0
2017-01-16T18:00:00Z,0
2017-01-16T19:00:00Z,0
2017-01-16T20:00:00Z,0
2017-01-16T21:00:00Z,0
2017-01-16T22:00:00Z,0
2017-01-16T23:00:00Z,0
2017-01-17T00:00:00Z,0
2017-01-17T01:00:00Z,0
2017-01-17T02:00:00Z,0
2017-01-17T03:00:00Z,0
2017-01-17T04:00:00Z,0
2017-01-17T05:00:00Z,0
2017-01-17T06:00:00Z,0
2017-01-17T07:00:00Z,0
2017-01-17T08:00:00Z,0
2017-01-17T09:00:00Z,0
2017-01-17T10:00:00Z,0
2017-01-17T11:00:00Z,0
2017-01-17T12:00:00Z,0
2017-01-17T13:00:00Z,0
2017-01-17T14:00:00Z,0
2017-01-17T15:00:00Z,0
2017-01-17T16:00:00Z,0
2017-01-17T17:00:00Z,0
2017-01-17T18:00:00Z,0
2017-01-17T19:00:00Z,0
2017-01-17T20:00:00Z,0
2017-01-17T21:00:00Z,0
2017-01-17T22:00:00Z,0
2017-01-17T23:00:00Z,0
2017-01-18T00:00:00Z,0
2017-01-18T01:00:00Z,0
2017-01-18T02:00:00Z,0
2017-01-18T03:00:00Z,0
2017-01-18T04:00:00Z,0
2017-01-18T05:00:00Z,0
2017-01-18T06:00:00Z,0
2017-01-18T07:00:00Z,4.9760003089904785
2017-01-18T08:00:00Z,9.952000617980957
2017-01-18T09:00:00Z,14.928000450134277
2017-01-18T10:00:00Z,9.952000617980957
2017-01-18T11:00:00Z,4.9760003089904785
2017-01-18T12:00:00Z,0
2017-01-18T13:00:00Z,0
2017-01-18T14:00:00Z,0
2017-01-18T15:00:00Z,0
2017-01-18T16:00:00Z,0
2017-01-18T17:00:00Z,0
2017-01-18T18:00:00Z,0
2017-01-18T19:00:00Z,0
2017-01-18T20:00:00Z,0
2017-01-18T21:00:00Z,0
2017-01-18T22:00:00Z,0
2017-01-18T23:00:00Z,0
2017-01-19T00:00:00Z,0
2017-01-19T01:00:00Z,0
2017-01-19T02:00:00Z,0
2017-01-19T03:00:00Z,0
2017-01-19T04:00:00Z,0
2017-01-19T05:00:00Z,0
2017-01-19T06:00:00Z,0
2017-01-19T07:00:00Z,0
2017-01-19T08:00:00Z,0
2017-01-19T09:00:00Z,0
2017-01-19T10:00:00Z,0
2017-01-19T11:00:00Z,0
2017-01-19T12:00:00Z,0
2017-01-19T13:00:00Z,0
2017-01-19T14:00:00Z,0
2017-01-19T15:00:00Z,0
2017-01-19T16:00:00Z,0
2017-01-19T17:00:00Z,0
2017-01-19T18:00:00Z,0
2017-01-19T19:00:00Z,0
2017-01-19T20:00:00Z,0
2017-01-19T21:00:00Z,0
2017-01-19T22:00:00Z,0
2017-01-19T23:00:00Z,0
2017-01-20T00:00:00Z,0
2017-01-20T01:00:00Z,0
2017-01-20T02:00:00Z,0
2017-01-20T03:00:00Z,0
2017-01-20T04:00:00Z,0
2017-01-20T05:00:00Z,0
2017-01-20T06:00:00Z,0
2017-01-20T07:00:00Z,0
2017-01-20T08:00:00Z,0
2017-01-20T09:00:00Z,0
2017-01-20T10:00:00Z,0
2017-01-20T11:00:00Z,0
2017-01-20T12:00:00Z,0
2017-01-20T13:00:00Z,0
2017-01-20T14:00:00Z,0
2017-01-20T15:00:00Z,0
2017-01-20T16:00:00Z,0
2017-01-20T17:00:00Z,0
2017-01-20T18:00:00Z,0
2017-01-20T19:00:00Z,0
2017-01-20T20:00:00Z,0
2017-01-20T21:00:00Z,0
2017-01-20T22:00:00Z,0
2017-01-20T23:00:00Z,0
2017-01-21T00:00:00Z,0
2017-01-21T01:00:00Z,0
2017-01-21T02:00:00Z,0
2017-01-21T03:00:00Z,0
2017-01-21T04:00:00Z,0
2017-01-21T05:00:00Z,0
2017-01-21T06:00:00Z,0
2017-01-21T07:00:00Z,0
2017-01-21T08:00:00Z,0
2017-01-21T09:00:00Z,0
2017-01-21T10:00:00Z,0
2017-01-21T11:00:00Z,0
2017-01-21T12:00:00Z,0
2017-01-21T13:00:00Z,0
2017-01-21T14:00:00Z,0
2017-01-21T15:00:00Z,0
2017-01-21T16:00:00Z,0
2017-01-21T17:00:00Z,0
2017-01-21T18:00:00Z,0
2017-01-21T19:00:00Z,0
2017-01-21T20:00:00Z,0
2017-01-21T21:00:00Z,0
2017-01-21T22:00:00Z,0
2017-01-21T23:00:00Z,0
2017-01-22T00:00:00Z,0
2017-01-22T01:00:00Z,0
2017-01-22T02:00:00Z,0
2017-01-22T03:00:00Z,0
2017-01-22T04:00:00Z,0
2017-01-22T05:00:00Z,0
2017-01-22T06:00:00Z,0
2017-01-22T07:00:00Z,0
2017-01-22T08:00:00Z,0
2017-01-22T09:00:00Z,0
2017-01-22T10:00:00Z,0
2017-01-22T11:00:00Z,0
2017-01-22T12:00:00Z,0
2017-01-22T13:00:00Z,0
2017-01-22T14:00:00Z,0
2017-01-22T15:00:00Z,0
2017-01-22T16:00:00Z,0
2017-01-22T17:00:00Z,0
2017-01-22T18:00:00Z,0
2017-01-22T19:00:00Z,0
2017-01-22T20:00:00Z,0
2017-01-22T21:00:00Z,0
2017-01-22T22:00:00Z,0
2017-01-22T23:00:00Z,0
2017-01-23T00:00:00Z,0
2017-01-23T01:00:00Z,0
2017-01-23T02:00:00Z,0
2017-01-23T03:00:00Z,0
2017-01-23T04:00:00Z,0
2017-01-23T05:00:00Z,0
2017-01-23T06:00:00Z,0
2017-01-23T07:00:00Z,0
2017-01-23T08:00:00Z,0
2017-01-23T09:00:00Z,0
2017-01-23T10:00:00Z,0
2017-01-23T11:00:00Z,0
2017-01-23T12:00:00Z,0
2017-01-23T13:00:00Z,0
2017-01-23T14:00:00Z,0
2017-01-23T15:00:00Z,0
2017-01-23T16:00:00Z,0
2017-01-23T17:00:00Z,0
2017-01-23T18:00:00Z,0
2017-01-23T19:00:00Z,0
2017-01-23T20:00:00Z,0
2017-01-23T21:00:00Z,0
2017-01-23T22:00:00Z,0
2017-01-23T23:00:00Z,0
2017-01-24T00:00:00Z,0
2017-01-24T01:00:00Z,0
2017-01-24T02:00:00Z,0
2017-01-24T03:00:00Z,0
2017-01-24T04:00:00Z,1.5360000133514404
2017-01-24T05:00:00Z,3.064000129699707
2017-01-24T06:00:00Z,4.5920000076293945
2017-01-24T07:00:00Z,4.5920000076293945
2017-01-24T08:00:00Z,4.5920000076293945
2017-01-24T09:00:00Z,4.5920000076293945
2017-01-24T10:00:00Z,3.064000129699707
2017-01-24T11:00:00Z,1.5280001163482666
2017-01-24T12:00:00Z,0
2017-01-24T13:00:00Z,0
2017-01-24T14:00:00Z,0
2017-01-24T15:00:00Z,0
2017-01-24T16:00:00Z,0
2017-01-24T17:00:00Z,0
2017-01-24T18:00:00Z,0
2017-01-24T19:00:00Z,0
2017-01-24T20:00:00Z,0
2017-01-24T21:00:00Z,0
2017-01-24T22:00:00Z,0
2017-01-24T23:00:00Z,0
2017-01-25T00:00:00Z,0
2017-01-25T01:00:00Z,0
2017-01-25T02:00:00Z,0
2017-01-25T03:00:00Z,0
2017-01-25T04:00:00Z,0
2017-01-25T05:00:00Z,0
2017-01-25T06:00:00Z,0
2017-01-25T07:00:00Z,0
2017-01-25T08:00:00Z,0
2017-01-25T09:00:00Z,0
2017-01-25T10:00:00Z,0
2017-01-25T11:00:00Z,0
2017-01-25T12:00:00Z,0
2017-01-25T13:00:00Z,0
2017-01-25T14:00:00Z,0
2017-01-25T15:00:00Z,0
2017-01-25T16:00:00Z,0
2017-01-25T17:00:00Z,0
2017-01-25T18:00:00Z,0
2017-01-25T19:00:00Z,0
2017-01-25T20:00:00Z,0
2017-01-25T21:00:00Z,0
2017-01-25T22:00:00Z,0
2017-01-25T23:00:00Z,0
2017-01-26T00:00:00Z,0
2017-01-26T01:00:00Z,0
2017-01-26T02:00:00Z,0
2017-01-26T03:00:00Z,0
2017-01-26T04:00:00Z,0
2017-01-26T05:00:00Z,0
2017-01-26T06:00:00Z,0
2017-01-26T07:00:00Z,0
2017-01-26T08:00:00Z,0
2017-01-26T09:00:00Z,0
2017-01-26T10:00:00Z,0
2017-01-26T11:00:00Z,0
2017-01-26T12:00:00Z,0
2017-01-26T13:00:00Z,0
2017-01-26T14:00:00Z,0
2017-01-26T15:00:00Z,0
2017-01-26T16:00:00Z,8.144000053405762
2017-01-26T17:00:00Z,16.288000106811523
2017-01-26T18:00:00Z,24.4320011138916
2017-01-26T19:00:00Z,21.264001846313477
2017-01-26T20:00:00Z,18.09600067138672
2017-01-26T21:00:00Z,14.91200065612793
2017-01-26T22:00:00Z,9.952000617980957
2017-01-26T23:00:00Z,4.960000038146973
2017-01-27T00:00:00Z,0
2017-01-27T01:00:00Z,0
2017-01-27T02:00:00Z,0
2017-01-27T03:00:00Z,0
2017-01-27T04:00:00Z,0
2017-01-27T05:00:00Z,0
2017-01-27T06:00:00Z,0
2017-01-27T07:00:00Z,3.328000068664551
2017-01-27T08:00:00Z,6.672000408172607
2017-01-27T09:00:00Z,10
2017-01-27T10:00:00Z,10
2017-01-27T11:00:00Z,10
2017-01-27T12:00:00Z,10
2017-01-27T13:00:00Z,12.35200023651123
2017-01-27T14:00:00Z,14.688000679016113
2017-01-27T15:00:00Z,17.02400016784668
2017-01-27T16:00:00Z,25.696001052856445
2017-01-27T17:00:00Z,34.336002349853516
2017-01-27T18:00:00Z,42.97600173950195
2017-01-27T19:00:00Z,35.3280029296875
2017-01-27T20:00:00Z,27.648000717163086
2017-01-27T21:00:00Z,20
2017-01-27T22:00:00Z,17.66400146484375
2017-01-27T23:00:00Z,15.328001022338867
2017-01-28T00:00:00Z,12.976000785827637
2017-01-28T01:00:00Z,8.656000137329102
2017-01-28T02:00:00Z,4.320000171661377
2017-01-28T03:00:00Z,0
2017-01-28T04:00:00Z,0
2017-01-28T05:00:00Z,0
2017-01-28T06:00:00Z,0
2017-01-28T07:00:00Z,0
2017-01-28T08:00:00Z,0
2017-01-28T09:00:00Z,0
2017-01-28T10:00:00Z,0.3360000252723694
2017-01-28T11:00:00Z,0.6880000233650208
2017-01-28T12:00:00Z,1.0240000486373901
2017-01-28T13:00:00Z,6.704000473022461
2017-01-28T14:00:00Z,12.384000778198242
2017-01-28T15:00:00Z,18.064001083374023
2017-01-28T16:00:00Z,16.527999877929688
2017-01-28T17:00:00Z,14.992000579833984
2017-01-28T18:00:00Z,13.456000328063965
2017-01-28T19:00:00Z,12.304000854492188
2017-01-28T20:00:00Z,11.152000427246094
2017-01-28T21:00:00Z,10
2017-01-28T22:00:00Z,6.672000408172607
2017-01-28T23:00:00Z,3.328000068664551
2017-01-29T00:00:00Z,0
2017-01-29T01:00:00Z,0
2017-01-29T02:00:00Z,0
2017-01-29T03:00:00Z,0
2017-01-29T04:00:00Z,0
2017-01-29T05:00:00Z,0
2017-01-29T06:00:00Z,0
2017-01-29T07:00:00Z,0.9900000691413879
2017-01-29T08:00:00Z,1.9800001382827759
2017-01-29T09:00:00Z,2.9700000286102295
2017-01-29T10:00:00Z,10.290000915527344
2017-01-29T11:00:00Z,17.600000381469727
2017-01-29T12:00:00Z,24.920001983642578
2017-01-29T13:00:00Z,31.75200080871582
2017-01-29T14:00:00Z,38.58000183105469
2017-01-29T15:00:00Z,45.41200256347656
2017-01-29T16:00:00Z,42.07200241088867
2017-01-29T17:00:00Z,38.7400016784668
2017-01-29T18:00:00Z,35.41200256347656
2017-01-29T19:00:00Z,33.60000228881836
2017-01-29T20:00:00Z,31.80000114440918
2017-01-29T21:00:00Z,30.000001907348633
2017-01-29T22:00:00Z,21.80000114440918
2017-01-29T23:00:00Z,13.600000381469727
2017-01-30T00:00:00Z,5.4120001792907715
2017-01-30T01:00:00Z,10.270000457763672
2017-01-30T02:00:00Z,15.140000343322754
2017-01-30T03:00:00Z,20
2017-01-30T04:00:00Z,13.330000877380371
2017-01-30T05:00:00Z,6.6700005531311035
2017-01-30T06:00:00Z,0
2017-01-30T07:00:00Z,0
2017-01-30T08:00:00Z,0
2017-01-30T09:00:00Z,0
2017-01-30T10:00:00Z,0
2017-01-30T11:00:00Z,0
2017-01-30T12:00:00Z,0
2017-01-30T13:00:00Z,3.330000162124634
2017-01-30T14:00:00Z,6.6700005531311035
2017-01-30T15:00:00Z,10
2017-01-30T16:00:00Z,11.800000190734863
2017-01-30T17:00:00Z,13.600000381469727
2017-01-30T18:00:00Z,15.41200065612793
2017-01-30T19:00:00Z,14.25200080871582
2017-01-30T20:00:00Z,13.100000381469727
2017-01-30T21:00:00Z,11.940000534057617
2017-01-30T22:00:00Z,7.960000514984131
2017-01-30T23:00:00Z,3.9800002574920654
2017-01-31T00:00:00Z,0
2017-01-31T01:00:00Z,0
2017-01-31T02:00:00Z,0
2017-01-31T03:00:00Z,0
2017-01-31T04:00:00Z,0
2017-01-31T05:00:00Z,0
2017-01-31T06:00:00Z,0
2017-01-31T07:00:00Z,0
2017-01-31T08:00:00Z,0
2017-01-31T09:00:00Z,0
2017-01-31T10:00:00Z,0
2017-01-31T11:00:00Z,0
2017-01-31T12:00:00Z,0
2017-01-31T13:00:00Z,0
2017-01-31T14:00:00Z,0
2017-01-31T15:00:00Z,0
2017-01-31T16:00:00Z,0
2017-01-31T17:00:00Z,0
2017-01-31T18:00:00Z,0
2017-01-31T19:00:00Z,0
2017-01-31T20:00:00Z,0
2017-01-31T21:00:00Z,0
2017-01-31T22:00:00Z,0
2017-01-31T23:00:00Z,0
2017-02-01T00:00:00Z,0
2017-02-01T01:00:00Z,0.3360000252723694
2017-02-01T02:00:00Z,0.6880000233650208
2017-02-01T03:00:00Z,1.0240000486373901
2017-02-01T04:00:00Z,4.672000408172607
2017-02-01T05:00:00Z,8.3040008544921875
2017-02-01T06:00:00Z,11.93600082397461
2017-02-01T07:00:00Z,7.968000411987305
2017-02-01T08:00:00Z,3.9840002059936523
2017-02-01T09:00:00Z,0
2017-02-01T10:00:00Z,0
2017-02-01T11:00:00Z,0
2017-02-01T12:00:00Z,0
2017-02-01T13:00:00Z,6.816000461578369
2017-02-01T14:00:00Z,13.664000511169434
2017-02-01T15:00:00Z,20.48000144958496
2017-02-01T16:00:00Z,22.144001007080078
2017-02-01T17:00:00Z,23.7760009765625
2017-02-01T18:00:00Z,25.408000946044922
2017-02-01T19:00:00Z,18.75200080871582
2017-02-01T20:00:00Z,12.064000129699707
2017-02-01T21:00:00Z,5.408000469207764
2017-02-01T22:00:00Z,3.616000175476074
2017-02-01T23:00:00Z,1.7920000553131104
2017-02-02T00:00:00Z,0
2017-02-02T01:00:00Z,0
2017-02-02T02:00:00Z,0
2017-02-02T03:00:00Z,0
2017-02-02T04:00:00Z,0
2017-02-02T05:00:00Z,0
2017-02-02T06:00:00Z,0
2017-02-02T07:00:00Z,0
2017-02-02T08:00:00Z,0
2017-02-02T09:00:00Z,0
2017-02-02T10:00:00Z,0
2017-02-02T11:00:00Z,0
2017-02-02T12:00:00Z,0
2017-02-02T13:00:00Z,0.64000004529953
2017-02-02T14:00:00Z,1.312000036239624
2017-02-02T15:00:00Z,1.9520001411437988
2017-02-02T16:00:00Z,36.25600051879883
2017-02-02T17:00:00Z,70.59200286865234
2017-02-02T18:00:00Z,104.9280014038086
2017-02-02T19:00:00Z,91.74400329589844
2017-02-02T20:00:00Z,78.59200286865234
2017-02-02T21:00:00Z,65.40800476074219
2017-02-02T22:00:00Z,46.94400405883789
2017-02-02T23:00:00Z,28.48000144958496
2017-02-03T00:00:00Z,10.016000747680664
2017-02-03T01:00:00Z,6.656000137329102
2017-02-03T02:00:00Z,3.328000068664551
2017-02-03T03:00:00Z,0
2017-02-03T04:00:00Z,0
2017-02-03T05:00:00Z,0
2017-02-03T06:00:00Z,0
2017-02-03T07:00:00Z,0
2017-02-03T08:00:00Z,0
2017-02-03T09:00:00Z,0
2017-02-03T10:00:00Z,0
2017-02-03T11:00:00Z,0
2017-02-03T12:00:00Z,0
2017-02-03T13:00:00Z,0
2017-02-03T14:00:00Z,0
2017-02-03T15:00:00Z,0
2017-02-03T16:00:00Z,0
2017-02-03T17:00:00Z,0
2017-02-03T18:00:00Z,0
2017-02-03T19:00:00Z,0
2017-02-03T20:00:00Z,0
2017-02-03T21:00:00Z,0
2017-02-03T22:00:00Z,0
2017-02-03T23:00:00Z,0
2017-02-04T00:00:00Z,0
2017-02-04T01:00:00Z,2.688000202178955
2017-02-04T02:00:00Z,5.37600040435791
2017-02-04T03:00:00Z,8.064000129699707
2017-02-04T04:00:00Z,6.528000354766846
2017-02-04T05:00:00Z,4.992000102996826
2017-02-04T06:00:00Z,3.4560000896453857
2017-02-04T07:00:00Z,2.30400013923645
2017-02-04T08:00:00Z,1.152000069618225
2017-02-04T09:00:00Z,0
2017-02-04T10:00:00Z,0
2017-02-04T11:00:00Z,0
2017-02-04T12:00:00Z,0
2017-02-04T13:00:00Z,0
2017-02-04T14:00:00Z,0
2017-02-04T15:00:00Z,0
2017-02-04T16:00:00Z,0
2017-02-04T17:00:00Z,0
2017-02-04T18:00:00Z,0
2017-02-04T19:00:00Z,0
2017-02-04T20:00:00Z,0
2017-02-04T21:00:00Z,0
2017-02-04T22:00:00Z,0
2017-02-04T23:00:00Z,0
2017-02-05T00:00:00Z,0
2017-02-05T01:00:00Z,0
2017-02-05T02:00:00Z,0
2017-02-05T03:00:00Z,0
2017-02-05T04:00:00Z,0
2017-02-05T05:00:00Z,0
2017-02-05T06:00:00Z,0
2017-02-05T07:00:00Z,0
2017-02-05T08:00:00Z,0
2017-02-05T09:00:00Z,0
2017-02-05T10:00:00Z,0
2017-02-05T11:00:00Z,0
2017-02-05T12:00:00Z,0
2017-02-05T13:00:00Z,0
2017-02-05T14:00:00Z,0
2017-02-05T15:00:00Z,0
2017-02-05T16:00:00Z,0
2017-02-05T17:00:00Z,0
2017-02-05T18:00:00Z,0
2017-02-05T19:00:00Z,0
2017-02-05T20:00:00Z,0
2017-02-05T21:00:00Z,0
2017-02-05T22:00:00Z,0
2017-02-05T23:00:00Z,0
2017-02-06T00:00:00Z,0
2017-02-06T01:00:00Z,0
2017-02-06T02:00:00Z,0
2017-02-06T03:00:00Z,0
2017-02-06T04:00:00Z,0
2017-02-06T05:00:00Z,0
2017-02-06T06:00:00Z,0
2017-02-06T07:00:00Z,0
2017-02-06T08:00:00Z,0
2017-02-06T09:00:00Z,0
2017-02-06T10:00:00Z,0
2017-02-06T11:00:00Z,0
2017-02-06T12:00:00Z,0
2017-02-06T13:00:00Z,0
2017-02-06T14:00:00Z,0
2017-02-06T15:00:00Z,0
2017-02-06T16:00:00Z,0
2017-02-06T17:00:00Z,0
2017-02-06T18:00:00Z,0
2017-02-06T19:00:00Z,0
2017-02-06T20:00:00Z,0
2017-02-06T21:00:00Z,0
2017-02-06T22:00:00Z,0
2017-02-06T23:00:00Z,0
2017-02-07T00:00:00Z,0
2017-02-07T01:00:00Z,0
2017-02-07T02:00:00Z,0
2017-02-07T03:00:00Z,0
2017-02-07T04:00:00Z,0
2017-02-07T05:00:00Z,0
2017-02-07T06:00:00Z,0
2017-02-07T07:00:00Z,0
2017-02-07T08:00:00Z,0
2017-02-07T09:00:00Z,0
2017-02-07T10:00:00Z,0
2017-02-07T11:00:00Z,0
2017-02-07T12:00:00Z,0
2017-02-07T13:00:00Z,0
2017-02-07T14:00:00Z,0
2017-02-07T15:00:00Z,0
2017-02-07T16:00:00Z,0
2017-02-07T17:00:00Z,0
2017-02-07T18:00:00Z,0
2017-02-07T19:00:00Z,0.9600000381469727
2017-02-07T20:00:00Z,1.9840000867843628
2017-02-07T21:00:00Z,2.944000244140625
2017-02-07T22:00:00Z,1.9840000867843628
2017-02-07T23:00:00Z,0.9600000381469727
2017-02-08T00:00:00Z,0
2017-02-08T01:00:00Z,0
2017-02-08T02:00:00Z,0
2017-02-08T03:00:00Z,0
2017-02-08T04:00:00Z,0
2017-02-08T05:00:00Z,0
2017-02-08T06:00:00Z,0
2017-02-08T07:00:00Z,0
2017-02-08T08:00:00Z,0
2017-02-08T09:00:00Z,0
2017-02-08T10:00:00Z,0
2017-02-08T11:00:00Z,0
2017-02-08T12:00:00Z,0
2017-02-08T13:00:00Z,0.35200002789497375
2017-02-08T14:00:00Z,0.7040000557899475
2017-02-08T15:00:00Z,1.0240000486373901
2017-02-08T16:00:00Z,0.7040000557899475
2017-02-08T17:00:00Z,0.320000022649765
2017-02-08T18:00:00Z,0
2017-02-08T19:00:00Z,0
2017-02-08T20:00:00Z,0
2017-02-08T21:00:00Z,0
2017-02-08T22:00:00Z,0
2017-02-08T23:00:00Z,0
2017-02-09T00:00:00Z,0
2017-02-09T01:00:00Z,0
2017-02-09T02:00:00Z,0
2017-02-09T03:00:00Z,0
2017-02-09T04:00:00Z,0
2017-02-09T05:00:00Z,0
2017-02-09T06:00:00Z,0
2017-02-09T07:00:00Z,0
2017-02-09T08:00:00Z,0
2017-02-09T09:00:00Z,0
2017-02-09T10:00:00Z,0
2017-02-09T11:00:00Z,0
2017-02-09T12:00:00Z,0
2017-02-09T13:00:00Z,0
2017-02-09T14:00:00Z,0
2017-02-09T15:00:00Z,0
2017-02-09T16:00:00Z,0
2017-02-09T17:00:00Z,0
2017-02-09T18:00:00Z,0
2017-02-09T19:00:00Z,0
2017-02-09T20:00:00Z,0
2017-02-09T21:00:00Z,0
2017-02-09T22:00:00Z,0
2017-02-09T23:00:00Z,0
2017-02-10T00:00:00Z,0
2017-02-10T01:00:00Z,0
2017-02-10T02:00:00Z,0
2017-02-10T03:00:00Z,0
2017-02-10T04:00:00Z,0
2017-02-10T05:00:00Z,0
2017-02-10T06:00:00Z,0
2017-02-10T07:00:00Z,0
2017-02-10T08:00:00Z,0
2017-02-10T09:00:00Z,0
2017-02-10T10:00:00Z,0
2017-02-10T11:00:00Z,0
2017-02-10T12:00:00Z,0
2017-02-10T13:00:00Z,1.152000069618225
2017-02-10T14:00:00Z,2.312000036239624
2017-02-10T15:00:00Z,3.4640002250671387
2017-02-10T16:00:00Z,2.312000036239624
2017-02-10T17:00:00Z,1.152000069618225
2017-02-10T18:00:00Z,0
2017-02-10T19:00:00Z,0
2017-02-10T20:00:00Z,0
2017-02-10T21:00:00Z,0
2017-02-10T22:00:00Z,0
2017-02-10T23:00:00Z,0
2017-02-11T00:00:00Z,0
2017-02-11T01:00:00Z,0
2017-02-11T02:00:00Z,0
2017-02-11T03:00:00Z,0
2017-02-11T04:00:00Z,0
2017-02-11T05:00:00Z,0
2017-02-11T06:00:00Z,0
2017-02-11T07:00:00Z,0
2017-02-11T08:00:00Z,0
2017-02-11T09:00:00Z,0
2017-02-11T10:00:00Z,0
2017-02-11T11:00:00Z,0
2017-02-11T12:00:00Z,0
2017-02-11T13:00:00Z,0
2017-02-11T14:00:00Z,0
2017-02-11T15:00:00Z,0
2017-02-11T16:00:00Z,0
2017-02-11T17:00:00Z,0
2017-02-11T18:00:00Z,0
2017-02-11T19:00:00Z,0
2017-02-11T20:00:00Z,0
2017-02-11T21:00:00Z,0
2017-02-11T22:00:00Z,0
2017-02-11T23:00:00Z,0
2017-02-12T00:00:00Z,0
2017-02-12T01:00:00Z,0
2017-02-12T02:00:00Z,0
2017-02-12T03:00:00Z,0
2017-02-12T04:00:00Z,0
2017-02-12T05:00:00Z,0
2017-02-12T06:00:00Z,0
2017-02-12T07:00:00Z,0
2017-02-12T08:00:00Z,0
2017-02-12T09:00:00Z,0
2017-02-12T10:00:00Z,0
2017-02-12T11:00:00Z,0
2017-02-12T12:00:00Z,0
2017-02-12T13:00:00Z,0
2017-02-12T14:00:00Z,0
2017-02-12T15:00:00Z,0
2017-02-12T16:00:00Z,1.152000069618225
2017-02-12T17:00:00Z,2.30400013923645
2017-02-12T18:00:00Z,3.4560000896453857
2017-02-12T19:00:00Z,2.30400013923645
2017-02-12T20:00:00Z,1.152000069618225
2017-02-12T21:00:00Z,0
2017-02-12T22:00:00Z,0
2017-02-12T23:00:00Z,0
2017-02-13T00:00:00Z,0
2017-02-13T01:00:00Z,0
2017-02-13T02:00:00Z,0
2017-02-13T03:00:00Z,0
2017-02-13T04:00:00Z,0.9920000433921814
2017-02-13T05:00:00Z,1.9840000867843628
2017-02-13T06:00:00Z,2.9760000705718994
2017-02-13T07:00:00Z,1.9840000867843628
2017-02-13T08:00:00Z,0.9920000433921814
2017-02-13T09:00:00Z,0
2017-02-13T10:00:00Z,0
2017-02-13T11:00:00Z,0
2017-02-13T12:00:00Z,0
2017-02-13T13:00:00Z,6.672000408172607
2017-02-13T14:00:00Z,13.328001022338867
2017-02-13T15:00:00Z,20
2017-02-13T16:00:00Z,13.344000816345215
2017-02-13T17:00:00Z,6.656000137329102
2017-02-13T18:00:00Z,0
2017-02-13T19:00:00Z,0
2017-02-13T20:00:00Z,0
2017-02-13T21:00:00Z,0
2017-02-13T22:00:00Z,0
2017-02-13T23:00:00Z,0
2017-02-14T00:00:00Z,0
2017-02-14T01:00:00Z,0
2017-02-14T02:00:00Z,0
2017-02-14T03:00:00Z,0
2017-02-14T04:00:00Z,0
2017-02-14T05:00:00Z,0
2017-02-14T06:00:00Z,0
2017-02-14T07:00:00Z,0
2017-02-14T08:00:00Z,0
2017-02-14T09:00:00Z,0
2017-02-14T10:00:00Z,0
2017-02-14T11:00:00Z,0
2017-02-14T12:00:00Z,0
2017-02-14T13:00:00Z,0
2017-02-14T14:00:00Z,0
2017-02-14T15:00:00Z,0
2017-02-14T16:00:00Z,0
2017-02-14T17:00:00Z,0
2017-02-14T18:00:00Z,0
2017-02-14T19:00:00Z,0
2017-02-14T20:00:00Z,0
2017-02-14T21:00:00Z,0
2017-02-14T22:00:00Z,0
2017-02-14T23:00:00Z,0
2017-02-15T00:00:00Z,0
2017-02-15T01:00:00Z,0
2017-02-15T02:00:00Z,0
2017-02-15T03:00:00Z,0
2017-02-15T04:00:00Z,0
2017-02-15T05:00:00Z,0
2017-02-15T06:00:00Z,0
2017-02-15T07:00:00Z,0
2017-02-15T08:00:00Z,0
2017-02-15T09:00:00Z,0
2017-02-15T10:00:00Z,0
2017-02-15T11:00:00Z,0
2017-02-15T12:00:00Z,0
2017-02-15T13:00:00Z,7.824000358581543
2017-02-15T14:00:00Z,15.648000717163086
2017-02-15T15:00:00Z,23.45600128173828
2017-02-15T16:00:00Z,29.792001724243164
2017-02-15T17:00:00Z,36.09600067138672
2017-02-15T18:00:00Z,42.432003021240234
2017-02-15T19:00:00Z,28.288002014160156
2017-02-15T20:00:00Z,14.144001007080078
2017-02-15T21:00:00Z,0
2017-02-15T22:00:00Z,0
2017-02-15T23:00:00Z,0
2017-02-16T00:00:00Z,0
2017-02-16T01:00:00Z,0
2017-02-16T02:00:00Z,0
2017-02-16T03:00:00Z,0
2017-02-16T04:00:00Z,0
2017-02-16T05:00:00Z,0
2017-02-16T06:00:00Z,0
2017-02-16T07:00:00Z,0
2017-02-16T08:00:00Z,0
2017-02-16T09:00:00Z,0
2017-02-16T10:00:00Z,0
2017-02-16T11:00:00Z,0
2017-02-16T12:00:00Z,0
2017-02-16T13:00:00Z,0
2017-02-16T14:00:00Z,0
2017-02-16T15:00:00Z,0
2017-02-16T16:00:00Z,0
2017-02-16T17:00:00Z,0
2017-02-16T18:00:00Z,0
2017-02-16T19:00:00Z,0
2017-02-16T20:00:00Z,0
2017-02-16T21:00:00Z,0
2017-02-16T22:00:00Z,0
2017-02-16T23:00:00Z,0
2017-02-17T00:00:00Z,0
2017-02-17T01:00:00Z,0
2017-02-17T02:00:00Z,0
2017-02-17T03:00:00Z,0
2017-02-17T04:00:00Z,0
2017-02-17T05:00:00Z,0
2017-02-17T06:00:00Z,0
2017-02-17T07:00:00Z,0
2017-02-17T08:00:00Z,0
2017-02-17T09:00:00Z,0
2017-02-17T10:00:00Z,0
2017-02-17T11:00:00Z,0
2017-02-17T12:00:00Z,0
2017-02-17T13:00:00Z,0
2017-02-17T14:00:00Z,0
2017-02-17T15:00:00Z,0
2017-02-17T16:00:00Z,0
2017-02-17T17:00:00Z,0
2017-02-17T18:00:00Z,0
2017-02-17T19:00:00Z,0
2017-02-17T20:00:00Z,0
2017-02-17T21:00:00Z,0
2017-02-17T22:00:00Z,0
2017-02-17T23:00:00Z,0
2017-02-18T00:00:00Z,0
2017-02-18T01:00:00Z,0
2017-02-18T02:00:00Z,0
2017-02-18T03:00:00Z,0
2017-02-18T04:00:00Z,0
2017-02-18T05:00:00Z,0
2017-02-18T06:00:00Z,0
2017-02-18T07:00:00Z,0
2017-02-18T08:00:00Z,0
2017-02-18T09:00:00Z,0
2017-02-18T10:00:00Z,0
2017-02-18T11:00:00Z,0
2017-02-18T12:00:00Z,0
2017-02-18T13:00:00Z,0
2017-02-18T14:00:00Z,0
2017-02-18T15:00:00Z,0
2017-02-18T16:00:00Z,0
2017-02-18T17:00:00Z,0
2017-02-18T18:00:00Z,0
2017-02-18T19:00:00Z,0
2017-02-18T20:00:00Z,0
2017-02-18T21:00:00Z,0
2017-02-18T22:00:00Z,0
2017-02-18T23:00:00Z,0
2017-02-19T00:00:00Z,0
2017-02-19T01:00:00Z,0
2017-02-19T02:00:00Z,0
2017-02-19T03:00:00Z,0
2017-02-19T04:00:00Z,0
2017-02-19T05:00:00Z,0
2017-02-19T06:00:00Z,0
2017-02-19T07:00:00Z,0
2017-02-19T08:00:00Z,0
2017-02-19T09:00:00Z,0
2017-02-19T10:00:00Z,0
2017-02-19T11:00:00Z,0
2017-02-19T12:00:00Z,0
2017-02-19T13:00:00Z,0
2017-02-19T14:00:00Z,0
2017-02-19T15:00:00Z,0
2017-02-19T16:00:00Z,0
2017-02-19T17:00:00Z,0
2017-02-19T18:00:00Z,0
2017-02-19T19:00:00Z,0
2017-02-19T20:00:00Z,0
2017-02-19T21:00:00Z,0
2017-02-19T22:00:00Z,0
2017-02-19T23:00:00Z,0
2017-02-20T00:00:00Z,0
2017-02-20T01:00:00Z,0
2017-02-20T02:00:00Z,0
2017-02-20T03:00:00Z,0
2017-02-20T04:00:00Z,0
2017-02-20T05:00:00Z,0
2017-02-20T06:00:00Z,0
2017-02-20T07:00:00Z,0
2017-02-20T08:00:00Z,0
2017-02-20T09:00:00Z,0
2017-02-20T10:00:00Z,0
2017-02-20T11:00:00Z,0
2017-02-20T12:00:00Z,0
2017-02-20T13:00:00Z,0
2017-02-20T14:00:00Z,0
2017-02-20T15:00:00Z,0
2017-02-20T16:00:00Z,0
2017-02-20T17:00:00Z,0
2017-02-20T18:00:00Z,0
2017-02-20T19:00:00Z,0
2017-02-20T20:00:00Z,0
2017-02-20T21:00:00Z,0
2017-02-20T22:00:00Z,0
2017-02-20T23:00:00Z,0
2017-02-21T00:00:00Z,0
2017-02-21T01:00:00Z,0
2017-02-21T02:00:00Z,0
2017-02-21T03:00:00Z,0
2017-02-21T04:00:00Z,0
2017-02-21T05:00:00Z,0
2017-02-21T06:00:00Z,0
2017-02-21T07:00:00Z,0
2017-02-21T08:00:00Z,0
2017-02-21T09:00:00Z,0
2017-02-21T10:00:00Z,0
2017-02-21T11:00:00Z,0
2017-02-21T12:00:00Z,0
2017-02-21T13:00:00Z,0
2017-02-21T14:00:00Z,0
2017-02-21T15:00:00Z,0
2017-02-21T16:00:00Z,0
2017-02-21T17:00:00Z,0
2017-02-21T18:00:00Z,0
2017-02-21T19:00:00Z,0
2017-02-21T20:00:00Z,0
2017-02-21T21:00:00Z,0
2017-02-21T22:00:00Z,0
2017-02-21T23:00:00Z,0
2017-02-22T00:00:00Z,0
2017-02-22T01:00:00Z,0
2017-02-22T02:00:00Z,0
2017-02-22T03:00:00Z,0
2017-02-22T04:00:00Z,0
2017-02-22T05:00:00Z,0
2017-02-22T06:00:00Z,0
2017-02-22T07:00:00Z,0
2017-02-22T08:00:00Z,0
2017-02-22T09:00:00Z,0
2017-02-22T10:00:00Z,0
2017-02-22T11:00:00Z,0
2017-02-22T12:00:00Z,0
2017-02-22T13:00:00Z,0
2017-02-22T14:00:00Z,0
2017-02-22T15:00:00Z,0
2017-02-22T16:00:00Z,0
2017-02-22T17:00:00Z,0
2017-02-22T18:00:00Z,0
2017-02-22T19:00:00Z,0
2017-02-22T20:00:00Z,0
2017-02-22T21:00:00Z,0
2017-02-22T22:00:00Z,0
2017-02-22T23:00:00Z,0
2017-02-23T00:00:00Z,0
2017-02-23T01:00:00Z,0
2017-02-23T02:00:00Z,0
2017-02-23T03:00:00Z,0
2017-02-23T04:00:00Z,0
2017-02-23T05:00:00Z,0
2017-02-23T06:00:00Z,0
2017-02-23T07:00:00Z,0
2017-02-23T08:00:00Z,0
2017-02-23T09:00:00Z,0
2017-02-23T10:00:00Z,0
2017-02-23T11:00:00Z,0
2017-02-23T12:00:00Z,0
2017-02-23T13:00:00Z,0
2017-02-23T14:00:00Z,0
2017-02-23T15:00:00Z,0
2017-02-23T16:00:00Z,0
2017-02-23T17:00:00Z,0
2017-02-23T18:00:00Z,0
2017-02-23T19:00:00Z,21.600000381469727
2017-02-23T20:00:00Z,43.16800308227539
2017-02-23T21:00:00Z,64.76800537109375
2017-02-23T22:00:00Z,122.30400848388672
2017-02-23T23:00:00Z,179.80801391601563
2017-02-24T00:00:00Z,237.34400939941406
2017-02-24T01:00:00Z,323.0400085449219
2017-02-24T02:00:00Z,408.7040100097656
2017-02-24T03:00:00Z,494.4000244140625
2017-02-24T04:00:00Z,489.20001220703125
2017-02-24T05:00:00Z,484.0160217285156
2017-02-24T06:00:00Z,478.8160095214844
2017-02-24T07:00:00Z,429.3440246582031
2017-02-24T08:00:00Z,379.87200927734375
2017-02-24T09:00:00Z,330.4000244140625
2017-02-24T10:00:00Z,259.0880126953125
2017-02-24T11:00:00Z,187.77601623535156
2017-02-24T12:00:00Z,116.4800033569336
2017-02-24T13:00:00Z,85.13600158691406
2017-02-24T14:00:00Z,53.7760009765625
2017-02-24T15:00:00Z,22.4320011138916
2017-02-24T16:00:00Z,215.05601501464844
2017-02-24T17:00:00Z,407.6800231933594
2017-02-24T18:00:00Z,600.32000732421875
2017-02-24T19:00:00Z,676.1600341796875
2017-02-24T20:00:00Z,752.03204345703125
2017-02-24T21:00:00Z,827.904052734375
2017-02-24T22:00:00Z,662.75201416015625
2017-02-24T23:00:00Z,497.60003662109375
2017-02-25T00:00:00Z,332.416015625
2017-02-25T01:00:00Z,255.13601684570313
2017-02-25T02:00:00Z,177.8560028076172
2017-02-25T03:00:00Z,100.57600402832031
2017-02-25T04:00:00Z,111.07200622558594
2017-02-25T05:00:00Z,121.56800842285156
2017-02-25T06:00:00Z,132.0640106201172
2017-02-25T07:00:00Z,148.864013671875
2017-02-25T08:00:00Z,165.66400146484375
2017-02-25T09:00:00Z,182.49600219726563
2017-02-25T10:00:00Z,129.3280029296875
2017-02-25T11:00:00Z,76.14400482177734
2017-02-25T12:00:00Z,22.976001739501953
2017-02-25T13:00:00Z,23.968000411987305
2017-02-25T14:00:00Z,24.96000099182129
2017-02-25T15:00:00Z,25.952001571655273
2017-02-25T16:00:00Z,140.94400024414063
2017-02-25T17:00:00Z,255.93600463867188
2017-02-25T18:00:00Z,370.9120178222656
2017-02-25T19:00:00Z,326.30401611328125
2017-02-25T20:00:00Z,281.66400146484375
2017-02-25T21:00:00Z,237.05601501464844
2017-02-25T22:00:00Z,236.0640106201172
2017-02-25T23:00:00Z,235.07200622558594
2017-02-26T00:00:00Z,234.08001708984375
2017-02-26T01:00:00Z,163.5360107421875
2017-02-26T02:00:00Z,92.97600555419922
2017-02-26T03:00:00Z,22.4320011138916
2017-02-26T04:00:00Z,22.784000396728516
2017-02-26T05:00:00Z,23.1200008392334
2017-02-26T06:00:00Z,23.45600128173828
2017-02-26T07:00:00Z,15.648000717163086
2017-02-26T08:00:00Z,7.824000358581543
2017-02-26T09:00:00Z,0
2017-02-26T10:00:00Z,0
2017-02-26T11:00:00Z,0
2017-02-26T12:00:00Z,0
2017-02-26T13:00:00Z,0
2017-02-26T14:00:00Z,0
2017-02-26T15:00:00Z,0
2017-02-26T16:00:00Z,0
2017-02-26T17:00:00Z,0
2017-02-26T18:00:00Z,0
2017-02-26T19:00:00Z,0
2017-02-26T20:00:00Z,0
2017-02-26T21:00:00Z,0
2017-02-26T22:00:00Z,0
2017-02-26T23:00:00Z,0
2017-02-27T00:00:00Z,0
2017-02-27T01:00:00Z,0
2017-02-27T02:00:00Z,0
2017-02-27T03:00:00Z,0
2017-02-27T04:00:00Z,0
2017-02-27T05:00:00Z,0
2017-02-27T06:00:00Z,0
2017-02-27T07:00:00Z,0
2017-02-27T08:00:00Z,0
2017-02-27T09:00:00Z,0
2017-02-27T10:00:00Z,0
2017-02-27T11:00:00Z,0
2017-02-27T12:00:00Z,0
2017-02-27T13:00:00Z,0
2017-02-27T14:00:00Z,0
2017-02-27T15:00:00Z,0
2017-02-27T16:00:00Z,0
2017-02-27T17:00:00Z,0
2017-02-27T18:00:00Z,0
2017-02-27T19:00:00Z,0
2017-02-27T20:00:00Z,0
2017-02-27T21:00:00Z,0
2017-02-27T22:00:00Z,0
2017-02-27T23:00:00Z,0
2017-02-28T00:00:00Z,0
2017-02-28T01:00:00Z,0
2017-02-28T02:00:00Z,0
2017-02-28T03:00:00Z,0
2017-02-28T04:00:00Z,0
2017-02-28T05:00:00Z,0
2017-02-28T06:00:00Z,0
2017-02-28T07:00:00Z,0
2017-02-28T08:00:00Z,0
2017-02-28T09:00:00Z,0
2017-02-28T10:00:00Z,0
2017-02-28T11:00:00Z,0
2017-02-28T12:00:00Z,0
2017-02-28T13:00:00Z,0
2017-02-28T14:00:00Z,0
2017-02-28T15:00:00Z,0
2017-02-28T16:00:00Z,0
2017-02-28T17:00:00Z,0
2017-02-28T18:00:00Z,0
2017-02-28T19:00:00Z,0
2017-02-28T20:00:00Z,0
2017-02-28T21:00:00Z,0
2017-02-28T22:00:00Z,0
2017-02-28T23:00:00Z,0
2017-03-01T00:00:00Z,0
2017-03-01T01:00:00Z,0
2017-03-01T02:00:00Z,0
2017-03-01T03:00:00Z,0
2017-03-01T04:00:00Z,0
2017-03-01T05:00:00Z,0
2017-03-01T06:00:00Z,0
2017-03-01T07:00:00Z,0
2017-03-01T08:00:00Z,0
2017-03-01T09:00:00Z,0
2017-03-01T10:00:00Z,0
2017-03-01T11:00:00Z,0
2017-03-01T12:00:00Z,0
2017-03-01T13:00:00Z,9.53600025177002
2017-03-01T14:00:00Z,19.104000091552734
2017-03-01T15:00:00Z,28.64000129699707
2017-03-01T16:00:00Z,22.09600067138672
2017-03-01T17:00:00Z,15.520000457763672
2017-03-01T18:00:00Z,8.960000038146973
2017-03-01T19:00:00Z,159.20001220703125
2017-03-01T20:00:00Z,309.40802001953125
2017-03-01T21:00:00Z,459.64801025390625
2017-03-01T22:00:00Z,313.1200256347656
2017-03-01T23:00:00Z,166.62400817871094
2017-03-02T00:00:00Z,20.09600067138672
2017-03-02T01:00:00Z,34.944000244140625
2017-03-02T02:00:00Z,49.7920036315918
2017-03-02T03:00:00Z,64.63999938964844
2017-03-02T04:00:00Z,43.74400329589844
2017-03-02T05:00:00Z,22.84800148010254
2017-03-02T06:00:00Z,1.9520001411437988
2017-03-02T07:00:00Z,32.560001373291016
2017-03-02T08:00:00Z,63.16800308227539
2017-03-02T09:00:00Z,93.79200744628906
2017-03-02T10:00:00Z,75.824005126953125
2017-03-02T11:00:00Z,57.85600280761719
2017-03-02T12:00:00Z,39.90400314331055
2017-03-02T13:00:00Z,27.408000946044922
2017-03-02T14:00:00Z,14.91200065612793
2017-03-02T15:00:00Z,2.432000160217285
2017-03-02T16:00:00Z,1.6320000886917114
2017-03-02T17:00:00Z,0.800000011920929
2017-03-02T18:00:00Z,0
2017-03-02T19:00:00Z,0
2017-03-02T20:00:00Z,0
2017-03-02T21:00:00Z,0
2017-03-02T22:00:00Z,0
2017-03-02T23:00:00Z,0
2017-03-03T00:00:00Z,0
2017-03-03T01:00:00Z,0
2017-03-03T02:00:00Z,0
2017-03-03T03:00:00Z,0
2017-03-03T04:00:00Z,0
2017-03-03T05:00:00Z,0
2017-03-03T06:00:00Z,0
2017-03-03T07:00:00Z,0
2017-03-03T08:00:00Z,0
2017-03-03T09:00:00Z,0
2017-03-03T10:00:00Z,0
2017-03-03T11:00:00Z,0
2017-03-03T12:00:00Z,0
2017-03-03T13:00:00Z,0
2017-03-03T14:00:00Z,0
2017-03-03T15:00:00Z,0
2017-03-03T16:00:00Z,2.1760001182556152
2017-03-03T17:00:00Z,4.3520002365112305
2017-03-03T18:00:00Z,6.528000354766846
2017-03-03T19:00:00Z,13.040000915527344
2017-03-03T20:00:00Z,19.552000045776367
2017-03-03T21:00:00Z,26.04800033569336
2017-03-03T22:00:00Z,17.376001358032227
2017-03-03T23:00:00Z,8.688000679016113
2017-03-04T00:00:00Z,0
2017-03-04T01:00:00Z,0
2017-03-04T02:00:00Z,0
2017-03-04T03:00:00Z,0
2017-03-04T04:00:00Z,0
2017-03-04T05:00:00Z,0
2017-03-04T06:00:00Z,0
2017-03-04T07:00:00Z,0
2017-03-04T08:00:00Z,0
2017-03-04T09:00:00Z,0
2017-03-04T10:00:00Z,0
2017-03-04T11:00:00Z,0
2017-03-04T12:00:00Z,0
2017-03-04T13:00:00Z,3.328000068664551
2017-03-04T14:00:00Z,6.672000408172607
2017-03-04T15:00:00Z,10
2017-03-04T16:00:00Z,6.672000408172607
2017-03-04T17:00:00Z,3.328000068664551
2017-03-04T18:00:00Z,0
2017-03-04T19:00:00Z,0
2017-03-04T20:00:00Z,0
2017-03-04T21:00:00Z,0
2017-03-04T22:00:00Z,0
2017-03-04T23:00:00Z,0
2017-03-05T00:00:00Z,0
2017-03-05T01:00:00Z,0
2017-03-05T02:00:00Z,0
2017-03-05T03:00:00Z,0
2017-03-05T04:00:00Z,0
2017-03-05T05:00:00Z,0
2017-03-05T06:00:00Z,0
2017-03-05T07:00:00Z,0
2017-03-05T08:00:00Z,0
2017-03-05T09:00:00Z,0
2017-03-05T10:00:00Z,0
2017-03-05T11:00:00Z,0
2017-03-05T12:00:00Z,0
2017-03-05T13:00:00Z,0
2017-03-05T14:00:00Z,0
2017-03-05T15:00:00Z,0
2017-03-05T16:00:00Z,0
2017-03-05T17:00:00Z,0
2017-03-05T18:00:00Z,0
2017-03-05T19:00:00Z,0
2017-03-05T20:00:00Z,0
2017-03-05T21:00:00Z,0
2017-03-05T22:00:00Z,0
2017-03-05T23:00:00Z,0
2017-03-06T00:00:00Z,0
2017-03-06T01:00:00Z,0
2017-03-06T02:00:00Z,0
2017-03-06T03:00:00Z,0
2017-03-06T04:00:00Z,0
2017-03-06T05:00:00Z,0
2017-03-06T06:00:00Z,0
2017-03-06T07:00:00Z,0
2017-03-06T08:00:00Z,0
2017-03-06T09:00:00Z,0
2017-03-06T10:00:00Z,0
2017-03-06T11:00:00Z,0
2017-03-06T12:00:00Z,0
2017-03-06T13:00:00Z,0
2017-03-06T14:00:00Z,0
2017-03-06T15:00:00Z,0
2017-03-06T16:00:00Z,0
2017-03-06T17:00:00Z,0
2017-03-06T18:00:00Z,0
2017-03-06T19:00:00Z,0
2017-03-06T20:00:00Z,0
2017-03-06T21:00:00Z,0
2017-03-06T22:00:00Z,0
2017-03-06T23:00:00Z,0
2017-03-07T00:00:00Z,0
2017-03-07T01:00:00Z,0
2017-03-07T02:00:00Z,0
2017-03-07T03:00:00Z,0
2017-03-07T04:00:00Z,0
2017-03-07T05:00:00Z,0
2017-03-07T06:00:00Z,0
2017-03-07T07:00:00Z,0
2017-03-07T08:00:00Z,0
2017-03-07T09:00:00Z,0
2017-03-07T10:00:00Z,0
2017-03-07T11:00:00Z,0
2017-03-07T12:00:00Z,0
2017-03-07T13:00:00Z,0
2017-03-07T14:00:00Z,0
2017-03-07T15:00:00Z,0
2017-03-07T16:00:00Z,0
2017-03-07T17:00:00Z,0
2017-03-07T18:00:00Z,0
2017-03-07T19:00:00Z,0
2017-03-07T20:00:00Z,0
2017-03-07T21:00:00Z,0
2017-03-07T22:00:00Z,0
2017-03-07T23:00:00Z,0
2017-03-08T00:00:00Z,0
2017-03-08T01:00:00Z,0
2017-03-08T02:00:00Z,0
2017-03-08T03:00:00Z,0
2017-03-08T04:00:00Z,0
2017-03-08T05:00:00Z,0
2017-03-08T06:00:00Z,0
2017-03-08T07:00:00Z,3.200000047683716
2017-03-08T08:00:00Z,6.336000442504883
2017-03-08T09:00:00Z,9.504000663757324
2017-03-08T10:00:00Z,10.496000289916992
2017-03-08T11:00:00Z,11.456000328063965
2017-03-08T12:00:00Z,12.416000366210938
2017-03-08T13:00:00Z,14.592000961303711
2017-03-08T14:00:00Z,16.736000061035156
2017-03-08T15:00:00Z,18.880001068115234
2017-03-08T16:00:00Z,33.18400192260742
2017-03-08T17:00:00Z,47.52000045776367
2017-03-08T18:00:00Z,61.85600280761719
2017-03-08T19:00:00Z,55.90400314331055
2017-03-08T20:00:00Z,49.952003479003906
2017-03-08T21:00:00Z,44.000003814697266
2017-03-08T22:00:00Z,32.480003356933594
2017-03-08T23:00:00Z,20.928001403808594
2017-03-09T00:00:00Z,9.407999992370605
2017-03-09T01:00:00Z,9.600000381469727
2017-03-09T02:00:00Z,9.792000770568848
2017-03-09T03:00:00Z,10.016000747680664
2017-03-09T04:00:00Z,6.656000137329102
2017-03-09T05:00:00Z,3.328000068664551
2017-03-09T06:00:00Z,0
2017-03-09T07:00:00Z,0
2017-03-09T08:00:00Z,0
2017-03-09T09:00:00Z,0
2017-03-09T10:00:00Z,0
2017-03-09T11:00:00Z,0
2017-03-09T12:00:00Z,0
2017-03-09T13:00:00Z,0
2017-03-09T14:00:00Z,0
2017-03-09T15:00:00Z,0
2017-03-09T16:00:00Z,0
2017-03-09T17:00:00Z,0
2017-03-09T18:00:00Z,0
2017-03-09T19:00:00Z,0
2017-03-09T20:00:00Z,0
2017-03-09T21:00:00Z,0
2017-03-09T22:00:00Z,0
2017-03-09T23:00:00Z,0
2017-03-10T00:00:00Z,0
2017-03-10T01:00:00Z,0
2017-03-10T02:00:00Z,0
2017-03-10T03:00:00Z,0
2017-03-10T04:00:00Z,0
2017-03-10T05:00:00Z,0
2017-03-10T06:00:00Z,0
2017-03-10T07:00:00Z,0
2017-03-10T08:00:00Z,0
2017-03-10T09:00:00Z,0
2017-03-10T10:00:00Z,0
2017-03-10T11:00:00Z,0
2017-03-10T12:00:00Z,0
2017-03-10T13:00:00Z,12.160000801086426
2017-03-10T14:00:00Z,24.288002014160156
2017-03-10T15:00:00Z,36.448001861572266
2017-03-10T16:00:00Z,33.952003479003906
2017-03-10T17:00:00Z,31.45600128173828
2017-03-10T18:00:00Z,28.992000579833984
2017-03-10T19:00:00Z,25.98400115966797
2017-03-10T20:00:00Z,22.976001739501953
2017-03-10T21:00:00Z,20.032001495361328
2017-03-10T22:00:00Z,13.696001052856445
2017-03-10T23:00:00Z,7.360000133514404
2017-03-11T00:00:00Z,1.0240000486373901
2017-03-11T01:00:00Z,4.992000102996826
2017-03-11T02:00:00Z,8.992000579833984
2017-03-11T03:00:00Z,12.960000991821289
2017-03-11T04:00:00Z,13.792000770568848
2017-03-11T05:00:00Z,14.592000961303711
2017-03-11T06:00:00Z,15.42400074005127
2017-03-11T07:00:00Z,10.272000312805176
2017-03-11T08:00:00Z,5.152000427246094
2017-03-11T09:00:00Z,0
2017-03-11T10:00:00Z,0
2017-03-11T11:00:00Z,0
2017-03-11T12:00:00Z,0
2017-03-11T13:00:00Z,12.512001037597656
2017-03-11T14:00:00Z,25.056001663208008
2017-03-11T15:00:00Z,37.56800079345703
2017-03-11T16:00:00Z,39.36000061035156
2017-03-11T17:00:00Z,41.18400192260742
2017-03-11T18:00:00Z,42.97600173950195
2017-03-11T19:00:00Z,40.19200134277344
2017-03-11T20:00:00Z,37.37600326538086
2017-03-11T21:00:00Z,34.592002868652344
2017-03-11T22:00:00Z,26.400001525878906
2017-03-11T23:00:00Z,18.20800018310547
2017-03-12T00:00:00Z,10.016000747680664
2017-03-12T01:00:00Z,7.808000564575195
2017-03-12T02:00:00Z,5.63200044631958
2017-03-12T03:00:00Z,3.4560000896453857
2017-03-12T04:00:00Z,2.30400013923645
2017-03-12T05:00:00Z,1.152000069618225
2017-03-12T06:00:00Z,0
2017-03-12T07:00:00Z,0
2017-03-12T08:00:00Z,0
2017-03-12T09:00:00Z,0
2017-03-12T10:00:00Z,0
2017-03-12T11:00:00Z,0
2017-03-12T12:00:00Z,0
2017-03-12T13:00:00Z,0
2017-03-12T14:00:00Z,0
2017-03-12T15:00:00Z,0
2017-03-12T16:00:00Z,0
2017-03-12T17:00:00Z,0
2017-03-12T18:00:00Z,0
2017-03-12T19:00:00Z,0
2017-03-12T20:00:00Z,0
2017-03-12T21:00:00Z,0
2017-03-12T22:00:00Z,0
2017-03-12T23:00:00Z,0
2017-03-13T00:00:00Z,0
2017-03-13T01:00:00Z,0
2017-03-13T02:00:00Z,0
2017-03-13T03:00:00Z,0
2017-03-13T04:00:00Z,0
2017-03-13T05:00:00Z,0
2017-03-13T06:00:00Z,0
2017-03-13T07:00:00Z,0
2017-03-13T08:00:00Z,0
2017-03-13T09:00:00Z,0
2017-03-13T10:00:00Z,0
2017-03-13T11:00:00Z,0
2017-03-13T12:00:00Z,0
2017-03-13T13:00:00Z,0
2017-03-13T14:00:00Z,0
2017-03-13T15:00:00Z,0
2017-03-13T16:00:00Z,0
2017-03-13T17:00:00Z,0
2017-03-13T18:00:00Z,0
2017-03-13T19:00:00Z,0
2017-03-13T20:00:00Z,0
2017-03-13T21:00:00Z,0
2017-03-13T22:00:00Z,0
2017-03-13T23:00:00Z,0
2017-03-14T00:00:00Z,0
2017-03-14T01:00:00Z,0
2017-03-14T02:00:00Z,0
2017-03-14T03:00:00Z,0
2017-03-14T04:00:00Z,0
2017-03-14T05:00:00Z,0
2017-03-14T06:00:00Z,0
2017-03-14T07:00:00Z,0
2017-03-14T08:00:00Z,0
2017-03-14T09:00:00Z,0
2017-03-14T10:00:00Z,0
2017-03-14T11:00:00Z,0
2017-03-14T12:00:00Z,0
2017-03-14T13:00:00Z,0
2017-03-14T14:00:00Z,0
2017-03-14T15:00:00Z,0
2017-03-14T16:00:00Z,0
2017-03-14T17:00:00Z,0
2017-03-14T18:00:00Z,0
2017-03-14T19:00:00Z,0
2017-03-14T20:00:00Z,0
2017-03-14T21:00:00Z,0
2017-03-14T22:00:00Z,0
2017-03-14T23:00:00Z,0
2017-03-15T00:00:00Z,0
2017-03-15T01:00:00Z,0
2017-03-15T02:00:00Z,0
2017-03-15T03:00:00Z,0
2017-03-15T04:00:00Z,0
2017-03-15T05:00:00Z,0
2017-03-15T06:00:00Z,0
2017-03-15T07:00:00Z,0
2017-03-15T08:00:00Z,0
2017-03-15T09:00:00Z,0
2017-03-15T10:00:00Z,0
2017-03-15T11:00:00Z,0
2017-03-15T12:00:00Z,0
2017-03-15T13:00:00Z,0
2017-03-15T14:00:00Z,0
2017-03-15T15:00:00Z,0
2017-03-15T16:00:00Z,9.664000511169434
2017-03-15T17:00:00Z,19.296001434326172
2017-03-15T18:00:00Z,28.96000099182129
2017-03-15T19:00:00Z,29.312002182006836
2017-03-15T20:00:00Z,29.66400146484375
2017-03-15T21:00:00Z,30.016000747680664
2017-03-15T22:00:00Z,20
2017-03-15T23:00:00Z,10.016000747680664
2017-03-16T00:00:00Z,0
2017-03-16T01:00:00Z,0
2017-03-16T02:00:00Z,0
2017-03-16T03:00:00Z,0
2017-03-16T04:00:00Z,0
2017-03-16T05:00:00Z,0
2017-03-16T06:00:00Z,0
2017-03-16T07:00:00Z,0
2017-03-16T08:00:00Z,0
2017-03-16T09:00:00Z,0
2017-03-16T10:00:00Z,0
2017-03-16T11:00:00Z,0
2017-03-16T12:00:00Z,0
2017-03-16T13:00:00Z,0
2017-03-16T14:00:00Z,0
2017-03-16T15:00:00Z,0
2017-03-16T16:00:00Z,0
2017-03-16T17:00:00Z,0
2017-03-16T18:00:00Z,0
2017-03-16T19:00:00Z,0
2017-03-16T20:00:00Z,0
2017-03-16T21:00:00Z,0
2017-03-16T22:00:00Z,0
2017-03-16T23:00:00Z,0
2017-03-17T00:00:00Z,0
2017-03-17T01:00:00Z,0
2017-03-17T02:00:00Z,0
2017-03-17T03:00:00Z,0
2017-03-17T04:00:00Z,0
2017-03-17T05:00:00Z,0
2017-03-17T06:00:00Z,0
2017-03-17T07:00:00Z,0
2017-03-17T08:00:00Z,0
2017-03-17T09:00:00Z,0
2017-03-17T10:00:00Z,0
2017-03-17T11:00:00Z,0
2017-03-17T12:00:00Z,0
2017-03-17T13:00:00Z,0
2017-03-17T14:00:00Z,0
2017-03-17T15:00:00Z,0
2017-03-17T16:00:00Z,0
2017-03-17T17:00:00Z,0
2017-03-17T18:00:00Z,0
2017-03-17T19:00:00Z,0
2017-03-17T20:00:00Z,0
2017-03-17T21:00:00Z,0
2017-03-17T22:00:00Z,0
2017-03-17T23:00:00Z,0
2017-03-18T00:00:00Z,0
2017-03-18T01:00:00Z,0
2017-03-18T02:00:00Z,0
2017-03-18T03:00:00Z,0
2017-03-18T04:00:00Z,0
2017-03-18T05:00:00Z,0
2017-03-18T06:00:00Z,0
2017-03-18T07:00:00Z,0
2017-03-18T08:00:00Z,0
2017-03-18T09:00:00Z,0
2017-03-18T10:00:00Z,0
2017-03-18T11:00:00Z,0
2017-03-18T12:00:00Z,0
2017-03-18T13:00:00Z,0
2017-03-18T14:00:00Z,0
2017-03-18T15:00:00Z,0
2017-03-18T16:00:00Z,0
2017-03-18T17:00:00Z,0
2017-03-18T18:00:00Z,0
2017-03-18T19:00:00Z,0
2017-03-18T20:00:00Z,0
2017-03-18T21:00:00Z,0
2017-03-18T22:00:00Z,0
2017-03-18T23:00:00Z,0
2017-03-19T00:00:00Z,0
2017-03-19T01:00:00Z,0
2017-03-19T02:00:00Z,0
2017-03-19T03:00:00Z,0
2017-03-19T04:00:00Z,0
2017-03-19T05:00:00Z,0
2017-03-19T06:00:00Z,0
2017-03-19T07:00:00Z,0
2017-03-19T08:00:00Z,0
2017-03-19T09:00:00Z,0
2017-03-19T10:00:00Z,0
2017-03-19T11:00:00Z,0
2017-03-19T12:00:00Z,0
2017-03-19T13:00:00Z,0
2017-03-19T14:00:00Z,0
2017-03-19T15:00:00Z,0
2017-03-19T16:00:00Z,0
2017-03-19T17:00:00Z,0
2017-03-19T18:00:00Z,0
2017-03-19T19:00:00Z,0
2017-03-19T20:00:00Z,0
2017-03-19T21:00:00Z,0
2017-03-19T22:00:00Z,0
2017-03-19T23:00:00Z,0
2017-03-20T00:00:00Z,0
2017-03-20T01:00:00Z,0
2017-03-20T02:00:00Z,0
2017-03-20T03:00:00Z,0
2017-03-20T04:00:00Z,0
2017-03-20T05:00:00Z,0
2017-03-20T06:00:00Z,0
2017-03-20T07:00:00Z,0
2017-03-20T08:00:00Z,0
2017-03-20T09:00:00Z,0
2017-03-20T10:00:00Z,0
2017-03-20T11:00:00Z,0
2017-03-20T12:00:00Z,0
2017-03-20T13:00:00Z,0
2017-03-20T14:00:00Z,0
2017-03-20T15:00:00Z,0
2017-03-20T16:00:00Z,0
2017-03-20T17:00:00Z,0
2017-03-20T18:00:00Z,0
2017-03-20T19:00:00Z,0
2017-03-20T20:00:00Z,0
2017-03-20T21:00:00Z,0
2017-03-20T22:00:00Z,0
2017-03-20T23:00:00Z,0
2017-03-21T00:00:00Z,0
2017-03-21T01:00:00Z,0
2017-03-21T02:00:00Z,0
2017-03-21T03:00:00Z,0
2017-03-21T04:00:00Z,0
2017-03-21T05:00:00Z,0
2017-03-21T06:00:00Z,0
2017-03-21T07:00:00Z,0
2017-03-21T08:00:00Z,0
2017-03-21T09:00:00Z,0
2017-03-21T10:00:00Z,0
2017-03-21T11:00:00Z,0
2017-03-21T12:00:00Z,0
2017-03-21T13:00:00Z,0
2017-03-21T14:00:00Z,0
2017-03-21T15:00:00Z,0
2017-03-21T16:00:00Z,0
2017-03-21T17:00:00Z,0
2017-03-21T18:00:00Z,0
2017-03-21T19:00:00Z,0
2017-03-21T20:00:00Z,0
2017-03-21T21:00:00Z,0
2017-03-21T22:00:00Z,0
2017-03-21T23:00:00Z,0
2017-03-22T00:00:00Z,0
2017-03-22T01:00:00Z,3.136000156402588
2017-03-22T02:00:00Z,6.272000312805176
2017-03-22T03:00:00Z,9.407999992370605
2017-03-22T04:00:00Z,6.272000312805176
2017-03-22T05:00:00Z,3.136000156402588
2017-03-22T06:00:00Z,0
2017-03-22T07:00:00Z,0.35200002789497375
2017-03-22T08:00:00Z,0.7040000557899475
2017-03-22T09:00:00Z,1.0240000486373901
2017-03-22T10:00:00Z,0.6880000233650208
2017-03-22T11:00:00Z,0.3360000252723694
2017-03-22T12:00:00Z,0
2017-03-22T13:00:00Z,3.872000217437744
2017-03-22T14:00:00Z,7.744000434875488
2017-03-22T15:00:00Z,11.616000175476074
2017-03-22T16:00:00Z,10.096000671386719
2017-03-22T17:00:00Z,8.576000213623047
2017-03-22T18:00:00Z,7.0400004386901855
2017-03-22T19:00:00Z,4.672000408172607
2017-03-22T20:00:00Z,2.3360002040863037
2017-03-22T21:00:00Z,0
2017-03-22T22:00:00Z,0
2017-03-22T23:00:00Z,0
2017-03-23T00:00:00Z,0
2017-03-23T01:00:00Z,0
2017-03-23T02:00:00Z,0
2017-03-23T03:00:00Z,0
2017-03-23T04:00:00Z,0
2017-03-23T05:00:00Z,0
2017-03-23T06:00:00Z,0
2017-03-23T07:00:00Z,0
2017-03-23T08:00:00Z,0
2017-03-23T09:00:00Z,0
2017-03-23T10:00:00Z,0
2017-03-23T11:00:00Z,0
2017-03-23T12:00:00Z,0
2017-03-23T13:00:00Z,0
2017-03-23T14:00:00Z,0
2017-03-23T15:00:00Z,0
2017-03-23T16:00:00Z,0
2017-03-23T17:00:00Z,0
2017-03-23T18:00:00Z,0
2017-03-23T19:00:00Z,0
2017-03-23T20:00:00Z,0
2017-03-23T21:00:00Z,0
2017-03-23T22:00:00Z,0
2017-03-23T23:00:00Z,0
2017-03-24T00:00:00Z,0
2017-03-24T01:00:00Z,0
2017-03-24T02:00:00Z,0
2017-03-24T03:00:00Z,0
2017-03-24T04:00:00Z,0
2017-03-24T05:00:00Z,0
2017-03-24T06:00:00Z,0
2017-03-24T07:00:00Z,0
2017-03-24T08:00:00Z,0
2017-03-24T09:00:00Z,0
2017-03-24T10:00:00Z,0
2017-03-24T11:00:00Z,0
2017-03-24T12:00:00Z,0
2017-03-24T13:00:00Z,0
2017-03-24T14:00:00Z,0
2017-03-24T15:00:00Z,0
2017-03-24T16:00:00Z,0
2017-03-24T17:00:00Z,0
2017-03-24T18:00:00Z,0
2017-03-24T19:00:00Z,0
2017-03-24T20:00:00Z,0
2017-03-24T21:00:00Z,0
2017-03-24T22:00:00Z,0
2017-03-24T23:00:00Z,0
2017-03-25T00:00:00Z,0
2017-03-25T01:00:00Z,0
2017-03-25T02:00:00Z,0
2017-03-25T03:00:00Z,0
2017-03-25T04:00:00Z,0
2017-03-25T05:00:00Z,0
2017-03-25T06:00:00Z,0
2017-03-25T07:00:00Z,0
2017-03-25T08:00:00Z,0
2017-03-25T09:00:00Z,0
2017-03-25T10:00:00Z,0
2017-03-25T11:00:00Z,0
2017-03-25T12:00:00Z,0
2017-03-25T13:00:00Z,0
2017-03-25T14:00:00Z,0
2017-03-25T15:00:00Z,0
2017-03-25T16:00:00Z,0.64000004529953
2017-03-25T17:00:00Z,1.312000036239624
2017-03-25T18:00:00Z,1.9520001411437988
2017-03-25T19:00:00Z,1.312000036239624
2017-03-25T20:00:00Z,0.64000004529953
2017-03-25T21:00:00Z,0
2017-03-25T22:00:00Z,0
2017-03-25T23:00:00Z,0
2017-03-26T00:00:00Z,0
2017-03-26T01:00:00Z,0
2017-03-26T02:00:00Z,0
2017-03-26T03:00:00Z,0
2017-03-26T04:00:00Z,0
2017-03-26T05:00:00Z,0
2017-03-26T06:00:00Z,0
2017-03-26T07:00:00Z,0
2017-03-26T08:00:00Z,0
2017-03-26T09:00:00Z,0
2017-03-26T10:00:00Z,0
2017-03-26T11:00:00Z,0
2017-03-26T12:00:00Z,0
2017-03-26T13:00:00Z,0
2017-03-26T14:00:00Z,0
2017-03-26T15:00:00Z,0
2017-03-26T16:00:00Z,0
2017-03-26T17:00:00Z,0
2017-03-26T18:00:00Z,0
2017-03-26T19:00:00Z,0
2017-03-26T20:00:00Z,0
2017-03-26T21:00:00Z,0
2017-03-26T22:00:00Z,0
2017-03-26T23:00:00Z,0
2017-03-27T00:00:00Z,0
2017-03-27T01:00:00Z,0
2017-03-27T02:00:00Z,0
2017-03-27T03:00:00Z,0
2017-03-27T04:00:00Z,0
2017-03-27T05:00:00Z,0
2017-03-27T06:00:00Z,0
2017-03-27T07:00:00Z,0
2017-03-27T08:00:00Z,0
2017-03-27T09:00:00Z,0
2017-03-27T10:00:00Z,0
2017-03-27T11:00:00Z,0
2017-03-27T12:00:00Z,0
2017-03-27T13:00:00Z,0
2017-03-27T14:00:00Z,0
2017-03-27T15:00:00Z,0
2017-03-27T16:00:00Z,0
2017-03-27T17:00:00Z,0
2017-03-27T18:00:00Z,0
2017-03-27T19:00:00Z,0
2017-03-27T20:00:00Z,0
2017-03-27T21:00:00Z,0
2017-03-27T22:00:00Z,0.64000004529953
2017-03-27T23:00:00Z,1.28000009059906
2017-03-28T00:00:00Z,1.9200000762939453
2017-03-28T01:00:00Z,5.63200044631958
2017-03-28T02:00:00Z,9.344000816345215
2017-03-28T03:00:00Z,13.088000297546387
2017-03-28T04:00:00Z,19.07200050354004
2017-03-28T05:00:00Z,25.056001663208008
2017-03-28T06:00:00Z,31.040000915527344
2017-03-28T07:00:00Z,20.70400047302246
2017-03-28T08:00:00Z,10.336000442504883
2017-03-28T09:00:00Z,0
2017-03-28T10:00:00Z,0
2017-03-28T11:00:00Z,0
2017-03-28T12:00:00Z,0
2017-03-28T13:00:00Z,0
2017-03-28T14:00:00Z,0
2017-03-28T15:00:00Z,0
2017-03-28T16:00:00Z,3.328000068664551
2017-03-28T17:00:00Z,6.656000137329102
2017-03-28T18:00:00Z,9.984000205993652
2017-03-28T19:00:00Z,6.656000137329102
2017-03-28T20:00:00Z,3.328000068664551
2017-03-28T21:00:00Z,0
2017-03-28T22:00:00Z,0
2017-03-28T23:00:00Z,0
2017-03-29T00:00:00Z,0
2017-03-29T01:00:00Z,0
2017-03-29T02:00:00Z,0
2017-03-29T03:00:00Z,0
2017-03-29T04:00:00Z,0
2017-03-29T05:00:00Z,0
2017-03-29T06:00:00Z,0
2017-03-29T07:00:00Z,0
2017-03-29T08:00:00Z,0
2017-03-29T09:00:00Z,0
2017-03-29T10:00:00Z,0
2017-03-29T11:00:00Z,0
2017-03-29T12:00:00Z,0
2017-03-29T13:00:00Z,0
2017-03-29T14:00:00Z,0
2017-03-29T15:00:00Z,0
2017-03-29T16:00:00Z,0
2017-03-29T17:00:00Z,0
2017-03-29T18:00:00Z,0
2017-03-29T19:00:00Z,4.480000019073486
2017-03-29T20:00:00Z,8.960000038146973
2017-03-29T21:00:00Z,13.440000534057617
2017-03-29T22:00:00Z,9.792000770568848
2017-03-29T23:00:00Z,6.080000400543213
2017-03-30T00:00:00Z,2.432000160217285
2017-03-30T01:00:00Z,1.600000023841858
2017-03-30T02:00:00Z,0.8320000171661377
2017-03-30T03:00:00Z,0
2017-03-30T04:00:00Z,0
2017-03-30T05:00:00Z,0
2017-03-30T06:00:00Z,0
2017-03-30T07:00:00Z,0
2017-03-30T08:00:00Z,0
2017-03-30T09:00:00Z,0
2017-03-30T10:00:00Z,0
2017-03-30T11:00:00Z,0
2017-03-30T12:00:00Z,0
2017-03-30T13:00:00Z,0
2017-03-30T14:00:00Z,0
2017-03-30T15:00:00Z,0
2017-03-30T16:00:00Z,0
2017-03-30T17:00:00Z,0
2017-03-30T18:00:00Z,0
2017-03-30T19:00:00Z,0
2017-03-30T20:00:00Z,0
2017-03-30T21:00:00Z,0
2017-03-30T22:00:00Z,0
2017-03-30T23:00:00Z,0
2017-03-31T00:00:00Z,0
2017-03-31T01:00:00Z,0
2017-03-31T02:00:00Z,0
2017-03-31T03:00:00Z,0
2017-03-31T04:00:00Z,0
2017-03-31T05:00:00Z,0
2017-03-31T06:00:00Z,0
2017-03-31T07:00:00Z,0.35200002789497375
2017-03-31T08:00:00Z,0.7040000557899475
2017-03-31T09:00:00Z,1.0240000486373901
2017-03-31T10:00:00Z,0.7040000557899475
2017-03-31T11:00:00Z,0.35200002789497375
2017-03-31T12:00:00Z,0
2017-03-31T13:00:00Z,1.152000069618225
2017-03-31T14:00:00Z,2.30400013923645
2017-03-31T15:00:00Z,3.4560000896453857
2017-03-31T16:00:00Z,3.4560000896453857
2017-03-31T17:00:00Z,3.4560000896453857
2017-03-31T18:00:00Z,3.4560000896453857
2017-03-31T19:00:00Z,2.6560001373291016
2017-03-31T20:00:00Z,1.8560000658035278
2017-03-31T21:00:00Z,1.0240000486373901
2017-03-31T22:00:00Z,0.7040000557899475
2017-03-31T23:00:00Z,0.35200002789497375
2017-04-01T00:00:00Z,0
2017-04-01T01:00:00Z,0
2017-04-01T02:00:00Z,0
2017-04-01T03:00:00Z,0
2017-04-01T04:00:00Z,0
2017-04-01T05:00:00Z,0
2017-04-01T06:00:00Z,0
2017-04-01T07:00:00Z,0.35200002789497375
2017-04-01T08:00:00Z,0.7040000557899475
2017-04-01T09:00:00Z,1.0240000486373901
2017-04-01T10:00:00Z,0.7040000557899475
2017-04-01T11:00:00Z,0.35200002789497375
2017-04-01T12:00:00Z,0
2017-04-01T13:00:00Z,0
2017-04-01T14:00:00Z,0
2017-04-01T15:00:00Z,0
2017-04-01T16:00:00Z,0
2017-04-01T17:00:00Z,0
2017-04-01T18:00:00Z,0
2017-04-01T19:00:00Z,0
2017-04-01T20:00:00Z,0
2017-04-01T21:00:00Z,0
2017-04-01T22:00:00Z,0
2017-04-01T23:00:00Z,0
2017-04-02T00:00:00Z,0
2017-04-02T01:00:00Z,0
2017-04-02T02:00:00Z,0
2017-04-02T03:00:00Z,0
2017-04-02T04:00:00Z,0
2017-04-02T05:00:00Z,0
2017-04-02T06:00:00Z,0
2017-04-02T07:00:00Z,0
2017-04-02T08:00:00Z,0
2017-04-02T09:00:00Z,0
2017-04-02T10:00:00Z,0
2017-04-02T11:00:00Z,0
2017-04-02T12:00:00Z,0
2017-04-02T13:00:00Z,0
2017-04-02T14:00:00Z,0
2017-04-02T15:00:00Z,0
2017-04-02T16:00:00Z,2.496000051498413
2017-04-02T17:00:00Z,5.056000232696533
2017-04-02T18:00:00Z,7.552000522613525
2017-04-02T19:00:00Z,11.712000846862793
2017-04-02T20:00:00Z,15.872000694274902
2017-04-02T21:00:00Z,20.032001495361328
2017-04-02T22:00:00Z,13.312000274658203
2017-04-02T23:00:00Z,6.656000137329102
2017-04-03T00:00:00Z,0
2017-04-03T01:00:00Z,0
2017-04-03T02:00:00Z,0
2017-04-03T03:00:00Z,0
2017-04-03T04:00:00Z,0
2017-04-03T05:00:00Z,0
2017-04-03T06:00:00Z,0
2017-04-03T07:00:00Z,0
2017-04-03T08:00:00Z,0
2017-04-03T09:00:00Z,0
2017-04-03T10:00:00Z,0
2017-04-03T11:00:00Z,0
2017-04-03T12:00:00Z,0
2017-04-03T13:00:00Z,0
2017-04-03T14:00:00Z,0
2017-04-03T15:00:00Z,0
2017-04-03T16:00:00Z,0
2017-04-03T17:00:00Z,0
2017-04-03T18:00:00Z,0
2017-04-03T19:00:00Z,0
2017-04-03T20:00:00Z,0
2017-04-03T21:00:00Z,0
2017-04-03T22:00:00Z,0
2017-04-03T23:00:00Z,0
2017-04-04T00:00:00Z,0
2017-04-04T01:00:00Z,0
2017-04-04T02:00:00Z,0
2017-04-04T03:00:00Z,0
2017-04-04T04:00:00Z,0
2017-04-04T05:00:00Z,0
2017-04-04T06:00:00Z,0
2017-04-04T07:00:00Z,0
2017-04-04T08:00:00Z,0
2017-04-04T09:00:00Z,0
2017-04-04T10:00:00Z,0
2017-04-04T11:00:00Z,0
2017-04-04T12:00:00Z,0
2017-04-04T13:00:00Z,0
2017-04-04T14:00:00Z,0
2017-04-04T15:00:00Z,0
2017-04-04T16:00:00Z,0
2017-04-04T17:00:00Z,0
2017-04-04T18:00:00Z,0
2017-04-04T19:00:00Z,0
2017-04-04T20:00:00Z,0
2017-04-04T21:00:00Z,0
2017-04-04T22:00:00Z,0
2017-04-04T23:00:00Z,0
2017-04-05T00:00:00Z,0
2017-04-05T01:00:00Z,3.328000068664551
2017-04-05T02:00:00Z,6.656000137329102
2017-04-05T03:00:00Z,9.984000205993652
2017-04-05T04:00:00Z,18.20800018310547
2017-04-05T05:00:00Z,26.400001525878906
2017-04-05T06:00:00Z,34.560001373291016
2017-04-05T07:00:00Z,23.87200164794922
2017-04-05T08:00:00Z,13.120000839233398
2017-04-05T09:00:00Z,2.432000160217285
2017-04-05T10:00:00Z,1.600000023841858
2017-04-05T11:00:00Z,0.8320000171661377
2017-04-05T12:00:00Z,0
2017-04-05T13:00:00Z,0
2017-04-05T14:00:00Z,0
2017-04-05T15:00:00Z,0
2017-04-05T16:00:00Z,0
2017-04-05T17:00:00Z,0
2017-04-05T18:00:00Z,0
2017-04-05T19:00:00Z,0
2017-04-05T20:00:00Z,0
2017-04-05T21:00:00Z,0
2017-04-05T22:00:00Z,0
2017-04-05T23:00:00Z,0
2017-04-06T00:00:00Z,0
2017-04-06T01:00:00Z,1.5360000133514404
2017-04-06T02:00:00Z,3.072000026702881
2017-04-06T03:00:00Z,4.6080002784729
2017-04-06T04:00:00Z,3.072000026702881
2017-04-06T05:00:00Z,1.5360000133514404
2017-04-06T06:00:00Z,0
2017-04-06T07:00:00Z,0
2017-04-06T08:00:00Z,0
2017-04-06T09:00:00Z,0
2017-04-06T10:00:00Z,0.9600000381469727
2017-04-06T11:00:00Z,1.9840000867843628
2017-04-06T12:00:00Z,2.944000244140625
2017-04-06T13:00:00Z,1.9840000867843628
2017-04-06T14:00:00Z,0.9600000381469727
2017-04-06T15:00:00Z,0
2017-04-06T16:00:00Z,3.9680001735687256
2017-04-06T17:00:00Z,7.936000347137451
2017-04-06T18:00:00Z,11.968000411987305
2017-04-06T19:00:00Z,18.81599998474121
2017-04-06T20:00:00Z,25.66400146484375
2017-04-06T21:00:00Z,32.512001037597656
2017-04-06T22:00:00Z,21.696001052856445
2017-04-06T23:00:00Z,10.816000938415527
2017-04-07T00:00:00Z,0
2017-04-07T01:00:00Z,3.328000068664551
2017-04-07T02:00:00Z,6.656000137329102
2017-04-07T03:00:00Z,9.984000205993652
2017-04-07T04:00:00Z,6.656000137329102
2017-04-07T05:00:00Z,3.328000068664551
2017-04-07T06:00:00Z,0
2017-04-07T07:00:00Z,4.320000171661377
2017-04-07T08:00:00Z,8.640000343322754
2017-04-07T09:00:00Z,12.960000991821289
2017-04-07T10:00:00Z,13.152000427246094
2017-04-07T11:00:00Z,13.312000274658203
2017-04-07T12:00:00Z,13.472001075744629
2017-04-07T13:00:00Z,29.34400177001953
2017-04-07T14:00:00Z,45.20000076293945
2017-04-07T15:00:00Z,61.0880012512207
2017-04-07T16:00:00Z,49.72800064086914
2017-04-07T17:00:00Z,38.36800003051758
2017-04-07T18:00:00Z,27.040000915527344
2017-04-07T19:00:00Z,24.68800163269043
2017-04-07T20:00:00Z,22.336000442504883
2017-04-07T21:00:00Z,20
2017-04-07T22:00:00Z,17.00800132751465
2017-04-07T23:00:00Z,14.024001121520996
2017-04-08T00:00:00Z,11.032000541687012
2017-04-08T01:00:00Z,11.032000541687012
2017-04-08T02:00:00Z,11.02400016784668
2017-04-08T03:00:00Z,11.02400016784668
2017-04-08T04:00:00Z,9.504000663757324
2017-04-08T05:00:00Z,7.968000411987305
2017-04-08T06:00:00Z,6.448000431060791
2017-04-08T07:00:00Z,4.288000106811523
2017-04-08T08:00:00Z,2.1440000534057617
2017-04-08T09:00:00Z,0
2017-04-08T10:00:00Z,0
2017-04-08T11:00:00Z,0
2017-04-08T12:00:00Z,0
2017-04-08T13:00:00Z,0
2017-04-08T14:00:00Z,0
2017-04-08T15:00:00Z,0
2017-04-08T16:00:00Z,2.3360002040863037
2017-04-08T17:00:00Z,4.672000408172607
2017-04-08T18:00:00Z,7.0400004386901855
2017-04-08T19:00:00Z,5.504000186920166
2017-04-08T20:00:00Z,3.9680001735687256
2017-04-08T21:00:00Z,2.432000160217285
2017-04-08T22:00:00Z,1.6320000886917114
2017-04-08T23:00:00Z,0.800000011920929
2017-04-09T00:00:00Z,0
2017-04-09T01:00:00Z,0
2017-04-09T02:00:00Z,0
2017-04-09T03:00:00Z,0
2017-04-09T04:00:00Z,0
2017-04-09T05:00:00Z,0
2017-04-09T06:00:00Z,0
2017-04-09T07:00:00Z,0
2017-04-09T08:00:00Z,0
2017-04-09T09:00:00Z,0
2017-04-09T10:00:00Z,0
2017-04-09T11:00:00Z,0
2017-04-09T12:00:00Z,0
2017-04-09T13:00:00Z,0
2017-04-09T14:00:00Z,0
2017-04-09T15:00:00Z,0
2017-04-09T16:00:00Z,0
2017-04-09T17:00:00Z,0
2017-04-09T18:00:00Z,0
2017-04-09T19:00:00Z,0
2017-04-09T20:00:00Z,0
2017-04-09T21:00:00Z,0
2017-04-09T22:00:00Z,0
2017-04-09T23:00:00Z,0
2017-04-10T00:00:00Z,0
2017-04-10T01:00:00Z,0
2017-04-10T02:00:00Z,0
2017-04-10T03:00:00Z,0
2017-04-10T04:00:00Z,0
2017-04-10T05:00:00Z,0
2017-04-10T06:00:00Z,0
2017-04-10T07:00:00Z,0
2017-04-10T08:00:00Z,0
2017-04-10T09:00:00Z,0
2017-04-10T10:00:00Z,0
2017-04-10T11:00:00Z,0
2017-04-10T12:00:00Z,0
2017-04-10T13:00:00Z,0
2017-04-10T14:00:00Z,0
2017-04-10T15:00:00Z,0
2017-04-10T16:00:00Z,0
2017-04-10T17:00:00Z,0
2017-04-10T18:00:00Z,0
2017-04-10T19:00:00Z,0
2017-04-10T20:00:00Z,0
2017-04-10T21:00:00Z,0
2017-04-10T22:00:00Z,0
2017-04-10T23:00:00Z,0
2017-04-11T00:00:00Z,0
2017-04-11T01:00:00Z,0
2017-04-11T02:00:00Z,0
2017-04-11T03:00:00Z,0
2017-04-11T04:00:00Z,0
2017-04-11T05:00:00Z,0
2017-04-11T06:00:00Z,0
2017-04-11T07:00:00Z,0
2017-04-11T08:00:00Z,0
2017-04-11T09:00:00Z,0
2017-04-11T10:00:00Z,0
2017-04-11T11:00:00Z,0
2017-04-11T12:00:00Z,0
2017-04-11T13:00:00Z,0
2017-04-11T14:00:00Z,0
2017-04-11T15:00:00Z,0
2017-04-11T16:00:00Z,0
2017-04-11T17:00:00Z,0
2017-04-11T18:00:00Z,0
2017-04-11T19:00:00Z,0
2017-04-11T20:00:00Z,0
2017-04-11T21:00:00Z,0
2017-04-11T22:00:00Z,0
2017-04-11T23:00:00Z,0
2017-04-12T00:00:00Z,0
2017-04-12T01:00:00Z,0
2017-04-12T02:00:00Z,0
2017-04-12T03:00:00Z,0
2017-04-12T04:00:00Z,0
2017-04-12T05:00:00Z,0
2017-04-12T06:00:00Z,0
2017-04-12T07:00:00Z,0
2017-04-12T08:00:00Z,0
2017-04-12T09:00:00Z,0
2017-04-12T10:00:00Z,0
2017-04-12T11:00:00Z,0
2017-04-12T12:00:00Z,0
2017-04-12T13:00:00Z,1.6320000886917114
2017-04-12T14:00:00Z,3.2960002422332764
2017-04-12T15:00:00Z,4.928000450134277
2017-04-12T16:00:00Z,4.4160003662109375
2017-04-12T17:00:00Z,3.936000108718872
2017-04-12T18:00:00Z,3.4560000896453857
2017-04-12T19:00:00Z,4.0960001945495605
2017-04-12T20:00:00Z,4.76800012588501
2017-04-12T21:00:00Z,5.440000057220459
2017-04-12T22:00:00Z,3.616000175476074
2017-04-12T23:00:00Z,1.7920000553131104
2017-04-13T00:00:00Z,0
2017-04-13T01:00:00Z,0
2017-04-13T02:00:00Z,0
2017-04-13T03:00:00Z,0
2017-04-13T04:00:00Z,0
2017-04-13T05:00:00Z,0
2017-04-13T06:00:00Z,0
2017-04-13T07:00:00Z,0
2017-04-13T08:00:00Z,0
2017-04-13T09:00:00Z,0
2017-04-13T10:00:00Z,0
2017-04-13T11:00:00Z,0
2017-04-13T12:00:00Z,0
2017-04-13T13:00:00Z,0
2017-04-13T14:00:00Z,0
2017-04-13T15:00:00Z,0
2017-04-13T16:00:00Z,0
2017-04-13T17:00:00Z,0
2017-04-13T18:00:00Z,0
2017-04-13T19:00:00Z,0
2017-04-13T20:00:00Z,0
2017-04-13T21:00:00Z,0
2017-04-13T22:00:00Z,0
2017-04-13T23:00:00Z,0
2017-04-14T00:00:00Z,0
2017-04-14T01:00:00Z,0
2017-04-14T02:00:00Z,0
2017-04-14T03:00:00Z,0
2017-04-14T04:00:00Z,0
2017-04-14T05:00:00Z,0
2017-04-14T06:00:00Z,0
2017-04-14T07:00:00Z,0
2017-04-14T08:00:00Z,0
2017-04-14T09:00:00Z,0
2017-04-14T10:00:00Z,0
2017-04-14T11:00:00Z,0
2017-04-14T12:00:00Z,0
2017-04-14T13:00:00Z,0
2017-04-14T14:00:00Z,0
2017-04-14T15:00:00Z,0
2017-04-14T16:00:00Z,0
2017-04-14T17:00:00Z,0
2017-04-14T18:00:00Z,0
2017-04-14T19:00:00Z,0
2017-04-14T20:00:00Z,0
2017-04-14T21:00:00Z,0
2017-04-14T22:00:00Z,0
2017-04-14T23:00:00Z,0
2017-04-15T00:00:00Z,0
2017-04-15T01:00:00Z,0
2017-04-15T02:00:00Z,0
2017-04-15T03:00:00Z,0
2017-04-15T04:00:00Z,0
2017-04-15T05:00:00Z,0
2017-04-15T06:00:00Z,0
2017-04-15T07:00:00Z,0
2017-04-15T08:00:00Z,0
2017-04-15T09:00:00Z,0
2017-04-15T10:00:00Z,0
2017-04-15T11:00:00Z,0
2017-04-15T12:00:00Z,0
2017-04-15T13:00:00Z,0
2017-04-15T14:00:00Z,0
2017-04-15T15:00:00Z,0
2017-04-15T16:00:00Z,0
2017-04-15T17:00:00Z,0
2017-04-15T18:00:00Z,0
2017-04-15T19:00:00Z,0
2017-04-15T20:00:00Z,0
2017-04-15T21:00:00Z,0
2017-04-15T22:00:00Z,0
2017-04-15T23:00:00Z,0
2017-04-16T00:00:00Z,0
2017-04-16T01:00:00Z,26.36800193786621
2017-04-16T02:00:00Z,52.73600387573242
2017-04-16T03:00:00Z,79.04000091552734
2017-04-16T04:00:00Z,68.99200439453125
2017-04-16T05:00:00Z,58.94400405883789
2017-04-16T06:00:00Z,48.89600372314453
2017-04-16T07:00:00Z,63.04000473022461
2017-04-16T08:00:00Z,77.24800109863281
2017-04-16T09:00:00Z,91.39200592041016
2017-04-16T10:00:00Z,60.928001403808594
2017-04-16T11:00:00Z,30.464000701904297
2017-04-16T12:00:00Z,0
2017-04-16T13:00:00Z,20.608001708984375
2017-04-16T14:00:00Z,41.28000259399414
2017-04-16T15:00:00Z,61.888004302978516
2017-04-16T16:00:00Z,51.90400314331055
2017-04-16T17:00:00Z,41.92000198364258
2017-04-16T18:00:00Z,32
2017-04-16T19:00:00Z,33.28000259399414
2017-04-16T20:00:00Z,34.68800354003906
2017-04-16T21:00:00Z,35.96800231933594
2017-04-16T22:00:00Z,36.09600067138672
2017-04-16T23:00:00Z,36.224002838134766
2017-04-17T00:00:00Z,36.35200119018555
2017-04-17T01:00:00Z,28.224000930786133
2017-04-17T02:00:00Z,20.09600067138672
2017-04-17T03:00:00Z,11.968000411987305
2017-04-17T04:00:00Z,8.640000343322754
2017-04-17T05:00:00Z,5.312000274658203
2017-04-17T06:00:00Z,1.9200000762939453
2017-04-17T07:00:00Z,7.488000392913818
2017-04-17T08:00:00Z,12.992000579833984
2017-04-17T09:00:00Z,18.496000289916992
2017-04-17T10:00:00Z,12.35200023651123
2017-04-17T11:00:00Z,6.144000053405762
2017-04-17T12:00:00Z,0
2017-04-17T13:00:00Z,0
2017-04-17T14:00:00Z,0
2017-04-17T15:00:00Z,0
2017-04-17T16:00:00Z,0
2017-04-17T17:00:00Z,0
2017-04-17T18:00:00Z,0
2017-04-17T19:00:00Z,0
2017-04-17T20:00:00Z,0
2017-04-17T21:00:00Z,0
2017-04-17T22:00:00Z,0
2017-04-17T23:00:00Z,0
2017-04-18T00:00:00Z,0
2017-04-18T01:00:00Z,0
2017-04-18T02:00:00Z,0
2017-04-18T03:00:00Z,0
2017-04-18T04:00:00Z,0
2017-04-18T05:00:00Z,0
2017-04-18T06:00:00Z,0
2017-04-18T07:00:00Z,0
2017-04-18T08:00:00Z,0
2017-04-18T09:00:00Z,0
2017-04-18T10:00:00Z,0
2017-04-18T11:00:00Z,0
2017-04-18T12:00:00Z,0
2017-04-18T13:00:00Z,0
2017-04-18T14:00:00Z,0
2017-04-18T15:00:00Z,0
2017-04-18T16:00:00Z,0
2017-04-18T17:00:00Z,0
2017-04-18T18:00:00Z,0
2017-04-18T19:00:00Z,0
2017-04-18T20:00:00Z,0
2017-04-18T21:00:00Z,0
2017-04-18T22:00:00Z,0
2017-04-18T23:00:00Z,0
2017-04-19T00:00:00Z,0
2017-04-19T01:00:00Z,0
2017-04-19T02:00:00Z,0
2017-04-19T03:00:00Z,0
2017-04-19T04:00:00Z,0
2017-04-19T05:00:00Z,0
2017-04-19T06:00:00Z,0
2017-04-19T07:00:00Z,0
2017-04-19T08:00:00Z,0
2017-04-19T09:00:00Z,0
2017-04-19T10:00:00Z,0
2017-04-19T11:00:00Z,0
2017-04-19T12:00:00Z,0
2017-04-19T13:00:00Z,0
2017-04-19T14:00:00Z,0
2017-04-19T15:00:00Z,0
2017-04-19T16:00:00Z,0
2017-04-19T17:00:00Z,0
2017-04-19T18:00:00Z,0
2017-04-19T19:00:00Z,0
2017-04-19T20:00:00Z,0
2017-04-19T21:00:00Z,0
2017-04-19T22:00:00Z,0
2017-04-19T23:00:00Z,0
2017-04-20T00:00:00Z,0
2017-04-20T01:00:00Z,0
2017-04-20T02:00:00Z,0
2017-04-20T03:00:00Z,0
2017-04-20T04:00:00Z,0
2017-04-20T05:00:00Z,0
2017-04-20T06:00:00Z,0
2017-04-20T07:00:00Z,0
2017-04-20T08:00:00Z,0
2017-04-20T09:00:00Z,0
2017-04-20T10:00:00Z,0
2017-04-20T11:00:00Z,0
2017-04-20T12:00:00Z,0
2017-04-20T13:00:00Z,0
2017-04-20T14:00:00Z,0
2017-04-20T15:00:00Z,0
2017-04-20T16:00:00Z,6.304000377655029
2017-04-20T17:00:00Z,12.576000213623047
2017-04-20T18:00:00Z,18.880001068115234
2017-04-20T19:00:00Z,21.376001358032227
2017-04-20T20:00:00Z,23.93600082397461
2017-04-20T21:00:00Z,26.4320011138916
2017-04-20T22:00:00Z,17.600000381469727
2017-04-20T23:00:00Z,8.832000732421875
2017-04-21T00:00:00Z,0
2017-04-21T01:00:00Z,0.35200002789497375
2017-04-21T02:00:00Z,0.7040000557899475
2017-04-21T03:00:00Z,1.0240000486373901
2017-04-21T04:00:00Z,0.7040000557899475
2017-04-21T05:00:00Z,0.35200002789497375
2017-04-21T06:00:00Z,0
2017-04-21T07:00:00Z,0.9920000433921814
2017-04-21T08:00:00Z,1.9840000867843628
2017-04-21T09:00:00Z,2.944000244140625
2017-04-21T10:00:00Z,1.9840000867843628
2017-04-21T11:00:00Z,0.9920000433921814
2017-04-21T12:00:00Z,0
2017-04-21T13:00:00Z,0
2017-04-21T14:00:00Z,0
2017-04-21T15:00:00Z,0
2017-04-21T16:00:00Z,0
2017-04-21T17:00:00Z,0
2017-04-21T18:00:00Z,0
2017-04-21T19:00:00Z,0
2017-04-21T20:00:00Z,0
2017-04-21T21:00:00Z,0
2017-04-21T22:00:00Z,6.144000053405762
2017-04-21T23:00:00Z,12.224000930786133
2017-04-22T00:00:00Z,18.368000030517578
2017-04-22T01:00:00Z,12.224000930786133
2017-04-22T02:00:00Z,6.144000053405762
2017-04-22T03:00:00Z,0
2017-04-22T04:00:00Z,0
2017-04-22T05:00:00Z,0
2017-04-22T06:00:00Z,0
2017-04-22T07:00:00Z,0
2017-04-22T08:00:00Z,0
2017-04-22T09:00:00Z,0
2017-04-22T10:00:00Z,0
2017-04-22T11:00:00Z,0
2017-04-22T12:00:00Z,0
2017-04-22T13:00:00Z,0
2017-04-22T14:00:00Z,0
2017-04-22T15:00:00Z,0
2017-04-22T16:00:00Z,0.8320000171661377
2017-04-22T17:00:00Z,1.600000023841858
2017-04-22T18:00:00Z,2.432000160217285
2017-04-22T19:00:00Z,9.920000076293945
2017-04-22T20:00:00Z,17.472000122070313
2017-04-22T21:00:00Z,24.96000099182129
2017-04-22T22:00:00Z,25.792001724243164
2017-04-22T23:00:00Z,26.68800163269043
2017-04-23T00:00:00Z,27.520000457763672
2017-04-23T01:00:00Z,18.336000442504883
2017-04-23T02:00:00Z,9.152000427246094
2017-04-23T03:00:00Z,0
2017-04-23T04:00:00Z,0
2017-04-23T05:00:00Z,0
2017-04-23T06:00:00Z,0
2017-04-23T07:00:00Z,0
2017-04-23T08:00:00Z,0
2017-04-23T09:00:00Z,0
2017-04-23T10:00:00Z,0
2017-04-23T11:00:00Z,0
2017-04-23T12:00:00Z,0
2017-04-23T13:00:00Z,0
2017-04-23T14:00:00Z,0
2017-04-23T15:00:00Z,0
2017-04-23T16:00:00Z,0
2017-04-23T17:00:00Z,0
2017-04-23T18:00:00Z,0
2017-04-23T19:00:00Z,0
2017-04-23T20:00:00Z,0
2017-04-23T21:00:00Z,0
2017-04-23T22:00:00Z,0
2017-04-23T23:00:00Z,0
2017-04-24T00:00:00Z,0
2017-04-24T01:00:00Z,0
2017-04-24T02:00:00Z,0
2017-04-24T03:00:00Z,0
2017-04-24T04:00:00Z,0
2017-04-24T05:00:00Z,0
2017-04-24T06:00:00Z,0
2017-04-24T07:00:00Z,0
2017-04-24T08:00:00Z,0
2017-04-24T09:00:00Z,0
2017-04-24T10:00:00Z,0
2017-04-24T11:00:00Z,0
2017-04-24T12:00:00Z,0
2017-04-24T13:00:00Z,0
2017-04-24T14:00:00Z,0
2017-04-24T15:00:00Z,0
2017-04-24T16:00:00Z,0
2017-04-24T17:00:00Z,0
2017-04-24T18:00:00Z,0
2017-04-24T19:00:00Z,0
2017-04-24T20:00:00Z,0
2017-04-24T21:00:00Z,0
2017-04-24T22:00:00Z,0
2017-04-24T23:00:00Z,0
2017-04-25T00:00:00Z,0
2017-04-25T01:00:00Z,0
2017-04-25T02:00:00Z,0
2017-04-25T03:00:00Z,0
2017-04-25T04:00:00Z,0
2017-04-25T05:00:00Z,0
2017-04-25T06:00:00Z,0
2017-04-25T07:00:00Z,0
2017-04-25T08:00:00Z,0
2017-04-25T09:00:00Z,0
2017-04-25T10:00:00Z,0
2017-04-25T11:00:00Z,0
2017-04-25T12:00:00Z,0
2017-04-25T13:00:00Z,0
2017-04-25T14:00:00Z,0
2017-04-25T15:00:00Z,0
2017-04-25T16:00:00Z,0
2017-04-25T17:00:00Z,0
2017-04-25T18:00:00Z,0
2017-04-25T19:00:00Z,4.86400032043457
2017-04-25T20:00:00Z,9.72800064086914
2017-04-25T21:00:00Z,14.592000961303711
2017-04-25T22:00:00Z,9.72800064086914
2017-04-25T23:00:00Z,4.86400032043457
2017-04-26T00:00:00Z,0
2017-04-26T01:00:00Z,2.368000030517578
2017-04-26T02:00:00Z,4.672000408172607
2017-04-26T03:00:00Z,7.0400004386901855
2017-04-26T04:00:00Z,8.832000732421875
2017-04-26T05:00:00Z,10.624000549316406
2017-04-26T06:00:00Z,12.416000366210938
2017-04-26T07:00:00Z,8.320000648498535
2017-04-26T08:00:00Z,4.128000259399414
2017-04-26T09:00:00Z,0
2017-04-26T10:00:00Z,0
2017-04-26T11:00:00Z,0
2017-04-26T12:00:00Z,0
2017-04-26T13:00:00Z,0
2017-04-26T14:00:00Z,0
2017-04-26T15:00:00Z,0
2017-04-26T16:00:00Z,0
2017-04-26T17:00:00Z,0
2017-04-26T18:00:00Z,0
2017-04-26T19:00:00Z,0.320000022649765
2017-04-26T20:00:00Z,0.7040000557899475
2017-04-26T21:00:00Z,1.0240000486373901
2017-04-26T22:00:00Z,0.7040000557899475
2017-04-26T23:00:00Z,0.320000022649765
2017-04-27T00:00:00Z,0
2017-04-27T01:00:00Z,0
2017-04-27T02:00:00Z,0
2017-04-27T03:00:00Z,0
2017-04-27T04:00:00Z,0
2017-04-27T05:00:00Z,0
2017-04-27T06:00:00Z,0
2017-04-27T07:00:00Z,0
2017-04-27T08:00:00Z,0
2017-04-27T09:00:00Z,0
2017-04-27T10:00:00Z,0
2017-04-27T11:00:00Z,0
2017-04-27T12:00:00Z,0
2017-04-27T13:00:00Z,5.696000099182129
2017-04-27T14:00:00Z,11.32800006866455
2017-04-27T15:00:00Z,17.02400016784668
2017-04-27T16:00:00Z,51.39200210571289
2017-04-27T17:00:00Z,85.69600677490234
2017-04-27T18:00:00Z,120.06400299072266
2017-04-27T19:00:00Z,202.17601013183594
2017-04-27T20:00:00Z,284.28802490234375
2017-04-27T21:00:00Z,366.4000244140625
2017-04-27T22:00:00Z,247.7440185546875
2017-04-27T23:00:00Z,129.0880126953125
2017-04-28T00:00:00Z,10.432000160217285
2017-04-28T01:00:00Z,10.304000854492188
2017-04-28T02:00:00Z,10.176000595092773
2017-04-28T03:00:00Z,9.984000205993652
2017-04-28T04:00:00Z,51.64800262451172
2017-04-28T05:00:00Z,93.31200408935547
2017-04-28T06:00:00Z,135.04000854492188
2017-04-28T07:00:00Z,152.44801330566406
2017-04-28T08:00:00Z,169.8560028076172
2017-04-28T09:00:00Z,187.26400756835938
2017-04-28T10:00:00Z,153.60000610351563
2017-04-28T11:00:00Z,119.93600463867188
2017-04-28T12:00:00Z,86.272003173828125
2017-04-28T13:00:00Z,394.30401611328125
2017-04-28T14:00:00Z,702.3360595703125
2017-04-28T15:00:00Z,1010.3680419921875
2017-04-28T16:00:00Z,738.3680419921875
2017-04-28T17:00:00Z,466.30401611328125
2017-04-28T18:00:00Z,194.30401611328125
2017-04-28T19:00:00Z,141.44000244140625
2017-04-28T20:00:00Z,88.57600402832031
2017-04-28T21:00:00Z,35.71200180053711
2017-04-28T22:00:00Z,23.808000564575195
2017-04-28T23:00:00Z,11.904000282287598
2017-04-29T00:00:00Z,0
2017-04-29T01:00:00Z,0
2017-04-29T02:00:00Z,0
2017-04-29T03:00:00Z,0
2017-04-29T04:00:00Z,0
2017-04-29T05:00:00Z,0
2017-04-29T06:00:00Z,0
2017-04-29T07:00:00Z,16.32000160217285
2017-04-29T08:00:00Z,32.57600021362305
2017-04-29T09:00:00Z,48.89600372314453
2017-04-29T10:00:00Z,32.57600021362305
2017-04-29T11:00:00Z,16.32000160217285
2017-04-29T12:00:00Z,0
2017-04-29T13:00:00Z,0
2017-04-29T14:00:00Z,0
2017-04-29T15:00:00Z,0
2017-04-29T16:00:00Z,0
2017-04-29T17:00:00Z,0
2017-04-29T18:00:00Z,0
2017-04-29T19:00:00Z,0
2017-04-29T20:00:00Z,0
2017-04-29T21:00:00Z,0
2017-04-29T22:00:00Z,0
2017-04-29T23:00:00Z,0
2017-04-30T00:00:00Z,0
2017-04-30T01:00:00Z,0
2017-04-30T02:00:00Z,0
2017-04-30T03:00:00Z,0
2017-04-30T04:00:00Z,0
2017-04-30T05:00:00Z,0
2017-04-30T06:00:00Z,0
2017-04-30T07:00:00Z,0
2017-04-30T08:00:00Z,0
2017-04-30T09:00:00Z,0
2017-04-30T10:00:00Z,0
2017-04-30T11:00:00Z,0
2017-04-30T12:00:00Z,0
2017-04-30T13:00:00Z,0
2017-04-30T14:00:00Z,0
2017-04-30T15:00:00Z,0
2017-04-30T16:00:00Z,4.480000019073486
2017-04-30T17:00:00Z,8.960000038146973
2017-04-30T18:00:00Z,13.37600040435791
2017-04-30T19:00:00Z,29.440000534057617
2017-04-30T20:00:00Z,45.50400161743164
2017-04-30T21:00:00Z,61.50400161743164
2017-04-30T22:00:00Z,41.02400207519531
2017-04-30T23:00:00Z,20.48000144958496
2017-05-01T00:00:00Z,0
2017-05-01T01:00:00Z,0
2017-05-01T02:00:00Z,0
2017-05-01T03:00:00Z,0
2017-05-01T04:00:00Z,21.792001724243164
2017-05-01T05:00:00Z,43.61600112915039
2017-05-01T06:00:00Z,65.40800476074219
2017-05-01T07:00:00Z,83.8080062866211
2017-05-01T08:00:00Z,102.19200134277344
2017-05-01T09:00:00Z,120.59200286865234
2017-05-01T10:00:00Z,80.384002685546875
2017-05-01T11:00:00Z,40.19200134277344
2017-05-01T12:00:00Z,0
2017-05-01T13:00:00Z,0
2017-05-01T14:00:00Z,0
2017-05-01T15:00:00Z,0
2017-05-01T16:00:00Z,12.35200023651123
2017-05-01T17:00:00Z,24.73600196838379
2017-05-01T18:00:00Z,37.0880012512207
2017-05-01T19:00:00Z,209.21600341796875
2017-05-01T20:00:00Z,381.3760070800781
2017-05-01T21:00:00Z,553.5360107421875
2017-05-01T22:00:00Z,491.1040344238281
2017-05-01T23:00:00Z,428.7040100097656
2017-05-02T00:00:00Z,366.30401611328125
2017-05-02T01:00:00Z,325.3760070800781
2017-05-02T02:00:00Z,284.416015625
2017-05-02T03:00:00Z,243.48800659179688
2017-05-02T04:00:00Z,297.280029296875
2017-05-02T05:00:00Z,351.10400390625
2017-05-02T06:00:00Z,404.9280090332031
2017-05-02T07:00:00Z,386.1440124511719
2017-05-02T08:00:00Z,367.3600158691406
2017-05-02T09:00:00Z,348.5760192871094
2017-05-02T10:00:00Z,277.760009765625
2017-05-02T11:00:00Z,206.9440155029297
2017-05-02T12:00:00Z,136.16000366210938
2017-05-02T13:00:00Z,103.29600524902344
2017-05-02T14:00:00Z,70.46400451660156
2017-05-02T15:00:00Z,37.60000228881836
2017-05-02T16:00:00Z,43.74400329589844
2017-05-02T17:00:00Z,49.85600280761719
2017-05-02T18:00:00Z,56.000003814697266
2017-05-02T19:00:00Z,57.92000198364258
2017-05-02T20:00:00Z,59.90400314331055
2017-05-02T21:00:00Z,61.82400131225586
2017-05-02T22:00:00Z,65.53600311279297
2017-05-02T23:00:00Z,69.18400573730469
2017-05-03T00:00:00Z,72.832000732421875
2017-05-03T01:00:00Z,51.58400344848633
2017-05-03T02:00:00Z,30.272001266479492
2017-05-03T03:00:00Z,8.960000038146973
2017-05-03T04:00:00Z,5.952000141143799
2017-05-03T05:00:00Z,3.008000135421753
2017-05-03T06:00:00Z,0
2017-05-03T07:00:00Z,0
2017-05-03T08:00:00Z,0
2017-05-03T09:00:00Z,0
2017-05-03T10:00:00Z,0
2017-05-03T11:00:00Z,0
2017-05-03T12:00:00Z,0
2017-05-03T13:00:00Z,8.447999954223633
2017-05-03T14:00:00Z,16.96000099182129
2017-05-03T15:00:00Z,25.408000946044922
2017-05-03T16:00:00Z,38.08000183105469
2017-05-03T17:00:00Z,50.75200271606445
2017-05-03T18:00:00Z,63.48800277709961
2017-05-03T19:00:00Z,56.448001861572266
2017-05-03T20:00:00Z,49.40800094604492
2017-05-03T21:00:00Z,42.368003845214844
2017-05-03T22:00:00Z,28.288002014160156
2017-05-03T23:00:00Z,14.080000877380371
2017-05-04T00:00:00Z,0
2017-05-04T01:00:00Z,0
2017-05-04T02:00:00Z,0
2017-05-04T03:00:00Z,0
2017-05-04T04:00:00Z,0
2017-05-04T05:00:00Z,0
2017-05-04T06:00:00Z,0
2017-05-04T07:00:00Z,0
2017-05-04T08:00:00Z,0
2017-05-04T09:00:00Z,0
2017-05-04T10:00:00Z,0
2017-05-04T11:00:00Z,0
2017-05-04T12:00:00Z,0
2017-05-04T13:00:00Z,0
2017-05-04T14:00:00Z,0
2017-05-04T15:00:00Z,0
2017-05-04T16:00:00Z,0
2017-05-04T17:00:00Z,0
2017-05-04T18:00:00Z,0
2017-05-04T19:00:00Z,0
2017-05-04T20:00:00Z,0
2017-05-04T21:00:00Z,0
2017-05-04T22:00:00Z,0
2017-05-04T23:00:00Z,0
2017-05-05T00:00:00Z,0
2017-05-05T01:00:00Z,0
2017-05-05T02:00:00Z,0
2017-05-05T03:00:00Z,0
2017-05-05T04:00:00Z,0
2017-05-05T05:00:00Z,0
2017-05-05T06:00:00Z,0
2017-05-05T07:00:00Z,0
2017-05-05T08:00:00Z,0
2017-05-05T09:00:00Z,0
2017-05-05T10:00:00Z,0
2017-05-05T11:00:00Z,0
2017-05-05T12:00:00Z,0
2017-05-05T13:00:00Z,0
2017-05-05T14:00:00Z,0
2017-05-05T15:00:00Z,0
2017-05-05T16:00:00Z,9.53600025177002
2017-05-05T17:00:00Z,19.07200050354004
2017-05-05T18:00:00Z,28.608001708984375
2017-05-05T19:00:00Z,34.75200271606445
2017-05-05T20:00:00Z,40.89600372314453
2017-05-05T21:00:00Z,47.040000915527344
2017-05-05T22:00:00Z,31.360000610351563
2017-05-05T23:00:00Z,15.680000305175781
2017-05-06T00:00:00Z,0
2017-05-06T01:00:00Z,0
2017-05-06T02:00:00Z,0
2017-05-06T03:00:00Z,0
2017-05-06T04:00:00Z,3.680000066757202
2017-05-06T05:00:00Z,7.360000133514404
2017-05-06T06:00:00Z,11.040000915527344
2017-05-06T07:00:00Z,14.75200080871582
2017-05-06T08:00:00Z,18.464000701904297
2017-05-06T09:00:00Z,22.176000595092773
2017-05-06T10:00:00Z,15.584000587463379
2017-05-06T11:00:00Z,9.02400016784668
2017-05-06T12:00:00Z,2.432000160217285
2017-05-06T13:00:00Z,54.0160026550293
2017-05-06T14:00:00Z,105.60000610351563
2017-05-06T15:00:00Z,157.1840057373047
2017-05-06T16:00:00Z,133.9040069580078
2017-05-06T17:00:00Z,110.62400817871094
2017-05-06T18:00:00Z,87.34400177001953
2017-05-06T19:00:00Z,92.2560043334961
2017-05-06T20:00:00Z,97.152008056640625
2017-05-06T21:00:00Z,102.04800415039063
2017-05-06T22:00:00Z,125.63200378417969
2017-05-06T23:00:00Z,149.1840057373047
2017-05-07T00:00:00Z,172.76800537109375
2017-05-07T01:00:00Z,119.69600677490234
2017-05-07T02:00:00Z,66.6240005493164
2017-05-07T03:00:00Z,13.5600004196167
2017-05-07T04:00:00Z,9.039999961853027
2017-05-07T05:00:00Z,4.519999980926514
2017-05-07T06:00:00Z,0
2017-05-07T07:00:00Z,9.008000373840332
2017-05-07T08:00:00Z,18.02400016784668
2017-05-07T09:00:00Z,27.032001495361328
2017-05-07T10:00:00Z,24.34400177001953
2017-05-07T11:00:00Z,21.66400146484375
2017-05-07T12:00:00Z,18.976001739501953
2017-05-07T13:00:00Z,46.368003845214844
2017-05-07T14:00:00Z,73.74400329589844
2017-05-07T15:00:00Z,101.13600158691406
2017-05-07T16:00:00Z,109.26400756835938
2017-05-07T17:00:00Z,117.37600708007813
2017-05-07T18:00:00Z,125.5040054321289
2017-05-07T19:00:00Z,101.69600677490234
2017-05-07T20:00:00Z,77.92000579833984
2017-05-07T21:00:00Z,54.112003326416016
2017-05-07T22:00:00Z,44.928001403808594
2017-05-07T23:00:00Z,35.74400329589844
2017-05-08T00:00:00Z,26.52800178527832
2017-05-08T01:00:00Z,18.84800148010254
2017-05-08T02:00:00Z,11.136000633239746
2017-05-08T03:00:00Z,3.4560000896453857
2017-05-08T04:00:00Z,2.30400013923645
2017-05-08T05:00:00Z,1.152000069618225
2017-05-08T06:00:00Z,0
2017-05-08T07:00:00Z,0
2017-05-08T08:00:00Z,0
2017-05-08T09:00:00Z,0
2017-05-08T10:00:00Z,1.152000069618225
2017-05-08T11:00:00Z,2.30400013923645
2017-05-08T12:00:00Z,3.4560000896453857
2017-05-08T13:00:00Z,8.960000038146973
2017-05-08T14:00:00Z,14.464000701904297
2017-05-08T15:00:00Z,20.032001495361328
2017-05-08T16:00:00Z,20.032001495361328
2017-05-08T17:00:00Z,20.032001495361328
2017-05-08T18:00:00Z,20.032001495361328
2017-05-08T19:00:00Z,23.968000411987305
2017-05-08T20:00:00Z,27.968000411987305
2017-05-08T21:00:00Z,31.93600082397461
2017-05-08T22:00:00Z,21.312000274658203
2017-05-08T23:00:00Z,10.656000137329102
2017-05-09T00:00:00Z,0
2017-05-09T01:00:00Z,0
2017-05-09T02:00:00Z,0
2017-05-09T03:00:00Z,0
2017-05-09T04:00:00Z,0
2017-05-09T05:00:00Z,0
2017-05-09T06:00:00Z,0
2017-05-09T07:00:00Z,0
2017-05-09T08:00:00Z,0
2017-05-09T09:00:00Z,0
2017-05-09T10:00:00Z,0
2017-05-09T11:00:00Z,0
2017-05-09T12:00:00Z,0
2017-05-09T13:00:00Z,16.672000885009766
2017-05-09T14:00:00Z,33.34400177001953
2017-05-09T15:00:00Z,50.0160026550293
2017-05-09T16:00:00Z,61.34400177001953
2017-05-09T17:00:00Z,72.7040023803711
2017-05-09T18:00:00Z,84.0320053100586
2017-05-09T19:00:00Z,96.384002685546875
2017-05-09T20:00:00Z,108.73600769042969
2017-05-09T21:00:00Z,121.08800506591797
2017-05-09T22:00:00Z,108.09600830078125
2017-05-09T23:00:00Z,95.10400390625
2017-05-10T00:00:00Z,82.11200714111328
2017-05-10T01:00:00Z,76.608001708984375
2017-05-10T02:00:00Z,71.16800689697266
2017-05-10T03:00:00Z,65.66400146484375
2017-05-10T04:00:00Z,49.47200393676758
2017-05-10T05:00:00Z,33.21600341796875
2017-05-10T06:00:00Z,17.02400016784668
2017-05-10T07:00:00Z,11.360000610351563
2017-05-10T08:00:00Z,5.696000099182129
2017-05-10T09:00:00Z,0
2017-05-10T10:00:00Z,0
2017-05-10T11:00:00Z,0
2017-05-10T12:00:00Z,0
2017-05-10T13:00:00Z,2.3360002040863037
2017-05-10T14:00:00Z,4.672000408172607
2017-05-10T15:00:00Z,7.0400004386901855
2017-05-10T16:00:00Z,11.360000610351563
2017-05-10T17:00:00Z,15.680000305175781
2017-05-10T18:00:00Z,20
2017-05-10T19:00:00Z,26.68800163269043
2017-05-10T20:00:00Z,33.34400177001953
2017-05-10T21:00:00Z,40
2017-05-10T22:00:00Z,26.68800163269043
2017-05-10T23:00:00Z,13.312000274658203
2017-05-11T00:00:00Z,0
2017-05-11T01:00:00Z,2.688000202178955
2017-05-11T02:00:00Z,5.37600040435791
2017-05-11T03:00:00Z,8.064000129699707
2017-05-11T04:00:00Z,5.37600040435791
2017-05-11T05:00:00Z,2.688000202178955
2017-05-11T06:00:00Z,0
2017-05-11T07:00:00Z,0
2017-05-11T08:00:00Z,0
2017-05-11T09:00:00Z,0
2017-05-11T10:00:00Z,0
2017-05-11T11:00:00Z,0
2017-05-11T12:00:00Z,0
2017-05-11T13:00:00Z,0
2017-05-11T14:00:00Z,0
2017-05-11T15:00:00Z,0
2017-05-11T16:00:00Z,9.344000816345215
2017-05-11T17:00:00Z,18.68800163269043
2017-05-11T18:00:00Z,28.032001495361328
2017-05-11T19:00:00Z,28.672000885009766
2017-05-11T20:00:00Z,29.376001358032227
2017-05-11T21:00:00Z,30.016000747680664
2017-05-11T22:00:00Z,26.68800163269043
2017-05-11T23:00:00Z,23.360000610351563
2017-05-12T00:00:00Z,20.032001495361328
2017-05-12T01:00:00Z,17.472000122070313
2017-05-12T02:00:00Z,14.976000785827637
2017-05-12T03:00:00Z,12.416000366210938
2017-05-12T04:00:00Z,12.416000366210938
2017-05-12T05:00:00Z,12.416000366210938
2017-05-12T06:00:00Z,12.416000366210938
2017-05-12T07:00:00Z,10.944000244140625
2017-05-12T08:00:00Z,9.53600025177002
2017-05-12T09:00:00Z,8.064000129699707
2017-05-12T10:00:00Z,11.040000915527344
2017-05-12T11:00:00Z,14.04800033569336
2017-05-12T12:00:00Z,17.02400016784668
2017-05-12T13:00:00Z,16.576000213623047
2017-05-12T14:00:00Z,16.064001083374023
2017-05-12T15:00:00Z,15.61600112915039
2017-05-12T16:00:00Z,20.416000366210938
2017-05-12T17:00:00Z,25.216001510620117
2017-05-12T18:00:00Z,30.016000747680664
2017-05-12T19:00:00Z,42.68800354003906
2017-05-12T20:00:00Z,55.36000442504883
2017-05-12T21:00:00Z,68.0320053100586
2017-05-12T22:00:00Z,61.05600357055664
2017-05-12T23:00:00Z,54.0160026550293
2017-05-13T00:00:00Z,47.040000915527344
2017-05-13T01:00:00Z,31.360000610351563
2017-05-13T02:00:00Z,15.680000305175781
2017-05-13T03:00:00Z,0
2017-05-13T04:00:00Z,0
2017-05-13T05:00:00Z,0
2017-05-13T06:00:00Z,0
2017-05-13T07:00:00Z,0
2017-05-13T08:00:00Z,0
2017-05-13T09:00:00Z,0
2017-05-13T10:00:00Z,0
2017-05-13T11:00:00Z,0
2017-05-13T12:00:00Z,0
2017-05-13T13:00:00Z,10.656000137329102
2017-05-13T14:00:00Z,21.34400177001953
2017-05-13T15:00:00Z,32
2017-05-13T16:00:00Z,39.040000915527344
2017-05-13T17:00:00Z,46.08000183105469
2017-05-13T18:00:00Z,53.12000274658203
2017-05-13T19:00:00Z,57.28000259399414
2017-05-13T20:00:00Z,61.44000244140625
2017-05-13T21:00:00Z,65.600006103515625
2017-05-13T22:00:00Z,46.0160026550293
2017-05-13T23:00:00Z,26.496002197265625
2017-05-14T00:00:00Z,6.9120001792907715
2017-05-14T01:00:00Z,4.6080002784729
2017-05-14T02:00:00Z,2.30400013923645
2017-05-14T03:00:00Z,0
2017-05-14T04:00:00Z,0
2017-05-14T05:00:00Z,0
2017-05-14T06:00:00Z,0
2017-05-14T07:00:00Z,0
2017-05-14T08:00:00Z,0
2017-05-14T09:00:00Z,0
2017-05-14T10:00:00Z,0
2017-05-14T11:00:00Z,0
2017-05-14T12:00:00Z,0
2017-05-14T13:00:00Z,3.328000068664551
2017-05-14T14:00:00Z,6.656000137329102
2017-05-14T15:00:00Z,9.984000205993652
2017-05-14T16:00:00Z,37.50400161743164
2017-05-14T17:00:00Z,65.08800506591797
2017-05-14T18:00:00Z,92.608001708984375
2017-05-14T19:00:00Z,90.6240005493164
2017-05-14T20:00:00Z,88.7040023803711
2017-05-14T21:00:00Z,86.720001220703125
2017-05-14T22:00:00Z,72.7040023803711
2017-05-14T23:00:00Z,58.68800354003906
2017-05-15T00:00:00Z,44.672000885009766
2017-05-15T01:00:00Z,29.76000213623047
2017-05-15T02:00:00Z,14.880001068115234
2017-05-15T03:00:00Z,0
2017-05-15T04:00:00Z,0
2017-05-15T05:00:00Z,0
2017-05-15T06:00:00Z,0
2017-05-15T07:00:00Z,0
2017-05-15T08:00:00Z,0
2017-05-15T09:00:00Z,0
2017-05-15T10:00:00Z,0
2017-05-15T11:00:00Z,0
2017-05-15T12:00:00Z,0
2017-05-15T13:00:00Z,5.152000427246094
2017-05-15T14:00:00Z,10.272000312805176
2017-05-15T15:00:00Z,15.42400074005127
2017-05-15T16:00:00Z,36.928001403808594
2017-05-15T17:00:00Z,58.496002197265625
2017-05-15T18:00:00Z,80
2017-05-15T19:00:00Z,72.12800598144531
2017-05-15T20:00:00Z,64.31999969482422
2017-05-15T21:00:00Z,56.448001861572266
2017-05-15T22:00:00Z,44.80000305175781
2017-05-15T23:00:00Z,33.152000427246094
2017-05-16T00:00:00Z,21.50400161743164
2017-05-16T01:00:00Z,14.336000442504883
2017-05-16T02:00:00Z,7.168000221252441
2017-05-16T03:00:00Z,0
2017-05-16T04:00:00Z,0
2017-05-16T05:00:00Z,0
2017-05-16T06:00:00Z,0
2017-05-16T07:00:00Z,0
2017-05-16T08:00:00Z,0
2017-05-16T09:00:00Z,0
2017-05-16T10:00:00Z,0
2017-05-16T11:00:00Z,0
2017-05-16T12:00:00Z,0
2017-05-16T13:00:00Z,0
2017-05-16T14:00:00Z,0
2017-05-16T15:00:00Z,0
2017-05-16T16:00:00Z,0
2017-05-16T17:00:00Z,0
2017-05-16T18:00:00Z,0
2017-05-16T19:00:00Z,0
2017-05-16T20:00:00Z,0
2017-05-16T21:00:00Z,0
2017-05-16T22:00:00Z,0
2017-05-16T23:00:00Z,0
2017-05-17T00:00:00Z,0
2017-05-17T01:00:00Z,0
2017-05-17T02:00:00Z,0
2017-05-17T03:00:00Z,0
2017-05-17T04:00:00Z,0
2017-05-17T05:00:00Z,0
2017-05-17T06:00:00Z,0
2017-05-17T07:00:00Z,0
2017-05-17T08:00:00Z,0
2017-05-17T09:00:00Z,0
2017-05-17T10:00:00Z,85.76000213623047
2017-05-17T11:00:00Z,171.4560089111328
2017-05-17T12:00:00Z,257.21600341796875
2017-05-17T13:00:00Z,315.7760009765625
2017-05-17T14:00:00Z,374.3360290527344
2017-05-17T15:00:00Z,432.8960266113281
2017-05-17T16:00:00Z,839.32806396484375
2017-05-17T17:00:00Z,1245.8240966796875
2017-05-17T18:00:00Z,1652.2880859375
2017-05-17T19:00:00Z,1778.3680419921875
2017-05-17T20:00:00Z,1904.4481201171875
2017-05-17T21:00:00Z,2030.592041015625
2017-05-17T22:00:00Z,1751.1041259765625
2017-05-17T23:00:00Z,1471.6800537109375
2017-05-18T00:00:00Z,1192.1920166015625
2017-05-18T01:00:00Z,1091.904052734375
2017-05-18T02:00:00Z,991.61602783203125
2017-05-18T03:00:00Z,891.32806396484375
2017-05-18T04:00:00Z,785.79205322265625
2017-05-18T05:00:00Z,680.1920166015625
2017-05-18T06:00:00Z,574.656005859375
2017-05-18T07:00:00Z,484.2240295410156
2017-05-18T08:00:00Z,393.7920227050781
2017-05-18T09:00:00Z,303.3600158691406
2017-05-18T10:00:00Z,249.28001403808594
2017-05-18T11:00:00Z,195.13601684570313
2017-05-18T12:00:00Z,141.05599975585938
2017-05-18T13:00:00Z,530.75201416015625
2017-05-18T14:00:00Z,920.384033203125
2017-05-18T15:00:00Z,1310.080078125
2017-05-18T16:00:00Z,1307.4560546875
2017-05-18T17:00:00Z,1304.9600830078125
2017-05-18T18:00:00Z,1302.4000244140625
2017-05-18T19:00:00Z,1590.14404296875
2017-05-18T20:00:00Z,1878.01611328125
2017-05-18T21:00:00Z,2165.760009765625
2017-05-18T22:00:00Z,1953.0240478515625
2017-05-18T23:00:00Z,1740.2880859375
2017-05-19T00:00:00Z,1527.6160888671875
2017-05-19T01:00:00Z,1469.248046875
2017-05-19T02:00:00Z,1410.8160400390625
2017-05-19T03:00:00Z,1352.320068359375
2017-05-19T04:00:00Z,1212.0321044921875
2017-05-19T05:00:00Z,1071.6800537109375
2017-05-19T06:00:00Z,931.32806396484375
2017-05-19T07:00:00Z,748.6080322265625
2017-05-19T08:00:00Z,565.88800048828125
2017-05-19T09:00:00Z,383.10400390625
2017-05-19T10:00:00Z,374.1440124511719
2017-05-19T11:00:00Z,365.1200256347656
2017-05-19T12:00:00Z,356.09600830078125
2017-05-19T13:00:00Z,353.0880126953125
2017-05-19T14:00:00Z,350.0160217285156
2017-05-19T15:00:00Z,346.94403076171875
2017-05-19T16:00:00Z,286.5920104980469
2017-05-19T17:00:00Z,226.24000549316406
2017-05-19T18:00:00Z,165.82400512695313
2017-05-19T19:00:00Z,163.64801025390625
2017-05-19T20:00:00Z,161.4720001220703
2017-05-19T21:00:00Z,159.29600524902344
2017-05-19T22:00:00Z,106.1760025024414
2017-05-19T23:00:00Z,53.12000274658203
2017-05-20T00:00:00Z,0
2017-05-20T01:00:00Z,0
2017-05-20T02:00:00Z,0
2017-05-20T03:00:00Z,0
2017-05-20T04:00:00Z,0
2017-05-20T05:00:00Z,0
2017-05-20T06:00:00Z,0
2017-05-20T07:00:00Z,0
2017-05-20T08:00:00Z,0
2017-05-20T09:00:00Z,0
2017-05-20T10:00:00Z,0
2017-05-20T11:00:00Z,0
2017-05-20T12:00:00Z,0
2017-05-20T13:00:00Z,0
2017-05-20T14:00:00Z,0
2017-05-20T15:00:00Z,0
2017-05-20T16:00:00Z,0
2017-05-20T17:00:00Z,0
2017-05-20T18:00:00Z,0
2017-05-20T19:00:00Z,0
2017-05-20T20:00:00Z,0
2017-05-20T21:00:00Z,0
2017-05-20T22:00:00Z,0
2017-05-20T23:00:00Z,0
2017-05-21T00:00:00Z,0
2017-05-21T01:00:00Z,0
2017-05-21T02:00:00Z,0
2017-05-21T03:00:00Z,0
2017-05-21T04:00:00Z,0
2017-05-21T05:00:00Z,0
2017-05-21T06:00:00Z,0
2017-05-21T07:00:00Z,0
2017-05-21T08:00:00Z,0
2017-05-21T09:00:00Z,0
2017-05-21T10:00:00Z,0
2017-05-21T11:00:00Z,0
2017-05-21T12:00:00Z,0
2017-05-21T13:00:00Z,0
2017-05-21T14:00:00Z,0
2017-05-21T15:00:00Z,0
2017-05-21T16:00:00Z,0
2017-05-21T17:00:00Z,0
2017-05-21T18:00:00Z,0
2017-05-21T19:00:00Z,0
2017-05-21T20:00:00Z,0
2017-05-21T21:00:00Z,0
2017-05-21T22:00:00Z,0
2017-05-21T23:00:00Z,0
2017-05-22T00:00:00Z,0
2017-05-22T01:00:00Z,0
2017-05-22T02:00:00Z,0
2017-05-22T03:00:00Z,0
2017-05-22T04:00:00Z,0
2017-05-22T05:00:00Z,0
2017-05-22T06:00:00Z,0
2017-05-22T07:00:00Z,0
2017-05-22T08:00:00Z,0
2017-05-22T09:00:00Z,0
2017-05-22T10:00:00Z,0.64000004529953
2017-05-22T11:00:00Z,1.312000036239624
2017-05-22T12:00:00Z,1.9520001411437988
2017-05-22T13:00:00Z,1.312000036239624
2017-05-22T14:00:00Z,0.64000004529953
2017-05-22T15:00:00Z,0
2017-05-22T16:00:00Z,0
2017-05-22T17:00:00Z,0
2017-05-22T18:00:00Z,0
2017-05-22T19:00:00Z,0
2017-05-22T20:00:00Z,0
2017-05-22T21:00:00Z,0
2017-05-22T22:00:00Z,0
2017-05-22T23:00:00Z,0
2017-05-23T00:00:00Z,0
2017-05-23T01:00:00Z,0
2017-05-23T02:00:00Z,0
2017-05-23T03:00:00Z,0
2017-05-23T04:00:00Z,0
2017-05-23T05:00:00Z,0
2017-05-23T06:00:00Z,0
2017-05-23T07:00:00Z,0
2017-05-23T08:00:00Z,0
2017-05-23T09:00:00Z,0
2017-05-23T10:00:00Z,0
2017-05-23T11:00:00Z,0
2017-05-23T12:00:00Z,0
2017-05-23T13:00:00Z,0
2017-05-23T14:00:00Z,0
2017-05-23T15:00:00Z,0
2017-05-23T16:00:00Z,0
2017-05-23T17:00:00Z,0
2017-05-23T18:00:00Z,0
2017-05-23T19:00:00Z,0
2017-05-23T20:00:00Z,0
2017-05-23T21:00:00Z,0
2017-05-23T22:00:00Z,0
2017-05-23T23:00:00Z,0
2017-05-24T00:00:00Z,0
2017-05-24T01:00:00Z,0
2017-05-24T02:00:00Z,0
2017-05-24T03:00:00Z,0
2017-05-24T04:00:00Z,0
2017-05-24T05:00:00Z,0
2017-05-24T06:00:00Z,0
2017-05-24T07:00:00Z,0
2017-05-24T08:00:00Z,0
2017-05-24T09:00:00Z,0
2017-05-24T10:00:00Z,0
2017-05-24T11:00:00Z,0
2017-05-24T12:00:00Z,0
2017-05-24T13:00:00Z,0
2017-05-24T14:00:00Z,0
2017-05-24T15:00:00Z,0
2017-05-24T16:00:00Z,0.9600000381469727
2017-05-24T17:00:00Z,1.9840000867843628
2017-05-24T18:00:00Z,2.944000244140625
2017-05-24T19:00:00Z,5.312000274658203
2017-05-24T20:00:00Z,7.680000305175781
2017-05-24T21:00:00Z,9.984000205993652
2017-05-24T22:00:00Z,6.656000137329102
2017-05-24T23:00:00Z,3.328000068664551
2017-05-25T00:00:00Z,0
2017-05-25T01:00:00Z,0
2017-05-25T02:00:00Z,0
2017-05-25T03:00:00Z,0
2017-05-25T04:00:00Z,0
2017-05-25T05:00:00Z,0
2017-05-25T06:00:00Z,0
2017-05-25T07:00:00Z,0
2017-05-25T08:00:00Z,0
2017-05-25T09:00:00Z,0
2017-05-25T10:00:00Z,0
2017-05-25T11:00:00Z,0
2017-05-25T12:00:00Z,0
2017-05-25T13:00:00Z,0
2017-05-25T14:00:00Z,0
2017-05-25T15:00:00Z,0
2017-05-25T16:00:00Z,0
2017-05-25T17:00:00Z,0
2017-05-25T18:00:00Z,0
2017-05-25T19:00:00Z,9.344000816345215
2017-05-25T20:00:00Z,18.68800163269043
2017-05-25T21:00:00Z,28.032001495361328
2017-05-25T22:00:00Z,29.88800048828125
2017-05-25T23:00:00Z,31.680002212524414
2017-05-26T00:00:00Z,33.53600311279297
2017-05-26T01:00:00Z,23.488000869750977
2017-05-26T02:00:00Z,13.504000663757324
2017-05-26T03:00:00Z,3.4560000896453857
2017-05-26T04:00:00Z,15.488000869750977
2017-05-26T05:00:00Z,27.45600128173828
2017-05-26T06:00:00Z,39.48800277709961
2017-05-26T07:00:00Z,29.632001876831055
2017-05-26T08:00:00Z,19.84000015258789
2017-05-26T09:00:00Z,9.984000205993652
2017-05-26T10:00:00Z,6.656000137329102
2017-05-26T11:00:00Z,3.328000068664551
2017-05-26T12:00:00Z,0
2017-05-26T13:00:00Z,0.64000004529953
2017-05-26T14:00:00Z,1.28000009059906
2017-05-26T15:00:00Z,1.9200000762939453
2017-05-26T16:00:00Z,17.792001724243164
2017-05-26T17:00:00Z,33.66400146484375
2017-05-26T18:00:00Z,49.53600311279297
2017-05-26T19:00:00Z,53.50400161743164
2017-05-26T20:00:00Z,57.47200393676758
2017-05-26T21:00:00Z,61.44000244140625
2017-05-26T22:00:00Z,47.61600112915039
2017-05-26T23:00:00Z,33.79199981689453
2017-05-27T00:00:00Z,19.968000411987305
2017-05-27T01:00:00Z,16
2017-05-27T02:00:00Z,12.032000541687012
2017-05-27T03:00:00Z,8.064000129699707
2017-05-27T04:00:00Z,5.37600040435791
2017-05-27T05:00:00Z,2.688000202178955
2017-05-27T06:00:00Z,0
2017-05-27T07:00:00Z,0
2017-05-27T08:00:00Z,0
2017-05-27T09:00:00Z,0
2017-05-27T10:00:00Z,0
2017-05-27T11:00:00Z,0
2017-05-27T12:00:00Z,0
2017-05-27T13:00:00Z,6.016000270843506
2017-05-27T14:00:00Z,12.032000541687012
2017-05-27T15:00:00Z,18.04800033569336
2017-05-27T16:00:00Z,20.86400032043457
2017-05-27T17:00:00Z,23.68000030517578
2017-05-27T18:00:00Z,26.496002197265625
2017-05-27T19:00:00Z,26.112001419067383
2017-05-27T20:00:00Z,25.72800064086914
2017-05-27T21:00:00Z,25.472002029418945
2017-05-27T22:00:00Z,16.895999908447266
2017-05-27T23:00:00Z,8.447999954223633
2017-05-28T00:00:00Z,0
2017-05-28T01:00:00Z,0
2017-05-28T02:00:00Z,0
2017-05-28T03:00:00Z,0
2017-05-28T04:00:00Z,0
2017-05-28T05:00:00Z,0
2017-05-28T06:00:00Z,0
2017-05-28T07:00:00Z,0
2017-05-28T08:00:00Z,0
2017-05-28T09:00:00Z,0
2017-05-28T10:00:00Z,0
2017-05-28T11:00:00Z,0
2017-05-28T12:00:00Z,0
2017-05-28T13:00:00Z,12.35200023651123
2017-05-28T14:00:00Z,24.70400047302246
2017-05-28T15:00:00Z,36.992000579833984
2017-05-28T16:00:00Z,25.34400177001953
2017-05-28T17:00:00Z,13.696001052856445
2017-05-28T18:00:00Z,1.9200000762939453
2017-05-28T19:00:00Z,4.6080002784729
2017-05-28T20:00:00Z,7.2960004806518555
2017-05-28T21:00:00Z,9.984000205993652
2017-05-28T22:00:00Z,9.984000205993652
2017-05-28T23:00:00Z,9.984000205993652
2017-05-29T00:00:00Z,9.984000205993652
2017-05-29T01:00:00Z,6.656000137329102
2017-05-29T02:00:00Z,3.328000068664551
2017-05-29T03:00:00Z,0
2017-05-29T04:00:00Z,0
2017-05-29T05:00:00Z,0
2017-05-29T06:00:00Z,0
2017-05-29T07:00:00Z,0
2017-05-29T08:00:00Z,0
2017-05-29T09:00:00Z,0
2017-05-29T10:00:00Z,0
2017-05-29T11:00:00Z,0
2017-05-29T12:00:00Z,0
2017-05-29T13:00:00Z,0
2017-05-29T14:00:00Z,0
2017-05-29T15:00:00Z,0
2017-05-29T16:00:00Z,0
2017-05-29T17:00:00Z,0
2017-05-29T18:00:00Z,0
2017-05-29T19:00:00Z,0
2017-05-29T20:00:00Z,0
2017-05-29T21:00:00Z,0
2017-05-29T22:00:00Z,0
2017-05-29T23:00:00Z,0
2017-05-30T00:00:00Z,0
2017-05-30T01:00:00Z,0
2017-05-30T02:00:00Z,0
2017-05-30T03:00:00Z,0
2017-05-30T04:00:00Z,0
2017-05-30T05:00:00Z,0
2017-05-30T06:00:00Z,0
2017-05-30T07:00:00Z,1.3440001010894775
2017-05-30T08:00:00Z,2.688000202178955
2017-05-30T09:00:00Z,4.0320000648498535
2017-05-30T10:00:00Z,2.688000202178955
2017-05-30T11:00:00Z,1.3440001010894775
2017-05-30T12:00:00Z,0
2017-05-30T13:00:00Z,0
2017-05-30T14:00:00Z,0
2017-05-30T15:00:00Z,0
2017-05-30T16:00:00Z,0.8320000171661377
2017-05-30T17:00:00Z,1.600000023841858
2017-05-30T18:00:00Z,2.432000160217285
2017-05-30T19:00:00Z,3.392000198364258
2017-05-30T20:00:00Z,4.4160003662109375
2017-05-30T21:00:00Z,5.440000057220459
2017-05-30T22:00:00Z,3.5840001106262207
2017-05-30T23:00:00Z,1.7920000553131104
2017-05-31T00:00:00Z,0
2017-05-31T01:00:00Z,4.3520002365112305
2017-05-31T02:00:00Z,8.640000343322754
2017-05-31T03:00:00Z,12.992000579833984
2017-05-31T04:00:00Z,32.512001037597656
2017-05-31T05:00:00Z,52.09600067138672
2017-05-31T06:00:00Z,71.61600494384766
2017-05-31T07:00:00Z,130.3040008544922
2017-05-31T08:00:00Z,188.92800903320313
2017-05-31T09:00:00Z,247.6160125732422
2017-05-31T10:00:00Z,242.4320068359375
2017-05-31T11:00:00Z,237.1840057373047
2017-05-31T12:00:00Z,232.00001525878906
2017-05-31T13:00:00Z,380.9280090332031
2017-05-31T14:00:00Z,529.85601806640625
2017-05-31T15:00:00Z,678.7840576171875
2017-05-31T16:00:00Z,691.7120361328125
2017-05-31T17:00:00Z,704.6400146484375
2017-05-31T18:00:00Z,717.5040283203125
2017-05-31T19:00:00Z,906.30401611328125
2017-05-31T20:00:00Z,1095.0400390625
2017-05-31T21:00:00Z,1283.840087890625
2017-05-31T22:00:00Z,1134.01611328125
2017-05-31T23:00:00Z,984.25604248046875
2017-06-01T00:00:00Z,834.43206787109375
2017-06-01T01:00:00Z,760.96002197265625
2017-06-01T02:00:00Z,687.488037109375
2017-06-01T03:00:00Z,614.01605224609375
2017-06-01T04:00:00Z,457.72802734375
2017-06-01T05:00:00Z,301.44000244140625
2017-06-01T06:00:00Z,145.15200805664063
2017-06-01T07:00:00Z,107.07200622558594
2017-06-01T08:00:00Z,69.12000274658203
2017-06-01T09:00:00Z,31.104001998901367
2017-06-01T10:00:00Z,32.25600051879883
2017-06-01T11:00:00Z,33.40800094604492
2017-06-01T12:00:00Z,34.560001373291016
2017-06-01T13:00:00Z,80.64000701904297
2017-06-01T14:00:00Z,126.656005859375
2017-06-01T15:00:00Z,172.7360076904297
2017-06-01T16:00:00Z,130.24000549316406
2017-06-01T17:00:00Z,87.68000793457031
2017-06-01T18:00:00Z,45.18400192260742
2017-06-01T19:00:00Z,50.30400085449219
2017-06-01T20:00:00Z,55.36000442504883
2017-06-01T21:00:00Z,60.480003356933594
2017-06-01T22:00:00Z,53.12000274658203
2017-06-01T23:00:00Z,45.82400131225586
2017-06-02T00:00:00Z,38.4640007019043
2017-06-02T01:00:00Z,46.656002044677734
2017-06-02T02:00:00Z,54.78400421142578
2017-06-02T03:00:00Z,62.91200256347656
2017-06-02T04:00:00Z,65.79199981689453
2017-06-02T05:00:00Z,68.67200469970703
2017-06-02T06:00:00Z,71.552001953125
2017-06-02T07:00:00Z,47.68000411987305
2017-06-02T08:00:00Z,23.87200164794922
2017-06-02T09:00:00Z,0
2017-06-02T10:00:00Z,0
2017-06-02T11:00:00Z,0
2017-06-02T12:00:00Z,0
2017-06-02T13:00:00Z,36.480003356933594
2017-06-02T14:00:00Z,72.96000671386719
2017-06-02T15:00:00Z,109.44000244140625
2017-06-02T16:00:00Z,222.59201049804688
2017-06-02T17:00:00Z,335.7440185546875
2017-06-02T18:00:00Z,448.8960266113281
2017-06-02T19:00:00Z,421.9520263671875
2017-06-02T20:00:00Z,395.072021484375
2017-06-02T21:00:00Z,368.1280212402344
2017-06-02T22:00:00Z,246.2080078125
2017-06-02T23:00:00Z,124.35200500488281
2017-06-03T00:00:00Z,2.432000160217285
2017-06-03T01:00:00Z,1.600000023841858
2017-06-03T02:00:00Z,0.8320000171661377
2017-06-03T03:00:00Z,0
2017-06-03T04:00:00Z,0
2017-06-03T05:00:00Z,0
2017-06-03T06:00:00Z,0
2017-06-03T07:00:00Z,0
2017-06-03T08:00:00Z,0
2017-06-03T09:00:00Z,0
2017-06-03T10:00:00Z,0
2017-06-03T11:00:00Z,0
2017-06-03T12:00:00Z,0
2017-06-03T13:00:00Z,38.784000396728516
2017-06-03T14:00:00Z,77.63200378417969
2017-06-03T15:00:00Z,116.41600799560547
2017-06-03T16:00:00Z,82.11200714111328
2017-06-03T17:00:00Z,47.80800247192383
2017-06-03T18:00:00Z,13.440000534057617
2017-06-03T19:00:00Z,23.104001998901367
2017-06-03T20:00:00Z,32.768001556396484
2017-06-03T21:00:00Z,42.432003021240234
2017-06-03T22:00:00Z,28.288002014160156
2017-06-03T23:00:00Z,14.144001007080078
2017-06-04T00:00:00Z,0
2017-06-04T01:00:00Z,0
2017-06-04T02:00:00Z,0
2017-06-04T03:00:00Z,0
2017-06-04T04:00:00Z,0
2017-06-04T05:00:00Z,0
2017-06-04T06:00:00Z,0
2017-06-04T07:00:00Z,0
2017-06-04T08:00:00Z,0
2017-06-04T09:00:00Z,0
2017-06-04T10:00:00Z,0
2017-06-04T11:00:00Z,0
2017-06-04T12:00:00Z,0
2017-06-04T13:00:00Z,0
2017-06-04T14:00:00Z,0
2017-06-04T15:00:00Z,0
2017-06-04T16:00:00Z,0.8320000171661377
2017-06-04T17:00:00Z,1.600000023841858
2017-06-04T18:00:00Z,2.432000160217285
2017-06-04T19:00:00Z,1.600000023841858
2017-06-04T20:00:00Z,0.8320000171661377
2017-06-04T21:00:00Z,0
2017-06-04T22:00:00Z,10.496000289916992
2017-06-04T23:00:00Z,20.992000579833984
2017-06-05T00:00:00Z,31.488000869750977
2017-06-05T01:00:00Z,50.112003326416016
2017-06-05T02:00:00Z,68.80000305175781
2017-06-05T03:00:00Z,87.488006591796875
2017-06-05T04:00:00Z,132.16000366210938
2017-06-05T05:00:00Z,176.89601135253906
2017-06-05T06:00:00Z,221.56800842285156
2017-06-05T07:00:00Z,236.67201232910156
2017-06-05T08:00:00Z,251.77601623535156
2017-06-05T09:00:00Z,266.8800048828125
2017-06-05T10:00:00Z,215.2320098876953
2017-06-05T11:00:00Z,163.58401489257813
2017-06-05T12:00:00Z,111.87200164794922
2017-06-05T13:00:00Z,249.6640167236328
2017-06-05T14:00:00Z,387.4560241699219
2017-06-05T15:00:00Z,525.248046875
2017-06-05T16:00:00Z,637.82403564453125
2017-06-05T17:00:00Z,750.4000244140625
2017-06-05T18:00:00Z,862.97601318359375
2017-06-05T19:00:00Z,801.15203857421875
2017-06-05T20:00:00Z,739.32806396484375
2017-06-05T21:00:00Z,677.5040283203125
2017-06-05T22:00:00Z,526.91204833984375
2017-06-05T23:00:00Z,376.32000732421875
2017-06-06T00:00:00Z,225.72801208496094
2017-06-06T01:00:00Z,179.26400756835938
2017-06-06T02:00:00Z,132.8000030517578
2017-06-06T03:00:00Z,86.33600616455078
2017-06-06T04:00:00Z,66.944000244140625
2017-06-06T05:00:00Z,47.61600112915039
2017-06-06T06:00:00Z,28.288002014160156
2017-06-06T07:00:00Z,18.880001068115234
2017-06-06T08:00:00Z,9.407999992370605
2017-06-06T09:00:00Z,0
2017-06-06T10:00:00Z,5.504000186920166
2017-06-06T11:00:00Z,11.008000373840332
2017-06-06T12:00:00Z,16.512001037597656
2017-06-06T13:00:00Z,11.008000373840332
2017-06-06T14:00:00Z,5.504000186920166
2017-06-06T15:00:00Z,0
2017-06-06T16:00:00Z,0
2017-06-06T17:00:00Z,0
2017-06-06T18:00:00Z,0
2017-06-06T19:00:00Z,0
2017-06-06T20:00:00Z,0
2017-06-06T21:00:00Z,0
2017-06-06T22:00:00Z,0
2017-06-06T23:00:00Z,0
2017-06-07T00:00:00Z,0
2017-06-07T01:00:00Z,0
2017-06-07T02:00:00Z,0
2017-06-07T03:00:00Z,0
2017-06-07T04:00:00Z,0
2017-06-07T05:00:00Z,0
2017-06-07T06:00:00Z,0
2017-06-07T07:00:00Z,0
2017-06-07T08:00:00Z,0
2017-06-07T09:00:00Z,0
2017-06-07T10:00:00Z,0
2017-06-07T11:00:00Z,0
2017-06-07T12:00:00Z,0
2017-06-07T13:00:00Z,12.672000885009766
2017-06-07T14:00:00Z,25.34400177001953
2017-06-07T15:00:00Z,38.08000183105469
2017-06-07T16:00:00Z,36.928001403808594
2017-06-07T17:00:00Z,35.7760009765625
2017-06-07T18:00:00Z,34.560001373291016
2017-06-07T19:00:00Z,31.23200225830078
2017-06-07T20:00:00Z,27.904001235961914
2017-06-07T21:00:00Z,24.576000213623047
2017-06-07T22:00:00Z,21.248001098632813
2017-06-07T23:00:00Z,17.920000076293945
2017-06-08T00:00:00Z,14.592000961303711
2017-06-08T01:00:00Z,9.72800064086914
2017-06-08T02:00:00Z,4.86400032043457
2017-06-08T03:00:00Z,0
2017-06-08T04:00:00Z,0
2017-06-08T05:00:00Z,0
2017-06-08T06:00:00Z,0
2017-06-08T07:00:00Z,0
2017-06-08T08:00:00Z,0
2017-06-08T09:00:00Z,0
2017-06-08T10:00:00Z,0
2017-06-08T11:00:00Z,0
2017-06-08T12:00:00Z,0
2017-06-08T13:00:00Z,0
2017-06-08T14:00:00Z,0
2017-06-08T15:00:00Z,0
2017-06-08T16:00:00Z,2.1760001182556152
2017-06-08T17:00:00Z,4.288000106811523
2017-06-08T18:00:00Z,6.464000225067139
2017-06-08T19:00:00Z,13.248001098632813
2017-06-08T20:00:00Z,20.032001495361328
2017-06-08T21:00:00Z,26.880001068115234
2017-06-08T22:00:00Z,17.920000076293945
2017-06-08T23:00:00Z,8.960000038146973
2017-06-09T00:00:00Z,0
2017-06-09T01:00:00Z,0
2017-06-09T02:00:00Z,0
2017-06-09T03:00:00Z,0
2017-06-09T04:00:00Z,0
2017-06-09T05:00:00Z,0
2017-06-09T06:00:00Z,0
2017-06-09T07:00:00Z,0
2017-06-09T08:00:00Z,0
2017-06-09T09:00:00Z,0
2017-06-09T10:00:00Z,0
2017-06-09T11:00:00Z,0
2017-06-09T12:00:00Z,0
2017-06-09T13:00:00Z,172.92800903320313
2017-06-09T14:00:00Z,345.7920227050781
2017-06-09T15:00:00Z,518.72003173828125
2017-06-09T16:00:00Z,643.58404541015625
2017-06-09T17:00:00Z,768.44805908203125
2017-06-09T18:00:00Z,893.31207275390625
2017-06-09T19:00:00Z,781.37603759765625
2017-06-09T20:00:00Z,669.5040283203125
2017-06-09T21:00:00Z,557.56805419921875
2017-06-09T22:00:00Z,372.54400634765625
2017-06-09T23:00:00Z,187.4560089111328
2017-06-10T00:00:00Z,2.432000160217285
2017-06-10T01:00:00Z,1.600000023841858
2017-06-10T02:00:00Z,0.8320000171661377
2017-06-10T03:00:00Z,0
2017-06-10T04:00:00Z,0
2017-06-10T05:00:00Z,0
2017-06-10T06:00:00Z,0
2017-06-10T07:00:00Z,0
2017-06-10T08:00:00Z,0
2017-06-10T09:00:00Z,0
2017-06-10T10:00:00Z,0
2017-06-10T11:00:00Z,0
2017-06-10T12:00:00Z,0
2017-06-10T13:00:00Z,106.30400848388672
2017-06-10T14:00:00Z,212.54400634765625
2017-06-10T15:00:00Z,318.8480224609375
2017-06-10T16:00:00Z,396.28802490234375
2017-06-10T17:00:00Z,473.6640319824219
2017-06-10T18:00:00Z,551.10400390625
2017-06-10T19:00:00Z,491.20001220703125
2017-06-10T20:00:00Z,431.3600158691406
2017-06-10T21:00:00Z,371.52001953125
2017-06-10T22:00:00Z,314.75201416015625
2017-06-10T23:00:00Z,257.9840087890625
2017-06-11T00:00:00Z,201.21600341796875
2017-06-11T01:00:00Z,145.4720001220703
2017-06-11T02:00:00Z,89.66400146484375
2017-06-11T03:00:00Z,33.92000198364258
2017-06-11T04:00:00Z,29.76000213623047
2017-06-11T05:00:00Z,25.600000381469727
2017-06-11T06:00:00Z,21.440000534057617
2017-06-11T07:00:00Z,14.272000312805176
2017-06-11T08:00:00Z,7.168000221252441
2017-06-11T09:00:00Z,0
2017-06-11T10:00:00Z,0
2017-06-11T11:00:00Z,0
2017-06-11T12:00:00Z,0
2017-06-11T13:00:00Z,24.576000213623047
2017-06-11T14:00:00Z,49.152000427246094
2017-06-11T15:00:00Z,73.7280044555664
2017-06-11T16:00:00Z,199.1680145263672
2017-06-11T17:00:00Z,324.6720275878906
2017-06-11T18:00:00Z,450.176025390625
2017-06-11T19:00:00Z,627.072021484375
2017-06-11T20:00:00Z,803.968017578125
2017-06-11T21:00:00Z,980.86407470703125
2017-06-11T22:00:00Z,857.216064453125
2017-06-11T23:00:00Z,733.56805419921875
2017-06-12T00:00:00Z,609.9200439453125
2017-06-12T01:00:00Z,498.3680114746094
2017-06-12T02:00:00Z,386.8800048828125
2017-06-12T03:00:00Z,275.3280029296875
2017-06-12T04:00:00Z,183.552001953125
2017-06-12T05:00:00Z,91.7760009765625
2017-06-12T06:00:00Z,0
2017-06-12T07:00:00Z,0
2017-06-12T08:00:00Z,0
2017-06-12T09:00:00Z,0
2017-06-12T10:00:00Z,0
2017-06-12T11:00:00Z,0
2017-06-12T12:00:00Z,0
2017-06-12T13:00:00Z,246.14401245117188
2017-06-12T14:00:00Z,492.28802490234375
2017-06-12T15:00:00Z,738.4320068359375
2017-06-12T16:00:00Z,1132.6719970703125
2017-06-12T17:00:00Z,1526.912109375
2017-06-12T18:00:00Z,1921.152099609375
2017-06-12T19:00:00Z,2263.424072265625
2017-06-12T20:00:00Z,2605.696044921875
2017-06-12T21:00:00Z,2947.96826171875
2017-06-12T22:00:00Z,2769.792236328125
2017-06-12T23:00:00Z,2591.68017578125
2017-06-13T00:00:00Z,2413.504150390625
2017-06-13T01:00:00Z,2329.984130859375
2017-06-13T02:00:00Z,2246.528076171875
2017-06-13T03:00:00Z,2163.008056640625
2017-06-13T04:00:00Z,1947.9681396484375
2017-06-13T05:00:00Z,1732.8641357421875
2017-06-13T06:00:00Z,1517.8240966796875
2017-06-13T07:00:00Z,1261.18408203125
2017-06-13T08:00:00Z,1004.5440673828125
2017-06-13T09:00:00Z,747.904052734375
2017-06-13T10:00:00Z,634.04803466796875
2017-06-13T11:00:00Z,520.1920166015625
2017-06-13T12:00:00Z,406.3360290527344
2017-06-13T13:00:00Z,780.73602294921875
2017-06-13T14:00:00Z,1155.2000732421875
2017-06-13T15:00:00Z,1529.60009765625
2017-06-13T16:00:00Z,1545.8560791015625
2017-06-13T17:00:00Z,1562.176025390625
2017-06-13T18:00:00Z,1578.49609375
2017-06-13T19:00:00Z,1462.528076171875
2017-06-13T20:00:00Z,1346.56005859375
2017-06-13T21:00:00Z,1230.592041015625
2017-06-13T22:00:00Z,934.91204833984375
2017-06-13T23:00:00Z,639.2320556640625
2017-06-14T00:00:00Z,343.552001953125
2017-06-14T01:00:00Z,251.13601684570313
2017-06-14T02:00:00Z,158.7840118408203
2017-06-14T03:00:00Z,66.4320068359375
2017-06-14T04:00:00Z,44.288002014160156
2017-06-14T05:00:00Z,22.144001007080078
2017-06-14T06:00:00Z,0
2017-06-14T07:00:00Z,0
2017-06-14T08:00:00Z,0
2017-06-14T09:00:00Z,0
2017-06-14T10:00:00Z,0
2017-06-14T11:00:00Z,0
2017-06-14T12:00:00Z,0
2017-06-14T13:00:00Z,0
2017-06-14T14:00:00Z,0
2017-06-14T15:00:00Z,0
2017-06-14T16:00:00Z,0
2017-06-14T17:00:00Z,0
2017-06-14T18:00:00Z,0
2017-06-14T19:00:00Z,0
2017-06-14T20:00:00Z,0
2017-06-14T21:00:00Z,0
2017-06-14T22:00:00Z,0
2017-06-14T23:00:00Z,0
2017-06-15T00:00:00Z,0
2017-06-15T01:00:00Z,0
2017-06-15T02:00:00Z,0
2017-06-15T03:00:00Z,0
2017-06-15T04:00:00Z,0
2017-06-15T05:00:00Z,0
2017-06-15T06:00:00Z,0
2017-06-15T07:00:00Z,0
2017-06-15T08:00:00Z,0
2017-06-15T09:00:00Z,0
2017-06-15T10:00:00Z,0
2017-06-15T11:00:00Z,0
2017-06-15T12:00:00Z,0
2017-06-15T13:00:00Z,0
2017-06-15T14:00:00Z,0
2017-06-15T15:00:00Z,0
2017-06-15T16:00:00Z,0
2017-06-15T17:00:00Z,0
2017-06-15T18:00:00Z,0
2017-06-15T19:00:00Z,0
2017-06-15T20:00:00Z,0
2017-06-15T21:00:00Z,0
2017-06-15T22:00:00Z,1.28000009059906
2017-06-15T23:00:00Z,2.688000202178955
2017-06-16T00:00:00Z,3.9680001735687256
2017-06-16T01:00:00Z,2.688000202178955
2017-06-16T02:00:00Z,1.28000009059906
2017-06-16T03:00:00Z,0
2017-06-16T04:00:00Z,0
2017-06-16T05:00:00Z,0
2017-06-16T06:00:00Z,0
2017-06-16T07:00:00Z,0
2017-06-16T08:00:00Z,0
2017-06-16T09:00:00Z,0
2017-06-16T10:00:00Z,0
2017-06-16T11:00:00Z,0
2017-06-16T12:00:00Z,0
2017-06-16T13:00:00Z,0
2017-06-16T14:00:00Z,0
2017-06-16T15:00:00Z,0
2017-06-16T16:00:00Z,8.064000129699707
2017-06-16T17:00:00Z,16
2017-06-16T18:00:00Z,24.064001083374023
2017-06-16T19:00:00Z,41.60000228881836
2017-06-16T20:00:00Z,59.26400375366211
2017-06-16T21:00:00Z,76.80000305175781
2017-06-16T22:00:00Z,59.26400375366211
2017-06-16T23:00:00Z,41.60000228881836
2017-06-17T00:00:00Z,24.064001083374023
2017-06-17T01:00:00Z,16
2017-06-17T02:00:00Z,8.064000129699707
2017-06-17T03:00:00Z,0
2017-06-17T04:00:00Z,0
2017-06-17T05:00:00Z,0
2017-06-17T06:00:00Z,0
2017-06-17T07:00:00Z,0
2017-06-17T08:00:00Z,0
2017-06-17T09:00:00Z,0
2017-06-17T10:00:00Z,0.64000004529953
2017-06-17T11:00:00Z,1.28000009059906
2017-06-17T12:00:00Z,1.9200000762939453
2017-06-17T13:00:00Z,28.160001754760742
2017-06-17T14:00:00Z,54.400001525878906
2017-06-17T15:00:00Z,80.64000701904297
2017-06-17T16:00:00Z,173.31201171875
2017-06-17T17:00:00Z,265.85601806640625
2017-06-17T18:00:00Z,358.52801513671875
2017-06-17T19:00:00Z,479.61602783203125
2017-06-17T20:00:00Z,600.70404052734375
2017-06-17T21:00:00Z,721.79205322265625
2017-06-17T22:00:00Z,618.49603271484375
2017-06-17T23:00:00Z,515.20001220703125
2017-06-18T00:00:00Z,412.0320129394531
2017-06-18T01:00:00Z,336.3840026855469
2017-06-18T02:00:00Z,260.864013671875
2017-06-18T03:00:00Z,185.34400939941406
2017-06-18T04:00:00Z,166.52801513671875
2017-06-18T05:00:00Z,147.71200561523438
2017-06-18T06:00:00Z,128.9600067138672
2017-06-18T07:00:00Z,91.64800262451172
2017-06-18T08:00:00Z,54.272003173828125
2017-06-18T09:00:00Z,16.96000099182129
2017-06-18T10:00:00Z,26.68800163269043
2017-06-18T11:00:00Z,36.480003356933594
2017-06-18T12:00:00Z,46.208003997802734
2017-06-18T13:00:00Z,345.7920227050781
2017-06-18T14:00:00Z,645.37603759765625
2017-06-18T15:00:00Z,944.96002197265625
2017-06-18T16:00:00Z,1078.0159912109375
2017-06-18T17:00:00Z,1211.072021484375
2017-06-18T18:00:00Z,1344.1280517578125
2017-06-18T19:00:00Z,1607.80810546875
2017-06-18T20:00:00Z,1871.424072265625
2017-06-18T21:00:00Z,2135.10400390625
2017-06-18T22:00:00Z,2002.3680419921875
2017-06-18T23:00:00Z,1869.568115234375
2017-06-19T00:00:00Z,1736.83203125
2017-06-19T01:00:00Z,1682.6881103515625
2017-06-19T02:00:00Z,1628.5440673828125
2017-06-19T03:00:00Z,1574.4000244140625
2017-06-19T04:00:00Z,1503.1041259765625
2017-06-19T05:00:00Z,1431.80810546875
2017-06-19T06:00:00Z,1360.5120849609375
2017-06-19T07:00:00Z,1326.080078125
2017-06-19T08:00:00Z,1291.6480712890625
2017-06-19T09:00:00Z,1257.152099609375
2017-06-19T10:00:00Z,1212.0321044921875
2017-06-19T11:00:00Z,1166.8480224609375
2017-06-19T12:00:00Z,1121.6640625
2017-06-19T13:00:00Z,1072
2017-06-19T14:00:00Z,1022.2720336914063
2017-06-19T15:00:00Z,972.6080322265625
2017-06-19T16:00:00Z,859.84002685546875
2017-06-19T17:00:00Z,747.008056640625
2017-06-19T18:00:00Z,634.24005126953125
2017-06-19T19:00:00Z,600
2017-06-19T20:00:00Z,565.82403564453125
2017-06-19T21:00:00Z,531.58404541015625
2017-06-19T22:00:00Z,595.7760009765625
2017-06-19T23:00:00Z,659.968017578125
2017-06-20T00:00:00Z,724.1600341796875
2017-06-20T01:00:00Z,593.4720458984375
2017-06-20T02:00:00Z,462.72003173828125
2017-06-20T03:00:00Z,331.968017578125
2017-06-20T04:00:00Z,321.40802001953125
2017-06-20T05:00:00Z,310.9120178222656
2017-06-20T06:00:00Z,300.3520202636719
2017-06-20T07:00:00Z,284.1600036621094
2017-06-20T08:00:00Z,267.968017578125
2017-06-20T09:00:00Z,251.71200561523438
2017-06-20T10:00:00Z,207.93600463867188
2017-06-20T11:00:00Z,164.09600830078125
2017-06-20T12:00:00Z,120.32000732421875
2017-06-20T13:00:00Z,133.760009765625
2017-06-20T14:00:00Z,147.20001220703125
2017-06-20T15:00:00Z,160.5760040283203
2017-06-20T16:00:00Z,165.37600708007813
2017-06-20T17:00:00Z,170.1120147705078
2017-06-20T18:00:00Z,174.84800720214844
2017-06-20T19:00:00Z,173.12001037597656
2017-06-20T20:00:00Z,171.3280029296875
2017-06-20T21:00:00Z,169.5360107421875
2017-06-20T22:00:00Z,150.01600646972656
2017-06-20T23:00:00Z,130.5600128173828
2017-06-21T00:00:00Z,111.04000854492188
2017-06-21T01:00:00Z,90.81600189208984
2017-06-21T02:00:00Z,70.59200286865234
2017-06-21T03:00:00Z,50.432003021240234
2017-06-21T04:00:00Z,50.30400085449219
2017-06-21T05:00:00Z,50.2400016784668
2017-06-21T06:00:00Z,50.112003326416016
2017-06-21T07:00:00Z,35.71200180053711
2017-06-21T08:00:00Z,21.376001358032227
2017-06-21T09:00:00Z,7.0400004386901855
2017-06-21T10:00:00Z,19.584001541137695
2017-06-21T11:00:00Z,32.12800216674805
2017-06-21T12:00:00Z,44.672000885009766
2017-06-21T13:00:00Z,83.3280029296875
2017-06-21T14:00:00Z,121.9840087890625
2017-06-21T15:00:00Z,160.70401000976563
2017-06-21T16:00:00Z,271.552001953125
2017-06-21T17:00:00Z,382.4640197753906
2017-06-21T18:00:00Z,493.31201171875
2017-06-21T19:00:00Z,634.8800048828125
2017-06-21T20:00:00Z,776.44805908203125
2017-06-21T21:00:00Z,918.01605224609375
2017-06-21T22:00:00Z,759.42401123046875
2017-06-21T23:00:00Z,600.83203125
2017-06-22T00:00:00Z,442.2400207519531
2017-06-22T01:00:00Z,310.9120178222656
2017-06-22T02:00:00Z,179.58401489257813
2017-06-22T03:00:00Z,48.25600051879883
2017-06-22T04:00:00Z,32.19200134277344
2017-06-22T05:00:00Z,16.064001083374023
2017-06-22T06:00:00Z,0
2017-06-22T07:00:00Z,0
2017-06-22T08:00:00Z,0
2017-06-22T09:00:00Z,0
2017-06-22T10:00:00Z,0
2017-06-22T11:00:00Z,0
2017-06-22T12:00:00Z,0
2017-06-22T13:00:00Z,0
2017-06-22T14:00:00Z,0
2017-06-22T15:00:00Z,0
2017-06-22T16:00:00Z,3.328000068664551
2017-06-22T17:00:00Z,6.656000137329102
2017-06-22T18:00:00Z,9.984000205993652
2017-06-22T19:00:00Z,7.488000392913818
2017-06-22T20:00:00Z,4.928000450134277
2017-06-22T21:00:00Z,2.432000160217285
2017-06-22T22:00:00Z,1.600000023841858
2017-06-22T23:00:00Z,0.8320000171661377
2017-06-23T00:00:00Z,0
2017-06-23T01:00:00Z,0
2017-06-23T02:00:00Z,0
2017-06-23T03:00:00Z,0
2017-06-23T04:00:00Z,16.512001037597656
2017-06-23T05:00:00Z,33.02400207519531
2017-06-23T06:00:00Z,49.53600311279297
2017-06-23T07:00:00Z,84.35200500488281
2017-06-23T08:00:00Z,119.16800689697266
2017-06-23T09:00:00Z,153.9840087890625
2017-06-23T10:00:00Z,149.95201110839844
2017-06-23T11:00:00Z,145.9840087890625
2017-06-23T12:00:00Z,141.95201110839844
2017-06-23T13:00:00Z,461.5040283203125
2017-06-23T14:00:00Z,780.9920654296875
2017-06-23T15:00:00Z,1100.5440673828125
2017-06-23T16:00:00Z,820.416015625
2017-06-23T17:00:00Z,540.28802490234375
2017-06-23T18:00:00Z,260.1600036621094
2017-06-23T19:00:00Z,267.64801025390625
2017-06-23T20:00:00Z,275.1360168457031
2017-06-23T21:00:00Z,282.6880187988281
2017-06-23T22:00:00Z,254.14401245117188
2017-06-23T23:00:00Z,225.60000610351563
2017-06-24T00:00:00Z,196.99200439453125
2017-06-24T01:00:00Z,144.0640106201172
2017-06-24T02:00:00Z,91.07200622558594
2017-06-24T03:00:00Z,38.08000183105469
2017-06-24T04:00:00Z,55.93600082397461
2017-06-24T05:00:00Z,73.79199981689453
2017-06-24T06:00:00Z,91.64800262451172
2017-06-24T07:00:00Z,76.4800033569336
2017-06-24T08:00:00Z,61.31200408935547
2017-06-24T09:00:00Z,46.14400100708008
2017-06-24T10:00:00Z,37.44000244140625
2017-06-24T11:00:00Z,28.73600196838379
2017-06-24T12:00:00Z,20.032001495361328
2017-06-24T13:00:00Z,44.8640022277832
2017-06-24T14:00:00Z,69.69600677490234
2017-06-24T15:00:00Z,94.52800750732422
2017-06-24T16:00:00Z,85.31200408935547
2017-06-24T17:00:00Z,76.160003662109375
2017-06-24T18:00:00Z,66.944000244140625
2017-06-24T19:00:00Z,69.12000274658203
2017-06-24T20:00:00Z,71.36000061035156
2017-06-24T21:00:00Z,73.53600311279297
2017-06-24T22:00:00Z,61.5680046081543
2017-06-24T23:00:00Z,49.60000228881836
2017-06-25T00:00:00Z,37.56800079345703
2017-06-25T01:00:00Z,40
2017-06-25T02:00:00Z,42.496002197265625
2017-06-25T03:00:00Z,44.928001403808594
2017-06-25T04:00:00Z,46.400001525878906
2017-06-25T05:00:00Z,47.93600082397461
2017-06-25T06:00:00Z,49.40800094604492
2017-06-25T07:00:00Z,34.75200271606445
2017-06-25T08:00:00Z,20.09600067138672
2017-06-25T09:00:00Z,5.440000057220459
2017-06-25T10:00:00Z,12.224000930786133
2017-06-25T11:00:00Z,19.07200050354004
2017-06-25T12:00:00Z,25.920001983642578
2017-06-25T13:00:00Z,57.60000228881836
2017-06-25T14:00:00Z,89.21600341796875
2017-06-25T15:00:00Z,120.8320083618164
2017-06-25T16:00:00Z,176.83201599121094
2017-06-25T17:00:00Z,232.83201599121094
2017-06-25T18:00:00Z,288.8960266113281
2017-06-25T19:00:00Z,274.11199951171875
2017-06-25T20:00:00Z,259.3280029296875
2017-06-25T21:00:00Z,244.54400634765625
2017-06-25T22:00:00Z,220.03201293945313
2017-06-25T23:00:00Z,195.52000427246094
2017-06-26T00:00:00Z,171.07200622558594
2017-06-26T01:00:00Z,163.20001220703125
2017-06-26T02:00:00Z,155.3280029296875
2017-06-26T03:00:00Z,147.52000427246094
2017-06-26T04:00:00Z,113.9840087890625
2017-06-26T05:00:00Z,80.51200103759766
2017-06-26T06:00:00Z,47.040000915527344
2017-06-26T07:00:00Z,31.360000610351563
2017-06-26T08:00:00Z,15.680000305175781
2017-06-26T09:00:00Z,0
2017-06-26T10:00:00Z,0
2017-06-26T11:00:00Z,0
2017-06-26T12:00:00Z,0
2017-06-26T13:00:00Z,9.407999992370605
2017-06-26T14:00:00Z,18.880001068115234
2017-06-26T15:00:00Z,28.288002014160156
2017-06-26T16:00:00Z,96.384002685546875
2017-06-26T17:00:00Z,164.48001098632813
2017-06-26T18:00:00Z,232.5760040283203
2017-06-26T19:00:00Z,264.447998046875
2017-06-26T20:00:00Z,296.3840026855469
2017-06-26T21:00:00Z,328.32000732421875
2017-06-26T22:00:00Z,257.6000061035156
2017-06-26T23:00:00Z,186.8800048828125
2017-06-27T00:00:00Z,116.16000366210938
2017-06-27T01:00:00Z,103.42400360107422
2017-06-27T02:00:00Z,90.75200653076172
2017-06-27T03:00:00Z,78.01600646972656
2017-06-27T04:00:00Z,71.04000091552734
2017-06-27T05:00:00Z,64.12800598144531
2017-06-27T06:00:00Z,57.15200424194336
2017-06-27T07:00:00Z,50.432003021240234
2017-06-27T08:00:00Z,43.71200180053711
2017-06-27T09:00:00Z,37.05600357055664
2017-06-27T10:00:00Z,50.68800354003906
2017-06-27T11:00:00Z,64.31999969482422
2017-06-27T12:00:00Z,78.01600646972656
2017-06-27T13:00:00Z,356.0320129394531
2017-06-27T14:00:00Z,633.9840087890625
2017-06-27T15:00:00Z,912.00006103515625
2017-06-27T16:00:00Z,799.55206298828125
2017-06-27T17:00:00Z,687.10400390625
2017-06-27T18:00:00Z,574.592041015625
2017-06-27T19:00:00Z,515.58404541015625
2017-06-27T20:00:00Z,456.51202392578125
2017-06-27T21:00:00Z,397.5040283203125
2017-06-27T22:00:00Z,268.1600036621094
2017-06-27T23:00:00Z,138.81600952148438
2017-06-28T00:00:00Z,9.4720001220703125
2017-06-28T01:00:00Z,6.336000442504883
2017-06-28T02:00:00Z,3.136000156402588
2017-06-28T03:00:00Z,0
2017-06-28T04:00:00Z,0
2017-06-28T05:00:00Z,0
2017-06-28T06:00:00Z,0
2017-06-28T07:00:00Z,0
2017-06-28T08:00:00Z,0
2017-06-28T09:00:00Z,0
2017-06-28T10:00:00Z,0
2017-06-28T11:00:00Z,0
2017-06-28T12:00:00Z,0
2017-06-28T13:00:00Z,63.87200164794922
2017-06-28T14:00:00Z,127.8080062866211
2017-06-28T15:00:00Z,191.6800079345703
2017-06-28T16:00:00Z,268.6080017089844
2017-06-28T17:00:00Z,345.5360107421875
2017-06-28T18:00:00Z,422.4640197753906
2017-06-28T19:00:00Z,444.4800109863281
2017-06-28T20:00:00Z,466.49603271484375
2017-06-28T21:00:00Z,488.51202392578125
2017-06-28T22:00:00Z,360.83203125
2017-06-28T23:00:00Z,233.15200805664063
2017-06-29T00:00:00Z,105.47200775146484
2017-06-29T01:00:00Z,78.14400482177734
2017-06-29T02:00:00Z,50.816001892089844
2017-06-29T03:00:00Z,23.488000869750977
2017-06-29T04:00:00Z,20.160001754760742
2017-06-29T05:00:00Z,16.832000732421875
2017-06-29T06:00:00Z,13.440000534057617
2017-06-29T07:00:00Z,8.960000038146973
2017-06-29T08:00:00Z,4.480000019073486
2017-06-29T09:00:00Z,0
2017-06-29T10:00:00Z,0
2017-06-29T11:00:00Z,0
2017-06-29T12:00:00Z,0
2017-06-29T13:00:00Z,0.8320000171661377
2017-06-29T14:00:00Z,1.600000023841858
2017-06-29T15:00:00Z,2.432000160217285
2017-06-29T16:00:00Z,96.32000732421875
2017-06-29T17:00:00Z,190.2080078125
2017-06-29T18:00:00Z,284.09600830078125
2017-06-29T19:00:00Z,529.9200439453125
2017-06-29T20:00:00Z,775.80804443359375
2017-06-29T21:00:00Z,1021.6320190429688
2017-06-29T22:00:00Z,855.61602783203125
2017-06-29T23:00:00Z,689.5360107421875
2017-06-30T00:00:00Z,523.52001953125
2017-06-30T01:00:00Z,371.4560241699219
2017-06-30T02:00:00Z,219.3920135498047
2017-06-30T03:00:00Z,67.39200592041016
2017-06-30T04:00:00Z,53.18400192260742
2017-06-30T05:00:00Z,39.040000915527344
2017-06-30T06:00:00Z,24.8960018157959
2017-06-30T07:00:00Z,49.0880012512207
2017-06-30T08:00:00Z,73.2800064086914
2017-06-30T09:00:00Z,97.47200775146484
2017-06-30T10:00:00Z,103.61600494384766
2017-06-30T11:00:00Z,109.76000213623047
2017-06-30T12:00:00Z,115.96800231933594
2017-06-30T13:00:00Z,437.6960144042969
2017-06-30T14:00:00Z,759.488037109375
2017-06-30T15:00:00Z,1081.216064453125
2017-06-30T16:00:00Z,1012.6720581054688
2017-06-30T17:00:00Z,944.1920166015625
2017-06-30T18:00:00Z,875.6480712890625
2017-06-30T19:00:00Z,985.53607177734375
2017-06-30T20:00:00Z,1095.424072265625
2017-06-30T21:00:00Z,1205.31201171875
2017-06-30T22:00:00Z,1206.3360595703125
2017-06-30T23:00:00Z,1207.360107421875
2017-07-01T00:00:00Z,1208.384033203125
2017-07-01T01:00:00Z,1118.3360595703125
2017-07-01T02:00:00Z,1028.2880859375
2017-07-01T03:00:00Z,938.24005126953125
2017-07-01T04:00:00Z,798.592041015625
2017-07-01T05:00:00Z,658.94403076171875
2017-07-01T06:00:00Z,519.2960205078125
2017-07-01T07:00:00Z,463.61602783203125
2017-07-01T08:00:00Z,408.0000305175781
2017-07-01T09:00:00Z,352.32000732421875
2017-07-01T10:00:00Z,437.3760070800781
2017-07-01T11:00:00Z,522.49603271484375
2017-07-01T12:00:00Z,607.552001953125
2017-07-01T13:00:00Z,563.84002685546875
2017-07-01T14:00:00Z,520.1280517578125
2017-07-01T15:00:00Z,476.3520202636719
2017-07-01T16:00:00Z,369.9840087890625
2017-07-01T17:00:00Z,263.552001953125
2017-07-01T18:00:00Z,157.1840057373047
2017-07-01T19:00:00Z,164.09600830078125
2017-07-01T20:00:00Z,171.0080108642578
2017-07-01T21:00:00Z,177.92001342773438
2017-07-01T22:00:00Z,214.46400451660156
2017-07-01T23:00:00Z,251.0080108642578
2017-07-02T00:00:00Z,287.4880065917969
2017-07-02T01:00:00Z,272.2560119628906
2017-07-02T02:00:00Z,256.96002197265625
2017-07-02T03:00:00Z,241.72801208496094
2017-07-02T04:00:00Z,207.55201721191406
2017-07-02T05:00:00Z,173.31201171875
2017-07-02T06:00:00Z,139.13600158691406
2017-07-02T07:00:00Z,110.72000885009766
2017-07-02T08:00:00Z,82.36800384521484
2017-07-02T09:00:00Z,54.0160026550293
2017-07-02T10:00:00Z,81.600006103515625
2017-07-02T11:00:00Z,109.24800872802734
2017-07-02T12:00:00Z,136.89601135253906
2017-07-02T13:00:00Z,149.95201110839844
2017-07-02T14:00:00Z,163.07200622558594
2017-07-02T15:00:00Z,176.1280059814453
2017-07-02T16:00:00Z,184.5760040283203
2017-07-02T17:00:00Z,193.0880126953125
2017-07-02T18:00:00Z,201.5360107421875
2017-07-02T19:00:00Z,257.9200134277344
2017-07-02T20:00:00Z,314.2400207519531
2017-07-02T21:00:00Z,370.5600280761719
2017-07-02T22:00:00Z,295.1679992675781
2017-07-02T23:00:00Z,219.71200561523438
2017-07-03T00:00:00Z,144.25601196289063
2017-07-03T01:00:00Z,143.93600463867188
2017-07-03T02:00:00Z,143.6160125732422
2017-07-03T03:00:00Z,143.29600524902344
2017-07-03T04:00:00Z,113.34400177001953
2017-07-03T05:00:00Z,83.45600128173828
2017-07-03T06:00:00Z,53.50400161743164
2017-07-03T07:00:00Z,35.71200180053711
2017-07-03T08:00:00Z,17.856000900268555
2017-07-03T09:00:00Z,0
2017-07-03T10:00:00Z,0
2017-07-03T11:00:00Z,0
2017-07-03T12:00:00Z,0
2017-07-03T13:00:00Z,163.26400756835938
2017-07-03T14:00:00Z,326.52801513671875
2017-07-03T15:00:00Z,489.7920227050781
2017-07-03T16:00:00Z,457.72802734375
2017-07-03T17:00:00Z,425.6640319824219
2017-07-03T18:00:00Z,393.6000061035156
2017-07-03T19:00:00Z,407.2320251464844
2017-07-03T20:00:00Z,420.864013671875
2017-07-03T21:00:00Z,434.49603271484375
2017-07-03T22:00:00Z,312.5760192871094
2017-07-03T23:00:00Z,190.7200164794922
2017-07-04T00:00:00Z,68.86400604248047
2017-07-04T01:00:00Z,48.064002990722656
2017-07-04T02:00:00Z,27.328001022338867
2017-07-04T03:00:00Z,6.528000354766846
2017-07-04T04:00:00Z,4.3520002365112305
2017-07-04T05:00:00Z,2.1760001182556152
2017-07-04T06:00:00Z,0
2017-07-04T07:00:00Z,0
2017-07-04T08:00:00Z,0
2017-07-04T09:00:00Z,0
2017-07-04T10:00:00Z,0
2017-07-04T11:00:00Z,0
2017-07-04T12:00:00Z,0
2017-07-04T13:00:00Z,6.656000137329102
2017-07-04T14:00:00Z,13.312000274658203
2017-07-04T15:00:00Z,20.032001495361328
2017-07-04T16:00:00Z,85.88800048828125
2017-07-04T17:00:00Z,151.74400329589844
2017-07-04T18:00:00Z,217.60000610351563
2017-07-04T19:00:00Z,259.20001220703125
2017-07-04T20:00:00Z,300.8000183105469
2017-07-04T21:00:00Z,342.4000244140625
2017-07-04T22:00:00Z,257.85601806640625
2017-07-04T23:00:00Z,173.31201171875
2017-07-05T00:00:00Z,88.76800537109375
2017-07-05T01:00:00Z,66.8800048828125
2017-07-05T02:00:00Z,44.992000579833984
2017-07-05T03:00:00Z,23.104001998901367
2017-07-05T04:00:00Z,16.895999908447266
2017-07-05T05:00:00Z,10.75200080871582
2017-07-05T06:00:00Z,4.6080002784729
2017-07-05T07:00:00Z,3.072000026702881
2017-07-05T08:00:00Z,1.5360000133514404
2017-07-05T09:00:00Z,0
2017-07-05T10:00:00Z,0
2017-07-05T11:00:00Z,0
2017-07-05T12:00:00Z,0
2017-07-05T13:00:00Z,0
2017-07-05T14:00:00Z,0
2017-07-05T15:00:00Z,0
2017-07-05T16:00:00Z,20.48000144958496
2017-07-05T17:00:00Z,40.96000289916992
2017-07-05T18:00:00Z,61.44000244140625
2017-07-05T19:00:00Z,151.1680145263672
2017-07-05T20:00:00Z,240.89601135253906
2017-07-05T21:00:00Z,330.5600280761719
2017-07-05T22:00:00Z,229.69601440429688
2017-07-05T23:00:00Z,128.76800537109375
2017-07-06T00:00:00Z,27.904001235961914
2017-07-06T01:00:00Z,20.608001708984375
2017-07-06T02:00:00Z,13.248001098632813
2017-07-06T03:00:00Z,5.952000141143799
2017-07-06T04:00:00Z,6.080000400543213
2017-07-06T05:00:00Z,6.272000312805176
2017-07-06T06:00:00Z,6.464000225067139
2017-07-06T07:00:00Z,4.288000106811523
2017-07-06T08:00:00Z,2.1760001182556152
2017-07-06T09:00:00Z,0
2017-07-06T10:00:00Z,0
2017-07-06T11:00:00Z,0
2017-07-06T12:00:00Z,0
2017-07-06T13:00:00Z,6.848000526428223
2017-07-06T14:00:00Z,13.632000923156738
2017-07-06T15:00:00Z,20.48000144958496
2017-07-06T16:00:00Z,24.64000129699707
2017-07-06T17:00:00Z,28.73600196838379
2017-07-06T18:00:00Z,32.895999908447266
2017-07-06T19:00:00Z,43.96800231933594
2017-07-06T20:00:00Z,55.040000915527344
2017-07-06T21:00:00Z,66.1760025024414
2017-07-06T22:00:00Z,44.03200149536133
2017-07-06T23:00:00Z,22.016000747680664
2017-07-07T00:00:00Z,0
2017-07-07T01:00:00Z,0
2017-07-07T02:00:00Z,0
2017-07-07T03:00:00Z,0
2017-07-07T04:00:00Z,0
2017-07-07T05:00:00Z,0
2017-07-07T06:00:00Z,0
2017-07-07T07:00:00Z,0.9600000381469727
2017-07-07T08:00:00Z,1.9840000867843628
2017-07-07T09:00:00Z,2.944000244140625
2017-07-07T10:00:00Z,20.160001754760742
2017-07-07T11:00:00Z,37.37600326538086
2017-07-07T12:00:00Z,54.592002868652344
2017-07-07T13:00:00Z,72.96000671386719
2017-07-07T14:00:00Z,91.3280029296875
2017-07-07T15:00:00Z,109.63200378417969
2017-07-07T16:00:00Z,100.73600769042969
2017-07-07T17:00:00Z,91.84000396728516
2017-07-07T18:00:00Z,82.944000244140625
2017-07-07T19:00:00Z,73.98400115966797
2017-07-07T20:00:00Z,65.02400207519531
2017-07-07T21:00:00Z,56.12800216674805
2017-07-07T22:00:00Z,43.20000076293945
2017-07-07T23:00:00Z,30.272001266479492
2017-07-08T00:00:00Z,17.34400177001953
2017-07-08T01:00:00Z,19.392000198364258
2017-07-08T02:00:00Z,21.50400161743164
2017-07-08T03:00:00Z,23.552001953125
2017-07-08T04:00:00Z,34.112003326416016
2017-07-08T05:00:00Z,44.672000885009766
2017-07-08T06:00:00Z,55.16800308227539
2017-07-08T07:00:00Z,55.29600143432617
2017-07-08T08:00:00Z,55.42400360107422
2017-07-08T09:00:00Z,55.552001953125
2017-07-08T10:00:00Z,88.19200134277344
2017-07-08T11:00:00Z,120.8320083618164
2017-07-08T12:00:00Z,153.5360107421875
2017-07-08T13:00:00Z,485.760009765625
2017-07-08T14:00:00Z,817.9200439453125
2017-07-08T15:00:00Z,1150.080078125
2017-07-08T16:00:00Z,972.6080322265625
2017-07-08T17:00:00Z,795.13604736328125
2017-07-08T18:00:00Z,617.60003662109375
2017-07-08T19:00:00Z,447.87200927734375
2017-07-08T20:00:00Z,278.2080078125
2017-07-08T21:00:00Z,108.4800033569336
2017-07-08T22:00:00Z,86.4000015258789
2017-07-08T23:00:00Z,64.2560043334961
2017-07-09T00:00:00Z,42.2400016784668
2017-07-09T01:00:00Z,28.160001754760742
2017-07-09T02:00:00Z,14.080000877380371
2017-07-09T03:00:00Z,0
2017-07-09T04:00:00Z,0
2017-07-09T05:00:00Z,0
2017-07-09T06:00:00Z,0
2017-07-09T07:00:00Z,0
2017-07-09T08:00:00Z,0
2017-07-09T09:00:00Z,0
2017-07-09T10:00:00Z,0
2017-07-09T11:00:00Z,0
2017-07-09T12:00:00Z,0
2017-07-09T13:00:00Z,0
2017-07-09T14:00:00Z,0
2017-07-09T15:00:00Z,0
2017-07-09T16:00:00Z,0
2017-07-09T17:00:00Z,0
2017-07-09T18:00:00Z,0
2017-07-09T19:00:00Z,5.504000186920166
2017-07-09T20:00:00Z,10.944000244140625
2017-07-09T21:00:00Z,16.447999954223633
2017-07-09T22:00:00Z,10.944000244140625
2017-07-09T23:00:00Z,5.504000186920166
2017-07-10T00:00:00Z,0
2017-07-10T01:00:00Z,0
2017-07-10T02:00:00Z,0
2017-07-10T03:00:00Z,0
2017-07-10T04:00:00Z,0
2017-07-10T05:00:00Z,0
2017-07-10T06:00:00Z,0
2017-07-10T07:00:00Z,1.7920000553131104
2017-07-10T08:00:00Z,3.5840001106262207
2017-07-10T09:00:00Z,5.440000057220459
2017-07-10T10:00:00Z,3.5840001106262207
2017-07-10T11:00:00Z,1.7920000553131104
2017-07-10T12:00:00Z,0
2017-07-10T13:00:00Z,15.872000694274902
2017-07-10T14:00:00Z,31.680002212524414
2017-07-10T15:00:00Z,47.48800277709961
2017-07-10T16:00:00Z,57.85600280761719
2017-07-10T17:00:00Z,68.160003662109375
2017-07-10T18:00:00Z,78.46400451660156
2017-07-10T19:00:00Z,194.9440155029297
2017-07-10T20:00:00Z,311.552001953125
2017-07-10T21:00:00Z,428.0320129394531
2017-07-10T22:00:00Z,416.0000305175781
2017-07-10T23:00:00Z,403.968017578125
2017-07-11T00:00:00Z,392.06402587890625
2017-07-11T01:00:00Z,422.9120178222656
2017-07-11T02:00:00Z,453.8880310058594
2017-07-11T03:00:00Z,484.864013671875
2017-07-11T04:00:00Z,622.27203369140625
2017-07-11T05:00:00Z,759.6800537109375
2017-07-11T06:00:00Z,897.15203857421875
2017-07-11T07:00:00Z,787.77606201171875
2017-07-11T08:00:00Z,678.3360595703125
2017-07-11T09:00:00Z,568.96002197265625
2017-07-11T10:00:00Z,494.2080383300781
2017-07-11T11:00:00Z,419.39202880859375
2017-07-11T12:00:00Z,344.5760192871094
2017-07-11T13:00:00Z,410.1120300292969
2017-07-11T14:00:00Z,475.64801025390625
2017-07-11T15:00:00Z,541.18402099609375
2017-07-11T16:00:00Z,721.216064453125
2017-07-11T17:00:00Z,901.248046875
2017-07-11T18:00:00Z,1081.216064453125
2017-07-11T19:00:00Z,1165.9520263671875
2017-07-11T20:00:00Z,1250.6881103515625
2017-07-11T21:00:00Z,1335.424072265625
2017-07-11T22:00:00Z,1154.4320068359375
2017-07-11T23:00:00Z,973.5040283203125
2017-07-12T00:00:00Z,792.5760498046875
2017-07-12T01:00:00Z,614.97601318359375
2017-07-12T02:00:00Z,437.3760070800781
2017-07-12T03:00:00Z,259.7760009765625
2017-07-12T04:00:00Z,182.97601318359375
2017-07-12T05:00:00Z,106.11200714111328
2017-07-12T06:00:00Z,29.312002182006836
2017-07-12T07:00:00Z,29.056001663208008
2017-07-12T08:00:00Z,28.80000114440918
2017-07-12T09:00:00Z,28.608001708984375
2017-07-12T10:00:00Z,113.92000579833984
2017-07-12T11:00:00Z,199.2320098876953
2017-07-12T12:00:00Z,284.6080017089844
2017-07-12T13:00:00Z,458.5600280761719
2017-07-12T14:00:00Z,632.44805908203125
2017-07-12T15:00:00Z,806.4000244140625
2017-07-12T16:00:00Z,744.83203125
2017-07-12T17:00:00Z,683.2640380859375
2017-07-12T18:00:00Z,621.63201904296875
2017-07-12T19:00:00Z,510.27203369140625
2017-07-12T20:00:00Z,398.8480224609375
2017-07-12T21:00:00Z,287.4880065917969
2017-07-12T22:00:00Z,194.81600952148438
2017-07-12T23:00:00Z,102.14400482177734
2017-07-13T00:00:00Z,9.4720001220703125
2017-07-13T01:00:00Z,10.816000938415527
2017-07-13T02:00:00Z,12.160000801086426
2017-07-13T03:00:00Z,13.568000793457031
2017-07-13T04:00:00Z,56.19200134277344
2017-07-13T05:00:00Z,98.75200653076172
2017-07-13T06:00:00Z,141.37600708007813
2017-07-13T07:00:00Z,216.5120086669922
2017-07-13T08:00:00Z,291.64801025390625
2017-07-13T09:00:00Z,366.7840270996094
2017-07-13T10:00:00Z,262.9120178222656
2017-07-13T11:00:00Z,158.97601318359375
2017-07-13T12:00:00Z,55.10400390625
2017-07-13T13:00:00Z,371.3280029296875
2017-07-13T14:00:00Z,687.488037109375
2017-07-13T15:00:00Z,1003.6480712890625
2017-07-13T16:00:00Z,952.384033203125
2017-07-13T17:00:00Z,901.12005615234375
2017-07-13T18:00:00Z,849.79205322265625
2017-07-13T19:00:00Z,808.83203125
2017-07-13T20:00:00Z,767.80804443359375
2017-07-13T21:00:00Z,726.7840576171875
2017-07-13T22:00:00Z,544.447998046875
2017-07-13T23:00:00Z,362.1120300292969
2017-07-14T00:00:00Z,179.7760009765625
2017-07-14T01:00:00Z,119.8080062866211
2017-07-14T02:00:00Z,59.90400314331055
2017-07-14T03:00:00Z,0
2017-07-14T04:00:00Z,0
2017-07-14T05:00:00Z,0
2017-07-14T06:00:00Z,0
2017-07-14T07:00:00Z,0
2017-07-14T08:00:00Z,0
2017-07-14T09:00:00Z,0
2017-07-14T10:00:00Z,17.536001205444336
2017-07-14T11:00:00Z,35.07200241088867
2017-07-14T12:00:00Z,52.608001708984375
2017-07-14T13:00:00Z,42.68800354003906
2017-07-14T14:00:00Z,32.832000732421875
2017-07-14T15:00:00Z,22.91200065612793
2017-07-14T16:00:00Z,76.160003662109375
2017-07-14T17:00:00Z,129.4080047607422
2017-07-14T18:00:00Z,182.59201049804688
2017-07-14T19:00:00Z,211.0080108642578
2017-07-14T20:00:00Z,239.42401123046875
2017-07-14T21:00:00Z,267.84002685546875
2017-07-14T22:00:00Z,193.92001342773438
2017-07-14T23:00:00Z,120.06400299072266
2017-07-15T00:00:00Z,46.208003997802734
2017-07-15T01:00:00Z,30.78400230407715
2017-07-15T02:00:00Z,15.42400074005127
2017-07-15T03:00:00Z,0
2017-07-15T04:00:00Z,3.136000156402588
2017-07-15T05:00:00Z,6.272000312805176
2017-07-15T06:00:00Z,9.407999992370605
2017-07-15T07:00:00Z,13.440000534057617
2017-07-15T08:00:00Z,17.408000946044922
2017-07-15T09:00:00Z,21.440000534057617
2017-07-15T10:00:00Z,32.31999969482422
2017-07-15T11:00:00Z,43.20000076293945
2017-07-15T12:00:00Z,54.08000183105469
2017-07-15T13:00:00Z,213.8880157470703
2017-07-15T14:00:00Z,373.63201904296875
2017-07-15T15:00:00Z,533.44000244140625
2017-07-15T16:00:00Z,384.4480285644531
2017-07-15T17:00:00Z,235.4560089111328
2017-07-15T18:00:00Z,86.46400451660156
2017-07-15T19:00:00Z,78.46400451660156
2017-07-15T20:00:00Z,70.46400451660156
2017-07-15T21:00:00Z,62.400001525878906
2017-07-15T22:00:00Z,41.60000228881836
2017-07-15T23:00:00Z,20.80000114440918
2017-07-16T00:00:00Z,0
2017-07-16T01:00:00Z,0
2017-07-16T02:00:00Z,0
2017-07-16T03:00:00Z,0
2017-07-16T04:00:00Z,0
2017-07-16T05:00:00Z,0
2017-07-16T06:00:00Z,0
2017-07-16T07:00:00Z,0
2017-07-16T08:00:00Z,0
2017-07-16T09:00:00Z,0
2017-07-16T10:00:00Z,0
2017-07-16T11:00:00Z,0
2017-07-16T12:00:00Z,0
2017-07-16T13:00:00Z,134.40000915527344
2017-07-16T14:00:00Z,268.864013671875
2017-07-16T15:00:00Z,403.2640075683594
2017-07-16T16:00:00Z,585.21600341796875
2017-07-16T17:00:00Z,767.2320556640625
2017-07-16T18:00:00Z,949.12005615234375
2017-07-16T19:00:00Z,1055.2960205078125
2017-07-16T20:00:00Z,1161.4080810546875
2017-07-16T21:00:00Z,1267.5841064453125
2017-07-16T22:00:00Z,1141.5040283203125
2017-07-16T23:00:00Z,1015.488037109375
2017-07-17T00:00:00Z,889.4720458984375
2017-07-17T01:00:00Z,853.37603759765625
2017-07-17T02:00:00Z,817.280029296875
2017-07-17T03:00:00Z,781.18402099609375
2017-07-17T04:00:00Z,790.46405029296875
2017-07-17T05:00:00Z,799.7440185546875
2017-07-17T06:00:00Z,809.0240478515625
2017-07-17T07:00:00Z,786.30401611328125
2017-07-17T08:00:00Z,763.64801025390625
2017-07-17T09:00:00Z,740.92803955078125
2017-07-17T10:00:00Z,688.89605712890625
2017-07-17T11:00:00Z,636.864013671875
2017-07-17T12:00:00Z,584.83203125
2017-07-17T13:00:00Z,1084.736083984375
2017-07-17T14:00:00Z,1584.6400146484375
2017-07-17T15:00:00Z,2084.544189453125
2017-07-17T16:00:00Z,1987.328125
2017-07-17T17:00:00Z,1890.112060546875
2017-07-17T18:00:00Z,1792.83203125
2017-07-17T19:00:00Z,1962.048095703125
2017-07-17T20:00:00Z,2131.26416015625
2017-07-17T21:00:00Z,2300.416015625
2017-07-17T22:00:00Z,2063.424072265625
2017-07-17T23:00:00Z,1826.3680419921875
2017-07-18T00:00:00Z,1589.3760986328125
2017-07-18T01:00:00Z,1405.0560302734375
2017-07-18T02:00:00Z,1220.736083984375
2017-07-18T03:00:00Z,1036.4801025390625
2017-07-18T04:00:00Z,945.34405517578125
2017-07-18T05:00:00Z,854.27203369140625
2017-07-18T06:00:00Z,763.13604736328125
2017-07-18T07:00:00Z,658.3680419921875
2017-07-18T08:00:00Z,553.5360107421875
2017-07-18T09:00:00Z,448.7040100097656
2017-07-18T10:00:00Z,375.5520324707031
2017-07-18T11:00:00Z,302.4000244140625
2017-07-18T12:00:00Z,229.1840057373047
2017-07-18T13:00:00Z,652.54400634765625
2017-07-18T14:00:00Z,1075.840087890625
2017-07-18T15:00:00Z,1499.2000732421875
2017-07-18T16:00:00Z,1402.3040771484375
2017-07-18T17:00:00Z,1305.4720458984375
2017-07-18T18:00:00Z,1208.5760498046875
2017-07-18T19:00:00Z,1409.7921142578125
2017-07-18T20:00:00Z,1611.008056640625
2017-07-18T21:00:00Z,1812.22412109375
2017-07-18T22:00:00Z,1543.5521240234375
2017-07-18T23:00:00Z,1274.8800048828125
2017-07-19T00:00:00Z,1006.14404296875
2017-07-19T01:00:00Z,876.6080322265625
2017-07-19T02:00:00Z,747.072021484375
2017-07-19T03:00:00Z,617.5360107421875
2017-07-19T04:00:00Z,539.904052734375
2017-07-19T05:00:00Z,462.27203369140625
2017-07-19T06:00:00Z,384.6400146484375
2017-07-19T07:00:00Z,322.1120300292969
2017-07-19T08:00:00Z,259.52001953125
2017-07-19T09:00:00Z,196.99200439453125
2017-07-19T10:00:00Z,206.7200164794922
2017-07-19T11:00:00Z,216.38400268554688
2017-07-19T12:00:00Z,226.1120147705078
2017-07-19T13:00:00Z,645.44000244140625
2017-07-19T14:00:00Z,1064.83203125
2017-07-19T15:00:00Z,1484.1600341796875
2017-07-19T16:00:00Z,1512.0001220703125
2017-07-19T17:00:00Z,1539.840087890625
2017-07-19T18:00:00Z,1567.6800537109375
2017-07-19T19:00:00Z,1674.7520751953125
2017-07-19T20:00:00Z,1781.8880615234375
2017-07-19T21:00:00Z,1888.9600830078125
2017-07-19T22:00:00Z,1590.2081298828125
2017-07-19T23:00:00Z,1291.4560546875
2017-07-20T00:00:00Z,992.70404052734375
2017-07-20T01:00:00Z,777.0240478515625
2017-07-20T02:00:00Z,561.34405517578125
2017-07-20T03:00:00Z,345.66400146484375
2017-07-20T04:00:00Z,256.1280212402344
2017-07-20T05:00:00Z,166.656005859375
2017-07-20T06:00:00Z,77.12000274658203
2017-07-20T07:00:00Z,56.96000289916992
2017-07-20T08:00:00Z,36.736000061035156
2017-07-20T09:00:00Z,16.512001037597656
2017-07-20T10:00:00Z,25.280000686645508
2017-07-20T11:00:00Z,34.04800033569336
2017-07-20T12:00:00Z,42.816001892089844
2017-07-20T13:00:00Z,393.40802001953125
2017-07-20T14:00:00Z,744.06402587890625
2017-07-20T15:00:00Z,1094.656005859375
2017-07-20T16:00:00Z,1208.6400146484375
2017-07-20T17:00:00Z,1322.6240234375
2017-07-20T18:00:00Z,1436.672119140625
2017-07-20T19:00:00Z,1241.0880126953125
2017-07-20T20:00:00Z,1045.632080078125
2017-07-20T21:00:00Z,850.04803466796875
2017-07-20T22:00:00Z,762.75201416015625
2017-07-20T23:00:00Z,675.58404541015625
2017-07-21T00:00:00Z,588.28802490234375
2017-07-21T01:00:00Z,475.2640075683594
2017-07-21T02:00:00Z,362.2400207519531
2017-07-21T03:00:00Z,249.28001403808594
2017-07-21T04:00:00Z,195.0080108642578
2017-07-21T05:00:00Z,140.67201232910156
2017-07-21T06:00:00Z,86.4000015258789
2017-07-21T07:00:00Z,57.60000228881836
2017-07-21T08:00:00Z,28.80000114440918
2017-07-21T09:00:00Z,0
2017-07-21T10:00:00Z,2.30400013923645
2017-07-21T11:00:00Z,4.6080002784729
2017-07-21T12:00:00Z,6.848000526428223
2017-07-21T13:00:00Z,310.9120178222656
2017-07-21T14:00:00Z,614.91204833984375
2017-07-21T15:00:00Z,918.91204833984375
2017-07-21T16:00:00Z,940.67205810546875
2017-07-21T17:00:00Z,962.30401611328125
2017-07-21T18:00:00Z,984.06402587890625
2017-07-21T19:00:00Z,1171.840087890625
2017-07-21T20:00:00Z,1359.6160888671875
2017-07-21T21:00:00Z,1547.39208984375
2017-07-21T22:00:00Z,1072.1920166015625
2017-07-21T23:00:00Z,596.92803955078125
2017-07-22T00:00:00Z,121.7280044555664
2017-07-22T01:00:00Z,81.1520004272461
2017-07-22T02:00:00Z,40.57600021362305
2017-07-22T03:00:00Z,0
2017-07-22T04:00:00Z,0
2017-07-22T05:00:00Z,0
2017-07-22T06:00:00Z,0
2017-07-22T07:00:00Z,0
2017-07-22T08:00:00Z,0
2017-07-22T09:00:00Z,0
2017-07-22T10:00:00Z,0
2017-07-22T11:00:00Z,0
2017-07-22T12:00:00Z,0
2017-07-22T13:00:00Z,53.69600296020508
2017-07-22T14:00:00Z,107.39200592041016
2017-07-22T15:00:00Z,161.15200805664063
2017-07-22T16:00:00Z,195.3280029296875
2017-07-22T17:00:00Z,229.50401306152344
2017-07-22T18:00:00Z,263.6800231933594
2017-07-22T19:00:00Z,319.61602783203125
2017-07-22T20:00:00Z,375.5520324707031
2017-07-22T21:00:00Z,431.4880065917969
2017-07-22T22:00:00Z,334.5920104980469
2017-07-22T23:00:00Z,237.69601440429688
2017-07-23T00:00:00Z,140.8000030517578
2017-07-23T01:00:00Z,123.64800262451172
2017-07-23T02:00:00Z,106.4320068359375
2017-07-23T03:00:00Z,89.21600341796875
2017-07-23T04:00:00Z,65.1520004272461
2017-07-23T05:00:00Z,41.0880012512207
2017-07-23T06:00:00Z,17.02400016784668
2017-07-23T07:00:00Z,11.32800006866455
2017-07-23T08:00:00Z,5.696000099182129
2017-07-23T09:00:00Z,0
2017-07-23T10:00:00Z,1.152000069618225
2017-07-23T11:00:00Z,2.30400013923645
2017-07-23T12:00:00Z,3.4560000896453857
2017-07-23T13:00:00Z,8
2017-07-23T14:00:00Z,12.480000495910645
2017-07-23T15:00:00Z,17.02400016784668
2017-07-23T16:00:00Z,27.264001846313477
2017-07-23T17:00:00Z,37.37600326538086
2017-07-23T18:00:00Z,47.61600112915039
2017-07-23T19:00:00Z,58.880001068115234
2017-07-23T20:00:00Z,70.14400482177734
2017-07-23T21:00:00Z,81.40800476074219
2017-07-23T22:00:00Z,61.12000274658203
2017-07-23T23:00:00Z,40.832000732421875
2017-07-24T00:00:00Z,20.608001708984375
2017-07-24T01:00:00Z,34.176002502441406
2017-07-24T02:00:00Z,47.80800247192383
2017-07-24T03:00:00Z,61.37600326538086
2017-07-24T04:00:00Z,42.880001068115234
2017-07-24T05:00:00Z,24.448001861572266
2017-07-24T06:00:00Z,5.88800048828125
2017-07-24T07:00:00Z,3.9680001735687256
2017-07-24T08:00:00Z,1.9840000867843628
2017-07-24T09:00:00Z,0
2017-07-24T10:00:00Z,6.528000354766846
2017-07-24T11:00:00Z,12.992000579833984
2017-07-24T12:00:00Z,19.45600128173828
2017-07-24T13:00:00Z,12.992000579833984
2017-07-24T14:00:00Z,6.528000354766846
2017-07-24T15:00:00Z,0
2017-07-24T16:00:00Z,0
2017-07-24T17:00:00Z,0
2017-07-24T18:00:00Z,0
2017-07-24T19:00:00Z,0.64000004529953
2017-07-24T20:00:00Z,1.28000009059906
2017-07-24T21:00:00Z,1.9200000762939453
2017-07-24T22:00:00Z,1.28000009059906
2017-07-24T23:00:00Z,0.64000004529953
2017-07-25T00:00:00Z,0
2017-07-25T01:00:00Z,0
2017-07-25T02:00:00Z,0
2017-07-25T03:00:00Z,0
2017-07-25T04:00:00Z,0
2017-07-25T05:00:00Z,0
2017-07-25T06:00:00Z,0
2017-07-25T07:00:00Z,0
2017-07-25T08:00:00Z,0
2017-07-25T09:00:00Z,0
2017-07-25T10:00:00Z,0
2017-07-25T11:00:00Z,0
2017-07-25T12:00:00Z,0
2017-07-25T13:00:00Z,0
2017-07-25T14:00:00Z,0
2017-07-25T15:00:00Z,0
2017-07-25T16:00:00Z,0
2017-07-25T17:00:00Z,0
2017-07-25T18:00:00Z,0
2017-07-25T19:00:00Z,6.720000267028809
2017-07-25T20:00:00Z,13.37600040435791
2017-07-25T21:00:00Z,20.09600067138672
2017-07-25T22:00:00Z,14.080000877380371
2017-07-25T23:00:00Z,8
2017-07-26T00:00:00Z,1.9200000762939453
2017-07-26T01:00:00Z,1.28000009059906
2017-07-26T02:00:00Z,0.64000004529953
2017-07-26T03:00:00Z,0
2017-07-26T04:00:00Z,0
2017-07-26T05:00:00Z,0
2017-07-26T06:00:00Z,0
2017-07-26T07:00:00Z,0
2017-07-26T08:00:00Z,0
2017-07-26T09:00:00Z,0
2017-07-26T10:00:00Z,0
2017-07-26T11:00:00Z,0
2017-07-26T12:00:00Z,0
2017-07-26T13:00:00Z,3.328000068664551
2017-07-26T14:00:00Z,6.656000137329102
2017-07-26T15:00:00Z,9.984000205993652
2017-07-26T16:00:00Z,15.168001174926758
2017-07-26T17:00:00Z,20.288000106811523
2017-07-26T18:00:00Z,25.408000946044922
2017-07-26T19:00:00Z,27.904001235961914
2017-07-26T20:00:00Z,30.464000701904297
2017-07-26T21:00:00Z,32.96000289916992
2017-07-26T22:00:00Z,21.952001571655273
2017-07-26T23:00:00Z,11.008000373840332
2017-07-27T00:00:00Z,0
2017-07-27T01:00:00Z,0
2017-07-27T02:00:00Z,0
2017-07-27T03:00:00Z,0
2017-07-27T04:00:00Z,0
2017-07-27T05:00:00Z,0
2017-07-27T06:00:00Z,0
2017-07-27T07:00:00Z,0
2017-07-27T08:00:00Z,0
2017-07-27T09:00:00Z,0
2017-07-27T10:00:00Z,0
2017-07-27T11:00:00Z,0
2017-07-27T12:00:00Z,0
2017-07-27T13:00:00Z,0
2017-07-27T14:00:00Z,0
2017-07-27T15:00:00Z,0
2017-07-27T16:00:00Z,27.648000717163086
2017-07-27T17:00:00Z,55.23200225830078
2017-07-27T18:00:00Z,82.8800048828125
2017-07-27T19:00:00Z,254.59201049804688
2017-07-27T20:00:00Z,426.3680114746094
2017-07-27T21:00:00Z,598.14404296875
2017-07-27T22:00:00Z,711.6800537109375
2017-07-27T23:00:00Z,825.280029296875
2017-07-28T00:00:00Z,938.8160400390625
2017-07-28T01:00:00Z,751.61602783203125
2017-07-28T02:00:00Z,564.48004150390625
2017-07-28T03:00:00Z,377.280029296875
2017-07-28T04:00:00Z,287.6800231933594
2017-07-28T05:00:00Z,198.0800018310547
2017-07-28T06:00:00Z,108.4800033569336
2017-07-28T07:00:00Z,73.1520004272461
2017-07-28T08:00:00Z,37.76000213623047
2017-07-28T09:00:00Z,2.432000160217285
2017-07-28T10:00:00Z,3.9680001735687256
2017-07-28T11:00:00Z,5.504000186920166
2017-07-28T12:00:00Z,7.0400004386901855
2017-07-28T13:00:00Z,109.69600677490234
2017-07-28T14:00:00Z,212.3520050048828
2017-07-28T15:00:00Z,315.072021484375
2017-07-28T16:00:00Z,260.864013671875
2017-07-28T17:00:00Z,206.656005859375
2017-07-28T18:00:00Z,152.44801330566406
2017-07-28T19:00:00Z,178.1120147705078
2017-07-28T20:00:00Z,203.77601623535156
2017-07-28T21:00:00Z,229.4400177001953
2017-07-28T22:00:00Z,178.75201416015625
2017-07-28T23:00:00Z,128.0640106201172
2017-07-29T00:00:00Z,77.376007080078125
2017-07-29T01:00:00Z,59.840003967285156
2017-07-29T02:00:00Z,42.2400016784668
2017-07-29T03:00:00Z,24.70400047302246
2017-07-29T04:00:00Z,16.447999954223633
2017-07-29T05:00:00Z,8.256000518798828
2017-07-29T06:00:00Z,0
2017-07-29T07:00:00Z,0
2017-07-29T08:00:00Z,0
2017-07-29T09:00:00Z,0
2017-07-29T10:00:00Z,0
2017-07-29T11:00:00Z,0
2017-07-29T12:00:00Z,0
2017-07-29T13:00:00Z,0
2017-07-29T14:00:00Z,0
2017-07-29T15:00:00Z,0
2017-07-29T16:00:00Z,2.688000202178955
2017-07-29T17:00:00Z,5.37600040435791
2017-07-29T18:00:00Z,8.064000129699707
2017-07-29T19:00:00Z,6.9120001792907715
2017-07-29T20:00:00Z,5.760000228881836
2017-07-29T21:00:00Z,4.6080002784729
2017-07-29T22:00:00Z,3.072000026702881
2017-07-29T23:00:00Z,1.5360000133514404
2017-07-30T00:00:00Z,0
2017-07-30T01:00:00Z,0
2017-07-30T02:00:00Z,0
2017-07-30T03:00:00Z,0
2017-07-30T04:00:00Z,0
2017-07-30T05:00:00Z,0
2017-07-30T06:00:00Z,0
2017-07-30T07:00:00Z,0
2017-07-30T08:00:00Z,0
2017-07-30T09:00:00Z,0
2017-07-30T10:00:00Z,0
2017-07-30T11:00:00Z,0
2017-07-30T12:00:00Z,0
2017-07-30T13:00:00Z,0
2017-07-30T14:00:00Z,0
2017-07-30T15:00:00Z,0
2017-07-30T16:00:00Z,0
2017-07-30T17:00:00Z,0
2017-07-30T18:00:00Z,0
2017-07-30T19:00:00Z,0
2017-07-30T20:00:00Z,0
2017-07-30T21:00:00Z,0
2017-07-30T22:00:00Z,0
2017-07-30T23:00:00Z,0
2017-07-31T00:00:00Z,0
2017-07-31T01:00:00Z,0
2017-07-31T02:00:00Z,0
2017-07-31T03:00:00Z,0
2017-07-31T04:00:00Z,0
2017-07-31T05:00:00Z,0
2017-07-31T06:00:00Z,0
2017-07-31T07:00:00Z,0
2017-07-31T08:00:00Z,0
2017-07-31T09:00:00Z,0
2017-07-31T10:00:00Z,0
2017-07-31T11:00:00Z,0
2017-07-31T12:00:00Z,0
2017-07-31T13:00:00Z,102.656005859375
2017-07-31T14:00:00Z,205.31201171875
2017-07-31T15:00:00Z,307.968017578125
2017-07-31T16:00:00Z,678.72003173828125
2017-07-31T17:00:00Z,1049.5360107421875
2017-07-31T18:00:00Z,1420.35205078125
2017-07-31T19:00:00Z,1395.840087890625
2017-07-31T20:00:00Z,1371.328125
2017-07-31T21:00:00Z,1346.7520751953125
2017-07-31T22:00:00Z,1130.2401123046875
2017-07-31T23:00:00Z,913.72802734375
2017-08-01T00:00:00Z,697.21600341796875
2017-08-01T01:00:00Z,510.3360290527344
2017-08-01T02:00:00Z,323.39202880859375
2017-08-01T03:00:00Z,136.5120086669922
2017-08-01T04:00:00Z,92.54400634765625
2017-08-01T05:00:00Z,48.57600402832031
2017-08-01T06:00:00Z,4.6080002784729
2017-08-01T07:00:00Z,3.072000026702881
2017-08-01T08:00:00Z,1.5360000133514404
2017-08-01T09:00:00Z,0
2017-08-01T10:00:00Z,0
2017-08-01T11:00:00Z,0
2017-08-01T12:00:00Z,0
2017-08-01T13:00:00Z,250.62400817871094
2017-08-01T14:00:00Z,501.2480163574219
2017-08-01T15:00:00Z,751.87200927734375
2017-08-01T16:00:00Z,920.6400146484375
2017-08-01T17:00:00Z,1089.4080810546875
2017-08-01T18:00:00Z,1258.176025390625
2017-08-01T19:00:00Z,1337.3441162109375
2017-08-01T20:00:00Z,1416.5120849609375
2017-08-01T21:00:00Z,1495.6800537109375
2017-08-01T22:00:00Z,1293.3760986328125
2017-08-01T23:00:00Z,1091.072021484375
2017-08-02T00:00:00Z,888.76806640625
2017-08-02T01:00:00Z,858.04803466796875
2017-08-02T02:00:00Z,827.32806396484375
2017-08-02T03:00:00Z,796.5440673828125
2017-08-02T04:00:00Z,696.1920166015625
2017-08-02T05:00:00Z,595.84002685546875
2017-08-02T06:00:00Z,495.42401123046875
2017-08-02T07:00:00Z,437.31201171875
2017-08-02T08:00:00Z,379.1360168457031
2017-08-02T09:00:00Z,321.0240173339844
2017-08-02T10:00:00Z,393.4720153808594
2017-08-02T11:00:00Z,465.9200134277344
2017-08-02T12:00:00Z,538.3680419921875
2017-08-02T13:00:00Z,960.00006103515625
2017-08-02T14:00:00Z,1381.5040283203125
2017-08-02T15:00:00Z,1803.1361083984375
2017-08-02T16:00:00Z,1703.424072265625
2017-08-02T17:00:00Z,1603.7120361328125
2017-08-02T18:00:00Z,1504.0001220703125
2017-08-02T19:00:00Z,1245.248046875
2017-08-02T20:00:00Z,986.56005859375
2017-08-02T21:00:00Z,727.87200927734375
2017-08-02T22:00:00Z,574.33599853515625
2017-08-02T23:00:00Z,420.864013671875
2017-08-03T00:00:00Z,267.3919982910156
2017-08-03T01:00:00Z,228.60801696777344
2017-08-03T02:00:00Z,189.760009765625
2017-08-03T03:00:00Z,150.97601318359375
2017-08-03T04:00:00Z,121.02400207519531
2017-08-03T05:00:00Z,91.13600158691406
2017-08-03T06:00:00Z,61.24800109863281
2017-08-03T07:00:00Z,84.99200439453125
2017-08-03T08:00:00Z,108.73600769042969
2017-08-03T09:00:00Z,132.54400634765625
2017-08-03T10:00:00Z,117.31200408935547
2017-08-03T11:00:00Z,102.14400482177734
2017-08-03T12:00:00Z,86.97600555419922
2017-08-03T13:00:00Z,464.5760192871094
2017-08-03T14:00:00Z,842.176025390625
2017-08-03T15:00:00Z,1219.7760009765625
2017-08-03T16:00:00Z,1185.6640625
2017-08-03T17:00:00Z,1151.552001953125
2017-08-03T18:00:00Z,1117.4400634765625
2017-08-03T19:00:00Z,1066.944091796875
2017-08-03T20:00:00Z,1016.5120239257813
2017-08-03T21:00:00Z,966.01605224609375
2017-08-03T22:00:00Z,877.696044921875
2017-08-03T23:00:00Z,789.31201171875
2017-08-04T00:00:00Z,700.92803955078125
2017-08-04T01:00:00Z,645.12005615234375
2017-08-04T02:00:00Z,589.37603759765625
2017-08-04T03:00:00Z,533.56805419921875
2017-08-04T04:00:00Z,517.31201171875
2017-08-04T05:00:00Z,501.0560302734375
2017-08-04T06:00:00Z,484.8000183105469
2017-08-04T07:00:00Z,493.4400329589844
2017-08-04T08:00:00Z,502.0160217285156
2017-08-04T09:00:00Z,510.6560363769531
2017-08-04T10:00:00Z,464.8960266113281
2017-08-04T11:00:00Z,419.1360168457031
2017-08-04T12:00:00Z,373.4400329589844
2017-08-04T13:00:00Z,502.4000244140625
2017-08-04T14:00:00Z,631.36004638671875
2017-08-04T15:00:00Z,760.32000732421875
2017-08-04T16:00:00Z,658.49603271484375
2017-08-04T17:00:00Z,556.6719970703125
2017-08-04T18:00:00Z,454.9120178222656
2017-08-04T19:00:00Z,623.7440185546875
2017-08-04T20:00:00Z,792.5760498046875
2017-08-04T21:00:00Z,961.4720458984375
2017-08-04T22:00:00Z,1031.10400390625
2017-08-04T23:00:00Z,1100.800048828125
2017-08-05T00:00:00Z,1170.4320068359375
2017-08-05T01:00:00Z,973.63201904296875
2017-08-05T02:00:00Z,776.83203125
2017-08-05T03:00:00Z,579.968017578125
2017-08-05T04:00:00Z,450.04803466796875
2017-08-05T05:00:00Z,320
2017-08-05T06:00:00Z,190.0800018310547
2017-08-05T07:00:00Z,149.12001037597656
2017-08-05T08:00:00Z,108.16000366210938
2017-08-05T09:00:00Z,67.07200622558594
2017-08-05T10:00:00Z,119.68000793457031
2017-08-05T11:00:00Z,172.16000366210938
2017-08-05T12:00:00Z,224.6400146484375
2017-08-05T13:00:00Z,345.6000061035156
2017-08-05T14:00:00Z,466.5600280761719
2017-08-05T15:00:00Z,587.58404541015625
2017-08-05T16:00:00Z,593.0240478515625
2017-08-05T17:00:00Z,598.46405029296875
2017-08-05T18:00:00Z,603.904052734375
2017-08-05T19:00:00Z,666.56005859375
2017-08-05T20:00:00Z,729.15203857421875
2017-08-05T21:00:00Z,791.80804443359375
2017-08-05T22:00:00Z,556.09600830078125
2017-08-05T23:00:00Z,320.32000732421875
2017-08-06T00:00:00Z,84.608001708984375
2017-08-06T01:00:00Z,56.448001861572266
2017-08-06T02:00:00Z,28.224000930786133
2017-08-06T03:00:00Z,0
2017-08-06T04:00:00Z,0
2017-08-06T05:00:00Z,0
2017-08-06T06:00:00Z,0
2017-08-06T07:00:00Z,0
2017-08-06T08:00:00Z,0
2017-08-06T09:00:00Z,0
2017-08-06T10:00:00Z,0
2017-08-06T11:00:00Z,0
2017-08-06T12:00:00Z,0
2017-08-06T13:00:00Z,0
2017-08-06T14:00:00Z,0
2017-08-06T15:00:00Z,0
2017-08-06T16:00:00Z,1.7920000553131104
2017-08-06T17:00:00Z,3.5840001106262207
2017-08-06T18:00:00Z,5.440000057220459
2017-08-06T19:00:00Z,12.416000366210938
2017-08-06T20:00:00Z,19.45600128173828
2017-08-06T21:00:00Z,26.4320011138916
2017-08-06T22:00:00Z,18.240001678466797
2017-08-06T23:00:00Z,10.112000465393066
2017-08-07T00:00:00Z,1.9200000762939453
2017-08-07T01:00:00Z,1.28000009059906
2017-08-07T02:00:00Z,0.64000004529953
2017-08-07T03:00:00Z,0
2017-08-07T04:00:00Z,0
2017-08-07T05:00:00Z,0
2017-08-07T06:00:00Z,0
2017-08-07T07:00:00Z,0
2017-08-07T08:00:00Z,0
2017-08-07T09:00:00Z,0
2017-08-07T10:00:00Z,0
2017-08-07T11:00:00Z,0
2017-08-07T12:00:00Z,0
2017-08-07T13:00:00Z,1.9840000867843628
2017-08-07T14:00:00Z,3.9040002822875977
2017-08-07T15:00:00Z,5.88800048828125
2017-08-07T16:00:00Z,3.9040002822875977
2017-08-07T17:00:00Z,1.9840000867843628
2017-08-07T18:00:00Z,0
2017-08-07T19:00:00Z,7.0400004386901855
2017-08-07T20:00:00Z,14.080000877380371
2017-08-07T21:00:00Z,21.1200008392334
2017-08-07T22:00:00Z,14.080000877380371
2017-08-07T23:00:00Z,7.0400004386901855
2017-08-08T00:00:00Z,0
2017-08-08T01:00:00Z,0
2017-08-08T02:00:00Z,0
2017-08-08T03:00:00Z,0
2017-08-08T04:00:00Z,0
2017-08-08T05:00:00Z,0
2017-08-08T06:00:00Z,0
2017-08-08T07:00:00Z,0
2017-08-08T08:00:00Z,0
2017-08-08T09:00:00Z,0
2017-08-08T10:00:00Z,0
2017-08-08T11:00:00Z,0
2017-08-08T12:00:00Z,0
2017-08-08T13:00:00Z,32.895999908447266
2017-08-08T14:00:00Z,65.85600280761719
2017-08-08T15:00:00Z,98.75200653076172
2017-08-08T16:00:00Z,142.01600646972656
2017-08-08T17:00:00Z,185.28001403808594
2017-08-08T18:00:00Z,228.48001098632813
2017-08-08T19:00:00Z,273.2799987792969
2017-08-08T20:00:00Z,318.08001708984375
2017-08-08T21:00:00Z,362.8800048828125
2017-08-08T22:00:00Z,260.9280090332031
2017-08-08T23:00:00Z,158.97601318359375
2017-08-09T00:00:00Z,57.02400207519531
2017-08-09T01:00:00Z,38.0160026550293
2017-08-09T02:00:00Z,19.00800132751465
2017-08-09T03:00:00Z,0
2017-08-09T04:00:00Z,0
2017-08-09T05:00:00Z,0
2017-08-09T06:00:00Z,0
2017-08-09T07:00:00Z,0
2017-08-09T08:00:00Z,0
2017-08-09T09:00:00Z,0
2017-08-09T10:00:00Z,0
2017-08-09T11:00:00Z,0
2017-08-09T12:00:00Z,0
2017-08-09T13:00:00Z,16.384000778198242
2017-08-09T14:00:00Z,32.768001556396484
2017-08-09T15:00:00Z,49.152000427246094
2017-08-09T16:00:00Z,122.8800048828125
2017-08-09T17:00:00Z,196.60800170898438
2017-08-09T18:00:00Z,270.33599853515625
2017-08-09T19:00:00Z,335.0400085449219
2017-08-09T20:00:00Z,399.8080139160156
2017-08-09T21:00:00Z,464.51202392578125
2017-08-09T22:00:00Z,351.10400390625
2017-08-09T23:00:00Z,237.6320037841797
2017-08-10T00:00:00Z,124.22400665283203
2017-08-10T01:00:00Z,95.10400390625
2017-08-10T02:00:00Z,66.048004150390625
2017-08-10T03:00:00Z,36.8640022277832
2017-08-10T04:00:00Z,24.576000213623047
2017-08-10T05:00:00Z,12.288000106811523
2017-08-10T06:00:00Z,0
2017-08-10T07:00:00Z,0
2017-08-10T08:00:00Z,0
2017-08-10T09:00:00Z,0
2017-08-10T10:00:00Z,1.152000069618225
2017-08-10T11:00:00Z,2.30400013923645
2017-08-10T12:00:00Z,3.4560000896453857
2017-08-10T13:00:00Z,51.96800231933594
2017-08-10T14:00:00Z,100.41600799560547
2017-08-10T15:00:00Z,148.92800903320313
2017-08-10T16:00:00Z,259.3280029296875
2017-08-10T17:00:00Z,369.7920227050781
2017-08-10T18:00:00Z,480.2560119628906
2017-08-10T19:00:00Z,591.87200927734375
2017-08-10T20:00:00Z,703.55206298828125
2017-08-10T21:00:00Z,815.2320556640625
2017-08-10T22:00:00Z,575.16802978515625
2017-08-10T23:00:00Z,335.10400390625
2017-08-11T00:00:00Z,95.10400390625
2017-08-11T01:00:00Z,67.26399993896484
2017-08-11T02:00:00Z,39.36000061035156
2017-08-11T03:00:00Z,11.520000457763672
2017-08-11T04:00:00Z,7.680000305175781
2017-08-11T05:00:00Z,3.8400001525878906
2017-08-11T06:00:00Z,0
2017-08-11T07:00:00Z,0
2017-08-11T08:00:00Z,0
2017-08-11T09:00:00Z,0
2017-08-11T10:00:00Z,0
2017-08-11T11:00:00Z,0
2017-08-11T12:00:00Z,0
2017-08-11T13:00:00Z,0
2017-08-11T14:00:00Z,0
2017-08-11T15:00:00Z,0
2017-08-11T16:00:00Z,0
2017-08-11T17:00:00Z,0
2017-08-11T18:00:00Z,0
2017-08-11T19:00:00Z,9.920000076293945
2017-08-11T20:00:00Z,19.84000015258789
2017-08-11T21:00:00Z,29.76000213623047
2017-08-11T22:00:00Z,22.976001739501953
2017-08-11T23:00:00Z,16.192001342773438
2017-08-12T00:00:00Z,9.407999992370605
2017-08-12T01:00:00Z,16
2017-08-12T02:00:00Z,22.6560001373291
2017-08-12T03:00:00Z,29.248001098632813
2017-08-12T04:00:00Z,24.000001907348633
2017-08-12T05:00:00Z,18.81599998474121
2017-08-12T06:00:00Z,13.568000793457031
2017-08-12T07:00:00Z,9.02400016784668
2017-08-12T08:00:00Z,4.544000148773193
2017-08-12T09:00:00Z,0
2017-08-12T10:00:00Z,0
2017-08-12T11:00:00Z,0
2017-08-12T12:00:00Z,0
2017-08-12T13:00:00Z,116.73600769042969
2017-08-12T14:00:00Z,233.47201538085938
2017-08-12T15:00:00Z,350.2080078125
2017-08-12T16:00:00Z,690.4320068359375
2017-08-12T17:00:00Z,1030.592041015625
2017-08-12T18:00:00Z,1370.8160400390625
2017-08-12T19:00:00Z,1445.632080078125
2017-08-12T20:00:00Z,1520.4481201171875
2017-08-12T21:00:00Z,1595.2640380859375
2017-08-12T22:00:00Z,1378.944091796875
2017-08-12T23:00:00Z,1162.6240234375
2017-08-13T00:00:00Z,946.30401611328125
2017-08-13T01:00:00Z,773.4400634765625
2017-08-13T02:00:00Z,600.5760498046875
2017-08-13T03:00:00Z,427.7120056152344
2017-08-13T04:00:00Z,420.54400634765625
2017-08-13T05:00:00Z,413.3760070800781
2017-08-13T06:00:00Z,406.1440124511719
2017-08-13T07:00:00Z,348.99200439453125
2017-08-13T08:00:00Z,291.9040222167969
2017-08-13T09:00:00Z,234.75201416015625
2017-08-13T10:00:00Z,171.26400756835938
2017-08-13T11:00:00Z,107.84000396728516
2017-08-13T12:00:00Z,44.35200119018555
2017-08-13T13:00:00Z,30.400001525878906
2017-08-13T14:00:00Z,16.384000778198242
2017-08-13T15:00:00Z,2.432000160217285
2017-08-13T16:00:00Z,22.720001220703125
2017-08-13T17:00:00Z,42.944000244140625
2017-08-13T18:00:00Z,63.23200225830078
2017-08-13T19:00:00Z,105.08800506591797
2017-08-13T20:00:00Z,146.94400024414063
2017-08-13T21:00:00Z,188.8000030517578
2017-08-13T22:00:00Z,131.0080108642578
2017-08-13T23:00:00Z,73.21600341796875
2017-08-14T00:00:00Z,15.42400074005127
2017-08-14T01:00:00Z,10.24000072479248
2017-08-14T02:00:00Z,5.12000036239624
2017-08-14T03:00:00Z,0
2017-08-14T04:00:00Z,0
2017-08-14T05:00:00Z,0
2017-08-14T06:00:00Z,0
2017-08-14T07:00:00Z,0
2017-08-14T08:00:00Z,0
2017-08-14T09:00:00Z,0
2017-08-14T10:00:00Z,0
2017-08-14T11:00:00Z,0
2017-08-14T12:00:00Z,0
2017-08-14T13:00:00Z,1.152000069618225
2017-08-14T14:00:00Z,2.30400013923645
2017-08-14T15:00:00Z,3.4560000896453857
2017-08-14T16:00:00Z,59.45600128173828
2017-08-14T17:00:00Z,115.39200592041016
2017-08-14T18:00:00Z,171.3280029296875
2017-08-14T19:00:00Z,218.9440155029297
2017-08-14T20:00:00Z,266.4960021972656
2017-08-14T21:00:00Z,314.1120300292969
2017-08-14T22:00:00Z,226.62400817871094
2017-08-14T23:00:00Z,139.20001220703125
2017-08-15T00:00:00Z,51.7760009765625
2017-08-15T01:00:00Z,34.560001373291016
2017-08-15T02:00:00Z,17.280000686645508
2017-08-15T03:00:00Z,0
2017-08-15T04:00:00Z,0
2017-08-15T05:00:00Z,0
2017-08-15T06:00:00Z,0
2017-08-15T07:00:00Z,0
2017-08-15T08:00:00Z,0
2017-08-15T09:00:00Z,0
2017-08-15T10:00:00Z,0
2017-08-15T11:00:00Z,0
2017-08-15T12:00:00Z,0
2017-08-15T13:00:00Z,21.88800048828125
2017-08-15T14:00:00Z,43.840003967285156
2017-08-15T15:00:00Z,65.7280044555664
2017-08-15T16:00:00Z,156.8000030517578
2017-08-15T17:00:00Z,247.87200927734375
2017-08-15T18:00:00Z,339.0080261230469
2017-08-15T19:00:00Z,458.2400207519531
2017-08-15T20:00:00Z,577.60003662109375
2017-08-15T21:00:00Z,696.83203125
2017-08-15T22:00:00Z,797.696044921875
2017-08-15T23:00:00Z,898.56005859375
2017-08-16T00:00:00Z,999.36004638671875
2017-08-16T01:00:00Z,864.96002197265625
2017-08-16T02:00:00Z,730.49603271484375
2017-08-16T03:00:00Z,596.09600830078125
2017-08-16T04:00:00Z,467.39202880859375
2017-08-16T05:00:00Z,338.6880187988281
2017-08-16T06:00:00Z,209.9840087890625
2017-08-16T07:00:00Z,147.20001220703125
2017-08-16T08:00:00Z,84.41600036621094
2017-08-16T09:00:00Z,21.632001876831055
2017-08-16T10:00:00Z,14.40000057220459
2017-08-16T11:00:00Z,7.232000350952148
2017-08-16T12:00:00Z,0
2017-08-16T13:00:00Z,1.7920000553131104
2017-08-16T14:00:00Z,3.5840001106262207
2017-08-16T15:00:00Z,5.37600040435791
2017-08-16T16:00:00Z,11.7760009765625
2017-08-16T17:00:00Z,18.112001419067383
2017-08-16T18:00:00Z,24.512001037597656
2017-08-16T19:00:00Z,35.52000045776367
2017-08-16T20:00:00Z,46.52800369262695
2017-08-16T21:00:00Z,57.60000228881836
2017-08-16T22:00:00Z,38.400001525878906
2017-08-16T23:00:00Z,19.200000762939453
2017-08-17T00:00:00Z,0
2017-08-17T01:00:00Z,0
2017-08-17T02:00:00Z,0
2017-08-17T03:00:00Z,0
2017-08-17T04:00:00Z,0
2017-08-17T05:00:00Z,0
2017-08-17T06:00:00Z,0
2017-08-17T07:00:00Z,0
2017-08-17T08:00:00Z,0
2017-08-17T09:00:00Z,0
2017-08-17T10:00:00Z,0
2017-08-17T11:00:00Z,0
2017-08-17T12:00:00Z,0
2017-08-17T13:00:00Z,0
2017-08-17T14:00:00Z,0
2017-08-17T15:00:00Z,0
2017-08-17T16:00:00Z,0
2017-08-17T17:00:00Z,0
2017-08-17T18:00:00Z,0
2017-08-17T19:00:00Z,0.64000004529953
2017-08-17T20:00:00Z,1.28000009059906
2017-08-17T21:00:00Z,1.9200000762939453
2017-08-17T22:00:00Z,1.28000009059906
2017-08-17T23:00:00Z,0.64000004529953
2017-08-18T00:00:00Z,0
2017-08-18T01:00:00Z,6.656000137329102
2017-08-18T02:00:00Z,13.312000274658203
2017-08-18T03:00:00Z,19.968000411987305
2017-08-18T04:00:00Z,59.90400314331055
2017-08-18T05:00:00Z,99.84000396728516
2017-08-18T06:00:00Z,139.8400115966797
2017-08-18T07:00:00Z,139.3920135498047
2017-08-18T08:00:00Z,138.94400024414063
2017-08-18T09:00:00Z,138.5600128173828
2017-08-18T10:00:00Z,93.376007080078125
2017-08-18T11:00:00Z,48.19200134277344
2017-08-18T12:00:00Z,2.944000244140625
2017-08-18T13:00:00Z,35.84000015258789
2017-08-18T14:00:00Z,68.67200469970703
2017-08-18T15:00:00Z,101.56800842285156
2017-08-18T16:00:00Z,249.92001342773438
2017-08-18T17:00:00Z,398.2080078125
2017-08-18T18:00:00Z,546.55999755859375
2017-08-18T19:00:00Z,527.87200927734375
2017-08-18T20:00:00Z,509.2480163574219
2017-08-18T21:00:00Z,490.5600280761719
2017-08-18T22:00:00Z,494.72003173828125
2017-08-18T23:00:00Z,498.75201416015625
2017-08-19T00:00:00Z,502.8480224609375
2017-08-19T01:00:00Z,421.63201904296875
2017-08-19T02:00:00Z,340.416015625
2017-08-19T03:00:00Z,259.20001220703125
2017-08-19T04:00:00Z,207.80801391601563
2017-08-19T05:00:00Z,156.41600036621094
2017-08-19T06:00:00Z,105.02400207519531
2017-08-19T07:00:00Z,89.7280044555664
2017-08-19T08:00:00Z,74.496002197265625
2017-08-19T09:00:00Z,59.13600158691406
2017-08-19T10:00:00Z,41.7920036315918
2017-08-19T11:00:00Z,24.384000778198242
2017-08-19T12:00:00Z,7.0400004386901855
2017-08-19T13:00:00Z,44.160003662109375
2017-08-19T14:00:00Z,81.2800064086914
2017-08-19T15:00:00Z,118.40000915527344
2017-08-19T16:00:00Z,120.38400268554688
2017-08-19T17:00:00Z,122.4320068359375
2017-08-19T18:00:00Z,124.41600799560547
2017-08-19T19:00:00Z,151.48800659179688
2017-08-19T20:00:00Z,178.5600128173828
2017-08-19T21:00:00Z,205.6320037841797
2017-08-19T22:00:00Z,174.3360137939453
2017-08-19T23:00:00Z,143.04000854492188
2017-08-20T00:00:00Z,111.74400329589844
2017-08-20T01:00:00Z,147.71200561523438
2017-08-20T02:00:00Z,183.6800079345703
2017-08-20T03:00:00Z,219.64801025390625
2017-08-20T04:00:00Z,160
2017-08-20T05:00:00Z,100.28800201416016
2017-08-20T06:00:00Z,40.57600021362305
2017-08-20T07:00:00Z,27.07200050354004
2017-08-20T08:00:00Z,13.504000663757324
2017-08-20T09:00:00Z,0
2017-08-20T10:00:00Z,0
2017-08-20T11:00:00Z,0
2017-08-20T12:00:00Z,0
2017-08-20T13:00:00Z,4.480000019073486
2017-08-20T14:00:00Z,8.960000038146973
2017-08-20T15:00:00Z,13.440000534057617
2017-08-20T16:00:00Z,16.832000732421875
2017-08-20T17:00:00Z,20.160001754760742
2017-08-20T18:00:00Z,23.488000869750977
2017-08-20T19:00:00Z,41.47200012207031
2017-08-20T20:00:00Z,59.52000427246094
2017-08-20T21:00:00Z,77.44000244140625
2017-08-20T22:00:00Z,51.58400344848633
2017-08-20T23:00:00Z,25.856000900268555
2017-08-21T00:00:00Z,0
2017-08-21T01:00:00Z,0
2017-08-21T02:00:00Z,0
2017-08-21T03:00:00Z,0
2017-08-21T04:00:00Z,0
2017-08-21T05:00:00Z,0
2017-08-21T06:00:00Z,0
2017-08-21T07:00:00Z,0
2017-08-21T08:00:00Z,0
2017-08-21T09:00:00Z,0
2017-08-21T10:00:00Z,0
2017-08-21T11:00:00Z,0
2017-08-21T12:00:00Z,0
2017-08-21T13:00:00Z,10.432000160217285
2017-08-21T14:00:00Z,20.80000114440918
2017-08-21T15:00:00Z,31.23200225830078
2017-08-21T16:00:00Z,149.69601440429688
2017-08-21T17:00:00Z,268.2239990234375
2017-08-21T18:00:00Z,386.6880187988281
2017-08-21T19:00:00Z,579.904052734375
2017-08-21T20:00:00Z,773.18402099609375
2017-08-21T21:00:00Z,966.4000244140625
2017-08-21T22:00:00Z,792.1920166015625
2017-08-21T23:00:00Z,618.04803466796875
2017-08-22T00:00:00Z,443.84002685546875
2017-08-22T01:00:00Z,330.176025390625
2017-08-22T02:00:00Z,216.44801330566406
2017-08-22T03:00:00Z,102.78400421142578
2017-08-22T04:00:00Z,111.3600082397461
2017-08-22T05:00:00Z,119.87200927734375
2017-08-22T06:00:00Z,128.44801330566406
2017-08-22T07:00:00Z,103.23200225830078
2017-08-22T08:00:00Z,78.08000183105469
2017-08-22T09:00:00Z,52.8640022277832
2017-08-22T10:00:00Z,57.98400115966797
2017-08-22T11:00:00Z,63.10400390625
2017-08-22T12:00:00Z,68.22400665283203
2017-08-22T13:00:00Z,483.20001220703125
2017-08-22T14:00:00Z,898.04803466796875
2017-08-22T15:00:00Z,1312.8961181640625
2017-08-22T16:00:00Z,1361.280029296875
2017-08-22T17:00:00Z,1409.5360107421875
2017-08-22T18:00:00Z,1457.7921142578125
2017-08-22T19:00:00Z,1696.1280517578125
2017-08-22T20:00:00Z,1934.464111328125
2017-08-22T21:00:00Z,2172.672119140625
2017-08-22T22:00:00Z,2011.904052734375
2017-08-22T23:00:00Z,1851.1361083984375
2017-08-23T00:00:00Z,1690.2401123046875
2017-08-23T01:00:00Z,1708.4161376953125
2017-08-23T02:00:00Z,1726.464111328125
2017-08-23T03:00:00Z,1744.5120849609375
2017-08-23T04:00:00Z,1545.60009765625
2017-08-23T05:00:00Z,1346.56005859375
2017-08-23T06:00:00Z,1147.52001953125
2017-08-23T07:00:00Z,843.77606201171875
2017-08-23T08:00:00Z,539.904052734375
2017-08-23T09:00:00Z,236.03201293945313
2017-08-23T10:00:00Z,158.2080078125
2017-08-23T11:00:00Z,80.2560043334961
2017-08-23T12:00:00Z,2.432000160217285
2017-08-23T13:00:00Z,9.984000205993652
2017-08-23T14:00:00Z,17.408000946044922
2017-08-23T15:00:00Z,24.96000099182129
2017-08-23T16:00:00Z,19.968000411987305
2017-08-23T17:00:00Z,14.976000785827637
2017-08-23T18:00:00Z,9.984000205993652
2017-08-23T19:00:00Z,14.720000267028809
2017-08-23T20:00:00Z,19.328001022338867
2017-08-23T21:00:00Z,24.064001083374023
2017-08-23T22:00:00Z,16
2017-08-23T23:00:00Z,8.064000129699707
2017-08-24T00:00:00Z,0
2017-08-24T01:00:00Z,0
2017-08-24T02:00:00Z,0
2017-08-24T03:00:00Z,0
2017-08-24T04:00:00Z,0
2017-08-24T05:00:00Z,0
2017-08-24T06:00:00Z,0
2017-08-24T07:00:00Z,0
2017-08-24T08:00:00Z,0
2017-08-24T09:00:00Z,0
2017-08-24T10:00:00Z,0
2017-08-24T11:00:00Z,0
2017-08-24T12:00:00Z,0
2017-08-24T13:00:00Z,16.64000129699707
2017-08-24T14:00:00Z,33.28000259399414
2017-08-24T15:00:00Z,50.048004150390625
2017-08-24T16:00:00Z,37.3120002746582
2017-08-24T17:00:00Z,24.64000129699707
2017-08-24T18:00:00Z,11.968000411987305
2017-08-24T19:00:00Z,15.296000480651855
2017-08-24T20:00:00Z,18.624000549316406
2017-08-24T21:00:00Z,21.952001571655273
2017-08-24T22:00:00Z,14.656001091003418
2017-08-24T23:00:00Z,7.2960004806518555
2017-08-25T00:00:00Z,0
2017-08-25T01:00:00Z,6.144000053405762
2017-08-25T02:00:00Z,12.35200023651123
2017-08-25T03:00:00Z,18.496000289916992
2017-08-25T04:00:00Z,26.880001068115234
2017-08-25T05:00:00Z,35.20000076293945
2017-08-25T06:00:00Z,43.52000045776367
2017-08-25T07:00:00Z,38.272003173828125
2017-08-25T08:00:00Z,32.895999908447266
2017-08-25T09:00:00Z,27.520000457763672
2017-08-25T10:00:00Z,19.45600128173828
2017-08-25T11:00:00Z,11.520000457763672
2017-08-25T12:00:00Z,3.4560000896453857
2017-08-25T13:00:00Z,19.328001022338867
2017-08-25T14:00:00Z,35.20000076293945
2017-08-25T15:00:00Z,51.00800323486328
2017-08-25T16:00:00Z,54.720001220703125
2017-08-25T17:00:00Z,58.432003021240234
2017-08-25T18:00:00Z,62.144004821777344
2017-08-25T19:00:00Z,61.31200408935547
2017-08-25T20:00:00Z,60.4160041809082
2017-08-25T21:00:00Z,59.52000427246094
2017-08-25T22:00:00Z,44.544002532958984
2017-08-25T23:00:00Z,29.56800079345703
2017-08-26T00:00:00Z,14.592000961303711
2017-08-26T01:00:00Z,9.72800064086914
2017-08-26T02:00:00Z,4.86400032043457
2017-08-26T03:00:00Z,0
2017-08-26T04:00:00Z,0
2017-08-26T05:00:00Z,0
2017-08-26T06:00:00Z,0
2017-08-26T07:00:00Z,0
2017-08-26T08:00:00Z,0
2017-08-26T09:00:00Z,0
2017-08-26T10:00:00Z,0
2017-08-26T11:00:00Z,0
2017-08-26T12:00:00Z,0
2017-08-26T13:00:00Z,2.688000202178955
2017-08-26T14:00:00Z,5.37600040435791
2017-08-26T15:00:00Z,8.064000129699707
2017-08-26T16:00:00Z,5.37600040435791
2017-08-26T17:00:00Z,2.688000202178955
2017-08-26T18:00:00Z,0
2017-08-26T19:00:00Z,1.152000069618225
2017-08-26T20:00:00Z,2.30400013923645
2017-08-26T21:00:00Z,3.4560000896453857
2017-08-26T22:00:00Z,2.30400013923645
2017-08-26T23:00:00Z,1.152000069618225
2017-08-27T00:00:00Z,0
2017-08-27T01:00:00Z,0
2017-08-27T02:00:00Z,0
2017-08-27T03:00:00Z,0
2017-08-27T04:00:00Z,0
2017-08-27T05:00:00Z,0
2017-08-27T06:00:00Z,0
2017-08-27T07:00:00Z,0
2017-08-27T08:00:00Z,0
2017-08-27T09:00:00Z,0
2017-08-27T10:00:00Z,0
2017-08-27T11:00:00Z,0
2017-08-27T12:00:00Z,0
2017-08-27T13:00:00Z,0
2017-08-27T14:00:00Z,0
2017-08-27T15:00:00Z,0
2017-08-27T16:00:00Z,0
2017-08-27T17:00:00Z,0
2017-08-27T18:00:00Z,0
2017-08-27T19:00:00Z,1.7920000553131104
2017-08-27T20:00:00Z,3.5840001106262207
2017-08-27T21:00:00Z,5.440000057220459
2017-08-27T22:00:00Z,3.5840001106262207
2017-08-27T23:00:00Z,1.7920000553131104
2017-08-28T00:00:00Z,0
2017-08-28T01:00:00Z,0
2017-08-28T02:00:00Z,0
2017-08-28T03:00:00Z,0
2017-08-28T04:00:00Z,0
2017-08-28T05:00:00Z,0
2017-08-28T06:00:00Z,0
2017-08-28T07:00:00Z,0
2017-08-28T08:00:00Z,0
2017-08-28T09:00:00Z,0
2017-08-28T10:00:00Z,0
2017-08-28T11:00:00Z,0
2017-08-28T12:00:00Z,0
2017-08-28T13:00:00Z,0
2017-08-28T14:00:00Z,0
2017-08-28T15:00:00Z,0
2017-08-28T16:00:00Z,6.400000095367432
2017-08-28T17:00:00Z,12.736001014709473
2017-08-28T18:00:00Z,19.07200050354004
2017-08-28T19:00:00Z,23.040000915527344
2017-08-28T20:00:00Z,27.07200050354004
2017-08-28T21:00:00Z,31.040000915527344
2017-08-28T22:00:00Z,20.672000885009766
2017-08-28T23:00:00Z,10.368000030517578
2017-08-29T00:00:00Z,0
2017-08-29T01:00:00Z,0
2017-08-29T02:00:00Z,0
2017-08-29T03:00:00Z,0
2017-08-29T04:00:00Z,0
2017-08-29T05:00:00Z,0
2017-08-29T06:00:00Z,0
2017-08-29T07:00:00Z,0
2017-08-29T08:00:00Z,0
2017-08-29T09:00:00Z,0
2017-08-29T10:00:00Z,0
2017-08-29T11:00:00Z,0
2017-08-29T12:00:00Z,0
2017-08-29T13:00:00Z,0
2017-08-29T14:00:00Z,0
2017-08-29T15:00:00Z,0
2017-08-29T16:00:00Z,6.656000137329102
2017-08-29T17:00:00Z,13.312000274658203
2017-08-29T18:00:00Z,19.968000411987305
2017-08-29T19:00:00Z,15.488000869750977
2017-08-29T20:00:00Z,10.944000244140625
2017-08-29T21:00:00Z,6.464000225067139
2017-08-29T22:00:00Z,4.288000106811523
2017-08-29T23:00:00Z,2.1760001182556152
2017-08-30T00:00:00Z,0
2017-08-30T01:00:00Z,0
2017-08-30T02:00:00Z,0
2017-08-30T03:00:00Z,0
2017-08-30T04:00:00Z,0
2017-08-30T05:00:00Z,0
2017-08-30T06:00:00Z,0
2017-08-30T07:00:00Z,0
2017-08-30T08:00:00Z,0
2017-08-30T09:00:00Z,0
2017-08-30T10:00:00Z,0
2017-08-30T11:00:00Z,0
2017-08-30T12:00:00Z,0
2017-08-30T13:00:00Z,0
2017-08-30T14:00:00Z,0
2017-08-30T15:00:00Z,0
2017-08-30T16:00:00Z,0.8320000171661377
2017-08-30T17:00:00Z,1.6640000343322754
2017-08-30T18:00:00Z,2.432000160217285
2017-08-30T19:00:00Z,1.600000023841858
2017-08-30T20:00:00Z,0.8320000171661377
2017-08-30T21:00:00Z,0
2017-08-30T22:00:00Z,0
2017-08-30T23:00:00Z,0
2017-08-31T00:00:00Z,0
2017-08-31T01:00:00Z,0
2017-08-31T02:00:00Z,0
2017-08-31T03:00:00Z,0
2017-08-31T04:00:00Z,0
2017-08-31T05:00:00Z,0
2017-08-31T06:00:00Z,0
2017-08-31T07:00:00Z,0
2017-08-31T08:00:00Z,0
2017-08-31T09:00:00Z,0
2017-08-31T10:00:00Z,0
2017-08-31T11:00:00Z,0
2017-08-31T12:00:00Z,0
2017-08-31T13:00:00Z,29.56800079345703
2017-08-31T14:00:00Z,59.13600158691406
2017-08-31T15:00:00Z,88.7040023803711
2017-08-31T16:00:00Z,72.96000671386719
2017-08-31T17:00:00Z,57.21600341796875
2017-08-31T18:00:00Z,41.47200012207031
2017-08-31T19:00:00Z,40.96000289916992
2017-08-31T20:00:00Z,40.448001861572266
2017-08-31T21:00:00Z,40.064002990722656
2017-08-31T22:00:00Z,26.624000549316406
2017-08-31T23:00:00Z,13.312000274658203
2017-09-01T00:00:00Z,0
2017-09-01T01:00:00Z,0
2017-09-01T02:00:00Z,0
2017-09-01T03:00:00Z,0
2017-09-01T04:00:00Z,0
2017-09-01T05:00:00Z,0
2017-09-01T06:00:00Z,0
2017-09-01T07:00:00Z,0
2017-09-01T08:00:00Z,0
2017-09-01T09:00:00Z,0
2017-09-01T10:00:00Z,0
2017-09-01T11:00:00Z,0
2017-09-01T12:00:00Z,0
2017-09-01T13:00:00Z,0
2017-09-01T14:00:00Z,0
2017-09-01T15:00:00Z,0
2017-09-01T16:00:00Z,0
2017-09-01T17:00:00Z,0
2017-09-01T18:00:00Z,0
2017-09-01T19:00:00Z,0
2017-09-01T20:00:00Z,0
2017-09-01T21:00:00Z,0
2017-09-01T22:00:00Z,0
2017-09-01T23:00:00Z,0
2017-09-02T00:00:00Z,0
2017-09-02T01:00:00Z,0
2017-09-02T02:00:00Z,0
2017-09-02T03:00:00Z,0
2017-09-02T04:00:00Z,0
2017-09-02T05:00:00Z,0
2017-09-02T06:00:00Z,0
2017-09-02T07:00:00Z,0
2017-09-02T08:00:00Z,0
2017-09-02T09:00:00Z,0
2017-09-02T10:00:00Z,0
2017-09-02T11:00:00Z,0
2017-09-02T12:00:00Z,0
2017-09-02T13:00:00Z,0
2017-09-02T14:00:00Z,0
2017-09-02T15:00:00Z,0
2017-09-02T16:00:00Z,0
2017-09-02T17:00:00Z,0
2017-09-02T18:00:00Z,0
2017-09-02T19:00:00Z,0
2017-09-02T20:00:00Z,0
2017-09-02T21:00:00Z,0
2017-09-02T22:00:00Z,0
2017-09-02T23:00:00Z,0
2017-09-03T00:00:00Z,0
2017-09-03T01:00:00Z,0
2017-09-03T02:00:00Z,0
2017-09-03T03:00:00Z,0
2017-09-03T04:00:00Z,0
2017-09-03T05:00:00Z,0
2017-09-03T06:00:00Z,0
2017-09-03T07:00:00Z,0
2017-09-03T08:00:00Z,0
2017-09-03T09:00:00Z,0
2017-09-03T10:00:00Z,1.3440001010894775
2017-09-03T11:00:00Z,2.688000202178955
2017-09-03T12:00:00Z,4.0320000648498535
2017-09-03T13:00:00Z,2.688000202178955
2017-09-03T14:00:00Z,1.3440001010894775
2017-09-03T15:00:00Z,0
2017-09-03T16:00:00Z,0
2017-09-03T17:00:00Z,0
2017-09-03T18:00:00Z,0
2017-09-03T19:00:00Z,0
2017-09-03T20:00:00Z,0
2017-09-03T21:00:00Z,0
2017-09-03T22:00:00Z,2.1760001182556152
2017-09-03T23:00:00Z,4.3520002365112305
2017-09-04T00:00:00Z,6.528000354766846
2017-09-04T01:00:00Z,4.3520002365112305
2017-09-04T02:00:00Z,2.1760001182556152
2017-09-04T03:00:00Z,0
2017-09-04T04:00:00Z,0
2017-09-04T05:00:00Z,0
2017-09-04T06:00:00Z,0
2017-09-04T07:00:00Z,0
2017-09-04T08:00:00Z,0
2017-09-04T09:00:00Z,0
2017-09-04T10:00:00Z,0
2017-09-04T11:00:00Z,0
2017-09-04T12:00:00Z,0
2017-09-04T13:00:00Z,0
2017-09-04T14:00:00Z,0
2017-09-04T15:00:00Z,0
2017-09-04T16:00:00Z,0
2017-09-04T17:00:00Z,0
2017-09-04T18:00:00Z,0
2017-09-04T19:00:00Z,0
2017-09-04T20:00:00Z,0
2017-09-04T21:00:00Z,0
2017-09-04T22:00:00Z,0
2017-09-04T23:00:00Z,0
2017-09-05T00:00:00Z,0
2017-09-05T01:00:00Z,2.624000072479248
2017-09-05T02:00:00Z,5.248000144958496
2017-09-05T03:00:00Z,7.872000217437744
2017-09-05T04:00:00Z,140.03201293945313
2017-09-05T05:00:00Z,272.1280212402344
2017-09-05T06:00:00Z,404.28802490234375
2017-09-05T07:00:00Z,491.3280334472656
2017-09-05T08:00:00Z,578.30401611328125
2017-09-05T09:00:00Z,665.34405517578125
2017-09-05T10:00:00Z,512.5760498046875
2017-09-05T11:00:00Z,359.8080139160156
2017-09-05T12:00:00Z,206.97601318359375
2017-09-05T13:00:00Z,446.3360290527344
2017-09-05T14:00:00Z,685.56805419921875
2017-09-05T15:00:00Z,924.800048828125
2017-09-05T16:00:00Z,854.52801513671875
2017-09-05T17:00:00Z,784.1280517578125
2017-09-05T18:00:00Z,713.85601806640625
2017-09-05T19:00:00Z,685.44000244140625
2017-09-05T20:00:00Z,657.15203857421875
2017-09-05T21:00:00Z,628.864013671875
2017-09-05T22:00:00Z,580.864013671875
2017-09-05T23:00:00Z,532.99200439453125
2017-09-06T00:00:00Z,484.9920349121094
2017-09-06T01:00:00Z,423.16802978515625
2017-09-06T02:00:00Z,361.21600341796875
2017-09-06T03:00:00Z,299.39202880859375
2017-09-06T04:00:00Z,298.8800048828125
2017-09-06T05:00:00Z,298.4320068359375
2017-09-06T06:00:00Z,297.9200134277344
2017-09-06T07:00:00Z,259.968017578125
2017-09-06T08:00:00Z,222.01600646972656
2017-09-06T09:00:00Z,184.0640106201172
2017-09-06T10:00:00Z,159.2320098876953
2017-09-06T11:00:00Z,134.40000915527344
2017-09-06T12:00:00Z,109.63200378417969
2017-09-06T13:00:00Z,93.376007080078125
2017-09-06T14:00:00Z,77.18400573730469
2017-09-06T15:00:00Z,60.99200439453125
2017-09-06T16:00:00Z,46.336002349853516
2017-09-06T17:00:00Z,31.680002212524414
2017-09-06T18:00:00Z,17.02400016784668
2017-09-06T19:00:00Z,25.536001205444336
2017-09-06T20:00:00Z,34.04800033569336
2017-09-06T21:00:00Z,42.560001373291016
2017-09-06T22:00:00Z,42.624000549316406
2017-09-06T23:00:00Z,42.68800354003906
2017-09-07T00:00:00Z,42.75200271606445
2017-09-07T01:00:00Z,28.48000144958496
2017-09-07T02:00:00Z,14.208001136779785
2017-09-07T03:00:00Z,0
2017-09-07T04:00:00Z,21.248001098632813
2017-09-07T05:00:00Z,42.624000549316406
2017-09-07T06:00:00Z,63.87200164794922
2017-09-07T07:00:00Z,76.80000305175781
2017-09-07T08:00:00Z,89.7280044555664
2017-09-07T09:00:00Z,102.78400421142578
2017-09-07T10:00:00Z,77.18400573730469
2017-09-07T11:00:00Z,51.71200180053711
2017-09-07T12:00:00Z,26.240001678466797
2017-09-07T13:00:00Z,40.832000732421875
2017-09-07T14:00:00Z,55.42400360107422
2017-09-07T15:00:00Z,70.14400482177734
2017-09-07T16:00:00Z,97.40800476074219
2017-09-07T17:00:00Z,124.67200469970703
2017-09-07T18:00:00Z,151.93600463867188
2017-09-07T19:00:00Z,116.6080093383789
2017-09-07T20:00:00Z,81.2800064086914
2017-09-07T21:00:00Z,46.0160026550293
2017-09-07T22:00:00Z,30.656002044677734
2017-09-07T23:00:00Z,15.360000610351563
2017-09-08T00:00:00Z,0
2017-09-08T01:00:00Z,0
2017-09-08T02:00:00Z,0
2017-09-08T03:00:00Z,0
2017-09-08T04:00:00Z,0
2017-09-08T05:00:00Z,0
2017-09-08T06:00:00Z,0
2017-09-08T07:00:00Z,0
2017-09-08T08:00:00Z,0
2017-09-08T09:00:00Z,0
2017-09-08T10:00:00Z,0
2017-09-08T11:00:00Z,0
2017-09-08T12:00:00Z,0
2017-09-08T13:00:00Z,19.00800132751465
2017-09-08T14:00:00Z,38.0160026550293
2017-09-08T15:00:00Z,57.02400207519531
2017-09-08T16:00:00Z,40.704002380371094
2017-09-08T17:00:00Z,24.384000778198242
2017-09-08T18:00:00Z,8.064000129699707
2017-09-08T19:00:00Z,10.688000679016113
2017-09-08T20:00:00Z,13.312000274658203
2017-09-08T21:00:00Z,15.872000694274902
2017-09-08T22:00:00Z,10.624000549316406
2017-09-08T23:00:00Z,5.312000274658203
2017-09-09T00:00:00Z,0
2017-09-09T01:00:00Z,0
2017-09-09T02:00:00Z,0
2017-09-09T03:00:00Z,0
2017-09-09T04:00:00Z,0
2017-09-09T05:00:00Z,0
2017-09-09T06:00:00Z,0
2017-09-09T07:00:00Z,0
2017-09-09T08:00:00Z,0
2017-09-09T09:00:00Z,0
2017-09-09T10:00:00Z,0
2017-09-09T11:00:00Z,0
2017-09-09T12:00:00Z,0
2017-09-09T13:00:00Z,2.30400013923645
2017-09-09T14:00:00Z,4.6080002784729
2017-09-09T15:00:00Z,6.9120001792907715
2017-09-09T16:00:00Z,68.80000305175781
2017-09-09T17:00:00Z,130.62400817871094
2017-09-09T18:00:00Z,192.5120086669922
2017-09-09T19:00:00Z,244.03201293945313
2017-09-09T20:00:00Z,295.61602783203125
2017-09-09T21:00:00Z,347.20001220703125
2017-09-09T22:00:00Z,235.968017578125
2017-09-09T23:00:00Z,124.80000305175781
2017-09-10T00:00:00Z,13.568000793457031
2017-09-10T01:00:00Z,9.02400016784668
2017-09-10T02:00:00Z,4.544000148773193
2017-09-10T03:00:00Z,0
2017-09-10T04:00:00Z,0
2017-09-10T05:00:00Z,0
2017-09-10T06:00:00Z,0
2017-09-10T07:00:00Z,0
2017-09-10T08:00:00Z,0
2017-09-10T09:00:00Z,0
2017-09-10T10:00:00Z,0
2017-09-10T11:00:00Z,0
2017-09-10T12:00:00Z,0
2017-09-10T13:00:00Z,3.7120001316070557
2017-09-10T14:00:00Z,7.360000133514404
2017-09-10T15:00:00Z,11.008000373840332
2017-09-10T16:00:00Z,7.360000133514404
2017-09-10T17:00:00Z,3.7120001316070557
2017-09-10T18:00:00Z,0
2017-09-10T19:00:00Z,0
2017-09-10T20:00:00Z,0
2017-09-10T21:00:00Z,0
2017-09-10T22:00:00Z,0
2017-09-10T23:00:00Z,0
2017-09-11T00:00:00Z,0
2017-09-11T01:00:00Z,0
2017-09-11T02:00:00Z,0
2017-09-11T03:00:00Z,0
2017-09-11T04:00:00Z,0
2017-09-11T05:00:00Z,0
2017-09-11T06:00:00Z,0
2017-09-11T07:00:00Z,0
2017-09-11T08:00:00Z,0
2017-09-11T09:00:00Z,0
2017-09-11T10:00:00Z,0
2017-09-11T11:00:00Z,0
2017-09-11T12:00:00Z,0
2017-09-11T13:00:00Z,0
2017-09-11T14:00:00Z,0
2017-09-11T15:00:00Z,0
2017-09-11T16:00:00Z,0
2017-09-11T17:00:00Z,0
2017-09-11T18:00:00Z,0
2017-09-11T19:00:00Z,0
2017-09-11T20:00:00Z,0
2017-09-11T21:00:00Z,0
2017-09-11T22:00:00Z,0
2017-09-11T23:00:00Z,0
2017-09-12T00:00:00Z,0
2017-09-12T01:00:00Z,0
2017-09-12T02:00:00Z,0
2017-09-12T03:00:00Z,0
2017-09-12T04:00:00Z,0
2017-09-12T05:00:00Z,0
2017-09-12T06:00:00Z,0
2017-09-12T07:00:00Z,0
2017-09-12T08:00:00Z,0
2017-09-12T09:00:00Z,0
2017-09-12T10:00:00Z,0
2017-09-12T11:00:00Z,0
2017-09-12T12:00:00Z,0
2017-09-12T13:00:00Z,0
2017-09-12T14:00:00Z,0
2017-09-12T15:00:00Z,0
2017-09-12T16:00:00Z,0
2017-09-12T17:00:00Z,0
2017-09-12T18:00:00Z,0
2017-09-12T19:00:00Z,0
2017-09-12T20:00:00Z,0
2017-09-12T21:00:00Z,0
2017-09-12T22:00:00Z,0
2017-09-12T23:00:00Z,0
2017-09-13T00:00:00Z,0
2017-09-13T01:00:00Z,0
2017-09-13T02:00:00Z,0
2017-09-13T03:00:00Z,0
2017-09-13T04:00:00Z,0
2017-09-13T05:00:00Z,0
2017-09-13T06:00:00Z,0
2017-09-13T07:00:00Z,0
2017-09-13T08:00:00Z,0
2017-09-13T09:00:00Z,0
2017-09-13T10:00:00Z,0
2017-09-13T11:00:00Z,0
2017-09-13T12:00:00Z,0
2017-09-13T13:00:00Z,0
2017-09-13T14:00:00Z,0
2017-09-13T15:00:00Z,0
2017-09-13T16:00:00Z,0.64000004529953
2017-09-13T17:00:00Z,1.28000009059906
2017-09-13T18:00:00Z,1.9200000762939453
2017-09-13T19:00:00Z,71.552001953125
2017-09-13T20:00:00Z,141.1840057373047
2017-09-13T21:00:00Z,210.81600952148438
2017-09-13T22:00:00Z,184.70401000976563
2017-09-13T23:00:00Z,158.59201049804688
2017-09-14T00:00:00Z,132.3520050048828
2017-09-14T01:00:00Z,126.33600616455078
2017-09-14T02:00:00Z,120.19200897216797
2017-09-14T03:00:00Z,114.1760025024414
2017-09-14T04:00:00Z,110.72000885009766
2017-09-14T05:00:00Z,107.26400756835938
2017-09-14T06:00:00Z,103.68000793457031
2017-09-14T07:00:00Z,152.5760040283203
2017-09-14T08:00:00Z,201.47201538085938
2017-09-14T09:00:00Z,250.36801147460938
2017-09-14T10:00:00Z,198.656005859375
2017-09-14T11:00:00Z,147.07200622558594
2017-09-14T12:00:00Z,95.3600082397461
2017-09-14T13:00:00Z,322.9440002441406
2017-09-14T14:00:00Z,550.4000244140625
2017-09-14T15:00:00Z,777.9840087890625
2017-09-14T16:00:00Z,772.35205078125
2017-09-14T17:00:00Z,766.8480224609375
2017-09-14T18:00:00Z,761.280029296875
2017-09-14T19:00:00Z,601.15203857421875
2017-09-14T20:00:00Z,440.96002197265625
2017-09-14T21:00:00Z,280.76800537109375
2017-09-14T22:00:00Z,229.56800842285156
2017-09-14T23:00:00Z,178.36801147460938
2017-09-15T00:00:00Z,127.16800689697266
2017-09-15T01:00:00Z,110.59200286865234
2017-09-15T02:00:00Z,94.01600646972656
2017-09-15T03:00:00Z,77.376007080078125
2017-09-15T04:00:00Z,65.92000579833984
2017-09-15T05:00:00Z,54.400001525878906
2017-09-15T06:00:00Z,43.00800323486328
2017-09-15T07:00:00Z,28.672000885009766
2017-09-15T08:00:00Z,14.336000442504883
2017-09-15T09:00:00Z,0
2017-09-15T10:00:00Z,1.6640000343322754
2017-09-15T11:00:00Z,3.200000047683716
2017-09-15T12:00:00Z,4.86400032043457
2017-09-15T13:00:00Z,35.20000076293945
2017-09-15T14:00:00Z,65.600006103515625
2017-09-15T15:00:00Z,96.00000762939453
2017-09-15T16:00:00Z,125.56800842285156
2017-09-15T17:00:00Z,155.26400756835938
2017-09-15T18:00:00Z,184.9600067138672
2017-09-15T19:00:00Z,198.84800720214844
2017-09-15T20:00:00Z,212.7360076904297
2017-09-15T21:00:00Z,226.62400817871094
2017-09-15T22:00:00Z,177.15200805664063
2017-09-15T23:00:00Z,127.61600494384766
2017-09-16T00:00:00Z,78.14400482177734
2017-09-16T01:00:00Z,65.34400177001953
2017-09-16T02:00:00Z,52.480003356933594
2017-09-16T03:00:00Z,39.68000030517578
2017-09-16T04:00:00Z,31.296001434326172
2017-09-16T05:00:00Z,22.976001739501953
2017-09-16T06:00:00Z,14.592000961303711
2017-09-16T07:00:00Z,9.72800064086914
2017-09-16T08:00:00Z,4.86400032043457
2017-09-16T09:00:00Z,0
2017-09-16T10:00:00Z,0
2017-09-16T11:00:00Z,0
2017-09-16T12:00:00Z,0
2017-09-16T13:00:00Z,100.99200439453125
2017-09-16T14:00:00Z,201.9840087890625
2017-09-16T15:00:00Z,302.97601318359375
2017-09-16T16:00:00Z,289.2799987792969
2017-09-16T17:00:00Z,275.5840148925781
2017-09-16T18:00:00Z,261.88800048828125
2017-09-16T19:00:00Z,348.864013671875
2017-09-16T20:00:00Z,435.7760314941406
2017-09-16T21:00:00Z,522.75201416015625
2017-09-16T22:00:00Z,415.8080139160156
2017-09-16T23:00:00Z,308.864013671875
2017-09-17T00:00:00Z,201.92001342773438
2017-09-17T01:00:00Z,140.2880096435547
2017-09-17T02:00:00Z,78.656005859375
2017-09-17T03:00:00Z,17.02400016784668
2017-09-17T04:00:00Z,17.66400146484375
2017-09-17T05:00:00Z,18.304000854492188
2017-09-17T06:00:00Z,18.944000244140625
2017-09-17T07:00:00Z,18.304000854492188
2017-09-17T08:00:00Z,17.66400146484375
2017-09-17T09:00:00Z,17.02400016784668
2017-09-17T10:00:00Z,13.568000793457031
2017-09-17T11:00:00Z,9.984000205993652
2017-09-17T12:00:00Z,6.528000354766846
2017-09-17T13:00:00Z,224.6400146484375
2017-09-17T14:00:00Z,442.75201416015625
2017-09-17T15:00:00Z,660.864013671875
2017-09-17T16:00:00Z,606.8480224609375
2017-09-17T17:00:00Z,552.96002197265625
2017-09-17T18:00:00Z,498.94403076171875
2017-09-17T19:00:00Z,547.84002685546875
2017-09-17T20:00:00Z,596.67205810546875
2017-09-17T21:00:00Z,645.5040283203125
2017-09-17T22:00:00Z,496.83203125
2017-09-17T23:00:00Z,348.1600036621094
2017-09-18T00:00:00Z,199.48800659179688
2017-09-18T01:00:00Z,161.9840087890625
2017-09-18T02:00:00Z,124.54400634765625
2017-09-18T03:00:00Z,87.04000091552734
2017-09-18T04:00:00Z,88.00000762939453
2017-09-18T05:00:00Z,88.96000671386719
2017-09-18T06:00:00Z,89.92000579833984
2017-09-18T07:00:00Z,76.80000305175781
2017-09-18T08:00:00Z,63.61600112915039
2017-09-18T09:00:00Z,50.496002197265625
2017-09-18T10:00:00Z,49.02400207519531
2017-09-18T11:00:00Z,47.552001953125
2017-09-18T12:00:00Z,46.08000183105469
2017-09-18T13:00:00Z,147.96800231933594
2017-09-18T14:00:00Z,249.85601806640625
2017-09-18T15:00:00Z,351.7440185546875
2017-09-18T16:00:00Z,313.1520080566406
2017-09-18T17:00:00Z,274.6240234375
2017-09-18T18:00:00Z,236.09600830078125
2017-09-18T19:00:00Z,264.5760192871094
2017-09-18T20:00:00Z,293.1200256347656
2017-09-18T21:00:00Z,321.6000061035156
2017-09-18T22:00:00Z,290.4960021972656
2017-09-18T23:00:00Z,259.3919982910156
2017-09-19T00:00:00Z,228.3520050048828
2017-09-19T01:00:00Z,188.8000030517578
2017-09-19T02:00:00Z,149.2480010986328
2017-09-19T03:00:00Z,109.69600677490234
2017-09-19T04:00:00Z,88.19200134277344
2017-09-19T05:00:00Z,66.68800354003906
2017-09-19T06:00:00Z,45.18400192260742
2017-09-19T07:00:00Z,37.69600296020508
2017-09-19T08:00:00Z,30.144001007080078
2017-09-19T09:00:00Z,22.6560001373291
2017-09-19T10:00:00Z,15.10400104522705
2017-09-19T11:00:00Z,7.552000522613525
2017-09-19T12:00:00Z,0
2017-09-19T13:00:00Z,9.856000900268555
2017-09-19T14:00:00Z,19.71200180053711
2017-09-19T15:00:00Z,29.56800079345703
2017-09-19T16:00:00Z,21.56800079345703
2017-09-19T17:00:00Z,13.632000923156738
2017-09-19T18:00:00Z,5.63200044631958
2017-09-19T19:00:00Z,8.960000038146973
2017-09-19T20:00:00Z,12.288000106811523
2017-09-19T21:00:00Z,15.61600112915039
2017-09-19T22:00:00Z,10.432000160217285
2017-09-19T23:00:00Z,5.184000015258789
2017-09-20T00:00:00Z,0
2017-09-20T01:00:00Z,0
2017-09-20T02:00:00Z,0
2017-09-20T03:00:00Z,0
2017-09-20T04:00:00Z,0
2017-09-20T05:00:00Z,0
2017-09-20T06:00:00Z,0
2017-09-20T07:00:00Z,0
2017-09-20T08:00:00Z,0
2017-09-20T09:00:00Z,0
2017-09-20T10:00:00Z,0
2017-09-20T11:00:00Z,0
2017-09-20T12:00:00Z,0
2017-09-20T13:00:00Z,0
2017-09-20T14:00:00Z,0
2017-09-20T15:00:00Z,0
2017-09-20T16:00:00Z,83.712005615234375
2017-09-20T17:00:00Z,167.48800659179688
2017-09-20T18:00:00Z,251.20001220703125
2017-09-20T19:00:00Z,252.03201293945313
2017-09-20T20:00:00Z,252.92800903320313
2017-09-20T21:00:00Z,253.82400512695313
2017-09-20T22:00:00Z,169.21600341796875
2017-09-20T23:00:00Z,84.608001708984375
2017-09-21T00:00:00Z,0
2017-09-21T01:00:00Z,0
2017-09-21T02:00:00Z,0
2017-09-21T03:00:00Z,0
2017-09-21T04:00:00Z,0
2017-09-21T05:00:00Z,0
2017-09-21T06:00:00Z,0
2017-09-21T07:00:00Z,0
2017-09-21T08:00:00Z,0
2017-09-21T09:00:00Z,0
2017-09-21T10:00:00Z,0
2017-09-21T11:00:00Z,0
2017-09-21T12:00:00Z,0
2017-09-21T13:00:00Z,0
2017-09-21T14:00:00Z,0
2017-09-21T15:00:00Z,0
2017-09-21T16:00:00Z,0
2017-09-21T17:00:00Z,0
2017-09-21T18:00:00Z,0
2017-09-21T19:00:00Z,5.88800048828125
2017-09-21T20:00:00Z,11.648000717163086
2017-09-21T21:00:00Z,17.536001205444336
2017-09-21T22:00:00Z,11.648000717163086
2017-09-21T23:00:00Z,5.88800048828125
2017-09-22T00:00:00Z,0
2017-09-22T01:00:00Z,0
2017-09-22T02:00:00Z,0
2017-09-22T03:00:00Z,0
2017-09-22T04:00:00Z,0
2017-09-22T05:00:00Z,0
2017-09-22T06:00:00Z,0
2017-09-22T07:00:00Z,0
2017-09-22T08:00:00Z,0
2017-09-22T09:00:00Z,0
2017-09-22T10:00:00Z,0
2017-09-22T11:00:00Z,0
2017-09-22T12:00:00Z,0
2017-09-22T13:00:00Z,0
2017-09-22T14:00:00Z,0
2017-09-22T15:00:00Z,0
2017-09-22T16:00:00Z,0
2017-09-22T17:00:00Z,0
2017-09-22T18:00:00Z,0
2017-09-22T19:00:00Z,0
2017-09-22T20:00:00Z,0
2017-09-22T21:00:00Z,0
2017-09-22T22:00:00Z,0
2017-09-22T23:00:00Z,0
2017-09-23T00:00:00Z,0
2017-09-23T01:00:00Z,0
2017-09-23T02:00:00Z,0
2017-09-23T03:00:00Z,0
2017-09-23T04:00:00Z,0
2017-09-23T05:00:00Z,0
2017-09-23T06:00:00Z,0
2017-09-23T07:00:00Z,0
2017-09-23T08:00:00Z,0
2017-09-23T09:00:00Z,0
2017-09-23T10:00:00Z,0
2017-09-23T11:00:00Z,0
2017-09-23T12:00:00Z,0
2017-09-23T13:00:00Z,0
2017-09-23T14:00:00Z,0
2017-09-23T15:00:00Z,0
2017-09-23T16:00:00Z,0
2017-09-23T17:00:00Z,0
2017-09-23T18:00:00Z,0
2017-09-23T19:00:00Z,0
2017-09-23T20:00:00Z,0
2017-09-23T21:00:00Z,0
2017-09-23T22:00:00Z,0
2017-09-23T23:00:00Z,0
2017-09-24T00:00:00Z,0
2017-09-24T01:00:00Z,0
2017-09-24T02:00:00Z,0
2017-09-24T03:00:00Z,0
2017-09-24T04:00:00Z,0
2017-09-24T05:00:00Z,0
2017-09-24T06:00:00Z,0
2017-09-24T07:00:00Z,0
2017-09-24T08:00:00Z,0
2017-09-24T09:00:00Z,0
2017-09-24T10:00:00Z,0
2017-09-24T11:00:00Z,0
2017-09-24T12:00:00Z,0
2017-09-24T13:00:00Z,11.072000503540039
2017-09-24T14:00:00Z,22.080001831054688
2017-09-24T15:00:00Z,33.152000427246094
2017-09-24T16:00:00Z,189.05601501464844
2017-09-24T17:00:00Z,344.96002197265625
2017-09-24T18:00:00Z,500.864013671875
2017-09-24T19:00:00Z,676.1600341796875
2017-09-24T20:00:00Z,851.52001953125
2017-09-24T21:00:00Z,1026.8160400390625
2017-09-24T22:00:00Z,969.6640625
2017-09-24T23:00:00Z,912.51202392578125
2017-09-25T00:00:00Z,855.36004638671875
2017-09-25T01:00:00Z,837.760009765625
2017-09-25T02:00:00Z,820.22406005859375
2017-09-25T03:00:00Z,802.6240234375
2017-09-25T04:00:00Z,623.7440185546875
2017-09-25T05:00:00Z,444.864013671875
2017-09-25T06:00:00Z,265.9840087890625
2017-09-25T07:00:00Z,261.1200256347656
2017-09-25T08:00:00Z,256.2560119628906
2017-09-25T09:00:00Z,251.3920135498047
2017-09-25T10:00:00Z,280.1280212402344
2017-09-25T11:00:00Z,308.9280090332031
2017-09-25T12:00:00Z,337.66400146484375
2017-09-25T13:00:00Z,418.2400207519531
2017-09-25T14:00:00Z,498.8160095214844
2017-09-25T15:00:00Z,579.39202880859375
2017-09-25T16:00:00Z,768.1280517578125
2017-09-25T17:00:00Z,956.86407470703125
2017-09-25T18:00:00Z,1145.60009765625
2017-09-25T19:00:00Z,1251.2640380859375
2017-09-25T20:00:00Z,1356.864013671875
2017-09-25T21:00:00Z,1462.464111328125
2017-09-25T22:00:00Z,1392.320068359375
2017-09-25T23:00:00Z,1322.2401123046875
2017-09-26T00:00:00Z,1252.0960693359375
2017-09-26T01:00:00Z,1041.216064453125
2017-09-26T02:00:00Z,830.27203369140625
2017-09-26T03:00:00Z,619.3280029296875
2017-09-26T04:00:00Z,516.6080322265625
2017-09-26T05:00:00Z,413.8880310058594
2017-09-26T06:00:00Z,311.16802978515625
2017-09-26T07:00:00Z,233.2160186767578
2017-09-26T08:00:00Z,155.26400756835938
2017-09-26T09:00:00Z,77.31200408935547
2017-09-26T10:00:00Z,51.58400344848633
2017-09-26T11:00:00Z,25.792001724243164
2017-09-26T12:00:00Z,0
2017-09-26T13:00:00Z,37.88800048828125
2017-09-26T14:00:00Z,75.7760009765625
2017-09-26T15:00:00Z,113.66400909423828
2017-09-26T16:00:00Z,386.8800048828125
2017-09-26T17:00:00Z,660.09600830078125
2017-09-26T18:00:00Z,933.31207275390625
2017-09-26T19:00:00Z,939.58404541015625
2017-09-26T20:00:00Z,945.9200439453125
2017-09-26T21:00:00Z,952.1920166015625
2017-09-26T22:00:00Z,701.12005615234375
2017-09-26T23:00:00Z,450.1120300292969
2017-09-27T00:00:00Z,199.04000854492188
2017-09-27T01:00:00Z,135.552001953125
2017-09-27T02:00:00Z,72
2017-09-27T03:00:00Z,8.51200008392334
2017-09-27T04:00:00Z,5.63200044631958
2017-09-27T05:00:00Z,2.81600022315979
2017-09-27T06:00:00Z,0
2017-09-27T07:00:00Z,0
2017-09-27T08:00:00Z,0
2017-09-27T09:00:00Z,0
2017-09-27T10:00:00Z,0
2017-09-27T11:00:00Z,0
2017-09-27T12:00:00Z,0
2017-09-27T13:00:00Z,47.16800308227539
2017-09-27T14:00:00Z,94.33600616455078
2017-09-27T15:00:00Z,141.50401306152344
2017-09-27T16:00:00Z,406.7840270996094
2017-09-27T17:00:00Z,672.06402587890625
2017-09-27T18:00:00Z,937.34405517578125
2017-09-27T19:00:00Z,1077.5040283203125
2017-09-27T20:00:00Z,1217.72802734375
2017-09-27T21:00:00Z,1357.9520263671875
2017-09-27T22:00:00Z,1135.10400390625
2017-09-27T23:00:00Z,912.320068359375
2017-09-28T00:00:00Z,689.4720458984375
2017-09-28T01:00:00Z,621.56805419921875
2017-09-28T02:00:00Z,553.60003662109375
2017-09-28T03:00:00Z,485.6960144042969
2017-09-28T04:00:00Z,427.3280334472656
2017-09-28T05:00:00Z,368.8960266113281
2017-09-28T06:00:00Z,310.52801513671875
2017-09-28T07:00:00Z,235.968017578125
2017-09-28T08:00:00Z,161.34400939941406
2017-09-28T09:00:00Z,86.78400421142578
2017-09-28T10:00:00Z,57.85600280761719
2017-09-28T11:00:00Z,28.928001403808594
2017-09-28T12:00:00Z,0
2017-09-28T13:00:00Z,0
2017-09-28T14:00:00Z,0
2017-09-28T15:00:00Z,0
2017-09-28T16:00:00Z,0
2017-09-28T17:00:00Z,0
2017-09-28T18:00:00Z,0
2017-09-28T19:00:00Z,0
2017-09-28T20:00:00Z,0
2017-09-28T21:00:00Z,0
2017-09-28T22:00:00Z,0
2017-09-28T23:00:00Z,0
2017-09-29T00:00:00Z,0
2017-09-29T01:00:00Z,0
2017-09-29T02:00:00Z,0
2017-09-29T03:00:00Z,0
2017-09-29T04:00:00Z,0
2017-09-29T05:00:00Z,0
2017-09-29T06:00:00Z,0
2017-09-29T07:00:00Z,0
2017-09-29T08:00:00Z,0
2017-09-29T09:00:00Z,0
2017-09-29T10:00:00Z,0
2017-09-29T11:00:00Z,0
2017-09-29T12:00:00Z,0
2017-09-29T13:00:00Z,0
2017-09-29T14:00:00Z,0
2017-09-29T15:00:00Z,0
2017-09-29T16:00:00Z,0.64000004529953
2017-09-29T17:00:00Z,1.28000009059906
2017-09-29T18:00:00Z,1.9200000762939453
2017-09-29T19:00:00Z,2.30400013923645
2017-09-29T20:00:00Z,2.624000072479248
2017-09-29T21:00:00Z,2.944000244140625
2017-09-29T22:00:00Z,1.9840000867843628
2017-09-29T23:00:00Z,0.9600000381469727
2017-09-30T00:00:00Z,0
2017-09-30T01:00:00Z,0
2017-09-30T02:00:00Z,0
2017-09-30T03:00:00Z,0
2017-09-30T04:00:00Z,0.9600000381469727
2017-09-30T05:00:00Z,1.9840000867843628
2017-09-30T06:00:00Z,2.944000244140625
2017-09-30T07:00:00Z,11.136000633239746
2017-09-30T08:00:00Z,19.328001022338867
2017-09-30T09:00:00Z,27.520000457763672
2017-09-30T10:00:00Z,18.368000030517578
2017-09-30T11:00:00Z,9.152000427246094
2017-09-30T12:00:00Z,0
2017-09-30T13:00:00Z,5.696000099182129
2017-09-30T14:00:00Z,11.32800006866455
2017-09-30T15:00:00Z,17.02400016784668
2017-09-30T16:00:00Z,18.560001373291016
2017-09-30T17:00:00Z,20.09600067138672
2017-09-30T18:00:00Z,21.632001876831055
2017-09-30T19:00:00Z,22.59200096130371
2017-09-30T20:00:00Z,23.552001953125
2017-09-30T21:00:00Z,24.512001037597656
2017-09-30T22:00:00Z,16.32000160217285
2017-09-30T23:00:00Z,8.192000389099121
2017-10-01T00:00:00Z,0
2017-10-01T01:00:00Z,0
2017-10-01T02:00:00Z,0
2017-10-01T03:00:00Z,0
2017-10-01T04:00:00Z,0
2017-10-01T05:00:00Z,0
2017-10-01T06:00:00Z,0
2017-10-01T07:00:00Z,0
2017-10-01T08:00:00Z,0
2017-10-01T09:00:00Z,0
2017-10-01T10:00:00Z,0
2017-10-01T11:00:00Z,0
2017-10-01T12:00:00Z,0
2017-10-01T13:00:00Z,0
2017-10-01T14:00:00Z,0
2017-10-01T15:00:00Z,0
2017-10-01T16:00:00Z,0
2017-10-01T17:00:00Z,0
2017-10-01T18:00:00Z,0
2017-10-01T19:00:00Z,0
2017-10-01T20:00:00Z,0
2017-10-01T21:00:00Z,0
2017-10-01T22:00:00Z,0
2017-10-01T23:00:00Z,0
2017-10-02T00:00:00Z,0
2017-10-02T01:00:00Z,0
2017-10-02T02:00:00Z,0
2017-10-02T03:00:00Z,0
2017-10-02T04:00:00Z,0
2017-10-02T05:00:00Z,0
2017-10-02T06:00:00Z,0
2017-10-02T07:00:00Z,0
2017-10-02T08:00:00Z,0
2017-10-02T09:00:00Z,0
2017-10-02T10:00:00Z,0
2017-10-02T11:00:00Z,0
2017-10-02T12:00:00Z,0
2017-10-02T13:00:00Z,0
2017-10-02T14:00:00Z,0
2017-10-02T15:00:00Z,0
2017-10-02T16:00:00Z,0
2017-10-02T17:00:00Z,0
2017-10-02T18:00:00Z,0
2017-10-02T19:00:00Z,0
2017-10-02T20:00:00Z,0
2017-10-02T21:00:00Z,0
2017-10-02T22:00:00Z,0
2017-10-02T23:00:00Z,0
2017-10-03T00:00:00Z,0
2017-10-03T01:00:00Z,0
2017-10-03T02:00:00Z,0
2017-10-03T03:00:00Z,0
2017-10-03T04:00:00Z,0
2017-10-03T05:00:00Z,0
2017-10-03T06:00:00Z,0
2017-10-03T07:00:00Z,0
2017-10-03T08:00:00Z,0
2017-10-03T09:00:00Z,0
2017-10-03T10:00:00Z,0
2017-10-03T11:00:00Z,0
2017-10-03T12:00:00Z,0
2017-10-03T13:00:00Z,0
2017-10-03T14:00:00Z,0
2017-10-03T15:00:00Z,0
2017-10-03T16:00:00Z,0
2017-10-03T17:00:00Z,0
2017-10-03T18:00:00Z,0
2017-10-03T19:00:00Z,0
2017-10-03T20:00:00Z,0
2017-10-03T21:00:00Z,0
2017-10-03T22:00:00Z,0
2017-10-03T23:00:00Z,0
2017-10-04T00:00:00Z,0
2017-10-04T01:00:00Z,0
2017-10-04T02:00:00Z,0
2017-10-04T03:00:00Z,0
2017-10-04T04:00:00Z,0
2017-10-04T05:00:00Z,0
2017-10-04T06:00:00Z,0
2017-10-04T07:00:00Z,0
2017-10-04T08:00:00Z,0
2017-10-04T09:00:00Z,0
2017-10-04T10:00:00Z,0
2017-10-04T11:00:00Z,0
2017-10-04T12:00:00Z,0
2017-10-04T13:00:00Z,0
2017-10-04T14:00:00Z,0
2017-10-04T15:00:00Z,0
2017-10-04T16:00:00Z,0
2017-10-04T17:00:00Z,0
2017-10-04T18:00:00Z,0
2017-10-04T19:00:00Z,0
2017-10-04T20:00:00Z,0
2017-10-04T21:00:00Z,0
2017-10-04T22:00:00Z,0
2017-10-04T23:00:00Z,0
2017-10-05T00:00:00Z,0
2017-10-05T01:00:00Z,0
2017-10-05T02:00:00Z,0
2017-10-05T03:00:00Z,0
2017-10-05T04:00:00Z,5.12000036239624
2017-10-05T05:00:00Z,10.24000072479248
2017-10-05T06:00:00Z,15.42400074005127
2017-10-05T07:00:00Z,10.944000244140625
2017-10-05T08:00:00Z,6.400000095367432
2017-10-05T09:00:00Z,1.9200000762939453
2017-10-05T10:00:00Z,1.28000009059906
2017-10-05T11:00:00Z,0.64000004529953
2017-10-05T12:00:00Z,0
2017-10-05T13:00:00Z,0
2017-10-05T14:00:00Z,0
2017-10-05T15:00:00Z,0
2017-10-05T16:00:00Z,6.080000400543213
2017-10-05T17:00:00Z,12.096000671386719
2017-10-05T18:00:00Z,18.176000595092773
2017-10-05T19:00:00Z,32.96000289916992
2017-10-05T20:00:00Z,47.68000411987305
2017-10-05T21:00:00Z,62.46400451660156
2017-10-05T22:00:00Z,45.37600326538086
2017-10-05T23:00:00Z,28.224000930786133
2017-10-06T00:00:00Z,11.136000633239746
2017-10-06T01:00:00Z,7.424000263214111
2017-10-06T02:00:00Z,3.7120001316070557
2017-10-06T03:00:00Z,0
2017-10-06T04:00:00Z,0
2017-10-06T05:00:00Z,0
2017-10-06T06:00:00Z,0
2017-10-06T07:00:00Z,0
2017-10-06T08:00:00Z,0
2017-10-06T09:00:00Z,0
2017-10-06T10:00:00Z,0
2017-10-06T11:00:00Z,0
2017-10-06T12:00:00Z,0
2017-10-06T13:00:00Z,0
2017-10-06T14:00:00Z,0
2017-10-06T15:00:00Z,0
2017-10-06T16:00:00Z,0
2017-10-06T17:00:00Z,0
2017-10-06T18:00:00Z,0
2017-10-06T19:00:00Z,0
2017-10-06T20:00:00Z,0
2017-10-06T21:00:00Z,0
2017-10-06T22:00:00Z,0
2017-10-06T23:00:00Z,0
2017-10-07T00:00:00Z,0
2017-10-07T01:00:00Z,0
2017-10-07T02:00:00Z,0
2017-10-07T03:00:00Z,0
2017-10-07T04:00:00Z,2.1760001182556152
2017-10-07T05:00:00Z,4.3520002365112305
2017-10-07T06:00:00Z,6.528000354766846
2017-10-07T07:00:00Z,4.3520002365112305
2017-10-07T08:00:00Z,2.1760001182556152
2017-10-07T09:00:00Z,0
2017-10-07T10:00:00Z,0
2017-10-07T11:00:00Z,0
2017-10-07T12:00:00Z,0
2017-10-07T13:00:00Z,0
2017-10-07T14:00:00Z,0
2017-10-07T15:00:00Z,0
2017-10-07T16:00:00Z,11.32800006866455
2017-10-07T17:00:00Z,22.720001220703125
2017-10-07T18:00:00Z,34.04800033569336
2017-10-07T19:00:00Z,37.37600326538086
2017-10-07T20:00:00Z,40.704002380371094
2017-10-07T21:00:00Z,44.03200149536133
2017-10-07T22:00:00Z,29.376001358032227
2017-10-07T23:00:00Z,14.656001091003418
2017-10-08T00:00:00Z,0
2017-10-08T01:00:00Z,0
2017-10-08T02:00:00Z,0
2017-10-08T03:00:00Z,0
2017-10-08T04:00:00Z,0
2017-10-08T05:00:00Z,0
2017-10-08T06:00:00Z,0
2017-10-08T07:00:00Z,2.496000051498413
2017-10-08T08:00:00Z,5.056000232696533
2017-10-08T09:00:00Z,7.552000522613525
2017-10-08T10:00:00Z,69.824005126953125
2017-10-08T11:00:00Z,132.03201293945313
2017-10-08T12:00:00Z,194.24000549316406
2017-10-08T13:00:00Z,129.5360107421875
2017-10-08T14:00:00Z,64.76800537109375
2017-10-08T15:00:00Z,0
2017-10-08T16:00:00Z,44.672000885009766
2017-10-08T17:00:00Z,89.34400177001953
2017-10-08T18:00:00Z,134.0800018310547
2017-10-08T19:00:00Z,252.22401428222656
2017-10-08T20:00:00Z,370.3680114746094
2017-10-08T21:00:00Z,488.51202392578125
2017-10-08T22:00:00Z,348.9280090332031
2017-10-08T23:00:00Z,209.34400939941406
2017-10-09T00:00:00Z,69.69600677490234
2017-10-09T01:00:00Z,46.4640007019043
2017-10-09T02:00:00Z,23.23200035095215
2017-10-09T03:00:00Z,0
2017-10-09T04:00:00Z,1.152000069618225
2017-10-09T05:00:00Z,2.30400013923645
2017-10-09T06:00:00Z,3.4560000896453857
2017-10-09T07:00:00Z,2.30400013923645
2017-10-09T08:00:00Z,1.152000069618225
2017-10-09T09:00:00Z,0
2017-10-09T10:00:00Z,87.74400329589844
2017-10-09T11:00:00Z,175.48800659179688
2017-10-09T12:00:00Z,263.2320251464844
2017-10-09T13:00:00Z,186.62400817871094
2017-10-09T14:00:00Z,110.08000183105469
2017-10-09T15:00:00Z,33.53600311279297
2017-10-09T16:00:00Z,55.16800308227539
2017-10-09T17:00:00Z,76.80000305175781
2017-10-09T18:00:00Z,98.4320068359375
2017-10-09T19:00:00Z,73.47200012207031
2017-10-09T20:00:00Z,48.512001037597656
2017-10-09T21:00:00Z,23.552001953125
2017-10-09T22:00:00Z,25.216001510620117
2017-10-09T23:00:00Z,26.880001068115234
2017-10-10T00:00:00Z,28.54400062561035
2017-10-10T01:00:00Z,19.00800132751465
2017-10-10T02:00:00Z,9.53600025177002
2017-10-10T03:00:00Z,0
2017-10-10T04:00:00Z,0
2017-10-10T05:00:00Z,0
2017-10-10T06:00:00Z,0
2017-10-10T07:00:00Z,0
2017-10-10T08:00:00Z,0
2017-10-10T09:00:00Z,0
2017-10-10T10:00:00Z,0
2017-10-10T11:00:00Z,0
2017-10-10T12:00:00Z,0
2017-10-10T13:00:00Z,0
2017-10-10T14:00:00Z,0
2017-10-10T15:00:00Z,0
2017-10-10T16:00:00Z,0
2017-10-10T17:00:00Z,0
2017-10-10T18:00:00Z,0
2017-10-10T19:00:00Z,0
2017-10-10T20:00:00Z,0
2017-10-10T21:00:00Z,0
2017-10-10T22:00:00Z,0
2017-10-10T23:00:00Z,0
2017-10-11T00:00:00Z,0
2017-10-11T01:00:00Z,0
2017-10-11T02:00:00Z,0
2017-10-11T03:00:00Z,0
2017-10-11T04:00:00Z,0
2017-10-11T05:00:00Z,0
2017-10-11T06:00:00Z,0
2017-10-11T07:00:00Z,0
2017-10-11T08:00:00Z,0
2017-10-11T09:00:00Z,0
2017-10-11T10:00:00Z,0
2017-10-11T11:00:00Z,0
2017-10-11T12:00:00Z,0
2017-10-11T13:00:00Z,0
2017-10-11T14:00:00Z,0
2017-10-11T15:00:00Z,0
2017-10-11T16:00:00Z,0
2017-10-11T17:00:00Z,0
2017-10-11T18:00:00Z,0
2017-10-11T19:00:00Z,1.5360000133514404
2017-10-11T20:00:00Z,3.072000026702881
2017-10-11T21:00:00Z,4.6080002784729
2017-10-11T22:00:00Z,8.896000862121582
2017-10-11T23:00:00Z,13.248001098632813
2017-10-12T00:00:00Z,17.600000381469727
2017-10-12T01:00:00Z,11.712000846862793
2017-10-12T02:00:00Z,5.88800048828125
2017-10-12T03:00:00Z,0
2017-10-12T04:00:00Z,0
2017-10-12T05:00:00Z,0
2017-10-12T06:00:00Z,0
2017-10-12T07:00:00Z,0
2017-10-12T08:00:00Z,0
2017-10-12T09:00:00Z,0
2017-10-12T10:00:00Z,0
2017-10-12T11:00:00Z,0
2017-10-12T12:00:00Z,0
2017-10-12T13:00:00Z,0
2017-10-12T14:00:00Z,0
2017-10-12T15:00:00Z,0
2017-10-12T16:00:00Z,0
2017-10-12T17:00:00Z,0
2017-10-12T18:00:00Z,0
2017-10-12T19:00:00Z,0
2017-10-12T20:00:00Z,0
2017-10-12T21:00:00Z,0
2017-10-12T22:00:00Z,0
2017-10-12T23:00:00Z,0
2017-10-13T00:00:00Z,0
2017-10-13T01:00:00Z,0
2017-10-13T02:00:00Z,0
2017-10-13T03:00:00Z,0
2017-10-13T04:00:00Z,0
2017-10-13T05:00:00Z,0
2017-10-13T06:00:00Z,0
2017-10-13T07:00:00Z,0
2017-10-13T08:00:00Z,0
2017-10-13T09:00:00Z,0
2017-10-13T10:00:00Z,0
2017-10-13T11:00:00Z,0
2017-10-13T12:00:00Z,0
2017-10-13T13:00:00Z,0
2017-10-13T14:00:00Z,0
2017-10-13T15:00:00Z,0
2017-10-13T16:00:00Z,0
2017-10-13T17:00:00Z,0
2017-10-13T18:00:00Z,0
2017-10-13T19:00:00Z,0
2017-10-13T20:00:00Z,0
2017-10-13T21:00:00Z,0
2017-10-13T22:00:00Z,0
2017-10-13T23:00:00Z,0
2017-10-14T00:00:00Z,0
2017-10-14T01:00:00Z,0
2017-10-14T02:00:00Z,0
2017-10-14T03:00:00Z,0
2017-10-14T04:00:00Z,0
2017-10-14T05:00:00Z,0
2017-10-14T06:00:00Z,0
2017-10-14T07:00:00Z,0
2017-10-14T08:00:00Z,0
2017-10-14T09:00:00Z,0
2017-10-14T10:00:00Z,0
2017-10-14T11:00:00Z,0
2017-10-14T12:00:00Z,0
2017-10-14T13:00:00Z,0
2017-10-14T14:00:00Z,0
2017-10-14T15:00:00Z,0
2017-10-14T16:00:00Z,10.368000030517578
2017-10-14T17:00:00Z,20.672000885009766
2017-10-14T18:00:00Z,31.040000915527344
2017-10-14T19:00:00Z,30.720001220703125
2017-10-14T20:00:00Z,30.336002349853516
2017-10-14T21:00:00Z,30.016000747680664
2017-10-14T22:00:00Z,20.032001495361328
2017-10-14T23:00:00Z,9.984000205993652
2017-10-15T00:00:00Z,0
2017-10-15T01:00:00Z,0
2017-10-15T02:00:00Z,0
2017-10-15T03:00:00Z,0
2017-10-15T04:00:00Z,0
2017-10-15T05:00:00Z,0
2017-10-15T06:00:00Z,0
2017-10-15T07:00:00Z,0
2017-10-15T08:00:00Z,0
2017-10-15T09:00:00Z,0
2017-10-15T10:00:00Z,0
2017-10-15T11:00:00Z,0
2017-10-15T12:00:00Z,0
2017-10-15T13:00:00Z,0
2017-10-15T14:00:00Z,0
2017-10-15T15:00:00Z,0
2017-10-15T16:00:00Z,0
2017-10-15T17:00:00Z,0
2017-10-15T18:00:00Z,0
2017-10-15T19:00:00Z,11.7760009765625
2017-10-15T20:00:00Z,23.61600112915039
2017-10-15T21:00:00Z,35.39200210571289
2017-10-15T22:00:00Z,23.61600112915039
2017-10-15T23:00:00Z,11.7760009765625
2017-10-16T00:00:00Z,0
2017-10-16T01:00:00Z,1.28000009059906
2017-10-16T02:00:00Z,2.56000018119812
2017-10-16T03:00:00Z,3.9040002822875977
2017-10-16T04:00:00Z,17.280000686645508
2017-10-16T05:00:00Z,30.656002044677734
2017-10-16T06:00:00Z,44.03200149536133
2017-10-16T07:00:00Z,29.696001052856445
2017-10-16T08:00:00Z,15.360000610351563
2017-10-16T09:00:00Z,1.0240000486373901
2017-10-16T10:00:00Z,0.7040000557899475
2017-10-16T11:00:00Z,0.320000022649765
2017-10-16T12:00:00Z,0
2017-10-16T13:00:00Z,0
2017-10-16T14:00:00Z,0
2017-10-16T15:00:00Z,0
2017-10-16T16:00:00Z,2.688000202178955
2017-10-16T17:00:00Z,5.37600040435791
2017-10-16T18:00:00Z,8.064000129699707
2017-10-16T19:00:00Z,13.824000358581543
2017-10-16T20:00:00Z,19.648000717163086
2017-10-16T21:00:00Z,25.408000946044922
2017-10-16T22:00:00Z,19.648000717163086
2017-10-16T23:00:00Z,13.824000358581543
2017-10-17T00:00:00Z,8.064000129699707
2017-10-17T01:00:00Z,5.37600040435791
2017-10-17T02:00:00Z,2.688000202178955
2017-10-17T03:00:00Z,0
2017-10-17T04:00:00Z,0
2017-10-17T05:00:00Z,0
2017-10-17T06:00:00Z,0
2017-10-17T07:00:00Z,0
2017-10-17T08:00:00Z,0
2017-10-17T09:00:00Z,0
2017-10-17T10:00:00Z,0
2017-10-17T11:00:00Z,0
2017-10-17T12:00:00Z,0
2017-10-17T13:00:00Z,0
2017-10-17T14:00:00Z,0
2017-10-17T15:00:00Z,0
2017-10-17T16:00:00Z,0
2017-10-17T17:00:00Z,0
2017-10-17T18:00:00Z,0
2017-10-17T19:00:00Z,0
2017-10-17T20:00:00Z,0
2017-10-17T21:00:00Z,0
2017-10-17T22:00:00Z,0
2017-10-17T23:00:00Z,0
2017-10-18T00:00:00Z,0
2017-10-18T01:00:00Z,0
2017-10-18T02:00:00Z,0
2017-10-18T03:00:00Z,0
2017-10-18T04:00:00Z,0
2017-10-18T05:00:00Z,0
2017-10-18T06:00:00Z,0
2017-10-18T07:00:00Z,0
2017-10-18T08:00:00Z,0
2017-10-18T09:00:00Z,0
2017-10-18T10:00:00Z,0
2017-10-18T11:00:00Z,0
2017-10-18T12:00:00Z,0
2017-10-18T13:00:00Z,0
2017-10-18T14:00:00Z,0
2017-10-18T15:00:00Z,0
2017-10-18T16:00:00Z,0
2017-10-18T17:00:00Z,0
2017-10-18T18:00:00Z,0
2017-10-18T19:00:00Z,0
2017-10-18T20:00:00Z,0
2017-10-18T21:00:00Z,0
2017-10-18T22:00:00Z,0
2017-10-18T23:00:00Z,0
2017-10-19T00:00:00Z,0
2017-10-19T01:00:00Z,0
2017-10-19T02:00:00Z,0
2017-10-19T03:00:00Z,0
2017-10-19T04:00:00Z,0
2017-10-19T05:00:00Z,0
2017-10-19T06:00:00Z,0
2017-10-19T07:00:00Z,0
2017-10-19T08:00:00Z,0
2017-10-19T09:00:00Z,0
2017-10-19T10:00:00Z,0
2017-10-19T11:00:00Z,0
2017-10-19T12:00:00Z,0
2017-10-19T13:00:00Z,0
2017-10-19T14:00:00Z,0
2017-10-19T15:00:00Z,0
2017-10-19T16:00:00Z,0
2017-10-19T17:00:00Z,0
2017-10-19T18:00:00Z,0
2017-10-19T19:00:00Z,0
2017-10-19T20:00:00Z,0
2017-10-19T21:00:00Z,0
2017-10-19T22:00:00Z,0
2017-10-19T23:00:00Z,0
2017-10-20T00:00:00Z,0
2017-10-20T01:00:00Z,0
2017-10-20T02:00:00Z,0
2017-10-20T03:00:00Z,0
2017-10-20T04:00:00Z,0
2017-10-20T05:00:00Z,0
2017-10-20T06:00:00Z,0
2017-10-20T07:00:00Z,0
2017-10-20T08:00:00Z,0
2017-10-20T09:00:00Z,0
2017-10-20T10:00:00Z,0
2017-10-20T11:00:00Z,0
2017-10-20T12:00:00Z,0
2017-10-20T13:00:00Z,0
2017-10-20T14:00:00Z,0
2017-10-20T15:00:00Z,0
2017-10-20T16:00:00Z,0
2017-10-20T17:00:00Z,0
2017-10-20T18:00:00Z,0
2017-10-20T19:00:00Z,0
2017-10-20T20:00:00Z,0
2017-10-20T21:00:00Z,0
2017-10-20T22:00:00Z,0
2017-10-20T23:00:00Z,0
2017-10-21T00:00:00Z,0
2017-10-21T01:00:00Z,0
2017-10-21T02:00:00Z,0
2017-10-21T03:00:00Z,0
2017-10-21T04:00:00Z,0
2017-10-21T05:00:00Z,0
2017-10-21T06:00:00Z,0
2017-10-21T07:00:00Z,0
2017-10-21T08:00:00Z,0
2017-10-21T09:00:00Z,0
2017-10-21T10:00:00Z,0
2017-10-21T11:00:00Z,0
2017-10-21T12:00:00Z,0
2017-10-21T13:00:00Z,0
2017-10-21T14:00:00Z,0
2017-10-21T15:00:00Z,0
2017-10-21T16:00:00Z,0
2017-10-21T17:00:00Z,0
2017-10-21T18:00:00Z,0
2017-10-21T19:00:00Z,0
2017-10-21T20:00:00Z,0
2017-10-21T21:00:00Z,0
2017-10-21T22:00:00Z,0
2017-10-21T23:00:00Z,0
2017-10-22T00:00:00Z,0
2017-10-22T01:00:00Z,0
2017-10-22T02:00:00Z,0
2017-10-22T03:00:00Z,0
2017-10-22T04:00:00Z,0
2017-10-22T05:00:00Z,0
2017-10-22T06:00:00Z,0
2017-10-22T07:00:00Z,0
2017-10-22T08:00:00Z,0
2017-10-22T09:00:00Z,0
2017-10-22T10:00:00Z,0
2017-10-22T11:00:00Z,0
2017-10-22T12:00:00Z,0
2017-10-22T13:00:00Z,0
2017-10-22T14:00:00Z,0
2017-10-22T15:00:00Z,0
2017-10-22T16:00:00Z,0
2017-10-22T17:00:00Z,0
2017-10-22T18:00:00Z,0
2017-10-22T19:00:00Z,0
2017-10-22T20:00:00Z,0
2017-10-22T21:00:00Z,0
2017-10-22T22:00:00Z,0
2017-10-22T23:00:00Z,0
2017-10-23T00:00:00Z,0
2017-10-23T01:00:00Z,0
2017-10-23T02:00:00Z,0
2017-10-23T03:00:00Z,0
2017-10-23T04:00:00Z,0
2017-10-23T05:00:00Z,0
2017-10-23T06:00:00Z,0
2017-10-23T07:00:00Z,0
2017-10-23T08:00:00Z,0
2017-10-23T09:00:00Z,0
2017-10-23T10:00:00Z,0
2017-10-23T11:00:00Z,0
2017-10-23T12:00:00Z,0
2017-10-23T13:00:00Z,0
2017-10-23T14:00:00Z,0
2017-10-23T15:00:00Z,0
2017-10-23T16:00:00Z,8.640000343322754
2017-10-23T17:00:00Z,17.34400177001953
2017-10-23T18:00:00Z,25.98400115966797
2017-10-23T19:00:00Z,39.552001953125
2017-10-23T20:00:00Z,53.12000274658203
2017-10-23T21:00:00Z,66.6240005493164
2017-10-23T22:00:00Z,65.600006103515625
2017-10-23T23:00:00Z,64.57600402832031
2017-10-24T00:00:00Z,63.552001953125
2017-10-24T01:00:00Z,56.512001037597656
2017-10-24T02:00:00Z,49.47200393676758
2017-10-24T03:00:00Z,42.432003021240234
2017-10-24T04:00:00Z,31.61600112915039
2017-10-24T05:00:00Z,20.80000114440918
2017-10-24T06:00:00Z,9.984000205993652
2017-10-24T07:00:00Z,12.35200023651123
2017-10-24T08:00:00Z,14.656001091003418
2017-10-24T09:00:00Z,17.02400016784668
2017-10-24T10:00:00Z,26.75200080871582
2017-10-24T11:00:00Z,36.41600036621094
2017-10-24T12:00:00Z,46.08000183105469
2017-10-24T13:00:00Z,31.552001953125
2017-10-24T14:00:00Z,16.992000579833984
2017-10-24T15:00:00Z,2.432000160217285
2017-10-24T16:00:00Z,27.00800132751465
2017-10-24T17:00:00Z,51.58400344848633
2017-10-24T18:00:00Z,76.160003662109375
2017-10-24T19:00:00Z,50.75200271606445
2017-10-24T20:00:00Z,25.376001358032227
2017-10-24T21:00:00Z,0
2017-10-24T22:00:00Z,0
2017-10-24T23:00:00Z,0
2017-10-25T00:00:00Z,0
2017-10-25T01:00:00Z,11.136000633239746
2017-10-25T02:00:00Z,22.272001266479492
2017-10-25T03:00:00Z,33.40800094604492
2017-10-25T04:00:00Z,35.7760009765625
2017-10-25T05:00:00Z,38.14400100708008
2017-10-25T06:00:00Z,40.512001037597656
2017-10-25T07:00:00Z,29.376001358032227
2017-10-25T08:00:00Z,18.176000595092773
2017-10-25T09:00:00Z,7.0400004386901855
2017-10-25T10:00:00Z,4.672000408172607
2017-10-25T11:00:00Z,2.368000030517578
2017-10-25T12:00:00Z,0
2017-10-25T13:00:00Z,1.152000069618225
2017-10-25T14:00:00Z,2.30400013923645
2017-10-25T15:00:00Z,3.4560000896453857
2017-10-25T16:00:00Z,5.5360002517700195
2017-10-25T17:00:00Z,7.648000240325928
2017-10-25T18:00:00Z,9.72800064086914
2017-10-25T19:00:00Z,29.792001724243164
2017-10-25T20:00:00Z,49.85600280761719
2017-10-25T21:00:00Z,69.9520034790039
2017-10-25T22:00:00Z,54.97600173950195
2017-10-25T23:00:00Z,40.03200149536133
2017-10-26T00:00:00Z,25.088001251220703
2017-10-26T01:00:00Z,18.240001678466797
2017-10-26T02:00:00Z,11.42400074005127
2017-10-26T03:00:00Z,4.576000213623047
2017-10-26T04:00:00Z,3.072000026702881
2017-10-26T05:00:00Z,1.5360000133514404
2017-10-26T06:00:00Z,0
2017-10-26T07:00:00Z,0
2017-10-26T08:00:00Z,0
2017-10-26T09:00:00Z,0
2017-10-26T10:00:00Z,0
2017-10-26T11:00:00Z,0
2017-10-26T12:00:00Z,0
2017-10-26T13:00:00Z,0
2017-10-26T14:00:00Z,0
2017-10-26T15:00:00Z,0
2017-10-26T16:00:00Z,0
2017-10-26T17:00:00Z,0
2017-10-26T18:00:00Z,0
2017-10-26T19:00:00Z,0
2017-10-26T20:00:00Z,0
2017-10-26T21:00:00Z,0
2017-10-26T22:00:00Z,0
2017-10-26T23:00:00Z,0
2017-10-27T00:00:00Z,0
2017-10-27T01:00:00Z,0
2017-10-27T02:00:00Z,0
2017-10-27T03:00:00Z,0
2017-10-27T04:00:00Z,0
2017-10-27T05:00:00Z,0
2017-10-27T06:00:00Z,0
2017-10-27T07:00:00Z,0
2017-10-27T08:00:00Z,0
2017-10-27T09:00:00Z,0
2017-10-27T10:00:00Z,0
2017-10-27T11:00:00Z,0
2017-10-27T12:00:00Z,0
2017-10-27T13:00:00Z,0
2017-10-27T14:00:00Z,0
2017-10-27T15:00:00Z,0
2017-10-27T16:00:00Z,0
2017-10-27T17:00:00Z,0
2017-10-27T18:00:00Z,0
2017-10-27T19:00:00Z,0
2017-10-27T20:00:00Z,0
2017-10-27T21:00:00Z,0
2017-10-27T22:00:00Z,0
2017-10-27T23:00:00Z,0
2017-10-28T00:00:00Z,0
2017-10-28T01:00:00Z,0
2017-10-28T02:00:00Z,0
2017-10-28T03:00:00Z,0
2017-10-28T04:00:00Z,0
2017-10-28T05:00:00Z,0
2017-10-28T06:00:00Z,0
2017-10-28T07:00:00Z,0
2017-10-28T08:00:00Z,0
2017-10-28T09:00:00Z,0
2017-10-28T10:00:00Z,0
2017-10-28T11:00:00Z,0
2017-10-28T12:00:00Z,0
2017-10-28T13:00:00Z,0
2017-10-28T14:00:00Z,0
2017-10-28T15:00:00Z,0
2017-10-28T16:00:00Z,0
2017-10-28T17:00:00Z,0
2017-10-28T18:00:00Z,0
2017-10-28T19:00:00Z,0
2017-10-28T20:00:00Z,0
2017-10-28T21:00:00Z,0
2017-10-28T22:00:00Z,0
2017-10-28T23:00:00Z,0
2017-10-29T00:00:00Z,0
2017-10-29T01:00:00Z,1.5360000133514404
2017-10-29T02:00:00Z,3.072000026702881
2017-10-29T03:00:00Z,4.576000213623047
2017-10-29T04:00:00Z,6.400000095367432
2017-10-29T05:00:00Z,8.192000389099121
2017-10-29T06:00:00Z,9.984000205993652
2017-10-29T07:00:00Z,6.656000137329102
2017-10-29T08:00:00Z,3.328000068664551
2017-10-29T09:00:00Z,0
2017-10-29T10:00:00Z,0
2017-10-29T11:00:00Z,0
2017-10-29T12:00:00Z,0
2017-10-29T13:00:00Z,13.440000534057617
2017-10-29T14:00:00Z,26.880001068115234
2017-10-29T15:00:00Z,40.320003509521484
2017-10-29T16:00:00Z,75.7760009765625
2017-10-29T17:00:00Z,111.23200225830078
2017-10-29T18:00:00Z,146.62400817871094
2017-10-29T19:00:00Z,144.1280059814453
2017-10-29T20:00:00Z,141.6320037841797
2017-10-29T21:00:00Z,139.13600158691406
2017-10-29T22:00:00Z,138.62400817871094
2017-10-29T23:00:00Z,138.11199951171875
2017-10-30T00:00:00Z,137.5360107421875
2017-10-30T01:00:00Z,99.20000457763672
2017-10-30T02:00:00Z,60.80000305175781
2017-10-30T03:00:00Z,22.400001525878906
2017-10-30T04:00:00Z,14.976000785827637
2017-10-30T05:00:00Z,7.488000392913818
2017-10-30T06:00:00Z,0
2017-10-30T07:00:00Z,41.72800064086914
2017-10-30T08:00:00Z,83.45600128173828
2017-10-30T09:00:00Z,125.18400573730469
2017-10-30T10:00:00Z,83.45600128173828
2017-10-30T11:00:00Z,41.72800064086914
2017-10-30T12:00:00Z,0
2017-10-30T13:00:00Z,0
2017-10-30T14:00:00Z,0
2017-10-30T15:00:00Z,0
2017-10-30T16:00:00Z,0
2017-10-30T17:00:00Z,0
2017-10-30T18:00:00Z,0
2017-10-30T19:00:00Z,0
2017-10-30T20:00:00Z,0
2017-10-30T21:00:00Z,0
2017-10-30T22:00:00Z,0
2017-10-30T23:00:00Z,0
2017-10-31T00:00:00Z,0
2017-10-31T01:00:00Z,0
2017-10-31T02:00:00Z,0
2017-10-31T03:00:00Z,0
2017-10-31T04:00:00Z,0
2017-10-31T05:00:00Z,0
2017-10-31T06:00:00Z,0
2017-10-31T07:00:00Z,0
2017-10-31T08:00:00Z,0
2017-10-31T09:00:00Z,0
2017-10-31T10:00:00Z,0
2017-10-31T11:00:00Z,0
2017-10-31T12:00:00Z,0
2017-10-31T13:00:00Z,0
2017-10-31T14:00:00Z,0
2017-10-31T15:00:00Z,0
2017-10-31T16:00:00Z,5.152000427246094
2017-10-31T17:00:00Z,10.272000312805176
2017-10-31T18:00:00Z,15.42400074005127
2017-10-31T19:00:00Z,15.42400074005127
2017-10-31T20:00:00Z,15.42400074005127
2017-10-31T21:00:00Z,15.42400074005127
2017-10-31T22:00:00Z,10.272000312805176
2017-10-31T23:00:00Z,5.152000427246094
2017-11-01T00:00:00Z,0
2017-11-01T01:00:00Z,0
2017-11-01T02:00:00Z,0
2017-11-01T03:00:00Z,0
2017-11-01T04:00:00Z,0
2017-11-01T05:00:00Z,0
2017-11-01T06:00:00Z,0
2017-11-01T07:00:00Z,0
2017-11-01T08:00:00Z,0
2017-11-01T09:00:00Z,0
2017-11-01T10:00:00Z,0
2017-11-01T11:00:00Z,0
2017-11-01T12:00:00Z,0
2017-11-01T13:00:00Z,0
2017-11-01T14:00:00Z,0
2017-11-01T15:00:00Z,0
2017-11-01T16:00:00Z,0
2017-11-01T17:00:00Z,0
2017-11-01T18:00:00Z,0
2017-11-01T19:00:00Z,0
2017-11-01T20:00:00Z,0
2017-11-01T21:00:00Z,0
2017-11-01T22:00:00Z,0
2017-11-01T23:00:00Z,0
2017-11-02T00:00:00Z,0
2017-11-02T01:00:00Z,0
2017-11-02T02:00:00Z,0
2017-11-02T03:00:00Z,0
2017-11-02T04:00:00Z,0.8320000171661377
2017-11-02T05:00:00Z,1.600000023841858
2017-11-02T06:00:00Z,2.432000160217285
2017-11-02T07:00:00Z,1.600000023841858
2017-11-02T08:00:00Z,0.8320000171661377
2017-11-02T09:00:00Z,0
2017-11-02T10:00:00Z,0
2017-11-02T11:00:00Z,0
2017-11-02T12:00:00Z,0
2017-11-02T13:00:00Z,3.7760002613067627
2017-11-02T14:00:00Z,7.616000175476074
2017-11-02T15:00:00Z,11.392000198364258
2017-11-02T16:00:00Z,32.384002685546875
2017-11-02T17:00:00Z,53.44000244140625
2017-11-02T18:00:00Z,74.36800384521484
2017-11-02T19:00:00Z,114.81600189208984
2017-11-02T20:00:00Z,155.13600158691406
2017-11-02T21:00:00Z,195.58401489257813
2017-11-02T22:00:00Z,149.12001037597656
2017-11-02T23:00:00Z,102.656005859375
2017-11-03T00:00:00Z,56.256004333496094
2017-11-03T01:00:00Z,66.68800354003906
2017-11-03T02:00:00Z,77.18400573730469
2017-11-03T03:00:00Z,87.61600494384766
2017-11-03T04:00:00Z,71.552001953125
2017-11-03T05:00:00Z,55.48800277709961
2017-11-03T06:00:00Z,39.48800277709961
2017-11-03T07:00:00Z,26.304000854492188
2017-11-03T08:00:00Z,13.120000839233398
2017-11-03T09:00:00Z,0
2017-11-03T10:00:00Z,0
2017-11-03T11:00:00Z,0
2017-11-03T12:00:00Z,0
2017-11-03T13:00:00Z,0
2017-11-03T14:00:00Z,0
2017-11-03T15:00:00Z,0
2017-11-03T16:00:00Z,10.04800033569336
2017-11-03T17:00:00Z,20.032001495361328
2017-11-03T18:00:00Z,30.080001831054688
2017-11-03T19:00:00Z,28.864002227783203
2017-11-03T20:00:00Z,27.648000717163086
2017-11-03T21:00:00Z,26.4320011138916
2017-11-03T22:00:00Z,18.75200080871582
2017-11-03T23:00:00Z,11.136000633239746
2017-11-04T00:00:00Z,3.4560000896453857
2017-11-04T01:00:00Z,2.30400013923645
2017-11-04T02:00:00Z,1.152000069618225
2017-11-04T03:00:00Z,0
2017-11-04T04:00:00Z,0
2017-11-04T05:00:00Z,0
2017-11-04T06:00:00Z,0
2017-11-04T07:00:00Z,0
2017-11-04T08:00:00Z,0
2017-11-04T09:00:00Z,0
2017-11-04T10:00:00Z,0
2017-11-04T11:00:00Z,0
2017-11-04T12:00:00Z,0
2017-11-04T13:00:00Z,0
2017-11-04T14:00:00Z,0
2017-11-04T15:00:00Z,0
2017-11-04T16:00:00Z,0
2017-11-04T17:00:00Z,0
2017-11-04T18:00:00Z,0
2017-11-04T19:00:00Z,0
2017-11-04T20:00:00Z,0
2017-11-04T21:00:00Z,0
2017-11-04T22:00:00Z,0
2017-11-04T23:00:00Z,0
2017-11-05T00:00:00Z,0
2017-11-05T01:00:00Z,0
2017-11-05T02:00:00Z,0
2017-11-05T03:00:00Z,0
2017-11-05T04:00:00Z,0
2017-11-05T05:00:00Z,0
2017-11-05T06:00:00Z,0
2017-11-05T07:00:00Z,0
2017-11-05T08:00:00Z,0
2017-11-05T09:00:00Z,0
2017-11-05T10:00:00Z,0
2017-11-05T11:00:00Z,0
2017-11-05T12:00:00Z,0
2017-11-05T13:00:00Z,0
2017-11-05T14:00:00Z,0
2017-11-05T15:00:00Z,0
2017-11-05T16:00:00Z,0
2017-11-05T17:00:00Z,0
2017-11-05T18:00:00Z,0
2017-11-05T19:00:00Z,0
2017-11-05T20:00:00Z,0
2017-11-05T21:00:00Z,0
2017-11-05T22:00:00Z,0
2017-11-05T23:00:00Z,0
2017-11-06T00:00:00Z,0
2017-11-06T01:00:00Z,0
2017-11-06T02:00:00Z,0
2017-11-06T03:00:00Z,0
2017-11-06T04:00:00Z,0
2017-11-06T05:00:00Z,0
2017-11-06T06:00:00Z,0
2017-11-06T07:00:00Z,0
2017-11-06T08:00:00Z,0
2017-11-06T09:00:00Z,0
2017-11-06T10:00:00Z,0
2017-11-06T11:00:00Z,0
2017-11-06T12:00:00Z,0
2017-11-06T13:00:00Z,0
2017-11-06T14:00:00Z,0
2017-11-06T15:00:00Z,0
2017-11-06T16:00:00Z,43.68000030517578
2017-11-06T17:00:00Z,87.39200592041016
2017-11-06T18:00:00Z,131.07200622558594
2017-11-06T19:00:00Z,88.19200134277344
2017-11-06T20:00:00Z,45.3120002746582
2017-11-06T21:00:00Z,2.432000160217285
2017-11-06T22:00:00Z,4.960000038146973
2017-11-06T23:00:00Z,7.488000392913818
2017-11-07T00:00:00Z,10.016000747680664
2017-11-07T01:00:00Z,6.656000137329102
2017-11-07T02:00:00Z,3.328000068664551
2017-11-07T03:00:00Z,0
2017-11-07T04:00:00Z,0
2017-11-07T05:00:00Z,0
2017-11-07T06:00:00Z,0
2017-11-07T07:00:00Z,0
2017-11-07T08:00:00Z,0
2017-11-07T09:00:00Z,0
2017-11-07T10:00:00Z,0
2017-11-07T11:00:00Z,0
2017-11-07T12:00:00Z,0
2017-11-07T13:00:00Z,0
2017-11-07T14:00:00Z,0
2017-11-07T15:00:00Z,0
2017-11-07T16:00:00Z,0
2017-11-07T17:00:00Z,0
2017-11-07T18:00:00Z,0
2017-11-07T19:00:00Z,0
2017-11-07T20:00:00Z,0
2017-11-07T21:00:00Z,0
2017-11-07T22:00:00Z,0
2017-11-07T23:00:00Z,0
2017-11-08T00:00:00Z,0
2017-11-08T01:00:00Z,0
2017-11-08T02:00:00Z,0
2017-11-08T03:00:00Z,0
2017-11-08T04:00:00Z,0
2017-11-08T05:00:00Z,0
2017-11-08T06:00:00Z,0
2017-11-08T07:00:00Z,0
2017-11-08T08:00:00Z,0
2017-11-08T09:00:00Z,0
2017-11-08T10:00:00Z,0
2017-11-08T11:00:00Z,0
2017-11-08T12:00:00Z,0
2017-11-08T13:00:00Z,0
2017-11-08T14:00:00Z,0
2017-11-08T15:00:00Z,0
2017-11-08T16:00:00Z,0
2017-11-08T17:00:00Z,0
2017-11-08T18:00:00Z,0
2017-11-08T19:00:00Z,0
2017-11-08T20:00:00Z,0
2017-11-08T21:00:00Z,0
2017-11-08T22:00:00Z,0
2017-11-08T23:00:00Z,0
2017-11-09T00:00:00Z,0
2017-11-09T01:00:00Z,0
2017-11-09T02:00:00Z,0
2017-11-09T03:00:00Z,0
2017-11-09T04:00:00Z,0
2017-11-09T05:00:00Z,0
2017-11-09T06:00:00Z,0
2017-11-09T07:00:00Z,0
2017-11-09T08:00:00Z,0
2017-11-09T09:00:00Z,0
2017-11-09T10:00:00Z,0
2017-11-09T11:00:00Z,0
2017-11-09T12:00:00Z,0
2017-11-09T13:00:00Z,0
2017-11-09T14:00:00Z,0
2017-11-09T15:00:00Z,0
2017-11-09T16:00:00Z,0
2017-11-09T17:00:00Z,0
2017-11-09T18:00:00Z,0
2017-11-09T19:00:00Z,0
2017-11-09T20:00:00Z,0
2017-11-09T21:00:00Z,0
2017-11-09T22:00:00Z,4.86400032043457
2017-11-09T23:00:00Z,9.72800064086914
2017-11-10T00:00:00Z,14.592000961303711
2017-11-10T01:00:00Z,21.88800048828125
2017-11-10T02:00:00Z,29.248001098632813
2017-11-10T03:00:00Z,36.544002532958984
2017-11-10T04:00:00Z,39.23200225830078
2017-11-10T05:00:00Z,41.92000198364258
2017-11-10T06:00:00Z,44.608001708984375
2017-11-10T07:00:00Z,47.00800323486328
2017-11-10T08:00:00Z,49.44000244140625
2017-11-10T09:00:00Z,51.840003967285156
2017-11-10T10:00:00Z,34.560001373291016
2017-11-10T11:00:00Z,17.280000686645508
2017-11-10T12:00:00Z,0
2017-11-10T13:00:00Z,0
2017-11-10T14:00:00Z,0
2017-11-10T15:00:00Z,0
2017-11-10T16:00:00Z,0
2017-11-10T17:00:00Z,0
2017-11-10T18:00:00Z,0
2017-11-10T19:00:00Z,0
2017-11-10T20:00:00Z,0
2017-11-10T21:00:00Z,0
2017-11-10T22:00:00Z,0
2017-11-10T23:00:00Z,0
2017-11-11T00:00:00Z,0
2017-11-11T01:00:00Z,0
2017-11-11T02:00:00Z,0
2017-11-11T03:00:00Z,0
2017-11-11T04:00:00Z,0
2017-11-11T05:00:00Z,0
2017-11-11T06:00:00Z,0
2017-11-11T07:00:00Z,0
2017-11-11T08:00:00Z,0
2017-11-11T09:00:00Z,0
2017-11-11T10:00:00Z,0
2017-11-11T11:00:00Z,0
2017-11-11T12:00:00Z,0
2017-11-11T13:00:00Z,0
2017-11-11T14:00:00Z,0
2017-11-11T15:00:00Z,0
2017-11-11T16:00:00Z,0
2017-11-11T17:00:00Z,0
2017-11-11T18:00:00Z,0
2017-11-11T19:00:00Z,0
2017-11-11T20:00:00Z,0
2017-11-11T21:00:00Z,0
2017-11-11T22:00:00Z,0
2017-11-11T23:00:00Z,0
2017-11-12T00:00:00Z,0
2017-11-12T01:00:00Z,0
2017-11-12T02:00:00Z,0
2017-11-12T03:00:00Z,0
2017-11-12T04:00:00Z,0
2017-11-12T05:00:00Z,0
2017-11-12T06:00:00Z,0
2017-11-12T07:00:00Z,0
2017-11-12T08:00:00Z,0
2017-11-12T09:00:00Z,0
2017-11-12T10:00:00Z,0
2017-11-12T11:00:00Z,0
2017-11-12T12:00:00Z,0
2017-11-12T13:00:00Z,0
2017-11-12T14:00:00Z,0
2017-11-12T15:00:00Z,0
2017-11-12T16:00:00Z,0
2017-11-12T17:00:00Z,0
2017-11-12T18:00:00Z,0
2017-11-12T19:00:00Z,0
2017-11-12T20:00:00Z,0
2017-11-12T21:00:00Z,0
2017-11-12T22:00:00Z,0
2017-11-12T23:00:00Z,0
2017-11-13T00:00:00Z,0
2017-11-13T01:00:00Z,0
2017-11-13T02:00:00Z,0
2017-11-13T03:00:00Z,0
2017-11-13T04:00:00Z,0
2017-11-13T05:00:00Z,0
2017-11-13T06:00:00Z,0
2017-11-13T07:00:00Z,0
2017-11-13T08:00:00Z,0
2017-11-13T09:00:00Z,0
2017-11-13T10:00:00Z,0
2017-11-13T11:00:00Z,0
2017-11-13T12:00:00Z,0
2017-11-13T13:00:00Z,0
2017-11-13T14:00:00Z,0
2017-11-13T15:00:00Z,0
2017-11-13T16:00:00Z,0
2017-11-13T17:00:00Z,0
2017-11-13T18:00:00Z,0
2017-11-13T19:00:00Z,0
2017-11-13T20:00:00Z,0
2017-11-13T21:00:00Z,0
2017-11-13T22:00:00Z,0
2017-11-13T23:00:00Z,0
2017-11-14T00:00:00Z,0
2017-11-14T01:00:00Z,0
2017-11-14T02:00:00Z,0
2017-11-14T03:00:00Z,0
2017-11-14T04:00:00Z,0
2017-11-14T05:00:00Z,0
2017-11-14T06:00:00Z,0
2017-11-14T07:00:00Z,0
2017-11-14T08:00:00Z,0
2017-11-14T09:00:00Z,0
2017-11-14T10:00:00Z,0
2017-11-14T11:00:00Z,0
2017-11-14T12:00:00Z,0
2017-11-14T13:00:00Z,0
2017-11-14T14:00:00Z,0
2017-11-14T15:00:00Z,0
2017-11-14T16:00:00Z,0
2017-11-14T17:00:00Z,0
2017-11-14T18:00:00Z,0
2017-11-14T19:00:00Z,0
2017-11-14T20:00:00Z,0
2017-11-14T21:00:00Z,0
2017-11-14T22:00:00Z,0
2017-11-14T23:00:00Z,0
2017-11-15T00:00:00Z,0
2017-11-15T01:00:00Z,0.3360000252723694
2017-11-15T02:00:00Z,0.7040000557899475
2017-11-15T03:00:00Z,1.0240000486373901
2017-11-15T04:00:00Z,1.8560000658035278
2017-11-15T05:00:00Z,2.6560001373291016
2017-11-15T06:00:00Z,3.4560000896453857
2017-11-15T07:00:00Z,2.30400013923645
2017-11-15T08:00:00Z,1.152000069618225
2017-11-15T09:00:00Z,0
2017-11-15T10:00:00Z,0
2017-11-15T11:00:00Z,0
2017-11-15T12:00:00Z,0
2017-11-15T13:00:00Z,0
2017-11-15T14:00:00Z,0
2017-11-15T15:00:00Z,0
2017-11-15T16:00:00Z,0
2017-11-15T17:00:00Z,0
2017-11-15T18:00:00Z,0
2017-11-15T19:00:00Z,0
2017-11-15T20:00:00Z,0
2017-11-15T21:00:00Z,0
2017-11-15T22:00:00Z,0
2017-11-15T23:00:00Z,0
2017-11-16T00:00:00Z,0
2017-11-16T01:00:00Z,0
2017-11-16T02:00:00Z,0
2017-11-16T03:00:00Z,0
2017-11-16T04:00:00Z,2.1760001182556152
2017-11-16T05:00:00Z,4.3520002365112305
2017-11-16T06:00:00Z,6.528000354766846
2017-11-16T07:00:00Z,15.904000282287598
2017-11-16T08:00:00Z,25.248001098632813
2017-11-16T09:00:00Z,34.592002868652344
2017-11-16T10:00:00Z,23.07200050354004
2017-11-16T11:00:00Z,11.520000457763672
2017-11-16T12:00:00Z,0
2017-11-16T13:00:00Z,2.1760001182556152
2017-11-16T14:00:00Z,4.3520002365112305
2017-11-16T15:00:00Z,6.528000354766846
2017-11-16T16:00:00Z,14.464000701904297
2017-11-16T17:00:00Z,22.400001525878906
2017-11-16T18:00:00Z,30.336002349853516
2017-11-16T19:00:00Z,36.15999984741211
2017-11-16T20:00:00Z,42.0160026550293
2017-11-16T21:00:00Z,47.840003967285156
2017-11-16T22:00:00Z,39.20000076293945
2017-11-16T23:00:00Z,30.59200096130371
2017-11-17T00:00:00Z,21.952001571655273
2017-11-17T01:00:00Z,14.624000549316406
2017-11-17T02:00:00Z,7.2960004806518555
2017-11-17T03:00:00Z,0
2017-11-17T04:00:00Z,1.152000069618225
2017-11-17T05:00:00Z,2.30400013923645
2017-11-17T06:00:00Z,3.4560000896453857
2017-11-17T07:00:00Z,2.30400013923645
2017-11-17T08:00:00Z,1.152000069618225
2017-11-17T09:00:00Z,0
2017-11-17T10:00:00Z,0
2017-11-17T11:00:00Z,0
2017-11-17T12:00:00Z,0
2017-11-17T13:00:00Z,0
2017-11-17T14:00:00Z,0
2017-11-17T15:00:00Z,0
2017-11-17T16:00:00Z,0
2017-11-17T17:00:00Z,0
2017-11-17T18:00:00Z,0
2017-11-17T19:00:00Z,0
2017-11-17T20:00:00Z,0
2017-11-17T21:00:00Z,0
2017-11-17T22:00:00Z,0
2017-11-17T23:00:00Z,0
2017-11-18T00:00:00Z,0
2017-11-18T01:00:00Z,0
2017-11-18T02:00:00Z,0
2017-11-18T03:00:00Z,0
2017-11-18T04:00:00Z,0
2017-11-18T05:00:00Z,0
2017-11-18T06:00:00Z,0
2017-11-18T07:00:00Z,0
2017-11-18T08:00:00Z,0
2017-11-18T09:00:00Z,0
2017-11-18T10:00:00Z,0
2017-11-18T11:00:00Z,0
2017-11-18T12:00:00Z,0
2017-11-18T13:00:00Z,0
2017-11-18T14:00:00Z,0
2017-11-18T15:00:00Z,0
2017-11-18T16:00:00Z,0
2017-11-18T17:00:00Z,0
2017-11-18T18:00:00Z,0
2017-11-18T19:00:00Z,0
2017-11-18T20:00:00Z,0
2017-11-18T21:00:00Z,0
2017-11-18T22:00:00Z,0
2017-11-18T23:00:00Z,0
2017-11-19T00:00:00Z,0
2017-11-19T01:00:00Z,0
2017-11-19T02:00:00Z,0
2017-11-19T03:00:00Z,0
2017-11-19T04:00:00Z,0
2017-11-19T05:00:00Z,0
2017-11-19T06:00:00Z,0
2017-11-19T07:00:00Z,14.304000854492188
2017-11-19T08:00:00Z,28.608001708984375
2017-11-19T09:00:00Z,42.91200256347656
2017-11-19T10:00:00Z,33.60000228881836
2017-11-19T11:00:00Z,24.256000518798828
2017-11-19T12:00:00Z,14.91200065612793
2017-11-19T13:00:00Z,19.296001434326172
2017-11-19T14:00:00Z,23.68000030517578
2017-11-19T15:00:00Z,28.064001083374023
2017-11-19T16:00:00Z,25.184001922607422
2017-11-19T17:00:00Z,22.32000160217285
2017-11-19T18:00:00Z,19.45600128173828
2017-11-19T19:00:00Z,12.976000785827637
2017-11-19T20:00:00Z,6.496000289916992
2017-11-19T21:00:00Z,0
2017-11-19T22:00:00Z,4.9760003089904785
2017-11-19T23:00:00Z,9.952000617980957
2017-11-20T00:00:00Z,14.91200065612793
2017-11-20T01:00:00Z,19.23200035095215
2017-11-20T02:00:00Z,23.56800079345703
2017-11-20T03:00:00Z,27.88800048828125
2017-11-20T04:00:00Z,25.904001235961914
2017-11-20T05:00:00Z,23.93600082397461
2017-11-20T06:00:00Z,21.93600082397461
2017-11-20T07:00:00Z,16.4320011138916
2017-11-20T08:00:00Z,10.928000450134277
2017-11-20T09:00:00Z,5.408000469207764
2017-11-20T10:00:00Z,3.6000001430511475
2017-11-20T11:00:00Z,1.808000087738037
2017-11-20T12:00:00Z,0
2017-11-20T13:00:00Z,0
2017-11-20T14:00:00Z,0
2017-11-20T15:00:00Z,0
2017-11-20T16:00:00Z,0
2017-11-20T17:00:00Z,0
2017-11-20T18:00:00Z,0
2017-11-20T19:00:00Z,0
2017-11-20T20:00:00Z,0
2017-11-20T21:00:00Z,0
2017-11-20T22:00:00Z,0
2017-11-20T23:00:00Z,0
2017-11-21T00:00:00Z,0
2017-11-21T01:00:00Z,0
2017-11-21T02:00:00Z,0
2017-11-21T03:00:00Z,0
2017-11-21T04:00:00Z,0
2017-11-21T05:00:00Z,0
2017-11-21T06:00:00Z,0
2017-11-21T07:00:00Z,0
2017-11-21T08:00:00Z,0
2017-11-21T09:00:00Z,0
2017-11-21T10:00:00Z,0
2017-11-21T11:00:00Z,0
2017-11-21T12:00:00Z,0
2017-11-21T13:00:00Z,0
2017-11-21T14:00:00Z,0
2017-11-21T15:00:00Z,0
2017-11-21T16:00:00Z,0
2017-11-21T17:00:00Z,0
2017-11-21T18:00:00Z,0
2017-11-21T19:00:00Z,0
2017-11-21T20:00:00Z,0
2017-11-21T21:00:00Z,0
2017-11-21T22:00:00Z,0
2017-11-21T23:00:00Z,0
2017-11-22T00:00:00Z,0
2017-11-22T01:00:00Z,0
2017-11-22T02:00:00Z,0
2017-11-22T03:00:00Z,0
2017-11-22T04:00:00Z,0
2017-11-22T05:00:00Z,0
2017-11-22T06:00:00Z,0
2017-11-22T07:00:00Z,0
2017-11-22T08:00:00Z,0
2017-11-22T09:00:00Z,0
2017-11-22T10:00:00Z,0.64000004529953
2017-11-22T11:00:00Z,1.28000009059906
2017-11-22T12:00:00Z,1.9200000762939453
2017-11-22T13:00:00Z,1.28000009059906
2017-11-22T14:00:00Z,0.64000004529953
2017-11-22T15:00:00Z,0
2017-11-22T16:00:00Z,0
2017-11-22T17:00:00Z,0
2017-11-22T18:00:00Z,0
2017-11-22T19:00:00Z,5.696000099182129
2017-11-22T20:00:00Z,11.32800006866455
2017-11-22T21:00:00Z,17.02400016784668
2017-11-22T22:00:00Z,12.160000801086426
2017-11-22T23:00:00Z,7.2960004806518555
2017-11-23T00:00:00Z,2.432000160217285
2017-11-23T01:00:00Z,1.6320000886917114
2017-11-23T02:00:00Z,0.800000011920929
2017-11-23T03:00:00Z,0
2017-11-23T04:00:00Z,0
2017-11-23T05:00:00Z,0
2017-11-23T06:00:00Z,0
2017-11-23T07:00:00Z,0
2017-11-23T08:00:00Z,0
2017-11-23T09:00:00Z,0
2017-11-23T10:00:00Z,0
2017-11-23T11:00:00Z,0
2017-11-23T12:00:00Z,0
2017-11-23T13:00:00Z,0
2017-11-23T14:00:00Z,0
2017-11-23T15:00:00Z,0
2017-11-23T16:00:00Z,0
2017-11-23T17:00:00Z,0
2017-11-23T18:00:00Z,0
2017-11-23T19:00:00Z,0
2017-11-23T20:00:00Z,0
2017-11-23T21:00:00Z,0
2017-11-23T22:00:00Z,0
2017-11-23T23:00:00Z,0
2017-11-24T00:00:00Z,0
2017-11-24T01:00:00Z,0
2017-11-24T02:00:00Z,0
2017-11-24T03:00:00Z,0
2017-11-24T04:00:00Z,0
2017-11-24T05:00:00Z,0
2017-11-24T06:00:00Z,0
2017-11-24T07:00:00Z,0
2017-11-24T08:00:00Z,0
2017-11-24T09:00:00Z,0
2017-11-24T10:00:00Z,0
2017-11-24T11:00:00Z,0
2017-11-24T12:00:00Z,0
2017-11-24T13:00:00Z,0
2017-11-24T14:00:00Z,0
2017-11-24T15:00:00Z,0
2017-11-24T16:00:00Z,0
2017-11-24T17:00:00Z,0
2017-11-24T18:00:00Z,0
2017-11-24T19:00:00Z,0
2017-11-24T20:00:00Z,0
2017-11-24T21:00:00Z,0
2017-11-24T22:00:00Z,0
2017-11-24T23:00:00Z,0
2017-11-25T00:00:00Z,0
2017-11-25T01:00:00Z,0
2017-11-25T02:00:00Z,0
2017-11-25T03:00:00Z,0
2017-11-25T04:00:00Z,0
2017-11-25T05:00:00Z,0
2017-11-25T06:00:00Z,0
2017-11-25T07:00:00Z,0
2017-11-25T08:00:00Z,0
2017-11-25T09:00:00Z,0
2017-11-25T10:00:00Z,0
2017-11-25T11:00:00Z,0
2017-11-25T12:00:00Z,0
2017-11-25T13:00:00Z,0
2017-11-25T14:00:00Z,0
2017-11-25T15:00:00Z,0
2017-11-25T16:00:00Z,0
2017-11-25T17:00:00Z,0
2017-11-25T18:00:00Z,0
2017-11-25T19:00:00Z,0
2017-11-25T20:00:00Z,0
2017-11-25T21:00:00Z,0
2017-11-25T22:00:00Z,0
2017-11-25T23:00:00Z,0
2017-11-26T00:00:00Z,0
2017-11-26T01:00:00Z,0
2017-11-26T02:00:00Z,0
2017-11-26T03:00:00Z,0
2017-11-26T04:00:00Z,1.9840000867843628
2017-11-26T05:00:00Z,3.9680001735687256
2017-11-26T06:00:00Z,5.952000141143799
2017-11-26T07:00:00Z,18.944000244140625
2017-11-26T08:00:00Z,31.93600082397461
2017-11-26T09:00:00Z,44.928001403808594
2017-11-26T10:00:00Z,33.28000259399414
2017-11-26T11:00:00Z,21.648000717163086
2017-11-26T12:00:00Z,10
2017-11-26T13:00:00Z,13.152000427246094
2017-11-26T14:00:00Z,16.32000160217285
2017-11-26T15:00:00Z,19.45600128173828
2017-11-26T16:00:00Z,12.960000991821289
2017-11-26T17:00:00Z,6.496000289916992
2017-11-26T18:00:00Z,0
2017-11-26T19:00:00Z,0
2017-11-26T20:00:00Z,0
2017-11-26T21:00:00Z,0
2017-11-26T22:00:00Z,0
2017-11-26T23:00:00Z,0
2017-11-27T00:00:00Z,0
2017-11-27T01:00:00Z,0
2017-11-27T02:00:00Z,0
2017-11-27T03:00:00Z,0
2017-11-27T04:00:00Z,0
2017-11-27T05:00:00Z,0
2017-11-27T06:00:00Z,0
2017-11-27T07:00:00Z,0
2017-11-27T08:00:00Z,0
2017-11-27T09:00:00Z,0
2017-11-27T10:00:00Z,0
2017-11-27T11:00:00Z,0
2017-11-27T12:00:00Z,0
2017-11-27T13:00:00Z,1.152000069618225
2017-11-27T14:00:00Z,2.30400013923645
2017-11-27T15:00:00Z,3.4560000896453857
2017-11-27T16:00:00Z,3.136000156402588
2017-11-27T17:00:00Z,2.7840001583099365
2017-11-27T18:00:00Z,2.432000160217285
2017-11-27T19:00:00Z,3.9680001735687256
2017-11-27T20:00:00Z,5.504000186920166
2017-11-27T21:00:00Z,7.0400004386901855
2017-11-27T22:00:00Z,4.672000408172607
2017-11-27T23:00:00Z,2.368000030517578
2017-11-28T00:00:00Z,0
2017-11-28T01:00:00Z,0
2017-11-28T02:00:00Z,0
2017-11-28T03:00:00Z,0
2017-11-28T04:00:00Z,0
2017-11-28T05:00:00Z,0
2017-11-28T06:00:00Z,0
2017-11-28T07:00:00Z,0
2017-11-28T08:00:00Z,0
2017-11-28T09:00:00Z,0
2017-11-28T10:00:00Z,0
2017-11-28T11:00:00Z,0
2017-11-28T12:00:00Z,0
2017-11-28T13:00:00Z,0
2017-11-28T14:00:00Z,0
2017-11-28T15:00:00Z,0
2017-11-28T16:00:00Z,0
2017-11-28T17:00:00Z,0
2017-11-28T18:00:00Z,0
2017-11-28T19:00:00Z,0
2017-11-28T20:00:00Z,0
2017-11-28T21:00:00Z,0
2017-11-28T22:00:00Z,0
2017-11-28T23:00:00Z,0
2017-11-29T00:00:00Z,0
2017-11-29T01:00:00Z,0
2017-11-29T02:00:00Z,0
2017-11-29T03:00:00Z,0
2017-11-29T04:00:00Z,0
2017-11-29T05:00:00Z,0
2017-11-29T06:00:00Z,0
2017-11-29T07:00:00Z,0
2017-11-29T08:00:00Z,0
2017-11-29T09:00:00Z,0
2017-11-29T10:00:00Z,0
2017-11-29T11:00:00Z,0
2017-11-29T12:00:00Z,0
2017-11-29T13:00:00Z,0
2017-11-29T14:00:00Z,0
2017-11-29T15:00:00Z,0
2017-11-29T16:00:00Z,0
2017-11-29T17:00:00Z,0
2017-11-29T18:00:00Z,0
2017-11-29T19:00:00Z,0
2017-11-29T20:00:00Z,0
2017-11-29T21:00:00Z,0
2017-11-29T22:00:00Z,0
2017-11-29T23:00:00Z,0
2017-11-30T00:00:00Z,0
2017-11-30T01:00:00Z,0
2017-11-30T02:00:00Z,0
2017-11-30T03:00:00Z,0
2017-11-30T04:00:00Z,0
2017-11-30T05:00:00Z,0
2017-11-30T06:00:00Z,0
2017-11-30T07:00:00Z,0
2017-11-30T08:00:00Z,0
2017-11-30T09:00:00Z,0
2017-11-30T10:00:00Z,0
2017-11-30T11:00:00Z,0
2017-11-30T12:00:00Z,0
2017-11-30T13:00:00Z,0
2017-11-30T14:00:00Z,0
2017-11-30T15:00:00Z,0
2017-11-30T16:00:00Z,0
2017-11-30T17:00:00Z,0
2017-11-30T18:00:00Z,0
2017-11-30T19:00:00Z,0
2017-11-30T20:00:00Z,0
2017-11-30T21:00:00Z,0
2017-11-30T22:00:00Z,0
2017-11-30T23:00:00Z,0
2017-12-01T00:00:00Z,0
2017-12-01T01:00:00Z,0
2017-12-01T02:00:00Z,0
2017-12-01T03:00:00Z,0
2017-12-01T04:00:00Z,0
2017-12-01T05:00:00Z,0
2017-12-01T06:00:00Z,0
2017-12-01T07:00:00Z,0
2017-12-01T08:00:00Z,0
2017-12-01T09:00:00Z,0
2017-12-01T10:00:00Z,0
2017-12-01T11:00:00Z,0
2017-12-01T12:00:00Z,0
2017-12-01T13:00:00Z,0
2017-12-01T14:00:00Z,0
2017-12-01T15:00:00Z,0
2017-12-01T16:00:00Z,0
2017-12-01T17:00:00Z,0
2017-12-01T18:00:00Z,0
2017-12-01T19:00:00Z,0
2017-12-01T20:00:00Z,0
2017-12-01T21:00:00Z,0
2017-12-01T22:00:00Z,0
2017-12-01T23:00:00Z,0
2017-12-02T00:00:00Z,0
2017-12-02T01:00:00Z,0
2017-12-02T02:00:00Z,0
2017-12-02T03:00:00Z,0
2017-12-02T04:00:00Z,0
2017-12-02T05:00:00Z,0
2017-12-02T06:00:00Z,0
2017-12-02T07:00:00Z,0
2017-12-02T08:00:00Z,0
2017-12-02T09:00:00Z,0
2017-12-02T10:00:00Z,0
2017-12-02T11:00:00Z,0
2017-12-02T12:00:00Z,0
2017-12-02T13:00:00Z,0
2017-12-02T14:00:00Z,0
2017-12-02T15:00:00Z,0
2017-12-02T16:00:00Z,0
2017-12-02T17:00:00Z,0
2017-12-02T18:00:00Z,0
2017-12-02T19:00:00Z,0
2017-12-02T20:00:00Z,0
2017-12-02T21:00:00Z,0
2017-12-02T22:00:00Z,0
2017-12-02T23:00:00Z,0
2017-12-03T00:00:00Z,0
2017-12-03T01:00:00Z,0
2017-12-03T02:00:00Z,0
2017-12-03T03:00:00Z,0
2017-12-03T04:00:00Z,0
2017-12-03T05:00:00Z,0
2017-12-03T06:00:00Z,0
2017-12-03T07:00:00Z,0
2017-12-03T08:00:00Z,0
2017-12-03T09:00:00Z,0
2017-12-03T10:00:00Z,0
2017-12-03T11:00:00Z,0
2017-12-03T12:00:00Z,0
2017-12-03T13:00:00Z,0
2017-12-03T14:00:00Z,0
2017-12-03T15:00:00Z,0
2017-12-03T16:00:00Z,0
2017-12-03T17:00:00Z,0
2017-12-03T18:00:00Z,0
2017-12-03T19:00:00Z,2.1760001182556152
2017-12-03T20:00:00Z,4.368000030517578
2017-12-03T21:00:00Z,6.528000354766846
2017-12-03T22:00:00Z,6.688000202178955
2017-12-03T23:00:00Z,6.848000526428223
2017-12-04T00:00:00Z,7.0400004386901855
2017-12-04T01:00:00Z,4.672000408172607
2017-12-04T02:00:00Z,2.3360002040863037
2017-12-04T03:00:00Z,0
2017-12-04T04:00:00Z,0
2017-12-04T05:00:00Z,0
2017-12-04T06:00:00Z,0
2017-12-04T07:00:00Z,0
2017-12-04T08:00:00Z,0
2017-12-04T09:00:00Z,0
2017-12-04T10:00:00Z,0
2017-12-04T11:00:00Z,0
2017-12-04T12:00:00Z,0
2017-12-04T13:00:00Z,0
2017-12-04T14:00:00Z,0
2017-12-04T15:00:00Z,0
2017-12-04T16:00:00Z,0
2017-12-04T17:00:00Z,0
2017-12-04T18:00:00Z,0
2017-12-04T19:00:00Z,0
2017-12-04T20:00:00Z,0
2017-12-04T21:00:00Z,0
2017-12-04T22:00:00Z,0
2017-12-04T23:00:00Z,0
2017-12-05T00:00:00Z,0
2017-12-05T01:00:00Z,0
2017-12-05T02:00:00Z,0
2017-12-05T03:00:00Z,0
2017-12-05T04:00:00Z,0
2017-12-05T05:00:00Z,0
2017-12-05T06:00:00Z,0
2017-12-05T07:00:00Z,0
2017-12-05T08:00:00Z,0
2017-12-05T09:00:00Z,0
2017-12-05T10:00:00Z,0
2017-12-05T11:00:00Z,0
2017-12-05T12:00:00Z,0
2017-12-05T13:00:00Z,0
2017-12-05T14:00:00Z,0
2017-12-05T15:00:00Z,0
2017-12-05T16:00:00Z,0
2017-12-05T17:00:00Z,0
2017-12-05T18:00:00Z,0
2017-12-05T19:00:00Z,2.1760001182556152
2017-12-05T20:00:00Z,4.3520002365112305
2017-12-05T21:00:00Z,6.528000354766846
2017-12-05T22:00:00Z,8.896000862121582
2017-12-05T23:00:00Z,11.232000350952148
2017-12-06T00:00:00Z,13.568000793457031
2017-12-06T01:00:00Z,12.736001014709473
2017-12-06T02:00:00Z,11.93600082397461
2017-12-06T03:00:00Z,11.136000633239746
2017-12-06T04:00:00Z,25.88800048828125
2017-12-06T05:00:00Z,40.6400032043457
2017-12-06T06:00:00Z,55.42400360107422
2017-12-06T07:00:00Z,51.23200225830078
2017-12-06T08:00:00Z,47.10400390625
2017-12-06T09:00:00Z,42.944000244140625
2017-12-06T10:00:00Z,28.608001708984375
2017-12-06T11:00:00Z,14.336000442504883
2017-12-06T12:00:00Z,0
2017-12-06T13:00:00Z,0
2017-12-06T14:00:00Z,0
2017-12-06T15:00:00Z,0
2017-12-06T16:00:00Z,0
2017-12-06T17:00:00Z,0
2017-12-06T18:00:00Z,0
2017-12-06T19:00:00Z,0
2017-12-06T20:00:00Z,0
2017-12-06T21:00:00Z,0
2017-12-06T22:00:00Z,0
2017-12-06T23:00:00Z,0
2017-12-07T00:00:00Z,0
2017-12-07T01:00:00Z,0
2017-12-07T02:00:00Z,0
2017-12-07T03:00:00Z,0
2017-12-07T04:00:00Z,0
2017-12-07T05:00:00Z,0
2017-12-07T06:00:00Z,0
2017-12-07T07:00:00Z,3.680000066757202
2017-12-07T08:00:00Z,7.360000133514404
2017-12-07T09:00:00Z,11.040000915527344
2017-12-07T10:00:00Z,10.656000137329102
2017-12-07T11:00:00Z,10.272000312805176
2017-12-07T12:00:00Z,9.88800048828125
2017-12-07T13:00:00Z,12.416000366210938
2017-12-07T14:00:00Z,14.944000244140625
2017-12-07T15:00:00Z,17.472000122070313
2017-12-07T16:00:00Z,20.09600067138672
2017-12-07T17:00:00Z,22.75200080871582
2017-12-07T18:00:00Z,25.408000946044922
2017-12-07T19:00:00Z,25.408000946044922
2017-12-07T20:00:00Z,25.408000946044922
2017-12-07T21:00:00Z,25.408000946044922
2017-12-07T22:00:00Z,23.07200050354004
2017-12-07T23:00:00Z,20.736000061035156
2017-12-08T00:00:00Z,18.368000030517578
2017-12-08T01:00:00Z,17.376001358032227
2017-12-08T02:00:00Z,16.416000366210938
2017-12-08T03:00:00Z,15.42400074005127
2017-12-08T04:00:00Z,10.91200065612793
2017-12-08T05:00:00Z,6.432000160217285
2017-12-08T06:00:00Z,1.9520001411437988
2017-12-08T07:00:00Z,1.312000036239624
2017-12-08T08:00:00Z,0.64000004529953
2017-12-08T09:00:00Z,0
2017-12-08T10:00:00Z,0
2017-12-08T11:00:00Z,0
2017-12-08T12:00:00Z,0
2017-12-08T13:00:00Z,0
2017-12-08T14:00:00Z,0
2017-12-08T15:00:00Z,0
2017-12-08T16:00:00Z,0
2017-12-08T17:00:00Z,0
2017-12-08T18:00:00Z,0
2017-12-08T19:00:00Z,0
2017-12-08T20:00:00Z,0
2017-12-08T21:00:00Z,0
2017-12-08T22:00:00Z,0
2017-12-08T23:00:00Z,0
2017-12-09T00:00:00Z,0
2017-12-09T01:00:00Z,0
2017-12-09T02:00:00Z,0
2017-12-09T03:00:00Z,0
2017-12-09T04:00:00Z,0
2017-12-09T05:00:00Z,0
2017-12-09T06:00:00Z,0
2017-12-09T07:00:00Z,0
2017-12-09T08:00:00Z,0
2017-12-09T09:00:00Z,0
2017-12-09T10:00:00Z,0
2017-12-09T11:00:00Z,0
2017-12-09T12:00:00Z,0
2017-12-09T13:00:00Z,0
2017-12-09T14:00:00Z,0
2017-12-09T15:00:00Z,0
2017-12-09T16:00:00Z,0
2017-12-09T17:00:00Z,0
2017-12-09T18:00:00Z,0
2017-12-09T19:00:00Z,0
2017-12-09T20:00:00Z,0
2017-12-09T21:00:00Z,0
2017-12-09T22:00:00Z,0
2017-12-09T23:00:00Z,0
2017-12-10T00:00:00Z,0
2017-12-10T01:00:00Z,0
2017-12-10T02:00:00Z,0
2017-12-10T03:00:00Z,0
2017-12-10T04:00:00Z,0
2017-12-10T05:00:00Z,0
2017-12-10T06:00:00Z,0
2017-12-10T07:00:00Z,0
2017-12-10T08:00:00Z,0
2017-12-10T09:00:00Z,0
2017-12-10T10:00:00Z,0
2017-12-10T11:00:00Z,0
2017-12-10T12:00:00Z,0
2017-12-10T13:00:00Z,0
2017-12-10T14:00:00Z,0
2017-12-10T15:00:00Z,0
2017-12-10T16:00:00Z,0
2017-12-10T17:00:00Z,0
2017-12-10T18:00:00Z,0
2017-12-10T19:00:00Z,0
2017-12-10T20:00:00Z,0
2017-12-10T21:00:00Z,0
2017-12-10T22:00:00Z,0
2017-12-10T23:00:00Z,0
2017-12-11T00:00:00Z,0
2017-12-11T01:00:00Z,0
2017-12-11T02:00:00Z,0
2017-12-11T03:00:00Z,0
2017-12-11T04:00:00Z,0
2017-12-11T05:00:00Z,0
2017-12-11T06:00:00Z,0
2017-12-11T07:00:00Z,0.3440000116825104
2017-12-11T08:00:00Z,0.6880000233650208
2017-12-11T09:00:00Z,1.0320000648498535
2017-12-11T10:00:00Z,0.6880000233650208
2017-12-11T11:00:00Z,0.3440000116825104
2017-12-11T12:00:00Z,0
2017-12-11T13:00:00Z,1.152000069618225
2017-12-11T14:00:00Z,2.312000036239624
2017-12-11T15:00:00Z,3.4640002250671387
2017-12-11T16:00:00Z,2.312000036239624
2017-12-11T17:00:00Z,1.152000069618225
2017-12-11T18:00:00Z,0
2017-12-11T19:00:00Z,0
2017-12-11T20:00:00Z,0
2017-12-11T21:00:00Z,0
2017-12-11T22:00:00Z,0
2017-12-11T23:00:00Z,0
2017-12-12T00:00:00Z,0
2017-12-12T01:00:00Z,0
2017-12-12T02:00:00Z,0
2017-12-12T03:00:00Z,0
2017-12-12T04:00:00Z,0
2017-12-12T05:00:00Z,0
2017-12-12T06:00:00Z,0
2017-12-12T07:00:00Z,0
2017-12-12T08:00:00Z,0
2017-12-12T09:00:00Z,0
2017-12-12T10:00:00Z,0
2017-12-12T11:00:00Z,0
2017-12-12T12:00:00Z,0
2017-12-12T13:00:00Z,3.500000238418579
2017-12-12T14:00:00Z,6.992000102996826
2017-12-12T15:00:00Z,10.492000579833984
2017-12-12T16:00:00Z,13.480000495910645
2017-12-12T17:00:00Z,16.472000122070313
2017-12-12T18:00:00Z,19.464000701904297
2017-12-12T19:00:00Z,15.768000602722168
2017-12-12T20:00:00Z,12.072000503540039
2017-12-12T21:00:00Z,8.384000778198242
2017-12-12T22:00:00Z,9.568000793457031
2017-12-12T23:00:00Z,10.760000228881836
2017-12-13T00:00:00Z,11.940000534057617
2017-12-13T01:00:00Z,7.960000514984131
2017-12-13T02:00:00Z,3.9800002574920654
2017-12-13T03:00:00Z,0
2017-12-13T04:00:00Z,0
2017-12-13T05:00:00Z,0
2017-12-13T06:00:00Z,0
2017-12-13T07:00:00Z,0
2017-12-13T08:00:00Z,0
2017-12-13T09:00:00Z,0
2017-12-13T10:00:00Z,0
2017-12-13T11:00:00Z,0
2017-12-13T12:00:00Z,0
2017-12-13T13:00:00Z,1.8720000982284546
2017-12-13T14:00:00Z,3.752000093460083
2017-12-13T15:00:00Z,5.624000072479248
2017-12-13T16:00:00Z,3.752000093460083
2017-12-13T17:00:00Z,1.8720000982284546
2017-12-13T18:00:00Z,0
2017-12-13T19:00:00Z,0
2017-12-13T20:00:00Z,0
2017-12-13T21:00:00Z,0
2017-12-13T22:00:00Z,0
2017-12-13T23:00:00Z,0
2017-12-14T00:00:00Z,0
2017-12-14T01:00:00Z,0
2017-12-14T02:00:00Z,0
2017-12-14T03:00:00Z,0
2017-12-14T04:00:00Z,0
2017-12-14T05:00:00Z,0
2017-12-14T06:00:00Z,0
2017-12-14T07:00:00Z,0
2017-12-14T08:00:00Z,0
2017-12-14T09:00:00Z,0
2017-12-14T10:00:00Z,0
2017-12-14T11:00:00Z,0
2017-12-14T12:00:00Z,0
2017-12-14T13:00:00Z,0
2017-12-14T14:00:00Z,0
2017-12-14T15:00:00Z,0
2017-12-14T16:00:00Z,0
2017-12-14T17:00:00Z,0
2017-12-14T18:00:00Z,0
2017-12-14T19:00:00Z,0
2017-12-14T20:00:00Z,0
2017-12-14T21:00:00Z,0
2017-12-14T22:00:00Z,0
2017-12-14T23:00:00Z,0
2017-12-15T00:00:00Z,0
2017-12-15T01:00:00Z,0
2017-12-15T02:00:00Z,0
2017-12-15T03:00:00Z,0
2017-12-15T04:00:00Z,0
2017-12-15T05:00:00Z,0
2017-12-15T06:00:00Z,0
2017-12-15T07:00:00Z,0
2017-12-15T08:00:00Z,0
2017-12-15T09:00:00Z,0
2017-12-15T10:00:00Z,0
2017-12-15T11:00:00Z,0
2017-12-15T12:00:00Z,0
2017-12-15T13:00:00Z,0
2017-12-15T14:00:00Z,0
2017-12-15T15:00:00Z,0
2017-12-15T16:00:00Z,0
2017-12-15T17:00:00Z,0
2017-12-15T18:00:00Z,0
2017-12-15T19:00:00Z,0
2017-12-15T20:00:00Z,0
2017-12-15T21:00:00Z,0
2017-12-15T22:00:00Z,0
2017-12-15T23:00:00Z,0
2017-12-16T00:00:00Z,0
2017-12-16T01:00:00Z,0
2017-12-16T02:00:00Z,0
2017-12-16T03:00:00Z,0
2017-12-16T04:00:00Z,0
2017-12-16T05:00:00Z,0
2017-12-16T06:00:00Z,0
2017-12-16T07:00:00Z,0
2017-12-16T08:00:00Z,0
2017-12-16T09:00:00Z,0
2017-12-16T10:00:00Z,0
2017-12-16T11:00:00Z,0
2017-12-16T12:00:00Z,0
2017-12-16T13:00:00Z,0
2017-12-16T14:00:00Z,0
2017-12-16T15:00:00Z,0
2017-12-16T16:00:00Z,0
2017-12-16T17:00:00Z,0
2017-12-16T18:00:00Z,0
2017-12-16T19:00:00Z,2.1520001888275146
2017-12-16T20:00:00Z,4.288000106811523
2017-12-16T21:00:00Z,6.440000534057617
2017-12-16T22:00:00Z,10.304000854492188
2017-12-16T23:00:00Z,14.176000595092773
2017-12-17T00:00:00Z,18.04800033569336
2017-12-17T01:00:00Z,12.04800033569336
2017-12-17T02:00:00Z,6.016000270843506
2017-12-17T03:00:00Z,0
2017-12-17T04:00:00Z,0
2017-12-17T05:00:00Z,0
2017-12-17T06:00:00Z,0
2017-12-17T07:00:00Z,0
2017-12-17T08:00:00Z,0
2017-12-17T09:00:00Z,0
2017-12-17T10:00:00Z,0
2017-12-17T11:00:00Z,0
2017-12-17T12:00:00Z,0
2017-12-17T13:00:00Z,0
2017-12-17T14:00:00Z,0
2017-12-17T15:00:00Z,0
2017-12-17T16:00:00Z,0
2017-12-17T17:00:00Z,0
2017-12-17T18:00:00Z,0
2017-12-17T19:00:00Z,0
2017-12-17T20:00:00Z,0
2017-12-17T21:00:00Z,0
2017-12-17T22:00:00Z,0
2017-12-17T23:00:00Z,0
2017-12-18T00:00:00Z,0
2017-12-18T01:00:00Z,0
2017-12-18T02:00:00Z,0
2017-12-18T03:00:00Z,0
2017-12-18T04:00:00Z,0
2017-12-18T05:00:00Z,0
2017-12-18T06:00:00Z,0
2017-12-18T07:00:00Z,0
2017-12-18T08:00:00Z,0
2017-12-18T09:00:00Z,0
2017-12-18T10:00:00Z,0
2017-12-18T11:00:00Z,0
2017-12-18T12:00:00Z,0
2017-12-18T13:00:00Z,0
2017-12-18T14:00:00Z,0
2017-12-18T15:00:00Z,0
2017-12-18T16:00:00Z,0
2017-12-18T17:00:00Z,0
2017-12-18T18:00:00Z,0
2017-12-18T19:00:00Z,0
2017-12-18T20:00:00Z,0
2017-12-18T21:00:00Z,0
2017-12-18T22:00:00Z,0
2017-12-18T23:00:00Z,0
2017-12-19T00:00:00Z,0
2017-12-19T01:00:00Z,0
2017-12-19T02:00:00Z,0
2017-12-19T03:00:00Z,0
2017-12-19T04:00:00Z,0
2017-12-19T05:00:00Z,0
2017-12-19T06:00:00Z,0
2017-12-19T07:00:00Z,0
2017-12-19T08:00:00Z,0
2017-12-19T09:00:00Z,0
2017-12-19T10:00:00Z,1.152000069618225
2017-12-19T11:00:00Z,2.30400013923645
2017-12-19T12:00:00Z,3.4560000896453857
2017-12-19T13:00:00Z,2.30400013923645
2017-12-19T14:00:00Z,1.152000069618225
2017-12-19T15:00:00Z,0
2017-12-19T16:00:00Z,0
2017-12-19T17:00:00Z,0
2017-12-19T18:00:00Z,0
2017-12-19T19:00:00Z,0
2017-12-19T20:00:00Z,0
2017-12-19T21:00:00Z,0
2017-12-19T22:00:00Z,0
2017-12-19T23:00:00Z,0
2017-12-20T00:00:00Z,0
2017-12-20T01:00:00Z,1.3440001010894775
2017-12-20T02:00:00Z,2.6560001373291016
2017-12-20T03:00:00Z,4
2017-12-20T04:00:00Z,8.144000053405762
2017-12-20T05:00:00Z,12.288000106811523
2017-12-20T06:00:00Z,16.447999954223633
2017-12-20T07:00:00Z,17.248001098632813
2017-12-20T08:00:00Z,18.064001083374023
2017-12-20T09:00:00Z,18.880001068115234
2017-12-20T10:00:00Z,14.368000984191895
2017-12-20T11:00:00Z,9.88800048828125
2017-12-20T12:00:00Z,5.408000469207764
2017-12-20T13:00:00Z,15.648000717163086
2017-12-20T14:00:00Z,25.88800048828125
2017-12-20T15:00:00Z,36.112003326416016
2017-12-20T16:00:00Z,30.09600067138672
2017-12-20T17:00:00Z,24.064001083374023
2017-12-20T18:00:00Z,18.064001083374023
2017-12-20T19:00:00Z,20.400001525878906
2017-12-20T20:00:00Z,22.73600196838379
2017-12-20T21:00:00Z,25.088001251220703
2017-12-20T22:00:00Z,20.04800033569336
2017-12-20T23:00:00Z,15.024001121520996
2017-12-21T00:00:00Z,10
2017-12-21T01:00:00Z,6.672000408172607
2017-12-21T02:00:00Z,3.328000068664551
2017-12-21T03:00:00Z,0
2017-12-21T04:00:00Z,0
2017-12-21T05:00:00Z,0
2017-12-21T06:00:00Z,0
2017-12-21T07:00:00Z,0
2017-12-21T08:00:00Z,0
2017-12-21T09:00:00Z,0
2017-12-21T10:00:00Z,0
2017-12-21T11:00:00Z,0
2017-12-21T12:00:00Z,0
2017-12-21T13:00:00Z,0
2017-12-21T14:00:00Z,0
2017-12-21T15:00:00Z,0
2017-12-21T16:00:00Z,0
2017-12-21T17:00:00Z,0
2017-12-21T18:00:00Z,0
2017-12-21T19:00:00Z,0
2017-12-21T20:00:00Z,0
2017-12-21T21:00:00Z,0
2017-12-21T22:00:00Z,0
2017-12-21T23:00:00Z,0
2017-12-22T00:00:00Z,0
2017-12-22T01:00:00Z,0
2017-12-22T02:00:00Z,0
2017-12-22T03:00:00Z,0
2017-12-22T04:00:00Z,0
2017-12-22T05:00:00Z,0
2017-12-22T06:00:00Z,0
2017-12-22T07:00:00Z,0
2017-12-22T08:00:00Z,0
2017-12-22T09:00:00Z,0
2017-12-22T10:00:00Z,0
2017-12-22T11:00:00Z,0
2017-12-22T12:00:00Z,0
2017-12-22T13:00:00Z,0
2017-12-22T14:00:00Z,0
2017-12-22T15:00:00Z,0
2017-12-22T16:00:00Z,0
2017-12-22T17:00:00Z,0
2017-12-22T18:00:00Z,0
2017-12-22T19:00:00Z,0
2017-12-22T20:00:00Z,0
2017-12-22T21:00:00Z,0
2017-12-22T22:00:00Z,0
2017-12-22T23:00:00Z,0
2017-12-23T00:00:00Z,0
2017-12-23T01:00:00Z,0
2017-12-23T02:00:00Z,0
2017-12-23T03:00:00Z,0
2017-12-23T04:00:00Z,0
2017-12-23T05:00:00Z,0
2017-12-23T06:00:00Z,0
2017-12-23T07:00:00Z,0
2017-12-23T08:00:00Z,0
2017-12-23T09:00:00Z,0
2017-12-23T10:00:00Z,0
2017-12-23T11:00:00Z,0
2017-12-23T12:00:00Z,0
2017-12-23T13:00:00Z,0
2017-12-23T14:00:00Z,0
2017-12-23T15:00:00Z,0
2017-12-23T16:00:00Z,0
2017-12-23T17:00:00Z,0
2017-12-23T18:00:00Z,0
2017-12-23T19:00:00Z,0
2017-12-23T20:00:00Z,0
2017-12-23T21:00:00Z,0
2017-12-23T22:00:00Z,0
2017-12-23T23:00:00Z,0
2017-12-24T00:00:00Z,0
2017-12-24T01:00:00Z,0
2017-12-24T02:00:00Z,0
2017-12-24T03:00:00Z,0
2017-12-24T04:00:00Z,0
2017-12-24T05:00:00Z,0
2017-12-24T06:00:00Z,0
2017-12-24T07:00:00Z,0
2017-12-24T08:00:00Z,0
2017-12-24T09:00:00Z,0
2017-12-24T10:00:00Z,0
2017-12-24T11:00:00Z,0
2017-12-24T12:00:00Z,0
2017-12-24T13:00:00Z,0
2017-12-24T14:00:00Z,0
2017-12-24T15:00:00Z,0
2017-12-24T16:00:00Z,0
2017-12-24T17:00:00Z,0
2017-12-24T18:00:00Z,0
2017-12-24T19:00:00Z,0
2017-12-24T20:00:00Z,0
2017-12-24T21:00:00Z,0
2017-12-24T22:00:00Z,0
2017-12-24T23:00:00Z,0
2017-12-25T00:00:00Z,0
2017-12-25T01:00:00Z,0
2017-12-25T02:00:00Z,0
2017-12-25T03:00:00Z,0
2017-12-25T04:00:00Z,0
2017-12-25T05:00:00Z,0
2017-12-25T06:00:00Z,0
2017-12-25T07:00:00Z,8.848000526428223
2017-12-25T08:00:00Z,17.696001052856445
2017-12-25T09:00:00Z,26.54400062561035
2017-12-25T10:00:00Z,27.87200164794922
2017-12-25T11:00:00Z,29.216001510620117
2017-12-25T12:00:00Z,30.54400062561035
2017-12-25T13:00:00Z,27.840002059936523
2017-12-25T14:00:00Z,25.152000427246094
2017-12-25T15:00:00Z,22.4320011138916
2017-12-25T16:00:00Z,17.088001251220703
2017-12-25T17:00:00Z,11.7760009765625
2017-12-25T18:00:00Z,6.432000160217285
2017-12-25T19:00:00Z,10.432000160217285
2017-12-25T20:00:00Z,14.40000057220459
2017-12-25T21:00:00Z,18.368000030517578
2017-12-25T22:00:00Z,12.256000518798828
2017-12-25T23:00:00Z,6.144000053405762
2017-12-26T00:00:00Z,0
2017-12-26T01:00:00Z,3.328000068664551
2017-12-26T02:00:00Z,6.656000137329102
2017-12-26T03:00:00Z,10.016000747680664
2017-12-26T04:00:00Z,13.344000816345215
2017-12-26T05:00:00Z,16.672000885009766
2017-12-26T06:00:00Z,20
2017-12-26T07:00:00Z,13.344000816345215
2017-12-26T08:00:00Z,6.656000137329102
2017-12-26T09:00:00Z,0
2017-12-26T10:00:00Z,0
2017-12-26T11:00:00Z,0
2017-12-26T12:00:00Z,0
2017-12-26T13:00:00Z,3.328000068664551
2017-12-26T14:00:00Z,6.656000137329102
2017-12-26T15:00:00Z,10.016000747680664
2017-12-26T16:00:00Z,7.808000564575195
2017-12-26T17:00:00Z,5.63200044631958
2017-12-26T18:00:00Z,3.4560000896453857
2017-12-26T19:00:00Z,2.30400013923645
2017-12-26T20:00:00Z,1.152000069618225
2017-12-26T21:00:00Z,0
2017-12-26T22:00:00Z,0
2017-12-26T23:00:00Z,0
2017-12-27T00:00:00Z,0
2017-12-27T01:00:00Z,0
2017-12-27T02:00:00Z,0
2017-12-27T03:00:00Z,0
2017-12-27T04:00:00Z,0
2017-12-27T05:00:00Z,0
2017-12-27T06:00:00Z,0
2017-12-27T07:00:00Z,0
2017-12-27T08:00:00Z,0
2017-12-27T09:00:00Z,0
2017-12-27T10:00:00Z,0
2017-12-27T11:00:00Z,0
2017-12-27T12:00:00Z,0
2017-12-27T13:00:00Z,0
2017-12-27T14:00:00Z,0
2017-12-27T15:00:00Z,0
2017-12-27T16:00:00Z,2.688000202178955
2017-12-27T17:00:00Z,5.37600040435791
2017-12-27T18:00:00Z,8.064000129699707
2017-12-27T19:00:00Z,6.528000354766846
2017-12-27T20:00:00Z,4.992000102996826
2017-12-27T21:00:00Z,3.4560000896453857
2017-12-27T22:00:00Z,3.2960002422332764
2017-12-27T23:00:00Z,3.136000156402588
2017-12-28T00:00:00Z,2.9760000705718994
2017-12-28T01:00:00Z,5.328000068664551
2017-12-28T02:00:00Z,7.664000511169434
2017-12-28T03:00:00Z,10
2017-12-28T04:00:00Z,6.672000408172607
2017-12-28T05:00:00Z,3.328000068664551
2017-12-28T06:00:00Z,0
2017-12-28T07:00:00Z,0
2017-12-28T08:00:00Z,0
2017-12-28T09:00:00Z,0
2017-12-28T10:00:00Z,0
2017-12-28T11:00:00Z,0
2017-12-28T12:00:00Z,0
2017-12-28T13:00:00Z,0
2017-12-28T14:00:00Z,0
2017-12-28T15:00:00Z,0
2017-12-28T16:00:00Z,0
2017-12-28T17:00:00Z,0
2017-12-28T18:00:00Z,0
2017-12-28T19:00:00Z,0
2017-12-28T20:00:00Z,0
2017-12-28T21:00:00Z,0
2017-12-28T22:00:00Z,0
2017-12-28T23:00:00Z,0
2017-12-29T00:00:00Z,0
2017-12-29T01:00:00Z,0
2017-12-29T02:00:00Z,0
2017-12-29T03:00:00Z,0
2017-12-29T04:00:00Z,0
2017-12-29T05:00:00Z,0
2017-12-29T06:00:00Z,0
2017-12-29T07:00:00Z,0
2017-12-29T08:00:00Z,0
2017-12-29T09:00:00Z,0
2017-12-29T10:00:00Z,0
2017-12-29T11:00:00Z,0
2017-12-29T12:00:00Z,0
2017-12-29T13:00:00Z,0
2017-12-29T14:00:00Z,0
2017-12-29T15:00:00Z,0
2017-12-29T16:00:00Z,0
2017-12-29T17:00:00Z,0
2017-12-29T18:00:00Z,0
2017-12-29T19:00:00Z,0
2017-12-29T20:00:00Z,0
2017-12-29T21:00:00Z,0
2017-12-29T22:00:00Z,0
2017-12-29T23:00:00Z,0
2017-12-30T00:00:00Z,0
2017-12-30T01:00:00Z,0
2017-12-30T02:00:00Z,0
2017-12-30T03:00:00Z,0
2017-12-30T04:00:00Z,0
2017-12-30T05:00:00Z,0
2017-12-30T06:00:00Z,0
2017-12-30T07:00:00Z,0
2017-12-30T08:00:00Z,0
2017-12-30T09:00:00Z,0
2017-12-30T10:00:00Z,0
2017-12-30T11:00:00Z,0
2017-12-30T12:00:00Z,0
2017-12-30T13:00:00Z,0
2017-12-30T14:00:00Z,0
2017-12-30T15:00:00Z,0
2017-12-30T16:00:00Z,0
2017-12-30T17:00:00Z,0
2017-12-30T18:00:00Z,0
2017-12-30T19:00:00Z,0
2017-12-30T20:00:00Z,0
2017-12-30T21:00:00Z,0
2017-12-30T22:00:00Z,0
2017-12-30T23:00:00Z,0
2017-12-31T00:00:00Z,0
2017-12-31T01:00:00Z,3.328000068664551
2017-12-31T02:00:00Z,6.672000408172607
2017-12-31T03:00:00Z,10
2017-12-31T04:00:00Z,8.815999984741211
2017-12-31T05:00:00Z,7.616000175476074
2017-12-31T06:00:00Z,6.448000431060791
2017-12-31T07:00:00Z,4.288000106811523
2017-12-31T08:00:00Z,2.1440000534057617
2017-12-31T09:00:00Z,0
2017-12-31T10:00:00Z,0
2017-12-31T11:00:00Z,0
2017-12-31T12:00:00Z,0
2017-12-31T13:00:00Z,0
2017-12-31T14:00:00Z,0
2017-12-31T15:00:00Z,0
2017-12-31T16:00:00Z,0
2017-12-31T17:00:00Z,0
2017-12-31T18:00:00Z,0
2017-12-31T19:00:00Z,0
2017-12-31T20:00:00Z,0
2017-12-31T21:00:00Z,0
2017-12-31T22:00:00Z,0
2017-12-31T23:00:00Z,0
