dateTime,SWdown
2021-01-01 00:00:00,0
2021-01-01 01:00:00,0
2021-01-01 02:00:00,0
2021-01-01 03:00:00,0
2021-01-01 04:00:00,0
2021-01-01 05:00:00,0
2021-01-01 06:00:00,0
2021-01-01 07:00:00,0
2021-01-01 08:00:00,0
2021-01-01 09:00:00,0
2021-01-01 10:00:00,0
2021-01-01 11:00:00,0
2021-01-01 12:00:00,0
2021-01-01 13:00:00,72.11600494384766
2021-01-01 14:00:00,193.77601623535156
2021-01-01 15:00:00,313.4720153808594
2021-01-01 16:00:00,393.5840148925781
2021-01-01 17:00:00,437.2580261230469
2021-01-01 18:00:00,360.8910217285156
2021-01-01 19:00:00,288.66900634765625
2021-01-01 20:00:00,193.31300354003903
2021-01-01 21:00:00,50.832000732421875
2021-01-01 22:00:00,0
2021-01-01 23:00:00,0
2021-01-02 00:00:00,0
2021-01-02 01:00:00,0
2021-01-02 02:00:00,0
2021-01-02 03:00:00,0
2021-01-02 04:00:00,0
2021-01-02 05:00:00,0
2021-01-02 06:00:00,0
2021-01-02 07:00:00,0
2021-01-02 08:00:00,0
2021-01-02 09:00:00,0
2021-01-02 10:00:00,0
2021-01-02 11:00:00,0
2021-01-02 12:00:00,0
2021-01-02 13:00:00,29.088001251220703
2021-01-02 14:00:00,78.32000732421875
2021-01-02 15:00:00,211.36001586914065
2021-01-02 16:00:00,265.552001953125
2021-01-02 17:00:00,295.2220153808594
2021-01-02 18:00:00,362.4820251464844
2021-01-02 19:00:00,290.4220275878906
2021-01-02 20:00:00,195.2050018310547
2021-01-02 21:00:00,43.53600311279297
2021-01-02 22:00:00,0
2021-01-02 23:00:00,0
2021-01-03 00:00:00,0
2021-01-03 01:00:00,0
2021-01-03 02:00:00,0
2021-01-03 03:00:00,0
2021-01-03 04:00:00,0
2021-01-03 05:00:00,0
2021-01-03 06:00:00,0
2021-01-03 07:00:00,0
2021-01-03 08:00:00,0
2021-01-03 09:00:00,0
2021-01-03 10:00:00,0
2021-01-03 11:00:00,0
2021-01-03 12:00:00,0
2021-01-03 13:00:00,64.6760025024414
2021-01-03 14:00:00,174.37600708007813
2021-01-03 15:00:00,156.60800170898438
2021-01-03 16:00:00,196.864013671875
2021-01-03 17:00:00,219.02500915527344
2021-01-03 18:00:00,159.84600830078125
2021-01-03 19:00:00,128.281005859375
2021-01-03 20:00:00,86.54600524902344
2021-01-03 21:00:00,21.472000122070313
2021-01-03 22:00:00,0
2021-01-03 23:00:00,0
2021-01-04 00:00:00,0
2021-01-04 01:00:00,0
2021-01-04 02:00:00,0
2021-01-04 03:00:00,0
2021-01-04 04:00:00,0
2021-01-04 05:00:00,0
2021-01-04 06:00:00,0
2021-01-04 07:00:00,0
2021-01-04 08:00:00,0
2021-01-04 09:00:00,0
2021-01-04 10:00:00,0
2021-01-04 11:00:00,0
2021-01-04 12:00:00,0
2021-01-04 13:00:00,26.832000732421875
2021-01-04 14:00:00,72.384002685546875
2021-01-04 15:00:00,135.0240020751953
2021-01-04 16:00:00,169.82400512695313
2021-01-04 17:00:00,189.06201171875
2021-01-04 18:00:00,204.3260040283203
2021-01-04 19:00:00,164.25900268554688
2021-01-04 20:00:00,111.24700164794922
2021-01-04 21:00:00,37.87200164794922
2021-01-04 22:00:00,0
2021-01-04 23:00:00,0
2021-01-05 00:00:00,0
2021-01-05 01:00:00,0
2021-01-05 02:00:00,0
2021-01-05 03:00:00,0
2021-01-05 04:00:00,0
2021-01-05 05:00:00,0
2021-01-05 06:00:00,0
2021-01-05 07:00:00,0
2021-01-05 08:00:00,0
2021-01-05 09:00:00,0
2021-01-05 10:00:00,0
2021-01-05 11:00:00,0
2021-01-05 12:00:00,0
2021-01-05 13:00:00,33.88800048828125
2021-01-05 14:00:00,91.39200592041016
2021-01-05 15:00:00,146.7840118408203
2021-01-05 16:00:00,184.70401000976565
2021-01-05 17:00:00,205.76101684570313
2021-01-05 18:00:00,186.77500915527344
2021-01-05 19:00:00,150.4130096435547
2021-01-05 20:00:00,102.2620086669922
2021-01-05 21:00:00,34.336002349853516
2021-01-05 22:00:00,0
2021-01-05 23:00:00,0
2021-01-06 00:00:00,0
2021-01-06 01:00:00,0
2021-01-06 02:00:00,0
2021-01-06 03:00:00,0
2021-01-06 04:00:00,0
2021-01-06 05:00:00,0
2021-01-06 06:00:00,0
2021-01-06 07:00:00,0
2021-01-06 08:00:00,0
2021-01-06 09:00:00,0
2021-01-06 10:00:00,0
2021-01-06 11:00:00,0
2021-01-06 12:00:00,0
2021-01-06 13:00:00,57.68000411987305
2021-01-06 14:00:00,155.38400268554688
2021-01-06 15:00:00,270.9440002441406
2021-01-06 16:00:00,341.0560302734375
2021-01-06 17:00:00,380.18902587890625
2021-01-06 18:00:00,324.739013671875
2021-01-06 19:00:00,261.9700012207031
2021-01-06 20:00:00,178.82901000976565
2021-01-06 21:00:00,46.480003356933594
2021-01-06 22:00:00,0
2021-01-06 23:00:00,0
2021-01-07 00:00:00,0
2021-01-07 01:00:00,0
2021-01-07 02:00:00,0
2021-01-07 03:00:00,0
2021-01-07 04:00:00,0
2021-01-07 05:00:00,0
2021-01-07 06:00:00,0
2021-01-07 07:00:00,0
2021-01-07 08:00:00,0
2021-01-07 09:00:00,0
2021-01-07 10:00:00,0
2021-01-07 11:00:00,0
2021-01-07 12:00:00,0
2021-01-07 13:00:00,66.73200225830078
2021-01-07 14:00:00,179.42401123046875
2021-01-07 15:00:00,313.18402099609375
2021-01-07 16:00:00,394.3680114746094
2021-01-07 17:00:00,439.8650207519531
2021-01-07 18:00:00,402.239013671875
2021-01-07 19:00:00,325.06201171875
2021-01-07 20:00:00,222.76600646972656
2021-01-07 21:00:00,54.68800354003906
2021-01-07 22:00:00,0
2021-01-07 23:00:00,0
2021-01-08 00:00:00,0
2021-01-08 01:00:00,0
2021-01-08 02:00:00,0
2021-01-08 03:00:00,0
2021-01-08 04:00:00,0
2021-01-08 05:00:00,0
2021-01-08 06:00:00,0
2021-01-08 07:00:00,0
2021-01-08 08:00:00,0
2021-01-08 09:00:00,0
2021-01-08 10:00:00,0
2021-01-08 11:00:00,0
2021-01-08 12:00:00,0
2021-01-08 13:00:00,74.26800537109375
2021-01-08 14:00:00,199.15200805664065
2021-01-08 15:00:00,330.3840026855469
2021-01-08 16:00:00,416.1280212402344
2021-01-08 17:00:00,464.3930358886719
2021-01-08 18:00:00,413.0060119628906
2021-01-08 19:00:00,334.3550109863281
2021-01-08 20:00:00,230.0430145263672
2021-01-08 21:00:00,65.20000457763672
2021-01-08 22:00:00,0
2021-01-08 23:00:00,0
2021-01-09 00:00:00,0
2021-01-09 01:00:00,0
2021-01-09 02:00:00,0
2021-01-09 03:00:00,0
2021-01-09 04:00:00,0
2021-01-09 05:00:00,0
2021-01-09 06:00:00,0
2021-01-09 07:00:00,0
2021-01-09 08:00:00,0
2021-01-09 09:00:00,0
2021-01-09 10:00:00,0
2021-01-09 11:00:00,0
2021-01-09 12:00:00,0
2021-01-09 13:00:00,58.060001373291016
2021-01-09 14:00:00,155.16000366210938
2021-01-09 15:00:00,168.76800537109375
2021-01-09 16:00:00,212.60801696777344
2021-01-09 17:00:00,237.3990173339844
2021-01-09 18:00:00,231.09800720214844
2021-01-09 19:00:00,187.4200134277344
2021-01-09 20:00:00,129.47100830078125
2021-01-09 21:00:00,42.592002868652344
2021-01-09 22:00:00,0
2021-01-09 23:00:00,0
2021-01-10 00:00:00,0
2021-01-10 01:00:00,0
2021-01-10 02:00:00,0
2021-01-10 03:00:00,0
2021-01-10 04:00:00,0
2021-01-10 05:00:00,0
2021-01-10 06:00:00,0
2021-01-10 07:00:00,0
2021-01-10 08:00:00,0
2021-01-10 09:00:00,0
2021-01-10 10:00:00,0
2021-01-10 11:00:00,0
2021-01-10 12:00:00,0
2021-01-10 13:00:00,75.84000396728516
2021-01-10 14:00:00,201.83201599121097
2021-01-10 15:00:00,322.8480224609375
2021-01-10 16:00:00,406.7840270996094
2021-01-10 17:00:00,454.4500122070313
2021-01-10 18:00:00,384.3210144042969
2021-01-10 19:00:00,312.2250061035156
2021-01-10 20:00:00,216.54600524902344
2021-01-10 21:00:00,66.832000732421875
2021-01-10 22:00:00,0
2021-01-10 23:00:00,0
2021-01-11 00:00:00,0
2021-01-11 01:00:00,0
2021-01-11 02:00:00,0
2021-01-11 03:00:00,0
2021-01-11 04:00:00,0
2021-01-11 05:00:00,0
2021-01-11 06:00:00,0
2021-01-11 07:00:00,0
2021-01-11 08:00:00,0
2021-01-11 09:00:00,0
2021-01-11 10:00:00,0
2021-01-11 11:00:00,0
2021-01-11 12:00:00,0
2021-01-11 13:00:00,69.67200469970703
2021-01-11 14:00:00,184.52000427246097
2021-01-11 15:00:00,218.09600830078125
2021-01-11 16:00:00,274.8000183105469
2021-01-11 17:00:00,307.1490173339844
2021-01-11 18:00:00,149.635009765625
2021-01-11 19:00:00,121.79400634765624
2021-01-11 20:00:00,84.81200408935547
2021-01-11 21:00:00,39.02400207519531
2021-01-11 22:00:00,0
2021-01-11 23:00:00,0
2021-01-12 00:00:00,0
2021-01-12 01:00:00,0
2021-01-12 02:00:00,0
2021-01-12 03:00:00,0
2021-01-12 04:00:00,0
2021-01-12 05:00:00,0
2021-01-12 06:00:00,0
2021-01-12 07:00:00,0
2021-01-12 08:00:00,0
2021-01-12 09:00:00,0
2021-01-12 10:00:00,0
2021-01-12 11:00:00,0
2021-01-12 12:00:00,0
2021-01-12 13:00:00,74.9320068359375
2021-01-12 14:00:00,197.3440093994141
2021-01-12 15:00:00,275.9840087890625
2021-01-12 16:00:00,347.760009765625
2021-01-12 17:00:00,388.8800048828125
2021-01-12 18:00:00,335.6750183105469
2021-01-12 19:00:00,273.6850280761719
2021-01-12 20:00:00,191.3380126953125
2021-01-12 21:00:00,65.5040054321289
2021-01-12 22:00:00,0
2021-01-12 23:00:00,0
2021-01-13 00:00:00,0
2021-01-13 01:00:00,0
2021-01-13 02:00:00,0
2021-01-13 03:00:00,0
2021-01-13 04:00:00,0
2021-01-13 05:00:00,0
2021-01-13 06:00:00,0
2021-01-13 07:00:00,0
2021-01-13 08:00:00,0
2021-01-13 09:00:00,0
2021-01-13 10:00:00,0
2021-01-13 11:00:00,0
2021-01-13 12:00:00,0
2021-01-13 13:00:00,64.29600524902344
2021-01-13 14:00:00,168.2880096435547
2021-01-13 15:00:00,253.36001586914065
2021-01-13 16:00:00,319.2480163574219
2021-01-13 17:00:00,357.13702392578125
2021-01-13 18:00:00,330.8260192871094
2021-01-13 19:00:00,270.1930236816406
2021-01-13 20:00:00,189.67300415039065
2021-01-13 21:00:00,67.26399993896484
2021-01-13 22:00:00,0
2021-01-13 23:00:00,0
2021-01-14 00:00:00,0
2021-01-14 01:00:00,0
2021-01-14 02:00:00,0
2021-01-14 03:00:00,0
2021-01-14 04:00:00,0
2021-01-14 05:00:00,0
2021-01-14 06:00:00,0
2021-01-14 07:00:00,0
2021-01-14 08:00:00,0
2021-01-14 09:00:00,0
2021-01-14 10:00:00,0
2021-01-14 11:00:00,0
2021-01-14 12:00:00,0
2021-01-14 13:00:00,54.73200225830078
2021-01-14 14:00:00,142.27200317382813
2021-01-14 15:00:00,177.6160125732422
2021-01-14 16:00:00,223.77601623535156
2021-01-14 17:00:00,250.43600463867188
2021-01-14 18:00:00,218.864013671875
2021-01-14 19:00:00,179.0690155029297
2021-01-14 20:00:00,126.19600677490234
2021-01-14 21:00:00,42.33600234985352
2021-01-14 22:00:00,0
2021-01-14 23:00:00,0
2021-01-15 00:00:00,0
2021-01-15 01:00:00,0
2021-01-15 02:00:00,0
2021-01-15 03:00:00,0
2021-01-15 04:00:00,0
2021-01-15 05:00:00,0
2021-01-15 06:00:00,0
2021-01-15 07:00:00,0
2021-01-15 08:00:00,0
2021-01-15 09:00:00,0
2021-01-15 10:00:00,0
2021-01-15 11:00:00,0
2021-01-15 12:00:00,0
2021-01-15 13:00:00,78.50800323486328
2021-01-15 14:00:00,202.56800842285156
2021-01-15 15:00:00,318.4640197753906
2021-01-15 16:00:00,401.1520080566406
2021-01-15 17:00:00,449.12200927734375
2021-01-15 18:00:00,394.3660278320313
2021-01-15 19:00:00,323.2330017089844
2021-01-15 20:00:00,228.7060089111328
2021-01-15 21:00:00,79.36000061035156
2021-01-15 22:00:00,0
2021-01-15 23:00:00,0
2021-01-16 00:00:00,0
2021-01-16 01:00:00,0
2021-01-16 02:00:00,0
2021-01-16 03:00:00,0
2021-01-16 04:00:00,0
2021-01-16 05:00:00,0
2021-01-16 06:00:00,0
2021-01-16 07:00:00,0
2021-01-16 08:00:00,0
2021-01-16 09:00:00,0
2021-01-16 10:00:00,0
2021-01-16 11:00:00,0
2021-01-16 12:00:00,0
2021-01-16 13:00:00,21.788000106811523
2021-01-16 14:00:00,55.7760009765625
2021-01-16 15:00:00,105.16800689697266
2021-01-16 16:00:00,132.4320068359375
2021-01-16 17:00:00,148.32000732421875
2021-01-16 18:00:00,242.46701049804688
2021-01-16 19:00:00,199.0860137939453
2021-01-16 20:00:00,141.427001953125
2021-01-16 21:00:00,60.62400436401367
2021-01-16 22:00:00,0
2021-01-16 23:00:00,0
2021-01-17 00:00:00,0
2021-01-17 01:00:00,0
2021-01-17 02:00:00,0
2021-01-17 03:00:00,0
2021-01-17 04:00:00,0
2021-01-17 05:00:00,0
2021-01-17 06:00:00,0
2021-01-17 07:00:00,0
2021-01-17 08:00:00,0
2021-01-17 09:00:00,0
2021-01-17 10:00:00,0
2021-01-17 11:00:00,0
2021-01-17 12:00:00,0
2021-01-17 13:00:00,54.78000259399414
2021-01-17 14:00:00,139.03201293945313
2021-01-17 15:00:00,181.87200927734375
2021-01-17 16:00:00,228.97601318359375
2021-01-17 17:00:00,256.5080261230469
2021-01-17 18:00:00,277.26800537109375
2021-01-17 19:00:00,228.05001831054688
2021-01-17 20:00:00,162.6400146484375
2021-01-17 21:00:00,71.16800689697266
2021-01-17 22:00:00,0
2021-01-17 23:00:00,0
2021-01-18 00:00:00,0
2021-01-18 01:00:00,0
2021-01-18 02:00:00,0
2021-01-18 03:00:00,0
2021-01-18 04:00:00,0
2021-01-18 05:00:00,0
2021-01-18 06:00:00,0
2021-01-18 07:00:00,0
2021-01-18 08:00:00,0
2021-01-18 09:00:00,0
2021-01-18 10:00:00,0
2021-01-18 11:00:00,0
2021-01-18 12:00:00,0
2021-01-18 13:00:00,44.952003479003906
2021-01-18 14:00:00,113.07200622558594
2021-01-18 15:00:00,224.52801513671875
2021-01-18 16:00:00,282.5760192871094
2021-01-18 17:00:00,316.6510009765625
2021-01-18 18:00:00,278.96099853515625
2021-01-18 19:00:00,229.8350067138672
2021-01-18 20:00:00,164.5540008544922
2021-01-18 21:00:00,64.06400299072266
2021-01-18 22:00:00,0
2021-01-18 23:00:00,0
2021-01-19 00:00:00,0
2021-01-19 01:00:00,0
2021-01-19 02:00:00,0
2021-01-19 03:00:00,0
2021-01-19 04:00:00,0
2021-01-19 05:00:00,0
2021-01-19 06:00:00,0
2021-01-19 07:00:00,0
2021-01-19 08:00:00,0
2021-01-19 09:00:00,0
2021-01-19 10:00:00,0
2021-01-19 11:00:00,0
2021-01-19 12:00:00,0
2021-01-19 13:00:00,31.32400131225586
2021-01-19 14:00:00,78.0560073852539
2021-01-19 15:00:00,185.29600524902344
2021-01-19 16:00:00,233.12001037597656
2021-01-19 17:00:00,261.2840270996094
2021-01-19 18:00:00,227.04901123046875
2021-01-19 19:00:00,187.3780059814453
2021-01-19 20:00:00,134.67001342773438
2021-01-19 21:00:00,46.78400039672851
2021-01-19 22:00:00,0
2021-01-19 23:00:00,0
2021-01-20 00:00:00,0
2021-01-20 01:00:00,0
2021-01-20 02:00:00,0
2021-01-20 03:00:00,0
2021-01-20 04:00:00,0
2021-01-20 05:00:00,0
2021-01-20 06:00:00,0
2021-01-20 07:00:00,0
2021-01-20 08:00:00,0
2021-01-20 09:00:00,0
2021-01-20 10:00:00,0
2021-01-20 11:00:00,0
2021-01-20 12:00:00,0
2021-01-20 13:00:00,20.468000411987305
2021-01-20 14:00:00,50.50400161743164
2021-01-20 15:00:00,175.34400939941406
2021-01-20 16:00:00,220.4960174560547
2021-01-20 17:00:00,247.1840057373047
2021-01-20 18:00:00,279.2550048828125
2021-01-20 19:00:00,230.8520050048828
2021-01-20 20:00:00,166.54800415039065
2021-01-20 21:00:00,76.14400482177734
2021-01-20 22:00:00,0
2021-01-20 23:00:00,0
2021-01-21 00:00:00,0
2021-01-21 01:00:00,0
2021-01-21 02:00:00,0
2021-01-21 03:00:00,0
2021-01-21 04:00:00,0
2021-01-21 05:00:00,0
2021-01-21 06:00:00,0
2021-01-21 07:00:00,0
2021-01-21 08:00:00,0
2021-01-21 09:00:00,0
2021-01-21 10:00:00,0
2021-01-21 11:00:00,0
2021-01-21 12:00:00,0
2021-01-21 13:00:00,72.46000671386719
2021-01-21 14:00:00,176.9840087890625
2021-01-21 15:00:00,230.80001831054688
2021-01-21 16:00:00,290.08001708984375
2021-01-21 17:00:00,325.24102783203125
2021-01-21 18:00:00,319.0160217285156
2021-01-21 19:00:00,264.16400146484375
2021-01-21 20:00:00,191.3000030517578
2021-01-21 21:00:00,91.488006591796875
2021-01-21 22:00:00,0
2021-01-21 23:00:00,0
2021-01-22 00:00:00,0
2021-01-22 01:00:00,0
2021-01-22 02:00:00,0
2021-01-22 03:00:00,0
2021-01-22 04:00:00,0
2021-01-22 05:00:00,0
2021-01-22 06:00:00,0
2021-01-22 07:00:00,0
2021-01-22 08:00:00,0
2021-01-22 09:00:00,0
2021-01-22 10:00:00,0
2021-01-22 11:00:00,0
2021-01-22 12:00:00,0
2021-01-22 13:00:00,37.880001068115234
2021-01-22 14:00:00,91.552001953125
2021-01-22 15:00:00,186.7200164794922
2021-01-22 16:00:00,234.5600128173828
2021-01-22 17:00:00,263.0220031738281
2021-01-22 18:00:00,212.37001037597656
2021-01-22 19:00:00,176.135009765625
2021-01-22 20:00:00,128.0290069580078
2021-01-22 21:00:00,63.68000411987305
2021-01-22 22:00:00,0
2021-01-22 23:00:00,0
2021-01-23 00:00:00,0
2021-01-23 01:00:00,0
2021-01-23 02:00:00,0
2021-01-23 03:00:00,0
2021-01-23 04:00:00,0
2021-01-23 05:00:00,0
2021-01-23 06:00:00,0
2021-01-23 07:00:00,0
2021-01-23 08:00:00,0
2021-01-23 09:00:00,0
2021-01-23 10:00:00,0
2021-01-23 11:00:00,0
2021-01-23 12:00:00,0
2021-01-23 13:00:00,53.83600234985352
2021-01-23 14:00:00,128.72801208496094
2021-01-23 15:00:00,205.0080108642578
2021-01-23 16:00:00,257.3600158691406
2021-01-23 17:00:00,288.63201904296875
2021-01-23 18:00:00,363.6340026855469
2021-01-23 19:00:00,302.0740051269531
2021-01-23 20:00:00,220.39700317382813
2021-01-23 21:00:00,101.8560028076172
2021-01-23 22:00:00,0
2021-01-23 23:00:00,0
2021-01-24 00:00:00,0
2021-01-24 01:00:00,0
2021-01-24 02:00:00,0
2021-01-24 03:00:00,0
2021-01-24 04:00:00,0
2021-01-24 05:00:00,0
2021-01-24 06:00:00,0
2021-01-24 07:00:00,0
2021-01-24 08:00:00,0
2021-01-24 09:00:00,0
2021-01-24 10:00:00,0
2021-01-24 11:00:00,0
2021-01-24 12:00:00,0
2021-01-24 13:00:00,98.4320068359375
2021-01-24 14:00:00,232.80001831054688
2021-01-24 15:00:00,368.0480041503906
2021-01-24 16:00:00,461.72802734375
2021-01-24 17:00:00,517.873046875
2021-01-24 18:00:00,462.6070251464844
2021-01-24 19:00:00,384.91802978515625
2021-01-24 20:00:00,281.8550109863281
2021-01-24 21:00:00,111.42400360107422
2021-01-24 22:00:00,0
2021-01-24 23:00:00,0
2021-01-25 00:00:00,0
2021-01-25 01:00:00,0
2021-01-25 02:00:00,0
2021-01-25 03:00:00,0
2021-01-25 04:00:00,0
2021-01-25 05:00:00,0
2021-01-25 06:00:00,0
2021-01-25 07:00:00,0
2021-01-25 08:00:00,0
2021-01-25 09:00:00,0
2021-01-25 10:00:00,0
2021-01-25 11:00:00,0
2021-01-25 12:00:00,0
2021-01-25 13:00:00,76.72400665283203
2021-01-25 14:00:00,179.4320068359375
2021-01-25 15:00:00,306.99200439453125
2021-01-25 16:00:00,384.864013671875
2021-01-25 17:00:00,431.68902587890625
2021-01-25 18:00:00,454.5520324707031
2021-01-25 19:00:00,378.7990112304687
2021-01-25 20:00:00,278.3730163574219
2021-01-25 21:00:00,131.56800842285156
2021-01-25 22:00:00,0
2021-01-25 23:00:00,0
2021-01-26 00:00:00,0
2021-01-26 01:00:00,0
2021-01-26 02:00:00,0
2021-01-26 03:00:00,0
2021-01-26 04:00:00,0
2021-01-26 05:00:00,0
2021-01-26 06:00:00,0
2021-01-26 07:00:00,0
2021-01-26 08:00:00,0
2021-01-26 09:00:00,0
2021-01-26 10:00:00,0
2021-01-26 11:00:00,0
2021-01-26 12:00:00,0
2021-01-26 13:00:00,33.98400115966797
2021-01-26 14:00:00,78.5840072631836
2021-01-26 15:00:00,85.0560073852539
2021-01-26 16:00:00,106.54400634765624
2021-01-26 17:00:00,119.50700378417967
2021-01-26 18:00:00,93.7310028076172
2021-01-26 19:00:00,78.2280044555664
2021-01-26 20:00:00,57.698001861572266
2021-01-26 21:00:00,29.98400115966797
2021-01-26 22:00:00,0
2021-01-26 23:00:00,0
2021-01-27 00:00:00,0
2021-01-27 01:00:00,0
2021-01-27 02:00:00,0
2021-01-27 03:00:00,0
2021-01-27 04:00:00,0
2021-01-27 05:00:00,0
2021-01-27 06:00:00,0
2021-01-27 07:00:00,0
2021-01-27 08:00:00,0
2021-01-27 09:00:00,0
2021-01-27 10:00:00,0
2021-01-27 11:00:00,0
2021-01-27 12:00:00,0
2021-01-27 13:00:00,42.93600082397461
2021-01-27 14:00:00,98.13600158691406
2021-01-27 15:00:00,139.15200805664065
2021-01-27 16:00:00,174.17601013183594
2021-01-27 17:00:00,195.3780059814453
2021-01-27 18:00:00,201.9410095214844
2021-01-27 19:00:00,168.79200744628906
2021-01-27 20:00:00,124.92000579833984
2021-01-27 21:00:00,62.08000183105469
2021-01-27 22:00:00,0
2021-01-27 23:00:00,0
2021-01-28 00:00:00,0
2021-01-28 01:00:00,0
2021-01-28 02:00:00,0
2021-01-28 03:00:00,0
2021-01-28 04:00:00,0
2021-01-28 05:00:00,0
2021-01-28 06:00:00,0
2021-01-28 07:00:00,0
2021-01-28 08:00:00,0
2021-01-28 09:00:00,0
2021-01-28 10:00:00,0
2021-01-28 11:00:00,0
2021-01-28 12:00:00,0
2021-01-28 13:00:00,84.06000518798828
2021-01-28 14:00:00,189.9200134277344
2021-01-28 15:00:00,292.54400634765625
2021-01-28 16:00:00,365.87200927734375
2021-01-28 17:00:00,410.3600158691406
2021-01-28 18:00:00,407.4520263671875
2021-01-28 19:00:00,341.0890197753906
2021-01-28 20:00:00,253.27001953125
2021-01-28 21:00:00,122.44800567626952
2021-01-28 22:00:00,0
2021-01-28 23:00:00,0
2021-01-29 00:00:00,0
2021-01-29 01:00:00,0
2021-01-29 02:00:00,0
2021-01-29 03:00:00,0
2021-01-29 04:00:00,0
2021-01-29 05:00:00,0
2021-01-29 06:00:00,0
2021-01-29 07:00:00,0
2021-01-29 08:00:00,0
2021-01-29 09:00:00,0
2021-01-29 10:00:00,0
2021-01-29 11:00:00,0
2021-01-29 12:00:00,0
2021-01-29 13:00:00,76.46000671386719
2021-01-29 14:00:00,170.74400329589844
2021-01-29 15:00:00,255.0880126953125
2021-01-29 16:00:00,318.75201416015625
2021-01-29 17:00:00,357.4850158691406
2021-01-29 18:00:00,469.5070190429687
2021-01-29 19:00:00,393.6130065917969
2021-01-29 20:00:00,293.2610168457031
2021-01-29 21:00:00,127.8080062866211
2021-01-29 22:00:00,1.440000057220459
2021-01-29 23:00:00,0
2021-01-30 00:00:00,0
2021-01-30 01:00:00,0
2021-01-30 02:00:00,0
2021-01-30 03:00:00,0
2021-01-30 04:00:00,0
2021-01-30 05:00:00,0
2021-01-30 06:00:00,0
2021-01-30 07:00:00,0
2021-01-30 08:00:00,0
2021-01-30 09:00:00,0
2021-01-30 10:00:00,0
2021-01-30 11:00:00,0
2021-01-30 12:00:00,0
2021-01-30 13:00:00,111.70000457763672
2021-01-30 14:00:00,246.50401306152344
2021-01-30 15:00:00,390.9440307617187
2021-01-30 16:00:00,488.0480346679687
2021-01-30 17:00:00,547.30999755859375
2021-01-30 18:00:00,502.7990112304687
2021-01-30 19:00:00,422.135009765625
2021-01-30 20:00:00,315.5420227050781
2021-01-30 21:00:00,131.15200805664065
2021-01-30 22:00:00,4.3520002365112305
2021-01-30 23:00:00,0
2021-01-31 00:00:00,0
2021-01-31 01:00:00,0
2021-01-31 02:00:00,0
2021-01-31 03:00:00,0
2021-01-31 04:00:00,0
2021-01-31 05:00:00,0
2021-01-31 06:00:00,0
2021-01-31 07:00:00,0
2021-01-31 08:00:00,0
2021-01-31 09:00:00,0
2021-01-31 10:00:00,0
2021-01-31 11:00:00,0
2021-01-31 12:00:00,0
2021-01-31 13:00:00,114.14800262451172
2021-01-31 14:00:00,248.9600067138672
2021-01-31 15:00:00,358.0320129394531
2021-01-31 16:00:00,446.54400634765625
2021-01-31 17:00:00,500.6950378417969
2021-01-31 18:00:00,432.7060241699219
2021-01-31 19:00:00,363.79400634765625
2021-01-31 20:00:00,272.8080139160156
2021-01-31 21:00:00,131.6320037841797
2021-01-31 22:00:00,7.152000427246094
2021-01-31 23:00:00,0
2021-02-01 00:00:00,0
2021-02-01 01:00:00,0
2021-02-01 02:00:00,0
2021-02-01 03:00:00,0
2021-02-01 04:00:00,0
2021-02-01 05:00:00,0
2021-02-01 06:00:00,0
2021-02-01 07:00:00,0
2021-02-01 08:00:00,0
2021-02-01 09:00:00,0
2021-02-01 10:00:00,0
2021-02-01 11:00:00,0
2021-02-01 12:00:00,0
2021-02-01 13:00:00,39.948001861572266
2021-02-01 14:00:00,86.10400390625
2021-02-01 15:00:00,172.70401000976565
2021-02-01 16:00:00,219.0880126953125
2021-02-01 17:00:00,232.4510040283203
2021-02-01 18:00:00,226.52700805664065
2021-02-01 19:00:00,187.89100646972656
2021-02-01 20:00:00,135.3830108642578
2021-02-01 21:00:00,69.57600402832031
2021-02-01 22:00:00,5.200000286102295
2021-02-01 23:00:00,0
2021-02-02 00:00:00,0
2021-02-02 01:00:00,0
2021-02-02 02:00:00,0
2021-02-02 03:00:00,0
2021-02-02 04:00:00,0
2021-02-02 05:00:00,0
2021-02-02 06:00:00,0
2021-02-02 07:00:00,0
2021-02-02 08:00:00,0
2021-02-02 09:00:00,0
2021-02-02 10:00:00,0
2021-02-02 11:00:00,0
2021-02-02 12:00:00,0
2021-02-02 13:00:00,43.992000579833984
2021-02-02 14:00:00,93.720001220703125
2021-02-02 15:00:00,120.24000549316406
2021-02-02 16:00:00,152.36801147460938
2021-02-02 17:00:00,161.6490020751953
2021-02-02 18:00:00,157.6890106201172
2021-02-02 19:00:00,130.97100830078125
2021-02-02 20:00:00,94.66200256347656
2021-02-02 21:00:00,49.29300308227539
2021-02-02 22:00:00,4.640000343322754
2021-02-02 23:00:00,0
2021-02-03 00:00:00,0
2021-02-03 01:00:00,0
2021-02-03 02:00:00,0
2021-02-03 03:00:00,0
2021-02-03 04:00:00,0
2021-02-03 05:00:00,0
2021-02-03 06:00:00,0
2021-02-03 07:00:00,0
2021-02-03 08:00:00,0
2021-02-03 09:00:00,0
2021-02-03 10:00:00,0
2021-02-03 11:00:00,0
2021-02-03 12:00:00,0
2021-02-03 13:00:00,38.92000198364258
2021-02-03 14:00:00,81.9280014038086
2021-02-03 15:00:00,130.5120086669922
2021-02-03 16:00:00,165.21600341796875
2021-02-03 17:00:00,175.23300170898438
2021-02-03 18:00:00,187.9810028076172
2021-02-03 19:00:00,156.32701110839844
2021-02-03 20:00:00,113.33800506591795
2021-02-03 21:00:00,64.05900573730469
2021-02-03 22:00:00,7.248000144958496
2021-02-03 23:00:00,0
2021-02-04 00:00:00,0
2021-02-04 01:00:00,0
2021-02-04 02:00:00,0
2021-02-04 03:00:00,0
2021-02-04 04:00:00,0
2021-02-04 05:00:00,0
2021-02-04 06:00:00,0
2021-02-04 07:00:00,0
2021-02-04 08:00:00,0
2021-02-04 09:00:00,0
2021-02-04 10:00:00,0
2021-02-04 11:00:00,0
2021-02-04 12:00:00,0
2021-02-04 13:00:00,88.220001220703125
2021-02-04 14:00:00,183.5600128173828
2021-02-04 15:00:00,366.864013671875
2021-02-04 16:00:00,463.8880310058594
2021-02-04 17:00:00,491.8990173339844
2021-02-04 18:00:00,522.26702880859375
2021-02-04 19:00:00,434.8800354003906
2021-02-04 20:00:00,316.2480163574219
2021-02-04 21:00:00,142.27000427246094
2021-02-04 22:00:00,18.6560001373291
2021-02-04 23:00:00,0
2021-02-05 00:00:00,0
2021-02-05 01:00:00,0
2021-02-05 02:00:00,0
2021-02-05 03:00:00,0
2021-02-05 04:00:00,0
2021-02-05 05:00:00,0
2021-02-05 06:00:00,0
2021-02-05 07:00:00,0
2021-02-05 08:00:00,0
2021-02-05 09:00:00,0
2021-02-05 10:00:00,0
2021-02-05 11:00:00,0
2021-02-05 12:00:00,0
2021-02-05 13:00:00,51.0880012512207
2021-02-05 14:00:00,105.08000183105467
2021-02-05 15:00:00,200.14401245117188
2021-02-05 16:00:00,252.80001831054688
2021-02-05 17:00:00,268.0039978027344
2021-02-05 18:00:00,459.7840270996094
2021-02-05 19:00:00,383.3360290527344
2021-02-05 20:00:00,279.5760192871094
2021-02-05 21:00:00,141.16500854492188
2021-02-05 22:00:00,20.976001739501953
2021-02-05 23:00:00,0
2021-02-06 00:00:00,0
2021-02-06 01:00:00,0
2021-02-06 02:00:00,0
2021-02-06 03:00:00,0
2021-02-06 04:00:00,0
2021-02-06 05:00:00,0
2021-02-06 06:00:00,0
2021-02-06 07:00:00,0
2021-02-06 08:00:00,0
2021-02-06 09:00:00,0
2021-02-06 10:00:00,0
2021-02-06 11:00:00,0
2021-02-06 12:00:00,0
2021-02-06 13:00:00,84.608001708984375
2021-02-06 14:00:00,172.0240020751953
2021-02-06 15:00:00,294.52801513671875
2021-02-06 16:00:00,371.5680236816406
2021-02-06 17:00:00,393.8080139160156
2021-02-06 18:00:00,450.7820129394531
2021-02-06 19:00:00,376.2740173339844
2021-02-06 20:00:00,275.2060241699219
2021-02-06 21:00:00,138.3570098876953
2021-02-06 22:00:00,22.88000106811523
2021-02-06 23:00:00,0
2021-02-07 00:00:00,0
2021-02-07 01:00:00,0
2021-02-07 02:00:00,0
2021-02-07 03:00:00,0
2021-02-07 04:00:00,0
2021-02-07 05:00:00,0
2021-02-07 06:00:00,0
2021-02-07 07:00:00,0
2021-02-07 08:00:00,0
2021-02-07 09:00:00,0
2021-02-07 10:00:00,0
2021-02-07 11:00:00,0
2021-02-07 12:00:00,0
2021-02-07 13:00:00,99.64000701904295
2021-02-07 14:00:00,200.2800140380859
2021-02-07 15:00:00,274.4960021972656
2021-02-07 16:00:00,345.9040222167969
2021-02-07 17:00:00,366.489013671875
2021-02-07 18:00:00,334.6750183105469
2021-02-07 19:00:00,279.6850280761719
2021-02-07 20:00:00,205.1420135498047
2021-02-07 21:00:00,107.9560089111328
2021-02-07 22:00:00,19.584001541137695
2021-02-07 23:00:00,0
2021-02-08 00:00:00,0
2021-02-08 01:00:00,0
2021-02-08 02:00:00,0
2021-02-08 03:00:00,0
2021-02-08 04:00:00,0
2021-02-08 05:00:00,0
2021-02-08 06:00:00,0
2021-02-08 07:00:00,0
2021-02-08 08:00:00,0
2021-02-08 09:00:00,0
2021-02-08 10:00:00,0
2021-02-08 11:00:00,0
2021-02-08 12:00:00,0
2021-02-08 13:00:00,142.96400451660156
2021-02-08 14:00:00,284.1200256347656
2021-02-08 15:00:00,398.4800109863281
2021-02-08 16:00:00,501.5270385742187
2021-02-08 17:00:00,531.217041015625
2021-02-08 18:00:00,429.43402099609375
2021-02-08 19:00:00,359.2980041503906
2021-02-08 20:00:00,264.2430114746094
2021-02-08 21:00:00,109.79000854492188
2021-02-08 22:00:00,21.632001876831055
2021-02-08 23:00:00,0
2021-02-09 00:00:00,0
2021-02-09 01:00:00,0
2021-02-09 02:00:00,0
2021-02-09 03:00:00,0
2021-02-09 04:00:00,0
2021-02-09 05:00:00,0
2021-02-09 06:00:00,0
2021-02-09 07:00:00,0
2021-02-09 08:00:00,0
2021-02-09 09:00:00,0
2021-02-09 10:00:00,0
2021-02-09 11:00:00,0
2021-02-09 12:00:00,0
2021-02-09 13:00:00,77
2021-02-09 14:00:00,151.32000732421875
2021-02-09 15:00:00,205.0080108642578
2021-02-09 16:00:00,257.7020263671875
2021-02-09 17:00:00,272.8580017089844
2021-02-09 18:00:00,125.7790069580078
2021-02-09 19:00:00,105.35400390625
2021-02-09 20:00:00,77.68800354003906
2021-02-09 21:00:00,45.428001403808594
2021-02-09 22:00:00,9.632000923156738
2021-02-09 23:00:00,0
2021-02-10 00:00:00,0
2021-02-10 01:00:00,0
2021-02-10 02:00:00,0
2021-02-10 03:00:00,0
2021-02-10 04:00:00,0
2021-02-10 05:00:00,0
2021-02-10 06:00:00,0
2021-02-10 07:00:00,0
2021-02-10 08:00:00,0
2021-02-10 09:00:00,0
2021-02-10 10:00:00,0
2021-02-10 11:00:00,0
2021-02-10 12:00:00,0
2021-02-10 13:00:00,151.92800903320313
2021-02-10 14:00:00,295.2799987792969
2021-02-10 15:00:00,425.4080200195313
2021-02-10 16:00:00,534.092041015625
2021-02-10 17:00:00,565.3160400390625
2021-02-10 18:00:00,535.85504150390625
2021-02-10 19:00:00,449.3360290527344
2021-02-10 20:00:00,332.2060241699219
2021-02-10 21:00:00,165.1490020751953
2021-02-10 22:00:00,37.39200210571289
2021-02-10 23:00:00,0
2021-02-11 00:00:00,0
2021-02-11 01:00:00,0
2021-02-11 02:00:00,0
2021-02-11 03:00:00,0
2021-02-11 04:00:00,0
2021-02-11 05:00:00,0
2021-02-11 06:00:00,0
2021-02-11 07:00:00,0
2021-02-11 08:00:00,0
2021-02-11 09:00:00,0
2021-02-11 10:00:00,0
2021-02-11 11:00:00,0
2021-02-11 12:00:00,0
2021-02-11 13:00:00,59.99200439453125
2021-02-11 14:00:00,115.3280029296875
2021-02-11 15:00:00,269.0559997558594
2021-02-11 16:00:00,337.37200927734375
2021-02-11 17:00:00,356.9770202636719
2021-02-11 18:00:00,446.56103515625
2021-02-11 19:00:00,374.8470153808594
2021-02-11 20:00:00,277.85101318359375
2021-02-11 21:00:00,160.6070098876953
2021-02-11 22:00:00,38.608001708984375
2021-02-11 23:00:00,0
2021-02-12 00:00:00,0
2021-02-12 01:00:00,0
2021-02-12 02:00:00,0
2021-02-12 03:00:00,0
2021-02-12 04:00:00,0
2021-02-12 05:00:00,0
2021-02-12 06:00:00,0
2021-02-12 07:00:00,0
2021-02-12 08:00:00,0
2021-02-12 09:00:00,0
2021-02-12 10:00:00,0
2021-02-12 11:00:00,0
2021-02-12 12:00:00,0
2021-02-12 13:00:00,152.80801391601565
2021-02-12 14:00:00,290.61602783203125
2021-02-12 15:00:00,320.97601318359375
2021-02-12 16:00:00,401.947021484375
2021-02-12 17:00:00,425.1300354003906
2021-02-12 18:00:00,286.52001953125
2021-02-12 19:00:00,240.75100708007813
2021-02-12 20:00:00,178.88900756835938
2021-02-12 21:00:00,91.1820068359375
2021-02-12 22:00:00,23.136001586914063
2021-02-12 23:00:00,0
2021-02-13 00:00:00,0
2021-02-13 01:00:00,0
2021-02-13 02:00:00,0
2021-02-13 03:00:00,0
2021-02-13 04:00:00,0
2021-02-13 05:00:00,0
2021-02-13 06:00:00,0
2021-02-13 07:00:00,0
2021-02-13 08:00:00,0
2021-02-13 09:00:00,0
2021-02-13 10:00:00,0
2021-02-13 11:00:00,0
2021-02-13 12:00:00,0
2021-02-13 13:00:00,156.3920135498047
2021-02-13 14:00:00,294.2960205078125
2021-02-13 15:00:00,278.09600830078125
2021-02-13 16:00:00,347.8060302734375
2021-02-13 17:00:00,367.7040100097656
2021-02-13 18:00:00,254.36801147460935
2021-02-13 19:00:00,213.96400451660156
2021-02-13 20:00:00,159.36500549316406
2021-02-13 21:00:00,81.2300033569336
2021-02-13 22:00:00,21.66400146484375
2021-02-13 23:00:00,0
2021-02-14 00:00:00,0
2021-02-14 01:00:00,0
2021-02-14 02:00:00,0
2021-02-14 03:00:00,0
2021-02-14 04:00:00,0
2021-02-14 05:00:00,0
2021-02-14 06:00:00,0
2021-02-14 07:00:00,0
2021-02-14 08:00:00,0
2021-02-14 09:00:00,0
2021-02-14 10:00:00,0
2021-02-14 11:00:00,0
2021-02-14 12:00:00,0.9320000410079956
2021-02-14 13:00:00,79.35200500488281
2021-02-14 14:00:00,147.760009765625
2021-02-14 15:00:00,214.5600128173828
2021-02-14 16:00:00,267.9830017089844
2021-02-14 17:00:00,283.197021484375
2021-02-14 18:00:00,338.1070251464844
2021-02-14 19:00:00,284.6549987792969
2021-02-14 20:00:00,212.52601623535156
2021-02-14 21:00:00,138.7360076904297
2021-02-14 22:00:00,38.73600006103515
2021-02-14 23:00:00,0
2021-02-15 00:00:00,0
2021-02-15 01:00:00,0
2021-02-15 02:00:00,0
2021-02-15 03:00:00,0
2021-02-15 04:00:00,0
2021-02-15 05:00:00,0
2021-02-15 06:00:00,0
2021-02-15 07:00:00,0
2021-02-15 08:00:00,0
2021-02-15 09:00:00,0
2021-02-15 10:00:00,0
2021-02-15 11:00:00,0
2021-02-15 12:00:00,1.880000114440918
2021-02-15 13:00:00,55.94400405883789
2021-02-15 14:00:00,103.10400390625
2021-02-15 15:00:00,106.41600799560548
2021-02-15 16:00:00,132.739013671875
2021-02-15 17:00:00,140.2150115966797
2021-02-15 18:00:00,152.72500610351565
2021-02-15 19:00:00,128.70700073242188
2021-02-15 20:00:00,96.32600402832033
2021-02-15 21:00:00,60.880001068115234
2021-02-15 22:00:00,17.72800064086914
2021-02-15 23:00:00,0
2021-02-16 00:00:00,0
2021-02-16 01:00:00,0
2021-02-16 02:00:00,0
2021-02-16 03:00:00,0
2021-02-16 04:00:00,0
2021-02-16 05:00:00,0
2021-02-16 06:00:00,0
2021-02-16 07:00:00,0
2021-02-16 08:00:00,0
2021-02-16 09:00:00,0
2021-02-16 10:00:00,0
2021-02-16 11:00:00,0
2021-02-16 12:00:00,4.8460001945495605
2021-02-16 13:00:00,88.28800201416016
2021-02-16 14:00:00,161.07200622558594
2021-02-16 15:00:00,417.6160278320313
2021-02-16 16:00:00,520.238037109375
2021-02-16 17:00:00,549.26202392578125
2021-02-16 18:00:00,397.3520202636719
2021-02-16 19:00:00,335.156005859375
2021-02-16 20:00:00,251.38101196289065
2021-02-16 21:00:00,106.62300872802734
2021-02-16 22:00:00,32.288002014160156
2021-02-16 23:00:00,0
2021-02-17 00:00:00,0
2021-02-17 01:00:00,0
2021-02-17 02:00:00,0
2021-02-17 03:00:00,0
2021-02-17 04:00:00,0
2021-02-17 05:00:00,0
2021-02-17 06:00:00,0
2021-02-17 07:00:00,0
2021-02-17 08:00:00,0
2021-02-17 09:00:00,0
2021-02-17 10:00:00,0
2021-02-17 11:00:00,0
2021-02-17 12:00:00,13.116000175476074
2021-02-17 13:00:00,173.54400634765625
2021-02-17 14:00:00,313.4960021972656
2021-02-17 15:00:00,456.6880187988281
2021-02-17 16:00:00,568.14501953125
2021-02-17 17:00:00,599.55401611328125
2021-02-17 18:00:00,586.8380126953125
2021-02-17 19:00:00,495.4280090332031
2021-02-17 20:00:00,372.385009765625
2021-02-17 21:00:00,198.614013671875
2021-02-17 22:00:00,62.36800384521485
2021-02-17 23:00:00,0
2021-02-18 00:00:00,0
2021-02-18 01:00:00,0
2021-02-18 02:00:00,0
2021-02-18 03:00:00,0
2021-02-18 04:00:00,0
2021-02-18 05:00:00,0
2021-02-18 06:00:00,0
2021-02-18 07:00:00,0
2021-02-18 08:00:00,0
2021-02-18 09:00:00,0
2021-02-18 10:00:00,0
2021-02-18 11:00:00,0
2021-02-18 12:00:00,7.390000343322754
2021-02-18 13:00:00,77.24000549316406
2021-02-18 14:00:00,138.16000366210938
2021-02-18 15:00:00,130
2021-02-18 16:00:00,161.510009765625
2021-02-18 17:00:00,170.34901428222656
2021-02-18 18:00:00,150.6090087890625
2021-02-18 19:00:00,127.25700378417967
2021-02-18 20:00:00,95.850006103515625
2021-02-18 21:00:00,62.83900451660156
2021-02-18 22:00:00,20.416000366210938
2021-02-18 23:00:00,0
2021-02-19 00:00:00,0
2021-02-19 01:00:00,0
2021-02-19 02:00:00,0
2021-02-19 03:00:00,0
2021-02-19 04:00:00,0
2021-02-19 05:00:00,0
2021-02-19 06:00:00,0
2021-02-19 07:00:00,0
2021-02-19 08:00:00,0
2021-02-19 09:00:00,0
2021-02-19 10:00:00,0
2021-02-19 11:00:00,0
2021-02-19 12:00:00,5.426000118255615
2021-02-19 13:00:00,47.0880012512207
2021-02-19 14:00:00,83.42400360107422
2021-02-19 15:00:00,118.81600189208984
2021-02-19 16:00:00,147.4080047607422
2021-02-19 17:00:00,155.406005859375
2021-02-19 18:00:00,149.1590118408203
2021-02-19 19:00:00,126.12600708007813
2021-02-19 20:00:00,95.21500396728516
2021-02-19 21:00:00,61.47500228881836
2021-02-19 22:00:00,20.608001708984375
2021-02-19 23:00:00,0
2021-02-20 00:00:00,0
2021-02-20 01:00:00,0
2021-02-20 02:00:00,0
2021-02-20 03:00:00,0
2021-02-20 04:00:00,0
2021-02-20 05:00:00,0
2021-02-20 06:00:00,0
2021-02-20 07:00:00,0
2021-02-20 08:00:00,0
2021-02-20 09:00:00,0
2021-02-20 10:00:00,0
2021-02-20 11:00:00,0
2021-02-20 12:00:00,20.14400100708008
2021-02-20 13:00:00,150.09600830078125
2021-02-20 14:00:00,263.4320068359375
2021-02-20 15:00:00,323.7760009765625
2021-02-20 16:00:00,401.1410217285156
2021-02-20 17:00:00,422.6810302734375
2021-02-20 18:00:00,441.27301025390625
2021-02-20 19:00:00,373.4540100097656
2021-02-20 20:00:00,282.47100830078125
2021-02-20 21:00:00,152.1090087890625
2021-02-20 22:00:00,52.544002532958984
2021-02-20 23:00:00,0
2021-02-21 00:00:00,0
2021-02-21 01:00:00,0
2021-02-21 02:00:00,0
2021-02-21 03:00:00,0
2021-02-21 04:00:00,0
2021-02-21 05:00:00,0
2021-02-21 06:00:00,0
2021-02-21 07:00:00,0
2021-02-21 08:00:00,0
2021-02-21 09:00:00,0
2021-02-21 10:00:00,0
2021-02-21 11:00:00,0
2021-02-21 12:00:00,30.410001754760746
2021-02-21 13:00:00,199.2320098876953
2021-02-21 14:00:00,346.44000244140625
2021-02-21 15:00:00,498.4640197753906
2021-02-21 16:00:00,616.7130126953125
2021-02-21 17:00:00,649.47601318359375
2021-02-21 18:00:00,619.926025390625
2021-02-21 19:00:00,525.071044921875
2021-02-21 20:00:00,397.9200134277344
2021-02-21 21:00:00,214.26101684570313
2021-02-21 22:00:00,76.09600067138672
2021-02-21 23:00:00,0
2021-02-22 00:00:00,0
2021-02-22 01:00:00,0
2021-02-22 02:00:00,0
2021-02-22 03:00:00,0
2021-02-22 04:00:00,0
2021-02-22 05:00:00,0
2021-02-22 06:00:00,0
2021-02-22 07:00:00,0
2021-02-22 08:00:00,0
2021-02-22 09:00:00,0
2021-02-22 10:00:00,0
2021-02-22 11:00:00,0
2021-02-22 12:00:00,29.376001358032227
2021-02-22 13:00:00,172.2480010986328
2021-02-22 14:00:00,296.8160095214844
2021-02-22 15:00:00,312.6720275878906
2021-02-22 16:00:00,386.31402587890625
2021-02-22 17:00:00,406.6160278320313
2021-02-22 18:00:00,287.2220153808594
2021-02-22 19:00:00,243.44900512695313
2021-02-22 20:00:00,184.84901428222656
2021-02-22 21:00:00,108.29400634765624
2021-02-22 22:00:00,39.47200012207031
2021-02-22 23:00:00,0
2021-02-23 00:00:00,0
2021-02-23 01:00:00,0
2021-02-23 02:00:00,0
2021-02-23 03:00:00,0
2021-02-23 04:00:00,0
2021-02-23 05:00:00,0
2021-02-23 06:00:00,0
2021-02-23 07:00:00,0
2021-02-23 08:00:00,0
2021-02-23 09:00:00,0
2021-02-23 10:00:00,0
2021-02-23 11:00:00,0
2021-02-23 12:00:00,32.77000045776367
2021-02-23 13:00:00,174.37600708007813
2021-02-23 14:00:00,297.8240051269531
2021-02-23 15:00:00,191.3440093994141
2021-02-23 16:00:00,236.0910186767578
2021-02-23 17:00:00,248.36300659179688
2021-02-23 18:00:00,137.1510009765625
2021-02-23 19:00:00,116.3290023803711
2021-02-23 20:00:00,88.50000762939453
2021-02-23 21:00:00,55.28900146484375
2021-02-23 22:00:00,20.6560001373291
2021-02-23 23:00:00,0
2021-02-24 00:00:00,0
2021-02-24 01:00:00,0
2021-02-24 02:00:00,0
2021-02-24 03:00:00,0
2021-02-24 04:00:00,0
2021-02-24 05:00:00,0
2021-02-24 06:00:00,0
2021-02-24 07:00:00,0
2021-02-24 08:00:00,0
2021-02-24 09:00:00,0
2021-02-24 10:00:00,0
2021-02-24 11:00:00,0
2021-02-24 12:00:00,37.67400360107422
2021-02-24 13:00:00,183.9600067138672
2021-02-24 14:00:00,311.4560241699219
2021-02-24 15:00:00,466.08001708984375
2021-02-24 16:00:00,574.239013671875
2021-02-24 17:00:00,603.76800537109375
2021-02-24 18:00:00,578.08203125
2021-02-24 19:00:00,490.6880187988281
2021-02-24 20:00:00,373.9540100097656
2021-02-24 21:00:00,217.5650177001953
2021-02-24 22:00:00,83.21600341796875
2021-02-24 23:00:00,0
2021-02-25 00:00:00,0
2021-02-25 01:00:00,0
2021-02-25 02:00:00,0
2021-02-25 03:00:00,0
2021-02-25 04:00:00,0
2021-02-25 05:00:00,0
2021-02-25 06:00:00,0
2021-02-25 07:00:00,0
2021-02-25 08:00:00,0
2021-02-25 09:00:00,0
2021-02-25 10:00:00,0
2021-02-25 11:00:00,0
2021-02-25 12:00:00,47.9900016784668
2021-02-25 13:00:00,216.968017578125
2021-02-25 14:00:00,364.2240295410156
2021-02-25 15:00:00,510.1280212402344
2021-02-25 16:00:00,627.64105224609375
2021-02-25 17:00:00,659.53204345703125
2021-02-25 18:00:00,629.1710205078125
2021-02-25 19:00:00,534.41204833984375
2021-02-25 20:00:00,408.00201416015625
2021-02-25 21:00:00,224.02301025390625
2021-02-25 22:00:00,87.600006103515625
2021-02-25 23:00:00,0
2021-02-26 00:00:00,0
2021-02-26 01:00:00,0
2021-02-26 02:00:00,0
2021-02-26 03:00:00,0
2021-02-26 04:00:00,0
2021-02-26 05:00:00,0
2021-02-26 06:00:00,0
2021-02-26 07:00:00,0
2021-02-26 08:00:00,0
2021-02-26 09:00:00,0
2021-02-26 10:00:00,0
2021-02-26 11:00:00,0
2021-02-26 12:00:00,41.71200180053711
2021-02-26 13:00:00,175.9440155029297
2021-02-26 14:00:00,292.8960266113281
2021-02-26 15:00:00,406.8000183105469
2021-02-26 16:00:00,499.8230285644531
2021-02-26 17:00:00,524.9110107421875
2021-02-26 18:00:00,587.27703857421875
2021-02-26 19:00:00,499.1460266113281
2021-02-26 20:00:00,381.7440185546875
2021-02-26 21:00:00,248.5130157470703
2021-02-26 22:00:00,99.23200225830078
2021-02-26 23:00:00,0
2021-02-27 00:00:00,0
2021-02-27 01:00:00,0
2021-02-27 02:00:00,0
2021-02-27 03:00:00,0
2021-02-27 04:00:00,0
2021-02-27 05:00:00,0
2021-02-27 06:00:00,0
2021-02-27 07:00:00,0
2021-02-27 08:00:00,0
2021-02-27 09:00:00,0
2021-02-27 10:00:00,0
2021-02-27 11:00:00,0
2021-02-27 12:00:00,15.578001022338867
2021-02-27 13:00:00,61.69600296020508
2021-02-27 14:00:00,101.86400604248048
2021-02-27 15:00:00,142.62400817871094
2021-02-27 16:00:00,174.99900817871094
2021-02-27 17:00:00,183.66900634765625
2021-02-27 18:00:00,255.9910125732422
2021-02-27 19:00:00,217.7110137939453
2021-02-27 20:00:00,166.7830047607422
2021-02-27 21:00:00,194.2340087890625
2021-02-27 22:00:00,79.10400390625
2021-02-27 23:00:00,0
2021-02-28 00:00:00,0
2021-02-28 01:00:00,0
2021-02-28 02:00:00,0
2021-02-28 03:00:00,0
2021-02-28 04:00:00,0
2021-02-28 05:00:00,0
2021-02-28 06:00:00,0
2021-02-28 07:00:00,0
2021-02-28 08:00:00,0
2021-02-28 09:00:00,0
2021-02-28 10:00:00,0
2021-02-28 11:00:00,0
2021-02-28 12:00:00,56.996002197265625
2021-02-28 13:00:00,213.0880126953125
2021-02-28 14:00:00,349.0240173339844
2021-02-28 15:00:00,423.2000122070313
2021-02-28 16:00:00,518.51800537109375
2021-02-28 17:00:00,543.89703369140625
2021-02-28 18:00:00,407.1320190429687
2021-02-28 19:00:00,346.4740295410156
2021-02-28 20:00:00,265.85302734375
2021-02-28 21:00:00,117.96200561523438
2021-02-28 22:00:00,48.96000289916992
2021-02-28 23:00:00,0
2021-03-01 00:00:00,0
2021-03-01 01:00:00,0
2021-03-01 02:00:00,0
2021-03-01 03:00:00,0
2021-03-01 04:00:00,0
2021-03-01 05:00:00,0
2021-03-01 06:00:00,0
2021-03-01 07:00:00,0
2021-03-01 08:00:00,0
2021-03-01 09:00:00,0
2021-03-01 10:00:00,0
2021-03-01 11:00:00,0
2021-03-01 12:00:00,37.93000030517578
2021-03-01 13:00:00,134.50401306152344
2021-03-01 14:00:00,222.1760101318359
2021-03-01 15:00:00,156.91200256347656
2021-03-01 16:00:00,186.51600646972656
2021-03-01 17:00:00,198.3360137939453
2021-03-01 18:00:00,521.0150146484375
2021-03-01 19:00:00,439.28802490234375
2021-03-01 20:00:00,346.6910095214844
2021-03-01 21:00:00,280.4360046386719
2021-03-01 22:00:00,118.49600219726564
2021-03-01 23:00:00,0
2021-03-02 00:00:00,0
2021-03-02 01:00:00,0
2021-03-02 02:00:00,0
2021-03-02 03:00:00,0
2021-03-02 04:00:00,0
2021-03-02 05:00:00,0
2021-03-02 06:00:00,0
2021-03-02 07:00:00,0
2021-03-02 08:00:00,0
2021-03-02 09:00:00,0
2021-03-02 10:00:00,0
2021-03-02 11:00:00,0
2021-03-02 12:00:00,76.71800231933594
2021-03-02 13:00:00,259.0880126953125
2021-03-02 14:00:00,424.7040100097656
2021-03-02 15:00:00,578.91204833984375
2021-03-02 16:00:00,687.1610107421875
2021-03-02 17:00:00,730.26800537109375
2021-03-02 18:00:00,699.873046875
2021-03-02 19:00:00,590.41705322265625
2021-03-02 20:00:00,466.6850280761719
2021-03-02 21:00:00,300.5340270996094
2021-03-02 22:00:00,129.18099975585938
2021-03-02 23:00:00,0
2021-03-03 00:00:00,0
2021-03-03 01:00:00,0
2021-03-03 02:00:00,0
2021-03-03 03:00:00,0
2021-03-03 04:00:00,0
2021-03-03 05:00:00,0
2021-03-03 06:00:00,0
2021-03-03 07:00:00,0
2021-03-03 08:00:00,0
2021-03-03 09:00:00,0
2021-03-03 10:00:00,0
2021-03-03 11:00:00,0
2021-03-03 12:00:00,78.4280014038086
2021-03-03 13:00:00,253.1760101318359
2021-03-03 14:00:00,411.9040222167969
2021-03-03 15:00:00,550.83203125
2021-03-03 16:00:00,652.925048828125
2021-03-03 17:00:00,693.467041015625
2021-03-03 18:00:00,544.9300537109375
2021-03-03 19:00:00,459.9630126953125
2021-03-03 20:00:00,364.1130065917969
2021-03-03 21:00:00,211.86300659179688
2021-03-03 22:00:00,92.55900573730467
2021-03-03 23:00:00,0
2021-03-04 00:00:00,0
2021-03-04 01:00:00,0
2021-03-04 02:00:00,0
2021-03-04 03:00:00,0
2021-03-04 04:00:00,0
2021-03-04 05:00:00,0
2021-03-04 06:00:00,0
2021-03-04 07:00:00,0
2021-03-04 08:00:00,0
2021-03-04 09:00:00,0
2021-03-04 10:00:00,0
2021-03-04 11:00:00,0
2021-03-04 12:00:00,50.08400344848633
2021-03-04 13:00:00,155.03201293945313
2021-03-04 14:00:00,250.3840179443359
2021-03-04 15:00:00,333.0240173339844
2021-03-04 16:00:00,394.2200317382813
2021-03-04 17:00:00,418.4220275878906
2021-03-04 18:00:00,527.20404052734375
2021-03-04 19:00:00,445.2240295410156
2021-03-04 20:00:00,352.9690246582031
2021-03-04 21:00:00,268.5210266113281
2021-03-04 22:00:00,119.15000915527344
2021-03-04 23:00:00,0
2021-03-05 00:00:00,0
2021-03-05 01:00:00,0
2021-03-05 02:00:00,0
2021-03-05 03:00:00,0
2021-03-05 04:00:00,0
2021-03-05 05:00:00,0
2021-03-05 06:00:00,0
2021-03-05 07:00:00,0
2021-03-05 08:00:00,0
2021-03-05 09:00:00,0
2021-03-05 10:00:00,0
2021-03-05 11:00:00,0
2021-03-05 12:00:00,87.12200164794922
2021-03-05 13:00:00,259.3440246582031
2021-03-05 14:00:00,415.85601806640625
2021-03-05 15:00:00,590.384033203125
2021-03-05 16:00:00,697.89404296875
2021-03-05 17:00:00,740.30401611328125
2021-03-05 18:00:00,714.89801025390625
2021-03-05 19:00:00,604.0260009765625
2021-03-05 20:00:00,479.5660095214844
2021-03-05 21:00:00,314.94000244140625
2021-03-05 22:00:00,141.83900451660156
2021-03-05 23:00:00,0
2021-03-06 00:00:00,0
2021-03-06 01:00:00,0
2021-03-06 02:00:00,0
2021-03-06 03:00:00,0
2021-03-06 04:00:00,0
2021-03-06 05:00:00,0
2021-03-06 06:00:00,0
2021-03-06 07:00:00,0
2021-03-06 08:00:00,0
2021-03-06 09:00:00,0
2021-03-06 10:00:00,0
2021-03-06 11:00:00,0
2021-03-06 12:00:00,62.89600372314453
2021-03-06 13:00:00,180.5120086669922
2021-03-06 14:00:00,287.42401123046875
2021-03-06 15:00:00,427.0400085449219
2021-03-06 16:00:00,504.1100158691406
2021-03-06 17:00:00,534.40802001953125
2021-03-06 18:00:00,513.0760498046875
2021-03-06 19:00:00,433.7190246582031
2021-03-06 20:00:00,344.8280029296875
2021-03-06 21:00:00,216.5150146484375
2021-03-06 22:00:00,98.906005859375
2021-03-06 23:00:00,0
2021-03-07 00:00:00,0
2021-03-07 01:00:00,0
2021-03-07 02:00:00,0
2021-03-07 03:00:00,0
2021-03-07 04:00:00,0
2021-03-07 05:00:00,0
2021-03-07 06:00:00,0
2021-03-07 07:00:00,0
2021-03-07 08:00:00,0
2021-03-07 09:00:00,0
2021-03-07 10:00:00,0
2021-03-07 11:00:00,0
2021-03-07 12:00:00,100.89600372314452
2021-03-07 13:00:00,279.8240051269531
2021-03-07 14:00:00,442.49603271484375
2021-03-07 15:00:00,592.7840576171875
2021-03-07 16:00:00,698.80206298828125
2021-03-07 17:00:00,740.34002685546875
2021-03-07 18:00:00,689.68902587890625
2021-03-07 19:00:00,583.28704833984375
2021-03-07 20:00:00,464.3810119628906
2021-03-07 21:00:00,312.8180236816406
2021-03-07 22:00:00,144.85301208496094
2021-03-07 23:00:00,0
2021-03-08 00:00:00,0
2021-03-08 01:00:00,0
2021-03-08 02:00:00,0
2021-03-08 03:00:00,0
2021-03-08 04:00:00,0
2021-03-08 05:00:00,0
2021-03-08 06:00:00,0
2021-03-08 07:00:00,0
2021-03-08 08:00:00,0
2021-03-08 09:00:00,0
2021-03-08 10:00:00,0
2021-03-08 11:00:00,0
2021-03-08 12:00:00,109.28800201416016
2021-03-08 13:00:00,293.51202392578125
2021-03-08 14:00:00,461.0400085449219
2021-03-08 15:00:00,602.34100341796875
2021-03-08 16:00:00,709.133056640625
2021-03-08 17:00:00,750.79803466796875
2021-03-08 18:00:00,718.74200439453125
2021-03-08 19:00:00,608.13702392578125
2021-03-08 20:00:00,484.7950134277344
2021-03-08 21:00:00,326.3550109863281
2021-03-08 22:00:00,153.10501098632813
2021-03-08 23:00:00,0
2021-03-09 00:00:00,0
2021-03-09 01:00:00,0
2021-03-09 02:00:00,0
2021-03-09 03:00:00,0
2021-03-09 04:00:00,0
2021-03-09 05:00:00,0
2021-03-09 06:00:00,0
2021-03-09 07:00:00,0
2021-03-09 08:00:00,0
2021-03-09 09:00:00,0
2021-03-09 10:00:00,0
2021-03-09 11:00:00,0
2021-03-09 12:00:00,102.84000396728516
2021-03-09 13:00:00,267.97601318359375
2021-03-09 14:00:00,418.176025390625
2021-03-09 15:00:00,587.9720458984375
2021-03-09 16:00:00,691.27001953125
2021-03-09 17:00:00,731.447021484375
2021-03-09 18:00:00,714.93804931640625
2021-03-09 19:00:00,605.17901611328125
2021-03-09 20:00:00,483.0770263671875
2021-03-09 21:00:00,326.78802490234375
2021-03-09 22:00:00,155.22801208496094
2021-03-09 23:00:00,0
2021-03-10 00:00:00,0
2021-03-10 01:00:00,0
2021-03-10 02:00:00,0
2021-03-10 03:00:00,0
2021-03-10 04:00:00,0
2021-03-10 05:00:00,0
2021-03-10 06:00:00,0
2021-03-10 07:00:00,0
2021-03-10 08:00:00,0
2021-03-10 09:00:00,0
2021-03-10 10:00:00,0
2021-03-10 11:00:00,0
2021-03-10 12:00:00,116.02800750732422
2021-03-10 13:00:00,293.85601806640625
2021-03-10 14:00:00,455.6160278320313
2021-03-10 15:00:00,598.0360107421875
2021-03-10 16:00:00,702.1590576171875
2021-03-10 17:00:00,742.47100830078125
2021-03-10 18:00:00,708.2650146484375
2021-03-10 19:00:00,599.78704833984375
2021-03-10 20:00:00,479.3690185546875
2021-03-10 21:00:00,321.54400634765625
2021-03-10 22:00:00,154.5800018310547
2021-03-10 23:00:00,0
2021-03-11 00:00:00,0
2021-03-11 01:00:00,0
2021-03-11 02:00:00,0
2021-03-11 03:00:00,0
2021-03-11 04:00:00,0
2021-03-11 05:00:00,0
2021-03-11 06:00:00,0
2021-03-11 07:00:00,0
2021-03-11 08:00:00,0
2021-03-11 09:00:00,0
2021-03-11 10:00:00,0
2021-03-11 11:00:00,0
2021-03-11 12:00:00,89.108001708984375
2021-03-11 13:00:00,219.68800354003903
2021-03-11 14:00:00,338.4960021972656
2021-03-11 15:00:00,334.3070068359375
2021-03-11 16:00:00,391.9880065917969
2021-03-11 17:00:00,414.239013671875
2021-03-11 18:00:00,645.11700439453125
2021-03-11 19:00:00,546.5260009765625
2021-03-11 20:00:00,437.35302734375
2021-03-11 21:00:00,273.35601806640625
2021-03-11 22:00:00,132.94400024414065
2021-03-11 23:00:00,0
2021-03-12 00:00:00,0
2021-03-12 01:00:00,0
2021-03-12 02:00:00,0
2021-03-12 03:00:00,0
2021-03-12 04:00:00,0
2021-03-12 05:00:00,0
2021-03-12 06:00:00,0
2021-03-12 07:00:00,0
2021-03-12 08:00:00,0
2021-03-12 09:00:00,0
2021-03-12 10:00:00,0
2021-03-12 11:00:00,0
2021-03-12 12:00:00,123.24800872802734
2021-03-12 13:00:00,296.2320251464844
2021-03-12 14:00:00,453.6320190429687
2021-03-12 15:00:00,610.2640380859375
2021-03-12 16:00:00,714.62200927734375
2021-03-12 17:00:00,754.7020263671875
2021-03-12 18:00:00,733.4940185546875
2021-03-12 19:00:00,621.63104248046875
2021-03-12 20:00:00,498.0400085449219
2021-03-12 21:00:00,336.06402587890625
2021-03-12 22:00:00,165.25900268554688
2021-03-12 23:00:00,0
2021-03-13 00:00:00,0
2021-03-13 01:00:00,0
2021-03-13 02:00:00,0
2021-03-13 03:00:00,0
2021-03-13 04:00:00,0
2021-03-13 05:00:00,0
2021-03-13 06:00:00,0
2021-03-13 07:00:00,0
2021-03-13 08:00:00,0
2021-03-13 09:00:00,0
2021-03-13 10:00:00,0
2021-03-13 11:00:00,0
2021-03-13 12:00:00,134.2480010986328
2021-03-13 13:00:00,315
2021-03-13 14:00:00,479.5040283203125
2021-03-13 15:00:00,627.46002197265625
2021-03-13 16:00:00,733.78302001953125
2021-03-13 17:00:00,774.44805908203125
2021-03-13 18:00:00,744.0570068359375
2021-03-13 19:00:00,630.84002685546875
2021-03-13 20:00:00,506.0000305175781
2021-03-13 21:00:00,344.8780212402344
2021-03-13 22:00:00,171.4090118408203
2021-03-13 23:00:00,0
2021-03-14 00:00:00,0
2021-03-14 01:00:00,0
2021-03-14 02:00:00,0
2021-03-14 03:00:00,0
2021-03-14 04:00:00,0
2021-03-14 05:00:00,0
2021-03-14 06:00:00,0
2021-03-14 07:00:00,0
2021-03-14 08:00:00,0
2021-03-14 09:00:00,0
2021-03-14 10:00:00,0
2021-03-14 11:00:00,0
2021-03-14 12:00:00,112.63600158691406
2021-03-14 13:00:00,258.32000732421875
2021-03-14 14:00:00,390.9280090332031
2021-03-14 15:00:00,411.6540222167969
2021-03-14 16:00:00,480.7890319824219
2021-03-14 17:00:00,507.10302734375
2021-03-14 18:00:00,550.571044921875
2021-03-14 19:00:00,466.9560241699219
2021-03-14 20:00:00,374.9830322265625
2021-03-14 21:00:00,312.0010070800781
2021-03-14 22:00:00,156.6790008544922
2021-03-14 23:00:00,0
2021-03-15 00:00:00,0
2021-03-15 01:00:00,0
2021-03-15 02:00:00,0
2021-03-15 03:00:00,0
2021-03-15 04:00:00,0
2021-03-15 05:00:00,0
2021-03-15 06:00:00,0
2021-03-15 07:00:00,0
2021-03-15 08:00:00,0
2021-03-15 09:00:00,0
2021-03-15 10:00:00,0
2021-03-15 11:00:00,0
2021-03-15 12:00:00,148.54000854492188
2021-03-15 13:00:00,333.3520202636719
2021-03-15 14:00:00,501.60003662109375
2021-03-15 15:00:00,646.32000732421875
2021-03-15 16:00:00,753.89202880859375
2021-03-15 17:00:00,794.6600341796875
2021-03-15 18:00:00,764.78302001953125
2021-03-15 19:00:00,648.863037109375
2021-03-15 20:00:00,521.6510009765625
2021-03-15 21:00:00,361.7460021972656
2021-03-15 22:00:00,183.47401428222656
2021-03-15 23:00:00,0
2021-03-16 00:00:00,0
2021-03-16 01:00:00,0
2021-03-16 02:00:00,0
2021-03-16 03:00:00,0
2021-03-16 04:00:00,0
2021-03-16 05:00:00,0
2021-03-16 06:00:00,0
2021-03-16 07:00:00,0
2021-03-16 08:00:00,0
2021-03-16 09:00:00,0
2021-03-16 10:00:00,0
2021-03-16 11:00:00,0
2021-03-16 12:00:00,114.77200317382813
2021-03-16 13:00:00,252.32000732421875
2021-03-16 14:00:00,377.5520324707031
2021-03-16 15:00:00,209.4650115966797
2021-03-16 16:00:00,244.01101684570313
2021-03-16 17:00:00,257.06201171875
2021-03-16 18:00:00,255.95701599121097
2021-03-16 19:00:00,217.22801208496097
2021-03-16 20:00:00,174.8300018310547
2021-03-16 21:00:00,230.50401306152344
2021-03-16 22:00:00,118.0300064086914
2021-03-16 23:00:00,0
2021-03-17 00:00:00,0
2021-03-17 01:00:00,0
2021-03-17 02:00:00,0
2021-03-17 03:00:00,0
2021-03-17 04:00:00,0
2021-03-17 05:00:00,0
2021-03-17 06:00:00,0
2021-03-17 07:00:00,0
2021-03-17 08:00:00,0
2021-03-17 09:00:00,0
2021-03-17 10:00:00,0
2021-03-17 11:00:00,0
2021-03-17 12:00:00,84.5840072631836
2021-03-17 13:00:00,182.3440093994141
2021-03-17 14:00:00,271.3600158691406
2021-03-17 15:00:00,400.8600158691406
2021-03-17 16:00:00,466.3960266113281
2021-03-17 17:00:00,490.9920349121094
2021-03-17 18:00:00,565.3280029296875
2021-03-17 19:00:00,479.9690246582031
2021-03-17 20:00:00,386.7040100097656
2021-03-17 21:00:00,280.5290222167969
2021-03-17 22:00:00,144.9860076904297
2021-03-17 23:00:00,0
2021-03-18 00:00:00,0
2021-03-18 01:00:00,0
2021-03-18 02:00:00,0
2021-03-18 03:00:00,0
2021-03-18 04:00:00,0
2021-03-18 05:00:00,0
2021-03-18 06:00:00,0
2021-03-18 07:00:00,0
2021-03-18 08:00:00,0
2021-03-18 09:00:00,0
2021-03-18 10:00:00,0
2021-03-18 11:00:00,0
2021-03-18 12:00:00,108.62000274658205
2021-03-18 13:00:00,230.89601135253903
2021-03-18 14:00:00,341.7920227050781
2021-03-18 15:00:00,195.62901306152344
2021-03-18 16:00:00,227.3140106201172
2021-03-18 17:00:00,239.17401123046875
2021-03-18 18:00:00,218.10000610351565
2021-03-18 19:00:00,185.23501586914065
2021-03-18 20:00:00,149.40000915527344
2021-03-18 21:00:00,114.46400451660156
2021-03-18 22:00:00,59.698001861572266
2021-03-18 23:00:00,0.5440000295639038
2021-03-19 00:00:00,0
2021-03-19 01:00:00,0
2021-03-19 02:00:00,0
2021-03-19 03:00:00,0
2021-03-19 04:00:00,0
2021-03-19 05:00:00,0
2021-03-19 06:00:00,0
2021-03-19 07:00:00,0
2021-03-19 08:00:00,0
2021-03-19 09:00:00,0
2021-03-19 10:00:00,0
2021-03-19 11:00:00,0
2021-03-19 12:00:00,168.2880096435547
2021-03-19 13:00:00,349.7840270996094
2021-03-19 14:00:00,515.0880126953125
2021-03-19 15:00:00,665.7740478515625
2021-03-19 16:00:00,772.676025390625
2021-03-19 17:00:00,812.43701171875
2021-03-19 18:00:00,783.15203857421875
2021-03-19 19:00:00,665.30303955078125
2021-03-19 20:00:00,537.125
2021-03-19 21:00:00,378.1780090332031
2021-03-19 22:00:00,198.92100524902344
2021-03-19 23:00:00,5.424000263214111
2021-03-20 00:00:00,0
2021-03-20 01:00:00,0
2021-03-20 02:00:00,0
2021-03-20 03:00:00,0
2021-03-20 04:00:00,0
2021-03-20 05:00:00,0
2021-03-20 06:00:00,0
2021-03-20 07:00:00,0
2021-03-20 08:00:00,0
2021-03-20 09:00:00,0
2021-03-20 10:00:00,0
2021-03-20 11:00:00,0
2021-03-20 12:00:00,172.5360107421875
2021-03-20 13:00:00,352.5600280761719
2021-03-20 14:00:00,516.55999755859375
2021-03-20 15:00:00,664.4630126953125
2021-03-20 16:00:00,770.2120361328125
2021-03-20 17:00:00,809.3260498046875
2021-03-20 18:00:00,778.135009765625
2021-03-20 19:00:00,661.25201416015625
2021-03-20 20:00:00,534.40301513671875
2021-03-20 21:00:00,378.6380310058594
2021-03-20 22:00:00,200.82701110839844
2021-03-20 23:00:00,8.976000785827637
2021-03-21 00:00:00,0
2021-03-21 01:00:00,0
2021-03-21 02:00:00,0
2021-03-21 03:00:00,0
2021-03-21 04:00:00,0
2021-03-21 05:00:00,0
2021-03-21 06:00:00,0
2021-03-21 07:00:00,0
2021-03-21 08:00:00,0
2021-03-21 09:00:00,0
2021-03-21 10:00:00,0
2021-03-21 11:00:00,0
2021-03-21 12:00:00,179.44000244140625
2021-03-21 13:00:00,360.760009765625
2021-03-21 14:00:00,525.968017578125
2021-03-21 15:00:00,672.65802001953125
2021-03-21 16:00:00,778.77703857421875
2021-03-21 17:00:00,817.83905029296875
2021-03-21 18:00:00,786.26605224609375
2021-03-21 19:00:00,668.34002685546875
2021-03-21 20:00:00,540.64404296875
2021-03-21 21:00:00,382.9670104980469
2021-03-21 22:00:00,204.77301025390625
2021-03-21 23:00:00,12.592000961303713
2021-03-22 00:00:00,0
2021-03-22 01:00:00,0
2021-03-22 02:00:00,0
2021-03-22 03:00:00,0
2021-03-22 04:00:00,0
2021-03-22 05:00:00,0
2021-03-22 06:00:00,0
2021-03-22 07:00:00,0
2021-03-22 08:00:00,0
2021-03-22 09:00:00,0
2021-03-22 10:00:00,0
2021-03-22 11:00:00,0
2021-03-22 12:00:00,185.8400115966797
2021-03-22 13:00:00,367.864013671875
2021-03-22 14:00:00,533.72802734375
2021-03-22 15:00:00,676.9630126953125
2021-03-22 16:00:00,782.81201171875
2021-03-22 17:00:00,821.5770263671875
2021-03-22 18:00:00,783.780029296875
2021-03-22 19:00:00,666.416015625
2021-03-22 20:00:00,539.6190185546875
2021-03-22 21:00:00,381.1510314941406
2021-03-22 22:00:00,205.4110107421875
2021-03-22 23:00:00,15.93600082397461
2021-03-23 00:00:00,0
2021-03-23 01:00:00,0
2021-03-23 02:00:00,0
2021-03-23 03:00:00,0
2021-03-23 04:00:00,0
2021-03-23 05:00:00,0
2021-03-23 06:00:00,0
2021-03-23 07:00:00,0
2021-03-23 08:00:00,0
2021-03-23 09:00:00,0
2021-03-23 10:00:00,0
2021-03-23 11:00:00,0
2021-03-23 12:00:00,187.0880126953125
2021-03-23 13:00:00,364.8800048828125
2021-03-23 14:00:00,526.89599609375
2021-03-23 15:00:00,668.81805419921875
2021-03-23 16:00:00,772.488037109375
2021-03-23 17:00:00,810.26605224609375
2021-03-23 18:00:00,770.14404296875
2021-03-23 19:00:00,655.00604248046875
2021-03-23 20:00:00,530.88201904296875
2021-03-23 21:00:00,389.0660095214844
2021-03-23 22:00:00,211.2860107421875
2021-03-23 23:00:00,19.68000030517578
2021-03-24 00:00:00,0
2021-03-24 01:00:00,0
2021-03-24 02:00:00,0
2021-03-24 03:00:00,0
2021-03-24 04:00:00,0
2021-03-24 05:00:00,0
2021-03-24 06:00:00,0
2021-03-24 07:00:00,0
2021-03-24 08:00:00,0
2021-03-24 09:00:00,0
2021-03-24 10:00:00,0
2021-03-24 11:00:00,1.502000093460083
2021-03-24 12:00:00,90.66800689697266
2021-03-24 13:00:00,174.3360137939453
2021-03-24 14:00:00,250.57601928710935
2021-03-24 15:00:00,224.14601135253903
2021-03-24 16:00:00,258.5880126953125
2021-03-24 17:00:00,271.0660095214844
2021-03-24 18:00:00,213.718017578125
2021-03-24 19:00:00,181.8220062255859
2021-03-24 20:00:00,147.50601196289065
2021-03-24 21:00:00,114.61300659179688
2021-03-24 22:00:00,62.70900344848633
2021-03-24 23:00:00,6.784000396728516
2021-03-25 00:00:00,0
2021-03-25 01:00:00,0
2021-03-25 02:00:00,0
2021-03-25 03:00:00,0
2021-03-25 04:00:00,0
2021-03-25 05:00:00,0
2021-03-25 06:00:00,0
2021-03-25 07:00:00,0
2021-03-25 08:00:00,0
2021-03-25 09:00:00,0
2021-03-25 10:00:00,0
2021-03-25 11:00:00,5.595000267028809
2021-03-25 12:00:00,188.99600219726565
2021-03-25 13:00:00,358.4640197753906
2021-03-25 14:00:00,512.92803955078125
2021-03-25 15:00:00,653.8070068359375
2021-03-25 16:00:00,753.4150390625
2021-03-25 17:00:00,789.30804443359375
2021-03-25 18:00:00,754.9630126953125
2021-03-25 19:00:00,642.43304443359375
2021-03-25 20:00:00,521.63604736328125
2021-03-25 21:00:00,377.6280212402344
2021-03-25 22:00:00,208.0870056152344
2021-03-25 23:00:00,25.488000869750977
2021-03-26 00:00:00,0
2021-03-26 01:00:00,0
2021-03-26 02:00:00,0
2021-03-26 03:00:00,0
2021-03-26 04:00:00,0
2021-03-26 05:00:00,0
2021-03-26 06:00:00,0
2021-03-26 07:00:00,0
2021-03-26 08:00:00,0
2021-03-26 09:00:00,0
2021-03-26 10:00:00,0
2021-03-26 11:00:00,8.020000457763672
2021-03-26 12:00:00,157.864013671875
2021-03-26 13:00:00,295.52801513671875
2021-03-26 14:00:00,421.0240173339844
2021-03-26 15:00:00,562.47900390625
2021-03-26 16:00:00,647.42401123046875
2021-03-26 17:00:00,677.86700439453125
2021-03-26 18:00:00,523.8260498046875
2021-03-26 19:00:00,445.8620300292969
2021-03-26 20:00:00,362.35302734375
2021-03-26 21:00:00,229.35601806640625
2021-03-26 22:00:00,127.27000427246094
2021-03-26 23:00:00,17.360000610351563
2021-03-27 00:00:00,0
2021-03-27 01:00:00,0
2021-03-27 02:00:00,0
2021-03-27 03:00:00,0
2021-03-27 04:00:00,0
2021-03-27 05:00:00,0
2021-03-27 06:00:00,0
2021-03-27 07:00:00,0
2021-03-27 08:00:00,0
2021-03-27 09:00:00,0
2021-03-27 10:00:00,0
2021-03-27 11:00:00,14.006000518798828
2021-03-27 12:00:00,200.99200439453125
2021-03-27 13:00:00,371.5760192871094
2021-03-27 14:00:00,527.0880126953125
2021-03-27 15:00:00,669.73004150390625
2021-03-27 16:00:00,770.0030517578125
2021-03-27 17:00:00,805.75701904296875
2021-03-27 18:00:00,772.89501953125
2021-03-27 19:00:00,658.02703857421875
2021-03-27 20:00:00,535.24700927734375
2021-03-27 21:00:00,389.14300537109375
2021-03-27 22:00:00,217.40200805664065
2021-03-27 23:00:00,32.592002868652344
2021-03-28 00:00:00,0
2021-03-28 01:00:00,0
2021-03-28 02:00:00,0
2021-03-28 03:00:00,0
2021-03-28 04:00:00,0
2021-03-28 05:00:00,0
2021-03-28 06:00:00,0
2021-03-28 07:00:00,0
2021-03-28 08:00:00,0
2021-03-28 09:00:00,0
2021-03-28 10:00:00,0
2021-03-28 11:00:00,8.808000564575195
2021-03-28 12:00:00,70.49200439453125
2021-03-28 13:00:00,128.760009765625
2021-03-28 14:00:00,181.8880157470703
2021-03-28 15:00:00,172.8260040283203
2021-03-28 16:00:00,198.489013671875
2021-03-28 17:00:00,207.5760040283203
2021-03-28 18:00:00,197.93701171875
2021-03-28 19:00:00,168.5780029296875
2021-03-28 20:00:00,137.23300170898438
2021-03-28 21:00:00,131.74301147460938
2021-03-28 22:00:00,74.087005615234375
2021-03-28 23:00:00,12.064000129699709
2021-03-29 00:00:00,0
2021-03-29 01:00:00,0
2021-03-29 02:00:00,0
2021-03-29 03:00:00,0
2021-03-29 04:00:00,0
2021-03-29 05:00:00,0
2021-03-29 06:00:00,0
2021-03-29 07:00:00,0
2021-03-29 08:00:00,0
2021-03-29 09:00:00,0
2021-03-29 10:00:00,0
2021-03-29 11:00:00,21.29800033569336
2021-03-29 12:00:00,189.3360137939453
2021-03-29 13:00:00,341.864013671875
2021-03-29 14:00:00,480.96002197265625
2021-03-29 15:00:00,681.6610107421875
2021-03-29 16:00:00,782.0030517578125
2021-03-29 17:00:00,817.36602783203125
2021-03-29 18:00:00,809.155029296875
2021-03-29 19:00:00,689.2330322265625
2021-03-29 20:00:00,561.5880126953125
2021-03-29 21:00:00,408.89300537109375
2021-03-29 22:00:00,231.416015625
2021-03-29 23:00:00,40.608001708984375
2021-03-30 00:00:00,0
2021-03-30 01:00:00,0
2021-03-30 02:00:00,0
2021-03-30 03:00:00,0
2021-03-30 04:00:00,0
2021-03-30 05:00:00,0
2021-03-30 06:00:00,0
2021-03-30 07:00:00,0
2021-03-30 08:00:00,0
2021-03-30 09:00:00,0
2021-03-30 10:00:00,0
2021-03-30 11:00:00,28.05000114440918
2021-03-30 12:00:00,224.40000915527344
2021-03-30 13:00:00,400.7040100097656
2021-03-30 14:00:00,561.488037109375
2021-03-30 15:00:00,700.82904052734375
2021-03-30 16:00:00,803.133056640625
2021-03-30 17:00:00,838.98602294921875
2021-03-30 18:00:00,799.6380615234375
2021-03-30 19:00:00,681.28704833984375
2021-03-30 20:00:00,555.57501220703125
2021-03-30 21:00:00,410.0750122070313
2021-03-30 22:00:00,233.5450134277344
2021-03-30 23:00:00,43.80800247192383
2021-03-31 00:00:00,0
2021-03-31 01:00:00,0
2021-03-31 02:00:00,0
2021-03-31 03:00:00,0
2021-03-31 04:00:00,0
2021-03-31 05:00:00,0
2021-03-31 06:00:00,0
2021-03-31 07:00:00,0
2021-03-31 08:00:00,0
2021-03-31 09:00:00,0
2021-03-31 10:00:00,0
2021-03-31 11:00:00,32.512001037597656
2021-03-31 12:00:00,214.84800720214844
2021-03-31 13:00:00,379.5760192871094
2021-03-31 14:00:00,529.80804443359375
2021-03-31 15:00:00,543.77703857421875
2021-03-31 16:00:00,622.4840087890625
2021-03-31 17:00:00,649.92401123046875
2021-03-31 18:00:00,350.17401123046875
2021-03-31 19:00:00,298.405029296875
2021-03-31 20:00:00,243.54701232910156
2021-03-31 21:00:00,136.74900817871094
2021-03-31 22:00:00,78.35600280761719
2021-03-31 23:00:00,15.61600112915039
2021-04-01 00:00:00,0
2021-04-01 01:00:00,0
2021-04-01 02:00:00,0
2021-04-01 03:00:00,0
2021-04-01 04:00:00,0
2021-04-01 05:00:00,0
2021-04-01 06:00:00,0
2021-04-01 07:00:00,0
2021-04-01 08:00:00,0
2021-04-01 09:00:00,0
2021-04-01 10:00:00,0
2021-04-01 11:00:00,8.586000442504883
2021-04-01 12:00:00,54.772003173828125
2021-04-01 13:00:00,96.23200225830078
2021-04-01 14:00:00,136.14401245117188
2021-04-01 15:00:00,295.58001708984375
2021-04-01 16:00:00,335.71002197265625
2021-04-01 17:00:00,352.5220031738281
2021-04-01 18:00:00,255.98800659179688
2021-04-01 19:00:00,231.86700439453125
2021-04-01 20:00:00,186.92100524902344
2021-04-01 21:00:00,122.9560089111328
2021-04-01 22:00:00,70.87300109863281
2021-04-01 23:00:00,14.944000244140623
2021-04-02 00:00:00,0
2021-04-02 01:00:00,0
2021-04-02 02:00:00,0
2021-04-02 03:00:00,0
2021-04-02 04:00:00,0
2021-04-02 05:00:00,0
2021-04-02 06:00:00,0
2021-04-02 07:00:00,0
2021-04-02 08:00:00,0
2021-04-02 09:00:00,0
2021-04-02 10:00:00,0
2021-04-02 11:00:00,29.102001190185547
2021-04-02 12:00:00,116.72000885009766
2021-04-02 13:00:00,203.04800415039065
2021-04-02 14:00:00,286.2239990234375
2021-04-02 15:00:00,447.5270080566406
2021-04-02 16:00:00,507.7820129394531
2021-04-02 17:00:00,532.926025390625
2021-04-02 18:00:00,572.8900146484375
2021-04-02 19:00:00,519.01605224609375
2021-04-02 20:00:00,418.7350158691406
2021-04-02 21:00:00,308.41802978515625
2021-04-02 22:00:00,178.81300354003906
2021-04-02 23:00:00,39.66400146484375
2021-04-03 00:00:00,0
2021-04-03 01:00:00,0
2021-04-03 02:00:00,0
2021-04-03 03:00:00,0
2021-04-03 04:00:00,0
2021-04-03 05:00:00,0
2021-04-03 06:00:00,0
2021-04-03 07:00:00,0
2021-04-03 08:00:00,0
2021-04-03 09:00:00,0
2021-04-03 10:00:00,0
2021-04-03 11:00:00,47.3280029296875
2021-04-03 12:00:00,247.97601318359375
2021-04-03 13:00:00,427.3040161132813
2021-04-03 14:00:00,600.176025390625
2021-04-03 15:00:00,730.02703857421875
2021-04-03 16:00:00,827.467041015625
2021-04-03 17:00:00,867.98406982421875
2021-04-03 18:00:00,811.09405517578125
2021-04-03 19:00:00,734.98004150390625
2021-04-03 20:00:00,593.45001220703125
2021-04-03 21:00:00,397.81402587890625
2021-04-03 22:00:00,231.94900512695313
2021-04-03 23:00:00,53.952003479003906
2021-04-04 00:00:00,0
2021-04-04 01:00:00,0
2021-04-04 02:00:00,0
2021-04-04 03:00:00,0
2021-04-04 04:00:00,0
2021-04-04 05:00:00,0
2021-04-04 06:00:00,0
2021-04-04 07:00:00,0
2021-04-04 08:00:00,0
2021-04-04 09:00:00,0
2021-04-04 10:00:00,0
2021-04-04 11:00:00,25.09600067138672
2021-04-04 12:00:00,76.96800231933594
2021-04-04 13:00:00,131.42401123046875
2021-04-04 14:00:00,183.93600463867188
2021-04-04 15:00:00,300.8130187988281
2021-04-04 16:00:00,340.6280212402344
2021-04-04 17:00:00,357.1180114746094
2021-04-04 18:00:00,594.18701171875
2021-04-04 19:00:00,538.550048828125
2021-04-04 20:00:00,435.1790161132813
2021-04-04 21:00:00,383.1300048828125
2021-04-04 22:00:00,224.62200927734375
2021-04-04 23:00:00,54.592002868652344
2021-04-05 00:00:00,0
2021-04-05 01:00:00,0
2021-04-05 02:00:00,0
2021-04-05 03:00:00,0
2021-04-05 04:00:00,0
2021-04-05 05:00:00,0
2021-04-05 06:00:00,0
2021-04-05 07:00:00,0
2021-04-05 08:00:00,0
2021-04-05 09:00:00,0
2021-04-05 10:00:00,0
2021-04-05 11:00:00,54.38600158691406
2021-04-05 12:00:00,249.76800537109375
2021-04-05 13:00:00,422.7200317382813
2021-04-05 14:00:00,589.61602783203125
2021-04-05 15:00:00,718.94403076171875
2021-04-05 16:00:00,813.2950439453125
2021-04-05 17:00:00,852.26104736328125
2021-04-05 18:00:00,804.35504150390625
2021-04-05 19:00:00,729.18902587890625
2021-04-05 20:00:00,589.677001953125
2021-04-05 21:00:00,403.5400085449219
2021-04-05 22:00:00,237.87600708007813
2021-04-05 23:00:00,60.224002838134766
2021-04-06 00:00:00,0
2021-04-06 01:00:00,0
2021-04-06 02:00:00,0
2021-04-06 03:00:00,0
2021-04-06 04:00:00,0
2021-04-06 05:00:00,0
2021-04-06 06:00:00,0
2021-04-06 07:00:00,0
2021-04-06 08:00:00,0
2021-04-06 09:00:00,0
2021-04-06 10:00:00,0
2021-04-06 11:00:00,59.73800277709961
2021-04-06 12:00:00,258.66400146484375
2021-04-06 13:00:00,434.072021484375
2021-04-06 14:00:00,603.4200439453125
2021-04-06 15:00:00,729.24102783203125
2021-04-06 16:00:00,824.17401123046875
2021-04-06 17:00:00,863.2110595703125
2021-04-06 18:00:00,810.13604736328125
2021-04-06 19:00:00,734.59906005859375
2021-04-06 20:00:00,594.510009765625
2021-04-06 21:00:00,404.031005859375
2021-04-06 22:00:00,239.41500854492188
2021-04-06 23:00:00,62.97600173950195
2021-04-07 00:00:00,0
2021-04-07 01:00:00,0
2021-04-07 02:00:00,0
2021-04-07 03:00:00,0
2021-04-07 04:00:00,0
2021-04-07 05:00:00,0
2021-04-07 06:00:00,0
2021-04-07 07:00:00,0
2021-04-07 08:00:00,0
2021-04-07 09:00:00,0
2021-04-07 10:00:00,0
2021-04-07 11:00:00,64.14200592041016
2021-04-07 12:00:00,248.92800903320313
2021-04-07 13:00:00,414.3200073242187
2021-04-07 14:00:00,574.08001708984375
2021-04-07 15:00:00,704.4310302734375
2021-04-07 16:00:00,795.383056640625
2021-04-07 17:00:00,832.654052734375
2021-04-07 18:00:00,733.739013671875
2021-04-07 19:00:00,665.45703125
2021-04-07 20:00:00,538.97100830078125
2021-04-07 21:00:00,310.82501220703125
2021-04-07 22:00:00,185.14601135253903
2021-04-07 23:00:00,50.4640007019043
2021-04-08 00:00:00,0
2021-04-08 01:00:00,0
2021-04-08 02:00:00,0
2021-04-08 03:00:00,0
2021-04-08 04:00:00,0
2021-04-08 05:00:00,0
2021-04-08 06:00:00,0
2021-04-08 07:00:00,0
2021-04-08 08:00:00,0
2021-04-08 09:00:00,0
2021-04-08 10:00:00,0
2021-04-08 11:00:00,55.7920036315918
2021-04-08 12:00:00,207.52000427246097
2021-04-08 13:00:00,342.6880187988281
2021-04-08 14:00:00,473.3190307617187
2021-04-08 15:00:00,571.3780517578125
2021-04-08 16:00:00,644.55303955078125
2021-04-08 17:00:00,674.42803955078125
2021-04-08 18:00:00,632.8360595703125
2021-04-08 19:00:00,574.08502197265625
2021-04-08 20:00:00,465.3000183105469
2021-04-08 21:00:00,311.5340270996094
2021-04-08 22:00:00,186.50001525878903
2021-04-08 23:00:00,52.57600402832031
2021-04-09 00:00:00,0
2021-04-09 01:00:00,0
2021-04-09 02:00:00,0
2021-04-09 03:00:00,0
2021-04-09 04:00:00,0
2021-04-09 05:00:00,0
2021-04-09 06:00:00,0
2021-04-09 07:00:00,0
2021-04-09 08:00:00,0
2021-04-09 09:00:00,0
2021-04-09 10:00:00,0
2021-04-09 11:00:00,69.04400634765625
2021-04-09 12:00:00,258.32000732421875
2021-04-09 13:00:00,423.3440246582031
2021-04-09 14:00:00,582.91802978515625
2021-04-09 15:00:00,699.09405517578125
2021-04-09 16:00:00,787.92205810546875
2021-04-09 17:00:00,824.05804443359375
2021-04-09 18:00:00,625.57501220703125
2021-04-09 19:00:00,567.61602783203125
2021-04-09 20:00:00,460.405029296875
2021-04-09 21:00:00,233.8830108642578
2021-04-09 22:00:00,140.7050018310547
2021-04-09 23:00:00,40.944000244140625
2021-04-10 00:00:00,0
2021-04-10 01:00:00,0
2021-04-10 02:00:00,0
2021-04-10 03:00:00,0
2021-04-10 04:00:00,0
2021-04-10 05:00:00,0
2021-04-10 06:00:00,0
2021-04-10 07:00:00,0
2021-04-10 08:00:00,0
2021-04-10 09:00:00,0
2021-04-10 10:00:00,0
2021-04-10 11:00:00,72.31999969482422
2021-04-10 12:00:00,256.99200439453125
2021-04-10 13:00:00,418.08001708984375
2021-04-10 14:00:00,573.925048828125
2021-04-10 15:00:00,709.123046875
2021-04-10 16:00:00,798.5130615234375
2021-04-10 17:00:00,834.7740478515625
2021-04-10 18:00:00,789.1190185546875
2021-04-10 19:00:00,716.175048828125
2021-04-10 20:00:00,581.321044921875
2021-04-10 21:00:00,398.9490051269531
2021-04-10 22:00:00,241.18600463867188
2021-04-10 23:00:00,72.311004638671875
2021-04-11 00:00:00,0
2021-04-11 01:00:00,0
2021-04-11 02:00:00,0
2021-04-11 03:00:00,0
2021-04-11 04:00:00,0
2021-04-11 05:00:00,0
2021-04-11 06:00:00,0
2021-04-11 07:00:00,0
2021-04-11 08:00:00,0
2021-04-11 09:00:00,0
2021-04-11 10:00:00,0
2021-04-11 11:00:00,78.0320053100586
2021-04-11 12:00:00,242.2160186767578
2021-04-11 13:00:00,391.2480163574219
2021-04-11 14:00:00,535.52301025390625
2021-04-11 15:00:00,537.34600830078125
2021-04-11 16:00:00,604.5550537109375
2021-04-11 17:00:00,631.72802734375
2021-04-11 18:00:00,368.3460083007813
2021-04-11 19:00:00,334.3750305175781
2021-04-11 20:00:00,271.6100158691406
2021-04-11 21:00:00,160.0360107421875
2021-04-11 22:00:00,97.21400451660156
2021-04-11 23:00:00,29.985000610351563
2021-04-12 00:00:00,0
2021-04-12 01:00:00,0
2021-04-12 02:00:00,0
2021-04-12 03:00:00,0
2021-04-12 04:00:00,0
2021-04-12 05:00:00,0
2021-04-12 06:00:00,0
2021-04-12 07:00:00,0
2021-04-12 08:00:00,0
2021-04-12 09:00:00,0
2021-04-12 10:00:00,0
2021-04-12 11:00:00,19.288000106811523
2021-04-12 12:00:00,73.376007080078125
2021-04-12 13:00:00,117.71200561523438
2021-04-12 14:00:00,160.6610107421875
2021-04-12 15:00:00,214.07400512695313
2021-04-12 16:00:00,240.65000915527344
2021-04-12 17:00:00,251.35301208496097
2021-04-12 18:00:00,259.5580139160156
2021-04-12 19:00:00,235.67300415039065
2021-04-12 20:00:00,191.5720062255859
2021-04-12 21:00:00,87.699005126953125
2021-04-12 22:00:00,53.51800155639648
2021-04-12 23:00:00,16.94900131225586
2021-04-13 00:00:00,0
2021-04-13 01:00:00,0
2021-04-13 02:00:00,0
2021-04-13 03:00:00,0
2021-04-13 04:00:00,0
2021-04-13 05:00:00,0
2021-04-13 06:00:00,0
2021-04-13 07:00:00,0
2021-04-13 08:00:00,0
2021-04-13 09:00:00,0
2021-04-13 10:00:00,0
2021-04-13 11:00:00,80.944000244140625
2021-04-13 12:00:00,274.4800109863281
2021-04-13 13:00:00,437.4560241699219
2021-04-13 14:00:00,595.3590087890625
2021-04-13 15:00:00,629.2750244140625
2021-04-13 16:00:00,706.81805419921875
2021-04-13 17:00:00,737.9180297851564
2021-04-13 18:00:00,631.0350341796875
2021-04-13 19:00:00,573.07501220703125
2021-04-13 20:00:00,466.1900329589844
2021-04-13 21:00:00,320.3380126953125
2021-04-13 22:00:00,196.36801147460935
2021-04-13 23:00:00,63.82600402832031
2021-04-14 00:00:00,0
2021-04-14 01:00:00,0
2021-04-14 02:00:00,0
2021-04-14 03:00:00,0
2021-04-14 04:00:00,0
2021-04-14 05:00:00,0
2021-04-14 06:00:00,0
2021-04-14 07:00:00,0
2021-04-14 08:00:00,0
2021-04-14 09:00:00,0
2021-04-14 10:00:00,0
2021-04-14 11:00:00,68.100006103515625
2021-04-14 12:00:00,275.42401123046875
2021-04-14 13:00:00,436.1600341796875
2021-04-14 14:00:00,592.00103759765625
2021-04-14 15:00:00,673.96905517578125
2021-04-14 16:00:00,756.4000244140625
2021-04-14 17:00:00,789.3750610351564
2021-04-14 18:00:00,616.010009765625
2021-04-14 19:00:00,559.57501220703125
2021-04-14 20:00:00,455.5240173339844
2021-04-14 21:00:00,198.87501525878903
2021-04-14 22:00:00,122.44900512695313
2021-04-14 23:00:00,40.77800369262695
2021-04-15 00:00:00,0
2021-04-15 01:00:00,0
2021-04-15 02:00:00,0
2021-04-15 03:00:00,0
2021-04-15 04:00:00,0
2021-04-15 05:00:00,0
2021-04-15 06:00:00,0
2021-04-15 07:00:00,0
2021-04-15 08:00:00,0
2021-04-15 09:00:00,0
2021-04-15 10:00:00,0
2021-04-15 11:00:00,32.68400192260742
2021-04-15 12:00:00,79.96000671386719
2021-04-15 13:00:00,125.8560028076172
2021-04-15 14:00:00,170.36300659179688
2021-04-15 15:00:00,182.0070037841797
2021-04-15 16:00:00,204.11801147460935
2021-04-15 17:00:00,212.92401123046875
2021-04-15 18:00:00,260.7239990234375
2021-04-15 19:00:00,236.89100646972656
2021-04-15 20:00:00,192.98800659179688
2021-04-15 21:00:00,100.77800750732422
2021-04-15 22:00:00,62.33100128173828
2021-04-15 23:00:00,21.246000289916992
2021-04-16 00:00:00,0
2021-04-16 01:00:00,0
2021-04-16 02:00:00,0
2021-04-16 03:00:00,0
2021-04-16 04:00:00,0
2021-04-16 05:00:00,0
2021-04-16 06:00:00,0
2021-04-16 07:00:00,0
2021-04-16 08:00:00,0
2021-04-16 09:00:00,0
2021-04-16 10:00:00,0
2021-04-16 11:00:00,24.464000701904297
2021-04-16 12:00:00,85.56800079345703
2021-04-16 13:00:00,133.87200927734375
2021-04-16 14:00:00,180.7570037841797
2021-04-16 15:00:00,195.9630126953125
2021-04-16 16:00:00,219.5760040283203
2021-04-16 17:00:00,228.9690093994141
2021-04-16 18:00:00,230.8050079345703
2021-04-16 19:00:00,209.76400756835935
2021-04-16 20:00:00,171.0120086669922
2021-04-16 21:00:00,221.1330108642578
2021-04-16 22:00:00,137.3520050048828
2021-04-16 23:00:00,47.85300064086914
2021-04-17 00:00:00,0
2021-04-17 01:00:00,0
2021-04-17 02:00:00,0
2021-04-17 03:00:00,0
2021-04-17 04:00:00,0
2021-04-17 05:00:00,0
2021-04-17 06:00:00,0
2021-04-17 07:00:00,0
2021-04-17 08:00:00,0
2021-04-17 09:00:00,0
2021-04-17 10:00:00,0
2021-04-17 11:00:00,65.36400604248047
2021-04-17 12:00:00,156.0800018310547
2021-04-17 13:00:00,242.80001831054688
2021-04-17 14:00:00,327.0090026855469
2021-04-17 15:00:00,447.83502197265625
2021-04-17 16:00:00,501.4450378417969
2021-04-17 17:00:00,522.66204833984375
2021-04-17 18:00:00,479.9450378417969
2021-04-17 19:00:00,436.2860107421875
2021-04-17 20:00:00,355.9100036621094
2021-04-17 21:00:00,186.7950134277344
2021-04-17 22:00:00,116.50700378417967
2021-04-17 23:00:00,41.457000732421875
2021-04-18 00:00:00,0
2021-04-18 01:00:00,0
2021-04-18 02:00:00,0
2021-04-18 03:00:00,0
2021-04-18 04:00:00,0
2021-04-18 05:00:00,0
2021-04-18 06:00:00,0
2021-04-18 07:00:00,0
2021-04-18 08:00:00,0
2021-04-18 09:00:00,0
2021-04-18 10:00:00,0
2021-04-18 11:00:00,62.19200134277344
2021-04-18 12:00:00,263.8240051269531
2021-04-18 13:00:00,408.1280212402344
2021-04-18 14:00:00,548.33001708984375
2021-04-18 15:00:00,625.00701904296875
2021-04-18 16:00:00,699.30902099609375
2021-04-18 17:00:00,728.64605712890625
2021-04-18 18:00:00,511.0860290527344
2021-04-18 19:00:00,464.6920166015625
2021-04-18 20:00:00,379.3400268554687
2021-04-18 21:00:00,219.83201599121097
2021-04-18 22:00:00,137.68800354003906
2021-04-18 23:00:00,49.99300384521485
2021-04-19 00:00:00,0
2021-04-19 01:00:00,0
2021-04-19 02:00:00,0
2021-04-19 03:00:00,0
2021-04-19 04:00:00,0
2021-04-19 05:00:00,0
2021-04-19 06:00:00,0
2021-04-19 07:00:00,0
2021-04-19 08:00:00,0
2021-04-19 09:00:00,0
2021-04-19 10:00:00,0
2021-04-19 11:00:00,88.06000518798828
2021-04-19 12:00:00,221.2320098876953
2021-04-19 13:00:00,340.416015625
2021-04-19 14:00:00,456.2650146484375
2021-04-19 15:00:00,505.2480163574219
2021-04-19 16:00:00,564.91400146484375
2021-04-19 17:00:00,588.40802001953125
2021-04-19 18:00:00,540.02203369140625
2021-04-19 19:00:00,491.1290283203125
2021-04-19 20:00:00,401.2030334472656
2021-04-19 21:00:00,329.114013671875
2021-04-19 22:00:00,206.9690093994141
2021-04-19 23:00:00,76.60900115966797
2021-04-20 00:00:00,0
2021-04-20 01:00:00,0
2021-04-20 02:00:00,0
2021-04-20 03:00:00,0
2021-04-20 04:00:00,0
2021-04-20 05:00:00,0
2021-04-20 06:00:00,0
2021-04-20 07:00:00,0
2021-04-20 08:00:00,0
2021-04-20 09:00:00,0
2021-04-20 10:00:00,0
2021-04-20 11:00:00,85.46000671386719
2021-04-20 12:00:00,267.20001220703125
2021-04-20 13:00:00,409.0240173339844
2021-04-20 14:00:00,546.9730224609375
2021-04-20 15:00:00,583.20404052734375
2021-04-20 16:00:00,651.6300048828125
2021-04-20 17:00:00,678.47900390625
2021-04-20 18:00:00,778.3570556640625
2021-04-20 19:00:00,708.03704833984375
2021-04-20 20:00:00,578.81201171875
2021-04-20 21:00:00,430.2780151367187
2021-04-20 22:00:00,271.66900634765625
2021-04-20 23:00:00,102.44500732421876
2021-04-21 00:00:00,0
2021-04-21 01:00:00,0
2021-04-21 02:00:00,0
2021-04-21 03:00:00,0
2021-04-21 04:00:00,0
2021-04-21 05:00:00,0
2021-04-21 06:00:00,0
2021-04-21 07:00:00,0
2021-04-21 08:00:00,0
2021-04-21 09:00:00,0
2021-04-21 10:00:00,0
2021-04-21 11:00:00,110.62400817871094
2021-04-21 12:00:00,273.3760070800781
2021-04-21 13:00:00,416.384033203125
2021-04-21 14:00:00,555.5570068359375
2021-04-21 15:00:00,471.988037109375
2021-04-21 16:00:00,527.01300048828125
2021-04-21 17:00:00,548.54400634765625
2021-04-21 18:00:00,416.5260314941406
2021-04-21 19:00:00,378.9950256347656
2021-04-21 20:00:00,310.0320129394531
2021-04-21 21:00:00,287.10601806640625
2021-04-21 22:00:00,181.97500610351565
2021-04-21 23:00:00,69.8530044555664
2021-04-22 00:00:00,0
2021-04-22 01:00:00,0
2021-04-22 02:00:00,0
2021-04-22 03:00:00,0
2021-04-22 04:00:00,0
2021-04-22 05:00:00,0
2021-04-22 06:00:00,0
2021-04-22 07:00:00,0
2021-04-22 08:00:00,0
2021-04-22 09:00:00,0
2021-04-22 10:00:00,0
2021-04-22 11:00:00,83.84400177001953
2021-04-22 12:00:00,180.25601196289065
2021-04-22 13:00:00,273.2480163574219
2021-04-22 14:00:00,363.7630310058594
2021-04-22 15:00:00,316.34100341796875
2021-04-22 16:00:00,352.9870300292969
2021-04-22 17:00:00,367.2920227050781
2021-04-22 18:00:00,527.697998046875
2021-04-22 19:00:00,480.2580261230469
2021-04-22 20:00:00,393.14202880859375
2021-04-22 21:00:00,315.4250183105469
2021-04-22 22:00:00,200.6980133056641
2021-04-22 23:00:00,78.36100006103516
2021-04-23 00:00:00,0
2021-04-23 01:00:00,0
2021-04-23 02:00:00,0
2021-04-23 03:00:00,0
2021-04-23 04:00:00,0
2021-04-23 05:00:00,0
2021-04-23 06:00:00,0
2021-04-23 07:00:00,0
2021-04-23 08:00:00,0
2021-04-23 09:00:00,0
2021-04-23 10:00:00,0
2021-04-23 11:00:00,128.156005859375
2021-04-23 12:00:00,330.44000244140625
2021-04-23 13:00:00,498.5600280761719
2021-04-23 14:00:00,662.33001708984375
2021-04-23 15:00:00,783.64501953125
2021-04-23 16:00:00,873.85906982421875
2021-04-23 17:00:00,908.97601318359375
2021-04-23 18:00:00,857.89703369140625
2021-04-23 19:00:00,780.9720458984375
2021-04-23 20:00:00,639.739013671875
2021-04-23 21:00:00,454.55902099609375
2021-04-23 22:00:00,290.3170166015625
2021-04-23 23:00:00,115.25000762939452
2021-04-24 00:00:00,0
2021-04-24 01:00:00,0
2021-04-24 02:00:00,0
2021-04-24 03:00:00,0
2021-04-24 04:00:00,0
2021-04-24 05:00:00,0
2021-04-24 06:00:00,0
2021-04-24 07:00:00,0
2021-04-24 08:00:00,0
2021-04-24 09:00:00,0
2021-04-24 10:00:00,0
2021-04-24 11:00:00,130.93600463867188
2021-04-24 12:00:00,329.6000061035156
2021-04-24 13:00:00,495.0560302734375
2021-04-24 14:00:00,656.32403564453125
2021-04-24 15:00:00,776.6250610351564
2021-04-24 16:00:00,865.48504638671875
2021-04-24 17:00:00,899.9940185546875
2021-04-24 18:00:00,841.2050170898436
2021-04-24 19:00:00,765.98602294921875
2021-04-24 20:00:00,627.8790283203125
2021-04-24 21:00:00,448.4120178222656
2021-04-24 22:00:00,287.47100830078125
2021-04-24 23:00:00,115.92800903320313
2021-04-25 00:00:00,0
2021-04-25 01:00:00,0
2021-04-25 02:00:00,0
2021-04-25 03:00:00,0
2021-04-25 04:00:00,0
2021-04-25 05:00:00,0
2021-04-25 06:00:00,0
2021-04-25 07:00:00,0
2021-04-25 08:00:00,0
2021-04-25 09:00:00,0
2021-04-25 10:00:00,0
2021-04-25 11:00:00,63.19600296020508
2021-04-25 12:00:00,107.56000518798828
2021-04-25 13:00:00,160.84800720214844
2021-04-25 14:00:00,212.8260040283203
2021-04-25 15:00:00,210.9530029296875
2021-04-25 16:00:00,234.9340057373047
2021-04-25 17:00:00,244.2340087890625
2021-04-25 18:00:00,333.781005859375
2021-04-25 19:00:00,304.02801513671875
2021-04-25 20:00:00,249.3830108642578
2021-04-25 21:00:00,294.322021484375
2021-04-25 22:00:00,189.36300659179688
2021-04-25 23:00:00,77.53700256347656
2021-04-26 00:00:00,0
2021-04-26 01:00:00,0
2021-04-26 02:00:00,0
2021-04-26 03:00:00,0
2021-04-26 04:00:00,0
2021-04-26 05:00:00,0
2021-04-26 06:00:00,0
2021-04-26 07:00:00,0
2021-04-26 08:00:00,0
2021-04-26 09:00:00,0
2021-04-26 10:00:00,0
2021-04-26 11:00:00,139.3560028076172
2021-04-26 12:00:00,342.2080078125
2021-04-26 13:00:00,509.6160278320313
2021-04-26 14:00:00,672.95001220703125
2021-04-26 15:00:00,792.155029296875
2021-04-26 16:00:00,881.7320556640625
2021-04-26 17:00:00,916.36505126953125
2021-04-26 18:00:00,868.63201904296875
2021-04-26 19:00:00,791.3690185546875
2021-04-26 20:00:00,649.56903076171875
2021-04-26 21:00:00,466.4490356445313
2021-04-26 22:00:00,301.197021484375
2021-04-26 23:00:00,125.15300750732422
2021-04-27 00:00:00,0
2021-04-27 01:00:00,0
2021-04-27 02:00:00,0
2021-04-27 03:00:00,0
2021-04-27 04:00:00,0
2021-04-27 05:00:00,0
2021-04-27 06:00:00,0
2021-04-27 07:00:00,0
2021-04-27 08:00:00,0
2021-04-27 09:00:00,0
2021-04-27 10:00:00,0
2021-04-27 11:00:00,56.86800384521485
2021-04-27 12:00:00,111.7280044555664
2021-04-27 13:00:00,165.71200561523438
2021-04-27 14:00:00,218.4140167236328
2021-04-27 15:00:00,343.4980163574219
2021-04-27 16:00:00,382.1300048828125
2021-04-27 17:00:00,397.0350036621094
2021-04-27 18:00:00,739.48504638671875
2021-04-27 19:00:00,673.88201904296875
2021-04-27 20:00:00,553.49603271484375
2021-04-27 21:00:00,445.5070190429687
2021-04-27 22:00:00,288.6860046386719
2021-04-27 23:00:00,121.66300201416016
2021-04-28 00:00:00,0
2021-04-28 01:00:00,0
2021-04-28 02:00:00,0
2021-04-28 03:00:00,0
2021-04-28 04:00:00,0
2021-04-28 05:00:00,0
2021-04-28 06:00:00,0
2021-04-28 07:00:00,0
2021-04-28 08:00:00,0
2021-04-28 09:00:00,0
2021-04-28 10:00:00,0
2021-04-28 11:00:00,130.48001098632813
2021-04-28 12:00:00,323.2080078125
2021-04-28 13:00:00,477.488037109375
2021-04-28 14:00:00,628.18505859375
2021-04-28 15:00:00,675.905029296875
2021-04-28 16:00:00,751.5030517578125
2021-04-28 17:00:00,780.614013671875
2021-04-28 18:00:00,680.01800537109375
2021-04-28 19:00:00,619.85205078125
2021-04-28 20:00:00,509.4660339355469
2021-04-28 21:00:00,384.676025390625
2021-04-28 22:00:00,250.14601135253903
2021-04-28 23:00:00,106.8810043334961
2021-04-29 00:00:00,0
2021-04-29 01:00:00,0
2021-04-29 02:00:00,0
2021-04-29 03:00:00,0
2021-04-29 04:00:00,0
2021-04-29 05:00:00,0
2021-04-29 06:00:00,0
2021-04-29 07:00:00,0
2021-04-29 08:00:00,0
2021-04-29 09:00:00,0
2021-04-29 10:00:00,0
2021-04-29 11:00:00,48.75200271606445
2021-04-29 12:00:00,165.17601013183594
2021-04-29 13:00:00,243.10401916503903
2021-04-29 14:00:00,319.2560119628906
2021-04-29 15:00:00,343.35302734375
2021-04-29 16:00:00,381.5540161132813
2021-04-29 17:00:00,396.2320251464844
2021-04-29 18:00:00,262.1080017089844
2021-04-29 19:00:00,238.99200439453125
2021-04-29 20:00:00,196.55801391601565
2021-04-29 21:00:00,132.88600158691406
2021-04-29 22:00:00,86.7020034790039
2021-04-29 23:00:00,37.544002532958984
2021-04-30 00:00:00,0
2021-04-30 01:00:00,0
2021-04-30 02:00:00,0
2021-04-30 03:00:00,0
2021-04-30 04:00:00,0
2021-04-30 05:00:00,0
2021-04-30 06:00:00,0
2021-04-30 07:00:00,0
2021-04-30 08:00:00,0
2021-04-30 09:00:00,0
2021-04-30 10:00:00,0.2900000214576721
2021-04-30 11:00:00,83.048004150390625
2021-04-30 12:00:00,165.04000854492188
2021-04-30 13:00:00,242.01600646972656
2021-04-30 14:00:00,317.27801513671875
2021-04-30 15:00:00,350.7090148925781
2021-04-30 16:00:00,389.5260314941406
2021-04-30 17:00:00,404.4330139160156
2021-04-30 18:00:00,587.2030029296875
2021-04-30 19:00:00,535.53704833984375
2021-04-30 20:00:00,440.74700927734375
2021-04-30 21:00:00,395.1750183105469
2021-04-30 22:00:00,258.697998046875
2021-04-30 23:00:00,113.4260025024414
2021-05-01 00:00:00,0
2021-05-01 01:00:00,0
2021-05-01 02:00:00,0
2021-05-01 03:00:00,0
2021-05-01 04:00:00,0
2021-05-01 05:00:00,0
2021-05-01 06:00:00,0
2021-05-01 07:00:00,0
2021-05-01 08:00:00,0
2021-05-01 09:00:00,0
2021-05-01 10:00:00,3.448000192642212
2021-05-01 11:00:00,138.38400268554688
2021-05-01 12:00:00,341.416015625
2021-05-01 13:00:00,523.20001220703125
2021-05-01 14:00:00,701.6080322265625
2021-05-01 15:00:00,814.89306640625
2021-05-01 16:00:00,890.11602783203125
2021-05-01 17:00:00,886.1240234375
2021-05-01 18:00:00,828.4100341796875
2021-05-01 19:00:00,749.666015625
2021-05-01 20:00:00,621.8780517578125
2021-05-01 21:00:00,417.9710083007813
2021-05-01 22:00:00,266.98101806640625
2021-05-01 23:00:00,118.5110092163086
2021-05-02 00:00:00,0
2021-05-02 01:00:00,0
2021-05-02 02:00:00,0
2021-05-02 03:00:00,0
2021-05-02 04:00:00,0
2021-05-02 05:00:00,0
2021-05-02 06:00:00,0
2021-05-02 07:00:00,0
2021-05-02 08:00:00,0
2021-05-02 09:00:00,0
2021-05-02 10:00:00,6.276000499725342
2021-05-02 11:00:00,139.1840057373047
2021-05-02 12:00:00,334.8240051269531
2021-05-02 13:00:00,511.37603759765625
2021-05-02 14:00:00,684.63201904296875
2021-05-02 15:00:00,655.75006103515625
2021-05-02 16:00:00,715.9580078125
2021-05-02 17:00:00,712.58905029296875
2021-05-02 18:00:00,500.2240295410156
2021-05-02 19:00:00,452.8050231933594
2021-05-02 20:00:00,375.8680114746094
2021-05-02 21:00:00,244.82901000976565
2021-05-02 22:00:00,156.8870086669922
2021-05-02 23:00:00,70.475006103515625
2021-05-03 00:00:00,0
2021-05-03 01:00:00,0
2021-05-03 02:00:00,0
2021-05-03 03:00:00,0
2021-05-03 04:00:00,0
2021-05-03 05:00:00,0
2021-05-03 06:00:00,0
2021-05-03 07:00:00,0
2021-05-03 08:00:00,0
2021-05-03 09:00:00,0
2021-05-03 10:00:00,8.54800033569336
2021-05-03 11:00:00,133.25601196289065
2021-05-03 12:00:00,240.05601501464844
2021-05-03 13:00:00,365.4240112304687
2021-05-03 14:00:00,488.47503662109375
2021-05-03 15:00:00,509.9700317382813
2021-05-03 16:00:00,556.52703857421875
2021-05-03 17:00:00,553.801025390625
2021-05-03 18:00:00,356.6460266113281
2021-05-03 19:00:00,322.91802978515625
2021-05-03 20:00:00,268.2270202636719
2021-05-03 21:00:00,180.01600646972656
2021-05-03 22:00:00,115.73200225830078
2021-05-03 23:00:00,52.5880012512207
2021-05-04 00:00:00,0
2021-05-04 01:00:00,0
2021-05-04 02:00:00,0
2021-05-04 03:00:00,0
2021-05-04 04:00:00,0
2021-05-04 05:00:00,0
2021-05-04 06:00:00,0
2021-05-04 07:00:00,0
2021-05-04 08:00:00,0
2021-05-04 09:00:00,0
2021-05-04 10:00:00,3.5520002841949463
2021-05-04 11:00:00,43.2400016784668
2021-05-04 12:00:00,107.34400177001952
2021-05-04 13:00:00,162.8800048828125
2021-05-04 14:00:00,217.41201782226565
2021-05-04 15:00:00,230.56201171875
2021-05-04 16:00:00,251.51101684570313
2021-05-04 17:00:00,250.23101806640625
2021-05-04 18:00:00,477.0260314941406
2021-05-04 19:00:00,432.06103515625
2021-05-04 20:00:00,359.1150207519531
2021-05-04 21:00:00,333.2110290527344
2021-05-04 22:00:00,214.89601135253903
2021-05-04 23:00:00,98.7480010986328
2021-05-05 00:00:00,0
2021-05-05 01:00:00,0
2021-05-05 02:00:00,0
2021-05-05 03:00:00,0
2021-05-05 04:00:00,0
2021-05-05 05:00:00,0
2021-05-05 06:00:00,0
2021-05-05 07:00:00,0
2021-05-05 08:00:00,0
2021-05-05 09:00:00,0
2021-05-05 10:00:00,12.8100004196167
2021-05-05 11:00:00,129.2480010986328
2021-05-05 12:00:00,222.14401245117188
2021-05-05 13:00:00,336.06402587890625
2021-05-05 14:00:00,447.89202880859375
2021-05-05 15:00:00,251.3150177001953
2021-05-05 16:00:00,274.0110168457031
2021-05-05 17:00:00,272.57501220703125
2021-05-05 18:00:00,317.0040283203125
2021-05-05 19:00:00,287.2120056152344
2021-05-05 20:00:00,238.864013671875
2021-05-05 21:00:00,151.57901000976565
2021-05-05 22:00:00,98.06600189208984
2021-05-05 23:00:00,45.54900360107422
2021-05-06 00:00:00,0
2021-05-06 01:00:00,0
2021-05-06 02:00:00,0
2021-05-06 03:00:00,0
2021-05-06 04:00:00,0
2021-05-06 05:00:00,0
2021-05-06 06:00:00,0
2021-05-06 07:00:00,0
2021-05-06 08:00:00,0
2021-05-06 09:00:00,0
2021-05-06 10:00:00,18.492000579833984
2021-05-06 11:00:00,160.5640106201172
2021-05-06 12:00:00,341.61602783203125
2021-05-06 13:00:00,515.2960205078125
2021-05-06 14:00:00,685.79400634765625
2021-05-06 15:00:00,713.1280517578125
2021-05-06 16:00:00,777.22802734375
2021-05-06 17:00:00,773.0420532226564
2021-05-06 18:00:00,645.7320556640625
2021-05-06 19:00:00,585.19305419921875
2021-05-06 20:00:00,487.03802490234375
2021-05-06 21:00:00,339.7960205078125
2021-05-06 22:00:00,220.4700164794922
2021-05-06 23:00:00,103.4800033569336
2021-05-07 00:00:00,0
2021-05-07 01:00:00,0
2021-05-07 02:00:00,0
2021-05-07 03:00:00,0
2021-05-07 04:00:00,0
2021-05-07 05:00:00,0
2021-05-07 06:00:00,0
2021-05-07 07:00:00,0
2021-05-07 08:00:00,0
2021-05-07 09:00:00,0
2021-05-07 10:00:00,22.632001876831055
2021-05-07 11:00:00,173.59600830078125
2021-05-07 12:00:00,357.3360290527344
2021-05-07 13:00:00,537.488037109375
2021-05-07 14:00:00,714.34100341796875
2021-05-07 15:00:00,751.61602783203125
2021-05-07 16:00:00,818.8710327148436
2021-05-07 17:00:00,814.31402587890625
2021-05-07 18:00:00,603.67401123046875
2021-05-07 19:00:00,547.2440185546875
2021-05-07 20:00:00,455.7330322265625
2021-05-07 21:00:00,351.65802001953125
2021-05-07 22:00:00,228.84600830078125
2021-05-07 23:00:00,108.49200439453124
2021-05-08 00:00:00,0
2021-05-08 01:00:00,0
2021-05-08 02:00:00,0
2021-05-08 03:00:00,0
2021-05-08 04:00:00,0
2021-05-08 05:00:00,0
2021-05-08 06:00:00,0
2021-05-08 07:00:00,0
2021-05-08 08:00:00,0
2021-05-08 09:00:00,0
2021-05-08 10:00:00,17.200000762939453
2021-05-08 11:00:00,118.81600189208984
2021-05-08 12:00:00,208.3440093994141
2021-05-08 13:00:00,312.52801513671875
2021-05-08 14:00:00,414.81402587890625
2021-05-08 15:00:00,476.6980285644531
2021-05-08 16:00:00,519.175048828125
2021-05-08 17:00:00,516.19500732421875
2021-05-08 18:00:00,553.67901611328125
2021-05-08 19:00:00,502.0740356445313
2021-05-08 20:00:00,418.4020080566406
2021-05-08 21:00:00,348.0400085449219
2021-05-08 22:00:00,227.1400146484375
2021-05-08 23:00:00,108.74700164794922
2021-05-09 00:00:00,0
2021-05-09 01:00:00,0
2021-05-09 02:00:00,0
2021-05-09 03:00:00,0
2021-05-09 04:00:00,0
2021-05-09 05:00:00,0
2021-05-09 06:00:00,0
2021-05-09 07:00:00,0
2021-05-09 08:00:00,0
2021-05-09 09:00:00,0
2021-05-09 10:00:00,27.378002166748047
2021-05-09 11:00:00,172.86000061035156
2021-05-09 12:00:00,362.4640197753906
2021-05-09 13:00:00,542.28802490234375
2021-05-09 14:00:00,718.8780517578125
2021-05-09 15:00:00,773.4560546875
2021-05-09 16:00:00,842.05303955078125
2021-05-09 17:00:00,837.1220092773436
2021-05-09 18:00:00,569.427001953125
2021-05-09 19:00:00,516.51300048828125
2021-05-09 20:00:00,430.7080078125
2021-05-09 21:00:00,214.55300903320313
2021-05-09 22:00:00,140.42100524902344
2021-05-09 23:00:00,67.858001708984375
2021-05-10 00:00:00,0
2021-05-10 01:00:00,0
2021-05-10 02:00:00,0
2021-05-10 03:00:00,0
2021-05-10 04:00:00,0
2021-05-10 05:00:00,0
2021-05-10 06:00:00,0
2021-05-10 07:00:00,0
2021-05-10 08:00:00,0
2021-05-10 09:00:00,0
2021-05-10 10:00:00,13.884000778198242
2021-05-10 11:00:00,81.0560073852539
2021-05-10 12:00:00,246.30401611328125
2021-05-10 13:00:00,367.5840148925781
2021-05-10 14:00:00,486.676025390625
2021-05-10 15:00:00,598.96099853515625
2021-05-10 16:00:00,651.83404541015625
2021-05-10 17:00:00,647.9610595703125
2021-05-10 18:00:00,631.0400390625
2021-05-10 19:00:00,572.56903076171875
2021-05-10 20:00:00,477.7560119628906
2021-05-10 21:00:00,342.0610046386719
2021-05-10 22:00:00,224.50001525878903
2021-05-10 23:00:00,109.50300598144533
2021-05-11 00:00:00,0
2021-05-11 01:00:00,0
2021-05-11 02:00:00,0
2021-05-11 03:00:00,0
2021-05-11 04:00:00,0
2021-05-11 05:00:00,0
2021-05-11 06:00:00,0
2021-05-11 07:00:00,0
2021-05-11 08:00:00,0
2021-05-11 09:00:00,0
2021-05-11 10:00:00,32.70800018310547
2021-05-11 11:00:00,178.22401428222656
2021-05-11 12:00:00,371.2080078125
2021-05-11 13:00:00,552.6400146484375
2021-05-11 14:00:00,730.82305908203125
2021-05-11 15:00:00,800.7960205078125
2021-05-11 16:00:00,871.23504638671875
2021-05-11 17:00:00,865.9400634765625
2021-05-11 18:00:00,499.2220153808594
2021-05-11 19:00:00,453.10601806640625
2021-05-11 20:00:00,378.29400634765625
2021-05-11 21:00:00,306.3900146484375
2021-05-11 22:00:00,201.6370086669922
2021-05-11 23:00:00,99.21600341796876
2021-05-12 00:00:00,0
2021-05-12 01:00:00,0
2021-05-12 02:00:00,0
2021-05-12 03:00:00,0
2021-05-12 04:00:00,0
2021-05-12 05:00:00,0
2021-05-12 06:00:00,0
2021-05-12 07:00:00,0
2021-05-12 08:00:00,0
2021-05-12 09:00:00,0
2021-05-12 10:00:00,33.29600143432617
2021-05-12 11:00:00,170.64801025390625
2021-05-12 12:00:00,327.3520202636719
2021-05-12 13:00:00,486.2080383300781
2021-05-12 14:00:00,642.25201416015625
2021-05-12 15:00:00,826.780029296875
2021-05-12 16:00:00,899.22503662109375
2021-05-12 17:00:00,893.69305419921875
2021-05-12 18:00:00,711.93701171875
2021-05-12 19:00:00,646.37603759765625
2021-05-12 20:00:00,540.01605224609375
2021-05-12 21:00:00,362.2200317382813
2021-05-12 22:00:00,239.02801513671875
2021-05-12 23:00:00,118.6360092163086
2021-05-13 00:00:00,0
2021-05-13 01:00:00,0
2021-05-13 02:00:00,0
2021-05-13 03:00:00,0
2021-05-13 04:00:00,0
2021-05-13 05:00:00,0
2021-05-13 06:00:00,0
2021-05-13 07:00:00,0
2021-05-13 08:00:00,0
2021-05-13 09:00:00,0
2021-05-13 10:00:00,37.87600326538086
2021-05-13 11:00:00,183.7840118408203
2021-05-13 12:00:00,375.5520324707031
2021-05-13 13:00:00,556.55999755859375
2021-05-13 14:00:00,734.38702392578125
2021-05-13 15:00:00,833.5870361328125
2021-05-13 16:00:00,906.3460693359376
2021-05-13 17:00:00,900.695068359375
2021-05-13 18:00:00,842.54901123046875
2021-05-13 19:00:00,765.19805908203125
2021-05-13 20:00:00,639.69000244140625
2021-05-13 21:00:00,472.3160095214844
2021-05-13 22:00:00,312.5080261230469
2021-05-13 23:00:00,156.4080047607422
2021-05-14 00:00:00,0.9440000653266908
2021-05-14 01:00:00,0
2021-05-14 02:00:00,0
2021-05-14 03:00:00,0
2021-05-14 04:00:00,0
2021-05-14 05:00:00,0
2021-05-14 06:00:00,0
2021-05-14 07:00:00,0
2021-05-14 08:00:00,0
2021-05-14 09:00:00,0
2021-05-14 10:00:00,40.012001037597656
2021-05-14 11:00:00,184.8000030517578
2021-05-14 12:00:00,373.5760192871094
2021-05-14 13:00:00,552.447998046875
2021-05-14 14:00:00,728.19403076171875
2021-05-14 15:00:00,825.7900390625
2021-05-14 16:00:00,897.63006591796875
2021-05-14 17:00:00,891.96905517578125
2021-05-14 18:00:00,774.51702880859375
2021-05-14 19:00:00,703.63604736328125
2021-05-14 20:00:00,588.572998046875
2021-05-14 21:00:00,439.6400146484375
2021-05-14 22:00:00,291.64202880859375
2021-05-14 23:00:00,147.135009765625
2021-05-15 00:00:00,2.864000082015991
2021-05-15 01:00:00,0
2021-05-15 02:00:00,0
2021-05-15 03:00:00,0
2021-05-15 04:00:00,0
2021-05-15 05:00:00,0
2021-05-15 06:00:00,0
2021-05-15 07:00:00,0
2021-05-15 08:00:00,0
2021-05-15 09:00:00,0
2021-05-15 10:00:00,43.33600234985352
2021-05-15 11:00:00,191.4320068359375
2021-05-15 12:00:00,372.7120056152344
2021-05-15 13:00:00,550.03204345703125
2021-05-15 14:00:00,724.2920532226564
2021-05-15 15:00:00,808.46905517578125
2021-05-15 16:00:00,878.5760498046875
2021-05-15 17:00:00,872.97705078125
2021-05-15 18:00:00,830.1260375976564
2021-05-15 19:00:00,754.38201904296875
2021-05-15 20:00:00,631.43804931640625
2021-05-15 21:00:00,469.7200317382813
2021-05-15 22:00:00,312.3900146484375
2021-05-15 23:00:00,158.84201049804688
2021-05-16 00:00:00,4.800000190734863
2021-05-16 01:00:00,0
2021-05-16 02:00:00,0
2021-05-16 03:00:00,0
2021-05-16 04:00:00,0
2021-05-16 05:00:00,0
2021-05-16 06:00:00,0
2021-05-16 07:00:00,0
2021-05-16 08:00:00,0
2021-05-16 09:00:00,0
2021-05-16 10:00:00,26.20400047302246
2021-05-16 11:00:00,111.16000366210938
2021-05-16 12:00:00,364.5040283203125
2021-05-16 13:00:00,536.864013671875
2021-05-16 14:00:00,706.26800537109375
2021-05-16 15:00:00,797.5780639648436
2021-05-16 16:00:00,866.5460205078125
2021-05-16 17:00:00,860.9600219726564
2021-05-16 18:00:00,684.71905517578125
2021-05-16 19:00:00,622.43902587890625
2021-05-16 20:00:00,521.31201171875
2021-05-16 21:00:00,408.6460266113281
2021-05-16 22:00:00,272.46002197265625
2021-05-16 23:00:00,139.58399963378906
2021-05-17 00:00:00,5.168000221252441
2021-05-17 01:00:00,0
2021-05-17 02:00:00,0
2021-05-17 03:00:00,0
2021-05-17 04:00:00,0
2021-05-17 05:00:00,0
2021-05-17 06:00:00,0
2021-05-17 07:00:00,0
2021-05-17 08:00:00,0
2021-05-17 09:00:00,0
2021-05-17 10:00:00,46.00400161743164
2021-05-17 11:00:00,188.0800018310547
2021-05-17 12:00:00,375.280029296875
2021-05-17 13:00:00,551.696044921875
2021-05-17 14:00:00,725.1290283203125
2021-05-17 15:00:00,774.5660400390625
2021-05-17 16:00:00,841.34405517578125
2021-05-17 17:00:00,835.8720092773436
2021-05-17 18:00:00,740.03204345703125
2021-05-17 19:00:00,672.94805908203125
2021-05-17 20:00:00,563.94500732421875
2021-05-17 21:00:00,441.2710266113281
2021-05-17 22:00:00,294.93402099609375
2021-05-17 23:00:00,152.21900939941406
2021-05-18 00:00:00,4.544000148773193
2021-05-18 01:00:00,0
2021-05-18 02:00:00,0
2021-05-18 03:00:00,0
2021-05-18 04:00:00,0
2021-05-18 05:00:00,0
2021-05-18 06:00:00,0
2021-05-18 07:00:00,0
2021-05-18 08:00:00,0
2021-05-18 09:00:00,0
2021-05-18 10:00:00,47.30400085449219
2021-05-18 11:00:00,186.9600067138672
2021-05-18 12:00:00,373.64801025390625
2021-05-18 13:00:00,548.32000732421875
2021-05-18 14:00:00,720.05206298828125
2021-05-18 15:00:00,819.445068359375
2021-05-18 16:00:00,889.89202880859375
2021-05-18 17:00:00,884.10205078125
2021-05-18 18:00:00,825.612060546875
2021-05-18 19:00:00,751.0030517578125
2021-05-18 20:00:00,629.75201416015625
2021-05-18 21:00:00,465.4930114746094
2021-05-18 22:00:00,311.8620300292969
2021-05-18 23:00:00,162.09201049804688
2021-05-19 00:00:00,5.616000175476074
2021-05-19 01:00:00,0
2021-05-19 02:00:00,0
2021-05-19 03:00:00,0
2021-05-19 04:00:00,0
2021-05-19 05:00:00,0
2021-05-19 06:00:00,0
2021-05-19 07:00:00,0
2021-05-19 08:00:00,0
2021-05-19 09:00:00,0
2021-05-19 10:00:00,49.492000579833984
2021-05-19 11:00:00,189.656005859375
2021-05-19 12:00:00,374.18402099609375
2021-05-19 13:00:00,548.1600341796875
2021-05-19 14:00:00,719.25103759765625
2021-05-19 15:00:00,816.94403076171875
2021-05-19 16:00:00,887.01104736328125
2021-05-19 17:00:00,881.19903564453125
2021-05-19 18:00:00,825.8690185546875
2021-05-19 19:00:00,751.48004150390625
2021-05-19 20:00:00,630.52001953125
2021-05-19 21:00:00,468.0040283203125
2021-05-19 22:00:00,314.2610168457031
2021-05-19 23:00:00,164.47601318359375
2021-05-20 00:00:00,6.656000137329102
2021-05-20 01:00:00,0
2021-05-20 02:00:00,0
2021-05-20 03:00:00,0
2021-05-20 04:00:00,0
2021-05-20 05:00:00,0
2021-05-20 06:00:00,0
2021-05-20 07:00:00,0
2021-05-20 08:00:00,0
2021-05-20 09:00:00,0
2021-05-20 10:00:00,50.66400146484375
2021-05-20 11:00:00,188.70401000976565
2021-05-20 12:00:00,367.6880187988281
2021-05-20 13:00:00,537.760009765625
2021-05-20 14:00:00,705.05401611328125
2021-05-20 15:00:00,801.34600830078125
2021-05-20 16:00:00,869.92401123046875
2021-05-20 17:00:00,864.2080688476564
2021-05-20 18:00:00,792.4510498046875
2021-05-20 19:00:00,721.2940063476564
2021-05-20 20:00:00,605.56402587890625
2021-05-20 21:00:00,427.7370300292969
2021-05-20 22:00:00,287.8910217285156
2021-05-20 23:00:00,151.6680145263672
2021-05-21 00:00:00,9.68000030517578
2021-05-21 01:00:00,0
2021-05-21 02:00:00,0
2021-05-21 03:00:00,0
2021-05-21 04:00:00,0
2021-05-21 05:00:00,0
2021-05-21 06:00:00,0
2021-05-21 07:00:00,0
2021-05-21 08:00:00,0
2021-05-21 09:00:00,0
2021-05-21 10:00:00,52.05600357055664
2021-05-21 11:00:00,188.8800048828125
2021-05-21 12:00:00,373.7360229492187
2021-05-21 13:00:00,545.760009765625
2021-05-21 14:00:00,714.9990234375
2021-05-21 15:00:00,809.94805908203125
2021-05-21 16:00:00,879.11102294921875
2021-05-21 17:00:00,873.3330688476564
2021-05-21 18:00:00,815.8780517578125
2021-05-21 19:00:00,742.8670654296875
2021-05-21 20:00:00,624.03900146484375
2021-05-21 21:00:00,465.6410217285156
2021-05-21 22:00:00,314.1100158691406
2021-05-21 23:00:00,166.5570068359375
2021-05-22 00:00:00,9.184000015258787
2021-05-22 01:00:00,0
2021-05-22 02:00:00,0
2021-05-22 03:00:00,0
2021-05-22 04:00:00,0
2021-05-22 05:00:00,0
2021-05-22 06:00:00,0
2021-05-22 07:00:00,0
2021-05-22 08:00:00,0
2021-05-22 09:00:00,0
2021-05-22 10:00:00,45.74800109863281
2021-05-22 11:00:00,162.04400634765625
2021-05-22 12:00:00,242.03201293945313
2021-05-22 13:00:00,352.9120178222656
2021-05-22 14:00:00,462.030029296875
2021-05-22 15:00:00,714.72003173828125
2021-05-22 16:00:00,775.6200561523436
2021-05-22 17:00:00,770.5440063476564
2021-05-22 18:00:00,709.02203369140625
2021-05-22 19:00:00,645.77203369140625
2021-05-22 20:00:00,542.781005859375
2021-05-22 21:00:00,401.95703125
2021-05-22 22:00:00,271.7480163574219
2021-05-22 23:00:00,144.9910125732422
2021-05-23 00:00:00,12.512001037597656
2021-05-23 01:00:00,0
2021-05-23 02:00:00,0
2021-05-23 03:00:00,0
2021-05-23 04:00:00,0
2021-05-23 05:00:00,0
2021-05-23 06:00:00,0
2021-05-23 07:00:00,0
2021-05-23 08:00:00,0
2021-05-23 09:00:00,0
2021-05-23 10:00:00,54.78000259399414
2021-05-23 11:00:00,189.77601623535156
2021-05-23 12:00:00,370.3440246582031
2021-05-23 13:00:00,539.2640380859375
2021-05-23 14:00:00,705.50201416015625
2021-05-23 15:00:00,802.748046875
2021-05-23 16:00:00,871.02203369140625
2021-05-23 17:00:00,865.3280639648436
2021-05-23 18:00:00,690.4820556640625
2021-05-23 19:00:00,629.11602783203125
2021-05-23 20:00:00,529.0670166015625
2021-05-23 21:00:00,339.8570251464844
2021-05-23 22:00:00,230.24301147460935
2021-05-23 23:00:00,123.59400939941406
2021-05-24 00:00:00,12.624000549316406
2021-05-24 01:00:00,0
2021-05-24 02:00:00,0
2021-05-24 03:00:00,0
2021-05-24 04:00:00,0
2021-05-24 05:00:00,0
2021-05-24 06:00:00,0
2021-05-24 07:00:00,0
2021-05-24 08:00:00,0
2021-05-24 09:00:00,0
2021-05-24 10:00:00,45.82000350952149
2021-05-24 11:00:00,155.50401306152344
2021-05-24 12:00:00,368.72802734375
2021-05-24 13:00:00,536.1920166015625
2021-05-24 14:00:00,701.04302978515625
2021-05-24 15:00:00,660.50604248046875
2021-05-24 16:00:00,716.62005615234375
2021-05-24 17:00:00,711.9150390625
2021-05-24 18:00:00,517.11602783203125
2021-05-24 19:00:00,471.2890319824219
2021-05-24 20:00:00,396.5840148925781
2021-05-24 21:00:00,287.34100341796875
2021-05-24 22:00:00,195.07701110839844
2021-05-24 23:00:00,105.33000183105467
2021-05-25 00:00:00,11.104000091552734
2021-05-25 01:00:00,0
2021-05-25 02:00:00,0
2021-05-25 03:00:00,0
2021-05-25 04:00:00,0
2021-05-25 05:00:00,0
2021-05-25 06:00:00,0
2021-05-25 07:00:00,0
2021-05-25 08:00:00,0
2021-05-25 09:00:00,0
2021-05-25 10:00:00,45.21600341796875
2021-05-25 11:00:00,150.56800842285156
2021-05-25 12:00:00,283.9440002441406
2021-05-25 13:00:00,412.384033203125
2021-05-25 14:00:00,538.8570556640625
2021-05-25 15:00:00,576.2440185546875
2021-05-25 16:00:00,625.1240234375
2021-05-25 17:00:00,621.0550537109375
2021-05-25 18:00:00,727.67901611328125
2021-05-25 19:00:00,663.41400146484375
2021-05-25 20:00:00,558.56304931640625
2021-05-25 21:00:00,469.4010314941406
2021-05-25 22:00:00,319.3210144042969
2021-05-25 23:00:00,173.36801147460938
2021-05-26 00:00:00,13.648000717163086
2021-05-26 01:00:00,0
2021-05-26 02:00:00,0
2021-05-26 03:00:00,0
2021-05-26 04:00:00,0
2021-05-26 05:00:00,0
2021-05-26 06:00:00,0
2021-05-26 07:00:00,0
2021-05-26 08:00:00,0
2021-05-26 09:00:00,0
2021-05-26 10:00:00,59.35600280761719
2021-05-26 11:00:00,194.2320098876953
2021-05-26 12:00:00,372.0560302734375
2021-05-26 13:00:00,539.7120361328125
2021-05-26 14:00:00,704.8330078125
2021-05-26 15:00:00,803.3780517578125
2021-05-26 16:00:00,871.44305419921875
2021-05-26 17:00:00,865.7930297851564
2021-05-26 18:00:00,814.716064453125
2021-05-26 19:00:00,743.00604248046875
2021-05-26 20:00:00,625.91302490234375
2021-05-26 21:00:00,354.0560302734375
2021-05-26 22:00:00,241.3260040283203
2021-05-26 23:00:00,131.74000549316406
2021-05-27 00:00:00,12.720000267028809
2021-05-27 01:00:00,0
2021-05-27 02:00:00,0
2021-05-27 03:00:00,0
2021-05-27 04:00:00,0
2021-05-27 05:00:00,0
2021-05-27 06:00:00,0
2021-05-27 07:00:00,0
2021-05-27 08:00:00,0
2021-05-27 09:00:00,0
2021-05-27 10:00:00,62.656002044677734
2021-05-27 11:00:00,201.74400329589844
2021-05-27 12:00:00,390.5600280761719
2021-05-27 13:00:00,565.93603515625
2021-05-27 14:00:00,738.6800537109375
2021-05-27 15:00:00,808.780029296875
2021-05-27 16:00:00,877.22003173828125
2021-05-27 17:00:00,871.5840454101564
2021-05-27 18:00:00,759.968017578125
2021-05-27 19:00:00,693.2950439453125
2021-05-27 20:00:00,584.36199951171875
2021-05-27 21:00:00,434.60101318359375
2021-05-27 22:00:00,296.8059997558594
2021-05-27 23:00:00,162.88101196289065
2021-05-28 00:00:00,17.263999938964844
2021-05-28 01:00:00,0
2021-05-28 02:00:00,0
2021-05-28 03:00:00,0
2021-05-28 04:00:00,0
2021-05-28 05:00:00,0
2021-05-28 06:00:00,0
2021-05-28 07:00:00,0
2021-05-28 08:00:00,0
2021-05-28 09:00:00,0
2021-05-28 10:00:00,64.74800109863281
2021-05-28 11:00:00,205.4080047607422
2021-05-28 12:00:00,338.85601806640625
2021-05-28 13:00:00,490.5120239257813
2021-05-28 14:00:00,639.9200439453125
2021-05-28 15:00:00,520.05999755859375
2021-05-28 16:00:00,564.02703857421875
2021-05-28 17:00:00,560.427001953125
2021-05-28 18:00:00,275.5080261230469
2021-05-28 19:00:00,251.4080047607422
2021-05-28 20:00:00,212.02301025390625
2021-05-28 21:00:00,129.2360076904297
2021-05-28 22:00:00,88.41500091552734
2021-05-28 23:00:00,48.76800155639648
2021-05-29 00:00:00,7.232000350952148
2021-05-29 01:00:00,0
2021-05-29 02:00:00,0
2021-05-29 03:00:00,0
2021-05-29 04:00:00,0
2021-05-29 05:00:00,0
2021-05-29 06:00:00,0
2021-05-29 07:00:00,0
2021-05-29 08:00:00,0
2021-05-29 09:00:00,0
2021-05-29 10:00:00,17.716001510620117
2021-05-29 11:00:00,55.44000244140625
2021-05-29 12:00:00,87.96800231933594
2021-05-29 13:00:00,127.21500396728516
2021-05-29 14:00:00,165.89500427246094
2021-05-29 15:00:00,192.26800537109375
2021-05-29 16:00:00,208.5080108642578
2021-05-29 17:00:00,207.1970062255859
2021-05-29 18:00:00,185.0330047607422
2021-05-29 19:00:00,168.92100524902344
2021-05-29 20:00:00,142.531005859375
2021-05-29 21:00:00,116.6290054321289
2021-05-29 22:00:00,79.94700622558594
2021-05-29 23:00:00,44.314002990722656
2021-05-30 00:00:00,8.720000267028809
2021-05-30 01:00:00,0
2021-05-30 02:00:00,0
2021-05-30 03:00:00,0
2021-05-30 04:00:00,0
2021-05-30 05:00:00,0
2021-05-30 06:00:00,0
2021-05-30 07:00:00,0
2021-05-30 08:00:00,0
2021-05-30 09:00:00,0
2021-05-30 10:00:00,18.81599998474121
2021-05-30 11:00:00,58.14400100708008
2021-05-30 12:00:00,102.06400299072266
2021-05-30 13:00:00,147.47300720214844
2021-05-30 14:00:00,192.23001098632813
2021-05-30 15:00:00,163.3310089111328
2021-05-30 16:00:00,177.1120147705078
2021-05-30 17:00:00,176.02500915527344
2021-05-30 18:00:00,207.89401245117188
2021-05-30 19:00:00,189.81800842285156
2021-05-30 20:00:00,160.2530059814453
2021-05-30 21:00:00,103.09300231933594
2021-05-30 22:00:00,70.78700256347656
2021-05-30 23:00:00,39.41300201416016
2021-05-31 00:00:00,5.504000186920166
2021-05-31 01:00:00,0
2021-05-31 02:00:00,0
2021-05-31 03:00:00,0
2021-05-31 04:00:00,0
2021-05-31 05:00:00,0
2021-05-31 06:00:00,0
2021-05-31 07:00:00,0
2021-05-31 08:00:00,0
2021-05-31 09:00:00,0
2021-05-31 10:00:00,23.608001708984375
2021-05-31 11:00:00,72.10400390625
2021-05-31 12:00:00,171.72000122070313
2021-05-31 13:00:00,247.9050140380859
2021-05-31 14:00:00,323.0110168457031
2021-05-31 15:00:00,366.6440124511719
2021-05-31 16:00:00,397.5900268554687
2021-05-31 17:00:00,395.1380310058594
2021-05-31 18:00:00,606.36505126953125
2021-05-31 19:00:00,553.85205078125
2021-05-31 20:00:00,467.8280334472656
2021-05-31 21:00:00,484.1790161132813
2021-05-31 22:00:00,333.051025390625
2021-05-31 23:00:00,186.29400634765625
2021-06-01 00:00:00,18.560001373291016
2021-06-01 01:00:00,0
2021-06-01 02:00:00,0
2021-06-01 03:00:00,0
2021-06-01 04:00:00,0
2021-06-01 05:00:00,0
2021-06-01 06:00:00,0
2021-06-01 07:00:00,0
2021-06-01 08:00:00,0
2021-06-01 09:00:00,0
2021-06-01 10:00:00,57.660003662109375
2021-06-01 11:00:00,174.25601196289065
2021-06-01 12:00:00,273.8960266113281
2021-06-01 13:00:00,401.1360168457031
2021-06-01 14:00:00,514.33905029296875
2021-06-01 15:00:00,583.57000732421875
2021-06-01 16:00:00,629.780029296875
2021-06-01 17:00:00,636.72003173828125
2021-06-01 18:00:00,715.60101318359375
2021-06-01 19:00:00,661.31005859375
2021-06-01 20:00:00,572.01904296875
2021-06-01 21:00:00,520.6800537109375
2021-06-01 22:00:00,348.4870300292969
2021-06-01 23:00:00,195.76800537109375
2021-06-02 00:00:00,19.45600128173828
2021-06-02 01:00:00,0
2021-06-02 02:00:00,0
2021-06-02 03:00:00,0
2021-06-02 04:00:00,0
2021-06-02 05:00:00,0
2021-06-02 06:00:00,0
2021-06-02 07:00:00,0
2021-06-02 08:00:00,0
2021-06-02 09:00:00,0
2021-06-02 10:00:00,65.5040054321289
2021-06-02 11:00:00,196.04000854492188
2021-06-02 12:00:00,363.18402099609375
2021-06-02 13:00:00,531.510009765625
2021-06-02 14:00:00,681.31500244140625
2021-06-02 15:00:00,586.39404296875
2021-06-02 16:00:00,632.82904052734375
2021-06-02 17:00:00,639.85205078125
2021-06-02 18:00:00,482.2900085449219
2021-06-02 19:00:00,445.822021484375
2021-06-02 20:00:00,385.8040161132813
2021-06-02 21:00:00,347.8370056152344
2021-06-02 22:00:00,233.18701171875
2021-06-02 23:00:00,131.54901123046875
2021-06-03 00:00:00,26.816001892089844
2021-06-03 01:00:00,0
2021-06-03 02:00:00,0
2021-06-03 03:00:00,0
2021-06-03 04:00:00,0
2021-06-03 05:00:00,0
2021-06-03 06:00:00,0
2021-06-03 07:00:00,0
2021-06-03 08:00:00,0
2021-06-03 09:00:00,0
2021-06-03 10:00:00,28.680002212524418
2021-06-03 11:00:00,85.08000183105469
2021-06-03 12:00:00,225.47201538085935
2021-06-03 13:00:00,329.7740173339844
2021-06-03 14:00:00,422.5910339355469
2021-06-03 15:00:00,711.28802490234375
2021-06-03 16:00:00,767.612060546875
2021-06-03 17:00:00,776.2120361328125
2021-06-03 18:00:00,789.4510498046875
2021-06-03 19:00:00,729.98101806640625
2021-06-03 20:00:00,632.02105712890625
2021-06-03 21:00:00,459.3160095214844
2021-06-03 22:00:00,308.4090270996094
2021-06-03 23:00:00,174.677001953125
2021-06-04 00:00:00,20.54400062561035
2021-06-04 01:00:00,0
2021-06-04 02:00:00,0
2021-06-04 03:00:00,0
2021-06-04 04:00:00,0
2021-06-04 05:00:00,0
2021-06-04 06:00:00,0
2021-06-04 07:00:00,0
2021-06-04 08:00:00,0
2021-06-04 09:00:00,0
2021-06-04 10:00:00,65.45600128173828
2021-06-04 11:00:00,192.6400146484375
2021-06-04 12:00:00,333.66400146484375
2021-06-04 13:00:00,487.70703125
2021-06-04 14:00:00,624.84600830078125
2021-06-04 15:00:00,699.781005859375
2021-06-04 16:00:00,755.2040405273436
2021-06-04 17:00:00,763.737060546875
2021-06-04 18:00:00,667.02801513671875
2021-06-04 19:00:00,616.99200439453125
2021-06-04 20:00:00,534.446044921875
2021-06-04 21:00:00,407.4250183105469
2021-06-04 22:00:00,273.9800109863281
2021-06-04 23:00:00,155.7840118408203
2021-06-05 00:00:00,21.184001922607425
2021-06-05 01:00:00,0
2021-06-05 02:00:00,0
2021-06-05 03:00:00,0
2021-06-05 04:00:00,0
2021-06-05 05:00:00,0
2021-06-05 06:00:00,0
2021-06-05 07:00:00,0
2021-06-05 08:00:00,0
2021-06-05 09:00:00,0
2021-06-05 10:00:00,66.8080062866211
2021-06-05 11:00:00,195.21600341796875
2021-06-05 12:00:00,370.0880126953125
2021-06-05 13:00:00,540.67803955078125
2021-06-05 14:00:00,692.571044921875
2021-06-05 15:00:00,816.01605224609375
2021-06-05 16:00:00,880.68701171875
2021-06-05 17:00:00,890.739013671875
2021-06-05 18:00:00,835.49005126953125
2021-06-05 19:00:00,773.0420532226564
2021-06-05 20:00:00,669.927001953125
2021-06-05 21:00:00,515.25604248046875
2021-06-05 22:00:00,346.9880065917969
2021-06-05 23:00:00,198.01901245117188
2021-06-06 00:00:00,21.360000610351563
2021-06-06 01:00:00,0
2021-06-06 02:00:00,0
2021-06-06 03:00:00,0
2021-06-06 04:00:00,0
2021-06-06 05:00:00,0
2021-06-06 06:00:00,0
2021-06-06 07:00:00,0
2021-06-06 08:00:00,0
2021-06-06 09:00:00,0
2021-06-06 10:00:00,67.56000518798828
2021-06-06 11:00:00,196.15200805664065
2021-06-06 12:00:00,368.4320068359375
2021-06-06 13:00:00,538.03399658203125
2021-06-06 14:00:00,689.0460205078125
2021-06-06 15:00:00,811.34906005859375
2021-06-06 16:00:00,875.67706298828125
2021-06-06 17:00:00,885.7870483398436
2021-06-06 18:00:00,836.510009765625
2021-06-06 19:00:00,774.2050170898436
2021-06-06 20:00:00,671.2430419921875
2021-06-06 21:00:00,518.69000244140625
2021-06-06 22:00:00,349.7900085449219
2021-06-06 23:00:00,200.3330078125
2021-06-07 00:00:00,21.920001983642575
2021-06-07 01:00:00,0
2021-06-07 02:00:00,0
2021-06-07 03:00:00,0
2021-06-07 04:00:00,0
2021-06-07 05:00:00,0
2021-06-07 06:00:00,0
2021-06-07 07:00:00,0
2021-06-07 08:00:00,0
2021-06-07 09:00:00,0
2021-06-07 10:00:00,67.01600646972656
2021-06-07 11:00:00,193.48001098632813
2021-06-07 12:00:00,366.2320251464844
2021-06-07 13:00:00,534.61102294921875
2021-06-07 14:00:00,684.56304931640625
2021-06-07 15:00:00,807.5420532226564
2021-06-07 16:00:00,871.6210327148436
2021-06-07 17:00:00,881.76904296875
2021-06-07 18:00:00,757.281005859375
2021-06-07 19:00:00,701.09600830078125
2021-06-07 20:00:00,608.135009765625
2021-06-07 21:00:00,426.20703125
2021-06-07 22:00:00,287.81500244140625
2021-06-07 23:00:00,165.38101196289065
2021-06-08 00:00:00,21.40800094604492
2021-06-08 01:00:00,0
2021-06-08 02:00:00,0
2021-06-08 03:00:00,0
2021-06-08 04:00:00,0
2021-06-08 05:00:00,0
2021-06-08 06:00:00,0
2021-06-08 07:00:00,0
2021-06-08 08:00:00,0
2021-06-08 09:00:00,0
2021-06-08 10:00:00,55.012001037597656
2021-06-08 11:00:00,158.04000854492188
2021-06-08 12:00:00,232.5360107421875
2021-06-08 13:00:00,339.3340148925781
2021-06-08 14:00:00,434.4590148925781
2021-06-08 15:00:00,599.64404296875
2021-06-08 16:00:00,647.2840576171875
2021-06-08 17:00:00,654.9010009765625
2021-06-08 18:00:00,384.1920166015625
2021-06-08 19:00:00,355.7960205078125
2021-06-08 20:00:00,308.7560119628906
2021-06-08 21:00:00,329.9950256347656
2021-06-08 22:00:00,223.135009765625
2021-06-08 23:00:00,128.6330108642578
2021-06-09 00:00:00,17.536001205444336
2021-06-09 01:00:00,0
2021-06-09 02:00:00,0
2021-06-09 03:00:00,0
2021-06-09 04:00:00,0
2021-06-09 05:00:00,0
2021-06-09 06:00:00,0
2021-06-09 07:00:00,0
2021-06-09 08:00:00,0
2021-06-09 09:00:00,0
2021-06-09 10:00:00,65.16400146484375
2021-06-09 11:00:00,186.416015625
2021-06-09 12:00:00,338.3600158691406
2021-06-09 13:00:00,493.6310119628906
2021-06-09 14:00:00,631.96002197265625
2021-06-09 15:00:00,778.487060546875
2021-06-09 16:00:00,840.3690185546875
2021-06-09 17:00:00,850.384033203125
2021-06-09 18:00:00,819.0450439453125
2021-06-09 19:00:00,758.69305419921875
2021-06-09 20:00:00,658.66204833984375
2021-06-09 21:00:00,427.0250244140625
2021-06-09 22:00:00,289.11199951171875
2021-06-09 23:00:00,167.16600036621094
2021-06-10 00:00:00,23.1200008392334
2021-06-10 01:00:00,0
2021-06-10 02:00:00,0
2021-06-10 03:00:00,0
2021-06-10 04:00:00,0
2021-06-10 05:00:00,0
2021-06-10 06:00:00,0
2021-06-10 07:00:00,0
2021-06-10 08:00:00,0
2021-06-10 09:00:00,0
2021-06-10 10:00:00,68.4520034790039
2021-06-10 11:00:00,195.1280059814453
2021-06-10 12:00:00,372.8080139160156
2021-06-10 13:00:00,543.75799560546875
2021-06-10 14:00:00,696.11505126953125
2021-06-10 15:00:00,823.614013671875
2021-06-10 16:00:00,889.175048828125
2021-06-10 17:00:00,899.90704345703125
2021-06-10 18:00:00,848.1250610351564
2021-06-10 19:00:00,785.873046875
2021-06-10 20:00:00,682.552001953125
2021-06-10 21:00:00,529.17303466796875
2021-06-10 22:00:00,358.6930236816406
2021-06-10 23:00:00,208.01400756835935
2021-06-11 00:00:00,25.88800048828125
2021-06-11 01:00:00,0
2021-06-11 02:00:00,0
2021-06-11 03:00:00,0
2021-06-11 04:00:00,0
2021-06-11 05:00:00,0
2021-06-11 06:00:00,0
2021-06-11 07:00:00,0
2021-06-11 08:00:00,0
2021-06-11 09:00:00,0
2021-06-11 10:00:00,69.28400421142578
2021-06-11 11:00:00,196.92800903320313
2021-06-11 12:00:00,294.96002197265625
2021-06-11 13:00:00,430.14703369140625
2021-06-11 14:00:00,550.65704345703125
2021-06-11 15:00:00,483.78802490234375
2021-06-11 16:00:00,522.33502197265625
2021-06-11 17:00:00,528.72601318359375
2021-06-11 18:00:00,503.135009765625
2021-06-11 19:00:00,466.3400268554687
2021-06-11 20:00:00,405.1730041503906
2021-06-11 21:00:00,378.572021484375
2021-06-11 22:00:00,256.9120178222656
2021-06-11 23:00:00,149.39801025390625
2021-06-12 00:00:00,30.38400077819824
2021-06-12 01:00:00,0
2021-06-12 02:00:00,0
2021-06-12 03:00:00,0
2021-06-12 04:00:00,0
2021-06-12 05:00:00,0
2021-06-12 06:00:00,0
2021-06-12 07:00:00,0
2021-06-12 08:00:00,0
2021-06-12 09:00:00,0
2021-06-12 10:00:00,33.2400016784668
2021-06-12 11:00:00,94.272003173828125
2021-06-12 12:00:00,168.21600341796875
2021-06-12 13:00:00,245.29800415039065
2021-06-12 14:00:00,314.0290222167969
2021-06-12 15:00:00,450.5790100097656
2021-06-12 16:00:00,486.5440368652344
2021-06-12 17:00:00,492.5730285644531
2021-06-12 18:00:00,483.1770324707031
2021-06-12 19:00:00,447.9520263671875
2021-06-12 20:00:00,389.3630065917969
2021-06-12 21:00:00,378.2440185546875
2021-06-12 22:00:00,256.97100830078125
2021-06-12 23:00:00,149.81600952148438
2021-06-13 00:00:00,28.288002014160156
2021-06-13 01:00:00,0
2021-06-13 02:00:00,0
2021-06-13 03:00:00,0
2021-06-13 04:00:00,0
2021-06-13 05:00:00,0
2021-06-13 06:00:00,0
2021-06-13 07:00:00,0
2021-06-13 08:00:00,0
2021-06-13 09:00:00,0
2021-06-13 10:00:00,65.80000305175781
2021-06-13 11:00:00,186.30401611328125
2021-06-13 12:00:00,350.8480224609375
2021-06-13 13:00:00,511.5980224609375
2021-06-13 14:00:00,654.97100830078125
2021-06-13 15:00:00,817.78106689453125
2021-06-13 16:00:00,883.17803955078125
2021-06-13 17:00:00,894.22503662109375
2021-06-13 18:00:00,775.1080322265625
2021-06-13 19:00:00,718.78704833984375
2021-06-13 20:00:00,624.9840087890625
2021-06-13 21:00:00,370.91302490234375
2021-06-13 22:00:00,252.24301147460935
2021-06-13 23:00:00,147.42300415039065
2021-06-14 00:00:00,26.288002014160156
2021-06-14 01:00:00,0
2021-06-14 02:00:00,0
2021-06-14 03:00:00,0
2021-06-14 04:00:00,0
2021-06-14 05:00:00,0
2021-06-14 06:00:00,0
2021-06-14 07:00:00,0
2021-06-14 08:00:00,0
2021-06-14 09:00:00,0
2021-06-14 10:00:00,33.28000259399414
2021-06-14 11:00:00,94.13600158691406
2021-06-14 12:00:00,223.97601318359375
2021-06-14 13:00:00,326.60302734375
2021-06-14 14:00:00,418.1620178222656
2021-06-14 15:00:00,762.1070556640625
2021-06-14 16:00:00,823.1490478515625
2021-06-14 17:00:00,833.56402587890625
2021-06-14 18:00:00,573.48101806640625
2021-06-14 19:00:00,531.94403076171875
2021-06-14 20:00:00,462.718017578125
2021-06-14 21:00:00,378.9070129394531
2021-06-14 22:00:00,257.93499755859375
2021-06-14 23:00:00,151.09600830078125
2021-06-15 00:00:00,17.152000427246094
2021-06-15 01:00:00,0
2021-06-15 02:00:00,0
2021-06-15 03:00:00,0
2021-06-15 04:00:00,0
2021-06-15 05:00:00,0
2021-06-15 06:00:00,0
2021-06-15 07:00:00,0
2021-06-15 08:00:00,0
2021-06-15 09:00:00,0
2021-06-15 10:00:00,69.06000518798828
2021-06-15 11:00:00,195.2800140380859
2021-06-15 12:00:00,372.28802490234375
2021-06-15 13:00:00,542.904052734375
2021-06-15 14:00:00,695.16705322265625
2021-06-15 15:00:00,763.6620483398436
2021-06-15 16:00:00,824.925048828125
2021-06-15 17:00:00,835.510009765625
2021-06-15 18:00:00,622.6810302734375
2021-06-15 19:00:00,577.73699951171875
2021-06-15 20:00:00,502.7130126953125
2021-06-15 21:00:00,368.9800109863281
2021-06-15 22:00:00,251.4090118408203
2021-06-15 23:00:00,147.5900115966797
2021-06-16 00:00:00,27.216001510620117
2021-06-16 01:00:00,0
2021-06-16 02:00:00,0
2021-06-16 03:00:00,0
2021-06-16 04:00:00,0
2021-06-16 05:00:00,0
2021-06-16 06:00:00,0
2021-06-16 07:00:00,0
2021-06-16 08:00:00,0
2021-06-16 09:00:00,0
2021-06-16 10:00:00,71.0320053100586
2021-06-16 11:00:00,200.9040069580078
2021-06-16 12:00:00,384.3280334472656
2021-06-16 13:00:00,560.53204345703125
2021-06-16 14:00:00,717.8330078125
2021-06-16 15:00:00,845.55804443359375
2021-06-16 16:00:00,913.5400390625
2021-06-16 17:00:00,925.4180297851564
2021-06-16 18:00:00,784.54901123046875
2021-06-16 19:00:00,728.1090087890625
2021-06-16 20:00:00,633.74005126953125
2021-06-16 21:00:00,498.89501953125
2021-06-16 22:00:00,340.21600341796875
2021-06-16 23:00:00,200.1320037841797
2021-06-17 00:00:00,32.112003326416016
2021-06-17 01:00:00,0
2021-06-17 02:00:00,0
2021-06-17 03:00:00,0
2021-06-17 04:00:00,0
2021-06-17 05:00:00,0
2021-06-17 06:00:00,0
2021-06-17 07:00:00,0
2021-06-17 08:00:00,0
2021-06-17 09:00:00,0
2021-06-17 10:00:00,72.048004150390625
2021-06-17 11:00:00,203.95201110839844
2021-06-17 12:00:00,383.76800537109375
2021-06-17 13:00:00,559.8280029296875
2021-06-17 14:00:00,717.05401611328125
2021-06-17 15:00:00,843.35003662109375
2021-06-17 16:00:00,911.2960205078124
2021-06-17 17:00:00,923.2950439453124
2021-06-17 18:00:00,855.71405029296875
2021-06-17 19:00:00,794.3350219726564
2021-06-17 20:00:00,691.62200927734375
2021-06-17 21:00:00,465.68701171875
2021-06-17 22:00:00,317.8130187988281
2021-06-17 23:00:00,187.3050079345703
2021-06-18 00:00:00,34.41600036621094
2021-06-18 01:00:00,0
2021-06-18 02:00:00,0
2021-06-18 03:00:00,0
2021-06-18 04:00:00,0
2021-06-18 05:00:00,0
2021-06-18 06:00:00,0
2021-06-18 07:00:00,0
2021-06-18 08:00:00,0
2021-06-18 09:00:00,0
2021-06-18 10:00:00,71.048004150390625
2021-06-18 11:00:00,201.4320068359375
2021-06-18 12:00:00,378.2160034179687
2021-06-18 13:00:00,551.86700439453125
2021-06-18 14:00:00,706.988037109375
2021-06-18 15:00:00,823.5150146484375
2021-06-18 16:00:00,889.9990234375
2021-06-18 17:00:00,901.883056640625
2021-06-18 18:00:00,813.0560302734375
2021-06-18 19:00:00,754.89501953125
2021-06-18 20:00:00,657.4930419921875
2021-06-18 21:00:00,451.6880187988281
2021-06-18 22:00:00,308.4940185546875
2021-06-18 23:00:00,182.1320037841797
2021-06-19 00:00:00,32.560001373291016
2021-06-19 01:00:00,0
2021-06-19 02:00:00,0
2021-06-19 03:00:00,0
2021-06-19 04:00:00,0
2021-06-19 05:00:00,0
2021-06-19 06:00:00,0
2021-06-19 07:00:00,0
2021-06-19 08:00:00,0
2021-06-19 09:00:00,0
2021-06-19 10:00:00,63.99200439453125
2021-06-19 11:00:00,181.80801391601565
2021-06-19 12:00:00,365.1280212402344
2021-06-19 13:00:00,532.93499755859375
2021-06-19 14:00:00,682.864013671875
2021-06-19 15:00:00,804.38201904296875
2021-06-19 16:00:00,869.46405029296875
2021-06-19 17:00:00,881.23004150390625
2021-06-19 18:00:00,796.47601318359375
2021-06-19 19:00:00,739.6900634765625
2021-06-19 20:00:00,644.43505859375
2021-06-19 21:00:00,277.1700134277344
2021-06-19 22:00:00,189.43701171875
2021-06-19 23:00:00,112.0060043334961
2021-06-20 00:00:00,23.472002029418945
2021-06-20 01:00:00,0
2021-06-20 02:00:00,0
2021-06-20 03:00:00,0
2021-06-20 04:00:00,0
2021-06-20 05:00:00,0
2021-06-20 06:00:00,0
2021-06-20 07:00:00,0
2021-06-20 08:00:00,0
2021-06-20 09:00:00,0
2021-06-20 10:00:00,67.89200592041016
2021-06-20 11:00:00,193.4080047607422
2021-06-20 12:00:00,370.0000305175781
2021-06-20 13:00:00,540.2120361328125
2021-06-20 14:00:00,692.38104248046875
2021-06-20 15:00:00,823.5420532226564
2021-06-20 16:00:00,890.3350219726564
2021-06-20 17:00:00,902.5430297851564
2021-06-20 18:00:00,848.80303955078125
2021-06-20 19:00:00,788.44305419921875
2021-06-20 20:00:00,687.1080322265625
2021-06-20 21:00:00,531.08404541015625
2021-06-20 22:00:00,363.2300109863281
2021-06-20 23:00:00,215.0830078125
2021-06-21 00:00:00,28.52800178527832
2021-06-21 01:00:00,0
2021-06-21 02:00:00,0
2021-06-21 03:00:00,0
2021-06-21 04:00:00,0
2021-06-21 05:00:00,0
2021-06-21 06:00:00,0
2021-06-21 07:00:00,0
2021-06-21 08:00:00,0
2021-06-21 09:00:00,0
2021-06-21 10:00:00,65.5040054321289
2021-06-21 11:00:00,187.2320098876953
2021-06-21 12:00:00,361.6800231933594
2021-06-21 13:00:00,528.29803466796875
2021-06-21 14:00:00,677.27801513671875
2021-06-21 15:00:00,794.4830322265625
2021-06-21 16:00:00,859.09503173828125
2021-06-21 17:00:00,871.02105712890625
2021-06-21 18:00:00,818.800048828125
2021-06-21 19:00:00,760.72705078125
2021-06-21 20:00:00,663.13702392578125
2021-06-21 21:00:00,512.08599853515625
2021-06-21 22:00:00,350.45001220703125
2021-06-21 23:00:00,207.78700256347656
2021-06-22 00:00:00,30.624000549316406
2021-06-22 01:00:00,0
2021-06-22 02:00:00,0
2021-06-22 03:00:00,0
2021-06-22 04:00:00,0
2021-06-22 05:00:00,0
2021-06-22 06:00:00,0
2021-06-22 07:00:00,0
2021-06-22 08:00:00,0
2021-06-22 09:00:00,0
2021-06-22 10:00:00,32.784000396728516
2021-06-22 11:00:00,94.07200622558594
2021-06-22 12:00:00,155.68800354003906
2021-06-22 13:00:00,227.51800537109375
2021-06-22 14:00:00,291.7660217285156
2021-06-22 15:00:00,268.0110168457031
2021-06-22 16:00:00,289.86199951171875
2021-06-22 17:00:00,293.9350280761719
2021-06-22 18:00:00,250.0830078125
2021-06-22 19:00:00,232.40101623535156
2021-06-22 20:00:00,202.63101196289065
2021-06-22 21:00:00,352.7650146484375
2021-06-22 22:00:00,241.56301879882813
2021-06-22 23:00:00,143.3780059814453
2021-06-23 00:00:00,42.96000289916992
2021-06-23 01:00:00,0
2021-06-23 02:00:00,0
2021-06-23 03:00:00,0
2021-06-23 04:00:00,0
2021-06-23 05:00:00,0
2021-06-23 06:00:00,0
2021-06-23 07:00:00,0
2021-06-23 08:00:00,0
2021-06-23 09:00:00,0
2021-06-23 10:00:00,69.68800354003906
2021-06-23 11:00:00,200.9040069580078
2021-06-23 12:00:00,378.7840270996094
2021-06-23 13:00:00,553.8260498046875
2021-06-23 14:00:00,710.44805908203125
2021-06-23 15:00:00,836.23101806640625
2021-06-23 16:00:00,904.5850219726564
2021-06-23 17:00:00,917.48101806640625
2021-06-23 18:00:00,864.0780639648436
2021-06-23 19:00:00,803.1390380859375
2021-06-23 20:00:00,700.43505859375
2021-06-23 21:00:00,547.1800537109375
2021-06-23 22:00:00,374.8340148925781
2021-06-23 23:00:00,222.72401428222656
2021-06-24 00:00:00,34.09600067138672
2021-06-24 01:00:00,0
2021-06-24 02:00:00,0
2021-06-24 03:00:00,0
2021-06-24 04:00:00,0
2021-06-24 05:00:00,0
2021-06-24 06:00:00,0
2021-06-24 07:00:00,0
2021-06-24 08:00:00,0
2021-06-24 09:00:00,0
2021-06-24 10:00:00,68.68000030517578
2021-06-24 11:00:00,199.04000854492188
2021-06-24 12:00:00,375.3600158691406
2021-06-24 13:00:00,549.125
2021-06-24 14:00:00,704.66204833984375
2021-06-24 15:00:00,830.47503662109375
2021-06-24 16:00:00,898.54705810546875
2021-06-24 17:00:00,911.52001953125
2021-06-24 18:00:00,857.15802001953125
2021-06-24 19:00:00,796.8480224609375
2021-06-24 20:00:00,695.07904052734375
2021-06-24 21:00:00,544.64105224609375
2021-06-24 22:00:00,373.2650146484375
2021-06-24 23:00:00,221.98001098632813
2021-06-25 00:00:00,34.336002349853516
2021-06-25 01:00:00,0
2021-06-25 02:00:00,0
2021-06-25 03:00:00,0
2021-06-25 04:00:00,0
2021-06-25 05:00:00,0
2021-06-25 06:00:00,0
2021-06-25 07:00:00,0
2021-06-25 08:00:00,0
2021-06-25 09:00:00,0
2021-06-25 10:00:00,66.85200500488281
2021-06-25 11:00:00,194.8880157470703
2021-06-25 12:00:00,372.7120056152344
2021-06-25 13:00:00,545.58404541015625
2021-06-25 14:00:00,700.39300537109375
2021-06-25 15:00:00,805.39105224609375
2021-06-25 16:00:00,871.59002685546875
2021-06-25 17:00:00,884.3580322265625
2021-06-25 18:00:00,814.4520263671875
2021-06-25 19:00:00,757.2890625
2021-06-25 20:00:00,660.7030029296875
2021-06-25 21:00:00,520.38800048828125
2021-06-25 22:00:00,356.7560119628906
2021-06-25 23:00:00,212.3150177001953
2021-06-26 00:00:00,43.85600280761719
2021-06-26 01:00:00,0
2021-06-26 02:00:00,0
2021-06-26 03:00:00,0
2021-06-26 04:00:00,0
2021-06-26 05:00:00,0
2021-06-26 06:00:00,0
2021-06-26 07:00:00,0
2021-06-26 08:00:00,0
2021-06-26 09:00:00,0
2021-06-26 10:00:00,62.52400207519531
2021-06-26 11:00:00,183.4560089111328
2021-06-26 12:00:00,330.3280029296875
2021-06-26 13:00:00,483.85601806640625
2021-06-26 14:00:00,621.4010009765625
2021-06-26 15:00:00,688.96405029296875
2021-06-26 16:00:00,745.76104736328125
2021-06-26 17:00:00,756.80804443359375
2021-06-26 18:00:00,743.406005859375
2021-06-26 19:00:00,691.3380126953125
2021-06-26 20:00:00,603.2860107421875
2021-06-26 21:00:00,487.9800109863281
2021-06-26 22:00:00,334.6360168457031
2021-06-26 23:00:00,199.27000427246097
2021-06-27 00:00:00,51.20000076293945
2021-06-27 01:00:00,0
2021-06-27 02:00:00,0
2021-06-27 03:00:00,0
2021-06-27 04:00:00,0
2021-06-27 05:00:00,0
2021-06-27 06:00:00,0
2021-06-27 07:00:00,0
2021-06-27 08:00:00,0
2021-06-27 09:00:00,0
2021-06-27 10:00:00,62.78000259399414
2021-06-27 11:00:00,185.5600128173828
2021-06-27 12:00:00,357.280029296875
2021-06-27 13:00:00,523.7120361328125
2021-06-27 14:00:00,672.863037109375
2021-06-27 15:00:00,800.72503662109375
2021-06-27 16:00:00,866.925048828125
2021-06-27 17:00:00,879.95703125
2021-06-27 18:00:00,811.0000610351564
2021-06-27 19:00:00,754.33905029296875
2021-06-27 20:00:00,658.3590087890625
2021-06-27 21:00:00,506.7430114746094
2021-06-27 22:00:00,347.614013671875
2021-06-27 23:00:00,207.07701110839844
2021-06-28 00:00:00,30.112001419067383
2021-06-28 01:00:00,0
2021-06-28 02:00:00,0
2021-06-28 03:00:00,0
2021-06-28 04:00:00,0
2021-06-28 05:00:00,0
2021-06-28 06:00:00,0
2021-06-28 07:00:00,0
2021-06-28 08:00:00,0
2021-06-28 09:00:00,0
2021-06-28 10:00:00,62.13600158691406
2021-06-28 11:00:00,185.12001037597656
2021-06-28 12:00:00,357.2640075683594
2021-06-28 13:00:00,524.09600830078125
2021-06-28 14:00:00,673.65704345703125
2021-06-28 15:00:00,800.0780639648436
2021-06-28 16:00:00,866.4510498046875
2021-06-28 17:00:00,879.61602783203125
2021-06-28 18:00:00,828.32501220703125
2021-06-28 19:00:00,770.52703857421875
2021-06-28 20:00:00,672.61505126953125
2021-06-28 21:00:00,520.541015625
2021-06-28 22:00:00,357.1280212402344
2021-06-28 23:00:00,212.80801391601565
2021-06-29 00:00:00,28.68800163269043
2021-06-29 01:00:00,0
2021-06-29 02:00:00,0
2021-06-29 03:00:00,0
2021-06-29 04:00:00,0
2021-06-29 05:00:00,0
2021-06-29 06:00:00,0
2021-06-29 07:00:00,0
2021-06-29 08:00:00,0
2021-06-29 09:00:00,0
2021-06-29 10:00:00,54.00800323486328
2021-06-29 11:00:00,162.31201171875
2021-06-29 12:00:00,352.5760192871094
2021-06-29 13:00:00,517.64801025390625
2021-06-29 14:00:00,665.69403076171875
2021-06-29 15:00:00,794.47503662109375
2021-06-29 16:00:00,860.5810546875
2021-06-29 17:00:00,873.83905029296875
2021-06-29 18:00:00,710.63702392578125
2021-06-29 19:00:00,661.1650390625
2021-06-29 20:00:00,577.20904541015625
2021-06-29 21:00:00,443.6090087890625
2021-06-29 22:00:00,304.4000244140625
2021-06-29 23:00:00,181.41900634765625
2021-06-30 00:00:00,29.00800132751465
2021-06-30 01:00:00,0
2021-06-30 02:00:00,0
2021-06-30 03:00:00,0
2021-06-30 04:00:00,0
2021-06-30 05:00:00,0
2021-06-30 06:00:00,0
2021-06-30 07:00:00,0
2021-06-30 08:00:00,0
2021-06-30 09:00:00,0
2021-06-30 10:00:00,59.544002532958984
2021-06-30 11:00:00,180.6400146484375
2021-06-30 12:00:00,354.0160217285156
2021-06-30 13:00:00,520.2080078125
2021-06-30 14:00:00,669.31500244140625
2021-06-30 15:00:00,795.05401611328125
2021-06-30 16:00:00,861.40802001953125
2021-06-30 17:00:00,874.84906005859375
2021-06-30 18:00:00,680.07000732421875
2021-06-30 19:00:00,632.80902099609375
2021-06-30 20:00:00,552.49505615234375
2021-06-30 21:00:00,342.72601318359375
2021-06-30 22:00:00,235.1900177001953
2021-06-30 23:00:00,140.16600036621094
2021-07-01 00:00:00,16.016000747680664
2021-07-01 01:00:00,0
2021-07-01 02:00:00,0
2021-07-01 03:00:00,0
2021-07-01 04:00:00,0
2021-07-01 05:00:00,0
2021-07-01 06:00:00,0
2021-07-01 07:00:00,0
2021-07-01 08:00:00,0
2021-07-01 09:00:00,0
2021-07-01 10:00:00,44.05600357055664
2021-07-01 11:00:00,135.03201293945313
2021-07-01 12:00:00,155.7760009765625
2021-07-01 13:00:00,227.2320098876953
2021-07-01 14:00:00,289.77301025390625
2021-07-01 15:00:00,220.36001586914065
2021-07-01 16:00:00,240.92901611328125
2021-07-01 17:00:00,249.7530059814453
2021-07-01 18:00:00,271.8910217285156
2021-07-01 19:00:00,236.3170166015625
2021-07-01 20:00:00,203.97801208496097
2021-07-01 21:00:00,199.4420166015625
2021-07-01 22:00:00,138.0070037841797
2021-07-01 23:00:00,82.22600555419922
2021-07-02 00:00:00,32.03200149536133
2021-07-02 01:00:00,0
2021-07-02 02:00:00,0
2021-07-02 03:00:00,0
2021-07-02 04:00:00,0
2021-07-02 05:00:00,0
2021-07-02 06:00:00,0
2021-07-02 07:00:00,0
2021-07-02 08:00:00,0
2021-07-02 09:00:00,0
2021-07-02 10:00:00,34.80400085449219
2021-07-02 11:00:00,107.8560028076172
2021-07-02 12:00:00,195.2800140380859
2021-07-02 13:00:00,285.1360168457031
2021-07-02 14:00:00,363.80902099609375
2021-07-02 15:00:00,454.0560302734375
2021-07-02 16:00:00,496.5290222167969
2021-07-02 17:00:00,514.85601806640625
2021-07-02 18:00:00,564.531005859375
2021-07-02 19:00:00,490.7230224609375
2021-07-02 20:00:00,423.5950317382813
2021-07-02 21:00:00,347.22601318359375
2021-07-02 22:00:00,240.2200164794922
2021-07-02 23:00:00,143.11000061035156
2021-07-03 00:00:00,20.576000213623047
2021-07-03 01:00:00,0
2021-07-03 02:00:00,0
2021-07-03 03:00:00,0
2021-07-03 04:00:00,0
2021-07-03 05:00:00,0
2021-07-03 06:00:00,0
2021-07-03 07:00:00,0
2021-07-03 08:00:00,0
2021-07-03 09:00:00,0
2021-07-03 10:00:00,24.000001907348633
2021-07-03 11:00:00,75.272003173828125
2021-07-03 12:00:00,194.91200256347656
2021-07-03 13:00:00,284.8800048828125
2021-07-03 14:00:00,363.68402099609375
2021-07-03 15:00:00,319.3650207519531
2021-07-03 16:00:00,349.3420104980469
2021-07-03 17:00:00,362.27001953125
2021-07-03 18:00:00,321.7590026855469
2021-07-03 19:00:00,279.7510070800781
2021-07-03 20:00:00,241.50401306152344
2021-07-03 21:00:00,208.4200134277344
2021-07-03 22:00:00,144.18600463867188
2021-07-03 23:00:00,85.8550033569336
2021-07-04 00:00:00,13.58400058746338
2021-07-04 01:00:00,0
2021-07-04 02:00:00,0
2021-07-04 03:00:00,0
2021-07-04 04:00:00,0
2021-07-04 05:00:00,0
2021-07-04 06:00:00,0
2021-07-04 07:00:00,0
2021-07-04 08:00:00,0
2021-07-04 09:00:00,0
2021-07-04 10:00:00,29.860000610351563
2021-07-04 11:00:00,94.84000396728516
2021-07-04 12:00:00,174.66400146484375
2021-07-04 13:00:00,255.5520172119141
2021-07-04 14:00:00,326.4430236816406
2021-07-04 15:00:00,430.12103271484375
2021-07-04 16:00:00,470.58502197265625
2021-07-04 17:00:00,488.1460266113281
2021-07-04 18:00:00,627.821044921875
2021-07-04 19:00:00,545.85504150390625
2021-07-04 20:00:00,471.2490234375
2021-07-04 21:00:00,414.8650207519531
2021-07-04 22:00:00,286.94000244140625
2021-07-04 23:00:00,170.7530059814453
2021-07-05 00:00:00,23.968000411987305
2021-07-05 01:00:00,0
2021-07-05 02:00:00,0
2021-07-05 03:00:00,0
2021-07-05 04:00:00,0
2021-07-05 05:00:00,0
2021-07-05 06:00:00,0
2021-07-05 07:00:00,0
2021-07-05 08:00:00,0
2021-07-05 09:00:00,0
2021-07-05 10:00:00,50.76000213623047
2021-07-05 11:00:00,163.46400451660156
2021-07-05 12:00:00,358.0560302734375
2021-07-05 13:00:00,524.48004150390625
2021-07-05 14:00:00,670.38104248046875
2021-07-05 15:00:00,772.1090087890625
2021-07-05 16:00:00,845.00506591796875
2021-07-05 17:00:00,876.6700439453125
2021-07-05 18:00:00,594.78704833984375
2021-07-05 19:00:00,517.17803955078125
2021-07-05 20:00:00,446.4880065917969
2021-07-05 21:00:00,377.989013671875
2021-07-05 22:00:00,261.36199951171875
2021-07-05 23:00:00,155.41400146484375
2021-07-06 00:00:00,28.78400230407715
2021-07-06 01:00:00,0
2021-07-06 02:00:00,0
2021-07-06 03:00:00,0
2021-07-06 04:00:00,0
2021-07-06 05:00:00,0
2021-07-06 06:00:00,0
2021-07-06 07:00:00,0
2021-07-06 08:00:00,0
2021-07-06 09:00:00,0
2021-07-06 10:00:00,55.62400436401367
2021-07-06 11:00:00,181.760009765625
2021-07-06 12:00:00,349.5840148925781
2021-07-06 13:00:00,512.656005859375
2021-07-06 14:00:00,655.697021484375
2021-07-06 15:00:00,752.64202880859375
2021-07-06 16:00:00,823.93304443359375
2021-07-06 17:00:00,854.9620361328125
2021-07-06 18:00:00,635.28204345703125
2021-07-06 19:00:00,552.41802978515625
2021-07-06 20:00:00,476.93902587890625
2021-07-06 21:00:00,256.6610107421875
2021-07-06 22:00:00,177.406005859375
2021-07-06 23:00:00,105.38900756835938
2021-07-07 00:00:00,26.064001083374023
2021-07-07 01:00:00,0
2021-07-07 02:00:00,0
2021-07-07 03:00:00,0
2021-07-07 04:00:00,0
2021-07-07 05:00:00,0
2021-07-07 06:00:00,0
2021-07-07 07:00:00,0
2021-07-07 08:00:00,0
2021-07-07 09:00:00,0
2021-07-07 10:00:00,54.10400390625
2021-07-07 11:00:00,179.59201049804688
2021-07-07 12:00:00,354.0880126953125
2021-07-07 13:00:00,519.904052734375
2021-07-07 14:00:00,665.38604736328125
2021-07-07 15:00:00,757.406005859375
2021-07-07 16:00:00,829.36505126953125
2021-07-07 17:00:00,860.74005126953125
2021-07-07 18:00:00,709.9820556640625
2021-07-07 19:00:00,617.41400146484375
2021-07-07 20:00:00,533.01702880859375
2021-07-07 21:00:00,390.1810302734375
2021-07-07 22:00:00,269.6200256347656
2021-07-07 23:00:00,160.00401306152344
2021-07-08 00:00:00,24.400001525878903
2021-07-08 01:00:00,0
2021-07-08 02:00:00,0
2021-07-08 03:00:00,0
2021-07-08 04:00:00,0
2021-07-08 05:00:00,0
2021-07-08 06:00:00,0
2021-07-08 07:00:00,0
2021-07-08 08:00:00,0
2021-07-08 09:00:00,0
2021-07-08 10:00:00,50.80800247192383
2021-07-08 11:00:00,171.5120086669922
2021-07-08 12:00:00,205.5120086669922
2021-07-08 13:00:00,302.1280212402344
2021-07-08 14:00:00,386.9480285644531
2021-07-08 15:00:00,304.156005859375
2021-07-08 16:00:00,333.1410217285156
2021-07-08 17:00:00,345.8130187988281
2021-07-08 18:00:00,431.6830139160156
2021-07-08 19:00:00,375.4250183105469
2021-07-08 20:00:00,324.0920104980469
2021-07-08 21:00:00,334.87200927734375
2021-07-08 22:00:00,231.30401611328125
2021-07-08 23:00:00,137.10400390625
2021-07-09 00:00:00,20.496000289916992
2021-07-09 01:00:00,0
2021-07-09 02:00:00,0
2021-07-09 03:00:00,0
2021-07-09 04:00:00,0
2021-07-09 05:00:00,0
2021-07-09 06:00:00,0
2021-07-09 07:00:00,0
2021-07-09 08:00:00,0
2021-07-09 09:00:00,0
2021-07-09 10:00:00,20.952001571655273
2021-07-09 11:00:00,72
2021-07-09 12:00:00,194.72801208496097
2021-07-09 13:00:00,286.656005859375
2021-07-09 14:00:00,367.3810119628906
2021-07-09 15:00:00,612.1400146484375
2021-07-09 16:00:00,670.68804931640625
2021-07-09 17:00:00,696.29400634765625
2021-07-09 18:00:00,733.19403076171875
2021-07-09 19:00:00,637.654052734375
2021-07-09 20:00:00,550.42401123046875
2021-07-09 21:00:00,390.27203369140625
2021-07-09 22:00:00,269.4220275878906
2021-07-09 23:00:00,159.47000122070313
2021-07-10 00:00:00,20.608001708984375
2021-07-10 01:00:00,0
2021-07-10 02:00:00,0
2021-07-10 03:00:00,0
2021-07-10 04:00:00,0
2021-07-10 05:00:00,0
2021-07-10 06:00:00,0
2021-07-10 07:00:00,0
2021-07-10 08:00:00,0
2021-07-10 09:00:00,0
2021-07-10 10:00:00,37.52799987792969
2021-07-10 11:00:00,131.4720001220703
2021-07-10 12:00:00,276.1280212402344
2021-07-10 13:00:00,407.0240173339844
2021-07-10 14:00:00,522.02703857421875
2021-07-10 15:00:00,573.1800537109375
2021-07-10 16:00:00,628.1600341796875
2021-07-10 17:00:00,652.28204345703125
2021-07-10 18:00:00,677.5030517578125
2021-07-10 19:00:00,589.2330322265625
2021-07-10 20:00:00,508.6080322265625
2021-07-10 21:00:00,513.8060302734375
2021-07-10 22:00:00,354.5140075683594
2021-07-10 23:00:00,209.49400329589844
2021-07-11 00:00:00,26.67200088500977
2021-07-11 01:00:00,0
2021-07-11 02:00:00,0
2021-07-11 03:00:00,0
2021-07-11 04:00:00,0
2021-07-11 05:00:00,0
2021-07-11 06:00:00,0
2021-07-11 07:00:00,0
2021-07-11 08:00:00,0
2021-07-11 09:00:00,0
2021-07-11 10:00:00,43.880001068115234
2021-07-11 11:00:00,156.89601135253906
2021-07-11 12:00:00,232.40000915527344
2021-07-11 13:00:00,343.0400085449219
2021-07-11 14:00:00,440.2960205078125
2021-07-11 15:00:00,455.2530212402344
2021-07-11 16:00:00,499.06402587890625
2021-07-11 17:00:00,518.30902099609375
2021-07-11 18:00:00,360.3520202636719
2021-07-11 19:00:00,313.4070129394531
2021-07-11 20:00:00,270.4940185546875
2021-07-11 21:00:00,257.3380126953125
2021-07-11 22:00:00,177.45701599121094
2021-07-11 23:00:00,104.68500518798828
2021-07-12 00:00:00,15.312000274658203
2021-07-12 01:00:00,0
2021-07-12 02:00:00,0
2021-07-12 03:00:00,0
2021-07-12 04:00:00,0
2021-07-12 05:00:00,0
2021-07-12 06:00:00,0
2021-07-12 07:00:00,0
2021-07-12 08:00:00,0
2021-07-12 09:00:00,0
2021-07-12 10:00:00,26.492000579833984
2021-07-12 11:00:00,96.81600189208984
2021-07-12 12:00:00,230.14401245117188
2021-07-12 13:00:00,340.2080078125
2021-07-12 14:00:00,436.9950256347656
2021-07-12 15:00:00,690.02801513671875
2021-07-12 16:00:00,756.64306640625
2021-07-12 17:00:00,785.98602294921875
2021-07-12 18:00:00,776.40203857421875
2021-07-12 19:00:00,675.2230224609375
2021-07-12 20:00:00,582.69403076171875
2021-07-12 21:00:00,371.5770263671875
2021-07-12 22:00:00,256.031005859375
2021-07-12 23:00:00,150.75601196289065
2021-07-13 00:00:00,22.20800018310547
2021-07-13 01:00:00,0
2021-07-13 02:00:00,0
2021-07-13 03:00:00,0
2021-07-13 04:00:00,0
2021-07-13 05:00:00,0
2021-07-13 06:00:00,0
2021-07-13 07:00:00,0
2021-07-13 08:00:00,0
2021-07-13 09:00:00,0
2021-07-13 10:00:00,32.89200210571289
2021-07-13 11:00:00,123.04800415039064
2021-07-13 12:00:00,303.2400207519531
2021-07-13 13:00:00,448.9280090332031
2021-07-13 14:00:00,577.0780029296875
2021-07-13 15:00:00,730.6810302734375
2021-07-13 16:00:00,801.45001220703125
2021-07-13 17:00:00,832.654052734375
2021-07-13 18:00:00,837.33203125
2021-07-13 19:00:00,728.197021484375
2021-07-13 20:00:00,628.31103515625
2021-07-13 21:00:00,417.3690185546875
2021-07-13 22:00:00,287.3650207519531
2021-07-13 23:00:00,168.86000061035156
2021-07-14 00:00:00,25.280000686645508
2021-07-14 01:00:00,0
2021-07-14 02:00:00,0
2021-07-14 03:00:00,0
2021-07-14 04:00:00,0
2021-07-14 05:00:00,0
2021-07-14 06:00:00,0
2021-07-14 07:00:00,0
2021-07-14 08:00:00,0
2021-07-14 09:00:00,0
2021-07-14 10:00:00,41.16400146484375
2021-07-14 11:00:00,157.9040069580078
2021-07-14 12:00:00,345.4000244140625
2021-07-14 13:00:00,512.1280517578125
2021-07-14 14:00:00,658.8590087890625
2021-07-14 15:00:00,737.04803466796875
2021-07-14 16:00:00,808.6640625
2021-07-14 17:00:00,840.26904296875
2021-07-14 18:00:00,746.11102294921875
2021-07-14 19:00:00,648.862060546875
2021-07-14 20:00:00,559.77301025390625
2021-07-14 21:00:00,389.4040222167969
2021-07-14 22:00:00,267.8919982910156
2021-07-14 23:00:00,157.05801391601565
2021-07-15 00:00:00,20.67200088500977
2021-07-15 01:00:00,0
2021-07-15 02:00:00,0
2021-07-15 03:00:00,0
2021-07-15 04:00:00,0
2021-07-15 05:00:00,0
2021-07-15 06:00:00,0
2021-07-15 07:00:00,0
2021-07-15 08:00:00,0
2021-07-15 09:00:00,0
2021-07-15 10:00:00,42.66400146484375
2021-07-15 11:00:00,168.10400390625
2021-07-15 12:00:00,347.39202880859375
2021-07-15 13:00:00,515.88800048828125
2021-07-15 14:00:00,664.24603271484375
2021-07-15 15:00:00,761.51605224609375
2021-07-15 16:00:00,835.7520141601564
2021-07-15 17:00:00,868.59503173828125
2021-07-15 18:00:00,862.7510375976564
2021-07-15 19:00:00,750.2500610351564
2021-07-15 20:00:00,647.12103271484375
2021-07-15 21:00:00,494.010009765625
2021-07-15 22:00:00,339.5360107421875
2021-07-15 23:00:00,198.57501220703125
2021-07-16 00:00:00,22.784000396728516
2021-07-16 01:00:00,0
2021-07-16 02:00:00,0
2021-07-16 03:00:00,0
2021-07-16 04:00:00,0
2021-07-16 05:00:00,0
2021-07-16 06:00:00,0
2021-07-16 07:00:00,0
2021-07-16 08:00:00,0
2021-07-16 09:00:00,0
2021-07-16 10:00:00,40.69200134277344
2021-07-16 11:00:00,164.9840087890625
2021-07-16 12:00:00,329.3600158691406
2021-07-16 13:00:00,489.9200134277344
2021-07-16 14:00:00,631.3280029296875
2021-07-16 15:00:00,752.86602783203125
2021-07-16 16:00:00,826.48004150390625
2021-07-16 17:00:00,859.092041015625
2021-07-16 18:00:00,694.24200439453125
2021-07-16 19:00:00,603.6910400390625
2021-07-16 20:00:00,520.58203125
2021-07-16 21:00:00,411.1510314941406
2021-07-16 22:00:00,282.3110046386719
2021-07-16 23:00:00,164.67601013183594
2021-07-17 00:00:00,20.992000579833984
2021-07-17 01:00:00,0
2021-07-17 02:00:00,0
2021-07-17 03:00:00,0
2021-07-17 04:00:00,0
2021-07-17 05:00:00,0
2021-07-17 06:00:00,0
2021-07-17 07:00:00,0
2021-07-17 08:00:00,0
2021-07-17 09:00:00,0
2021-07-17 10:00:00,28.764001846313477
2021-07-17 11:00:00,120.26400756835938
2021-07-17 12:00:00,233.6400146484375
2021-07-17 13:00:00,348.1120300292969
2021-07-17 14:00:00,448.9770202636719
2021-07-17 15:00:00,618.36004638671875
2021-07-17 16:00:00,679.0250244140625
2021-07-17 17:00:00,705.9140625
2021-07-17 18:00:00,704.666015625
2021-07-17 19:00:00,612.69305419921875
2021-07-17 20:00:00,528.2230224609375
2021-07-17 21:00:00,223.59600830078125
2021-07-17 22:00:00,153.36900329589844
2021-07-17 23:00:00,89.20600128173828
2021-07-18 00:00:00,10.848000526428224
2021-07-18 01:00:00,0
2021-07-18 02:00:00,0
2021-07-18 03:00:00,0
2021-07-18 04:00:00,0
2021-07-18 05:00:00,0
2021-07-18 06:00:00,0
2021-07-18 07:00:00,0
2021-07-18 08:00:00,0
2021-07-18 09:00:00,0
2021-07-18 10:00:00,31.924001693725582
2021-07-18 11:00:00,137.96800231933594
2021-07-18 12:00:00,244.83201599121097
2021-07-18 13:00:00,365.4080200195313
2021-07-18 14:00:00,471.70501708984375
2021-07-18 15:00:00,538.5660400390625
2021-07-18 16:00:00,591.5780029296875
2021-07-18 17:00:00,615.0870361328125
2021-07-18 18:00:00,550.79400634765625
2021-07-18 19:00:00,478.8650207519531
2021-07-18 20:00:00,412.7440185546875
2021-07-18 21:00:00,323.6980285644531
2021-07-18 22:00:00,221.7840118408203
2021-07-18 23:00:00,128.61300659179688
2021-07-19 00:00:00,15.872000694274902
2021-07-19 01:00:00,0
2021-07-19 02:00:00,0
2021-07-19 03:00:00,0
2021-07-19 04:00:00,0
2021-07-19 05:00:00,0
2021-07-19 06:00:00,0
2021-07-19 07:00:00,0
2021-07-19 08:00:00,0
2021-07-19 09:00:00,0
2021-07-19 10:00:00,23.30000114440918
2021-07-19 11:00:00,104.34400177001952
2021-07-19 12:00:00,176.1840057373047
2021-07-19 13:00:00,263.42401123046875
2021-07-19 14:00:00,340.343017578125
2021-07-19 15:00:00,533.61199951171875
2021-07-19 16:00:00,586.30902099609375
2021-07-19 17:00:00,609.68505859375
2021-07-19 18:00:00,757.218017578125
2021-07-19 19:00:00,658.25006103515625
2021-07-19 20:00:00,567.20501708984375
2021-07-19 21:00:00,405.7780151367187
2021-07-19 22:00:00,277.6610107421875
2021-07-19 23:00:00,160.5120086669922
2021-07-20 00:00:00,17.200000762939453
2021-07-20 01:00:00,0
2021-07-20 02:00:00,0
2021-07-20 03:00:00,0
2021-07-20 04:00:00,0
2021-07-20 05:00:00,0
2021-07-20 06:00:00,0
2021-07-20 07:00:00,0
2021-07-20 08:00:00,0
2021-07-20 09:00:00,0
2021-07-20 10:00:00,34.20000076293945
2021-07-20 11:00:00,159.16000366210938
2021-07-20 12:00:00,338.5360107421875
2021-07-20 13:00:00,507.072021484375
2021-07-20 14:00:00,655.74102783203125
2021-07-20 15:00:00,755.20001220703125
2021-07-20 16:00:00,830.0130615234375
2021-07-20 17:00:00,863.2650146484375
2021-07-20 18:00:00,849.5550537109375
2021-07-20 19:00:00,738.43402099609375
2021-07-20 20:00:00,636.1080322265625
2021-07-20 21:00:00,468.9950256347656
2021-07-20 22:00:00,320.5150146484375
2021-07-20 23:00:00,184.65701293945313
2021-07-21 00:00:00,18.09600067138672
2021-07-21 01:00:00,0
2021-07-21 02:00:00,0
2021-07-21 03:00:00,0
2021-07-21 04:00:00,0
2021-07-21 05:00:00,0
2021-07-21 06:00:00,0
2021-07-21 07:00:00,0
2021-07-21 08:00:00,0
2021-07-21 09:00:00,0
2021-07-21 10:00:00,32.4379997253418
2021-07-21 11:00:00,157.364013671875
2021-07-21 12:00:00,317.54400634765625
2021-07-21 13:00:00,476.5120239257813
2021-07-21 14:00:00,616.78900146484375
2021-07-21 15:00:00,677.27001953125
2021-07-21 16:00:00,744.59002685546875
2021-07-21 17:00:00,774.4990234375
2021-07-21 18:00:00,778.4190673828125
2021-07-21 19:00:00,676.51104736328125
2021-07-21 20:00:00,582.57403564453125
2021-07-21 21:00:00,440.6200256347656
2021-07-21 22:00:00,300.7240295410156
2021-07-21 23:00:00,172.6160125732422
2021-07-22 00:00:00,19.360000610351563
2021-07-22 01:00:00,0
2021-07-22 02:00:00,0
2021-07-22 03:00:00,0
2021-07-22 04:00:00,0
2021-07-22 05:00:00,0
2021-07-22 06:00:00,0
2021-07-22 07:00:00,0
2021-07-22 08:00:00,0
2021-07-22 09:00:00,0
2021-07-22 10:00:00,31.56800079345703
2021-07-22 11:00:00,160.20001220703125
2021-07-22 12:00:00,341.75201416015625
2021-07-22 13:00:00,513.80804443359375
2021-07-22 14:00:00,665.6800537109375
2021-07-22 15:00:00,751.06805419921875
2021-07-22 16:00:00,825.9550170898436
2021-07-22 17:00:00,859.2520141601564
2021-07-22 18:00:00,802.0040283203125
2021-07-22 19:00:00,696.905029296875
2021-07-22 20:00:00,599.92901611328125
2021-07-22 21:00:00,304.416015625
2021-07-22 22:00:00,207.4630126953125
2021-07-22 23:00:00,118.62800598144533
2021-07-23 00:00:00,14.544000625610352
2021-07-23 01:00:00,0
2021-07-23 02:00:00,0
2021-07-23 03:00:00,0
2021-07-23 04:00:00,0
2021-07-23 05:00:00,0
2021-07-23 06:00:00,0
2021-07-23 07:00:00,0
2021-07-23 08:00:00,0
2021-07-23 09:00:00,0
2021-07-23 10:00:00,29.18800163269043
2021-07-23 11:00:00,155.5600128173828
2021-07-23 12:00:00,328.0320129394531
2021-07-23 13:00:00,494.1280212402344
2021-07-23 14:00:00,640.80902099609375
2021-07-23 15:00:00,754.73101806640625
2021-07-23 16:00:00,830.2210693359375
2021-07-23 17:00:00,863.7850341796875
2021-07-23 18:00:00,763.343017578125
2021-07-23 19:00:00,663.20703125
2021-07-23 20:00:00,570.7020263671875
2021-07-23 21:00:00,407.7030334472656
2021-07-23 22:00:00,277.4179992675781
2021-07-23 23:00:00,157.9980010986328
2021-07-24 00:00:00,16.4320011138916
2021-07-24 01:00:00,0
2021-07-24 02:00:00,0
2021-07-24 03:00:00,0
2021-07-24 04:00:00,0
2021-07-24 05:00:00,0
2021-07-24 06:00:00,0
2021-07-24 07:00:00,0
2021-07-24 08:00:00,0
2021-07-24 09:00:00,0
2021-07-24 10:00:00,27.900001525878903
2021-07-24 11:00:00,156.88800048828125
2021-07-24 12:00:00,339.3440246582031
2021-07-24 13:00:00,512.176025390625
2021-07-24 14:00:00,664.85601806640625
2021-07-24 15:00:00,765.801025390625
2021-07-24 16:00:00,842.63201904296875
2021-07-24 17:00:00,876.8290405273436
2021-07-24 18:00:00,868.925048828125
2021-07-24 19:00:00,754.80902099609375
2021-07-24 20:00:00,649.26904296875
2021-07-24 21:00:00,505.2170104980469
2021-07-24 22:00:00,343.2350158691406
2021-07-24 23:00:00,194.6280059814453
2021-07-25 00:00:00,28.608001708984375
2021-07-25 01:00:00,0
2021-07-25 02:00:00,0
2021-07-25 03:00:00,0
2021-07-25 04:00:00,0
2021-07-25 05:00:00,0
2021-07-25 06:00:00,0
2021-07-25 07:00:00,0
2021-07-25 08:00:00,0
2021-07-25 09:00:00,0
2021-07-25 10:00:00,13.992000579833984
2021-07-25 11:00:00,83.45600128173828
2021-07-25 12:00:00,189.97601318359375
2021-07-25 13:00:00,287.31201171875
2021-07-25 14:00:00,373.3310241699219
2021-07-25 15:00:00,572.87603759765625
2021-07-25 16:00:00,630.52301025390625
2021-07-25 17:00:00,656.17303466796875
2021-07-25 18:00:00,554.302001953125
2021-07-25 19:00:00,481.416015625
2021-07-25 20:00:00,413.9280090332031
2021-07-25 21:00:00,341.35400390625
2021-07-25 22:00:00,231.5030059814453
2021-07-25 23:00:00,130.6750030517578
2021-07-26 00:00:00,11.552000999450684
2021-07-26 01:00:00,0
2021-07-26 02:00:00,0
2021-07-26 03:00:00,0
2021-07-26 04:00:00,0
2021-07-26 05:00:00,0
2021-07-26 06:00:00,0
2021-07-26 07:00:00,0
2021-07-26 08:00:00,0
2021-07-26 09:00:00,0
2021-07-26 10:00:00,23.440000534057617
2021-07-26 11:00:00,149.15200805664065
2021-07-26 12:00:00,331.7760009765625
2021-07-26 13:00:00,502.8000183105469
2021-07-26 14:00:00,653.97900390625
2021-07-26 15:00:00,742.65301513671875
2021-07-26 16:00:00,817.6260375976564
2021-07-26 17:00:00,850.9620361328125
2021-07-26 18:00:00,849.8360595703125
2021-07-26 19:00:00,737.92401123046875
2021-07-26 20:00:00,634.19000244140625
2021-07-26 21:00:00,490.9440307617187
2021-07-26 22:00:00,332.3700256347656
2021-07-26 23:00:00,186.7190093994141
2021-07-27 00:00:00,12.70400047302246
2021-07-27 01:00:00,0
2021-07-27 02:00:00,0
2021-07-27 03:00:00,0
2021-07-27 04:00:00,0
2021-07-27 05:00:00,0
2021-07-27 06:00:00,0
2021-07-27 07:00:00,0
2021-07-27 08:00:00,0
2021-07-27 09:00:00,0
2021-07-27 10:00:00,21.70400047302246
2021-07-27 11:00:00,148.44000244140625
2021-07-27 12:00:00,330.656005859375
2021-07-27 13:00:00,502.1600341796875
2021-07-27 14:00:00,653.7950439453125
2021-07-27 15:00:00,750.6640625
2021-07-27 16:00:00,826.67803955078125
2021-07-27 17:00:00,860.47003173828125
2021-07-27 18:00:00,853.36004638671875
2021-07-27 19:00:00,740.79803466796875
2021-07-27 20:00:00,636.3680419921875
2021-07-27 21:00:00,385.0240173339844
2021-07-27 22:00:00,260.1880187988281
2021-07-27 23:00:00,145.41900634765625
2021-07-28 00:00:00,8.704000473022461
2021-07-28 01:00:00,0
2021-07-28 02:00:00,0
2021-07-28 03:00:00,0
2021-07-28 04:00:00,0
2021-07-28 05:00:00,0
2021-07-28 06:00:00,0
2021-07-28 07:00:00,0
2021-07-28 08:00:00,0
2021-07-28 09:00:00,0
2021-07-28 10:00:00,15.09600067138672
2021-07-28 11:00:00,111.92400360107422
2021-07-28 12:00:00,303.06402587890625
2021-07-28 13:00:00,461.2320251464844
2021-07-28 14:00:00,601.13800048828125
2021-07-28 15:00:00,758.13604736328125
2021-07-28 16:00:00,835.13201904296875
2021-07-28 17:00:00,869.3710327148436
2021-07-28 18:00:00,864.072021484375
2021-07-28 19:00:00,749.9210205078125
2021-07-28 20:00:00,643.8740234375
2021-07-28 21:00:00,473.613037109375
2021-07-28 22:00:00,319.4250183105469
2021-07-28 23:00:00,177.5830078125
2021-07-29 00:00:00,11.136000633239746
2021-07-29 01:00:00,0
2021-07-29 02:00:00,0
2021-07-29 03:00:00,0
2021-07-29 04:00:00,0
2021-07-29 05:00:00,0
2021-07-29 06:00:00,0
2021-07-29 07:00:00,0
2021-07-29 08:00:00,0
2021-07-29 09:00:00,0
2021-07-29 10:00:00,17.804000854492188
2021-07-29 11:00:00,144.59201049804688
2021-07-29 12:00:00,323.96002197265625
2021-07-29 13:00:00,494.1280212402344
2021-07-29 14:00:00,644.66900634765625
2021-07-29 15:00:00,592.654052734375
2021-07-29 16:00:00,653.0260009765625
2021-07-29 17:00:00,679.86102294921875
2021-07-29 18:00:00,433.3800354003906
2021-07-29 19:00:00,376.0330200195313
2021-07-29 20:00:00,322.69500732421875
2021-07-29 21:00:00,352.5240173339844
2021-07-29 22:00:00,237.2590179443359
2021-07-29 23:00:00,131.1630096435547
2021-07-30 00:00:00,6.0960001945495605
2021-07-30 01:00:00,0
2021-07-30 02:00:00,0
2021-07-30 03:00:00,0
2021-07-30 04:00:00,0
2021-07-30 05:00:00,0
2021-07-30 06:00:00,0
2021-07-30 07:00:00,0
2021-07-30 08:00:00,0
2021-07-30 09:00:00,0
2021-07-30 10:00:00,15.74000072479248
2021-07-30 11:00:00,141.8920135498047
2021-07-30 12:00:00,309.6080017089844
2021-07-30 13:00:00,473.2960205078125
2021-07-30 14:00:00,618.14404296875
2021-07-30 15:00:00,731.67901611328125
2021-07-30 16:00:00,806.4170532226564
2021-07-30 17:00:00,839.6080322265625
2021-07-30 18:00:00,711.68505859375
2021-07-30 19:00:00,617.31402587890625
2021-07-30 20:00:00,529.45001220703125
2021-07-30 21:00:00,448.2640075683594
2021-07-30 22:00:00,301.052001953125
2021-07-30 23:00:00,165.4630126953125
2021-07-31 00:00:00,9.952000617980955
2021-07-31 01:00:00,0
2021-07-31 02:00:00,0
2021-07-31 03:00:00,0
2021-07-31 04:00:00,0
2021-07-31 05:00:00,0
2021-07-31 06:00:00,0
2021-07-31 07:00:00,0
2021-07-31 08:00:00,0
2021-07-31 09:00:00,0
2021-07-31 10:00:00,14.17400074005127
2021-07-31 11:00:00,144.20401000976565
2021-07-31 12:00:00,321.864013671875
2021-07-31 13:00:00,493.1360168457031
2021-07-31 14:00:00,644.74603271484375
2021-07-31 15:00:00,752.27801513671875
2021-07-31 16:00:00,829.34002685546875
2021-07-31 17:00:00,863.5360107421875
2021-07-31 18:00:00,767.52001953125
2021-07-31 19:00:00,665.55804443359375
2021-07-31 20:00:00,570.4940185546875
2021-07-31 21:00:00,382.4850158691406
2021-07-31 22:00:00,256.3080139160156
2021-07-31 23:00:00,139.99600219726565
2021-08-01 00:00:00,9.07200050354004
2021-08-01 01:00:00,0
2021-08-01 02:00:00,0
2021-08-01 03:00:00,0
2021-08-01 04:00:00,0
2021-08-01 05:00:00,0
2021-08-01 06:00:00,0
2021-08-01 07:00:00,0
2021-08-01 08:00:00,0
2021-08-01 09:00:00,0
2021-08-01 10:00:00,9.850000381469728
2021-08-01 11:00:00,115.60800170898438
2021-08-01 12:00:00,239.54400634765625
2021-08-01 13:00:00,356.6880187988281
2021-08-01 14:00:00,491.4720153808594
2021-08-01 15:00:00,535.613037109375
2021-08-01 16:00:00,594.873046875
2021-08-01 17:00:00,608.81500244140625
2021-08-01 18:00:00,689.9580078125
2021-08-01 19:00:00,608.498046875
2021-08-01 20:00:00,509.8190307617187
2021-08-01 21:00:00,333.4840087890625
2021-08-01 22:00:00,224.13101196289065
2021-08-01 23:00:00,121.61200714111328
2021-08-02 00:00:00,6.160000324249268
2021-08-02 01:00:00,0
2021-08-02 02:00:00,0
2021-08-02 03:00:00,0
2021-08-02 04:00:00,0
2021-08-02 05:00:00,0
2021-08-02 06:00:00,0
2021-08-02 07:00:00,0
2021-08-02 08:00:00,0
2021-08-02 09:00:00,0
2021-08-02 10:00:00,9.022000312805176
2021-08-02 11:00:00,125.98800659179688
2021-08-02 12:00:00,306.28802490234375
2021-08-02 13:00:00,457.1360168457031
2021-08-02 14:00:00,630.57403564453125
2021-08-02 15:00:00,784.5770263671875
2021-08-02 16:00:00,871.60205078125
2021-08-02 17:00:00,892.0650634765625
2021-08-02 18:00:00,881.76904296875
2021-08-02 19:00:00,777.4180297851564
2021-08-02 20:00:00,650.946044921875
2021-08-02 21:00:00,524.41204833984375
2021-08-02 22:00:00,351.58502197265625
2021-08-02 23:00:00,189.4770050048828
2021-08-03 00:00:00,5.840000152587891
2021-08-03 01:00:00,0
2021-08-03 02:00:00,0
2021-08-03 03:00:00,0
2021-08-03 04:00:00,0
2021-08-03 05:00:00,0
2021-08-03 06:00:00,0
2021-08-03 07:00:00,0
2021-08-03 08:00:00,0
2021-08-03 09:00:00,0
2021-08-03 10:00:00,8.18600082397461
2021-08-03 11:00:00,142.3360137939453
2021-08-03 12:00:00,310.52001953125
2021-08-03 13:00:00,464.5600280761719
2021-08-03 14:00:00,641.5250244140625
2021-08-03 15:00:00,714.56005859375
2021-08-03 16:00:00,794.0450439453125
2021-08-03 17:00:00,812.72705078125
2021-08-03 18:00:00,790.6680297851564
2021-08-03 19:00:00,696.84100341796875
2021-08-03 20:00:00,583.09405517578125
2021-08-03 21:00:00,517.00604248046875
2021-08-03 22:00:00,345.75201416015625
2021-08-03 23:00:00,184.9840087890625
2021-08-04 00:00:00,6.800000190734863
2021-08-04 01:00:00,0
2021-08-04 02:00:00,0
2021-08-04 03:00:00,0
2021-08-04 04:00:00,0
2021-08-04 05:00:00,0
2021-08-04 06:00:00,0
2021-08-04 07:00:00,0
2021-08-04 08:00:00,0
2021-08-04 09:00:00,0
2021-08-04 10:00:00,6.044000148773193
2021-08-04 11:00:00,140.84400939941406
2021-08-04 12:00:00,294.10400390625
2021-08-04 13:00:00,441.0560302734375
2021-08-04 14:00:00,609.75103759765625
2021-08-04 15:00:00,691.6600341796875
2021-08-04 16:00:00,768.791015625
2021-08-04 17:00:00,786.90802001953125
2021-08-04 18:00:00,786.3750610351564
2021-08-04 19:00:00,692.81500244140625
2021-08-04 20:00:00,579.31402587890625
2021-08-04 21:00:00,426.2210083007813
2021-08-04 22:00:00,284.2790222167969
2021-08-04 23:00:00,150.94700622558594
2021-08-05 00:00:00,3.408000230789185
2021-08-05 01:00:00,0
2021-08-05 02:00:00,0
2021-08-05 03:00:00,0
2021-08-05 04:00:00,0
2021-08-05 05:00:00,0
2021-08-05 06:00:00,0
2021-08-05 07:00:00,0
2021-08-05 08:00:00,0
2021-08-05 09:00:00,0
2021-08-05 10:00:00,1.7080000638961792
2021-08-05 11:00:00,61.592002868652344
2021-08-05 12:00:00,138.52000427246094
2021-08-05 13:00:00,208.25601196289065
2021-08-05 14:00:00,288.2270202636719
2021-08-05 15:00:00,307.6510009765625
2021-08-05 16:00:00,342.0370178222656
2021-08-05 17:00:00,350.114013671875
2021-08-05 18:00:00,372.114013671875
2021-08-05 19:00:00,327.71600341796875
2021-08-05 20:00:00,273.8450012207031
2021-08-05 21:00:00,271.7860107421875
2021-08-05 22:00:00,180.77700805664065
2021-08-05 23:00:00,95.23600769042967
2021-08-06 00:00:00,2.4800000190734863
2021-08-06 01:00:00,0
2021-08-06 02:00:00,0
2021-08-06 03:00:00,0
2021-08-06 04:00:00,0
2021-08-06 05:00:00,0
2021-08-06 06:00:00,0
2021-08-06 07:00:00,0
2021-08-06 08:00:00,0
2021-08-06 09:00:00,0
2021-08-06 10:00:00,1.5600000619888306
2021-08-06 11:00:00,129.58399963378906
2021-08-06 12:00:00,315.1920166015625
2021-08-06 13:00:00,475.0560302734375
2021-08-06 14:00:00,658.217041015625
2021-08-06 15:00:00,769.260009765625
2021-08-06 16:00:00,855.43804931640625
2021-08-06 17:00:00,875.6590576171875
2021-08-06 18:00:00,863.0400390625
2021-08-06 19:00:00,759.7540283203125
2021-08-06 20:00:00,634.36505126953125
2021-08-06 21:00:00,503.9240112304687
2021-08-06 22:00:00,334.2230224609375
2021-08-06 23:00:00,174.60800170898438
2021-08-07 00:00:00,2.0320000648498535
2021-08-07 01:00:00,0
2021-08-07 02:00:00,0
2021-08-07 03:00:00,0
2021-08-07 04:00:00,0
2021-08-07 05:00:00,0
2021-08-07 06:00:00,0
2021-08-07 07:00:00,0
2021-08-07 08:00:00,0
2021-08-07 09:00:00,0
2021-08-07 10:00:00,0
2021-08-07 11:00:00,122.72000885009766
2021-08-07 12:00:00,291.52801513671875
2021-08-07 13:00:00,440.5120239257813
2021-08-07 14:00:00,611.06805419921875
2021-08-07 15:00:00,701.47100830078125
2021-08-07 16:00:00,780.27105712890625
2021-08-07 17:00:00,798.72601318359375
2021-08-07 18:00:00,768.9930419921875
2021-08-07 19:00:00,676.67401123046875
2021-08-07 20:00:00,564.552001953125
2021-08-07 21:00:00,483.6830139160156
2021-08-07 22:00:00,319.8520202636719
2021-08-07 23:00:00,165.6330108642578
2021-08-08 00:00:00,1.4720001220703125
2021-08-08 01:00:00,0
2021-08-08 02:00:00,0
2021-08-08 03:00:00,0
2021-08-08 04:00:00,0
2021-08-08 05:00:00,0
2021-08-08 06:00:00,0
2021-08-08 07:00:00,0
2021-08-08 08:00:00,0
2021-08-08 09:00:00,0
2021-08-08 10:00:00,0
2021-08-08 11:00:00,111.8520050048828
2021-08-08 12:00:00,226.3360137939453
2021-08-08 13:00:00,342.8800048828125
2021-08-08 14:00:00,476.1980285644531
2021-08-08 15:00:00,556.93603515625
2021-08-08 16:00:00,619.6280517578125
2021-08-08 17:00:00,634.27801513671875
2021-08-08 18:00:00,617.26800537109375
2021-08-08 19:00:00,542.9210205078125
2021-08-08 20:00:00,452.60302734375
2021-08-08 21:00:00,410.7540283203125
2021-08-08 22:00:00,270.7750244140625
2021-08-08 23:00:00,138.927001953125
2021-08-09 00:00:00,0.4160000085830689
2021-08-09 01:00:00,0
2021-08-09 02:00:00,0
2021-08-09 03:00:00,0
2021-08-09 04:00:00,0
2021-08-09 05:00:00,0
2021-08-09 06:00:00,0
2021-08-09 07:00:00,0
2021-08-09 08:00:00,0
2021-08-09 09:00:00,0
2021-08-09 10:00:00,0
2021-08-09 11:00:00,66.97600555419922
2021-08-09 12:00:00,168.13600158691406
2021-08-09 13:00:00,255.37600708007813
2021-08-09 14:00:00,355.07501220703125
2021-08-09 15:00:00,430.8260192871094
2021-08-09 16:00:00,479.4300231933594
2021-08-09 17:00:00,490.7870178222656
2021-08-09 18:00:00,501.3150329589844
2021-08-09 19:00:00,440.7240295410156
2021-08-09 20:00:00,367.0870056152344
2021-08-09 21:00:00,304.63201904296875
2021-08-09 22:00:00,200.1680145263672
2021-08-09 23:00:00,101.71200561523438
2021-08-10 00:00:00,0
2021-08-10 01:00:00,0
2021-08-10 02:00:00,0
2021-08-10 03:00:00,0
2021-08-10 04:00:00,0
2021-08-10 05:00:00,0
2021-08-10 06:00:00,0
2021-08-10 07:00:00,0
2021-08-10 08:00:00,0
2021-08-10 09:00:00,0
2021-08-10 10:00:00,0
2021-08-10 11:00:00,99.608001708984375
2021-08-10 12:00:00,216.08001708984375
2021-08-10 13:00:00,329.08001708984375
2021-08-10 14:00:00,458.093017578125
2021-08-10 15:00:00,710.96502685546875
2021-08-10 16:00:00,791.3750610351564
2021-08-10 17:00:00,810.0810546875
2021-08-10 18:00:00,719.17401123046875
2021-08-10 19:00:00,631.95501708984375
2021-08-10 20:00:00,525.9320068359375
2021-08-10 21:00:00,342.88201904296875
2021-08-10 22:00:00,224.5660095214844
2021-08-10 23:00:00,112.94400787353516
2021-08-11 00:00:00,0
2021-08-11 01:00:00,0
2021-08-11 02:00:00,0
2021-08-11 03:00:00,0
2021-08-11 04:00:00,0
2021-08-11 05:00:00,0
2021-08-11 06:00:00,0
2021-08-11 07:00:00,0
2021-08-11 08:00:00,0
2021-08-11 09:00:00,0
2021-08-11 10:00:00,0
2021-08-11 11:00:00,71.496002197265625
2021-08-11 12:00:00,220.1760101318359
2021-08-11 13:00:00,336.2320251464844
2021-08-11 14:00:00,468.5950317382813
2021-08-11 15:00:00,683.33905029296875
2021-08-11 16:00:00,760.781005859375
2021-08-11 17:00:00,778.7530517578125
2021-08-11 18:00:00,741.31805419921875
2021-08-11 19:00:00,651.1070556640625
2021-08-11 20:00:00,541.3790283203125
2021-08-11 21:00:00,350.87200927734375
2021-08-11 22:00:00,229.00001525878903
2021-08-11 23:00:00,113.9570083618164
2021-08-12 00:00:00,0
2021-08-12 01:00:00,0
2021-08-12 02:00:00,0
2021-08-12 03:00:00,0
2021-08-12 04:00:00,0
2021-08-12 05:00:00,0
2021-08-12 06:00:00,0
2021-08-12 07:00:00,0
2021-08-12 08:00:00,0
2021-08-12 09:00:00,0
2021-08-12 10:00:00,0
2021-08-12 11:00:00,106.87600708007813
2021-08-12 12:00:00,271.2640075683594
2021-08-12 13:00:00,415.39202880859375
2021-08-12 14:00:00,579.6240234375
2021-08-12 15:00:00,742.238037109375
2021-08-12 16:00:00,826.5370483398436
2021-08-12 17:00:00,846.0560302734375
2021-08-12 18:00:00,797.93701171875
2021-08-12 19:00:00,700.45404052734375
2021-08-12 20:00:00,581.87103271484375
2021-08-12 21:00:00,379.989013671875
2021-08-12 22:00:00,247.1090087890625
2021-08-12 23:00:00,121.58800506591795
2021-08-13 00:00:00,0
2021-08-13 01:00:00,0
2021-08-13 02:00:00,0
2021-08-13 03:00:00,0
2021-08-13 04:00:00,0
2021-08-13 05:00:00,0
2021-08-13 06:00:00,0
2021-08-13 07:00:00,0
2021-08-13 08:00:00,0
2021-08-13 09:00:00,0
2021-08-13 10:00:00,0
2021-08-13 11:00:00,110.4840087890625
2021-08-13 12:00:00,290.10400390625
2021-08-13 13:00:00,445.5040283203125
2021-08-13 14:00:00,622.35302734375
2021-08-13 15:00:00,727.60205078125
2021-08-13 16:00:00,810.39306640625
2021-08-13 17:00:00,829.51904296875
2021-08-13 18:00:00,822.780029296875
2021-08-13 19:00:00,721.873046875
2021-08-13 20:00:00,599.10003662109375
2021-08-13 21:00:00,458.9330139160156
2021-08-13 22:00:00,297.3440246582031
2021-08-13 23:00:00,144.56800842285156
2021-08-14 00:00:00,0
2021-08-14 01:00:00,0
2021-08-14 02:00:00,0
2021-08-14 03:00:00,0
2021-08-14 04:00:00,0
2021-08-14 05:00:00,0
2021-08-14 06:00:00,0
2021-08-14 07:00:00,0
2021-08-14 08:00:00,0
2021-08-14 09:00:00,0
2021-08-14 10:00:00,0
2021-08-14 11:00:00,90.0040054321289
2021-08-14 12:00:00,150.48001098632813
2021-08-14 13:00:00,231.72801208496097
2021-08-14 14:00:00,324.1300048828125
2021-08-14 15:00:00,560.27801513671875
2021-08-14 16:00:00,624.17401123046875
2021-08-14 17:00:00,638.862060546875
2021-08-14 18:00:00,713.63104248046875
2021-08-14 19:00:00,625.76605224609375
2021-08-14 20:00:00,518.8170166015625
2021-08-14 21:00:00,433.1160278320313
2021-08-14 22:00:00,279.5420227050781
2021-08-14 23:00:00,134.23001098632813
2021-08-15 00:00:00,0
2021-08-15 01:00:00,0
2021-08-15 02:00:00,0
2021-08-15 03:00:00,0
2021-08-15 04:00:00,0
2021-08-15 05:00:00,0
2021-08-15 06:00:00,0
2021-08-15 07:00:00,0
2021-08-15 08:00:00,0
2021-08-15 09:00:00,0
2021-08-15 10:00:00,0
2021-08-15 11:00:00,113.5560073852539
2021-08-15 12:00:00,300.1600036621094
2021-08-15 13:00:00,463.5680236816406
2021-08-15 14:00:00,649.1820068359375
2021-08-15 15:00:00,760.32000732421875
2021-08-15 16:00:00,847.1900634765625
2021-08-15 17:00:00,867.0810546875
2021-08-15 18:00:00,844.1900634765625
2021-08-15 19:00:00,739.83203125
2021-08-15 20:00:00,612.76904296875
2021-08-15 21:00:00,459.5360107421875
2021-08-15 22:00:00,295.4040222167969
2021-08-15 23:00:00,139.9820098876953
2021-08-16 00:00:00,0
2021-08-16 01:00:00,0
2021-08-16 02:00:00,0
2021-08-16 03:00:00,0
2021-08-16 04:00:00,0
2021-08-16 05:00:00,0
2021-08-16 06:00:00,0
2021-08-16 07:00:00,0
2021-08-16 08:00:00,0
2021-08-16 09:00:00,0
2021-08-16 10:00:00,0
2021-08-16 11:00:00,102.98800659179688
2021-08-16 12:00:00,278.5920104980469
2021-08-16 13:00:00,431.52001953125
2021-08-16 14:00:00,605.03900146484375
2021-08-16 15:00:00,727.2430419921875
2021-08-16 16:00:00,810.51104736328125
2021-08-16 17:00:00,829.48602294921875
2021-08-16 18:00:00,795.529052734375
2021-08-16 19:00:00,696.76202392578125
2021-08-16 20:00:00,576.5030517578125
2021-08-16 21:00:00,399.7230224609375
2021-08-16 22:00:00,255.88601684570313
2021-08-16 23:00:00,119.57600402832033
2021-08-17 00:00:00,0
2021-08-17 01:00:00,0
2021-08-17 02:00:00,0
2021-08-17 03:00:00,0
2021-08-17 04:00:00,0
2021-08-17 05:00:00,0
2021-08-17 06:00:00,0
2021-08-17 07:00:00,0
2021-08-17 08:00:00,0
2021-08-17 09:00:00,0
2021-08-17 10:00:00,0
2021-08-17 11:00:00,42.32400131225586
2021-08-17 12:00:00,72.24800109863281
2021-08-17 13:00:00,112.24000549316406
2021-08-17 14:00:00,157.5760040283203
2021-08-17 15:00:00,215.7580108642578
2021-08-17 16:00:00,240.52500915527344
2021-08-17 17:00:00,246.12001037597656
2021-08-17 18:00:00,454.4280090332031
2021-08-17 19:00:00,397.760009765625
2021-08-17 20:00:00,328.7460021972656
2021-08-17 21:00:00,351.4420166015625
2021-08-17 22:00:00,223.9960174560547
2021-08-17 23:00:00,103.1580047607422
2021-08-18 00:00:00,0
2021-08-18 01:00:00,0
2021-08-18 02:00:00,0
2021-08-18 03:00:00,0
2021-08-18 04:00:00,0
2021-08-18 05:00:00,0
2021-08-18 06:00:00,0
2021-08-18 07:00:00,0
2021-08-18 08:00:00,0
2021-08-18 09:00:00,0
2021-08-18 10:00:00,0
2021-08-18 11:00:00,71.31200408935547
2021-08-18 12:00:00,113.81600189208984
2021-08-18 13:00:00,177.34400939941406
2021-08-18 14:00:00,249.27101135253903
2021-08-18 15:00:00,363.9150085449219
2021-08-18 16:00:00,405.7410278320313
2021-08-18 17:00:00,415.1790161132813
2021-08-18 18:00:00,595.4630126953125
2021-08-18 19:00:00,520.8790283203125
2021-08-18 20:00:00,430.030029296875
2021-08-18 21:00:00,441.7740173339844
2021-08-18 22:00:00,280.33599853515625
2021-08-18 23:00:00,127.1100082397461
2021-08-19 00:00:00,0
2021-08-19 01:00:00,0
2021-08-19 02:00:00,0
2021-08-19 03:00:00,0
2021-08-19 04:00:00,0
2021-08-19 05:00:00,0
2021-08-19 06:00:00,0
2021-08-19 07:00:00,0
2021-08-19 08:00:00,0
2021-08-19 09:00:00,0
2021-08-19 10:00:00,0
2021-08-19 11:00:00,40.28400039672851
2021-08-19 12:00:00,93.608001708984375
2021-08-19 13:00:00,146.3040008544922
2021-08-19 14:00:00,205.90000915527344
2021-08-19 15:00:00,390.4580078125
2021-08-19 16:00:00,435.406005859375
2021-08-19 17:00:00,445.4910278320313
2021-08-19 18:00:00,491.9230346679687
2021-08-19 19:00:00,430.0150146484375
2021-08-19 20:00:00,354.6120300292969
2021-08-19 21:00:00,314.7710266113281
2021-08-19 22:00:00,198.8100128173828
2021-08-19 23:00:00,88.686004638671875
2021-08-20 00:00:00,0
2021-08-20 01:00:00,0
2021-08-20 02:00:00,0
2021-08-20 03:00:00,0
2021-08-20 04:00:00,0
2021-08-20 05:00:00,0
2021-08-20 06:00:00,0
2021-08-20 07:00:00,0
2021-08-20 08:00:00,0
2021-08-20 09:00:00,0
2021-08-20 10:00:00,0
2021-08-20 11:00:00,76.13600158691406
2021-08-20 12:00:00,185.3520050048828
2021-08-20 13:00:00,290.5920104980469
2021-08-20 14:00:00,409.4930114746094
2021-08-20 15:00:00,384.2610168457031
2021-08-20 16:00:00,428.5780334472656
2021-08-20 17:00:00,438.4510192871094
2021-08-20 18:00:00,536.4990234375
2021-08-20 19:00:00,468.6820373535156
2021-08-20 20:00:00,386.0290222167969
2021-08-20 21:00:00,299.09100341796875
2021-08-20 22:00:00,188.00100708007813
2021-08-20 23:00:00,82.41300201416016
2021-08-21 00:00:00,0
2021-08-21 01:00:00,0
2021-08-21 02:00:00,0
2021-08-21 03:00:00,0
2021-08-21 04:00:00,0
2021-08-21 05:00:00,0
2021-08-21 06:00:00,0
2021-08-21 07:00:00,0
2021-08-21 08:00:00,0
2021-08-21 09:00:00,0
2021-08-21 10:00:00,0
2021-08-21 11:00:00,74.18000030517578
2021-08-21 12:00:00,214.10400390625
2021-08-21 13:00:00,336.7200012207031
2021-08-21 14:00:00,475.1120300292969
2021-08-21 15:00:00,534.24700927734375
2021-08-21 16:00:00,595.947998046875
2021-08-21 17:00:00,609.64801025390625
2021-08-21 18:00:00,568.28204345703125
2021-08-21 19:00:00,496.1170349121094
2021-08-21 20:00:00,408.12103271484375
2021-08-21 21:00:00,334.4090270996094
2021-08-21 22:00:00,209.156005859375
2021-08-21 23:00:00,90.01800537109375
2021-08-22 00:00:00,0
2021-08-22 01:00:00,0
2021-08-22 02:00:00,0
2021-08-22 03:00:00,0
2021-08-22 04:00:00,0
2021-08-22 05:00:00,0
2021-08-22 06:00:00,0
2021-08-22 07:00:00,0
2021-08-22 08:00:00,0
2021-08-22 09:00:00,0
2021-08-22 10:00:00,0
2021-08-22 11:00:00,86.552001953125
2021-08-22 12:00:00,186.62400817871097
2021-08-22 13:00:00,294.4480285644531
2021-08-22 14:00:00,415.9820251464844
2021-08-22 15:00:00,251.9050140380859
2021-08-22 16:00:00,281.0480041503906
2021-08-22 17:00:00,287.4640197753906
2021-08-22 18:00:00,343.1150207519531
2021-08-22 19:00:00,299.3260192871094
2021-08-22 20:00:00,245.93301391601565
2021-08-22 21:00:00,244.96701049804688
2021-08-22 22:00:00,152.4320068359375
2021-08-22 23:00:00,64.332000732421875
2021-08-23 00:00:00,0
2021-08-23 01:00:00,0
2021-08-23 02:00:00,0
2021-08-23 03:00:00,0
2021-08-23 04:00:00,0
2021-08-23 05:00:00,0
2021-08-23 06:00:00,0
2021-08-23 07:00:00,0
2021-08-23 08:00:00,0
2021-08-23 09:00:00,0
2021-08-23 10:00:00,0
2021-08-23 11:00:00,49.40800094604492
2021-08-23 12:00:00,102.22400665283205
2021-08-23 13:00:00,161.80801391601565
2021-08-23 14:00:00,228.8920135498047
2021-08-23 15:00:00,167.4040069580078
2021-08-23 16:00:00,186.7880096435547
2021-08-23 17:00:00,191.052001953125
2021-08-23 18:00:00,246.8370056152344
2021-08-23 19:00:00,215.16700744628903
2021-08-23 20:00:00,176.55801391601565
2021-08-23 21:00:00,234.9630126953125
2021-08-23 22:00:00,145.427001953125
2021-08-23 23:00:00,60.11800384521485
2021-08-24 00:00:00,0
2021-08-24 01:00:00,0
2021-08-24 02:00:00,0
2021-08-24 03:00:00,0
2021-08-24 04:00:00,0
2021-08-24 05:00:00,0
2021-08-24 06:00:00,0
2021-08-24 07:00:00,0
2021-08-24 08:00:00,0
2021-08-24 09:00:00,0
2021-08-24 10:00:00,0
2021-08-24 11:00:00,88.324005126953125
2021-08-24 12:00:00,268.8000183105469
2021-08-24 13:00:00,426.864013671875
2021-08-24 14:00:00,604.6280517578125
2021-08-24 15:00:00,719.8160400390625
2021-08-24 16:00:00,803.364013671875
2021-08-24 17:00:00,821.51605224609375
2021-08-24 18:00:00,802.947021484375
2021-08-24 19:00:00,699.4200439453125
2021-08-24 20:00:00,573.1650390625
2021-08-24 21:00:00,427.98101806640625
2021-08-24 22:00:00,263.42401123046875
2021-08-24 23:00:00,106.5120086669922
2021-08-25 00:00:00,0
2021-08-25 01:00:00,0
2021-08-25 02:00:00,0
2021-08-25 03:00:00,0
2021-08-25 04:00:00,0
2021-08-25 05:00:00,0
2021-08-25 06:00:00,0
2021-08-25 07:00:00,0
2021-08-25 08:00:00,0
2021-08-25 09:00:00,0
2021-08-25 10:00:00,0
2021-08-25 11:00:00,90.51600646972656
2021-08-25 12:00:00,270.5840148925781
2021-08-25 13:00:00,431.1200256347656
2021-08-25 14:00:00,611.4730224609375
2021-08-25 15:00:00,720.123046875
2021-08-25 16:00:00,803.8280639648436
2021-08-25 17:00:00,821.88006591796875
2021-08-25 18:00:00,808.176025390625
2021-08-25 19:00:00,703.4510498046875
2021-08-25 20:00:00,575.67803955078125
2021-08-25 21:00:00,436.8460083007813
2021-08-25 22:00:00,267.33502197265625
2021-08-25 23:00:00,105.59400177001952
2021-08-26 00:00:00,0
2021-08-26 01:00:00,0
2021-08-26 02:00:00,0
2021-08-26 03:00:00,0
2021-08-26 04:00:00,0
2021-08-26 05:00:00,0
2021-08-26 06:00:00,0
2021-08-26 07:00:00,0
2021-08-26 08:00:00,0
2021-08-26 09:00:00,0
2021-08-26 10:00:00,0
2021-08-26 11:00:00,85.34800720214844
2021-08-26 12:00:00,265.52001953125
2021-08-26 13:00:00,424.49603271484375
2021-08-26 14:00:00,602.8740234375
2021-08-26 15:00:00,717.03302001953125
2021-08-26 16:00:00,800.4990234375
2021-08-26 17:00:00,818.35003662109375
2021-08-26 18:00:00,777.2490234375
2021-08-26 19:00:00,675.99102783203125
2021-08-26 20:00:00,552.44000244140625
2021-08-26 21:00:00,366.79400634765625
2021-08-26 22:00:00,223.1320037841797
2021-08-26 23:00:00,85.93700408935547
2021-08-27 00:00:00,0
2021-08-27 01:00:00,0
2021-08-27 02:00:00,0
2021-08-27 03:00:00,0
2021-08-27 04:00:00,0
2021-08-27 05:00:00,0
2021-08-27 06:00:00,0
2021-08-27 07:00:00,0
2021-08-27 08:00:00,0
2021-08-27 09:00:00,0
2021-08-27 10:00:00,0
2021-08-27 11:00:00,82.1240005493164
2021-08-27 12:00:00,258.8080139160156
2021-08-27 13:00:00,415.18402099609375
2021-08-27 14:00:00,590.4310302734375
2021-08-27 15:00:00,705.62005615234375
2021-08-27 16:00:00,787.864013671875
2021-08-27 17:00:00,805.3350219726564
2021-08-27 18:00:00,786.64605712890625
2021-08-27 19:00:00,683.59906005859375
2021-08-27 20:00:00,557.85400390625
2021-08-27 21:00:00,397.2360229492187
2021-08-27 22:00:00,240.16900634765625
2021-08-27 23:00:00,90.03900146484375
2021-08-28 00:00:00,0
2021-08-28 01:00:00,0
2021-08-28 02:00:00,0
2021-08-28 03:00:00,0
2021-08-28 04:00:00,0
2021-08-28 05:00:00,0
2021-08-28 06:00:00,0
2021-08-28 07:00:00,0
2021-08-28 08:00:00,0
2021-08-28 09:00:00,0
2021-08-28 10:00:00,0
2021-08-28 11:00:00,53.80000305175781
2021-08-28 12:00:00,130.67201232910156
2021-08-28 13:00:00,210.3520050048828
2021-08-28 14:00:00,299.5580139160156
2021-08-28 15:00:00,272.15301513671875
2021-08-28 16:00:00,303.9150085449219
2021-08-28 17:00:00,310.61199951171875
2021-08-28 18:00:00,320.927001953125
2021-08-28 19:00:00,278.6520080566406
2021-08-28 20:00:00,227.0690155029297
2021-08-28 21:00:00,201.31100463867188
2021-08-28 22:00:00,120.9250030517578
2021-08-28 23:00:00,44.040000915527344
2021-08-29 00:00:00,0
2021-08-29 01:00:00,0
2021-08-29 02:00:00,0
2021-08-29 03:00:00,0
2021-08-29 04:00:00,0
2021-08-29 05:00:00,0
2021-08-29 06:00:00,0
2021-08-29 07:00:00,0
2021-08-29 08:00:00,0
2021-08-29 09:00:00,0
2021-08-29 10:00:00,0
2021-08-29 11:00:00,56.21600341796875
2021-08-29 12:00:00,136.2320098876953
2021-08-29 13:00:00,220.08001708984375
2021-08-29 14:00:00,313.83001708984375
2021-08-29 15:00:00,419.4740295410156
2021-08-29 16:00:00,468.4930114746094
2021-08-29 17:00:00,478.7160339355469
2021-08-29 18:00:00,619.43804931640625
2021-08-29 19:00:00,537.36505126953125
2021-08-29 20:00:00,437.24603271484375
2021-08-29 21:00:00,373.3160095214844
2021-08-29 22:00:00,222.7630157470703
2021-08-29 23:00:00,78.6520004272461
2021-08-30 00:00:00,0
2021-08-30 01:00:00,0
2021-08-30 02:00:00,0
2021-08-30 03:00:00,0
2021-08-30 04:00:00,0
2021-08-30 05:00:00,0
2021-08-30 06:00:00,0
2021-08-30 07:00:00,0
2021-08-30 08:00:00,0
2021-08-30 09:00:00,0
2021-08-30 10:00:00,0
2021-08-30 11:00:00,75.100006103515625
2021-08-30 12:00:00,250.4960174560547
2021-08-30 13:00:00,406.1280212402344
2021-08-30 14:00:00,579.92803955078125
2021-08-30 15:00:00,685.35302734375
2021-08-30 16:00:00,765.55902099609375
2021-08-30 17:00:00,782.1280517578125
2021-08-30 18:00:00,650.93304443359375
2021-08-30 19:00:00,564.19000244140625
2021-08-30 20:00:00,458.37701416015625
2021-08-30 21:00:00,245.32801818847656
2021-08-30 22:00:00,145.3800048828125
2021-08-30 23:00:00,49.64900207519531
2021-08-31 00:00:00,0
2021-08-31 01:00:00,0
2021-08-31 02:00:00,0
2021-08-31 03:00:00,0
2021-08-31 04:00:00,0
2021-08-31 05:00:00,0
2021-08-31 06:00:00,0
2021-08-31 07:00:00,0
2021-08-31 08:00:00,0
2021-08-31 09:00:00,0
2021-08-31 10:00:00,0
2021-08-31 11:00:00,82.40800476074219
2021-08-31 12:00:00,243.4320068359375
2021-08-31 13:00:00,396.1280212402344
2021-08-31 14:00:00,566.41705322265625
2021-08-31 15:00:00,668.155029296875
2021-08-31 16:00:00,746.44903564453125
2021-08-31 17:00:00,762.4590454101564
2021-08-31 18:00:00,779.4110107421875
2021-08-31 19:00:00,674.9560546875
2021-08-31 20:00:00,547.49005126953125
2021-08-31 21:00:00,407.5520324707031
2021-08-31 22:00:00,239.81201171875
2021-08-31 23:00:00,78.97400665283203
2021-09-01 00:00:00,0
2021-09-01 01:00:00,0
2021-09-01 02:00:00,0
2021-09-01 03:00:00,0
2021-09-01 04:00:00,0
2021-09-01 05:00:00,0
2021-09-01 06:00:00,0
2021-09-01 07:00:00,0
2021-09-01 08:00:00,0
2021-09-01 09:00:00,0
2021-09-01 10:00:00,0
2021-09-01 11:00:00,25.356000900268555
2021-09-01 12:00:00,64.3759994506836
2021-09-01 13:00:00,102.2080078125
2021-09-01 14:00:00,139.81600952148438
2021-09-01 15:00:00,234.75001525878903
2021-09-01 16:00:00,258.6300048828125
2021-09-01 17:00:00,267.56201171875
2021-09-01 18:00:00,279.947021484375
2021-09-01 19:00:00,254.24801635742188
2021-09-01 20:00:00,214.96600341796875
2021-09-01 21:00:00,159.98800659179688
2021-09-01 22:00:00,97.5850067138672
2021-09-01 23:00:00,30.897001266479492
2021-09-02 00:00:00,0
2021-09-02 01:00:00,0
2021-09-02 02:00:00,0
2021-09-02 03:00:00,0
2021-09-02 04:00:00,0
2021-09-02 05:00:00,0
2021-09-02 06:00:00,0
2021-09-02 07:00:00,0
2021-09-02 08:00:00,0
2021-09-02 09:00:00,0
2021-09-02 10:00:00,0
2021-09-02 11:00:00,73.97200012207031
2021-09-02 12:00:00,265.0480041503906
2021-09-02 13:00:00,422.416015625
2021-09-02 14:00:00,578.62701416015625
2021-09-02 15:00:00,688.571044921875
2021-09-02 16:00:00,758.72406005859375
2021-09-02 17:00:00,784.78204345703125
2021-09-02 18:00:00,649.7340087890625
2021-09-02 19:00:00,589.57000732421875
2021-09-02 20:00:00,497.6410217285156
2021-09-02 21:00:00,363.95501708984375
2021-09-02 22:00:00,220.28701782226565
2021-09-02 23:00:00,66.82100677490234
2021-09-03 00:00:00,0
2021-09-03 01:00:00,0
2021-09-03 02:00:00,0
2021-09-03 03:00:00,0
2021-09-03 04:00:00,0
2021-09-03 05:00:00,0
2021-09-03 06:00:00,0
2021-09-03 07:00:00,0
2021-09-03 08:00:00,0
2021-09-03 09:00:00,0
2021-09-03 10:00:00,0
2021-09-03 11:00:00,56.85600280761719
2021-09-03 12:00:00,200.36001586914065
2021-09-03 13:00:00,320.54400634765625
2021-09-03 14:00:00,439.72802734375
2021-09-03 15:00:00,514.3699951171875
2021-09-03 16:00:00,566.82501220703125
2021-09-03 17:00:00,586.17901611328125
2021-09-03 18:00:00,662.89404296875
2021-09-03 19:00:00,600.9420166015625
2021-09-03 20:00:00,506.37200927734375
2021-09-03 21:00:00,401.8520202636719
2021-09-03 22:00:00,241.291015625
2021-09-03 23:00:00,69.84000396728516
2021-09-04 00:00:00,0
2021-09-04 01:00:00,0
2021-09-04 02:00:00,0
2021-09-04 03:00:00,0
2021-09-04 04:00:00,0
2021-09-04 05:00:00,0
2021-09-04 06:00:00,0
2021-09-04 07:00:00,0
2021-09-04 08:00:00,0
2021-09-04 09:00:00,0
2021-09-04 10:00:00,0
2021-09-04 11:00:00,68.94800567626953
2021-09-04 12:00:00,246.56800842285156
2021-09-04 13:00:00,396.0160217285156
2021-09-04 14:00:00,544.0250244140625
2021-09-04 15:00:00,628.8580322265625
2021-09-04 16:00:00,693.0760498046875
2021-09-04 17:00:00,716.591064453125
2021-09-04 18:00:00,640.89605712890625
2021-09-04 19:00:00,580.4090576171875
2021-09-04 20:00:00,488.25201416015625
2021-09-04 21:00:00,345.4510192871094
2021-09-04 22:00:00,205.70701599121097
2021-09-04 23:00:00,56.544002532958984
2021-09-05 00:00:00,0
2021-09-05 01:00:00,0
2021-09-05 02:00:00,0
2021-09-05 03:00:00,0
2021-09-05 04:00:00,0
2021-09-05 05:00:00,0
2021-09-05 06:00:00,0
2021-09-05 07:00:00,0
2021-09-05 08:00:00,0
2021-09-05 09:00:00,0
2021-09-05 10:00:00,0
2021-09-05 11:00:00,32.30000305175781
2021-09-05 12:00:00,86.61600494384766
2021-09-05 13:00:00,139.66400146484375
2021-09-05 14:00:00,192.15301513671875
2021-09-05 15:00:00,179.05101013183594
2021-09-05 16:00:00,197.36300659179688
2021-09-05 17:00:00,204.0070037841797
2021-09-05 18:00:00,241.64100646972656
2021-09-05 19:00:00,218.6150054931641
2021-09-05 20:00:00,183.5690155029297
2021-09-05 21:00:00,201.0130157470703
2021-09-05 22:00:00,118.67100524902344
2021-09-05 23:00:00,30.80000114440918
2021-09-06 00:00:00,0
2021-09-06 01:00:00,0
2021-09-06 02:00:00,0
2021-09-06 03:00:00,0
2021-09-06 04:00:00,0
2021-09-06 05:00:00,0
2021-09-06 06:00:00,0
2021-09-06 07:00:00,0
2021-09-06 08:00:00,0
2021-09-06 09:00:00,0
2021-09-06 10:00:00,0
2021-09-06 11:00:00,59.71200180053711
2021-09-06 12:00:00,245.4560089111328
2021-09-06 13:00:00,397.4080200195313
2021-09-06 14:00:00,547.53704833984375
2021-09-06 15:00:00,657.97100830078125
2021-09-06 16:00:00,725.3170166015625
2021-09-06 17:00:00,749.59503173828125
2021-09-06 18:00:00,693.37603759765625
2021-09-06 19:00:00,626.6820068359375
2021-09-06 20:00:00,525.27703857421875
2021-09-06 21:00:00,380.406005859375
2021-09-06 22:00:00,222.55300903320313
2021-09-06 23:00:00,54.224002838134766
2021-09-07 00:00:00,0
2021-09-07 01:00:00,0
2021-09-07 02:00:00,0
2021-09-07 03:00:00,0
2021-09-07 04:00:00,0
2021-09-07 05:00:00,0
2021-09-07 06:00:00,0
2021-09-07 07:00:00,0
2021-09-07 08:00:00,0
2021-09-07 09:00:00,0
2021-09-07 10:00:00,0
2021-09-07 11:00:00,61.36000442504883
2021-09-07 12:00:00,246.2080078125
2021-09-07 13:00:00,400.280029296875
2021-09-07 14:00:00,552.31805419921875
2021-09-07 15:00:00,664.25103759765625
2021-09-07 16:00:00,732.341064453125
2021-09-07 17:00:00,756.6640625
2021-09-07 18:00:00,684.67401123046875
2021-09-07 19:00:00,618.17803955078125
2021-09-07 20:00:00,517.20904541015625
2021-09-07 21:00:00,296.13702392578125
2021-09-07 22:00:00,171.65000915527344
2021-09-07 23:00:00,38.944000244140625
2021-09-08 00:00:00,0
2021-09-08 01:00:00,0
2021-09-08 02:00:00,0
2021-09-08 03:00:00,0
2021-09-08 04:00:00,0
2021-09-08 05:00:00,0
2021-09-08 06:00:00,0
2021-09-08 07:00:00,0
2021-09-08 08:00:00,0
2021-09-08 09:00:00,0
2021-09-08 10:00:00,0
2021-09-08 11:00:00,57.07200241088867
2021-09-08 12:00:00,199.64801025390625
2021-09-08 13:00:00,325.9520263671875
2021-09-08 14:00:00,450.43902587890625
2021-09-08 15:00:00,439.68701171875
2021-09-08 16:00:00,484.8070373535156
2021-09-08 17:00:00,500.7840270996094
2021-09-08 18:00:00,663.0980224609375
2021-09-08 19:00:00,598.041015625
2021-09-08 20:00:00,499.41802978515625
2021-09-08 21:00:00,354.9200134277344
2021-09-08 22:00:00,203.71701049804688
2021-09-08 23:00:00,42.624000549316406
2021-09-09 00:00:00,0
2021-09-09 01:00:00,0
2021-09-09 02:00:00,0
2021-09-09 03:00:00,0
2021-09-09 04:00:00,0
2021-09-09 05:00:00,0
2021-09-09 06:00:00,0
2021-09-09 07:00:00,0
2021-09-09 08:00:00,0
2021-09-09 09:00:00,0
2021-09-09 10:00:00,0
2021-09-09 11:00:00,30.77800178527832
2021-09-09 12:00:00,85.74400329589844
2021-09-09 13:00:00,140.59201049804688
2021-09-09 14:00:00,194.5880126953125
2021-09-09 15:00:00,312.2350158691406
2021-09-09 16:00:00,344.291015625
2021-09-09 17:00:00,355.5550231933594
2021-09-09 18:00:00,370.8520202636719
2021-09-09 19:00:00,334.1210021972656
2021-09-09 20:00:00,278.4950256347656
2021-09-09 21:00:00,264.5460205078125
2021-09-09 22:00:00,150.3100128173828
2021-09-09 23:00:00,28.67200088500977
2021-09-10 00:00:00,0
2021-09-10 01:00:00,0
2021-09-10 02:00:00,0
2021-09-10 03:00:00,0
2021-09-10 04:00:00,0
2021-09-10 05:00:00,0
2021-09-10 06:00:00,0
2021-09-10 07:00:00,0
2021-09-10 08:00:00,0
2021-09-10 09:00:00,0
2021-09-10 10:00:00,0
2021-09-10 11:00:00,53.78400421142578
2021-09-10 12:00:00,235.416015625
2021-09-10 13:00:00,387.6800231933594
2021-09-10 14:00:00,537.39404296875
2021-09-10 15:00:00,624.656005859375
2021-09-10 16:00:00,688.90704345703125
2021-09-10 17:00:00,711.26202392578125
2021-09-10 18:00:00,632.509033203125
2021-09-10 19:00:00,569.23101806640625
2021-09-10 20:00:00,473.5140075683594
2021-09-10 21:00:00,342.1510314941406
2021-09-10 22:00:00,192.37200927734375
2021-09-10 23:00:00,32.944000244140625
2021-09-11 00:00:00,0
2021-09-11 01:00:00,0
2021-09-11 02:00:00,0
2021-09-11 03:00:00,0
2021-09-11 04:00:00,0
2021-09-11 05:00:00,0
2021-09-11 06:00:00,0
2021-09-11 07:00:00,0
2021-09-11 08:00:00,0
2021-09-11 09:00:00,0
2021-09-11 10:00:00,0
2021-09-11 11:00:00,52.724002838134766
2021-09-11 12:00:00,233.05601501464844
2021-09-11 13:00:00,385.5040283203125
2021-09-11 14:00:00,535.2230224609375
2021-09-11 15:00:00,641.55902099609375
2021-09-11 16:00:00,707.59002685546875
2021-09-11 17:00:00,730.38104248046875
2021-09-11 18:00:00,684.655029296875
2021-09-11 19:00:00,615.4520263671875
2021-09-11 20:00:00,510.9330139160156
2021-09-11 21:00:00,353.5000305175781
2021-09-11 22:00:00,196.59600830078125
2021-09-11 23:00:00,29.632001876831055
2021-09-12 00:00:00,0
2021-09-12 01:00:00,0
2021-09-12 02:00:00,0
2021-09-12 03:00:00,0
2021-09-12 04:00:00,0
2021-09-12 05:00:00,0
2021-09-12 06:00:00,0
2021-09-12 07:00:00,0
2021-09-12 08:00:00,0
2021-09-12 09:00:00,0
2021-09-12 10:00:00,0
2021-09-12 11:00:00,43.53800201416016
2021-09-12 12:00:00,192.9840087890625
2021-09-12 13:00:00,320.6720275878906
2021-09-12 14:00:00,445.9300231933594
2021-09-12 15:00:00,591.800048828125
2021-09-12 16:00:00,652.79705810546875
2021-09-12 17:00:00,673.62005615234375
2021-09-12 18:00:00,660.427001953125
2021-09-12 19:00:00,592.97100830078125
2021-09-12 20:00:00,491.3040161132813
2021-09-12 21:00:00,341.2060241699219
2021-09-12 22:00:00,187.59600830078125
2021-09-12 23:00:00,24.224000930786133
2021-09-13 00:00:00,0
2021-09-13 01:00:00,0
2021-09-13 02:00:00,0
2021-09-13 03:00:00,0
2021-09-13 04:00:00,0
2021-09-13 05:00:00,0
2021-09-13 06:00:00,0
2021-09-13 07:00:00,0
2021-09-13 08:00:00,0
2021-09-13 09:00:00,0
2021-09-13 10:00:00,0
2021-09-13 11:00:00,42.14800262451172
2021-09-13 12:00:00,224.760009765625
2021-09-13 13:00:00,375.2080078125
2021-09-13 14:00:00,522.60400390625
2021-09-13 15:00:00,638.4830322265625
2021-09-13 16:00:00,704.35400390625
2021-09-13 17:00:00,726.64605712890625
2021-09-13 18:00:00,672.259033203125
2021-09-13 19:00:00,602.92303466796875
2021-09-13 20:00:00,498.49700927734375
2021-09-13 21:00:00,339.3810119628906
2021-09-13 22:00:00,184.39700317382813
2021-09-13 23:00:00,19.600000381469727
2021-09-14 00:00:00,0
2021-09-14 01:00:00,0
2021-09-14 02:00:00,0
2021-09-14 03:00:00,0
2021-09-14 04:00:00,0
2021-09-14 05:00:00,0
2021-09-14 06:00:00,0
2021-09-14 07:00:00,0
2021-09-14 08:00:00,0
2021-09-14 09:00:00,0
2021-09-14 10:00:00,0
2021-09-14 11:00:00,28.268001556396484
2021-09-14 12:00:00,202.0080108642578
2021-09-14 13:00:00,338.84002685546875
2021-09-14 14:00:00,472.7200317382813
2021-09-14 15:00:00,627.7060546875
2021-09-14 16:00:00,692.531005859375
2021-09-14 17:00:00,714.2540283203125
2021-09-14 18:00:00,657.2130126953125
2021-09-14 19:00:00,588.73602294921875
2021-09-14 20:00:00,485.7320251464844
2021-09-14 21:00:00,328.1120300292969
2021-09-14 22:00:00,176.05601501464844
2021-09-14 23:00:00,14.480000495910645
2021-09-15 00:00:00,0
2021-09-15 01:00:00,0
2021-09-15 02:00:00,0
2021-09-15 03:00:00,0
2021-09-15 04:00:00,0
2021-09-15 05:00:00,0
2021-09-15 06:00:00,0
2021-09-15 07:00:00,0
2021-09-15 08:00:00,0
2021-09-15 09:00:00,0
2021-09-15 10:00:00,0
2021-09-15 11:00:00,40.17000198364258
2021-09-15 12:00:00,216.7120056152344
2021-09-15 13:00:00,365.2720031738281
2021-09-15 14:00:00,510.4480285644531
2021-09-15 15:00:00,620.10601806640625
2021-09-15 16:00:00,684.22100830078125
2021-09-15 17:00:00,705.48101806640625
2021-09-15 18:00:00,600.4000244140625
2021-09-15 19:00:00,537.20501708984375
2021-09-15 20:00:00,442.2290344238281
2021-09-15 21:00:00,239.05001831054688
2021-09-15 22:00:00,126.6090087890625
2021-09-15 23:00:00,7.184000492095947
2021-09-16 00:00:00,0
2021-09-16 01:00:00,0
2021-09-16 02:00:00,0
2021-09-16 03:00:00,0
2021-09-16 04:00:00,0
2021-09-16 05:00:00,0
2021-09-16 06:00:00,0
2021-09-16 07:00:00,0
2021-09-16 08:00:00,0
2021-09-16 09:00:00,0
2021-09-16 10:00:00,0
2021-09-16 11:00:00,30.7080020904541
2021-09-16 12:00:00,151.15200805664065
2021-09-16 13:00:00,256.0320129394531
2021-09-16 14:00:00,358.4000244140625
2021-09-16 15:00:00,421.7690124511719
2021-09-16 16:00:00,465.4230346679687
2021-09-16 17:00:00,479.7500305175781
2021-09-16 18:00:00,483.50103759765625
2021-09-16 19:00:00,432.0650329589844
2021-09-16 20:00:00,354.9140319824219
2021-09-16 21:00:00,278.1510009765625
2021-09-16 22:00:00,145.34201049804688
2021-09-16 23:00:00,4.336000442504883
2021-09-17 00:00:00,0
2021-09-17 01:00:00,0
2021-09-17 02:00:00,0
2021-09-17 03:00:00,0
2021-09-17 04:00:00,0
2021-09-17 05:00:00,0
2021-09-17 06:00:00,0
2021-09-17 07:00:00,0
2021-09-17 08:00:00,0
2021-09-17 09:00:00,0
2021-09-17 10:00:00,0
2021-09-17 11:00:00,26.6460018157959
2021-09-17 12:00:00,103.64000701904295
2021-09-17 13:00:00,176.44801330566406
2021-09-17 14:00:00,247.4080047607422
2021-09-17 15:00:00,353.7400207519531
2021-09-17 16:00:00,390.4090270996094
2021-09-17 17:00:00,402.3070068359375
2021-09-17 18:00:00,388.7270202636719
2021-09-17 19:00:00,346.9420166015625
2021-09-17 20:00:00,284.3520202636719
2021-09-17 21:00:00,216.6120147705078
2021-09-17 22:00:00,111.58600616455078
2021-09-17 23:00:00,0.14400000870227814
2021-09-18 00:00:00,0
2021-09-18 01:00:00,0
2021-09-18 02:00:00,0
2021-09-18 03:00:00,0
2021-09-18 04:00:00,0
2021-09-18 05:00:00,0
2021-09-18 06:00:00,0
2021-09-18 07:00:00,0
2021-09-18 08:00:00,0
2021-09-18 09:00:00,0
2021-09-18 10:00:00,0
2021-09-18 11:00:00,24.39800071716309
2021-09-18 12:00:00,149.5279998779297
2021-09-18 13:00:00,255.91201782226565
2021-09-18 14:00:00,359.4720153808594
2021-09-18 15:00:00,393.0210266113281
2021-09-18 16:00:00,433.7990112304687
2021-09-18 17:00:00,446.8960266113281
2021-09-18 18:00:00,579.7850341796875
2021-09-18 19:00:00,516.822998046875
2021-09-18 20:00:00,422.60101318359375
2021-09-18 21:00:00,283.6820068359375
2021-09-18 22:00:00,143.99000549316406
2021-09-18 23:00:00,0
2021-09-19 00:00:00,0
2021-09-19 01:00:00,0
2021-09-19 02:00:00,0
2021-09-19 03:00:00,0
2021-09-19 04:00:00,0
2021-09-19 05:00:00,0
2021-09-19 06:00:00,0
2021-09-19 07:00:00,0
2021-09-19 08:00:00,0
2021-09-19 09:00:00,0
2021-09-19 10:00:00,0
2021-09-19 11:00:00,33.53000259399414
2021-09-19 12:00:00,214.84800720214844
2021-09-19 13:00:00,369.656005859375
2021-09-19 14:00:00,520.176025390625
2021-09-19 15:00:00,628.3160400390625
2021-09-19 16:00:00,693.59405517578125
2021-09-19 17:00:00,714.32403564453125
2021-09-19 18:00:00,649.20001220703125
2021-09-19 19:00:00,577.947998046875
2021-09-19 20:00:00,471.4910278320313
2021-09-19 21:00:00,311.4960021972656
2021-09-19 22:00:00,155.66000366210938
2021-09-19 23:00:00,0
2021-09-20 00:00:00,0
2021-09-20 01:00:00,0
2021-09-20 02:00:00,0
2021-09-20 03:00:00,0
2021-09-20 04:00:00,0
2021-09-20 05:00:00,0
2021-09-20 06:00:00,0
2021-09-20 07:00:00,0
2021-09-20 08:00:00,0
2021-09-20 09:00:00,0
2021-09-20 10:00:00,0
2021-09-20 11:00:00,31.11600112915039
2021-09-20 12:00:00,209.72801208496097
2021-09-20 13:00:00,362.8240051269531
2021-09-20 14:00:00,511.488037109375
2021-09-20 15:00:00,624.69000244140625
2021-09-20 16:00:00,689.66900634765625
2021-09-20 17:00:00,710.072021484375
2021-09-20 18:00:00,606.02703857421875
2021-09-20 19:00:00,538.82904052734375
2021-09-20 20:00:00,438.52301025390625
2021-09-20 21:00:00,285.66900634765625
2021-09-20 22:00:00,140.44900512695313
2021-09-20 23:00:00,0
2021-09-21 00:00:00,0
2021-09-21 01:00:00,0
2021-09-21 02:00:00,0
2021-09-21 03:00:00,0
2021-09-21 04:00:00,0
2021-09-21 05:00:00,0
2021-09-21 06:00:00,0
2021-09-21 07:00:00,0
2021-09-21 08:00:00,0
2021-09-21 09:00:00,0
2021-09-21 10:00:00,0
2021-09-21 11:00:00,29.030000686645508
2021-09-21 12:00:00,204.8160095214844
2021-09-21 13:00:00,356.3280029296875
2021-09-21 14:00:00,503.2640380859375
2021-09-21 15:00:00,610.97802734375
2021-09-21 16:00:00,674.60003662109375
2021-09-21 17:00:00,694.3740234375
2021-09-21 18:00:00,635.2640380859375
2021-09-21 19:00:00,564.0830078125
2021-09-21 20:00:00,457.968017578125
2021-09-21 21:00:00,289.23101806640625
2021-09-21 22:00:00,139.79400634765625
2021-09-21 23:00:00,0
2021-09-22 00:00:00,0
2021-09-22 01:00:00,0
2021-09-22 02:00:00,0
2021-09-22 03:00:00,0
2021-09-22 04:00:00,0
2021-09-22 05:00:00,0
2021-09-22 06:00:00,0
2021-09-22 07:00:00,0
2021-09-22 08:00:00,0
2021-09-22 09:00:00,0
2021-09-22 10:00:00,0
2021-09-22 11:00:00,22.666000366210938
2021-09-22 12:00:00,136.4560089111328
2021-09-22 13:00:00,238.76800537109375
2021-09-22 14:00:00,337.85601806640625
2021-09-22 15:00:00,416.6440124511719
2021-09-22 16:00:00,460.1080322265625
2021-09-22 17:00:00,473.4440307617187
2021-09-22 18:00:00,462.8860168457031
2021-09-22 19:00:00,410.47802734375
2021-09-22 20:00:00,332.427001953125
2021-09-22 21:00:00,208.9650115966797
2021-09-22 22:00:00,99.20500183105467
2021-09-22 23:00:00,0
2021-09-23 00:00:00,0
2021-09-23 01:00:00,0
2021-09-23 02:00:00,0
2021-09-23 03:00:00,0
2021-09-23 04:00:00,0
2021-09-23 05:00:00,0
2021-09-23 06:00:00,0
2021-09-23 07:00:00,0
2021-09-23 08:00:00,0
2021-09-23 09:00:00,0
2021-09-23 10:00:00,0
2021-09-23 11:00:00,19.39400100708008
2021-09-23 12:00:00,161.24000549316406
2021-09-23 13:00:00,283.8000183105469
2021-09-23 14:00:00,402.3520202636719
2021-09-23 15:00:00,383.614013671875
2021-09-23 16:00:00,423.6780090332031
2021-09-23 17:00:00,435.8260192871094
2021-09-23 18:00:00,400.166015625
2021-09-23 19:00:00,354.36102294921875
2021-09-23 20:00:00,286.2790222167969
2021-09-23 21:00:00,206.11300659179688
2021-09-23 22:00:00,96.01100158691406
2021-09-23 23:00:00,0
2021-09-24 00:00:00,0
2021-09-24 01:00:00,0
2021-09-24 02:00:00,0
2021-09-24 03:00:00,0
2021-09-24 04:00:00,0
2021-09-24 05:00:00,0
2021-09-24 06:00:00,0
2021-09-24 07:00:00,0
2021-09-24 08:00:00,0
2021-09-24 09:00:00,0
2021-09-24 10:00:00,0
2021-09-24 11:00:00,12.66200065612793
2021-09-24 12:00:00,106.22000885009766
2021-09-24 13:00:00,188.10400390625
2021-09-24 14:00:00,267.20001220703125
2021-09-24 15:00:00,579.19903564453125
2021-09-24 16:00:00,639.77001953125
2021-09-24 17:00:00,657.9300537109375
2021-09-24 18:00:00,634.2430419921875
2021-09-24 19:00:00,560.8990478515625
2021-09-24 20:00:00,451.98101806640625
2021-09-24 21:00:00,281.0090026855469
2021-09-24 22:00:00,128.33200073242188
2021-09-24 23:00:00,0
2021-09-25 00:00:00,0
2021-09-25 01:00:00,0
2021-09-25 02:00:00,0
2021-09-25 03:00:00,0
2021-09-25 04:00:00,0
2021-09-25 05:00:00,0
2021-09-25 06:00:00,0
2021-09-25 07:00:00,0
2021-09-25 08:00:00,0
2021-09-25 09:00:00,0
2021-09-25 10:00:00,0
2021-09-25 11:00:00,19.84600067138672
2021-09-25 12:00:00,199.9080047607422
2021-09-25 13:00:00,356.2240295410156
2021-09-25 14:00:00,507.0400390625
2021-09-25 15:00:00,617.36505126953125
2021-09-25 16:00:00,682.02301025390625
2021-09-25 17:00:00,701.17803955078125
2021-09-25 18:00:00,633.260009765625
2021-09-25 19:00:00,559.25
2021-09-25 20:00:00,449.4480285644531
2021-09-25 21:00:00,285.9820251464844
2021-09-25 22:00:00,127.9040069580078
2021-09-25 23:00:00,0
2021-09-26 00:00:00,0
2021-09-26 01:00:00,0
2021-09-26 02:00:00,0
2021-09-26 03:00:00,0
2021-09-26 04:00:00,0
2021-09-26 05:00:00,0
2021-09-26 06:00:00,0
2021-09-26 07:00:00,0
2021-09-26 08:00:00,0
2021-09-26 09:00:00,0
2021-09-26 10:00:00,0
2021-09-26 11:00:00,17.306001663208008
2021-09-26 12:00:00,192.80801391601565
2021-09-26 13:00:00,345.7920227050781
2021-09-26 14:00:00,493.2000122070313
2021-09-26 15:00:00,609.385009765625
2021-09-26 16:00:00,673.2960205078125
2021-09-26 17:00:00,692.0050048828125
2021-09-26 18:00:00,630.4820556640625
2021-09-26 19:00:00,556.04205322265625
2021-09-26 20:00:00,445.70703125
2021-09-26 21:00:00,271.2740173339844
2021-09-26 22:00:00,118.66900634765624
2021-09-26 23:00:00,0
2021-09-27 00:00:00,0
2021-09-27 01:00:00,0
2021-09-27 02:00:00,0
2021-09-27 03:00:00,0
2021-09-27 04:00:00,0
2021-09-27 05:00:00,0
2021-09-27 06:00:00,0
2021-09-27 07:00:00,0
2021-09-27 08:00:00,0
2021-09-27 09:00:00,0
2021-09-27 10:00:00,0
2021-09-27 11:00:00,10.940000534057615
2021-09-27 12:00:00,64.73600006103516
2021-09-27 13:00:00,116.87200927734376
2021-09-27 14:00:00,167.04000854492188
2021-09-27 15:00:00,298.3170166015625
2021-09-27 16:00:00,329.6820068359375
2021-09-27 17:00:00,338.73101806640625
2021-09-27 18:00:00,562.16204833984375
2021-09-27 19:00:00,495.0790100097656
2021-09-27 20:00:00,395.759033203125
2021-09-27 21:00:00,262.072021484375
2021-09-27 22:00:00,111.99900817871094
2021-09-27 23:00:00,0
2021-09-28 00:00:00,0
2021-09-28 01:00:00,0
2021-09-28 02:00:00,0
2021-09-28 03:00:00,0
2021-09-28 04:00:00,0
2021-09-28 05:00:00,0
2021-09-28 06:00:00,0
2021-09-28 07:00:00,0
2021-09-28 08:00:00,0
2021-09-28 09:00:00,0
2021-09-28 10:00:00,0
2021-09-28 11:00:00,13.35800075531006
2021-09-28 12:00:00,137.47601318359375
2021-09-28 13:00:00,249.89601135253903
2021-09-28 14:00:00,357.9360046386719
2021-09-28 15:00:00,271.885009765625
2021-09-28 16:00:00,300.49700927734375
2021-09-28 17:00:00,308.65802001953125
2021-09-28 18:00:00,340.302001953125
2021-09-28 19:00:00,299.27301025390625
2021-09-28 20:00:00,238.5860137939453
2021-09-28 21:00:00,241.0830078125
2021-09-28 22:00:00,100.52700805664064
2021-09-28 23:00:00,0
2021-09-29 00:00:00,0
2021-09-29 01:00:00,0
2021-09-29 02:00:00,0
2021-09-29 03:00:00,0
2021-09-29 04:00:00,0
2021-09-29 05:00:00,0
2021-09-29 06:00:00,0
2021-09-29 07:00:00,0
2021-09-29 08:00:00,0
2021-09-29 09:00:00,0
2021-09-29 10:00:00,0
2021-09-29 11:00:00,11.35200023651123
2021-09-29 12:00:00,176.6400146484375
2021-09-29 13:00:00,323.3360290527344
2021-09-29 14:00:00,464.1440124511719
2021-09-29 15:00:00,499.7810363769531
2021-09-29 16:00:00,552.46600341796875
2021-09-29 17:00:00,567.32501220703125
2021-09-29 18:00:00,496.8250122070313
2021-09-29 19:00:00,436.2560119628906
2021-09-29 20:00:00,346.8420104980469
2021-09-29 21:00:00,209.4620056152344
2021-09-29 22:00:00,85.0790023803711
2021-09-29 23:00:00,0
2021-09-30 00:00:00,0
2021-09-30 01:00:00,0
2021-09-30 02:00:00,0
2021-09-30 03:00:00,0
2021-09-30 04:00:00,0
2021-09-30 05:00:00,0
2021-09-30 06:00:00,0
2021-09-30 07:00:00,0
2021-09-30 08:00:00,0
2021-09-30 09:00:00,0
2021-09-30 10:00:00,0
2021-09-30 11:00:00,6.215000152587891
2021-09-30 12:00:00,114.39600372314452
2021-09-30 13:00:00,210.92800903320313
2021-09-30 14:00:00,303.4560241699219
2021-09-30 15:00:00,426.2000122070313
2021-09-30 16:00:00,471.2190246582031
2021-09-30 17:00:00,483.7570190429687
2021-09-30 18:00:00,480.4020080566406
2021-09-30 19:00:00,421.2340087890625
2021-09-30 20:00:00,333.95001220703125
2021-09-30 21:00:00,179.69100952148438
2021-09-30 22:00:00,71
2021-09-30 23:00:00,0
2021-10-01 00:00:00,0
2021-10-01 01:00:00,0
2021-10-01 02:00:00,0
2021-10-01 03:00:00,0
2021-10-01 04:00:00,0
2021-10-01 05:00:00,0
2021-10-01 06:00:00,0
2021-10-01 07:00:00,0
2021-10-01 08:00:00,0
2021-10-01 09:00:00,0
2021-10-01 10:00:00,0
2021-10-01 11:00:00,7.712000370025635
2021-10-01 12:00:00,190.6360015869141
2021-10-01 13:00:00,354.1440124511719
2021-10-01 14:00:00,491.7920227050781
2021-10-01 15:00:00,554.6910400390625
2021-10-01 16:00:00,616.05401611328125
2021-10-01 17:00:00,629.5670166015625
2021-10-01 18:00:00,517.44500732421875
2021-10-01 19:00:00,446.70501708984375
2021-10-01 20:00:00,355.1130065917969
2021-10-01 21:00:00,197.8100128173828
2021-10-01 22:00:00,75.876007080078125
2021-10-01 23:00:00,0
2021-10-02 00:00:00,0
2021-10-02 01:00:00,0
2021-10-02 02:00:00,0
2021-10-02 03:00:00,0
2021-10-02 04:00:00,0
2021-10-02 05:00:00,0
2021-10-02 06:00:00,0
2021-10-02 07:00:00,0
2021-10-02 08:00:00,0
2021-10-02 09:00:00,0
2021-10-02 10:00:00,0
2021-10-02 11:00:00,5.789000511169434
2021-10-02 12:00:00,181.67201232910156
2021-10-02 13:00:00,340.10400390625
2021-10-02 14:00:00,473.4080200195313
2021-10-02 15:00:00,574.10400390625
2021-10-02 16:00:00,637.7440185546875
2021-10-02 17:00:00,651.54705810546875
2021-10-02 18:00:00,611.06103515625
2021-10-02 19:00:00,526.7220458984375
2021-10-02 20:00:00,417.510009765625
2021-10-02 21:00:00,205.5130157470703
2021-10-02 22:00:00,76.39400482177734
2021-10-02 23:00:00,0
2021-10-03 00:00:00,0
2021-10-03 01:00:00,0
2021-10-03 02:00:00,0
2021-10-03 03:00:00,0
2021-10-03 04:00:00,0
2021-10-03 05:00:00,0
2021-10-03 06:00:00,0
2021-10-03 07:00:00,0
2021-10-03 08:00:00,0
2021-10-03 09:00:00,0
2021-10-03 10:00:00,0
2021-10-03 11:00:00,3.009000062942505
2021-10-03 12:00:00,134.22801208496094
2021-10-03 13:00:00,253.30401611328125
2021-10-03 14:00:00,353.42401123046875
2021-10-03 15:00:00,287.0140075683594
2021-10-03 16:00:00,318.906005859375
2021-10-03 17:00:00,325.7030029296875
2021-10-03 18:00:00,179.3800048828125
2021-10-03 19:00:00,154.3900146484375
2021-10-03 20:00:00,122.01300811767578
2021-10-03 21:00:00,59.01700210571289
2021-10-03 22:00:00,21.216001510620117
2021-10-03 23:00:00,0
2021-10-04 00:00:00,0
2021-10-04 01:00:00,0
2021-10-04 02:00:00,0
2021-10-04 03:00:00,0
2021-10-04 04:00:00,0
2021-10-04 05:00:00,0
2021-10-04 06:00:00,0
2021-10-04 07:00:00,0
2021-10-04 08:00:00,0
2021-10-04 09:00:00,0
2021-10-04 10:00:00,0
2021-10-04 11:00:00,0.8570000529289246
2021-10-04 12:00:00,70.13200378417969
2021-10-04 13:00:00,133.44000244140625
2021-10-04 14:00:00,186.656005859375
2021-10-04 15:00:00,203.52801513671875
2021-10-04 16:00:00,226.1840057373047
2021-10-04 17:00:00,230.95501708984375
2021-10-04 18:00:00,288.74102783203125
2021-10-04 19:00:00,248.14300537109375
2021-10-04 20:00:00,195.51400756835935
2021-10-04 21:00:00,92.67200469970705
2021-10-04 22:00:00,32.14400100708008
2021-10-04 23:00:00,0
2021-10-05 00:00:00,0
2021-10-05 01:00:00,0
2021-10-05 02:00:00,0
2021-10-05 03:00:00,0
2021-10-05 04:00:00,0
2021-10-05 05:00:00,0
2021-10-05 06:00:00,0
2021-10-05 07:00:00,0
2021-10-05 08:00:00,0
2021-10-05 09:00:00,0
2021-10-05 10:00:00,0
2021-10-05 11:00:00,0
2021-10-05 12:00:00,42.10000228881836
2021-10-05 13:00:00,80.80000305175781
2021-10-05 14:00:00,113.29600524902344
2021-10-05 15:00:00,160.99900817871094
2021-10-05 16:00:00,178.96200561523438
2021-10-05 17:00:00,182.6940155029297
2021-10-05 18:00:00,163.05801391601565
2021-10-05 19:00:00,139.9130096435547
2021-10-05 20:00:00,109.90900421142578
2021-10-05 21:00:00,55.64600372314453
2021-10-05 22:00:00,18.560001373291016
2021-10-05 23:00:00,0
2021-10-06 00:00:00,0
2021-10-06 01:00:00,0
2021-10-06 02:00:00,0
2021-10-06 03:00:00,0
2021-10-06 04:00:00,0
2021-10-06 05:00:00,0
2021-10-06 06:00:00,0
2021-10-06 07:00:00,0
2021-10-06 08:00:00,0
2021-10-06 09:00:00,0
2021-10-06 10:00:00,0
2021-10-06 11:00:00,0
2021-10-06 12:00:00,122.18800354003906
2021-10-06 13:00:00,236.5760040283203
2021-10-06 14:00:00,332.6080017089844
2021-10-06 15:00:00,547.175048828125
2021-10-06 16:00:00,608.37005615234375
2021-10-06 17:00:00,620.8890380859375
2021-10-06 18:00:00,581.6290283203125
2021-10-06 19:00:00,498.2890319824219
2021-10-06 20:00:00,390.2250061035156
2021-10-06 21:00:00,184.2650146484375
2021-10-06 22:00:00,58.97600173950195
2021-10-06 23:00:00,0
2021-10-07 00:00:00,0
2021-10-07 01:00:00,0
2021-10-07 02:00:00,0
2021-10-07 03:00:00,0
2021-10-07 04:00:00,0
2021-10-07 05:00:00,0
2021-10-07 06:00:00,0
2021-10-07 07:00:00,0
2021-10-07 08:00:00,0
2021-10-07 09:00:00,0
2021-10-07 10:00:00,0
2021-10-07 11:00:00,0
2021-10-07 12:00:00,167.05601501464844
2021-10-07 13:00:00,326.4320068359375
2021-10-07 14:00:00,460.1600341796875
2021-10-07 15:00:00,566.49005126953125
2021-10-07 16:00:00,630.0030517578125
2021-10-07 17:00:00,642.79302978515625
2021-10-07 18:00:00,589.2550048828125
2021-10-07 19:00:00,504.04302978515625
2021-10-07 20:00:00,393.4900207519531
2021-10-07 21:00:00,179.4350128173828
2021-10-07 22:00:00,54.91200256347656
2021-10-07 23:00:00,0
2021-10-08 00:00:00,0
2021-10-08 01:00:00,0
2021-10-08 02:00:00,0
2021-10-08 03:00:00,0
2021-10-08 04:00:00,0
2021-10-08 05:00:00,0
2021-10-08 06:00:00,0
2021-10-08 07:00:00,0
2021-10-08 08:00:00,0
2021-10-08 09:00:00,0
2021-10-08 10:00:00,0
2021-10-08 11:00:00,0
2021-10-08 12:00:00,143.19601440429688
2021-10-08 13:00:00,282.4880065917969
2021-10-08 14:00:00,399.2960205078125
2021-10-08 15:00:00,488.8410339355469
2021-10-08 16:00:00,543.8060302734375
2021-10-08 17:00:00,554.73699951171875
2021-10-08 18:00:00,490.3260192871094
2021-10-08 19:00:00,418.7540283203125
2021-10-08 20:00:00,325.8730163574219
2021-10-08 21:00:00,168.3330078125
2021-10-08 22:00:00,49.05600357055664
2021-10-08 23:00:00,0
2021-10-09 00:00:00,0
2021-10-09 01:00:00,0
2021-10-09 02:00:00,0
2021-10-09 03:00:00,0
2021-10-09 04:00:00,0
2021-10-09 05:00:00,0
2021-10-09 06:00:00,0
2021-10-09 07:00:00,0
2021-10-09 08:00:00,0
2021-10-09 09:00:00,0
2021-10-09 10:00:00,0
2021-10-09 11:00:00,0
2021-10-09 12:00:00,140.69200134277344
2021-10-09 13:00:00,280.30401611328125
2021-10-09 14:00:00,397.3280334472656
2021-10-09 15:00:00,522.73699951171875
2021-10-09 16:00:00,581.696044921875
2021-10-09 17:00:00,593.2130126953125
2021-10-09 18:00:00,461.9940185546875
2021-10-09 19:00:00,393.9450073242187
2021-10-09 20:00:00,305.57501220703125
2021-10-09 21:00:00,139.1610107421875
2021-10-09 22:00:00,38.4640007019043
2021-10-09 23:00:00,0
2021-10-10 00:00:00,0
2021-10-10 01:00:00,0
2021-10-10 02:00:00,0
2021-10-10 03:00:00,0
2021-10-10 04:00:00,0
2021-10-10 05:00:00,0
2021-10-10 06:00:00,0
2021-10-10 07:00:00,0
2021-10-10 08:00:00,0
2021-10-10 09:00:00,0
2021-10-10 10:00:00,0
2021-10-10 11:00:00,0
2021-10-10 12:00:00,51.76000213623047
2021-10-10 13:00:00,104.18400573730467
2021-10-10 14:00:00,148.09600830078125
2021-10-10 15:00:00,172.9090118408203
2021-10-10 16:00:00,192.47100830078125
2021-10-10 17:00:00,196.2270050048828
2021-10-10 18:00:00,177.8660125732422
2021-10-10 19:00:00,151.4320068359375
2021-10-10 20:00:00,117.07400512695313
2021-10-10 21:00:00,55.94100189208984
2021-10-10 22:00:00,14.592000961303713
2021-10-10 23:00:00,0
2021-10-11 00:00:00,0
2021-10-11 01:00:00,0
2021-10-11 02:00:00,0
2021-10-11 03:00:00,0
2021-10-11 04:00:00,0
2021-10-11 05:00:00,0
2021-10-11 06:00:00,0
2021-10-11 07:00:00,0
2021-10-11 08:00:00,0
2021-10-11 09:00:00,0
2021-10-11 10:00:00,0
2021-10-11 11:00:00,0
2021-10-11 12:00:00,86.69200134277344
2021-10-11 13:00:00,176.36001586914065
2021-10-11 14:00:00,251.4560089111328
2021-10-11 15:00:00,314.1820068359375
2021-10-11 16:00:00,349.8290100097656
2021-10-11 17:00:00,356.5940246582031
2021-10-11 18:00:00,377.9640197753906
2021-10-11 19:00:00,321.2770080566406
2021-10-11 20:00:00,247.5660095214844
2021-10-11 21:00:00,122.26400756835938
2021-10-11 22:00:00,29.920001983642575
2021-10-11 23:00:00,0
2021-10-12 00:00:00,0
2021-10-12 01:00:00,0
2021-10-12 02:00:00,0
2021-10-12 03:00:00,0
2021-10-12 04:00:00,0
2021-10-12 05:00:00,0
2021-10-12 06:00:00,0
2021-10-12 07:00:00,0
2021-10-12 08:00:00,0
2021-10-12 09:00:00,0
2021-10-12 10:00:00,0
2021-10-12 11:00:00,0
2021-10-12 12:00:00,149.3000030517578
2021-10-12 13:00:00,307.1200256347656
2021-10-12 14:00:00,439.2320251464844
2021-10-12 15:00:00,544.2430419921875
2021-10-12 16:00:00,606.19403076171875
2021-10-12 17:00:00,617.779052734375
2021-10-12 18:00:00,563.84600830078125
2021-10-12 19:00:00,478.49700927734375
2021-10-12 20:00:00,367.4910278320313
2021-10-12 21:00:00,153.8660125732422
2021-10-12 22:00:00,35.07200241088867
2021-10-12 23:00:00,0
2021-10-13 00:00:00,0
2021-10-13 01:00:00,0
2021-10-13 02:00:00,0
2021-10-13 03:00:00,0
2021-10-13 04:00:00,0
2021-10-13 05:00:00,0
2021-10-13 06:00:00,0
2021-10-13 07:00:00,0
2021-10-13 08:00:00,0
2021-10-13 09:00:00,0
2021-10-13 10:00:00,0
2021-10-13 11:00:00,0
2021-10-13 12:00:00,144.8520050048828
2021-10-13 13:00:00,301.4320068359375
2021-10-13 14:00:00,432.4480285644531
2021-10-13 15:00:00,536.12603759765625
2021-10-13 16:00:00,597.364013671875
2021-10-13 17:00:00,608.666015625
2021-10-13 18:00:00,552.092041015625
2021-10-13 19:00:00,467.7610168457031
2021-10-13 20:00:00,358.031005859375
2021-10-13 21:00:00,143.38900756835938
2021-10-13 22:00:00,30.2080020904541
2021-10-13 23:00:00,0
2021-10-14 00:00:00,0
2021-10-14 01:00:00,0
2021-10-14 02:00:00,0
2021-10-14 03:00:00,0
2021-10-14 04:00:00,0
2021-10-14 05:00:00,0
2021-10-14 06:00:00,0
2021-10-14 07:00:00,0
2021-10-14 08:00:00,0
2021-10-14 09:00:00,0
2021-10-14 10:00:00,0
2021-10-14 11:00:00,0
2021-10-14 12:00:00,125.64800262451172
2021-10-14 13:00:00,264.63201904296875
2021-10-14 14:00:00,380.864013671875
2021-10-14 15:00:00,434.2040100097656
2021-10-14 16:00:00,483.97601318359375
2021-10-14 17:00:00,493.0340270996094
2021-10-14 18:00:00,478.62103271484375
2021-10-14 19:00:00,404.8450317382813
2021-10-14 20:00:00,308.82000732421875
2021-10-14 21:00:00,138.83700561523438
2021-10-14 22:00:00,26.75200080871582
2021-10-14 23:00:00,0
2021-10-15 00:00:00,0
2021-10-15 01:00:00,0
2021-10-15 02:00:00,0
2021-10-15 03:00:00,0
2021-10-15 04:00:00,0
2021-10-15 05:00:00,0
2021-10-15 06:00:00,0
2021-10-15 07:00:00,0
2021-10-15 08:00:00,0
2021-10-15 09:00:00,0
2021-10-15 10:00:00,0
2021-10-15 11:00:00,0
2021-10-15 12:00:00,127.7040023803711
2021-10-15 13:00:00,272.3520202636719
2021-10-15 14:00:00,393.280029296875
2021-10-15 15:00:00,481.7640380859375
2021-10-15 16:00:00,537.20001220703125
2021-10-15 17:00:00,547.15203857421875
2021-10-15 18:00:00,509.68603515625
2021-10-15 19:00:00,430.426025390625
2021-10-15 20:00:00,327.1860046386719
2021-10-15 21:00:00,131.98001098632813
2021-10-15 22:00:00,22.992000579833984
2021-10-15 23:00:00,0
2021-10-16 00:00:00,0
2021-10-16 01:00:00,0
2021-10-16 02:00:00,0
2021-10-16 03:00:00,0
2021-10-16 04:00:00,0
2021-10-16 05:00:00,0
2021-10-16 06:00:00,0
2021-10-16 07:00:00,0
2021-10-16 08:00:00,0
2021-10-16 09:00:00,0
2021-10-16 10:00:00,0
2021-10-16 11:00:00,0
2021-10-16 12:00:00,112.8600082397461
2021-10-16 13:00:00,243.85601806640625
2021-10-16 14:00:00,353.3440246582031
2021-10-16 15:00:00,449.2000122070313
2021-10-16 16:00:00,501.0980224609375
2021-10-16 17:00:00,510.291015625
2021-10-16 18:00:00,454.2950134277344
2021-10-16 19:00:00,383.0210266113281
2021-10-16 20:00:00,290.1330261230469
2021-10-16 21:00:00,72.08800506591797
2021-10-16 22:00:00,11.16800022125244
2021-10-16 23:00:00,0
2021-10-17 00:00:00,0
2021-10-17 01:00:00,0
2021-10-17 02:00:00,0
2021-10-17 03:00:00,0
2021-10-17 04:00:00,0
2021-10-17 05:00:00,0
2021-10-17 06:00:00,0
2021-10-17 07:00:00,0
2021-10-17 08:00:00,0
2021-10-17 09:00:00,0
2021-10-17 10:00:00,0
2021-10-17 11:00:00,0
2021-10-17 12:00:00,128.33200073242188
2021-10-17 13:00:00,281.10400390625
2021-10-17 14:00:00,408.7200317382813
2021-10-17 15:00:00,442.89202880859375
2021-10-17 16:00:00,494.2650146484375
2021-10-17 17:00:00,503.2430114746094
2021-10-17 18:00:00,319.69000244140625
2021-10-17 19:00:00,269.0940246582031
2021-10-17 20:00:00,203.1160125732422
2021-10-17 21:00:00,80.24300384521484
2021-10-17 22:00:00,10.832000732421877
2021-10-17 23:00:00,0
2021-10-18 00:00:00,0
2021-10-18 01:00:00,0
2021-10-18 02:00:00,0
2021-10-18 03:00:00,0
2021-10-18 04:00:00,0
2021-10-18 05:00:00,0
2021-10-18 06:00:00,0
2021-10-18 07:00:00,0
2021-10-18 08:00:00,0
2021-10-18 09:00:00,0
2021-10-18 10:00:00,0
2021-10-18 11:00:00,0
2021-10-18 12:00:00,45.78800201416016
2021-10-18 13:00:00,101.73600769042967
2021-10-18 14:00:00,148.46400451660156
2021-10-18 15:00:00,290.7650146484375
2021-10-18 16:00:00,324.6490173339844
2021-10-18 17:00:00,330.49200439453125
2021-10-18 18:00:00,326.84100341796875
2021-10-18 19:00:00,274.6610107421875
2021-10-18 20:00:00,206.5730133056641
2021-10-18 21:00:00,73.0250015258789
2021-10-18 22:00:00,8.336000442504883
2021-10-18 23:00:00,0
2021-10-19 00:00:00,0
2021-10-19 01:00:00,0
2021-10-19 02:00:00,0
2021-10-19 03:00:00,0
2021-10-19 04:00:00,0
2021-10-19 05:00:00,0
2021-10-19 06:00:00,0
2021-10-19 07:00:00,0
2021-10-19 08:00:00,0
2021-10-19 09:00:00,0
2021-10-19 10:00:00,0
2021-10-19 11:00:00,0
2021-10-19 12:00:00,126.87200927734376
2021-10-19 13:00:00,286.1280212402344
2021-10-19 14:00:00,419.0880126953125
2021-10-19 15:00:00,517.80902099609375
2021-10-19 16:00:00,578.4100341796875
2021-10-19 17:00:00,588.7550048828125
2021-10-19 18:00:00,536.82403564453125
2021-10-19 19:00:00,450.3930358886719
2021-10-19 20:00:00,337.5090026855469
2021-10-19 21:00:00,120.2560043334961
2021-10-19 22:00:00,11.152000427246094
2021-10-19 23:00:00,0
2021-10-20 00:00:00,0
2021-10-20 01:00:00,0
2021-10-20 02:00:00,0
2021-10-20 03:00:00,0
2021-10-20 04:00:00,0
2021-10-20 05:00:00,0
2021-10-20 06:00:00,0
2021-10-20 07:00:00,0
2021-10-20 08:00:00,0
2021-10-20 09:00:00,0
2021-10-20 10:00:00,0
2021-10-20 11:00:00,0
2021-10-20 12:00:00,120.79200744628906
2021-10-20 13:00:00,276.7040100097656
2021-10-20 14:00:00,406.83203125
2021-10-20 15:00:00,511.9800109863281
2021-10-20 16:00:00,572.175048828125
2021-10-20 17:00:00,582.33502197265625
2021-10-20 18:00:00,522.10101318359375
2021-10-20 19:00:00,437.3050231933594
2021-10-20 20:00:00,326.5220031738281
2021-10-20 21:00:00,121.19000244140624
2021-10-20 22:00:00,8.544000625610352
2021-10-20 23:00:00,0
2021-10-21 00:00:00,0
2021-10-21 01:00:00,0
2021-10-21 02:00:00,0
2021-10-21 03:00:00,0
2021-10-21 04:00:00,0
2021-10-21 05:00:00,0
2021-10-21 06:00:00,0
2021-10-21 07:00:00,0
2021-10-21 08:00:00,0
2021-10-21 09:00:00,0
2021-10-21 10:00:00,0
2021-10-21 11:00:00,0
2021-10-21 12:00:00,108.3080062866211
2021-10-21 13:00:00,252.20001220703125
2021-10-21 14:00:00,372.2560119628906
2021-10-21 15:00:00,381.4240112304687
2021-10-21 16:00:00,426.4770202636719
2021-10-21 17:00:00,434.0080261230469
2021-10-21 18:00:00,344.0950012207031
2021-10-21 19:00:00,287.7460021972656
2021-10-21 20:00:00,214.06100463867188
2021-10-21 21:00:00,111.88300323486328
2021-10-21 22:00:00,5.312000274658203
2021-10-21 23:00:00,0
2021-10-22 00:00:00,0
2021-10-22 01:00:00,0
2021-10-22 02:00:00,0
2021-10-22 03:00:00,0
2021-10-22 04:00:00,0
2021-10-22 05:00:00,0
2021-10-22 06:00:00,0
2021-10-22 07:00:00,0
2021-10-22 08:00:00,0
2021-10-22 09:00:00,0
2021-10-22 10:00:00,0
2021-10-22 11:00:00,0
2021-10-22 12:00:00,112.51600646972656
2021-10-22 13:00:00,266.5360107421875
2021-10-22 14:00:00,395.0080261230469
2021-10-22 15:00:00,447.5840148925781
2021-10-22 16:00:00,500.7150268554687
2021-10-22 17:00:00,509.510009765625
2021-10-22 18:00:00,301.1460266113281
2021-10-22 19:00:00,251.4180145263672
2021-10-22 20:00:00,186.3370056152344
2021-10-22 21:00:00,74.9010009765625
2021-10-22 22:00:00,1.7600001096725464
2021-10-22 23:00:00,0
2021-10-23 00:00:00,0
2021-10-23 01:00:00,0
2021-10-23 02:00:00,0
2021-10-23 03:00:00,0
2021-10-23 04:00:00,0
2021-10-23 05:00:00,0
2021-10-23 06:00:00,0
2021-10-23 07:00:00,0
2021-10-23 08:00:00,0
2021-10-23 09:00:00,0
2021-10-23 10:00:00,0
2021-10-23 11:00:00,0
2021-10-23 12:00:00,62.560001373291016
2021-10-23 13:00:00,150.89601135253906
2021-10-23 14:00:00,224.5600128173828
2021-10-23 15:00:00,298.7200012207031
2021-10-23 16:00:00,334.3750305175781
2021-10-23 17:00:00,340.2190246582031
2021-10-23 18:00:00,302.3440246582031
2021-10-23 19:00:00,252.00601196289065
2021-10-23 20:00:00,186.0720062255859
2021-10-23 21:00:00,59.8640022277832
2021-10-23 22:00:00,0
2021-10-23 23:00:00,0
2021-10-24 00:00:00,0
2021-10-24 01:00:00,0
2021-10-24 02:00:00,0
2021-10-24 03:00:00,0
2021-10-24 04:00:00,0
2021-10-24 05:00:00,0
2021-10-24 06:00:00,0
2021-10-24 07:00:00,0
2021-10-24 08:00:00,0
2021-10-24 09:00:00,0
2021-10-24 10:00:00,0
2021-10-24 11:00:00,0
2021-10-24 12:00:00,106.71600341796876
2021-10-24 13:00:00,262.32000732421875
2021-10-24 14:00:00,392.06402587890625
2021-10-24 15:00:00,503.2640380859375
2021-10-24 16:00:00,563.6610107421875
2021-10-24 17:00:00,573.47003173828125
2021-10-24 18:00:00,343.0240173339844
2021-10-24 19:00:00,285.447021484375
2021-10-24 20:00:00,209.97300720214844
2021-10-24 21:00:00,57.20100402832031
2021-10-24 22:00:00,0
2021-10-24 23:00:00,0
2021-10-25 00:00:00,0
2021-10-25 01:00:00,0
2021-10-25 02:00:00,0
2021-10-25 03:00:00,0
2021-10-25 04:00:00,0
2021-10-25 05:00:00,0
2021-10-25 06:00:00,0
2021-10-25 07:00:00,0
2021-10-25 08:00:00,0
2021-10-25 09:00:00,0
2021-10-25 10:00:00,0
2021-10-25 11:00:00,0
2021-10-25 12:00:00,94.18400573730467
2021-10-25 13:00:00,236.1840057373047
2021-10-25 14:00:00,354.552001953125
2021-10-25 15:00:00,414.8480224609375
2021-10-25 16:00:00,464.9190368652344
2021-10-25 17:00:00,472.99603271484375
2021-10-25 18:00:00,464.2510070800781
2021-10-25 19:00:00,385.6810302734375
2021-10-25 20:00:00,282.63702392578125
2021-10-25 21:00:00,72.63700103759766
2021-10-25 22:00:00,0
2021-10-25 23:00:00,0
2021-10-26 00:00:00,0
2021-10-26 01:00:00,0
2021-10-26 02:00:00,0
2021-10-26 03:00:00,0
2021-10-26 04:00:00,0
2021-10-26 05:00:00,0
2021-10-26 06:00:00,0
2021-10-26 07:00:00,0
2021-10-26 08:00:00,0
2021-10-26 09:00:00,0
2021-10-26 10:00:00,0
2021-10-26 11:00:00,0
2021-10-26 12:00:00,27.928001403808594
2021-10-26 13:00:00,71.52799987792969
2021-10-26 14:00:00,107.8560028076172
2021-10-26 15:00:00,128.5279998779297
2021-10-26 16:00:00,144.12200927734375
2021-10-26 17:00:00,146.62600708007813
2021-10-26 18:00:00,201.3870086669922
2021-10-26 19:00:00,167.03900146484375
2021-10-26 20:00:00,121.93500518798828
2021-10-26 21:00:00,52.11000061035156
2021-10-26 22:00:00,0
2021-10-26 23:00:00,0
2021-10-27 00:00:00,0
2021-10-27 01:00:00,0
2021-10-27 02:00:00,0
2021-10-27 03:00:00,0
2021-10-27 04:00:00,0
2021-10-27 05:00:00,0
2021-10-27 06:00:00,0
2021-10-27 07:00:00,0
2021-10-27 08:00:00,0
2021-10-27 09:00:00,0
2021-10-27 10:00:00,0
2021-10-27 11:00:00,0
2021-10-27 12:00:00,48.452003479003906
2021-10-27 13:00:00,126.86400604248048
2021-10-27 14:00:00,192.2080078125
2021-10-27 15:00:00,247.58401489257813
2021-10-27 16:00:00,277.8190002441406
2021-10-27 17:00:00,282.64501953125
2021-10-27 18:00:00,258.96099853515625
2021-10-27 19:00:00,214.4410095214844
2021-10-27 20:00:00,155.94801330566406
2021-10-27 21:00:00,52.928001403808594
2021-10-27 22:00:00,0
2021-10-27 23:00:00,0
2021-10-28 00:00:00,0
2021-10-28 01:00:00,0
2021-10-28 02:00:00,0
2021-10-28 03:00:00,0
2021-10-28 04:00:00,0
2021-10-28 05:00:00,0
2021-10-28 06:00:00,0
2021-10-28 07:00:00,0
2021-10-28 08:00:00,0
2021-10-28 09:00:00,0
2021-10-28 10:00:00,0
2021-10-28 11:00:00,0
2021-10-28 12:00:00,92.31600189208984
2021-10-28 13:00:00,247.4560089111328
2021-10-28 14:00:00,376.7200317382813
2021-10-28 15:00:00,489.0080261230469
2021-10-28 16:00:00,549.11505126953125
2021-10-28 17:00:00,558.6400146484375
2021-10-28 18:00:00,498.9460144042969
2021-10-28 19:00:00,412.49603271484375
2021-10-28 20:00:00,298.8340148925781
2021-10-28 21:00:00,86.80000305175781
2021-10-28 22:00:00,0
2021-10-28 23:00:00,0
2021-10-29 00:00:00,0
2021-10-29 01:00:00,0
2021-10-29 02:00:00,0
2021-10-29 03:00:00,0
2021-10-29 04:00:00,0
2021-10-29 05:00:00,0
2021-10-29 06:00:00,0
2021-10-29 07:00:00,0
2021-10-29 08:00:00,0
2021-10-29 09:00:00,0
2021-10-29 10:00:00,0
2021-10-29 11:00:00,0
2021-10-29 12:00:00,89.212005615234375
2021-10-29 13:00:00,245.14401245117188
2021-10-29 14:00:00,375.0560302734375
2021-10-29 15:00:00,479.6960144042969
2021-10-29 16:00:00,539.03399658203125
2021-10-29 17:00:00,548.38299560546875
2021-10-29 18:00:00,385.0350036621094
2021-10-29 19:00:00,317.8180236816406
2021-10-29 20:00:00,229.35801696777344
2021-10-29 21:00:00,44.73600387573242
2021-10-29 22:00:00,0
2021-10-29 23:00:00,0
2021-10-30 00:00:00,0
2021-10-30 01:00:00,0
2021-10-30 02:00:00,0
2021-10-30 03:00:00,0
2021-10-30 04:00:00,0
2021-10-30 05:00:00,0
2021-10-30 06:00:00,0
2021-10-30 07:00:00,0
2021-10-30 08:00:00,0
2021-10-30 09:00:00,0
2021-10-30 10:00:00,0
2021-10-30 11:00:00,0
2021-10-30 12:00:00,42.14400100708008
2021-10-30 13:00:00,118.88800811767578
2021-10-30 14:00:00,182.8160095214844
2021-10-30 15:00:00,235.26400756835935
2021-10-30 16:00:00,264.5660095214844
2021-10-30 17:00:00,269.166015625
2021-10-30 18:00:00,284.1280212402344
2021-10-30 19:00:00,234.14801025390625
2021-10-30 20:00:00,168.32200622558594
2021-10-30 21:00:00,35.952003479003906
2021-10-30 22:00:00,0
2021-10-30 23:00:00,0
2021-10-31 00:00:00,0
2021-10-31 01:00:00,0
2021-10-31 02:00:00,0
2021-10-31 03:00:00,0
2021-10-31 04:00:00,0
2021-10-31 05:00:00,0
2021-10-31 06:00:00,0
2021-10-31 07:00:00,0
2021-10-31 08:00:00,0
2021-10-31 09:00:00,0
2021-10-31 10:00:00,0
2021-10-31 11:00:00,0
2021-10-31 12:00:00,57.35200119018555
2021-10-31 13:00:00,166.37600708007813
2021-10-31 14:00:00,257.18402099609375
2021-10-31 15:00:00,350.2400207519531
2021-10-31 16:00:00,394.1440124511719
2021-10-31 17:00:00,401.0260314941406
2021-10-31 18:00:00,313.1510009765625
2021-10-31 19:00:00,257.6490173339844
2021-10-31 20:00:00,184.510009765625
2021-10-31 21:00:00,42.04800033569336
2021-10-31 22:00:00,0
2021-10-31 23:00:00,0
2021-11-01 00:00:00,0
2021-11-01 01:00:00,0
2021-11-01 02:00:00,0
2021-11-01 03:00:00,0
2021-11-01 04:00:00,0
2021-11-01 05:00:00,0
2021-11-01 06:00:00,0
2021-11-01 07:00:00,0
2021-11-01 08:00:00,0
2021-11-01 09:00:00,0
2021-11-01 10:00:00,0
2021-11-01 11:00:00,0
2021-11-01 12:00:00,76.54400634765625
2021-11-01 13:00:00,228.7360076904297
2021-11-01 14:00:00,355.2080078125
2021-11-01 15:00:00,467.2480163574219
2021-11-01 16:00:00,530.93304443359375
2021-11-01 17:00:00,524.7850341796875
2021-11-01 18:00:00,463.7680358886719
2021-11-01 19:00:00,383.8180236816406
2021-11-01 20:00:00,269.5190124511719
2021-11-01 21:00:00,74.272003173828125
2021-11-01 22:00:00,0
2021-11-01 23:00:00,0
2021-11-02 00:00:00,0
2021-11-02 01:00:00,0
2021-11-02 02:00:00,0
2021-11-02 03:00:00,0
2021-11-02 04:00:00,0
2021-11-02 05:00:00,0
2021-11-02 06:00:00,0
2021-11-02 07:00:00,0
2021-11-02 08:00:00,0
2021-11-02 09:00:00,0
2021-11-02 10:00:00,0
2021-11-02 11:00:00,0
2021-11-02 12:00:00,31.020002365112305
2021-11-02 13:00:00,95.67200469970705
2021-11-02 14:00:00,149.4080047607422
2021-11-02 15:00:00,164.70401000976565
2021-11-02 16:00:00,187.29901123046875
2021-11-02 17:00:00,185.1610107421875
2021-11-02 18:00:00,244.99801635742188
2021-11-02 19:00:00,202.45201110839844
2021-11-02 20:00:00,141.61900329589844
2021-11-02 21:00:00,49.68000411987305
2021-11-02 22:00:00,0
2021-11-02 23:00:00,0
2021-11-03 00:00:00,0
2021-11-03 01:00:00,0
2021-11-03 02:00:00,0
2021-11-03 03:00:00,0
2021-11-03 04:00:00,0
2021-11-03 05:00:00,0
2021-11-03 06:00:00,0
2021-11-03 07:00:00,0
2021-11-03 08:00:00,0
2021-11-03 09:00:00,0
2021-11-03 10:00:00,0
2021-11-03 11:00:00,0
2021-11-03 12:00:00,62.87200164794922
2021-11-03 13:00:00,200.58401489257813
2021-11-03 14:00:00,315.0240173339844
2021-11-03 15:00:00,282.8000183105469
2021-11-03 16:00:00,321.88800048828125
2021-11-03 17:00:00,318.2270202636719
2021-11-03 18:00:00,309.1520080566406
2021-11-03 19:00:00,255.07701110839844
2021-11-03 20:00:00,177.7360076904297
2021-11-03 21:00:00,60.57600402832031
2021-11-03 22:00:00,0
2021-11-03 23:00:00,0
2021-11-04 00:00:00,0
2021-11-04 01:00:00,0
2021-11-04 02:00:00,0
2021-11-04 03:00:00,0
2021-11-04 04:00:00,0
2021-11-04 05:00:00,0
2021-11-04 06:00:00,0
2021-11-04 07:00:00,0
2021-11-04 08:00:00,0
2021-11-04 09:00:00,0
2021-11-04 10:00:00,0
2021-11-04 11:00:00,0
2021-11-04 12:00:00,64.92000579833984
2021-11-04 13:00:00,214.7360076904297
2021-11-04 14:00:00,339.2480163574219
2021-11-04 15:00:00,450.1920166015625
2021-11-04 16:00:00,512.842041015625
2021-11-04 17:00:00,507.10601806640625
2021-11-04 18:00:00,391.3880310058594
2021-11-04 19:00:00,322.4420166015625
2021-11-04 20:00:00,223.81300354003903
2021-11-04 21:00:00,57.69600296020508
2021-11-04 22:00:00,0
2021-11-04 23:00:00,0
2021-11-05 00:00:00,0
2021-11-05 01:00:00,0
2021-11-05 02:00:00,0
2021-11-05 03:00:00,0
2021-11-05 04:00:00,0
2021-11-05 05:00:00,0
2021-11-05 06:00:00,0
2021-11-05 07:00:00,0
2021-11-05 08:00:00,0
2021-11-05 09:00:00,0
2021-11-05 10:00:00,0
2021-11-05 11:00:00,0
2021-11-05 12:00:00,61.93800354003906
2021-11-05 13:00:00,212.9840087890625
2021-11-05 14:00:00,338.52001953125
2021-11-05 15:00:00,455.2960205078125
2021-11-05 16:00:00,519.134033203125
2021-11-05 17:00:00,513.3990478515625
2021-11-05 18:00:00,469.7500305175781
2021-11-05 19:00:00,386.4200134277344
2021-11-05 20:00:00,267.17901611328125
2021-11-05 21:00:00,64.67200469970703
2021-11-05 22:00:00,0
2021-11-05 23:00:00,0
2021-11-06 00:00:00,0
2021-11-06 01:00:00,0
2021-11-06 02:00:00,0
2021-11-06 03:00:00,0
2021-11-06 04:00:00,0
2021-11-06 05:00:00,0
2021-11-06 06:00:00,0
2021-11-06 07:00:00,0
2021-11-06 08:00:00,0
2021-11-06 09:00:00,0
2021-11-06 10:00:00,0
2021-11-06 11:00:00,0
2021-11-06 12:00:00,59.00400161743164
2021-11-06 13:00:00,211.5520172119141
2021-11-06 14:00:00,338.3440246582031
2021-11-06 15:00:00,452.6720275878906
2021-11-06 16:00:00,516.6199951171875
2021-11-06 17:00:00,511.02203369140625
2021-11-06 18:00:00,466.7750244140625
2021-11-06 19:00:00,383.4200134277344
2021-11-06 20:00:00,264.0840148925781
2021-11-06 21:00:00,61.39200210571289
2021-11-06 22:00:00,0
2021-11-06 23:00:00,0
2021-11-07 00:00:00,0
2021-11-07 01:00:00,0
2021-11-07 02:00:00,0
2021-11-07 03:00:00,0
2021-11-07 04:00:00,0
2021-11-07 05:00:00,0
2021-11-07 06:00:00,0
2021-11-07 07:00:00,0
2021-11-07 08:00:00,0
2021-11-07 09:00:00,0
2021-11-07 10:00:00,0
2021-11-07 11:00:00,0
2021-11-07 12:00:00,55.672000885009766
2021-11-07 13:00:00,208.8000030517578
2021-11-07 14:00:00,336.09600830078125
2021-11-07 15:00:00,450.3680114746094
2021-11-07 16:00:00,514.4840087890625
2021-11-07 17:00:00,509.01702880859375
2021-11-07 18:00:00,464.1520080566406
2021-11-07 19:00:00,380.71002197265625
2021-11-07 20:00:00,261.2320251464844
2021-11-07 21:00:00,60.176002502441406
2021-11-07 22:00:00,0
2021-11-07 23:00:00,0
2021-11-08 00:00:00,0
2021-11-08 01:00:00,0
2021-11-08 02:00:00,0
2021-11-08 03:00:00,0
2021-11-08 04:00:00,0
2021-11-08 05:00:00,0
2021-11-08 06:00:00,0
2021-11-08 07:00:00,0
2021-11-08 08:00:00,0
2021-11-08 09:00:00,0
2021-11-08 10:00:00,0
2021-11-08 11:00:00,0
2021-11-08 12:00:00,49.81200408935547
2021-11-08 13:00:00,196.1840057373047
2021-11-08 14:00:00,317.87200927734375
2021-11-08 15:00:00,431.4560241699219
2021-11-08 16:00:00,493.3820190429687
2021-11-08 17:00:00,488.24603271484375
2021-11-08 18:00:00,443.87200927734375
2021-11-08 19:00:00,363.5680236816406
2021-11-08 20:00:00,248.53201293945313
2021-11-08 21:00:00,52.160003662109375
2021-11-08 22:00:00,0
2021-11-08 23:00:00,0
2021-11-09 00:00:00,0
2021-11-09 01:00:00,0
2021-11-09 02:00:00,0
2021-11-09 03:00:00,0
2021-11-09 04:00:00,0
2021-11-09 05:00:00,0
2021-11-09 06:00:00,0
2021-11-09 07:00:00,0
2021-11-09 08:00:00,0
2021-11-09 09:00:00,0
2021-11-09 10:00:00,0
2021-11-09 11:00:00,0
2021-11-09 12:00:00,45.676002502441406
2021-11-09 13:00:00,189.70401000976565
2021-11-09 14:00:00,309.4720153808594
2021-11-09 15:00:00,403.0240173339844
2021-11-09 16:00:00,461.3290100097656
2021-11-09 17:00:00,456.6510314941406
2021-11-09 18:00:00,429.4040222167969
2021-11-09 19:00:00,351.2370300292969
2021-11-09 20:00:00,239.1970062255859
2021-11-09 21:00:00,46.560001373291016
2021-11-09 22:00:00,0
2021-11-09 23:00:00,0
2021-11-10 00:00:00,0
2021-11-10 01:00:00,0
2021-11-10 02:00:00,0
2021-11-10 03:00:00,0
2021-11-10 04:00:00,0
2021-11-10 05:00:00,0
2021-11-10 06:00:00,0
2021-11-10 07:00:00,0
2021-11-10 08:00:00,0
2021-11-10 09:00:00,0
2021-11-10 10:00:00,0
2021-11-10 11:00:00,0
2021-11-10 12:00:00,35.26000213623047
2021-11-10 13:00:00,155.21600341796875
2021-11-10 14:00:00,254.97601318359375
2021-11-10 15:00:00,426.2240295410156
2021-11-10 16:00:00,488.39801025390625
2021-11-10 17:00:00,483.5840148925781
2021-11-10 18:00:00,443.7380065917969
2021-11-10 19:00:00,362.4750061035156
2021-11-10 20:00:00,245.9340057373047
2021-11-10 21:00:00,51.21600341796875
2021-11-10 22:00:00,0
2021-11-10 23:00:00,0
2021-11-11 00:00:00,0
2021-11-11 01:00:00,0
2021-11-11 02:00:00,0
2021-11-11 03:00:00,0
2021-11-11 04:00:00,0
2021-11-11 05:00:00,0
2021-11-11 06:00:00,0
2021-11-11 07:00:00,0
2021-11-11 08:00:00,0
2021-11-11 09:00:00,0
2021-11-11 10:00:00,0
2021-11-11 11:00:00,0
2021-11-11 12:00:00,38.72800064086914
2021-11-11 13:00:00,181.70401000976565
2021-11-11 14:00:00,300.6400146484375
2021-11-11 15:00:00,343.3280029296875
2021-11-11 16:00:00,393.8450317382813
2021-11-11 17:00:00,390.0890197753906
2021-11-11 18:00:00,421.8730163574219
2021-11-11 19:00:00,344.17401123046875
2021-11-11 20:00:00,232.6420135498047
2021-11-11 21:00:00,56.75200271606445
2021-11-11 22:00:00,0
2021-11-11 23:00:00,0
2021-11-12 00:00:00,0
2021-11-12 01:00:00,0
2021-11-12 02:00:00,0
2021-11-12 03:00:00,0
2021-11-12 04:00:00,0
2021-11-12 05:00:00,0
2021-11-12 06:00:00,0
2021-11-12 07:00:00,0
2021-11-12 08:00:00,0
2021-11-12 09:00:00,0
2021-11-12 10:00:00,0
2021-11-12 11:00:00,0
2021-11-12 12:00:00,15.69800090789795
2021-11-12 13:00:00,79.04000091552734
2021-11-12 14:00:00,131.74400329589844
2021-11-12 15:00:00,158.3360137939453
2021-11-12 16:00:00,181.8440093994141
2021-11-12 17:00:00,180.15301513671875
2021-11-12 18:00:00,288.78302001953125
2021-11-12 19:00:00,235.28701782226565
2021-11-12 20:00:00,158.46600341796875
2021-11-12 21:00:00,43.0880012512207
2021-11-12 22:00:00,0
2021-11-12 23:00:00,0
2021-11-13 00:00:00,0
2021-11-13 01:00:00,0
2021-11-13 02:00:00,0
2021-11-13 03:00:00,0
2021-11-13 04:00:00,0
2021-11-13 05:00:00,0
2021-11-13 06:00:00,0
2021-11-13 07:00:00,0
2021-11-13 08:00:00,0
2021-11-13 09:00:00,0
2021-11-13 10:00:00,0
2021-11-13 11:00:00,0
2021-11-13 12:00:00,30.36800193786621
2021-11-13 13:00:00,165.40000915527344
2021-11-13 14:00:00,277.7760009765625
2021-11-13 15:00:00,229.0720062255859
2021-11-13 16:00:00,263.3690185546875
2021-11-13 17:00:00,261.0210266113281
2021-11-13 18:00:00,220.42800903320313
2021-11-13 19:00:00,179.3660125732422
2021-11-13 20:00:00,120.3790054321289
2021-11-13 21:00:00,26.70400047302246
2021-11-13 22:00:00,0
2021-11-13 23:00:00,0
2021-11-14 00:00:00,0
2021-11-14 01:00:00,0
2021-11-14 02:00:00,0
2021-11-14 03:00:00,0
2021-11-14 04:00:00,0
2021-11-14 05:00:00,0
2021-11-14 06:00:00,0
2021-11-14 07:00:00,0
2021-11-14 08:00:00,0
2021-11-14 09:00:00,0
2021-11-14 10:00:00,0
2021-11-14 11:00:00,0
2021-11-14 12:00:00,29.23000144958496
2021-11-14 13:00:00,173.8800048828125
2021-11-14 14:00:00,294.30401611328125
2021-11-14 15:00:00,368.8160095214844
2021-11-14 16:00:00,424.5120239257813
2021-11-14 17:00:00,420.9010314941406
2021-11-14 18:00:00,279.7440185546875
2021-11-14 19:00:00,227.36801147460935
2021-11-14 20:00:00,152.05599975585938
2021-11-14 21:00:00,20.14400100708008
2021-11-14 22:00:00,0
2021-11-14 23:00:00,0
2021-11-15 00:00:00,0
2021-11-15 01:00:00,0
2021-11-15 02:00:00,0
2021-11-15 03:00:00,0
2021-11-15 04:00:00,0
2021-11-15 05:00:00,0
2021-11-15 06:00:00,0
2021-11-15 07:00:00,0
2021-11-15 08:00:00,0
2021-11-15 09:00:00,0
2021-11-15 10:00:00,0
2021-11-15 11:00:00,0
2021-11-15 12:00:00,11.370000839233398
2021-11-15 13:00:00,74.76800537109375
2021-11-15 14:00:00,127.56800842285156
2021-11-15 15:00:00,204.30401611328125
2021-11-15 16:00:00,235.4510040283203
2021-11-15 17:00:00,233.54901123046875
2021-11-15 18:00:00,278.4670104980469
2021-11-15 19:00:00,226.05601501464844
2021-11-15 20:00:00,150.66700744628906
2021-11-15 21:00:00,28.016000747680664
2021-11-15 22:00:00,0
2021-11-15 23:00:00,0
2021-11-16 00:00:00,0
2021-11-16 01:00:00,0
2021-11-16 02:00:00,0
2021-11-16 03:00:00,0
2021-11-16 04:00:00,0
2021-11-16 05:00:00,0
2021-11-16 06:00:00,0
2021-11-16 07:00:00,0
2021-11-16 08:00:00,0
2021-11-16 09:00:00,0
2021-11-16 10:00:00,0
2021-11-16 11:00:00,0
2021-11-16 12:00:00,14.16200065612793
2021-11-16 13:00:00,104.49600219726564
2021-11-16 14:00:00,179.74400329589844
2021-11-16 15:00:00,203.29600524902344
2021-11-16 16:00:00,234.5650177001953
2021-11-16 17:00:00,232.76600646972656
2021-11-16 18:00:00,303.9730224609375
2021-11-16 19:00:00,246.50201416015625
2021-11-16 20:00:00,163.73001098632813
2021-11-16 21:00:00,35.12000274658203
2021-11-16 22:00:00,0
2021-11-16 23:00:00,0
2021-11-17 00:00:00,0
2021-11-17 01:00:00,0
2021-11-17 02:00:00,0
2021-11-17 03:00:00,0
2021-11-17 04:00:00,0
2021-11-17 05:00:00,0
2021-11-17 06:00:00,0
2021-11-17 07:00:00,0
2021-11-17 08:00:00,0
2021-11-17 09:00:00,0
2021-11-17 10:00:00,0
2021-11-17 11:00:00,0
2021-11-17 12:00:00,18.082000732421875
2021-11-17 13:00:00,152.71200561523438
2021-11-17 14:00:00,264.8960266113281
2021-11-17 15:00:00,364.3360290527344
2021-11-17 16:00:00,420.9080200195313
2021-11-17 17:00:00,417.8680114746094
2021-11-17 18:00:00,358.4640197753906
2021-11-17 19:00:00,290.37701416015625
2021-11-17 20:00:00,192.24600219726565
2021-11-17 21:00:00,35.37600326538086
2021-11-17 22:00:00,0
2021-11-17 23:00:00,0
2021-11-18 00:00:00,0
2021-11-18 01:00:00,0
2021-11-18 02:00:00,0
2021-11-18 03:00:00,0
2021-11-18 04:00:00,0
2021-11-18 05:00:00,0
2021-11-18 06:00:00,0
2021-11-18 07:00:00,0
2021-11-18 08:00:00,0
2021-11-18 09:00:00,0
2021-11-18 10:00:00,0
2021-11-18 11:00:00,0
2021-11-18 12:00:00,15.594000816345217
2021-11-18 13:00:00,154.79200744628906
2021-11-18 14:00:00,270.8240051269531
2021-11-18 15:00:00,375.5520324707031
2021-11-18 16:00:00,434.41302490234375
2021-11-18 17:00:00,431.47802734375
2021-11-18 18:00:00,278.5610046386719
2021-11-18 19:00:00,225.42201232910156
2021-11-18 20:00:00,148.7550048828125
2021-11-18 21:00:00,30.8960018157959
2021-11-18 22:00:00,0
2021-11-18 23:00:00,0
2021-11-19 00:00:00,0
2021-11-19 01:00:00,0
2021-11-19 02:00:00,0
2021-11-19 03:00:00,0
2021-11-19 04:00:00,0
2021-11-19 05:00:00,0
2021-11-19 06:00:00,0
2021-11-19 07:00:00,0
2021-11-19 08:00:00,0
2021-11-19 09:00:00,0
2021-11-19 10:00:00,0
2021-11-19 11:00:00,0
2021-11-19 12:00:00,8.530000686645508
2021-11-19 13:00:00,103.37600708007813
2021-11-19 14:00:00,182.47201538085935
2021-11-19 15:00:00,246.36801147460935
2021-11-19 16:00:00,285.3489990234375
2021-11-19 17:00:00,283.5770263671875
2021-11-19 18:00:00,312.01800537109375
2021-11-19 19:00:00,252.25001525878903
2021-11-19 20:00:00,165.94601440429688
2021-11-19 21:00:00,28.14400100708008
2021-11-19 22:00:00,0
2021-11-19 23:00:00,0
2021-11-20 00:00:00,0
2021-11-20 01:00:00,0
2021-11-20 02:00:00,0
2021-11-20 03:00:00,0
2021-11-20 04:00:00,0
2021-11-20 05:00:00,0
2021-11-20 06:00:00,0
2021-11-20 07:00:00,0
2021-11-20 08:00:00,0
2021-11-20 09:00:00,0
2021-11-20 10:00:00,0
2021-11-20 11:00:00,0
2021-11-20 12:00:00,9.294000625610352
2021-11-20 13:00:00,145.95201110839844
2021-11-20 14:00:00,259.968017578125
2021-11-20 15:00:00,368.9920043945313
2021-11-20 16:00:00,427.9410095214844
2021-11-20 17:00:00,425.5010070800781
2021-11-20 18:00:00,390.1910095214844
2021-11-20 19:00:00,315.1510009765625
2021-11-20 20:00:00,206.70901489257813
2021-11-20 21:00:00,44.91200256347656
2021-11-20 22:00:00,0
2021-11-20 23:00:00,0
2021-11-21 00:00:00,0
2021-11-21 01:00:00,0
2021-11-21 02:00:00,0
2021-11-21 03:00:00,0
2021-11-21 04:00:00,0
2021-11-21 05:00:00,0
2021-11-21 06:00:00,0
2021-11-21 07:00:00,0
2021-11-21 08:00:00,0
2021-11-21 09:00:00,0
2021-11-21 10:00:00,0
2021-11-21 11:00:00,0
2021-11-21 12:00:00,2.5920000076293945
2021-11-21 13:00:00,58.560001373291016
2021-11-21 14:00:00,105.26400756835938
2021-11-21 15:00:00,260.2400207519531
2021-11-21 16:00:00,302.2300109863281
2021-11-21 17:00:00,300.666015625
2021-11-21 18:00:00,328.0050048828125
2021-11-21 19:00:00,264.7030029296875
2021-11-21 20:00:00,173.1230010986328
2021-11-21 21:00:00,29.440000534057617
2021-11-21 22:00:00,0
2021-11-21 23:00:00,0
2021-11-22 00:00:00,0
2021-11-22 01:00:00,0
2021-11-22 02:00:00,0
2021-11-22 03:00:00,0
2021-11-22 04:00:00,0
2021-11-22 05:00:00,0
2021-11-22 06:00:00,0
2021-11-22 07:00:00,0
2021-11-22 08:00:00,0
2021-11-22 09:00:00,0
2021-11-22 10:00:00,0
2021-11-22 11:00:00,0
2021-11-22 12:00:00,1.4100000858306885
2021-11-22 13:00:00,58.272003173828125
2021-11-22 14:00:00,105.74400329589844
2021-11-22 15:00:00,280.08001708984375
2021-11-22 16:00:00,325.7120056152344
2021-11-22 17:00:00,324.21600341796875
2021-11-22 18:00:00,257.3450012207031
2021-11-22 19:00:00,207.51800537109375
2021-11-22 20:00:00,135.34100341796875
2021-11-22 21:00:00,29.45600128173828
2021-11-22 22:00:00,0
2021-11-22 23:00:00,0
2021-11-23 00:00:00,0
2021-11-23 01:00:00,0
2021-11-23 02:00:00,0
2021-11-23 03:00:00,0
2021-11-23 04:00:00,0
2021-11-23 05:00:00,0
2021-11-23 06:00:00,0
2021-11-23 07:00:00,0
2021-11-23 08:00:00,0
2021-11-23 09:00:00,0
2021-11-23 10:00:00,0
2021-11-23 11:00:00,0
2021-11-23 12:00:00,0.5160000324249268
2021-11-23 13:00:00,145.5600128173828
2021-11-23 14:00:00,266.7200012207031
2021-11-23 15:00:00,307.72802734375
2021-11-23 16:00:00,358.3840026855469
2021-11-23 17:00:00,356.94500732421875
2021-11-23 18:00:00,310.447021484375
2021-11-23 19:00:00,250.13900756835935
2021-11-23 20:00:00,162.7100067138672
2021-11-23 21:00:00,30.64000129699707
2021-11-23 22:00:00,0
2021-11-23 23:00:00,0
2021-11-24 00:00:00,0
2021-11-24 01:00:00,0
2021-11-24 02:00:00,0
2021-11-24 03:00:00,0
2021-11-24 04:00:00,0
2021-11-24 05:00:00,0
2021-11-24 06:00:00,0
2021-11-24 07:00:00,0
2021-11-24 08:00:00,0
2021-11-24 09:00:00,0
2021-11-24 10:00:00,0
2021-11-24 11:00:00,0
2021-11-24 12:00:00,0
2021-11-24 13:00:00,144.17601013183594
2021-11-24 14:00:00,266.8160095214844
2021-11-24 15:00:00,380.6080322265625
2021-11-24 16:00:00,443.87200927734375
2021-11-24 17:00:00,442.3610229492187
2021-11-24 18:00:00,392.9430236816406
2021-11-24 19:00:00,316.39501953125
2021-11-24 20:00:00,205.27301025390625
2021-11-24 21:00:00,27.440000534057617
2021-11-24 22:00:00,0
2021-11-24 23:00:00,0
2021-11-25 00:00:00,0
2021-11-25 01:00:00,0
2021-11-25 02:00:00,0
2021-11-25 03:00:00,0
2021-11-25 04:00:00,0
2021-11-25 05:00:00,0
2021-11-25 06:00:00,0
2021-11-25 07:00:00,0
2021-11-25 08:00:00,0
2021-11-25 09:00:00,0
2021-11-25 10:00:00,0
2021-11-25 11:00:00,0
2021-11-25 12:00:00,0
2021-11-25 13:00:00,103.2560043334961
2021-11-25 14:00:00,193.0240020751953
2021-11-25 15:00:00,284.176025390625
2021-11-25 16:00:00,331.8880310058594
2021-11-25 17:00:00,330.98602294921875
2021-11-25 18:00:00,176.02500915527344
2021-11-25 19:00:00,141.6490020751953
2021-11-25 20:00:00,91.68400573730467
2021-11-25 21:00:00,18.976001739501953
2021-11-25 22:00:00,0
2021-11-25 23:00:00,0
2021-11-26 00:00:00,0
2021-11-26 01:00:00,0
2021-11-26 02:00:00,0
2021-11-26 03:00:00,0
2021-11-26 04:00:00,0
2021-11-26 05:00:00,0
2021-11-26 06:00:00,0
2021-11-26 07:00:00,0
2021-11-26 08:00:00,0
2021-11-26 09:00:00,0
2021-11-26 10:00:00,0
2021-11-26 11:00:00,0
2021-11-26 12:00:00,0
2021-11-26 13:00:00,28.82400131225586
2021-11-26 14:00:00,54.44000244140625
2021-11-26 15:00:00,72.22400665283203
2021-11-26 16:00:00,84.46400451660156
2021-11-26 17:00:00,84.3030014038086
2021-11-26 18:00:00,78.07300567626953
2021-11-26 19:00:00,62.77900314331055
2021-11-26 20:00:00,40.54300308227539
2021-11-26 21:00:00,8.976000785827637
2021-11-26 22:00:00,0
2021-11-26 23:00:00,0
2021-11-27 00:00:00,0
2021-11-27 01:00:00,0
2021-11-27 02:00:00,0
2021-11-27 03:00:00,0
2021-11-27 04:00:00,0
2021-11-27 05:00:00,0
2021-11-27 06:00:00,0
2021-11-27 07:00:00,0
2021-11-27 08:00:00,0
2021-11-27 09:00:00,0
2021-11-27 10:00:00,0
2021-11-27 11:00:00,0
2021-11-27 12:00:00,0
2021-11-27 13:00:00,127.6080093383789
2021-11-27 14:00:00,243.5600128173828
2021-11-27 15:00:00,364.416015625
2021-11-27 16:00:00,426.8480224609375
2021-11-27 17:00:00,426.25201416015625
2021-11-27 18:00:00,377.7000122070313
2021-11-27 19:00:00,303.5990295410156
2021-11-27 20:00:00,195.65301513671875
2021-11-27 21:00:00,26.816001892089844
2021-11-27 22:00:00,0
2021-11-27 23:00:00,0
2021-11-28 00:00:00,0
2021-11-28 01:00:00,0
2021-11-28 02:00:00,0
2021-11-28 03:00:00,0
2021-11-28 04:00:00,0
2021-11-28 05:00:00,0
2021-11-28 06:00:00,0
2021-11-28 07:00:00,0
2021-11-28 08:00:00,0
2021-11-28 09:00:00,0
2021-11-28 10:00:00,0
2021-11-28 11:00:00,0
2021-11-28 12:00:00,0
2021-11-28 13:00:00,68.76000213623047
2021-11-28 14:00:00,132.656005859375
2021-11-28 15:00:00,94.0320053100586
2021-11-28 16:00:00,110.30400848388672
2021-11-28 17:00:00,110.22200775146484
2021-11-28 18:00:00,132.82701110839844
2021-11-28 19:00:00,106.72400665283205
2021-11-28 20:00:00,68.63200378417969
2021-11-28 21:00:00,16.784000396728516
2021-11-28 22:00:00,0
2021-11-28 23:00:00,0
2021-11-29 00:00:00,0
2021-11-29 01:00:00,0
2021-11-29 02:00:00,0
2021-11-29 03:00:00,0
2021-11-29 04:00:00,0
2021-11-29 05:00:00,0
2021-11-29 06:00:00,0
2021-11-29 07:00:00,0
2021-11-29 08:00:00,0
2021-11-29 09:00:00,0
2021-11-29 10:00:00,0
2021-11-29 11:00:00,0
2021-11-29 12:00:00,0
2021-11-29 13:00:00,56.94000244140625
2021-11-29 14:00:00,111.04800415039064
2021-11-29 15:00:00,214.2400054931641
2021-11-29 16:00:00,251.6800079345703
2021-11-29 17:00:00,251.69601440429688
2021-11-29 18:00:00,324.32000732421875
2021-11-29 19:00:00,260.4850158691406
2021-11-29 20:00:00,167.24700927734375
2021-11-29 21:00:00,27.840002059936523
2021-11-29 22:00:00,0
2021-11-29 23:00:00,0
2021-11-30 00:00:00,0
2021-11-30 01:00:00,0
2021-11-30 02:00:00,0
2021-11-30 03:00:00,0
2021-11-30 04:00:00,0
2021-11-30 05:00:00,0
2021-11-30 06:00:00,0
2021-11-30 07:00:00,0
2021-11-30 08:00:00,0
2021-11-30 09:00:00,0
2021-11-30 10:00:00,0
2021-11-30 11:00:00,0
2021-11-30 12:00:00,0
2021-11-30 13:00:00,71.160003662109375
2021-11-30 14:00:00,140.32000732421875
2021-11-30 15:00:00,178.81600952148438
2021-11-30 16:00:00,210.38400268554688
2021-11-30 17:00:00,210.56500244140625
2021-11-30 18:00:00,264.9720153808594
2021-11-30 19:00:00,212.75401306152344
2021-11-30 20:00:00,136.3800048828125
2021-11-30 21:00:00,20.560001373291016
2021-11-30 22:00:00,0
2021-11-30 23:00:00,0
2021-12-01 00:00:00,0
2021-12-01 01:00:00,0
2021-12-01 02:00:00,0
2021-12-01 03:00:00,0
2021-12-01 04:00:00,0
2021-12-01 05:00:00,0
2021-12-01 06:00:00,0
2021-12-01 07:00:00,0
2021-12-01 08:00:00,0
2021-12-01 09:00:00,0
2021-12-01 10:00:00,0
2021-12-01 11:00:00,0
2021-12-01 12:00:00,0
2021-12-01 13:00:00,101.28400421142578
2021-12-01 14:00:00,201.9680023193359
2021-12-01 15:00:00,328.4320068359375
2021-12-01 16:00:00,379.3280029296875
2021-12-01 17:00:00,394.70703125
2021-12-01 18:00:00,359.92901611328125
2021-12-01 19:00:00,282.426025390625
2021-12-01 20:00:00,180.7790069580078
2021-12-01 21:00:00,33.37600326538086
2021-12-01 22:00:00,0
2021-12-01 23:00:00,0
2021-12-02 00:00:00,0
2021-12-02 01:00:00,0
2021-12-02 02:00:00,0
2021-12-02 03:00:00,0
2021-12-02 04:00:00,0
2021-12-02 05:00:00,0
2021-12-02 06:00:00,0
2021-12-02 07:00:00,0
2021-12-02 08:00:00,0
2021-12-02 09:00:00,0
2021-12-02 10:00:00,0
2021-12-02 11:00:00,0
2021-12-02 12:00:00,0
2021-12-02 13:00:00,52.87200164794922
2021-12-02 14:00:00,106.64000701904295
2021-12-02 15:00:00,289.552001953125
2021-12-02 16:00:00,334.9280090332031
2021-12-02 17:00:00,348.79400634765625
2021-12-02 18:00:00,230.6470184326172
2021-12-02 19:00:00,180.9560089111328
2021-12-02 20:00:00,115.6810073852539
2021-12-02 21:00:00,9.16800022125244
2021-12-02 22:00:00,0
2021-12-02 23:00:00,0
2021-12-03 00:00:00,0
2021-12-03 01:00:00,0
2021-12-03 02:00:00,0
2021-12-03 03:00:00,0
2021-12-03 04:00:00,0
2021-12-03 05:00:00,0
2021-12-03 06:00:00,0
2021-12-03 07:00:00,0
2021-12-03 08:00:00,0
2021-12-03 09:00:00,0
2021-12-03 10:00:00,0
2021-12-03 11:00:00,0
2021-12-03 12:00:00,0
2021-12-03 13:00:00,109.48800659179688
2021-12-03 14:00:00,223.3920135498047
2021-12-03 15:00:00,332.6080017089844
2021-12-03 16:00:00,385.31201171875
2021-12-03 17:00:00,401.5900268554687
2021-12-03 18:00:00,371.6370239257813
2021-12-03 19:00:00,291.5559997558594
2021-12-03 20:00:00,186.17800903320313
2021-12-03 21:00:00,28.000001907348633
2021-12-03 22:00:00,0
2021-12-03 23:00:00,0
2021-12-04 00:00:00,0
2021-12-04 01:00:00,0
2021-12-04 02:00:00,0
2021-12-04 03:00:00,0
2021-12-04 04:00:00,0
2021-12-04 05:00:00,0
2021-12-04 06:00:00,0
2021-12-04 07:00:00,0
2021-12-04 08:00:00,0
2021-12-04 09:00:00,0
2021-12-04 10:00:00,0
2021-12-04 11:00:00,0
2021-12-04 12:00:00,0
2021-12-04 13:00:00,60.00800323486328
2021-12-04 14:00:00,123.8560028076172
2021-12-04 15:00:00,202.25601196289065
2021-12-04 16:00:00,234.68800354003903
2021-12-04 17:00:00,244.7930145263672
2021-12-04 18:00:00,254.6110076904297
2021-12-04 19:00:00,199.739013671875
2021-12-04 20:00:00,127.43500518798828
2021-12-04 21:00:00,24.52800178527832
2021-12-04 22:00:00,0
2021-12-04 23:00:00,0
2021-12-05 00:00:00,0
2021-12-05 01:00:00,0
2021-12-05 02:00:00,0
2021-12-05 03:00:00,0
2021-12-05 04:00:00,0
2021-12-05 05:00:00,0
2021-12-05 06:00:00,0
2021-12-05 07:00:00,0
2021-12-05 08:00:00,0
2021-12-05 09:00:00,0
2021-12-05 10:00:00,0
2021-12-05 11:00:00,0
2021-12-05 12:00:00,0
2021-12-05 13:00:00,106.7040023803711
2021-12-05 14:00:00,222.85601806640625
2021-12-05 15:00:00,309.85601806640625
2021-12-05 16:00:00,360.06402587890625
2021-12-05 17:00:00,375.9000244140625
2021-12-05 18:00:00,348.3230285644531
2021-12-05 19:00:00,273.2660217285156
2021-12-05 20:00:00,174.22300720214844
2021-12-05 21:00:00,32.41600036621094
2021-12-05 22:00:00,0
2021-12-05 23:00:00,0
2021-12-06 00:00:00,0
2021-12-06 01:00:00,0
2021-12-06 02:00:00,0
2021-12-06 03:00:00,0
2021-12-06 04:00:00,0
2021-12-06 05:00:00,0
2021-12-06 06:00:00,0
2021-12-06 07:00:00,0
2021-12-06 08:00:00,0
2021-12-06 09:00:00,0
2021-12-06 10:00:00,0
2021-12-06 11:00:00,0
2021-12-06 12:00:00,0
2021-12-06 13:00:00,98.96800231933594
2021-12-06 14:00:00,209.15200805664065
2021-12-06 15:00:00,290.4320068359375
2021-12-06 16:00:00,338.0160217285156
2021-12-06 17:00:00,353.1830139160156
2021-12-06 18:00:00,261.197998046875
2021-12-06 19:00:00,204.9440155029297
2021-12-06 20:00:00,130.5989990234375
2021-12-06 21:00:00,12.688000679016112
2021-12-06 22:00:00,0
2021-12-06 23:00:00,0
2021-12-07 00:00:00,0
2021-12-07 01:00:00,0
2021-12-07 02:00:00,0
2021-12-07 03:00:00,0
2021-12-07 04:00:00,0
2021-12-07 05:00:00,0
2021-12-07 06:00:00,0
2021-12-07 07:00:00,0
2021-12-07 08:00:00,0
2021-12-07 09:00:00,0
2021-12-07 10:00:00,0
2021-12-07 11:00:00,0
2021-12-07 12:00:00,0
2021-12-07 13:00:00,78.8080062866211
2021-12-07 14:00:00,168.54400634765625
2021-12-07 15:00:00,234.00001525878903
2021-12-07 16:00:00,272.76800537109375
2021-12-07 17:00:00,285.2560119628906
2021-12-07 18:00:00,263.0710144042969
2021-12-07 19:00:00,206.45701599121097
2021-12-07 20:00:00,131.50900268554688
2021-12-07 21:00:00,23.952001571655273
2021-12-07 22:00:00,0
2021-12-07 23:00:00,0
2021-12-08 00:00:00,0
2021-12-08 01:00:00,0
2021-12-08 02:00:00,0
2021-12-08 03:00:00,0
2021-12-08 04:00:00,0
2021-12-08 05:00:00,0
2021-12-08 06:00:00,0
2021-12-08 07:00:00,0
2021-12-08 08:00:00,0
2021-12-08 09:00:00,0
2021-12-08 10:00:00,0
2021-12-08 11:00:00,0
2021-12-08 12:00:00,0
2021-12-08 13:00:00,86.89600372314453
2021-12-08 14:00:00,188.0720062255859
2021-12-08 15:00:00,184.6080017089844
2021-12-08 16:00:00,215.50401306152344
2021-12-08 17:00:00,225.5650177001953
2021-12-08 18:00:00,255.67800903320313
2021-12-08 19:00:00,200.7130126953125
2021-12-08 20:00:00,127.8290023803711
2021-12-08 21:00:00,25.82400131225586
2021-12-08 22:00:00,0
2021-12-08 23:00:00,0
2021-12-09 00:00:00,0
2021-12-09 01:00:00,0
2021-12-09 02:00:00,0
2021-12-09 03:00:00,0
2021-12-09 04:00:00,0
2021-12-09 05:00:00,0
2021-12-09 06:00:00,0
2021-12-09 07:00:00,0
2021-12-09 08:00:00,0
2021-12-09 09:00:00,0
2021-12-09 10:00:00,0
2021-12-09 11:00:00,0
2021-12-09 12:00:00,0
2021-12-09 13:00:00,86.08000183105469
2021-12-09 14:00:00,188.552001953125
2021-12-09 15:00:00,280.76800537109375
2021-12-09 16:00:00,328.28802490234375
2021-12-09 17:00:00,343.916015625
2021-12-09 18:00:00,288.18902587890625
2021-12-09 19:00:00,226.30801391601565
2021-12-09 20:00:00,144.1529998779297
2021-12-09 21:00:00,26.784000396728516
2021-12-09 22:00:00,0
2021-12-09 23:00:00,0
2021-12-10 00:00:00,0
2021-12-10 01:00:00,0
2021-12-10 02:00:00,0
2021-12-10 03:00:00,0
2021-12-10 04:00:00,0
2021-12-10 05:00:00,0
2021-12-10 06:00:00,0
2021-12-10 07:00:00,0
2021-12-10 08:00:00,0
2021-12-10 09:00:00,0
2021-12-10 10:00:00,0
2021-12-10 11:00:00,0
2021-12-10 12:00:00,0
2021-12-10 13:00:00,45.75200271606445
2021-12-10 14:00:00,101.4320068359375
2021-12-10 15:00:00,157.12001037597656
2021-12-10 16:00:00,184.00001525878903
2021-12-10 17:00:00,192.9350128173828
2021-12-10 18:00:00,241.1820068359375
2021-12-10 19:00:00,189.4820098876953
2021-12-10 20:00:00,120.71900939941406
2021-12-10 21:00:00,21.40800094604492
2021-12-10 22:00:00,0
2021-12-10 23:00:00,0
2021-12-11 00:00:00,0
2021-12-11 01:00:00,0
2021-12-11 02:00:00,0
2021-12-11 03:00:00,0
2021-12-11 04:00:00,0
2021-12-11 05:00:00,0
2021-12-11 06:00:00,0
2021-12-11 07:00:00,0
2021-12-11 08:00:00,0
2021-12-11 09:00:00,0
2021-12-11 10:00:00,0
2021-12-11 11:00:00,0
2021-12-11 12:00:00,0
2021-12-11 13:00:00,56.18400192260742
2021-12-11 14:00:00,126.04800415039064
2021-12-11 15:00:00,221.9040069580078
2021-12-11 16:00:00,260.2400207519531
2021-12-11 17:00:00,273.114013671875
2021-12-11 18:00:00,299.22900390625
2021-12-11 19:00:00,235.2010040283203
2021-12-11 20:00:00,149.91500854492188
2021-12-11 21:00:00,22.86400032043457
2021-12-11 22:00:00,0
2021-12-11 23:00:00,0
2021-12-12 00:00:00,0
2021-12-12 01:00:00,0
2021-12-12 02:00:00,0
2021-12-12 03:00:00,0
2021-12-12 04:00:00,0
2021-12-12 05:00:00,0
2021-12-12 06:00:00,0
2021-12-12 07:00:00,0
2021-12-12 08:00:00,0
2021-12-12 09:00:00,0
2021-12-12 10:00:00,0
2021-12-12 11:00:00,0
2021-12-12 12:00:00,0
2021-12-12 13:00:00,95.552001953125
2021-12-12 14:00:00,216.92800903320313
2021-12-12 15:00:00,351.40802001953125
2021-12-12 16:00:00,412.7360229492187
2021-12-12 17:00:00,433.5700073242187
2021-12-12 18:00:00,390.1650085449219
2021-12-12 19:00:00,306.8490295410156
2021-12-12 20:00:00,195.72401428222656
2021-12-12 21:00:00,24.86400032043457
2021-12-12 22:00:00,0
2021-12-12 23:00:00,0
2021-12-13 00:00:00,0
2021-12-13 01:00:00,0
2021-12-13 02:00:00,0
2021-12-13 03:00:00,0
2021-12-13 04:00:00,0
2021-12-13 05:00:00,0
2021-12-13 06:00:00,0
2021-12-13 07:00:00,0
2021-12-13 08:00:00,0
2021-12-13 09:00:00,0
2021-12-13 10:00:00,0
2021-12-13 11:00:00,0
2021-12-13 12:00:00,0
2021-12-13 13:00:00,42.928001403808594
2021-12-13 14:00:00,98.61600494384766
2021-12-13 15:00:00,260.1920166015625
2021-12-13 16:00:00,306.0480041503906
2021-12-13 17:00:00,321.78900146484375
2021-12-13 18:00:00,382.14501953125
2021-12-13 19:00:00,300.739013671875
2021-12-13 20:00:00,191.99301147460935
2021-12-13 21:00:00,23.968000411987305
2021-12-13 22:00:00,0
2021-12-13 23:00:00,0
2021-12-14 00:00:00,0
2021-12-14 01:00:00,0
2021-12-14 02:00:00,0
2021-12-14 03:00:00,0
2021-12-14 04:00:00,0
2021-12-14 05:00:00,0
2021-12-14 06:00:00,0
2021-12-14 07:00:00,0
2021-12-14 08:00:00,0
2021-12-14 09:00:00,0
2021-12-14 10:00:00,0
2021-12-14 11:00:00,0
2021-12-14 12:00:00,0
2021-12-14 13:00:00,95.86800384521484
2021-12-14 14:00:00,222.82400512695313
2021-12-14 15:00:00,350.3360290527344
2021-12-14 16:00:00,412.6720275878906
2021-12-14 17:00:00,434.3040161132813
2021-12-14 18:00:00,381.9540100097656
2021-12-14 19:00:00,300.8070068359375
2021-12-14 20:00:00,192.22900390625
2021-12-14 21:00:00,25.040000915527344
2021-12-14 22:00:00,0
2021-12-14 23:00:00,0
2021-12-15 00:00:00,0
2021-12-15 01:00:00,0
2021-12-15 02:00:00,0
2021-12-15 03:00:00,0
2021-12-15 04:00:00,0
2021-12-15 05:00:00,0
2021-12-15 06:00:00,0
2021-12-15 07:00:00,0
2021-12-15 08:00:00,0
2021-12-15 09:00:00,0
2021-12-15 10:00:00,0
2021-12-15 11:00:00,0
2021-12-15 12:00:00,0
2021-12-15 13:00:00,92.3280029296875
2021-12-15 14:00:00,217.0880126953125
2021-12-15 15:00:00,325.3760070800781
2021-12-15 16:00:00,383.8240051269531
2021-12-15 17:00:00,404.3230285644531
2021-12-15 18:00:00,291.4040222167969
2021-12-15 19:00:00,229.67401123046875
2021-12-15 20:00:00,146.9510040283203
2021-12-15 21:00:00,20.86400032043457
2021-12-15 22:00:00,0
2021-12-15 23:00:00,0
2021-12-16 00:00:00,0
2021-12-16 01:00:00,0
2021-12-16 02:00:00,0
2021-12-16 03:00:00,0
2021-12-16 04:00:00,0
2021-12-16 05:00:00,0
2021-12-16 06:00:00,0
2021-12-16 07:00:00,0
2021-12-16 08:00:00,0
2021-12-16 09:00:00,0
2021-12-16 10:00:00,0
2021-12-16 11:00:00,0
2021-12-16 12:00:00,0
2021-12-16 13:00:00,56.36000442504883
2021-12-16 14:00:00,134.0240020751953
2021-12-16 15:00:00,269.7440185546875
2021-12-16 16:00:00,318.6400146484375
2021-12-16 17:00:00,335.9690246582031
2021-12-16 18:00:00,362.1570129394531
2021-12-16 19:00:00,285.6780090332031
2021-12-16 20:00:00,183.04701232910156
2021-12-16 21:00:00,32.96000289916992
2021-12-16 22:00:00,0
2021-12-16 23:00:00,0
2021-12-17 00:00:00,0
2021-12-17 01:00:00,0
2021-12-17 02:00:00,0
2021-12-17 03:00:00,0
2021-12-17 04:00:00,0
2021-12-17 05:00:00,0
2021-12-17 06:00:00,0
2021-12-17 07:00:00,0
2021-12-17 08:00:00,0
2021-12-17 09:00:00,0
2021-12-17 10:00:00,0
2021-12-17 11:00:00,0
2021-12-17 12:00:00,0
2021-12-17 13:00:00,92.45600128173828
2021-12-17 14:00:00,222.31201171875
2021-12-17 15:00:00,351.9520263671875
2021-12-17 16:00:00,416.3520202636719
2021-12-17 17:00:00,439.4030151367187
2021-12-17 18:00:00,388.78802490234375
2021-12-17 19:00:00,306.97100830078125
2021-12-17 20:00:00,197.0150146484375
2021-12-17 21:00:00,29.360000610351563
2021-12-17 22:00:00,0
2021-12-17 23:00:00,0
2021-12-18 00:00:00,0
2021-12-18 01:00:00,0
2021-12-18 02:00:00,0
2021-12-18 03:00:00,0
2021-12-18 04:00:00,0
2021-12-18 05:00:00,0
2021-12-18 06:00:00,0
2021-12-18 07:00:00,0
2021-12-18 08:00:00,0
2021-12-18 09:00:00,0
2021-12-18 10:00:00,0
2021-12-18 11:00:00,0
2021-12-18 12:00:00,0
2021-12-18 13:00:00,31.16800117492676
2021-12-18 14:00:00,75.76000213623047
2021-12-18 15:00:00,101.45600128173828
2021-12-18 16:00:00,120.1760025024414
2021-12-18 17:00:00,126.94600677490234
2021-12-18 18:00:00,106.37600708007813
2021-12-18 19:00:00,84.061004638671875
2021-12-18 20:00:00,54.05600357055664
2021-12-18 21:00:00,11.984000205993652
2021-12-18 22:00:00,0
2021-12-18 23:00:00,0
2021-12-19 00:00:00,0
2021-12-19 01:00:00,0
2021-12-19 02:00:00,0
2021-12-19 03:00:00,0
2021-12-19 04:00:00,0
2021-12-19 05:00:00,0
2021-12-19 06:00:00,0
2021-12-19 07:00:00,0
2021-12-19 08:00:00,0
2021-12-19 09:00:00,0
2021-12-19 10:00:00,0
2021-12-19 11:00:00,0
2021-12-19 12:00:00,0
2021-12-19 13:00:00,61.480003356933594
2021-12-19 14:00:00,151.03201293945313
2021-12-19 15:00:00,304.2560119628906
2021-12-19 16:00:00,360.8800048828125
2021-12-19 17:00:00,381.5630187988281
2021-12-19 18:00:00,385.2020263671875
2021-12-19 19:00:00,304.7430114746094
2021-12-19 20:00:00,196.32701110839844
2021-12-19 21:00:00,28.09600067138672
2021-12-19 22:00:00,0
2021-12-19 23:00:00,0
2021-12-20 00:00:00,0
2021-12-20 01:00:00,0
2021-12-20 02:00:00,0
2021-12-20 03:00:00,0
2021-12-20 04:00:00,0
2021-12-20 05:00:00,0
2021-12-20 06:00:00,0
2021-12-20 07:00:00,0
2021-12-20 08:00:00,0
2021-12-20 09:00:00,0
2021-12-20 10:00:00,0
2021-12-20 11:00:00,0
2021-12-20 12:00:00,0
2021-12-20 13:00:00,86.56000518798828
2021-12-20 14:00:00,214.8000030517578
2021-12-20 15:00:00,284.4640197753906
2021-12-20 16:00:00,337.8240051269531
2021-12-20 17:00:00,357.5160217285156
2021-12-20 18:00:00,321.0370178222656
2021-12-20 19:00:00,254.2670135498047
2021-12-20 20:00:00,164.1630096435547
2021-12-20 21:00:00,28.59200096130371
2021-12-20 22:00:00,0
2021-12-20 23:00:00,0
2021-12-21 00:00:00,0
2021-12-21 01:00:00,0
2021-12-21 02:00:00,0
2021-12-21 03:00:00,0
2021-12-21 04:00:00,0
2021-12-21 05:00:00,0
2021-12-21 06:00:00,0
2021-12-21 07:00:00,0
2021-12-21 08:00:00,0
2021-12-21 09:00:00,0
2021-12-21 10:00:00,0
2021-12-21 11:00:00,0
2021-12-21 12:00:00,0
2021-12-21 13:00:00,87.1240005493164
2021-12-21 14:00:00,218.31201171875
2021-12-21 15:00:00,335.2080078125
2021-12-21 16:00:00,398.5920104980469
2021-12-21 17:00:00,422.218017578125
2021-12-21 18:00:00,390.6050109863281
2021-12-21 19:00:00,309.7380065917969
2021-12-21 20:00:00,200.4340057373047
2021-12-21 21:00:00,47.00800323486328
2021-12-21 22:00:00,0
2021-12-21 23:00:00,0
2021-12-22 00:00:00,0
2021-12-22 01:00:00,0
2021-12-22 02:00:00,0
2021-12-22 03:00:00,0
2021-12-22 04:00:00,0
2021-12-22 05:00:00,0
2021-12-22 06:00:00,0
2021-12-22 07:00:00,0
2021-12-22 08:00:00,0
2021-12-22 09:00:00,0
2021-12-22 10:00:00,0
2021-12-22 11:00:00,0
2021-12-22 12:00:00,0
2021-12-22 13:00:00,35.79199981689453
2021-12-22 14:00:00,90.52000427246094
2021-12-22 15:00:00,279.61602783203125
2021-12-22 16:00:00,332.8800048828125
2021-12-22 17:00:00,352.9250183105469
2021-12-22 18:00:00,369.8940124511719
2021-12-22 19:00:00,293.66400146484375
2021-12-22 20:00:00,190.50401306152344
2021-12-22 21:00:00,29.920001983642575
2021-12-22 22:00:00,0
2021-12-22 23:00:00,0
2021-12-23 00:00:00,0
2021-12-23 01:00:00,0
2021-12-23 02:00:00,0
2021-12-23 03:00:00,0
2021-12-23 04:00:00,0
2021-12-23 05:00:00,0
2021-12-23 06:00:00,0
2021-12-23 07:00:00,0
2021-12-23 08:00:00,0
2021-12-23 09:00:00,0
2021-12-23 10:00:00,0
2021-12-23 11:00:00,0
2021-12-23 12:00:00,0
2021-12-23 13:00:00,83.35600280761719
2021-12-23 14:00:00,212.70401000976565
2021-12-23 15:00:00,345.16802978515625
2021-12-23 16:00:00,411.4080200195313
2021-12-23 17:00:00,436.5760192871094
2021-12-23 18:00:00,382.8810119628906
2021-12-23 19:00:00,304.37200927734375
2021-12-23 20:00:00,197.9680023193359
2021-12-23 21:00:00,33.47200012207031
2021-12-23 22:00:00,0
2021-12-23 23:00:00,0
2021-12-24 00:00:00,0
2021-12-24 01:00:00,0
2021-12-24 02:00:00,0
2021-12-24 03:00:00,0
2021-12-24 04:00:00,0
2021-12-24 05:00:00,0
2021-12-24 06:00:00,0
2021-12-24 07:00:00,0
2021-12-24 08:00:00,0
2021-12-24 09:00:00,0
2021-12-24 10:00:00,0
2021-12-24 11:00:00,0
2021-12-24 12:00:00,0
2021-12-24 13:00:00,25.2760009765625
2021-12-24 14:00:00,65.0320053100586
2021-12-24 15:00:00,145.4720001220703
2021-12-24 16:00:00,173.58401489257813
2021-12-24 17:00:00,184.38101196289065
2021-12-24 18:00:00,279.63201904296875
2021-12-24 19:00:00,222.5900115966797
2021-12-24 20:00:00,145.17401123046875
2021-12-24 21:00:00,40.160003662109375
2021-12-24 22:00:00,0
2021-12-24 23:00:00,0
2021-12-25 00:00:00,0
2021-12-25 01:00:00,0
2021-12-25 02:00:00,0
2021-12-25 03:00:00,0
2021-12-25 04:00:00,0
2021-12-25 05:00:00,0
2021-12-25 06:00:00,0
2021-12-25 07:00:00,0
2021-12-25 08:00:00,0
2021-12-25 09:00:00,0
2021-12-25 10:00:00,0
2021-12-25 11:00:00,0
2021-12-25 12:00:00,0
2021-12-25 13:00:00,24.40800094604492
2021-12-25 14:00:00,63.28800201416016
2021-12-25 15:00:00,98.33600616455078
2021-12-25 16:00:00,117.47200775146484
2021-12-25 17:00:00,124.8810043334961
2021-12-25 18:00:00,115.25800323486328
2021-12-25 19:00:00,91.86500549316406
2021-12-25 20:00:00,60.09000396728515
2021-12-25 21:00:00,13.93600082397461
2021-12-25 22:00:00,0
2021-12-25 23:00:00,0
2021-12-26 00:00:00,0
2021-12-26 01:00:00,0
2021-12-26 02:00:00,0
2021-12-26 03:00:00,0
2021-12-26 04:00:00,0
2021-12-26 05:00:00,0
2021-12-26 06:00:00,0
2021-12-26 07:00:00,0
2021-12-26 08:00:00,0
2021-12-26 09:00:00,0
2021-12-26 10:00:00,0
2021-12-26 11:00:00,0
2021-12-26 12:00:00,0
2021-12-26 13:00:00,75.7280044555664
2021-12-26 14:00:00,197.77601623535156
2021-12-26 15:00:00,291.84002685546875
2021-12-26 16:00:00,348.97601318359375
2021-12-26 17:00:00,371.2900085449219
2021-12-26 18:00:00,302.75201416015625
2021-12-26 19:00:00,241.65701293945313
2021-12-26 20:00:00,158.55601501464844
2021-12-26 21:00:00,27.200000762939453
2021-12-26 22:00:00,0
2021-12-26 23:00:00,0
2021-12-27 00:00:00,0
2021-12-27 01:00:00,0
2021-12-27 02:00:00,0
2021-12-27 03:00:00,0
2021-12-27 04:00:00,0
2021-12-27 05:00:00,0
2021-12-27 06:00:00,0
2021-12-27 07:00:00,0
2021-12-27 08:00:00,0
2021-12-27 09:00:00,0
2021-12-27 10:00:00,0
2021-12-27 11:00:00,0
2021-12-27 12:00:00,0
2021-12-27 13:00:00,74.85200500488281
2021-12-27 14:00:00,196.760009765625
2021-12-27 15:00:00,274.6080017089844
2021-12-27 16:00:00,328.6720275878906
2021-12-27 17:00:00,349.99700927734375
2021-12-27 18:00:00,131.2880096435547
2021-12-27 19:00:00,104.94200134277344
2021-12-27 20:00:00,69.06800079345703
2021-12-27 21:00:00,17.056001663208008
2021-12-27 22:00:00,0
2021-12-27 23:00:00,0
2021-12-28 00:00:00,0
2021-12-28 01:00:00,0
2021-12-28 02:00:00,0
2021-12-28 03:00:00,0
2021-12-28 04:00:00,0
2021-12-28 05:00:00,0
2021-12-28 06:00:00,0
2021-12-28 07:00:00,0
2021-12-28 08:00:00,0
2021-12-28 09:00:00,0
2021-12-28 10:00:00,0
2021-12-28 11:00:00,0
2021-12-28 12:00:00,0
2021-12-28 13:00:00,77.44000244140625
2021-12-28 14:00:00,204.75201416015625
2021-12-28 15:00:00,327.6000061035156
2021-12-28 16:00:00,392.4640197753906
2021-12-28 17:00:00,418.27203369140625
2021-12-28 18:00:00,372.3450317382813
2021-12-28 19:00:00,298.1070251464844
2021-12-28 20:00:00,196.85000610351565
2021-12-28 21:00:00,45.90400314331055
2021-12-28 22:00:00,0
2021-12-28 23:00:00,0
2021-12-29 00:00:00,0
2021-12-29 01:00:00,0
2021-12-29 02:00:00,0
2021-12-29 03:00:00,0
2021-12-29 04:00:00,0
2021-12-29 05:00:00,0
2021-12-29 06:00:00,0
2021-12-29 07:00:00,0
2021-12-29 08:00:00,0
2021-12-29 09:00:00,0
2021-12-29 10:00:00,0
2021-12-29 11:00:00,0
2021-12-29 12:00:00,0
2021-12-29 13:00:00,34.73200225830078
2021-12-29 14:00:00,92.3040008544922
2021-12-29 15:00:00,200.2080078125
2021-12-29 16:00:00,240.04800415039065
2021-12-29 17:00:00,256.0340270996094
2021-12-29 18:00:00,288.0140075683594
2021-12-29 19:00:00,230.9420166015625
2021-12-29 20:00:00,153.01600646972656
2021-12-29 21:00:00,43.05600357055664
2021-12-29 22:00:00,0
2021-12-29 23:00:00,0
2021-12-30 00:00:00,0
2021-12-30 01:00:00,0
2021-12-30 02:00:00,0
2021-12-30 03:00:00,0
2021-12-30 04:00:00,0
2021-12-30 05:00:00,0
2021-12-30 06:00:00,0
2021-12-30 07:00:00,0
2021-12-30 08:00:00,0
2021-12-30 09:00:00,0
2021-12-30 10:00:00,0
2021-12-30 11:00:00,0
2021-12-30 12:00:00,0
2021-12-30 13:00:00,24.852001190185547
2021-12-30 14:00:00,66.33600616455078
2021-12-30 15:00:00,88.08000183105469
2021-12-30 16:00:00,105.69600677490234
2021-12-30 17:00:00,112.83000183105467
2021-12-30 18:00:00,110.76300811767578
2021-12-30 19:00:00,88.9590072631836
2021-12-30 20:00:00,59.13900375366211
2021-12-30 21:00:00,19.7760009765625
2021-12-30 22:00:00,0
2021-12-30 23:00:00,0
2021-12-31 00:00:00,0
2021-12-31 01:00:00,0
2021-12-31 02:00:00,0
2021-12-31 03:00:00,0
2021-12-31 04:00:00,0
2021-12-31 05:00:00,0
2021-12-31 06:00:00,0
2021-12-31 07:00:00,0
2021-12-31 08:00:00,0
2021-12-31 09:00:00,0
2021-12-31 10:00:00,0
2021-12-31 11:00:00,0
2021-12-31 12:00:00,0
2021-12-31 13:00:00,62.644004821777344
2021-12-31 14:00:00,167.83200073242188
2021-12-31 15:00:00,251.4560089111328
2021-12-31 16:00:00,301.968017578125
2021-12-31 17:00:00,322.5970153808594
2021-12-31 18:00:00,329.72900390625
2021-12-31 19:00:00,265.24200439453125
2021-12-31 20:00:00,176.97300720214844
2021-12-31 21:00:00,39.90400314331055
2021-12-31 22:00:00,0
2021-12-31 23:00:00,0
